esp32_t_ms,protocol_elapsed_s,step_index,label,instruction,step_elapsed_s,Thumb_raw_ADC,Index_raw_ADC,Middle_raw_ADC,Ring_raw_ADC,Pinky_raw_ADC,ReverseHorizontal_raw_ADC,ReverseThumb_raw_ADC,Thumb_R_ohm,Index_R_ohm,Middle_R_ohm,Ring_R_ohm,Pinky_R_ohm,ReverseHorizontal_R_ohm,ReverseThumb_R_ohm,Thumb_dR_over_R0,Index_dR_over_R0,Middle_dR_over_R0,Ring_dR_over_R0,Pinky_dR_over_R0,ReverseHorizontal_dR_over_R0,ReverseThumb_dR_over_R0
3939250,0.0507,0,Open_1_Baseline,OPEN HAND - keep relaxed and still,0.0507,2894,2772,2720,3010,2834,2877,2811,8192.839301,7123.809524,6725.818182,9432.258065,7641.237113,8031.034483,7443.457944,0.004128,0.035577,0.032654,0.095126,0.004590,0.036621,0.012529
3939300,0.1137,0,Open_1_Baseline,OPEN HAND - keep relaxed and still,0.1137,2900,2770,2713,3009,2837,2864,2801,8251.046025,7107.924528,6674.529667,9420.441989,7667.567568,7910.316816,7359.659969,0.011262,0.033268,0.024779,0.093754,0.008052,0.021039,0.001130
3939350,0.1559,0,Open_1_Baseline,OPEN HAND - keep relaxed and still,0.1559,2901,2767,2702,3002,2829,2875,2813,8260.804020,7084.186747,6594.974874,9338.334858,7597.630332,8012.295082,7460.374415,0.012458,0.029817,0.012565,0.084221,-0.001143,0.034202,0.014830
3939400,0.4095,0,Open_1_Baseline,OPEN HAND - keep relaxed and still,0.4095,2890,2778,2713,3008,2832,2868,2812,8154.356846,7171.753986,6674.529667,9408.647654,7623.752969,7947.188264,7451.909587,-0.000588,0.042547,0.024779,0.092385,0.002291,0.025799,0.013679
3939450,0.4096,0,Open_1_Baseline,OPEN HAND - keep relaxed and still,0.4096,2904,2776,2710,3008,2832,2857,2800,8290.176322,7155.724033,6652.707581,9408.647654,7623.752969,7846.365105,7351.351351,0.016058,0.040217,0.021429,0.092385,0.002291,0.012785,0.000000
3939500,0.4096,0,Open_1_Baseline,OPEN HAND - keep relaxed and still,0.4096,2901,2765,2703,2999,2831,2865,2813,8260.804020,7068.421053,6602.155172,9303.467153,7615.031646,7919.512195,7460.374415,0.012458,0.027526,0.013667,0.080173,0.001145,0.022226,0.014830
3939550,0.4096,0,Open_1_Baseline,OPEN HAND - keep relaxed and still,0.4096,2895,2769,2713,3010,2836,2863,2811,8202.500000,7100.000000,6674.529667,9432.258065,7658.776807,7901.136364,7443.457944,0.005312,0.032116,0.024779,0.095126,0.006896,0.019854,0.012529
3939600,0.4096,0,Open_1_Baseline,OPEN HAND - keep relaxed and still,0.4096,2903,2762,2711,3007,2833,2853,2800,8280.369128,7044.861215,6659.971098,9396.875000,7632.488114,7810.144928,7351.351351,0.014856,0.024101,0.022544,0.091018,0.003440,0.008110,0.000000
3939650,0.4723,0,Open_1_Baseline,OPEN HAND - keep relaxed and still,0.4723,2898,2755,2701,2994,2835,2864,2809,8231.578947,6990.298507,6587.804878,9245.776567,7650.000000,7910.316816,7426.594090,0.008876,0.016169,0.011464,0.073475,0.005742,0.021039,0.010235
3939700,0.5136,0,Open_1_Baseline,OPEN HAND - keep relaxed and still,0.5136,2890,2752,2706,3006,2831,2862,2809,8154.356846,6967.088608,6623.758099,9385.123967,7615.031646,7891.970803,7426.594090,-0.000588,0.012795,0.016984,0.089654,0.001145,0.018671,0.010235
3939750,0.5759,0,Open_1_Baseline,OPEN HAND - keep relaxed and still,0.5759,2897,2757,2704,3003,2831,2849,2799,8221.869783,7005.829596,6609.345794,9350.000000,7615.031646,7774.157303,7343.055556,0.007686,0.018427,0.014771,0.085576,0.001145,0.003464,-0.001128
3939800,0.5760,0,Open_1_Baseline,OPEN HAND - keep relaxed and still,0.5760,2900,2749,2697,2996,2834,2862,2807,8251.046025,6943.982169,6559.227468,9268.789809,7641.237113,7891.970803,7409.782609,0.011262,0.009436,0.007076,0.076147,0.004590,0.018671,0.007948
3939850,0.6588,0,Open_1_Baseline,OPEN HAND - keep relaxed and still,0.6588,2897,2758,2707,3003,2832,2855,2804,8221.869783,7013.612565,6630.979827,9350.000000,7623.752969,7828.225806,7384.663052,0.007686,0.019558,0.018093,0.085576,0.002291,0.010443,0.004531
3939900,0.8011,0,Open_1_Baseline,OPEN HAND - keep relaxed and still,0.8011,2906,2756,2707,3008,2829,2852,2799,8309.840202,6998.058252,6630.979827,9408.647654,7597.630332,7801.126307,7343.055556,0.018468,0.017297,0.018093,0.092385,-0.001143,0.006945,-0.001128
3939950,0.8011,0,Open_1_Baseline,OPEN HAND - keep relaxed and still,0.8011,2899,2749,2700,3001,2831,2863,2807,8241.304348,6943.982169,6580.645161,9326.691042,7615.031646,7901.136364,7409.782609,0.010068,0.009436,0.010365,0.082869,0.001145,0.019854,0.007948
3940000,0.8011,0,Open_1_Baseline,OPEN HAND - keep relaxed and still,0.8011,2890,2756,2706,3010,2832,2864,2809,8154.356846,6998.058252,6623.758099,9432.258065,7623.752969,7910.316816,7426.594090,-0.000588,0.017297,0.016984,0.095126,0.002291,0.021039,0.010235
3940050,0.8433,0,Open_1_Baseline,OPEN HAND - keep relaxed and still,0.8433,2897,2754,2704,3010,2831,2849,2799,8221.869783,6982.550336,6609.345794,9432.258065,7615.031646,7774.157303,7343.055556,0.007686,0.015043,0.014771,0.095126,0.001145,0.003464,-0.001128
3940100,0.9065,0,Open_1_Baseline,OPEN HAND - keep relaxed and still,0.9065,2895,2747,2698,3003,2833,2858,2809,8202.500000,6928.635015,6566.356478,9350.000000,7632.488114,7855.456750,7426.594090,0.005312,0.007205,0.008171,0.085576,0.003440,0.013958,0.010235
3940150,0.9476,0,Open_1_Baseline,OPEN HAND - keep relaxed and still,0.9476,2890,2758,2712,3009,2833,2854,2806,8154.356846,7013.612565,6667.245119,9420.441989,7632.488114,7819.178082,7401.396431,-0.000588,0.019558,0.023661,0.093754,0.003440,0.009275,0.006808
3940200,1.0104,0,Open_1_Baseline,OPEN HAND - keep relaxed and still,1.0104,2896,2755,2708,3001,2833,2840,2800,8212.176814,6990.298507,6638.211968,9326.691042,7632.488114,7694.023904,7351.351351,0.006498,0.016169,0.019203,0.082869,0.003440,-0.006879,0.000000
3940250,1.0726,0,Open_1_Baseline,OPEN HAND - keep relaxed and still,1.0726,2895,2748,2699,2991,2832,2852,2808,8202.500000,6936.302895,6573.495702,9211.413043,7623.752969,7801.126307,7418.181818,0.005312,0.008320,0.009267,0.069485,0.002291,0.006945,0.009091
3940300,1.0939,0,Open_1_Baseline,OPEN HAND - keep relaxed and still,1.0939,2888,2757,2706,2997,2836,2853,2809,8135.211268,7005.829596,6623.758099,9280.327869,7658.776807,7810.144928,7426.594090,-0.002935,0.018427,0.016984,0.077486,0.006896,0.008110,0.010235
3940350,1.1566,0,Open_1_Baseline,OPEN HAND - keep relaxed and still,1.1566,2896,2756,2708,2996,2835,2847,2800,8212.176814,6998.058252,6638.211968,9268.789809,7650.000000,7756.250000,7351.351351,0.006498,0.017297,0.019203,0.076147,0.005742,0.001153,0.000000
3940400,1.3321,0,Open_1_Baseline,OPEN HAND - keep relaxed and still,1.3321,2896,2742,2698,2991,2841,2852,2810,8212.176814,6890.465632,6566.356478,9211.413043,7702.870813,7801.126307,7435.019455,0.006498,0.001656,0.008171,0.069485,0.012693,0.006945,0.011381
3940450,1.3321,0,Open_1_Baseline,OPEN HAND - keep relaxed and still,1.3321,2889,2758,2704,2995,2838,2850,2808,8144.776119,7013.612565,6609.345794,9257.272727,7676.372315,7783.132530,7418.181818,-0.001762,0.019558,0.014771,0.074810,0.009209,0.004623,0.009091
3940500,1.3321,0,Open_1_Baseline,OPEN HAND - keep relaxed and still,1.3321,2899,2756,2706,2990,2838,2843,2798,8241.304348,6998.058252,6623.758099,9200.000000,7676.372315,7720.607029,7334.772552,0.010068,0.017297,0.016984,0.068160,0.009209,-0.003448,-0.002255
3940550,1.3738,0,Open_1_Baseline,OPEN HAND - keep relaxed and still,1.3738,2901,2748,2696,2978,2838,2854,2803,8260.804020,6936.302895,6552.108649,9064.637422,7676.372315,7819.178082,7376.315789,0.012458,0.008320,0.005983,0.052444,0.009209,0.009275,0.003396
3940600,1.3948,0,Open_1_Baseline,OPEN HAND - keep relaxed and still,1.3948,2892,2756,2705,2981,2835,2848,2802,8173.566085,6998.058252,6616.546763,9098.204668,7650.000000,7765.196472,7367.981439,0.001766,0.017297,0.015877,0.056341,0.005742,0.002308,0.002262
3940650,1.4581,0,Open_1_Baseline,OPEN HAND - keep relaxed and still,1.4581,2898,2757,2702,2983,2834,2836,2797,8231.578947,7005.829596,6594.974874,9120.683453,7641.237113,7658.776807,7326.502311,0.008876,0.018427,0.012565,0.058951,0.004590,-0.011429,-0.003380
3940700,1.5204,0,Open_1_Baseline,OPEN HAND - keep relaxed and still,1.5204,2896,2747,2691,2975,2837,2848,2803,8212.176814,6928.635015,6516.666667,9031.250000,7667.567568,7765.196472,7376.315789,0.006498,0.007205,0.000542,0.048567,0.008052,0.002308,0.003396
3940750,1.5416,0,Open_1_Baseline,OPEN HAND - keep relaxed and still,1.5416,2883,2755,2705,2983,2838,2847,2803,8087.623762,6990.298507,6616.546763,9120.683453,7676.372315,7756.250000,7376.315789,-0.008767,0.016169,0.015877,0.058951,0.009209,0.001153,0.003396
3940800,1.6047,0,Open_1_Baseline,OPEN HAND - keep relaxed and still,1.6047,2895,2755,2705,2977,2833,2834,2798,8202.500000,6990.298507,6616.546763,9053.488372,7632.488114,7641.237113,7334.772552,0.005312,0.016169,0.015877,0.051149,0.003440,-0.013693,-0.002255
3940850,1.6676,0,Open_1_Baseline,OPEN HAND - keep relaxed and still,1.6676,2894,2745,2697,2967,2832,2849,2807,8192.839301,6913.333333,6559.227468,8943.085106,7623.752969,7774.157303,7409.782609,0.004128,0.004981,0.007076,0.038331,0.002291,0.003464,0.007948
3940900,1.8471,0,Open_1_Baseline,OPEN HAND - keep relaxed and still,1.8471,2890,2754,2707,2974,2835,2849,2807,8154.356846,6982.550336,6630.979827,9020.160571,7650.000000,7774.157303,7409.782609,-0.000588,0.015043,0.018093,0.047280,0.005742,0.003464,0.007948
3940950,1.8472,0,Open_1_Baseline,OPEN HAND - keep relaxed and still,1.8472,2898,2754,2707,2976,2829,2838,2798,8231.578947,6982.550336,6630.979827,9042.359249,7597.630332,7676.372315,7334.772552,0.008876,0.015043,0.018093,0.049857,-0.001143,-0.009157,-0.002255
3941000,1.8472,0,Open_1_Baseline,OPEN HAND - keep relaxed and still,1.8472,2899,2749,2694,2962,2832,2850,2804,8241.304348,6943.982169,6537.901499,8888.614298,7623.752969,7783.132530,7384.663052,0.010068,0.009436,0.003802,0.032007,0.002291,0.004623,0.004531
3941050,1.8680,0,Open_1_Baseline,OPEN HAND - keep relaxed and still,1.8680,2893,2750,2704,2970,2837,2848,2804,8183.194676,6951.672862,6609.345794,8976.000000,7667.567568,7765.196472,7384.663052,0.002946,0.010554,0.014771,0.042153,0.008052,0.002308,0.004531
3941100,1.9101,0,Open_1_Baseline,OPEN HAND - keep relaxed and still,1.9101,2898,2751,2704,2973,2828,2839,2798,8231.578947,6959.375000,6609.345794,9009.090909,7588.950276,7685.191083,7334.772552,0.008876,0.011674,0.014771,0.045995,-0.002284,-0.008019,-0.002255
3941150,1.9519,0,Open_1_Baseline,OPEN HAND - keep relaxed and still,1.9519,2896,2741,2692,2958,2835,2853,2806,8212.176814,6882.865583,6523.734854,8845.382586,7650.000000,7810.144928,7401.396431,0.006498,0.000552,0.001627,0.026987,0.005742,0.008110,0.006808
3941200,2.0145,0,Open_1_Baseline,OPEN HAND - keep relaxed and still,2.0145,2887,2754,2702,2963,2832,2852,2806,8125.662252,6982.550336,6594.974874,8899.469965,7623.752969,7801.126307,7401.396431,-0.004105,0.015043,0.012565,0.033267,0.002291,0.006945,0.006808
3941250,2.0566,0,Open_1_Baseline,OPEN HAND - keep relaxed and still,2.0566,2896,2754,2701,2964,2827,2837,2798,8212.176814,6982.550336,6587.804878,8910.344828,7580.283912,7667.567568,7334.772552,0.006498,0.015043,0.011464,0.034530,-0.003423,-0.010294,-0.002255
3941300,2.1185,0,Open_1_Baseline,OPEN HAND - keep relaxed and still,2.1185,2898,2748,2692,2961,2829,2849,2806,8231.578947,6936.302895,6523.734854,8877.777778,7597.630332,7774.157303,7401.396431,0.008876,0.008320,0.001627,0.030749,-0.001143,0.003464,0.006808
3941350,2.1604,0,Open_1_Baseline,OPEN HAND - keep relaxed and still,2.1604,2891,2761,2702,2976,2832,2848,2802,8163.953488,7037.031484,6594.974874,9042.359249,7623.752969,7765.196472,7367.981439,0.000588,0.022962,0.012565,0.049857,0.002291,0.002308,0.002262
3941400,2.3566,0,Open_1_Baseline,OPEN HAND - keep relaxed and still,2.3566,2898,2760,2697,2974,2825,2836,2797,8231.578947,7029.213483,6559.227468,9020.160571,7562.992126,7658.776807,7326.502311,0.008876,0.021826,0.007076,0.047280,-0.005697,-0.011429,-0.003380
3941450,2.3566,0,Open_1_Baseline,OPEN HAND - keep relaxed and still,2.3566,2897,2751,2687,2972,2831,2849,2802,8221.869783,6959.375000,6488.494318,8998.040962,7615.031646,7774.157303,7367.981439,0.007686,0.011674,-0.003784,0.044712,0.001145,0.003464,0.002262
3941500,2.3567,0,Open_1_Baseline,OPEN HAND - keep relaxed and still,2.3567,2889,2770,2703,2982,2835,2848,2800,8144.776119,7107.924528,6602.155172,9109.433962,7650.000000,7765.196472,7351.351351,-0.001762,0.033268,0.013667,0.057645,0.005742,0.002308,0.000000
3941550,2.3567,0,Open_1_Baseline,OPEN HAND - keep relaxed and still,2.3567,2894,2773,2704,2980,2832,2840,2794,8192.839301,7131.770045,6609.345794,9086.995516,7623.752969,7694.023904,7301.767871,0.004128,0.036734,0.014771,0.055040,0.002291,-0.006879,-0.006745
3941600,2.4397,0,Open_1_Baseline,OPEN HAND - keep relaxed and still,2.4397,2895,2765,2707,2973,2841,2853,2801,8202.500000,7068.421053,6630.979827,9009.090909,7702.870813,7810.144928,7359.659969,0.005312,0.027526,0.018093,0.045995,0.012693,0.008110,0.001130
3941650,2.4812,0,Open_1_Baseline,OPEN HAND - keep relaxed and still,2.4812,2890,2775,2717,2979,2839,2849,2801,8154.356846,7147.727273,6703.773585,9075.806452,7685.191083,7774.157303,7359.659969,-0.000588,0.039054,0.029269,0.053741,0.010369,0.003464,0.001130
3941700,2.5023,0,Open_1_Baseline,OPEN HAND - keep relaxed and still,2.5023,2900,2783,2713,2982,2834,2841,2795,8251.046025,7212.042683,6674.529667,9109.433962,7641.237113,7702.870813,7310.000000,0.011262,0.048404,0.024779,0.057645,0.004590,-0.005737,-0.005625
3941750,2.5643,0,Open_1_Baseline,OPEN HAND - keep relaxed and still,2.5643,2902,2779,2702,2973,2835,2852,2803,8270.578374,7179.787234,6594.974874,9009.090909,7650.000000,7801.126307,7376.315789,0.013656,0.043715,0.012565,0.045995,0.005742,0.006945,0.003396
3941800,2.6053,0,Open_1_Baseline,OPEN HAND - keep relaxed and still,2.6053,2897,2787,2715,2986,2837,2853,2801,8221.869783,7244.495413,6689.130435,9154.553652,7667.567568,7810.144928,7359.659969,0.007686,0.053121,0.027021,0.062883,0.008052,0.008110,0.001130
3941850,2.6685,0,Open_1_Baseline,OPEN HAND - keep relaxed and still,2.6685,2904,2784,2708,2976,2828,2843,2794,8290.176322,7220.137300,6638.211968,9042.359249,7588.950276,7720.607029,7301.767871,0.016058,0.049580,0.019203,0.049857,-0.002284,-0.003448,-0.006745
3941900,2.7098,0,Open_1_Baseline,OPEN HAND - keep relaxed and still,2.7098,2901,2767,2704,2966,2838,2850,2800,8260.804020,7084.186747,6609.345794,8932.152347,7676.372315,7783.132530,7351.351351,0.012458,0.029817,0.014771,0.037062,0.009209,0.004623,0.000000
3941950,2.8666,0,Open_1_Baseline,OPEN HAND - keep relaxed and still,2.8666,2892,2780,2716,2976,2842,2849,2800,8173.566085,7187.832700,6696.446701,9042.359249,7711.731844,7774.157303,7351.351351,0.001766,0.044884,0.028145,0.049857,0.013858,0.003464,0.000000
3942000,2.8667,0,Open_1_Baseline,OPEN HAND - keep relaxed and still,2.8667,2902,2776,2711,2973,2834,2837,2793,8270.578374,7155.724033,6659.971098,9009.090909,7641.237113,7667.567568,7293.548387,0.013656,0.040217,0.022544,0.045995,0.004590,-0.010294,-0.007863
3942050,2.8667,0,Open_1_Baseline,OPEN HAND - keep relaxed and still,2.8667,2897,2766,2702,2964,2841,2850,2801,8221.869783,7076.297968,6594.974874,8910.344828,7702.870813,7783.132530,7359.659969,0.007686,0.028671,0.012565,0.034530,0.012693,0.004623,0.001130
3942100,2.8872,0,Open_1_Baseline,OPEN HAND - keep relaxed and still,2.8872,2893,2776,2709,2970,2838,2849,2800,8183.194676,7155.724033,6645.454545,8976.000000,7676.372315,7774.157303,7351.351351,0.002946,0.040217,0.020315,0.042153,0.009209,0.003464,0.000000
3942150,2.9703,0,Open_1_Baseline,OPEN HAND - keep relaxed and still,2.9703,2896,2773,2708,2972,2828,2835,2790,8212.176814,7131.770045,6638.211968,8998.040962,7588.950276,7650.000000,7268.965517,0.006498,0.036734,0.019203,0.044712,-0.002284,-0.012561,-0.011207
3942200,3.0321,0,Open_1_Baseline,OPEN HAND - keep relaxed and still,3.0321,2895,2762,2697,2967,2832,2848,2801,8202.500000,7044.861215,6559.227468,8943.085106,7623.752969,7765.196472,7359.659969,0.005312,0.024101,0.007076,0.038331,0.002291,0.002308,0.001130
3942250,3.0527,0,Open_1_Baseline,OPEN HAND - keep relaxed and still,3.0527,2890,2767,2709,2974,2836,2847,2800,8154.356846,7084.186747,6645.454545,9020.160571,7658.776807,7756.250000,7351.351351,-0.000588,0.029817,0.020315,0.047280,0.006896,0.001153,0.000000
3942300,3.0952,0,Open_1_Baseline,OPEN HAND - keep relaxed and still,3.0952,2895,2769,2707,2969,2832,2833,2792,8202.500000,7100.000000,6630.979827,8965.008881,7623.752969,7632.488114,7285.341520,0.005312,0.032116,0.018093,0.040876,0.002291,-0.014822,-0.008979
3942350,3.1582,0,Open_1_Baseline,OPEN HAND - keep relaxed and still,3.1582,2896,2762,2697,2962,2838,2845,2800,8212.176814,7044.861215,6559.227468,8888.614298,7676.372315,7738.400000,7351.351351,0.006498,0.024101,0.007076,0.032007,0.009209,-0.001151,0.000000
3942400,3.2005,0,Open_1_Baseline,OPEN HAND - keep relaxed and still,3.2005,2888,2770,2706,2971,2842,2842,2799,8135.211268,7107.924528,6623.758099,8987.010676,7711.731844,7711.731844,7343.055556,-0.002935,0.033268,0.016984,0.043431,0.013858,-0.004593,-0.001128
3942450,3.3798,0,Open_1_Baseline,OPEN HAND - keep relaxed and still,3.3798,2898,2767,2706,2969,2837,2833,2791,8231.578947,7084.186747,6623.758099,8965.008881,7667.567568,7632.488114,7277.147239,0.008876,0.029817,0.016984,0.040876,0.008052,-0.014822,-0.010094
3942500,3.3798,0,Open_1_Baseline,OPEN HAND - keep relaxed and still,3.3798,2896,2759,2695,2962,2842,2845,2800,8212.176814,7021.407186,6545.000000,8888.614298,7711.731844,7738.400000,7351.351351,0.006498,0.020691,0.004892,0.032007,0.013858,-0.001151,0.000000
3942550,3.3798,0,Open_1_Baseline,OPEN HAND - keep relaxed and still,3.3798,2891,2767,2705,2974,2841,2844,2798,8163.953488,7084.186747,6616.546763,9020.160571,7702.870813,7729.496403,7334.772552,0.000588,0.029817,0.015877,0.047280,0.012693,-0.002300,-0.002255
3942600,3.4008,0,Open_1_Baseline,OPEN HAND - keep relaxed and still,3.4008,2904,2764,2704,2974,2833,2837,2789,8290.176322,7060.555973,6609.345794,9020.160571,7632.488114,7667.567568,7260.796325,0.016058,0.026382,0.014771,0.047280,0.003440,-0.010294,-0.012318
3942650,3.4634,0,Open_1_Baseline,OPEN HAND - keep relaxed and still,3.4634,2901,2754,2698,2964,2834,2850,2800,8260.804020,6982.550336,6566.356478,8910.344828,7641.237113,7783.132530,7351.351351,0.012458,0.015043,0.008171,0.034530,0.004590,0.004623,0.000000
3942700,3.4836,0,Open_1_Baseline,OPEN HAND - keep relaxed and still,3.4836,2898,2766,2705,2975,2840,2849,2800,8231.578947,7076.297968,6616.546763,9031.250000,7694.023904,7774.157303,7351.351351,0.008876,0.028671,0.015877,0.048567,0.011530,0.003464,0.000000
3942750,3.5672,0,Open_1_Baseline,OPEN HAND - keep relaxed and still,3.5672,2902,2767,2702,2971,2836,2838,2791,8270.578374,7084.186747,6594.974874,8987.010676,7658.776807,7676.372315,7277.147239,0.013656,0.029817,0.012565,0.043431,0.006896,-0.009157,-0.010094
3942800,3.6096,0,Open_1_Baseline,OPEN HAND - keep relaxed and still,3.6096,2906,2754,2686,2965,2839,2848,2800,8309.840202,6982.550336,6481.476224,8921.238938,7685.191083,7765.196472,7351.351351,0.018468,0.015043,-0.004861,0.035795,0.010369,0.002308,0.000000
3942850,3.6515,0,Open_1_Baseline,OPEN HAND - keep relaxed and still,3.6515,2897,2768,2703,2976,2841,2840,2800,8221.869783,7092.087415,6602.155172,9042.359249,7702.870813,7694.023904,7351.351351,0.007686,0.030966,0.013667,0.049857,0.012693,-0.006879,0.000000
3942900,3.7358,0,Open_1_Baseline,OPEN HAND - keep relaxed and still,3.7358,2908,2768,2702,2973,2836,2834,2792,8329.570345,7092.087415,6594.974874,9009.090909,7658.776807,7641.237113,7285.341520,0.020886,0.030966,0.012565,0.045995,0.006896,-0.013693,-0.008979
3942950,3.8995,0,Open_1_Baseline,OPEN HAND - keep relaxed and still,3.8995,2905,2756,2695,2964,2845,2848,2801,8300.000000,6998.058252,6545.000000,8910.344828,7738.400000,7765.196472,7359.659969,0.017262,0.017297,0.004892,0.034530,0.017364,0.002308,0.001130
3943000,3.8995,0,Open_1_Baseline,OPEN HAND - keep relaxed and still,3.8995,2897,2768,2702,2970,2844,2848,2800,8221.869783,7092.087415,6594.974874,8976.000000,7729.496403,7765.196472,7351.351351,0.007686,0.030966,0.012565,0.042153,0.016193,0.002308,0.000000
3943050,3.8995,0,Open_1_Baseline,OPEN HAND - keep relaxed and still,3.8995,2906,2765,2702,2976,2839,2847,2793,8309.840202,7068.421053,6594.974874,9042.359249,7685.191083,7756.250000,7293.548387,0.018468,0.027526,0.012565,0.049857,0.010369,0.001153,-0.007863
3943100,3.9201,0,Open_1_Baseline,OPEN HAND - keep relaxed and still,3.9201,2904,2752,2694,2975,2838,2853,2803,8290.176322,6967.088608,6537.901499,9031.250000,7676.372315,7810.144928,7376.315789,0.016058,0.012795,0.003802,0.048567,0.009209,0.008110,0.003396
3943150,3.9409,0,Open_1_Baseline,OPEN HAND - keep relaxed and still,3.9409,2897,2768,2708,2988,2844,2853,2804,8221.869783,7092.087415,6638.211968,9177.235772,7729.496403,7810.144928,7384.663052,0.007686,0.030966,0.019203,0.065517,0.016193,0.008110,0.004531
3943200,4.0035,0,Open_1_Baseline,OPEN HAND - keep relaxed and still,4.0035,2897,2759,2704,2991,2834,2847,2799,8221.869783,7021.407186,6609.345794,9211.413043,7641.237113,7756.250000,7343.055556,0.007686,0.020691,0.014771,0.069485,0.004590,0.001153,-0.001128
3943250,4.0453,0,Open_1_Baseline,OPEN HAND - keep relaxed and still,4.0453,2901,2741,2697,2975,2842,2859,2807,8260.804020,6882.865583,6559.227468,9031.250000,7711.731844,7864.563107,7409.782609,0.012458,0.000552,0.007076,0.048567,0.013858,0.015134,0.007948
3943300,4.1084,0,Open_1_Baseline,OPEN HAND - keep relaxed and still,4.1084,2896,2760,2705,2981,2843,2857,2804,8212.176814,7029.213483,6616.546763,9098.204668,7720.607029,7846.365105,7384.663052,0.006498,0.021826,0.015877,0.056341,0.015025,0.012785,0.004531
3943350,4.1502,0,Open_1_Baseline,OPEN HAND - keep relaxed and still,4.1502,2906,2759,2704,2980,2839,2849,2796,8309.840202,7021.407186,6609.345794,9086.995516,7685.191083,7774.157303,7318.244804,0.018468,0.020691,0.014771,0.055040,0.010369,0.003464,-0.004503
3943400,4.2123,0,Open_1_Baseline,OPEN HAND - keep relaxed and still,4.2123,2904,2749,2687,2973,2841,2861,2802,8290.176322,6943.982169,6488.494318,9009.090909,7702.870813,7882.820097,7367.981439,0.016058,0.009436,-0.003784,0.045995,0.012693,0.017490,0.002262
3943450,4.4014,0,Open_1_Baseline,OPEN HAND - keep relaxed and still,4.4014,2898,2762,2699,2980,2841,2859,2802,8231.578947,7044.861215,6573.495702,9086.995516,7702.870813,7864.563107,7367.981439,0.008876,0.024101,0.009267,0.055040,0.012693,0.015134,0.002262
3943500,4.4015,0,Open_1_Baseline,OPEN HAND - keep relaxed and still,4.4015,2904,2761,2695,2971,2831,2845,2793,8290.176322,7037.031484,6545.000000,8987.010676,7615.031646,7738.400000,7293.548387,0.016058,0.022962,0.004892,0.043431,0.001145,-0.001151,-0.007863
3943550,4.4015,0,Open_1_Baseline,OPEN HAND - keep relaxed and still,4.4015,2907,2755,2685,2965,2839,2853,2804,8319.696970,6990.298507,6474.468085,8921.238938,7685.191083,7810.144928,7384.663052,0.019676,0.016169,-0.005937,0.035795,0.010369,0.008110,0.004531
3943600,4.4015,0,Open_1_Baseline,OPEN HAND - keep relaxed and still,4.4015,2905,2775,2698,2974,2842,2861,2804,8300.000000,7147.727273,6566.356478,9020.160571,7711.731844,7882.820097,7384.663052,0.017262,0.039054,0.008171,0.047280,0.013858,0.017490,0.004531
3943650,4.4632,0,Open_1_Baseline,OPEN HAND - keep relaxed and still,4.4632,2917,2783,2698,2974,2833,2852,2800,8419.185059,7212.042683,6566.356478,9020.160571,7632.488114,7801.126307,7351.351351,0.031870,0.048404,0.008171,0.047280,0.003440,0.006945,0.000000
3943700,4.5044,0,Open_1_Baseline,OPEN HAND - keep relaxed and still,4.5044,2913,2771,2691,2969,2834,2862,2807,8379.187817,7115.861027,6516.666667,8965.008881,7641.237113,7891.970803,7409.782609,0.026968,0.034422,0.000542,0.040876,0.004590,0.018671,0.007948
3943750,4.5674,0,Open_1_Baseline,OPEN HAND - keep relaxed and still,4.5674,2904,2776,2704,2973,2838,2861,2802,8290.176322,7155.724033,6609.345794,9009.090909,7676.372315,7882.820097,7367.981439,0.016058,0.040217,0.014771,0.045995,0.009209,0.017490,0.002262
3943800,4.6088,0,Open_1_Baseline,OPEN HAND - keep relaxed and still,4.6088,2915,2773,2703,2971,2833,2848,2798,8399.152542,7131.770045,6602.155172,8987.010676,7632.488114,7765.196472,7334.772552,0.029414,0.036734,0.013667,0.043431,0.003440,0.002308,-0.002255
3943850,4.6510,0,Open_1_Baseline,OPEN HAND - keep relaxed and still,4.6510,2912,2767,2691,2962,2833,2874,2806,8369.230769,7084.186747,6516.666667,8888.614298,7632.488114,8002.948403,7401.396431,0.025747,0.029817,0.000542,0.032007,0.003440,0.032996,0.006808
3943900,4.7139,0,Open_1_Baseline,OPEN HAND - keep relaxed and still,4.7139,2906,2777,2704,2970,2837,2856,2804,8309.840202,7163.732929,6609.345794,8976.000000,7667.567568,7837.288136,7384.663052,0.018468,0.041381,0.014771,0.042153,0.008052,0.011613,0.004531
3943950,4.7349,0,Open_1_Baseline,OPEN HAND - keep relaxed and still,4.7349,2915,2778,2705,2966,2830,2847,2798,8399.152542,7171.753986,6616.546763,8932.152347,7606.324111,7756.250000,7334.772552,0.029414,0.042547,0.015877,0.037062,0.000000,0.001153,-0.002255
3944000,4.9036,0,Open_1_Baseline,OPEN HAND - keep relaxed and still,4.9036,2918,2768,2692,2962,2831,2876,2807,8429.226848,7092.087415,6523.734854,8888.614298,7615.031646,8021.657096,7409.782609,0.033100,0.030966,0.001627,0.032007,0.001145,0.035411,0.007948
3944050,4.9037,0,Open_1_Baseline,OPEN HAND - keep relaxed and still,4.9037,2909,2778,2703,2967,2833,2879,2808,8339.460371,7171.753986,6602.155172,8943.085106,7632.488114,8049.835526,7418.181818,0.022099,0.042547,0.013667,0.038331,0.003440,0.039048,0.009091
3944100,4.9037,0,Open_1_Baseline,OPEN HAND - keep relaxed and still,4.9037,2913,2772,2704,2965,2830,2855,2798,8379.187817,7123.809524,6609.345794,8921.238938,7606.324111,7828.225806,7334.772552,0.026968,0.035577,0.014771,0.035795,0.000000,0.010443,-0.002255
3944150,4.9863,0,Open_1_Baseline,OPEN HAND - keep relaxed and still,4.9863,2908,2754,2701,2963,2829,2864,2802,8329.570345,6982.550336,6587.804878,8899.469965,7597.630332,7910.316816,7367.981439,0.020886,0.015043,0.011464,0.033267,-0.001143,0.021039,0.002262
3944200,5.0074,0,Open_1_Baseline,OPEN HAND - keep relaxed and still,5.0074,2900,2756,2705,2981,2832,2865,2800,8251.046025,6998.058252,6616.546763,9098.204668,7623.752969,7919.512195,7351.351351,0.011262,0.017297,0.015877,0.056341,0.002291,0.022226,0.000000
3944250,5.0480,0,Open_1_Baseline,OPEN HAND - keep relaxed and still,5.0480,2910,2762,2705,2980,2828,2840,2791,8349.367089,7044.861215,6616.546763,9086.995516,7588.950276,7694.023904,7277.147239,0.023313,0.024101,0.015877,0.055040,-0.002284,-0.006879,-0.010094
3944300,5.1104,0,Open_1_Baseline,OPEN HAND - keep relaxed and still,5.1104,2909,2753,2696,2969,2827,2855,2800,8339.460371,6974.813711,6552.108649,8965.008881,7580.283912,7828.225806,7351.351351,0.022099,0.013918,0.005983,0.040876,-0.003423,0.010443,0.000000
3944350,5.1529,0,Open_1_Baseline,OPEN HAND - keep relaxed and still,5.1529,2900,2767,2708,2976,2831,2856,2799,8251.046025,7084.186747,6638.211968,9042.359249,7615.031646,7837.288136,7343.055556,0.011262,0.029817,0.019203,0.049857,0.001145,0.011613,-0.001128
3944400,5.2153,0,Open_1_Baseline,OPEN HAND - keep relaxed and still,5.2153,2908,2763,2699,2973,2826,2843,2788,8329.570345,7052.702703,6573.495702,9009.090909,7571.631206,7720.607029,7252.639633,0.020886,0.025241,0.009267,0.045995,-0.004561,-0.003448,-0.013428
3944450,5.2571,0,Open_1_Baseline,OPEN HAND - keep relaxed and still,5.2571,2907,2753,2700,2961,2831,2853,2800,8319.696970,6974.813711,6580.645161,8877.777778,7615.031646,7810.144928,7351.351351,0.019676,0.013918,0.010365,0.030749,0.001145,0.008110,0.000000
3944500,5.4097,0,Open_1_Baseline,OPEN HAND - keep relaxed and still,5.4097,2902,2768,2706,2966,2831,2854,2799,8270.578374,7092.087415,6623.758099,8932.152347,7615.031646,7819.178082,7343.055556,0.013656,0.030966,0.016984,0.037062,0.001145,0.009275,-0.001128
3944550,5.4097,0,Open_1_Baseline,OPEN HAND - keep relaxed and still,5.4097,2912,2768,2703,2965,2829,2863,2793,8369.230769,7092.087415,6602.155172,8921.238938,7597.630332,7901.136364,7293.548387,0.025747,0.030966,0.013667,0.035795,-0.001143,0.019854,-0.007863
3944600,5.4097,0,Open_1_Baseline,OPEN HAND - keep relaxed and still,5.4097,2910,2758,2692,2959,2831,2862,2800,8349.367089,7013.612565,6523.734854,8856.161972,7615.031646,7891.970803,7351.351351,0.023313,0.019558,0.001627,0.028239,0.001145,0.018671,0.000000
3944650,5.4511,0,Open_1_Baseline,OPEN HAND - keep relaxed and still,5.4511,2901,2764,2703,2964,2832,2863,2798,8260.804020,7060.555973,6602.155172,8910.344828,7623.752969,7901.136364,7334.772552,0.012458,0.026382,0.013667,0.034530,0.002291,0.019854,-0.002255
3944700,5.5143,0,Open_1_Baseline,OPEN HAND - keep relaxed and still,5.5143,2914,2761,2703,2960,2829,2853,2787,8389.161727,7037.031484,6602.155172,8866.960352,7597.630332,7810.144928,7244.495413,0.028190,0.022962,0.013667,0.029493,-0.001143,0.008110,-0.014536
3944750,5.5354,0,Open_1_Baseline,OPEN HAND - keep relaxed and still,5.5354,2912,2754,2693,2958,2830,2862,2799,8369.230769,6982.550336,6530.813124,8845.382586,7606.324111,7891.970803,7343.055556,0.025747,0.015043,0.002714,0.026987,0.000000,0.018671,-0.001128
3944800,5.5982,0,Open_1_Baseline,OPEN HAND - keep relaxed and still,5.5982,2900,2755,2703,2960,2832,2858,2799,8251.046025,6990.298507,6602.155172,8866.960352,7623.752969,7855.456750,7343.055556,0.011262,0.016169,0.013667,0.029493,0.002291,0.013958,-0.001128
3944850,5.6616,0,Open_1_Baseline,OPEN HAND - keep relaxed and still,5.6616,2912,2757,2702,2962,2830,2853,2789,8369.230769,7005.829596,6594.974874,8888.614298,7606.324111,7810.144928,7260.796325,0.025747,0.018427,0.012565,0.032007,0.000000,0.008110,-0.012318
3944900,5.7039,0,Open_1_Baseline,OPEN HAND - keep relaxed and still,5.7039,2908,2750,2690,2950,2833,2865,2799,8329.570345,6951.672862,6509.608541,8759.825328,7632.488114,7919.512195,7343.055556,0.020886,0.010554,-0.000542,0.017054,0.003440,0.022226,-0.001128
3944950,5.7666,0,Open_1_Baseline,OPEN HAND - keep relaxed and still,5.7666,2899,2753,2701,2964,2835,2862,2798,8241.304348,6974.813711,6587.804878,8910.344828,7650.000000,7891.970803,7334.772552,0.010068,0.013918,0.011464,0.034530,0.005742,0.018671,-0.002255
3945000,5.8951,0,Open_1_Baseline,OPEN HAND - keep relaxed and still,5.8951,2908,2753,2701,2963,2832,2851,2790,8329.570345,6974.813711,6587.804878,8899.469965,7623.752969,7792.122186,7268.965517,0.020886,0.013918,0.011464,0.033267,0.002291,0.005783,-0.011207
3945050,5.8951,0,Open_1_Baseline,OPEN HAND - keep relaxed and still,5.8951,2911,2745,2691,2954,2830,2865,2800,8359.290541,6913.333333,6516.666667,8802.453988,7606.324111,7919.512195,7351.351351,0.024529,0.004981,0.000542,0.022003,0.000000,0.022226,0.000000
3945100,5.9162,0,Open_1_Baseline,OPEN HAND - keep relaxed and still,5.9162,2900,2751,2703,2965,2834,2864,2799,8251.046025,6959.375000,6602.155172,8921.238938,7641.237113,7910.316816,7343.055556,0.011262,0.011674,0.013667,0.035795,0.004590,0.021039,-0.001128
3945150,5.9583,0,Open_1_Baseline,OPEN HAND - keep relaxed and still,5.9583,2906,2750,2701,2962,2825,2857,2790,8309.840202,6951.672862,6587.804878,8888.614298,7562.992126,7846.365105,7268.965517,0.018468,0.010554,0.011464,0.032007,-0.005697,0.012785,-0.011207
3945200,6.0203,0,Open_1_Baseline,OPEN HAND - keep relaxed and still,6.0203,2904,2740,2690,2956,2827,2864,2800,8290.176322,6875.276753,6509.608541,8823.880597,7580.283912,7910.316816,7351.351351,0.016058,-0.000552,-0.000542,0.024491,-0.003423,0.021039,0.000000
3945250,6.0411,0,Open_1_Baseline,OPEN HAND - keep relaxed and still,6.0411,2896,2751,2702,2962,2833,2861,2799,8212.176814,6959.375000,6594.974874,8888.614298,7632.488114,7882.820097,7343.055556,0.006498,0.011674,0.012565,0.032007,0.003440,0.017490,-0.001128
3945300,6.1255,0,Open_1_Baseline,OPEN HAND - keep relaxed and still,6.1255,2901,2750,2699,2960,2829,2850,2792,8260.804020,6951.672862,6573.495702,8866.960352,7597.630332,7783.132530,7285.341520,0.012458,0.010554,0.009267,0.029493,-0.001143,0.004623,-0.008979
3945350,6.1881,0,Open_1_Baseline,OPEN HAND - keep relaxed and still,6.1881,2902,2738,2686,2953,2827,2859,2801,8270.578374,6860.132646,6481.476224,8791.768827,7580.283912,7864.563107,7359.659969,0.013656,-0.002753,-0.004861,0.020763,-0.003423,0.015134,0.001130
3945400,6.2517,0,Open_1_Baseline,OPEN HAND - keep relaxed and still,6.2517,2892,2752,2699,2961,2834,2860,2801,8173.566085,6967.088608,6573.495702,8877.777778,7641.237113,7873.684211,7359.659969,0.001766,0.012795,0.009267,0.030749,0.004590,0.016311,0.001130
3945450,6.4191,0,Open_1_Baseline,OPEN HAND - keep relaxed and still,6.4191,2897,2753,2700,2960,2832,2850,2794,8221.869783,6974.813711,6580.645161,8866.960352,7623.752969,7783.132530,7301.767871,0.007686,0.013918,0.010365,0.029493,0.002291,0.004623,-0.006745
3945500,6.4191,0,Open_1_Baseline,OPEN HAND - keep relaxed and still,6.4191,2896,2744,2684,2949,2830,2863,2800,8212.176814,6905.699482,6467.469880,8749.214660,7606.324111,7901.136364,7351.351351,0.006498,0.003871,-0.007012,0.015822,0.000000,0.019854,0.000000
3945550,6.4191,0,Open_1_Baseline,OPEN HAND - keep relaxed and still,6.4191,2888,2749,2693,2958,2832,2861,2800,8135.211268,6943.982169,6530.813124,8845.382586,7623.752969,7882.820097,7351.351351,-0.002935,0.009436,0.002714,0.026987,0.002291,0.017490,0.000000
3945600,6.4191,0,Open_1_Baseline,OPEN HAND - keep relaxed and still,6.4191,2896,2750,2694,2956,2828,2854,2794,8212.176814,6951.672862,6537.901499,8823.880597,7588.950276,7819.178082,7301.767871,0.006498,0.010554,0.003802,0.024491,-0.002284,0.009275,-0.006745
3945650,6.4603,0,Open_1_Baseline,OPEN HAND - keep relaxed and still,6.4603,2895,2736,2683,2947,2827,2863,2801,8202.500000,6845.033113,6460.481586,8728.048780,7580.283912,7901.136364,7359.659969,0.005312,-0.004948,-0.008085,0.013364,-0.003423,0.019854,0.001130
3945700,6.5025,0,Open_1_Baseline,OPEN HAND - keep relaxed and still,6.5025,2882,2748,2696,2956,2832,2863,2800,8078.153339,6936.302895,6552.108649,8823.880597,7623.752969,7901.136364,7351.351351,-0.009928,0.008320,0.005983,0.024491,0.002291,0.019854,0.000000
3945750,6.5645,0,Open_1_Baseline,OPEN HAND - keep relaxed and still,6.5645,2894,2746,2693,2950,2827,2849,2792,8192.839301,6920.978503,6530.813124,8759.825328,7580.283912,7774.157303,7285.341520,0.004128,0.006092,0.002714,0.017054,-0.003423,0.003464,-0.008979
3945800,6.6052,0,Open_1_Baseline,OPEN HAND - keep relaxed and still,6.6052,2893,2737,2685,2945,2825,2863,2800,8183.194676,6852.577320,6474.468085,8706.956522,7562.992126,7901.136364,7351.351351,0.002946,-0.003851,-0.005937,0.010915,-0.005697,0.019854,0.000000
3945850,6.6674,0,Open_1_Baseline,OPEN HAND - keep relaxed and still,6.6674,2885,2745,2693,2950,2831,2862,2799,8106.611570,6913.333333,6530.813124,8759.825328,7615.031646,7891.970803,7343.055556,-0.006440,0.004981,0.002714,0.017054,0.001145,0.018671,-0.001128
3945900,6.7091,0,Open_1_Baseline,OPEN HAND - keep relaxed and still,6.7091,2894,2746,2689,2955,2828,2853,2788,8192.839301,6920.978503,6502.560455,8813.157895,7588.950276,7810.144928,7252.639633,0.004128,0.006092,-0.001624,0.023246,-0.002284,0.008110,-0.013428
3945950,6.7515,0,Open_1_Baseline,OPEN HAND - keep relaxed and still,6.7515,2891,2739,2679,2944,2829,2863,2799,8163.953488,6867.699115,6432.627119,8696.437880,7597.630332,7901.136364,7343.055556,0.000588,-0.001653,-0.012361,0.009694,-0.001143,0.019854,-0.001128
3946000,6.9548,0,Open_1_Baseline,OPEN HAND - keep relaxed and still,6.9548,2883,2745,2688,2948,2832,2854,2798,8087.623762,6913.333333,6495.522388,8738.622493,7623.752969,7819.178082,7334.772552,-0.008767,0.004981,-0.002705,0.014592,0.002291,0.009275,-0.002255
3946050,6.9549,0,Open_1_Baseline,OPEN HAND - keep relaxed and still,6.9549,2894,2745,2686,2951,2826,2843,2787,8192.839301,6913.333333,6481.476224,8770.454545,7571.631206,7720.607029,7244.495413,0.004128,0.004981,-0.004861,0.018288,-0.004561,-0.003448,-0.014536
3946100,6.9549,0,Open_1_Baseline,OPEN HAND - keep relaxed and still,6.9549,2892,2734,2686,2937,2831,2850,2800,8173.566085,6829.977957,6481.476224,8623.316062,7615.031646,7783.132530,7351.351351,0.001766,-0.007137,-0.004861,0.001204,0.001145,0.004623,0.000000
3946150,6.9549,0,Open_1_Baseline,OPEN HAND - keep relaxed and still,6.9549,2882,2744,2696,2943,2834,2848,2799,8078.153339,6905.699482,6552.108649,8685.937500,7641.237113,7765.196472,7343.055556,-0.009928,0.003871,0.005983,0.008475,0.004590,0.002308,-0.001128
3946200,7.0237,0,Open_1_Baseline,OPEN HAND - keep relaxed and still,7.0237,2893,2742,2693,2938,2830,2835,2792,8183.194676,6890.465632,6530.813124,8633.707865,7606.324111,7650.000000,7285.341520,0.002946,0.001656,0.002714,0.002411,0.000000,-0.012561,-0.008979
3946250,7.0656,0,Open_1_Baseline,OPEN HAND - keep relaxed and still,7.0656,2891,2733,2684,2928,2821,2846,2800,8163.953488,6822.466960,6467.469880,8530.591260,7528.571429,7747.317854,7351.351351,0.000588,-0.008228,-0.007012,-0.009561,-0.010222,0.000000,0.000000
3946300,7.1069,0,Open_1_Baseline,OPEN HAND - keep relaxed and still,7.1069,2882,2746,2692,2943,2832,2843,2800,8078.153339,6920.978503,6523.734854,8685.937500,7623.752969,7720.607029,7351.351351,-0.009928,0.006092,0.001627,0.008475,0.002291,-0.003448,0.000000
3946350,7.1697,0,Open_1_Baseline,OPEN HAND - keep relaxed and still,7.1697,2892,2743,2690,2939,2829,2832,2794,8173.566085,6898.076923,6509.608541,8644.117647,7597.630332,7623.752969,7301.767871,0.001766,0.002763,-0.000542,0.003620,-0.001143,-0.015949,-0.006745
3946400,7.1899,0,Open_1_Baseline,OPEN HAND - keep relaxed and still,7.1899,2891,2736,2681,2932,2826,2846,2801,8163.953488,6845.033113,6446.534653,8571.625107,7571.631206,7747.317854,7359.659969,0.000588,-0.004948,-0.010226,-0.004797,-0.004561,0.000000,0.001130
3946450,7.2517,0,Open_1_Baseline,OPEN HAND - keep relaxed and still,7.2517,2880,2741,2689,2937,2832,2846,2801,8059.259259,6882.865583,6502.560455,8623.316062,7623.752969,7747.317854,7359.659969,-0.012243,0.000552,-0.001624,0.001204,0.002291,0.000000,0.001130
3946500,7.4408,0,Open_1_Baseline,OPEN HAND - keep relaxed and still,7.4408,2891,2742,2688,2935,2830,2833,2794,8163.953488,6890.465632,6495.522388,8602.586207,7606.324111,7632.488114,7301.767871,0.000588,0.001656,-0.002705,-0.001202,0.000000,-0.014822,-0.006745
3946550,7.4409,0,Open_1_Baseline,OPEN HAND - keep relaxed and still,7.4409,2891,2738,2677,2924,2821,2845,2801,8163.953488,6860.132646,6418.758815,8489.837746,7528.571429,7738.400000,7359.659969,0.000588,-0.002753,-0.014491,-0.014293,-0.010222,-0.001151,0.001130
3946600,7.4409,0,Open_1_Baseline,OPEN HAND - keep relaxed and still,7.4409,2884,2742,2689,2931,2832,2847,2800,8097.109827,6890.465632,6502.560455,8561.340206,7623.752969,7756.250000,7351.351351,-0.007604,0.001656,-0.001624,-0.005991,0.002291,0.001153,0.000000
3946650,7.4409,0,Open_1_Baseline,OPEN HAND - keep relaxed and still,7.4409,2895,2743,2687,2929,2832,2833,2793,8202.500000,6898.076923,6488.494318,8540.823328,7623.752969,7632.488114,7293.548387,0.005312,0.002763,-0.003784,-0.008373,0.002291,-0.014822,-0.007863
3946700,7.5248,0,Open_1_Baseline,OPEN HAND - keep relaxed and still,7.5248,2895,2738,2676,2921,2830,2844,2800,8202.500000,6860.132646,6411.839323,8459.454855,7606.324111,7729.496403,7351.351351,0.005312,-0.002753,-0.015553,-0.017821,0.000000,-0.002300,0.000000
3946750,7.5459,0,Open_1_Baseline,OPEN HAND - keep relaxed and still,7.5459,2887,2743,2688,2933,2831,2844,2800,8125.662252,6898.076923,6495.522388,8581.927711,7615.031646,7729.496403,7351.351351,-0.004105,0.002763,-0.002705,-0.003601,0.001145,-0.002300,0.000000
3946800,7.6090,0,Open_1_Baseline,OPEN HAND - keep relaxed and still,7.6090,2895,2741,2685,2930,2829,2832,2792,8202.500000,6882.865583,6474.468085,8551.072961,7597.630332,7623.752969,7285.341520,0.005312,0.000552,-0.005937,-0.007183,-0.001143,-0.015949,-0.008979
3946850,7.6508,0,Open_1_Baseline,OPEN HAND - keep relaxed and still,7.6508,2896,2736,2677,2925,2825,2847,2801,8212.176814,6845.033113,6418.758815,8500.000000,7562.992126,7756.250000,7359.659969,0.006498,-0.004948,-0.014491,-0.013113,-0.005697,0.001153,0.001130
3946900,7.7131,0,Open_1_Baseline,OPEN HAND - keep relaxed and still,7.7131,2884,2737,2688,2927,2831,2847,2800,8097.109827,6852.577320,6495.522388,8520.376712,7615.031646,7756.250000,7351.351351,-0.007604,-0.003851,-0.002705,-0.010747,0.001145,0.001153,0.000000
3946950,7.7338,0,Open_1_Baseline,OPEN HAND - keep relaxed and still,7.7338,2894,2737,2687,2925,2831,2833,2793,8192.839301,6852.577320,6488.494318,8500.000000,7615.031646,7632.488114,7293.548387,0.004128,-0.003851,-0.003784,-0.013113,0.001145,-0.014822,-0.007863
3947000,7.7949,0,Open_1_Baseline,OPEN HAND - keep relaxed and still,7.7949,2892,2730,2673,2920,2831,2845,2800,8173.566085,6800.000000,6391.139241,8449.361702,7615.031646,7738.400000,7351.351351,0.001766,-0.011494,-0.018731,-0.018992,0.001145,-0.001151,0.000000
3947050,7.9611,0,Open_1_Baseline,OPEN HAND - keep relaxed and still,7.9611,2884,2733,2686,2929,2831,2840,2800,8097.109827,6822.466960,6481.476224,8540.823328,7615.031646,7694.023904,7351.351351,-0.007604,-0.008228,-0.004861,-0.008373,0.001145,-0.006879,0.000000
3947100,7.9612,0,Open_1_Baseline,OPEN HAND - keep relaxed and still,7.9612,2893,2737,2681,2924,2823,2831,2795,8183.194676,6852.577320,6446.534653,8489.837746,7545.754717,7615.031646,7310.000000,0.002946,-0.003851,-0.010226,-0.014293,-0.007963,-0.017075,-0.005625
3947150,7.9612,0,Open_1_Baseline,OPEN HAND - keep relaxed and still,7.9612,2890,2727,2675,2919,2825,2846,2803,8154.356846,6777.631579,6404.929577,8439.285714,7562.992126,7747.317854,7376.315789,-0.000588,-0.014746,-0.016614,-0.020162,-0.005697,0.000000,0.003396
3947200,8.0089,0,Open_1_Baseline,OPEN HAND - keep relaxed and still,8.0089,2881,2736,2687,2933,2831,2845,2802,8068.698517,6845.033113,6488.494318,8581.927711,7615.031646,7738.400000,7367.981439,-0.011087,-0.004948,-0.003784,-0.003601,0.001145,-0.001151,0.002262
3947250,8.0503,0,Open_1_Baseline,OPEN HAND - keep relaxed and still,8.0503,2890,2736,2685,2929,2829,2833,2792,8154.356846,6845.033113,6474.468085,8540.823328,7597.630332,7632.488114,7285.341520,-0.000588,-0.004948,-0.005937,-0.008373,-0.001143,-0.014822,-0.008979
3947300,8.1340,0,Open_1_Baseline,OPEN HAND - keep relaxed and still,8.1340,2890,2732,2674,2926,2825,2847,2805,8154.356846,6814.966985,6398.029557,8510.179641,7562.992126,7756.250000,7393.023256,-0.000588,-0.009319,-0.017673,-0.011931,-0.005697,0.001153,0.005669
3947350,8.1550,0,Open_1_Baseline,OPEN HAND - keep relaxed and still,8.1550,2880,2738,2686,2928,2832,2847,2802,8059.259259,6860.132646,6481.476224,8530.591260,7623.752969,7756.250000,7367.981439,-0.012243,-0.002753,-0.004861,-0.009561,0.002291,0.001153,0.002262
3947400,8.1965,0,Open_1_Baseline,OPEN HAND - keep relaxed and still,8.1965,2890,2746,2684,2930,2829,2834,2798,8154.356846,6920.978503,6467.469880,8551.072961,7597.630332,7641.237113,7334.772552,-0.000588,0.006092,-0.007012,-0.007183,-0.001143,-0.013693,-0.002255
3947450,8.2580,0,Open_1_Baseline,OPEN HAND - keep relaxed and still,8.2580,2891,2741,2675,2926,2826,2860,2804,8163.953488,6882.865583,6404.929577,8510.179641,7571.631206,7873.684211,7384.663052,0.000588,0.000552,-0.016614,-0.011931,-0.004561,0.016311,0.004531
3947500,8.2995,0,Open_1_Baseline,OPEN HAND - keep relaxed and still,8.2995,2882,2744,2688,2941,2835,2852,2802,8078.153339,6905.699482,6495.522388,8664.991334,7650.000000,7801.126307,7367.981439,-0.009928,0.003871,-0.002705,0.006043,0.005742,0.006945,0.002262
3947550,8.4453,0,Open_1_Baseline,OPEN HAND - keep relaxed and still,8.4453,2892,2751,2688,2944,2831,2838,2794,8173.566085,6959.375000,6495.522388,8696.437880,7615.031646,7676.372315,7301.767871,0.001766,0.011674,-0.002705,0.009694,0.001145,-0.009157,-0.006745
3947600,8.4453,0,Open_1_Baseline,OPEN HAND - keep relaxed and still,8.4453,2884,2742,2680,2931,2826,2860,2803,8097.109827,6890.465632,6439.575972,8561.340206,7571.631206,7873.684211,7376.315789,-0.007604,0.001656,-0.011294,-0.005991,-0.004561,0.016311,0.003396
3947650,8.4453,0,Open_1_Baseline,OPEN HAND - keep relaxed and still,8.4453,2879,2743,2692,2940,2832,2848,2801,8049.835526,6898.076923,6523.734854,8654.545455,7623.752969,7765.196472,7359.659969,-0.013398,0.002763,0.001627,0.004830,0.002291,0.002308,0.001130
3947700,8.5076,0,Open_1_Baseline,OPEN HAND - keep relaxed and still,8.5076,2885,2743,2693,2937,2833,2836,2793,8106.611570,6898.076923,6530.813124,8623.316062,7632.488114,7658.776807,7293.548387,-0.006440,0.002763,0.002714,0.001204,0.003440,-0.011429,-0.007863
3947750,8.5701,0,Open_1_Baseline,OPEN HAND - keep relaxed and still,8.5701,2883,2738,2682,2926,2827,2847,2802,8087.623762,6860.132646,6453.503185,8510.179641,7580.283912,7756.250000,7367.981439,-0.008767,-0.002753,-0.009156,-0.011931,-0.003423,0.001153,0.002262
3947800,8.6123,0,Open_1_Baseline,OPEN HAND - keep relaxed and still,8.6123,2871,2736,2693,2939,2832,2841,2801,7975.000000,6845.033113,6530.813124,8644.117647,7623.752969,7702.870813,7359.659969,-0.022570,-0.004948,0.002714,0.003620,0.002291,-0.005737,0.001130
3947850,8.6329,0,Open_1_Baseline,OPEN HAND - keep relaxed and still,8.6329,2881,2739,2692,2934,2831,2832,2793,8068.698517,6867.699115,6523.734854,8592.248062,7615.031646,7623.752969,7293.548387,-0.011087,-0.001653,0.001627,-0.002403,0.001145,-0.015949,-0.007863
3947900,8.6951,0,Open_1_Baseline,OPEN HAND - keep relaxed and still,8.6951,2883,2726,2682,2927,2832,2841,2801,8087.623762,6770.197224,6453.503185,8520.376712,7623.752969,7702.870813,7359.659969,-0.008767,-0.015827,-0.009156,-0.010747,0.002291,-0.005737,0.001130
3947950,8.7574,0,Open_1_Baseline,OPEN HAND - keep relaxed and still,8.7574,2875,2738,2692,2932,2833,2838,2801,8012.295082,6860.132646,6523.734854,8571.625107,7632.488114,7676.372315,7359.659969,-0.017999,-0.002753,0.001627,-0.004797,0.003440,-0.009157,0.001130
3948000,8.9633,0,Open_1_Baseline,OPEN HAND - keep relaxed and still,8.9633,2882,2735,2693,2936,2830,2830,2796,8078.153339,6837.500000,6530.813124,8612.942192,7606.324111,7606.324111,7318.244804,-0.009928,-0.006043,0.002714,0.000000,0.000000,-0.018199,-0.004503
3948050,8.9634,0,Open_1_Baseline,OPEN HAND - keep relaxed and still,8.9634,2881,2731,2686,2922,2824,2841,2802,8068.698517,6807.478006,6481.476224,8469.565217,7554.366640,7702.870813,7367.981439,-0.011087,-0.010407,-0.004861,-0.016647,-0.006831,-0.005737,0.002262
3948100,8.9634,0,Open_1_Baseline,OPEN HAND - keep relaxed and still,8.9634,2874,2734,2694,2935,2830,2839,2805,8002.948403,6829.977957,6537.901499,8602.586207,7606.324111,7685.191083,7393.023256,-0.019145,-0.007137,0.003802,-0.001202,0.000000,-0.008019,0.005669
3948150,8.9634,0,Open_1_Baseline,OPEN HAND - keep relaxed and still,8.9634,2883,2735,2695,2931,2825,2830,2796,8087.623762,6837.500000,6545.000000,8561.340206,7562.992126,7606.324111,7318.244804,-0.008767,-0.006043,0.004892,-0.005991,-0.005697,-0.018199,-0.004503
3948200,9.0110,0,Open_1_Baseline,OPEN HAND - keep relaxed and still,9.0110,2880,2731,2683,2927,2825,2842,2801,8059.259259,6807.478006,6460.481586,8520.376712,7562.992126,7711.731844,7359.659969,-0.012243,-0.010407,-0.008085,-0.010747,-0.005697,-0.004593,0.001130
3948250,9.0528,0,Open_1_Baseline,OPEN HAND - keep relaxed and still,9.0528,2874,2736,2694,2934,2827,2836,2803,8002.948403,6845.033113,6537.901499,8592.248062,7580.283912,7658.776807,7376.315789,-0.019145,-0.004948,0.003802,-0.002403,-0.003423,-0.011429,0.003396
3948300,9.1159,0,Open_1_Baseline,OPEN HAND - keep relaxed and still,9.1159,2883,2735,2692,2935,2823,2827,2797,8087.623762,6837.500000,6523.734854,8602.586207,7545.754717,7580.283912,7326.502311,-0.008767,-0.006043,0.001627,-0.001202,-0.007963,-0.021560,-0.003380
3948350,9.1575,0,Open_1_Baseline,OPEN HAND - keep relaxed and still,9.1575,2881,2732,2686,2927,2819,2834,2806,8068.698517,6814.966985,6481.476224,8520.376712,7511.442006,7641.237113,7401.396431,-0.011087,-0.009319,-0.004861,-0.010747,-0.012474,-0.013693,0.006808
3948400,9.1998,0,Open_1_Baseline,OPEN HAND - keep relaxed and still,9.1998,2875,2729,2698,2932,2825,2833,2805,8012.295082,6792.532943,6566.356478,8571.625107,7562.992126,7632.488114,7393.023256,-0.017999,-0.012580,0.008171,-0.004797,-0.005697,-0.014822,0.005669
3948450,9.2625,0,Open_1_Baseline,OPEN HAND - keep relaxed and still,9.2625,2882,2735,2692,2936,2825,2827,2800,8078.153339,6837.500000,6523.734854,8612.942192,7562.992126,7580.283912,7351.351351,-0.009928,-0.006043,0.001627,0.000000,-0.005697,-0.021560,0.000000
3948500,9.3039,0,Open_1_Baseline,OPEN HAND - keep relaxed and still,9.3039,2881,2730,2681,2920,2815,2834,2805,8068.698517,6800.000000,6446.534653,8449.361702,7477.343750,7641.237113,7393.023256,-0.011087,-0.011494,-0.010226,-0.018992,-0.016957,-0.013693,0.005669
3948550,9.4496,0,Open_1_Baseline,OPEN HAND - keep relaxed and still,9.4496,2870,2731,2691,2932,2827,2834,2805,7965.714286,6807.478006,6516.666667,8571.625107,7580.283912,7641.237113,7393.023256,-0.023708,-0.010407,0.000542,-0.004797,-0.003423,-0.013693,0.005669
3948600,9.4497,0,Open_1_Baseline,OPEN HAND - keep relaxed and still,9.4497,2880,2735,2690,2929,2823,2823,2799,8059.259259,6837.500000,6509.608541,8540.823328,7545.754717,7545.754717,7343.055556,-0.012243,-0.006043,-0.000542,-0.008373,-0.007963,-0.026017,-0.001128
3948650,9.4701,0,Open_1_Baseline,OPEN HAND - keep relaxed and still,9.4701,2882,2732,2679,2919,2822,2835,2808,8078.153339,6814.966985,6432.627119,8439.285714,7537.156324,7650.000000,7418.181818,-0.009928,-0.009319,-0.012361,-0.020162,-0.009093,-0.012561,0.009091
3948700,9.5123,0,Open_1_Baseline,OPEN HAND - keep relaxed and still,9.5123,2873,2733,2693,2931,2828,2834,2807,7993.617021,6822.466960,6530.813124,8561.340206,7588.950276,7641.237113,7409.782609,-0.020289,-0.008228,0.002714,-0.005991,-0.002284,-0.013693,0.007948
3948750,9.5743,0,Open_1_Baseline,OPEN HAND - keep relaxed and still,9.5743,2883,2737,2687,2928,2825,2822,2800,8087.623762,6852.577320,6488.494318,8530.591260,7562.992126,7537.156324,7351.351351,-0.008767,-0.003851,-0.003784,-0.009561,-0.005697,-0.027127,0.000000
3948800,9.5953,0,Open_1_Baseline,OPEN HAND - keep relaxed and still,9.5953,2884,2730,2683,2921,2824,2834,2805,8097.109827,6800.000000,6460.481586,8459.454855,7554.366640,7641.237113,7393.023256,-0.007604,-0.011494,-0.008085,-0.017821,-0.006831,-0.013693,0.005669
3948850,9.6369,0,Open_1_Baseline,OPEN HAND - keep relaxed and still,9.6369,2876,2736,2695,2927,2831,2831,2802,8021.657096,6845.033113,6545.000000,8520.376712,7615.031646,7615.031646,7367.981439,-0.016852,-0.004948,0.004892,-0.010747,0.001145,-0.017075,0.002262
3948900,9.7199,0,Open_1_Baseline,OPEN HAND - keep relaxed and still,9.7199,2887,2735,2692,2927,2831,2822,2797,8125.662252,6837.500000,6523.734854,8520.376712,7615.031646,7537.156324,7326.502311,-0.004105,-0.006043,0.001627,-0.010747,0.001145,-0.027127,-0.003380
3948950,9.7613,0,Open_1_Baseline,OPEN HAND - keep relaxed and still,9.7613,2886,2733,2681,2916,2828,2830,2802,8116.129032,6822.466960,6446.534653,8409.160305,7588.950276,7606.324111,7367.981439,-0.005273,-0.008228,-0.010226,-0.023660,-0.002284,-0.018199,0.002262
3949000,9.8033,0,Open_1_Baseline,OPEN HAND - keep relaxed and still,9.8033,2877,2737,2692,2927,2831,2829,2801,8031.034483,6852.577320,6523.734854,8520.376712,7615.031646,7597.630332,7359.659969,-0.015703,-0.003851,0.001627,-0.010747,0.001145,-0.019321,0.001130
3949050,9.9705,0,Open_1_Baseline,OPEN HAND - keep relaxed and still,9.9705,2883,2736,2692,2927,2830,2816,2796,8087.623762,6845.033113,6523.734854,8520.376712,7606.324111,7485.848319,7318.244804,-0.008767,-0.004948,0.001627,-0.010747,0.000000,-0.033750,-0.004503
3949100,9.9706,0,Open_1_Baseline,OPEN HAND - keep relaxed and still,9.9706,2880,2727,2683,2917,2830,2829,2801,8059.259259,6777.631579,6460.481586,8419.185059,7606.324111,7597.630332,7359.659969,-0.012243,-0.014746,-0.008085,-0.022496,0.000000,-0.019321,0.001130
3949150,9.9706,0,Open_1_Baseline,OPEN HAND - keep relaxed and still,9.9706,2872,2736,2691,2929,2832,2830,2801,7984.300899,6845.033113,6516.666667,8540.823328,7623.752969,7606.324111,7359.659969,-0.021430,-0.004948,0.000542,-0.008373,0.002291,-0.018199,0.001130
3949200,10.0394,1,Pinky_Bend,BEND PINKY ONLY,0.0394,2879,2735,2690,2927,2830,2818,2795,8049.835526,6837.500000,6509.608541,8520.376712,7606.324111,7502.897416,7310.000000,-0.013398,-0.006043,-0.000542,-0.010747,0.000000,-0.031549,-0.005625
3949250,10.1100,1,Pinky_Bend,BEND PINKY ONLY,0.1100,2879,2729,2677,2917,2826,2829,2808,8049.835526,6792.532943,6418.758815,8419.185059,7571.631206,7597.630332,7418.181818,-0.013398,-0.012580,-0.014491,-0.022496,-0.004561,-0.019321,0.009091
3949300,10.1513,1,Pinky_Bend,BEND PINKY ONLY,0.1513,2869,2736,2688,2926,2831,2828,2811,7956.443719,6845.033113,6495.522388,8510.179641,7615.031646,7588.950276,7443.457944,-0.024845,-0.004948,-0.002705,-0.011931,0.001145,-0.020442,0.012529
3949350,10.1928,1,Pinky_Bend,BEND PINKY ONLY,0.1928,2878,2735,2687,2926,2829,2817,2800,8040.427280,6837.500000,6488.494318,8510.179641,7597.630332,7494.366197,7351.351351,-0.014551,-0.006043,-0.003784,-0.011931,-0.001143,-0.032650,0.000000
3949400,10.1929,1,Pinky_Bend,BEND PINKY ONLY,0.1929,2878,2730,2678,2916,2820,2833,2812,8040.427280,6800.000000,6425.688073,8409.160305,7520.000000,7632.488114,7451.909587,-0.014551,-0.011494,-0.013427,-0.023660,-0.011349,-0.014822,0.013679
3949450,10.2548,1,Pinky_Bend,BEND PINKY ONLY,0.2548,2870,2735,2700,2928,2831,2831,2811,7965.714286,6837.500000,6580.645161,8530.591260,7615.031646,7615.031646,7443.457944,-0.023708,-0.006043,0.010365,-0.009561,0.001145,-0.017075,0.012529
3949500,10.3170,1,Pinky_Bend,BEND PINKY ONLY,0.3170,2877,2735,2703,2930,2828,2818,2801,8031.034483,6837.500000,6602.155172,8551.072961,7588.950276,7502.897416,7359.659969,-0.015703,-0.006043,0.013667,-0.007183,-0.002284,-0.031549,0.001130
3949550,10.4764,1,Pinky_Bend,BEND PINKY ONLY,0.4764,2879,2728,2719,2933,2829,2851,2812,8049.835526,6785.076811,6718.459302,8581.927711,7597.630332,7792.122186,7451.909587,-0.013398,-0.013664,0.031524,-0.003601,-0.001143,0.005783,0.013679
3949600,10.4765,1,Pinky_Bend,BEND PINKY ONLY,0.4765,2874,2737,2737,2943,2833,2852,2812,8002.948403,6852.577320,6852.577320,8685.937500,7632.488114,7801.126307,7451.909587,-0.019145,-0.003851,0.052116,0.008475,0.003440,0.006945,0.013679
3949650,10.4765,1,Pinky_Bend,BEND PINKY ONLY,0.4765,2881,2737,2736,2936,2832,2844,2803,8068.698517,6852.577320,6845.033113,8612.942192,7623.752969,7729.496403,7376.315789,-0.011087,-0.003851,0.050958,0.000000,0.002291,-0.002300,0.003396
3949700,10.4975,1,Pinky_Bend,BEND PINKY ONLY,0.4975,2880,2729,2724,2928,2836,2861,2816,8059.259259,6792.532943,6755.361050,8530.591260,7658.776807,7882.820097,7485.848319,-0.012243,-0.012580,0.037190,-0.009561,0.006896,0.017490,0.018296
3949750,10.5605,1,Pinky_Bend,BEND PINKY ONLY,0.5605,2871,2735,2730,2938,2833,2854,2816,7975.000000,6837.500000,6800.000000,8633.707865,7632.488114,7819.178082,7485.848319,-0.022570,-0.006043,0.044044,0.002411,0.003440,0.009275,0.018296
3949800,10.5809,1,Pinky_Bend,BEND PINKY ONLY,0.5809,2878,2735,2731,2937,2832,2845,2807,8040.427280,6837.500000,6807.478006,8623.316062,7623.752969,7738.400000,7409.782609,-0.014551,-0.006043,0.045192,0.001204,0.002291,-0.001151,0.007948
3949850,10.6842,1,Pinky_Bend,BEND PINKY ONLY,0.6842,2874,2728,2717,2924,2830,2854,2816,8002.948403,6785.076811,6703.773585,8489.837746,7606.324111,7819.178082,7485.848319,-0.019145,-0.013664,0.029269,-0.014293,0.000000,0.009275,0.018296
3949900,10.6843,1,Pinky_Bend,BEND PINKY ONLY,0.6843,2864,2738,2725,2928,2832,2851,2814,7910.316816,6860.132646,6762.773723,8530.591260,7623.752969,7792.122186,7468.852459,-0.030498,-0.002753,0.038328,-0.009561,0.002291,0.005783,0.015984
3949950,10.7470,1,Pinky_Bend,BEND PINKY ONLY,0.7470,2875,2740,2736,2930,2832,2838,2803,8012.295082,6875.276753,6845.033113,8551.072961,7623.752969,7676.372315,7376.315789,-0.017999,-0.000552,0.050958,-0.007183,0.002291,-0.009157,0.003396
3950000,10.7885,1,Pinky_Bend,BEND PINKY ONLY,0.7885,2874,2737,2728,2927,2824,2848,2814,8002.948403,6852.577320,6785.076811,8520.376712,7554.366640,7765.196472,7468.852459,-0.019145,-0.003851,0.041752,-0.010747,-0.006831,0.002308,0.015984
3950050,10.8516,1,Pinky_Bend,BEND PINKY ONLY,0.8516,2867,2742,2742,2940,2827,2844,2812,7937.947883,6890.465632,6890.465632,8654.545455,7580.283912,7729.496403,7451.909587,-0.027112,0.001656,0.057933,0.004830,-0.003423,-0.002300,0.013679
3950100,11.0068,1,Pinky_Bend,BEND PINKY ONLY,1.0068,2875,2739,2730,2949,2828,2834,2801,8012.295082,6867.699115,6800.000000,8749.214660,7588.950276,7641.237113,7359.659969,-0.017999,-0.001653,0.044044,0.015822,-0.002284,-0.013693,0.001130
3950150,11.0069,1,Pinky_Bend,BEND PINKY ONLY,1.0069,2875,2737,2724,2941,2822,2847,2813,8012.295082,6852.577320,6755.361050,8664.991334,7537.156324,7756.250000,7460.374415,-0.017999,-0.003851,0.037190,0.006043,-0.009093,0.001153,0.014830
3950200,11.0069,1,Pinky_Bend,BEND PINKY ONLY,1.0069,2868,2738,2715,2951,2828,2844,2810,7947.188264,6860.132646,6689.130435,8770.454545,7588.950276,7729.496403,7435.019455,-0.025979,-0.002753,0.027021,0.018288,-0.002284,-0.002300,0.011381
3950250,11.0476,1,Pinky_Bend,BEND PINKY ONLY,1.0476,2877,2741,2714,2954,2833,2833,2802,8031.034483,6882.865583,6681.824765,8802.453988,7632.488114,7632.488114,7367.981439,-0.015703,0.000552,0.025900,0.022003,0.003440,-0.014822,0.002262
3950300,11.1105,1,Pinky_Bend,BEND PINKY ONLY,1.1105,2874,2736,2704,2942,2829,2843,2814,8002.948403,6845.033113,6609.345794,8675.455334,7597.630332,7720.607029,7468.852459,-0.019145,-0.004948,0.014771,0.007258,-0.001143,-0.003448,0.015984
3950350,11.1522,1,Pinky_Bend,BEND PINKY ONLY,1.1522,2867,2743,2717,2959,2832,2839,2808,7937.947883,6898.076923,6703.773585,8856.161972,7623.752969,7685.191083,7418.181818,-0.027112,0.002763,0.029269,0.028239,0.002291,-0.008019,0.009091
3950400,11.2160,1,Pinky_Bend,BEND PINKY ONLY,1.2160,2877,2748,2711,2955,2831,2828,2799,8031.034483,6936.302895,6659.971098,8813.157895,7615.031646,7588.950276,7343.055556,-0.015703,0.008320,0.022544,0.023246,0.001145,-0.020442,-0.001128
3950450,11.2587,1,Pinky_Bend,BEND PINKY ONLY,1.2587,2877,2747,2711,2938,2829,2837,2808,8031.034483,6928.635015,6659.971098,8633.707865,7597.630332,7667.567568,7418.181818,-0.015703,0.007205,0.022544,0.002411,-0.001143,-0.010294,0.009091
3950500,11.3002,1,Pinky_Bend,BEND PINKY ONLY,1.3002,2869,2754,2729,2960,2833,2844,2807,7956.443719,6982.550336,6792.532943,8866.960352,7632.488114,7729.496403,7409.782609,-0.024845,0.015043,0.042897,0.029493,0.003440,-0.002300,0.007948
3950550,11.3631,1,Pinky_Bend,BEND PINKY ONLY,1.3631,2878,2751,2727,3008,2835,2888,2801,8040.427280,6959.375000,6777.631579,9408.647654,7650.000000,8135.211268,7359.659969,-0.014551,0.011674,0.040609,0.092385,0.005742,0.050068,0.001130
3950600,11.5209,1,Pinky_Bend,BEND PINKY ONLY,1.5209,2876,2739,2736,3047,2848,2940,2811,8021.657096,6867.699115,6845.033113,9885.305344,7765.196472,8654.545455,7443.457944,-0.016852,-0.001653,0.050958,0.147727,0.020887,0.117102,0.012529
3950650,11.5209,1,Pinky_Bend,BEND PINKY ONLY,1.5209,2867,2750,2736,3128,2868,2942,2811,7937.947883,6951.672862,6845.033113,10998.138573,7947.188264,8675.455334,7443.457944,-0.027112,0.010554,0.050958,0.276932,0.044813,0.119801,0.012529
3950700,11.5210,1,Pinky_Bend,BEND PINKY ONLY,1.5210,2876,2756,2740,3170,2904,2966,2804,8021.657096,6998.058252,6875.276753,11651.891892,8290.176322,8932.152347,7384.663052,-0.016852,0.017297,0.055601,0.352835,0.089906,0.152935,0.004531
3950750,11.5621,1,Pinky_Bend,BEND PINKY ONLY,1.5621,2896,2742,2741,3143,2926,2978,2816,8212.176814,6890.465632,6882.865583,11225.000000,8510.179641,9064.637422,7485.848319,0.006498,0.001656,0.056766,0.303271,0.118829,0.170036,0.018296
3950800,11.6038,1,Pinky_Bend,BEND PINKY ONLY,1.6038,2891,2750,2730,3125,3051,2935,2812,8163.953488,6951.672862,6800.000000,10953.608247,9936.206897,8602.586207,7451.909587,0.000588,0.010554,0.044044,0.271761,0.306309,0.110395,0.013679
3950850,11.6451,1,Pinky_Bend,BEND PINKY ONLY,1.6451,2903,2753,2731,3098,3069,2917,2803,8280.369128,6974.813711,6807.478006,10564.894684,10170.175439,8419.185059,7376.315789,0.014856,0.013918,0.045192,0.226630,0.337068,0.086723,0.003396
3950900,11.7078,1,Pinky_Bend,BEND PINKY ONLY,1.7078,2910,2749,2737,3060,3132,2923,2813,8349.367089,6943.982169,6852.577320,10052.173913,11057.943925,8479.692833,7460.374415,0.023313,0.009436,0.052116,0.167101,0.453783,0.094533,0.014830
3950950,11.7498,1,Pinky_Bend,BEND PINKY ONLY,1.7498,2909,2765,2756,3029,3190,2986,2822,8339.460371,7068.421053,6998.058252,9660.975610,11984.530387,9154.553652,7537.156324,0.022099,0.027526,0.074453,0.121681,0.575601,0.181642,0.025275
3951000,11.8127,1,Pinky_Bend,BEND PINKY ONLY,1.8127,2913,2767,2774,3040,2953,2973,2808,8379.187817,7084.186747,7139.742619,9797.156398,8791.768827,9009.090909,7418.181818,0.026968,0.029817,0.096206,0.137492,0.155850,0.162866,0.009091
3951050,11.8544,1,Pinky_Bend,BEND PINKY ONLY,1.8544,2915,2776,2753,3011,2951,2997,2816,8399.152542,7155.724033,6974.813711,9444.095941,8770.454545,9280.327869,7485.848319,0.029414,0.040217,0.070884,0.096501,0.153048,0.197876,0.018296
3951100,12.0331,1,Pinky_Bend,BEND PINKY ONLY,2.0331,2914,2789,2755,3052,2979,3020,2815,8389.161727,7260.796325,6990.298507,9948.993289,9075.806452,9551.627907,7477.343750,0.028190,0.055491,0.073261,0.155121,0.193192,0.232895,0.017139
3951150,12.0332,1,Pinky_Bend,BEND PINKY ONLY,2.0332,2925,2787,2745,3041,2968,3023,2809,8500.000000,7244.495413,6913.333333,9809.677419,8954.037267,9587.873134,7426.594090,0.041775,0.053121,0.061444,0.138946,0.177183,0.237573,0.010235
3951200,12.0332,1,Pinky_Bend,BEND PINKY ONLY,2.0332,2918,2781,2738,3056,2959,3048,2818,8429.226848,7195.890411,6860.132646,10000.384986,8856.161972,9897.994269,7502.897416,0.033100,0.046056,0.053276,0.161088,0.164316,0.277603,0.020615
3951250,12.0543,1,Pinky_Bend,BEND PINKY ONLY,2.0543,2917,2792,2761,3064,2960,3027,2818,8419.185059,7285.341520,7037.031484,10104.364694,8866.960352,9636.516854,7502.897416,0.031870,0.059059,0.080436,0.173161,0.165735,0.243852,0.020615
3951300,12.1168,1,Pinky_Bend,BEND PINKY ONLY,2.1168,2921,2796,2768,3061,2955,2969,2810,8459.454855,7318.244804,7092.087415,10065.183752,8813.157895,8965.008881,7435.019455,0.036805,0.063842,0.088890,0.168612,0.158662,0.157176,0.011381
3951350,12.1584,1,Pinky_Bend,BEND PINKY ONLY,2.1584,2918,2789,2754,3049,2954,2987,2814,8429.226848,7260.796325,6982.550336,9910.707457,8802.453988,9165.884477,7468.852459,0.033100,0.055491,0.072072,0.150676,0.157255,0.183104,0.015984
3951400,12.2007,1,Pinky_Bend,BEND PINKY ONLY,2.2007,2909,2799,2747,3024,2953,2990,2812,8339.460371,7343.055556,6928.635015,9600.000000,8791.768827,9200.000000,7451.909587,0.022099,0.067449,0.063794,0.114602,0.155850,0.187508,0.013679
3951450,12.2622,1,Pinky_Bend,BEND PINKY ONLY,2.2622,2921,2792,2749,3012,2938,2960,2801,8459.454855,7285.341520,6943.982169,9455.955679,8633.707865,8866.960352,7359.659969,0.036805,0.059059,0.066150,0.097878,0.135070,0.144520,0.001130
3951500,12.3026,1,Pinky_Bend,BEND PINKY ONLY,2.3026,2914,2783,2736,3010,2937,2995,2809,8389.161727,7212.042683,6845.033113,9432.258065,8623.316062,9257.272727,7426.594090,0.028190,0.048404,0.050958,0.095126,0.133703,0.194900,0.010235
3951550,12.3657,1,Pinky_Bend,BEND PINKY ONLY,2.3657,2903,2792,2749,3017,2943,2980,2809,8280.369128,7285.341520,6943.982169,9515.584416,8685.937500,9086.995516,7426.594090,0.014856,0.059059,0.066150,0.104801,0.141936,0.172921,0.010235
3951600,12.5327,1,Pinky_Bend,BEND PINKY ONLY,2.5327,2915,2789,2749,3016,2933,2979,2800,8399.152542,7260.796325,6943.982169,9503.614458,8581.927711,9075.806452,7351.351351,0.029414,0.055491,0.066150,0.103411,0.128262,0.171477,0.000000
3951650,12.5328,1,Pinky_Bend,BEND PINKY ONLY,2.5328,2913,2777,2735,3011,2936,2983,2808,8379.187817,7163.732929,6837.500000,9444.095941,8612.942192,9120.683453,7418.181818,0.026968,0.041381,0.049801,0.096501,0.132340,0.177270,0.009091
3951700,12.5328,1,Pinky_Bend,BEND PINKY ONLY,2.5328,2904,2789,2744,3007,2941,2980,2806,8290.176322,7260.796325,6905.699482,9396.875000,8664.991334,9086.995516,7401.396431,0.016058,0.055491,0.060272,0.091018,0.139183,0.172921,0.006808
3951750,12.5539,1,Pinky_Bend,BEND PINKY ONLY,2.5539,2909,2790,2736,3005,2940,2963,2798,8339.460371,7268.965517,6845.033113,9373.394495,8654.545455,8899.469965,7334.772552,0.022099,0.056678,0.050958,0.088292,0.137809,0.148716,-0.002255
3951800,12.6164,1,Pinky_Bend,BEND PINKY ONLY,2.6164,2906,2780,2732,3002,2954,2973,2807,8309.840202,7187.832700,6814.966985,9338.334858,8802.453988,9009.090909,7409.782609,0.018468,0.044884,0.046342,0.084221,0.157255,0.162866,0.007948
3951850,12.6784,1,Pinky_Bend,BEND PINKY ONLY,2.6784,2900,2794,2748,3019,2950,2963,2807,8251.046025,7301.767871,6936.302895,9539.591078,8759.825328,8899.469965,7409.782609,0.011262,0.061447,0.064971,0.107588,0.151650,0.148716,0.007948
3951900,12.6996,1,Pinky_Bend,BEND PINKY ONLY,2.6996,2915,2795,2751,3016,2951,2965,2801,8399.152542,7310.000000,6959.375000,9503.614458,8770.454545,8921.238938,7359.659969,0.029414,0.062643,0.068513,0.103411,0.153048,0.151526,0.001130
3951950,12.7409,1,Pinky_Bend,BEND PINKY ONLY,2.7409,2913,2784,2738,3012,2937,2967,2810,8379.187817,7220.137300,6860.132646,9455.955679,8623.316062,8943.085106,7435.019455,0.026968,0.049580,0.053276,0.097878,0.133703,0.154346,0.011381
3952000,12.8041,1,Pinky_Bend,BEND PINKY ONLY,2.8041,2909,2788,2736,3025,2941,2969,2810,8339.460371,7252.639633,6845.033113,9612.149533,8664.991334,8965.008881,7435.019455,0.022099,0.054305,0.050958,0.116012,0.139183,0.157176,0.011381
3952050,12.8456,1,Pinky_Bend,BEND PINKY ONLY,2.8456,2921,2786,2733,3021,2931,2953,2800,8459.454855,7236.363636,6822.466960,9563.687151,8561.340206,8791.768827,7351.351351,0.036805,0.051939,0.047493,0.110386,0.125556,0.134815,0.000000
3952100,13.0433,1,Pinky_Bend,BEND PINKY ONLY,3.0433,2923,2773,2726,3023,2935,2962,2808,8479.692833,7131.770045,6770.197224,9587.873134,8602.586207,8888.614298,7418.181818,0.039286,0.036734,0.039468,0.113194,0.130978,0.147315,0.009091
3952150,13.0434,1,Pinky_Bend,BEND PINKY ONLY,3.0434,2917,2796,2736,3032,2928,2957,2809,8419.185059,7318.244804,6845.033113,9697.836312,8530.591260,8834.622144,7426.594090,0.031870,0.063842,0.050958,0.125961,0.121513,0.140346,0.010235
3952200,13.0434,1,Pinky_Bend,BEND PINKY ONLY,3.0434,2921,2791,2735,3049,2928,2950,2800,8459.454855,7277.147239,6837.500000,9910.707457,8530.591260,8759.825328,7351.351351,0.036805,0.057868,0.049801,0.150676,0.121513,0.130691,0.000000
3952250,13.0434,1,Pinky_Bend,BEND PINKY ONLY,3.0434,2925,2775,2720,3059,2930,2959,2810,8500.000000,7147.727273,6725.818182,10039.189189,8551.072961,8856.161972,7435.019455,0.041775,0.039054,0.032654,0.165593,0.124206,0.143126,0.011381
3952300,13.0848,1,Pinky_Bend,BEND PINKY ONLY,3.0848,2913,2793,2724,3047,2938,2958,2806,8379.187817,7293.548387,6755.361050,9885.305344,8633.707865,8845.382586,7401.396431,0.026968,0.060252,0.037190,0.147727,0.135070,0.141735,0.006808
3952350,13.1682,1,Pinky_Bend,BEND PINKY ONLY,3.1682,2923,2799,2719,3040,2933,2943,2799,8479.692833,7343.055556,6718.459302,9797.156398,8581.927711,8685.937500,7343.055556,0.039286,0.067449,0.031524,0.137492,0.128262,0.121154,-0.001128
3952400,13.2100,1,Pinky_Bend,BEND PINKY ONLY,3.2100,2928,2791,2709,3029,2922,2946,2808,8530.591260,7277.147239,6645.454545,9660.975610,8469.565217,8717.493473,7418.181818,0.045524,0.057868,0.020315,0.121681,0.113490,0.125227,0.009091
3952450,13.2519,1,Pinky_Bend,BEND PINKY ONLY,3.2519,2929,2793,2720,3047,2933,2956,2808,8540.823328,7293.548387,6725.818182,9885.305344,8581.927711,8823.880597,7418.181818,0.046778,0.060252,0.032654,0.147727,0.128262,0.138959,0.009091
3952500,13.3147,1,Pinky_Bend,BEND PINKY ONLY,3.3147,2929,2794,2725,3067,2939,2943,2798,8540.823328,7301.767871,6762.773723,10143.774319,8644.117647,8685.937500,7334.772552,0.046778,0.061447,0.038328,0.177736,0.136438,0.121154,-0.002255
3952550,13.3564,1,Pinky_Bend,BEND PINKY ONLY,3.3564,2940,2784,2709,3128,2933,2958,2808,8654.545455,7220.137300,6645.454545,10998.138573,8581.927711,8845.382586,7418.181818,0.060716,0.049580,0.020315,0.276932,0.128262,0.141735,0.009091
3952600,13.3983,1,Pinky_Bend,BEND PINKY ONLY,3.3983,2930,2790,2716,3127,2938,2960,2806,8551.072961,7268.965517,6696.446701,10983.264463,8633.707865,8866.960352,7401.396431,0.048034,0.056678,0.028145,0.275205,0.135070,0.144520,0.006808
3952650,13.5563,1,Pinky_Bend,BEND PINKY ONLY,3.5563,2929,2787,2719,3118,2930,2935,2799,8540.823328,7244.495413,6718.459302,10850.767656,8551.072961,8602.586207,7343.055556,0.046778,0.053121,0.031524,0.259821,0.124206,0.110395,-0.001128
3952700,13.5564,1,Pinky_Bend,BEND PINKY ONLY,3.5564,2920,2777,2706,3104,2925,2958,2806,8449.361702,7163.732929,6623.758099,10649.445005,8500.000000,8845.382586,7401.396431,0.035568,0.041381,0.016984,0.236447,0.117491,0.141735,0.006808
3952750,13.5564,1,Pinky_Bend,BEND PINKY ONLY,3.5564,2905,2782,2721,3114,2926,2944,2804,8300.000000,7203.960396,6733.187773,10792.660550,8510.179641,8696.437880,7384.663052,0.017262,0.047229,0.033786,0.253075,0.118829,0.122509,0.004531
3952800,13.5971,1,Pinky_Bend,BEND PINKY ONLY,3.5971,2916,2784,2717,3090,2926,2923,2794,8409.160305,7220.137300,6703.773585,10453.731343,8510.179641,8479.692833,7301.767871,0.030641,0.049580,0.029269,0.213724,0.118829,0.094533,-0.006745
3952850,13.6383,1,Pinky_Bend,BEND PINKY ONLY,3.6383,2920,2771,2705,3066,2928,2932,2801,8449.361702,7115.861027,6616.546763,10130.612245,8530.591260,8571.625107,7359.659969,0.035568,0.034422,0.015877,0.176208,0.121513,0.106399,0.001130
3952900,13.7016,1,Pinky_Bend,BEND PINKY ONLY,3.7016,2907,2779,2705,3106,2929,2926,2800,8319.696970,7179.787234,6616.546763,10677.856421,8540.823328,8510.179641,7351.351351,0.019676,0.043715,0.015877,0.239746,0.122858,0.098468,0.000000
3952950,13.7639,1,Pinky_Bend,BEND PINKY ONLY,3.7639,2911,2781,2711,3085,2922,2932,2793,8359.290541,7195.890411,6659.971098,10385.148515,8469.565217,8571.625107,7293.548387,0.024529,0.046056,0.022544,0.205761,0.113490,0.106399,-0.007863
3953000,13.8066,1,Pinky_Bend,BEND PINKY ONLY,3.8066,2907,2771,2694,3106,2918,2942,2800,8319.696970,7115.861027,6537.901499,10677.856421,8429.226848,8675.455334,7351.351351,0.019676,0.034422,0.003802,0.239746,0.108187,0.119801,0.000000
3953050,13.8494,1,Pinky_Bend,BEND PINKY ONLY,3.8494,2895,2779,2714,3092,2921,2937,2799,8202.500000,7179.787234,6681.824765,10481.355932,8459.454855,8623.316062,7343.055556,0.005312,0.043715,0.025900,0.216931,0.112161,0.113071,-0.001128
3953100,13.9119,1,Pinky_Bend,BEND PINKY ONLY,3.9119,2905,2777,2708,3089,2920,2929,2791,8300.000000,7163.732929,6638.211968,10439.960239,8449.361702,8540.823328,7277.147239,0.017262,0.041381,0.019203,0.212125,0.110834,0.102423,-0.010094
3953150,14.0694,1,Pinky_Bend,BEND PINKY ONLY,4.0694,2901,2769,2702,3058,2927,2941,2801,8260.804020,7100.000000,6594.974874,10026.229508,8520.376712,8664.991334,7359.659969,0.012458,0.032116,0.012565,0.164089,0.120170,0.118450,0.001130
3953200,14.0694,1,Pinky_Bend,BEND PINKY ONLY,4.0694,2894,2779,2709,3056,2929,2934,2799,8192.839301,7179.787234,6645.454545,10000.384986,8540.823328,8592.248062,7343.055556,0.004128,0.043715,0.020315,0.161088,0.122858,0.109061,-0.001128
3953250,14.0694,1,Pinky_Bend,BEND PINKY ONLY,4.0694,2900,2776,2710,3056,2930,2922,2789,8251.046025,7155.724033,6652.707581,10000.384986,8551.072961,8469.565217,7260.796325,0.011262,0.040217,0.021429,0.161088,0.124206,0.093225,-0.012318
3953300,14.1108,1,Pinky_Bend,BEND PINKY ONLY,4.1108,2899,2768,2704,3047,2927,2929,2800,8241.304348,7092.087415,6609.345794,9885.305344,8520.376712,8540.823328,7351.351351,0.010068,0.030966,0.014771,0.147727,0.120170,0.102423,0.000000
3953350,14.1525,1,Pinky_Bend,BEND PINKY ONLY,4.1525,2892,2768,2714,3056,2928,2930,2800,8173.566085,7092.087415,6681.824765,10000.384986,8530.591260,8551.072961,7351.351351,0.001766,0.030966,0.025900,0.161088,0.121513,0.103746,0.000000
3953400,14.1939,1,Pinky_Bend,BEND PINKY ONLY,4.1939,2899,2776,2714,3054,2928,2921,2790,8241.304348,7155.724033,6681.824765,9974.639769,8530.591260,8459.454855,7268.965517,0.010068,0.040217,0.025900,0.158099,0.121513,0.091920,-0.011207
3953450,14.2574,1,Pinky_Bend,BEND PINKY ONLY,4.2574,2895,2769,2703,3061,2918,2940,2800,8202.500000,7100.000000,6602.155172,10065.183752,8429.226848,8654.545455,7351.351351,0.005312,0.032116,0.013667,0.168612,0.108187,0.117102,0.000000
3953500,14.2991,1,Pinky_Bend,BEND PINKY ONLY,4.2991,2886,2775,2711,3062,2927,2937,2800,8116.129032,7147.727273,6659.971098,10078.218780,8520.376712,8623.316062,7351.351351,-0.005273,0.039054,0.022544,0.170125,0.120170,0.113071,0.000000
3953550,14.3625,1,Pinky_Bend,BEND PINKY ONLY,4.3625,2895,2776,2711,3047,2924,2918,2789,8202.500000,7155.724033,6659.971098,9885.305344,8489.837746,8429.226848,7260.796325,0.005312,0.040217,0.022544,0.147727,0.116155,0.088019,-0.012318
3953600,14.4042,1,Pinky_Bend,BEND PINKY ONLY,4.4042,2895,2766,2696,3050,2921,2929,2800,8202.500000,7076.297968,6552.108649,9923.444976,8459.454855,8540.823328,7351.351351,0.005312,0.028671,0.005983,0.152155,0.112161,0.102423,0.000000
3953650,14.5788,1,Pinky_Bend,BEND PINKY ONLY,4.5788,2889,2773,2713,3052,2928,2937,2800,8144.776119,7131.770045,6674.529667,9948.993289,8530.591260,8623.316062,7351.351351,-0.001762,0.036734,0.024779,0.155121,0.121513,0.113071,0.000000
3953700,14.5789,1,Pinky_Bend,BEND PINKY ONLY,4.5789,2898,2772,2726,3050,2920,2928,2792,8231.578947,7123.809524,6770.197224,9923.444976,8449.361702,8530.591260,7285.341520,0.008876,0.035577,0.039468,0.152155,0.110834,0.101103,-0.008979
3953750,14.5789,1,Pinky_Bend,BEND PINKY ONLY,4.5789,2898,2762,2711,3043,2922,2934,2800,8231.578947,7044.861215,6659.971098,9834.790875,8469.565217,8592.248062,7351.351351,0.008876,0.024101,0.022544,0.141862,0.113490,0.109061,0.000000
3953800,14.6000,1,Pinky_Bend,BEND PINKY ONLY,4.6000,2894,2766,2718,3036,2933,2939,2800,8192.839301,7076.297968,6711.111111,9747.308782,8581.927711,8644.117647,7351.351351,0.004128,0.028671,0.030396,0.131705,0.128262,0.115756,0.000000
3953850,14.6629,1,Pinky_Bend,BEND PINKY ONLY,4.6629,2895,2768,2719,3042,2931,2932,2790,8202.500000,7092.087415,6718.459302,9822.222222,8561.340206,8571.625107,7268.965517,0.005312,0.030966,0.031524,0.140403,0.125556,0.106399,-0.011207
3953900,14.7050,1,Pinky_Bend,BEND PINKY ONLY,4.7050,2903,2755,2709,3031,2920,2938,2800,8280.369128,6990.298507,6645.454545,9685.526316,8449.361702,8633.707865,7351.351351,0.014856,0.016169,0.020315,0.124532,0.110834,0.114413,0.000000
3953950,14.7475,1,Pinky_Bend,BEND PINKY ONLY,4.7475,2900,2763,2720,3032,2931,2933,2800,8251.046025,7052.702703,6725.818182,9697.836312,8561.340206,8581.927711,7351.351351,0.011262,0.025241,0.032654,0.125961,0.125556,0.107729,0.000000
3954000,14.8103,1,Pinky_Bend,BEND PINKY ONLY,4.8103,2907,2767,2714,3031,2931,2922,2789,8319.696970,7084.186747,6681.824765,9685.526316,8561.340206,8469.565217,7260.796325,0.019676,0.029817,0.025900,0.124532,0.125556,0.093225,-0.012318
3954050,14.8524,1,Pinky_Bend,BEND PINKY ONLY,4.8524,2904,2762,2702,3021,2931,2931,2800,8290.176322,7044.861215,6594.974874,9563.687151,8561.340206,8561.340206,7351.351351,0.016058,0.024101,0.012565,0.110386,0.125556,0.105072,0.000000
3954100,14.9152,1,Pinky_Bend,BEND PINKY ONLY,4.9152,2890,2767,2707,3031,2935,2928,2799,8154.356846,7084.186747,6630.979827,9685.526316,8602.586207,8530.591260,7343.055556,-0.000588,0.029817,0.018093,0.124532,0.130978,0.101103,-0.001128
3954150,15.0839,1,Pinky_Bend,BEND PINKY ONLY,5.0839,2896,2766,2712,3038,2929,2921,2789,8212.176814,7076.297968,6667.245119,9772.185430,8540.823328,8459.454855,7260.796325,0.006498,0.028671,0.023661,0.134593,0.122858,0.091920,-0.012318
3954200,15.0839,1,Pinky_Bend,BEND PINKY ONLY,5.0839,2896,2760,2705,3037,2934,2927,2798,8212.176814,7029.213483,6616.546763,9759.735350,8592.248062,8520.376712,7334.772552,0.006498,0.021826,0.015877,0.133148,0.129619,0.099784,-0.002255
3954250,15.0839,1,Pinky_Bend,BEND PINKY ONLY,5.0839,2884,2765,2714,3050,2939,2924,2797,8097.109827,7068.421053,6681.824765,9923.444976,8644.117647,8489.837746,7326.502311,-0.007604,0.027526,0.025900,0.152155,0.136438,0.095842,-0.003380
3954300,15.1254,1,Pinky_Bend,BEND PINKY ONLY,5.1254,2897,2763,2724,3042,2924,2914,2788,8221.869783,7052.702703,6755.361050,9822.222222,8489.837746,8389.161727,7252.639633,0.007686,0.025241,0.037190,0.140403,0.116155,0.082847,-0.013428
3954350,15.1465,1,Pinky_Bend,BEND PINKY ONLY,5.1465,2899,2759,2716,3029,2930,2927,2799,8241.304348,7021.407186,6696.446701,9660.975610,8551.072961,8520.376712,7343.055556,0.010068,0.020691,0.028145,0.121681,0.124206,0.099784,-0.001128
3954400,15.1879,1,Pinky_Bend,BEND PINKY ONLY,5.1879,2892,2763,2729,3047,2926,2929,2800,8173.566085,7052.702703,6792.532943,9885.305344,8510.179641,8540.823328,7351.351351,0.001766,0.025241,0.042897,0.147727,0.118829,0.102423,0.000000
3954450,15.2714,1,Pinky_Bend,BEND PINKY ONLY,5.2714,2896,2765,2733,3040,2919,2914,2788,8212.176814,7068.421053,6822.466960,9797.156398,8439.285714,8389.161727,7252.639633,0.006498,0.027526,0.047493,0.137492,0.109509,0.082847,-0.013428
3954500,15.2918,1,Pinky_Bend,BEND PINKY ONLY,5.2918,2898,2763,2719,3034,2916,2925,2799,8231.578947,7052.702703,6718.459302,9722.525919,8409.160305,8500.000000,7343.055556,0.008876,0.025241,0.031524,0.128827,0.105549,0.097154,-0.001128
3954550,15.3539,1,Pinky_Bend,BEND PINKY ONLY,5.3539,2891,2764,2728,3041,2921,2919,2799,8163.953488,7060.555973,6785.076811,9809.677419,8459.454855,8439.285714,7343.055556,0.000588,0.026382,0.041752,0.138946,0.112161,0.089317,-0.001128
3954600,15.3956,1,Pinky_Bend,BEND PINKY ONLY,5.3956,2895,2764,2721,3037,2924,2895,2788,8202.500000,7060.555973,6733.187773,9759.735350,8489.837746,8202.500000,7252.639633,0.005312,0.026382,0.033786,0.133148,0.116155,0.058754,-0.013428
3954650,15.5951,1,Pinky_Bend,BEND PINKY ONLY,5.5951,2895,2757,2716,3027,2919,2903,2799,8202.500000,7005.829596,6696.446701,9636.516854,8439.285714,8280.369128,7343.055556,0.005312,0.018427,0.028145,0.118841,0.109509,0.068805,-0.001128
3954700,15.5952,1,Pinky_Bend,BEND PINKY ONLY,5.5952,2889,2761,2726,3040,2933,2914,2796,8144.776119,7037.031484,6770.197224,9797.156398,8581.927711,8389.161727,7318.244804,-0.001762,0.022962,0.039468,0.137492,0.128262,0.082847,-0.004503
3954750,15.5952,1,Pinky_Bend,BEND PINKY ONLY,5.5952,2895,2762,2736,3036,2931,2895,2787,8202.500000,7044.861215,6845.033113,9747.308782,8561.340206,8202.500000,7244.495413,0.005312,0.024101,0.050958,0.131705,0.125556,0.058754,-0.014536
3954800,15.6163,1,Pinky_Bend,BEND PINKY ONLY,5.6163,2896,2756,2724,3027,2932,2902,2798,8212.176814,6998.058252,6755.361050,9636.516854,8571.625107,8270.578374,7334.772552,0.006498,0.017297,0.037190,0.118841,0.126908,0.067541,-0.002255
3954850,15.6579,1,Pinky_Bend,BEND PINKY ONLY,5.6579,2894,2766,2738,3059,2930,2921,2799,8192.839301,7076.297968,6860.132646,10039.189189,8551.072961,8459.454855,7343.055556,0.004128,0.028671,0.053276,0.165593,0.124206,0.091920,-0.001128
3954900,15.6989,1,Pinky_Bend,BEND PINKY ONLY,5.6989,2895,2766,2723,3041,2926,2909,2787,8202.500000,7076.297968,6747.959184,9809.677419,8510.179641,8339.460371,7244.495413,0.005312,0.028671,0.036054,0.138946,0.118829,0.076432,-0.014536
3954950,15.7614,1,Pinky_Bend,BEND PINKY ONLY,5.7614,2893,2758,2711,3026,2923,2920,2800,8183.194676,7013.612565,6659.971098,9624.321796,8479.692833,8449.361702,7351.351351,0.002946,0.019558,0.022544,0.117426,0.114821,0.090618,0.000000
3955000,15.8242,1,Pinky_Bend,BEND PINKY ONLY,5.8242,2884,2762,2733,3027,2931,2916,2798,8097.109827,7044.861215,6822.466960,9636.516854,8561.340206,8409.160305,7334.772552,-0.007604,0.024101,0.047493,0.118841,0.125556,0.085429,-0.002255
3955050,15.8658,1,Pinky_Bend,BEND PINKY ONLY,5.8658,2892,2763,2725,3023,2925,2910,2790,8173.566085,7052.702703,6762.773723,9587.873134,8500.000000,8349.367089,7268.965517,0.001766,0.025241,0.038328,0.113194,0.117491,0.077711,-0.011207
3955100,15.9079,1,Pinky_Bend,BEND PINKY ONLY,5.9079,2893,2754,2720,3017,2915,2917,2800,8183.194676,6982.550336,6725.818182,9515.584416,8399.152542,8419.185059,7351.351351,0.002946,0.015043,0.032654,0.104801,0.104233,0.086723,0.000000
3955150,15.9498,1,Pinky_Bend,BEND PINKY ONLY,5.9498,2886,2756,2733,3023,2928,2917,2798,8116.129032,6998.058252,6822.466960,9587.873134,8530.591260,8419.185059,7334.772552,-0.005273,0.017297,0.047493,0.113194,0.121513,0.086723,-0.002255
3955200,16.1125,1,Pinky_Bend,BEND PINKY ONLY,6.1125,2896,2760,2721,3022,2923,2906,2790,8212.176814,7029.213483,6733.187773,9575.768872,8479.692833,8309.840202,7268.965517,0.006498,0.021826,0.033786,0.111788,0.114821,0.072609,-0.011207
3955250,16.1125,1,Pinky_Bend,BEND PINKY ONLY,6.1125,2896,2752,2710,3010,2919,2911,2798,8212.176814,6967.088608,6652.707581,9432.258065,8439.285714,8359.290541,7334.772552,0.006498,0.012795,0.021429,0.095126,0.109509,0.078992,-0.002255
3955300,16.1125,1,Pinky_Bend,BEND PINKY ONLY,6.1125,2887,2756,2730,3011,2927,2888,2798,8125.662252,6998.058252,6800.000000,9444.095941,8520.376712,8135.211268,7334.772552,-0.004105,0.017297,0.044044,0.096501,0.120170,0.050068,-0.002255
3955350,16.1544,1,Pinky_Bend,BEND PINKY ONLY,6.1544,2891,2762,2720,3006,2920,2891,2789,8163.953488,7044.861215,6725.818182,9385.123967,8449.361702,8163.953488,7260.796325,0.000588,0.024101,0.032654,0.089654,0.110834,0.053778,-0.012318
3955400,16.1957,1,Pinky_Bend,BEND PINKY ONLY,6.1957,2885,2759,2714,2998,2920,2900,2799,8106.611570,7021.407186,6681.824765,9291.886964,8449.361702,8251.046025,7343.055556,-0.006440,0.020691,0.025900,0.078828,0.110834,0.065020,-0.001128
3955450,16.2373,1,Pinky_Bend,BEND PINKY ONLY,6.2373,2874,2762,2720,3006,2922,2901,2799,8002.948403,7044.861215,6725.818182,9385.123967,8469.565217,8260.804020,7343.055556,-0.019145,0.024101,0.032654,0.089654,0.113490,0.066279,-0.001128
3955500,16.2995,1,Pinky_Bend,BEND PINKY ONLY,6.2995,2884,2760,2720,3010,2922,2896,2788,8097.109827,7029.213483,6725.818182,9432.258065,8469.565217,8212.176814,7252.639633,-0.007604,0.021826,0.032654,0.095126,0.113490,0.060003,-0.013428
3955550,16.3407,1,Pinky_Bend,BEND PINKY ONLY,6.3407,2883,2756,2714,3003,2917,2908,2799,8087.623762,6998.058252,6681.824765,9350.000000,8419.185059,8329.570345,7343.055556,-0.008767,0.017297,0.025900,0.085576,0.106866,0.075155,-0.001128
3955600,16.4246,1,Pinky_Bend,BEND PINKY ONLY,6.4246,2876,2756,2726,3004,2922,2902,2798,8021.657096,6998.058252,6770.197224,9361.686526,8469.565217,8270.578374,7334.772552,-0.016852,0.017297,0.039468,0.086932,0.113490,0.067541,-0.002255
3955650,16.6228,1,Pinky_Bend,BEND PINKY ONLY,6.6228,2884,2758,2727,2993,2922,2892,2788,8097.109827,7013.612565,6777.631579,9234.301270,8469.565217,8173.566085,7252.639633,-0.007604,0.019558,0.040609,0.072142,0.113490,0.055019,-0.013428
3955700,16.6228,1,Pinky_Bend,BEND PINKY ONLY,6.6228,2881,2755,2719,2989,2919,2901,2799,8068.698517,6990.298507,6718.459302,9188.607595,8439.285714,8260.804020,7343.055556,-0.011087,0.016169,0.031524,0.066837,0.109509,0.066279,-0.001128
3955750,16.6229,1,Pinky_Bend,BEND PINKY ONLY,6.6229,2872,2754,2730,3001,2916,2893,2798,7984.300899,6982.550336,6800.000000,9326.691042,8409.160305,8183.194676,7334.772552,-0.021430,0.015043,0.044044,0.082869,0.105549,0.056262,-0.002255
3955800,16.6229,1,Pinky_Bend,BEND PINKY ONLY,6.6229,2881,2761,2728,2996,2916,2884,2787,8068.698517,7037.031484,6785.076811,9268.789809,8409.160305,8097.109827,7244.495413,-0.011087,0.022962,0.041752,0.076147,0.105549,0.045150,-0.014536
3955850,16.6648,1,Pinky_Bend,BEND PINKY ONLY,6.6648,2882,2752,2716,2992,2911,2893,2799,8078.153339,6967.088608,6696.446701,9222.846782,8359.290541,8183.194676,7343.055556,-0.009928,0.012795,0.028145,0.070813,0.098992,0.056262,-0.001128
3955900,16.7275,1,Pinky_Bend,BEND PINKY ONLY,6.7275,2879,2757,2724,3003,2917,2894,2798,8049.835526,7005.829596,6755.361050,9350.000000,8419.185059,8192.839301,7334.772552,-0.013398,0.018427,0.037190,0.085576,0.106866,0.057507,-0.002255
3955950,16.7693,1,Pinky_Bend,BEND PINKY ONLY,6.7693,2886,2758,2724,3007,2914,2887,2786,8116.129032,7013.612565,6755.361050,9396.875000,8389.161727,8125.662252,7236.363636,-0.005273,0.019558,0.037190,0.091018,0.102919,0.048836,-0.015642
3956000,16.7898,1,Pinky_Bend,BEND PINKY ONLY,6.7898,2884,2754,2715,2995,2903,2908,2799,8097.109827,6982.550336,6689.130435,9257.272727,8280.369128,8329.570345,7343.055556,-0.007604,0.015043,0.027021,0.074810,0.088616,0.075155,-0.001128
3956050,16.8529,1,Pinky_Bend,BEND PINKY ONLY,6.8529,2881,2762,2726,2998,2902,2897,2799,8068.698517,7044.861215,6770.197224,9291.886964,8270.578374,8221.869783,7343.055556,-0.011087,0.024101,0.039468,0.078828,0.087329,0.061254,-0.001128
3956100,16.8945,1,Pinky_Bend,BEND PINKY ONLY,6.8945,2894,2766,2718,3007,2899,2894,2789,8192.839301,7076.297968,6711.111111,9396.875000,8241.304348,8192.839301,7260.796325,0.004128,0.028671,0.030396,0.091018,0.083481,0.057507,-0.012318
3956150,16.9575,1,Pinky_Bend,BEND PINKY ONLY,6.9575,2896,2765,2707,2998,2898,2911,2800,8212.176814,7068.421053,6630.979827,9291.886964,8231.578947,8359.290541,7351.351351,0.006498,0.027526,0.018093,0.078828,0.082202,0.078992,0.000000
3956200,17.1451,1,Pinky_Bend,BEND PINKY ONLY,7.1451,2886,2762,2719,2998,2903,2901,2799,8116.129032,7044.861215,6718.459302,9291.886964,8280.369128,8260.804020,7343.055556,-0.005273,0.024101,0.031524,0.078828,0.088616,0.066279,-0.001128
3956250,17.1453,1,Pinky_Bend,BEND PINKY ONLY,7.1453,2899,2768,2720,2996,2901,2892,2789,8241.304348,7092.087415,6725.818182,9268.789809,8260.804020,8173.566085,7260.796325,0.010068,0.030966,0.032654,0.076147,0.086044,0.055019,-0.012318
3956300,17.1454,1,Pinky_Bend,BEND PINKY ONLY,7.1454,2910,2764,2714,2993,2903,2903,2799,8349.367089,7060.555973,6681.824765,9234.301270,8280.369128,8280.369128,7343.055556,0.023313,0.026382,0.025900,0.072142,0.088616,0.068805,-0.001128
3956350,17.1454,1,Pinky_Bend,BEND PINKY ONLY,7.1454,2895,2765,2734,2997,2910,2898,2799,8202.500000,7068.421053,6829.977957,9280.327869,8349.367089,8231.578947,7343.055556,0.005312,0.027526,0.048646,0.077486,0.097688,0.062507,-0.001128
3956400,17.2089,1,Pinky_Bend,BEND PINKY ONLY,7.2089,2901,2768,2728,2995,2910,2891,2787,8260.804020,7092.087415,6785.076811,9257.272727,8349.367089,8163.953488,7244.495413,0.012458,0.030966,0.041752,0.074810,0.097688,0.053778,-0.014536
3956450,17.2716,1,Pinky_Bend,BEND PINKY ONLY,7.2716,2899,2764,2718,2988,2900,2899,2798,8241.304348,7060.555973,6711.111111,9177.235772,8251.046025,8241.304348,7334.772552,0.010068,0.026382,0.030396,0.065517,0.084761,0.063762,-0.002255
3956500,17.2927,1,Pinky_Bend,BEND PINKY ONLY,7.2927,2887,2755,2733,2990,2905,2890,2798,8125.662252,6990.298507,6822.466960,9200.000000,8300.000000,8154.356846,7334.772552,-0.004105,0.016169,0.047493,0.068160,0.091197,0.052539,-0.002255
3956550,17.3765,1,Pinky_Bend,BEND PINKY ONLY,7.3765,2894,2771,2730,2989,2900,2881,2786,8192.839301,7115.861027,6800.000000,9188.607595,8251.046025,8068.698517,7236.363636,0.004128,0.034422,0.044044,0.066837,0.084761,0.041483,-0.015642
3956600,17.3977,1,Pinky_Bend,BEND PINKY ONLY,7.3977,2893,2771,2725,2977,2897,2887,2799,8183.194676,7115.861027,6762.773723,9053.488372,8221.869783,8125.662252,7343.055556,0.002946,0.034422,0.038328,0.051149,0.080926,0.048836,-0.001128
3956650,17.4386,1,Pinky_Bend,BEND PINKY ONLY,7.4386,2889,2778,2729,2985,2907,2885,2797,8144.776119,7171.753986,6792.532943,9143.243243,8319.696970,8106.611570,7326.502311,-0.001762,0.042547,0.042897,0.061570,0.093787,0.046377,-0.003380
3956700,17.6312,1,Pinky_Bend,BEND PINKY ONLY,7.6312,2895,2778,2723,2980,2900,2880,2786,8202.500000,7171.753986,6747.959184,9086.995516,8251.046025,8059.259259,7236.363636,0.005312,0.042547,0.036054,0.055040,0.084761,0.040264,-0.015642
3956750,17.6313,1,Pinky_Bend,BEND PINKY ONLY,7.6313,2894,2777,2714,2976,2903,2894,2798,8192.839301,7163.732929,6681.824765,9042.359249,8280.369128,8192.839301,7334.772552,0.004128,0.041381,0.025900,0.049857,0.088616,0.057507,-0.002255
3956800,17.6313,1,Pinky_Bend,BEND PINKY ONLY,7.6313,2879,2774,2731,2986,2908,2890,2796,8049.835526,7139.742619,6807.478006,9154.553652,8329.570345,8154.356846,7318.244804,-0.013398,0.037893,0.045192,0.062883,0.095085,0.052539,-0.004503
3956850,17.6524,1,Pinky_Bend,BEND PINKY ONLY,7.6524,2888,2773,2730,2986,2916,2876,2785,8135.211268,7131.770045,6800.000000,9154.553652,8409.160305,8021.657096,7228.244275,-0.002935,0.036734,0.044044,0.062883,0.105549,0.035411,-0.016746
3956900,17.7144,1,Pinky_Bend,BEND PINKY ONLY,7.7144,2884,2774,2715,2975,2908,2897,2798,8097.109827,7139.742619,6689.130435,9031.250000,8329.570345,8221.869783,7334.772552,-0.007604,0.037893,0.027021,0.048567,0.095085,0.061254,-0.002255
3956950,17.7774,1,Pinky_Bend,BEND PINKY ONLY,7.7774,2875,2774,2736,3027,2910,2917,2797,8012.295082,7139.742619,6845.033113,9636.516854,8349.367089,8419.185059,7326.502311,-0.017999,0.037893,0.050958,0.118841,0.097688,0.086723,-0.003380
3957000,17.8192,1,Pinky_Bend,BEND PINKY ONLY,7.8192,2882,2779,2722,3055,2915,2919,2795,8078.153339,7179.787234,6740.568099,9987.500000,8399.152542,8439.285714,7310.000000,-0.009928,0.043715,0.034919,0.159592,0.104233,0.089317,-0.005625
3957050,17.8605,1,Pinky_Bend,BEND PINKY ONLY,7.8605,2883,2773,2718,3028,2904,2938,2801,8087.623762,7131.770045,6711.111111,9648.734770,8290.176322,8633.707865,7359.659969,-0.008767,0.036734,0.030396,0.120260,0.089906,0.114413,0.001130
3957100,17.9024,1,Pinky_Bend,BEND PINKY ONLY,7.9024,2877,2771,2731,3075,2915,2939,2800,8031.034483,7115.861027,6807.478006,10250.000000,8399.152542,8644.117647,7351.351351,-0.015703,0.034422,0.045192,0.190070,0.104233,0.115756,0.000000
3957150,17.9442,1,Pinky_Bend,BEND PINKY ONLY,7.9442,2894,2773,2737,3091,2922,2925,2796,8192.839301,7131.770045,6852.577320,10467.529880,8469.565217,8500.000000,7318.244804,0.004128,0.036734,0.052116,0.215326,0.113490,0.097154,-0.004503
3957200,18.1595,1,Pinky_Bend,BEND PINKY ONLY,8.1595,2904,2766,2715,3112,2915,2912,2805,8290.176322,7076.297968,6689.130435,10763.784334,8399.152542,8369.230769,7393.023256,0.016058,0.028671,0.027021,0.249722,0.104233,0.080275,0.005669
3957250,18.1597,1,Pinky_Bend,BEND PINKY ONLY,8.1597,2891,2772,2736,3102,2922,2934,2800,8163.953488,7123.809524,6845.033113,10621.148036,8469.565217,8592.248062,7351.351351,0.000588,0.035577,0.050958,0.233161,0.113490,0.109061,0.000000
3957300,18.1598,1,Pinky_Bend,BEND PINKY ONLY,8.1598,2894,2771,2728,3112,2917,2927,2788,8192.839301,7115.861027,6785.076811,10763.784334,8419.185059,8520.376712,7252.639633,0.004128,0.034422,0.041752,0.249722,0.106866,0.099784,-0.013428
3957350,18.1598,1,Pinky_Bend,BEND PINKY ONLY,8.1598,2894,2773,2721,3099,2908,2932,2800,8192.839301,7131.770045,6733.187773,10578.915663,8329.570345,8571.625107,7351.351351,0.004128,0.036734,0.033786,0.228258,0.095085,0.106399,0.000000
3957400,18.2016,1,Pinky_Bend,BEND PINKY ONLY,8.2016,2891,2776,2735,3092,2916,2919,2799,8163.953488,7155.724033,6837.500000,10481.355932,8409.160305,8439.285714,7343.055556,0.000588,0.040217,0.049801,0.216931,0.105549,0.089317,-0.001128
3957450,18.2428,1,Pinky_Bend,BEND PINKY ONLY,8.2428,2894,2779,2733,3086,2912,2901,2787,8192.839301,7179.787234,6822.466960,10398.810704,8369.230769,8260.804020,7244.495413,0.004128,0.043715,0.047493,0.207347,0.100299,0.066279,-0.014536
3957500,18.3055,1,Pinky_Bend,BEND PINKY ONLY,8.3055,2895,2774,2720,3081,2908,2896,2799,8202.500000,7139.742619,6725.818182,10330.769231,8329.570345,8212.176814,7343.055556,0.005312,0.037893,0.032654,0.199447,0.095085,0.060003,-0.001128
3957550,18.3467,1,Pinky_Bend,BEND PINKY ONLY,8.3467,2885,2780,2730,3103,2924,2889,2798,8106.611570,7187.832700,6800.000000,10635.282258,8489.837746,8144.776119,7334.772552,-0.006440,0.044884,0.044044,0.234802,0.116155,0.051303,-0.002255
3957600,18.4092,1,Pinky_Bend,BEND PINKY ONLY,8.4092,2902,2778,2727,3102,2923,2877,2789,8270.578374,7171.753986,6777.631579,10621.148036,8479.692833,8031.034483,7260.796325,0.013656,0.042547,0.040609,0.233161,0.114821,0.036621,-0.012318
3957650,18.4513,1,Pinky_Bend,BEND PINKY ONLY,8.4513,2900,2774,2707,3076,2911,2894,2799,8251.046025,7139.742619,6630.979827,10263.395486,8359.290541,8192.839301,7343.055556,0.011262,0.037893,0.018093,0.191625,0.098992,0.057507,-0.001128
3957700,18.6370,1,Pinky_Bend,BEND PINKY ONLY,8.6370,2896,2777,2724,3108,2917,2881,2797,8212.176814,7163.732929,6755.361050,10706.382979,8419.185059,8068.698517,7326.502311,0.006498,0.041381,0.037190,0.243058,0.106866,0.041483,-0.003380
3957750,18.6371,1,Pinky_Bend,BEND PINKY ONLY,8.6371,2903,2783,2726,3088,2914,2865,2786,8280.369128,7212.042683,6770.197224,10426.216485,8389.161727,7919.512195,7236.363636,0.014856,0.048404,0.039468,0.210529,0.102919,0.022226,-0.015642
3957800,18.6371,1,Pinky_Bend,BEND PINKY ONLY,8.6371,2907,2779,2707,3086,2907,2885,2799,8319.696970,7179.787234,6630.979827,10398.810704,8319.696970,8106.611570,7343.055556,0.019676,0.043715,0.018093,0.207347,0.093787,0.046377,-0.001128
3957850,18.6371,1,Pinky_Bend,BEND PINKY ONLY,8.6371,2915,2779,2720,3105,2919,2910,2800,8399.152542,7179.787234,6725.818182,10663.636364,8439.285714,8349.367089,7351.351351,0.029414,0.043715,0.032654,0.238095,0.109509,0.077711,0.000000
3957900,18.6784,1,Pinky_Bend,BEND PINKY ONLY,8.6784,2927,2775,2716,3089,2916,2893,2788,8520.376712,7147.727273,6696.446701,10439.960239,8409.160305,8183.194676,7252.639633,0.044272,0.039054,0.028145,0.212125,0.105549,0.056262,-0.013428
3957950,18.7622,1,Pinky_Bend,BEND PINKY ONLY,8.7622,2921,2770,2711,3066,2914,2907,2799,8459.454855,7107.924528,6659.971098,10130.612245,8389.161727,8319.696970,7343.055556,0.036805,0.033268,0.022544,0.176208,0.102919,0.073881,-0.001128
3958000,18.8031,1,Pinky_Bend,BEND PINKY ONLY,8.8031,2913,2765,2712,3087,3059,2892,2798,8379.187817,7068.421053,6667.245119,10412.500000,10039.189189,8173.566085,7334.772552,0.026968,0.027526,0.023661,0.208936,0.319848,0.055019,-0.002255
3958050,18.8453,1,Pinky_Bend,BEND PINKY ONLY,8.8453,2916,2773,2714,3101,3055,2900,2789,8409.160305,7131.770045,6681.824765,10607.042254,9987.500000,8251.046025,7260.796325,0.030641,0.036734,0.025900,0.231524,0.313052,0.065020,-0.012318
3958100,18.9087,1,Pinky_Bend,BEND PINKY ONLY,8.9087,2912,2774,2703,3081,2911,2904,2799,8369.230769,7139.742619,6602.155172,10330.769231,8359.290541,8290.176322,7343.055556,0.025747,0.037893,0.013667,0.199447,0.098992,0.070071,-0.001128
3958150,18.9505,1,Pinky_Bend,BEND PINKY ONLY,8.9505,2903,2777,2708,3075,2916,2914,2799,8280.369128,7163.732929,6638.211968,10250.000000,8409.160305,8389.161727,7343.055556,0.014856,0.041381,0.019203,0.190070,0.105549,0.082847,-0.001128
3958200,19.0276,1,Pinky_Bend,BEND PINKY ONLY,9.0276,2912,2781,2702,3068,2915,2910,2788,8369.230769,7195.890411,6594.974874,10156.962025,8399.152542,8349.367089,7252.639633,0.025747,0.046056,0.012565,0.179267,0.104233,0.077711,-0.013428
3958250,19.1917,1,Pinky_Bend,BEND PINKY ONLY,9.1917,2920,2779,2687,3049,2911,2923,2799,8449.361702,7179.787234,6488.494318,9910.707457,8359.290541,8479.692833,7343.055556,0.035568,0.043715,-0.003784,0.150676,0.098992,0.094533,-0.001128
3958300,19.1918,1,Pinky_Bend,BEND PINKY ONLY,9.1918,2913,2780,2702,3075,2918,2898,2800,8379.187817,7187.832700,6594.974874,10250.000000,8429.226848,8231.578947,7351.351351,0.026968,0.044884,0.012565,0.190070,0.108187,0.062507,0.000000
3958350,19.1918,1,Pinky_Bend,BEND PINKY ONLY,9.1918,2919,2784,2700,3069,2913,2889,2791,8439.285714,7220.137300,6580.645161,10170.175439,8379.187817,8144.776119,7277.147239,0.034333,0.049580,0.010365,0.180802,0.101608,0.051303,-0.010094
3958400,19.1918,1,Pinky_Bend,BEND PINKY ONLY,9.1918,2925,2778,2682,3058,2911,2892,2800,8500.000000,7171.753986,6453.503185,10026.229508,8359.290541,8173.566085,7351.351351,0.041775,0.042547,-0.009156,0.164089,0.098992,0.055019,0.000000
3958450,19.2539,1,Pinky_Bend,BEND PINKY ONLY,9.2539,2923,2792,2695,3063,2911,2890,2800,8479.692833,7285.341520,6545.000000,10091.279070,8359.290541,8154.356846,7351.351351,0.039286,0.059059,0.004892,0.171641,0.098992,0.052539,0.000000
3958500,19.3166,1,Pinky_Bend,BEND PINKY ONLY,9.3166,2935,2793,2692,3060,2901,2882,2789,8602.586207,7293.548387,6523.734854,10052.173913,8260.804020,8078.153339,7260.796325,0.054348,0.060252,0.001627,0.167101,0.086044,0.042703,-0.012318
3958550,19.3376,1,Pinky_Bend,BEND PINKY ONLY,9.3376,2934,2789,2685,3046,2898,2901,2799,8592.248062,7260.796325,6474.468085,9872.640610,8231.578947,8260.804020,7343.055556,0.053081,0.055491,-0.005937,0.146256,0.082202,0.066279,-0.001128
3958600,19.4010,1,Pinky_Bend,BEND PINKY ONLY,9.4010,2931,2789,2696,3042,2906,2881,2797,8561.340206,7260.796325,6552.108649,9822.222222,8309.840202,8068.698517,7326.502311,0.049292,0.055491,0.005983,0.140403,0.092491,0.041483,-0.003380
3958650,19.4432,1,Pinky_Bend,BEND PINKY ONLY,9.4432,2939,2787,2698,3037,2908,2884,2790,8644.117647,7244.495413,6566.356478,9759.735350,8329.570345,8097.109827,7268.965517,0.059438,0.053121,0.008171,0.133148,0.095085,0.045150,-0.011207
3958700,19.5065,1,Pinky_Bend,BEND PINKY ONLY,9.5065,2935,2786,2688,3028,2901,2893,2800,8602.586207,7236.363636,6495.522388,9648.734770,8260.804020,8183.194676,7351.351351,0.054348,0.051939,-0.002705,0.120260,0.086044,0.056262,0.000000
3958750,19.6755,1,Pinky_Bend,BEND PINKY ONLY,9.6755,2924,2789,2699,3039,2906,2889,2799,8489.837746,7260.796325,6573.495702,9784.659091,8309.840202,8144.776119,7343.055556,0.040529,0.055491,0.009267,0.136041,0.092491,0.051303,-0.001128
3958800,19.6756,1,Pinky_Bend,BEND PINKY ONLY,9.6756,2933,2790,2696,3047,2908,2879,2788,8581.927711,7268.965517,6552.108649,9885.305344,8329.570345,8049.835526,7252.639633,0.051816,0.056678,0.005983,0.147727,0.095085,0.039048,-0.013428
3958850,19.6756,1,Pinky_Bend,BEND PINKY ONLY,9.6756,2931,2783,2686,3030,2907,2884,2799,8561.340206,7212.042683,6481.476224,9673.239437,8319.696970,8097.109827,7343.055556,0.049292,0.048404,-0.004861,0.123105,0.093787,0.045150,-0.001128
3958900,19.6967,1,Pinky_Bend,BEND PINKY ONLY,9.6967,2923,2781,2699,3033,2912,2890,2799,8479.692833,7195.890411,6573.495702,9710.169492,8369.230769,8154.356846,7343.055556,0.039286,0.046056,0.009267,0.127393,0.100299,0.052539,-0.001128
3958950,19.7591,1,Pinky_Bend,BEND PINKY ONLY,9.7591,2935,2784,2702,3042,2908,2873,2787,8602.586207,7220.137300,6594.974874,9822.222222,8329.570345,7993.617021,7244.495413,0.054348,0.049580,0.012565,0.140403,0.095085,0.031792,-0.014536
3959000,19.8214,1,Pinky_Bend,BEND PINKY ONLY,9.8214,2933,2781,2693,3035,2901,2883,2798,8581.927711,7195.890411,6530.813124,9734.905660,8260.804020,8087.623762,7334.772552,0.051816,0.046056,0.002714,0.130265,0.086044,0.043926,-0.002255
3959050,19.8636,1,Pinky_Bend,BEND PINKY ONLY,9.8636,2928,2773,2710,3039,2912,2879,2798,8530.591260,7131.770045,6652.707581,9784.659091,8369.230769,8049.835526,7334.772552,0.045524,0.036734,0.021429,0.136041,0.100299,0.039048,-0.002255
3959100,19.9056,1,Pinky_Bend,BEND PINKY ONLY,9.9056,2934,2777,2703,3040,2911,2867,2787,8592.248062,7163.732929,6602.155172,9797.156398,8359.290541,7937.947883,7244.495413,0.053081,0.041381,0.013667,0.137492,0.098992,0.024606,-0.014536
3959150,19.9472,1,Pinky_Bend,BEND PINKY ONLY,9.9472,2931,2775,2689,3021,2905,2878,2799,8561.340206,7147.727273,6502.560455,9563.687151,8300.000000,8040.427280,7343.055556,0.049292,0.039054,-0.001624,0.110386,0.091197,0.037834,-0.001128
3959200,20.0236,2,Open_2,OPEN HAND - relax,0.0236,2920,2778,2697,3022,2911,2875,2799,8449.361702,7171.753986,6559.227468,9575.768872,8359.290541,8012.295082,7343.055556,0.035568,0.042547,0.007076,0.111788,0.098992,0.034202,-0.001128
3959250,20.0441,2,Open_2,OPEN HAND - relax,0.0441,2932,2780,2698,3010,2913,2866,2791,8571.625107,7187.832700,6566.356478,9432.258065,8379.187817,7928.722539,7277.147239,0.050553,0.044884,0.008171,0.095126,0.101608,0.023415,-0.010094
3959300,20.1957,2,Open_2,OPEN HAND - relax,0.1957,2929,2780,2696,3010,2911,2887,2800,8540.823328,7187.832700,6552.108649,9432.258065,8359.290541,8125.662252,7351.351351,0.046778,0.044884,0.005983,0.095126,0.098992,0.048836,0.000000
3959350,20.1958,2,Open_2,OPEN HAND - relax,0.1958,2918,2790,2704,3015,2927,2871,2799,8429.226848,7268.965517,6609.345794,9491.666667,8520.376712,7975.000000,7343.055556,0.033100,0.056678,0.014771,0.102024,0.120170,0.029389,-0.001128
3959400,20.2163,2,Open_2,OPEN HAND - relax,0.2163,2926,2791,2704,3013,2912,2888,2793,8510.179641,7277.147239,6609.345794,9467.837338,8369.230769,8135.211268,7293.548387,0.043022,0.057868,0.014771,0.099257,0.100299,0.050068,-0.007863
3959450,20.2580,2,Open_2,OPEN HAND - relax,0.2580,2926,2781,2697,3007,2913,2896,2799,8510.179641,7195.890411,6559.227468,9396.875000,8379.187817,8212.176814,7343.055556,0.043022,0.046056,0.007076,0.091018,0.101608,0.060003,-0.001128
3959500,20.3213,2,Open_2,OPEN HAND - relax,0.3213,2919,2785,2707,3017,2914,2898,2799,8439.285714,7228.244275,6630.979827,9515.584416,8389.161727,8231.578947,7343.055556,0.034333,0.050759,0.018093,0.104801,0.102919,0.062507,-0.001128
3959550,20.3632,2,Open_2,OPEN HAND - relax,0.3632,2927,2783,2704,2999,2922,2889,2788,8520.376712,7212.042683,6609.345794,9303.467153,8469.565217,8144.776119,7252.639633,0.044272,0.048404,0.014771,0.080173,0.113490,0.051303,-0.013428
3959600,20.4046,2,Open_2,OPEN HAND - relax,0.4046,2931,2776,2695,2992,2909,2897,2798,8561.340206,7155.724033,6545.000000,9222.846782,8339.460371,8221.869783,7334.772552,0.049292,0.040217,0.004892,0.070813,0.096385,0.061254,-0.002255
3959650,20.4468,2,Open_2,OPEN HAND - relax,0.4468,2933,2790,2699,2992,2908,2880,2794,8581.927711,7268.965517,6573.495702,9222.846782,8329.570345,8059.259259,7301.767871,0.051816,0.056678,0.009267,0.070813,0.095085,0.040264,-0.006745
3959700,20.5093,2,Open_2,OPEN HAND - relax,0.5093,2941,2788,2702,3023,2922,2877,2786,8664.991334,7252.639633,6594.974874,9587.873134,8469.565217,8031.034483,7236.363636,0.061996,0.054305,0.012565,0.113194,0.113490,0.036621,-0.015642
3959750,20.6941,2,Open_2,OPEN HAND - relax,0.6941,2942,2785,2695,3051,2929,2900,2798,8675.455334,7228.244275,6545.000000,9936.206897,8540.823328,8251.046025,7334.772552,0.063279,0.050759,0.004892,0.153637,0.122858,0.065020,-0.002255
3959800,20.6941,2,Open_2,OPEN HAND - relax,0.6941,2929,2788,2710,3089,3231,2933,2798,8540.823328,7252.639633,6652.707581,10439.960239,12714.583333,8581.927711,7334.772552,0.046778,0.054305,0.021429,0.212125,0.671581,0.107729,-0.002255
3959850,20.6941,2,Open_2,OPEN HAND - relax,0.6941,2944,2783,2705,3166,3188,2935,2781,8696.437880,7212.042683,6616.546763,11587.082885,11950.606395,8602.586207,7195.890411,0.065850,0.048404,0.015877,0.345311,0.571141,0.110395,-0.021147
3959900,20.6941,2,Open_2,OPEN HAND - relax,0.6941,2942,2783,2709,3164,3090,2955,2796,8675.455334,7212.042683,6645.454545,11554.887218,10453.731343,8813.157895,7318.244804,0.063279,0.048404,0.020315,0.341573,0.374347,0.137575,-0.004503
3959950,20.7563,2,Open_2,OPEN HAND - relax,0.7563,2932,2786,2718,3137,3054,2956,2794,8571.625107,7236.363636,6711.111111,11133.402923,9974.639769,8823.880597,7301.767871,0.050553,0.051939,0.030396,0.292636,0.311361,0.138959,-0.006745
3960000,20.8190,2,Open_2,OPEN HAND - relax,0.8190,2936,2780,2713,3137,3012,2945,2783,8612.942192,7187.832700,6674.529667,11133.402923,9455.955679,8706.956522,7212.042683,0.055617,0.044884,0.024779,0.292636,0.243170,0.123867,-0.018950
3960050,20.8599,2,Open_2,OPEN HAND - relax,0.8599,2939,2774,2681,3152,2966,2955,2792,8644.117647,7139.742619,6446.534653,11364.581124,8932.152347,8813.157895,7285.341520,0.059438,0.037893,-0.010226,0.319477,0.174306,0.137575,-0.008979
3960100,20.9024,2,Open_2,OPEN HAND - relax,0.9024,2925,2774,2702,3308,2954,2972,2789,8500.000000,7139.742619,6594.974874,14291.232529,8802.453988,8998.040962,7260.796325,0.041775,0.037893,0.012565,0.659274,0.157255,0.161439,-0.012318
3960150,20.9652,2,Open_2,OPEN HAND - relax,0.9652,2936,2773,2719,3292,2958,2941,2782,8612.942192,7131.770045,6718.459302,13938.729763,8845.382586,8664.991334,7203.960396,0.055617,0.036734,0.031524,0.618347,0.162898,0.118450,-0.020050
3960200,21.0073,2,Open_2,OPEN HAND - relax,1.0073,2917,2770,2703,3267,2935,2945,2795,8419.185059,7107.924528,6602.155172,13415.217391,8602.586207,8706.956522,7310.000000,0.031870,0.033268,0.013667,0.557565,0.130978,0.123867,-0.005625
3960250,21.0490,2,Open_2,OPEN HAND - relax,1.0490,2914,2775,2718,3323,2943,2948,2797,8389.161727,7147.727273,6711.111111,14634.974093,8685.937500,8738.622493,7326.502311,0.028190,0.039054,0.030396,0.699184,0.141936,0.127955,-0.003380
3960300,21.2351,2,Open_2,OPEN HAND - relax,1.2351,2906,2778,2710,3282,2924,2957,2792,8309.840202,7171.753986,6652.707581,13725.461255,8489.837746,8834.622144,7285.341520,0.018468,0.042547,0.021429,0.593586,0.116155,0.140346,-0.008979
3960350,21.2351,2,Open_2,OPEN HAND - relax,1.2351,2909,2778,2693,3257,2920,2954,2800,8339.460371,7171.753986,6530.813124,13214.558473,8449.361702,8802.453988,7351.351351,0.022099,0.042547,0.002714,0.534268,0.110834,0.136194,0.000000
3960400,21.2352,2,Open_2,OPEN HAND - relax,1.2352,2893,2772,2702,3289,2929,2959,2800,8183.194676,7123.809524,6594.974874,13874.193548,8540.823328,8856.161972,7351.351351,0.002946,0.035577,0.012565,0.610854,0.122858,0.143126,0.000000
3960450,21.2563,2,Open_2,OPEN HAND - relax,1.2563,2900,2775,2701,3261,2942,2959,2790,8251.046025,7147.727273,6587.804878,13294.244604,8675.455334,8856.161972,7268.965517,0.011262,0.039054,0.011464,0.543520,0.140558,0.143126,-0.011207
3960500,21.2975,2,Open_2,OPEN HAND - relax,1.2975,2903,2769,2689,3278,2919,2953,2800,8280.369128,7100.000000,6502.560455,13641.615667,8439.285714,8791.768827,7351.351351,0.014856,0.032116,-0.001624,0.583851,0.109509,0.134815,0.000000
3960550,21.3392,2,Open_2,OPEN HAND - relax,1.3392,2896,2773,2702,3244,2934,2953,2799,8212.176814,7131.770045,6594.974874,12960.752056,8592.248062,8791.768827,7343.055556,0.006498,0.036734,0.012565,0.504800,0.129619,0.134815,-0.001128
3960600,21.4011,2,Open_2,OPEN HAND - relax,1.4011,2906,2768,2704,3252,2940,2946,2788,8309.840202,7092.087415,6609.345794,13116.014235,8654.545455,8717.493473,7252.639633,0.018468,0.030966,0.014771,0.522826,0.137809,0.125227,-0.013428
3960650,21.4631,2,Open_2,OPEN HAND - relax,1.4631,2901,2769,2696,3247,2930,2959,2800,8260.804020,7100.000000,6552.108649,13018.632075,8551.072961,8856.161972,7351.351351,0.012458,0.032116,0.005983,0.511520,0.124206,0.143126,0.000000
3960700,21.4835,2,Open_2,OPEN HAND - relax,1.4835,2892,2772,2709,3238,2939,2965,2799,8173.566085,7123.809524,6645.454545,12846.207701,8644.117647,8921.238938,7343.055556,0.001766,0.035577,0.020315,0.491501,0.136438,0.151526,-0.001128
3960750,21.5679,2,Open_2,OPEN HAND - relax,1.5679,2898,2768,2704,3221,2924,2958,2789,8231.578947,7092.087415,6609.345794,12530.205950,8489.837746,8845.382586,7260.796325,0.008876,0.030966,0.014771,0.454811,0.116155,0.141735,-0.012318
3960800,21.7537,2,Open_2,OPEN HAND - relax,1.7537,2900,2766,2690,3212,2913,2971,2800,8251.046025,7076.297968,6509.608541,12367.836920,8379.187817,8987.010676,7351.351351,0.011262,0.028671,-0.000542,0.435960,0.101608,0.160016,0.000000
3960850,21.7538,2,Open_2,OPEN HAND - relax,1.7538,2893,2763,2702,3195,2926,2979,2799,8183.194676,7052.702703,6594.974874,12070.000000,8510.179641,9075.806452,7343.055556,0.002946,0.025241,0.012565,0.401379,0.118829,0.171477,-0.001128
3960900,21.7538,2,Open_2,OPEN HAND - relax,1.7538,2906,2765,2710,3202,2922,2958,2792,8309.840202,7068.421053,6652.707581,12191.265398,8469.565217,8845.382586,7285.341520,0.018468,0.027526,0.021429,0.415459,0.113490,0.141735,-0.008979
3960950,21.7538,2,Open_2,OPEN HAND - relax,1.7538,2909,2764,2700,3218,2915,2960,2801,8339.460371,7060.555973,6580.645161,12475.712657,8399.152542,8866.960352,7359.659969,0.022099,0.026382,0.010365,0.448484,0.104233,0.144520,0.001130
3961000,21.8170,2,Open_2,OPEN HAND - relax,1.8170,2899,2762,2707,3215,2928,2951,2801,8241.304348,7044.861215,6630.979827,12421.590909,8530.591260,8770.454545,7359.659969,0.010068,0.024101,0.018093,0.442201,0.121513,0.132063,0.001130
3961050,21.8592,2,Open_2,OPEN HAND - relax,1.8592,2904,2765,2704,3187,2922,2941,2796,8290.176322,7068.421053,6609.345794,11933.700441,8469.565217,8664.991334,7318.244804,0.016058,0.027526,0.014771,0.385554,0.113490,0.118450,-0.004503
3961100,21.9216,2,Open_2,OPEN HAND - relax,1.9216,2903,2763,2698,3167,2901,2955,2804,8280.369128,7052.702703,6566.356478,11603.232759,8260.804020,8813.157895,7384.663052,0.014856,0.025241,0.008171,0.347186,0.086044,0.137575,0.004531
3961150,21.9642,2,Open_2,OPEN HAND - relax,1.9642,2894,2765,2708,3176,2905,2948,2802,8192.839301,7068.421053,6638.211968,11750.163221,8300.000000,8738.622493,7367.981439,0.004128,0.027526,0.019203,0.364245,0.091197,0.127955,0.002262
3961200,22.0274,2,Open_2,OPEN HAND - relax,2.0274,2906,2767,2707,3174,2905,2935,2798,8309.840202,7084.186747,6630.979827,11717.263844,8300.000000,8602.586207,7334.772552,0.018468,0.029817,0.018093,0.360425,0.091197,0.110395,-0.002255
3961250,22.0487,2,Open_2,OPEN HAND - relax,2.0487,2903,2761,2693,3159,2914,2951,2807,8280.369128,7037.031484,6530.813124,11475.000000,8389.161727,8770.454545,7409.782609,0.014856,0.022962,0.002714,0.332297,0.102919,0.132063,0.007948
3961300,22.0903,2,Open_2,OPEN HAND - relax,2.0903,2896,2768,2703,3153,2907,2954,2806,8212.176814,7092.087415,6602.155172,11380.254777,8319.696970,8802.453988,7401.396431,0.006498,0.030966,0.013667,0.321297,0.093787,0.136194,0.006808
3961350,22.2542,2,Open_2,OPEN HAND - relax,2.2542,2899,2765,2700,3147,2902,2936,2797,8241.304348,7068.421053,6580.645161,11286.708861,8270.578374,8612.942192,7326.502311,0.010068,0.027526,0.010365,0.310436,0.087329,0.111732,-0.003380
3961400,22.2543,2,Open_2,OPEN HAND - relax,2.2543,2895,2760,2686,3135,2895,2945,2803,8202.500000,7029.213483,6481.476224,11103.125000,8202.500000,8706.956522,7376.315789,0.005312,0.021826,-0.004861,0.289121,0.078379,0.123867,0.003396
3961450,22.2543,2,Open_2,OPEN HAND - relax,2.2543,2886,2759,2700,3165,2911,2942,2801,8116.129032,7021.407186,6580.645161,11570.967742,8359.290541,8675.455334,7359.659969,-0.005273,0.020691,0.010365,0.343440,0.098992,0.119801,0.001130
3961500,22.3167,2,Open_2,OPEN HAND - relax,2.3167,2890,2763,2697,3180,2903,2930,2797,8154.356846,7052.702703,6559.227468,11816.393443,8280.369128,8551.072961,7326.502311,-0.000588,0.025241,0.007076,0.371935,0.088616,0.103746,-0.003380
3961550,22.3590,2,Open_2,OPEN HAND - relax,2.3590,2890,2753,2689,3183,2901,2935,2801,8154.356846,6974.813711,6502.560455,11866.447368,8260.804020,8602.586207,7359.659969,-0.000588,0.013918,-0.001624,0.377746,0.086044,0.110395,0.001130
3961600,22.4013,2,Open_2,OPEN HAND - relax,2.4013,2880,2759,2702,3182,2906,2929,2801,8059.259259,7021.407186,6594.974874,11849.726177,8309.840202,8540.823328,7359.659969,-0.012243,0.020691,0.012565,0.375805,0.092491,0.102423,0.001130
3961650,22.4426,2,Open_2,OPEN HAND - relax,2.4426,2887,2762,2700,3183,2908,2918,2795,8125.662252,7044.861215,6580.645161,11866.447368,8329.570345,8429.226848,7310.000000,-0.004105,0.024101,0.010365,0.377746,0.095085,0.088019,-0.005625
3961700,22.5050,2,Open_2,OPEN HAND - relax,2.5050,2883,2755,2691,3165,2897,2932,2801,8087.623762,6990.298507,6516.666667,11570.967742,8221.869783,8571.625107,7359.659969,-0.008767,0.016169,0.000542,0.343440,0.080926,0.106399,0.001130
3961750,22.5475,2,Open_2,OPEN HAND - relax,2.5475,2877,2764,2702,3163,2895,2928,2801,8031.034483,7060.555973,6594.974874,11538.841202,8202.500000,8530.591260,7359.659969,-0.015703,0.026382,0.012565,0.339710,0.078379,0.101103,0.001130
3961800,22.6105,2,Open_2,OPEN HAND - relax,2.6105,2886,2765,2702,3148,2896,2923,2796,8116.129032,7068.421053,6594.974874,11302.217529,8212.176814,8479.692833,7318.244804,-0.005273,0.027526,0.012565,0.312237,0.079651,0.094533,-0.004503
3961850,22.7751,2,Open_2,OPEN HAND - relax,2.7751,2885,2755,2685,3137,2896,2930,2801,8106.611570,6990.298507,6474.468085,11133.402923,8212.176814,8551.072961,7359.659969,-0.006440,0.016169,-0.005937,0.292636,0.079651,0.103746,0.001130
3961900,22.7752,2,Open_2,OPEN HAND - relax,2.7752,2877,2763,2698,3138,2904,2920,2801,8031.034483,7052.702703,6566.356478,11148.589342,8290.176322,8449.361702,7359.659969,-0.015703,0.025241,0.008171,0.294400,0.089906,0.090618,0.001130
3961950,22.7752,2,Open_2,OPEN HAND - relax,2.7752,2888,2767,2693,3139,2906,2905,2795,8135.211268,7084.186747,6530.813124,11163.807531,8309.840202,8300.000000,7310.000000,-0.002935,0.029817,0.002714,0.296167,0.092491,0.071339,-0.005625
3962000,22.8173,2,Open_2,OPEN HAND - relax,2.8173,2888,2754,2688,3125,2908,2918,2803,8135.211268,6982.550336,6495.522388,10953.608247,8329.570345,8429.226848,7376.315789,-0.002935,0.015043,-0.002705,0.271761,0.095085,0.088019,0.003396
3962050,22.8591,2,Open_2,OPEN HAND - relax,2.8591,2880,2761,2700,3138,2914,2917,2800,8059.259259,7037.031484,6580.645161,11148.589342,8389.161727,8419.185059,7351.351351,-0.012243,0.022962,0.010365,0.294400,0.102919,0.086723,0.000000
3962100,22.9004,2,Open_2,OPEN HAND - relax,2.9004,2885,2765,2691,3127,2905,2906,2795,8106.611570,7068.421053,6516.666667,10983.264463,8300.000000,8309.840202,7310.000000,-0.006440,0.027526,0.000542,0.275205,0.091197,0.072609,-0.005625
3962150,22.9419,2,Open_2,OPEN HAND - relax,2.9419,2885,2756,2682,3118,2899,2927,2802,8106.611570,6998.058252,6453.503185,10850.767656,8241.304348,8520.376712,7367.981439,-0.006440,0.017297,-0.009156,0.259821,0.083481,0.099784,0.002262
3962200,23.0052,2,Open_2,OPEN HAND - relax,3.0052,2875,2763,2692,3122,2902,2912,2800,8012.295082,7052.702703,6523.734854,10909.352518,8270.578374,8369.230769,7351.351351,-0.017999,0.025241,0.001627,0.266623,0.087329,0.080275,0.000000
3962250,23.0464,2,Open_2,OPEN HAND - relax,3.0464,2880,2764,2689,3119,2900,2888,2794,8059.259259,7060.555973,6502.560455,10865.368852,8251.046025,8135.211268,7301.767871,-0.012243,0.026382,-0.001624,0.261517,0.084761,0.050068,-0.006745
3962300,23.1092,2,Open_2,OPEN HAND - relax,3.1092,2879,2759,2684,3129,2895,2919,2803,8049.835526,7021.407186,6467.469880,11013.043478,8202.500000,8439.285714,7376.315789,-0.013398,0.020691,-0.007012,0.278662,0.078379,0.089317,0.003396
3962350,23.3458,2,Open_2,OPEN HAND - relax,3.3458,2872,2764,2701,3163,2909,2916,2801,7984.300899,7060.555973,6587.804878,11538.841202,8339.460371,8409.160305,7359.659969,-0.021430,0.026382,0.011464,0.339710,0.096385,0.085429,0.001130
3962400,23.3459,2,Open_2,OPEN HAND - relax,3.3459,2883,2768,2701,3201,2901,2910,2793,8087.623762,7092.087415,6587.804878,12173.825503,8260.804020,8349.367089,7293.548387,-0.008767,0.030966,0.011464,0.413434,0.086044,0.077711,-0.007863
3962450,23.3459,2,Open_2,OPEN HAND - relax,3.3459,2884,2757,2686,3184,2911,2935,2803,8097.109827,7005.829596,6481.476224,11883.205269,8359.290541,8602.586207,7376.315789,-0.007604,0.018427,-0.004861,0.379692,0.098992,0.110395,0.003396
3962500,23.3459,2,Open_2,OPEN HAND - relax,3.3459,2876,2765,2702,3164,2910,2934,2801,8021.657096,7068.421053,6594.974874,11554.887218,8349.367089,8592.248062,7359.659969,-0.016852,0.027526,0.012565,0.341573,0.097688,0.109061,0.001130
3962550,23.3669,2,Open_2,OPEN HAND - relax,3.3669,2881,2767,2696,3179,2901,2924,2793,8068.698517,7084.186747,6552.108649,11799.781659,8260.804020,8489.837746,7293.548387,-0.011087,0.029817,0.005983,0.370006,0.086044,0.095842,-0.007863
3962600,23.4091,2,Open_2,OPEN HAND - relax,3.4091,2884,2758,2680,3160,2890,2929,2803,8097.109827,7013.612565,6439.575972,11490.909091,8154.356846,8540.823328,7376.315789,-0.007604,0.019558,-0.011294,0.334144,0.072050,0.102423,0.003396
3962650,23.4927,2,Open_2,OPEN HAND - relax,3.4927,2876,2762,2695,3165,2900,2932,2801,8021.657096,7044.861215,6545.000000,11570.967742,8251.046025,8571.625107,7359.659969,-0.016852,0.024101,0.004892,0.343440,0.084761,0.106399,0.001130
3962700,23.5137,2,Open_2,OPEN HAND - relax,3.5137,2884,2763,2693,3141,2894,2917,2794,8097.109827,7052.702703,6530.813124,11194.339623,8192.839301,8419.185059,7301.767871,-0.007604,0.025241,0.002714,0.299711,0.077109,0.086723,-0.006745
3962750,23.5556,2,Open_2,OPEN HAND - relax,3.5556,2882,2759,2682,3123,2894,2929,2802,8078.153339,7021.407186,6453.503185,10924.074074,8192.839301,8540.823328,7367.981439,-0.009928,0.020691,-0.009156,0.268332,0.077109,0.102423,0.002262
3962800,23.5977,2,Open_2,OPEN HAND - relax,3.5977,2878,2757,2692,3116,2905,2926,2800,8040.427280,7005.829596,6523.734854,10821.654750,8300.000000,8510.179641,7351.351351,-0.014551,0.018427,0.001627,0.256441,0.091197,0.098468,0.000000
3962850,23.8047,2,Open_2,OPEN HAND - relax,3.8047,2885,2760,2688,3119,2894,2909,2792,8106.611570,7029.213483,6495.522388,10865.368852,8192.839301,8339.460371,7285.341520,-0.006440,0.021826,-0.002705,0.261517,0.077109,0.076432,-0.008979
3962900,23.8047,2,Open_2,OPEN HAND - relax,3.8047,2883,2750,2686,3116,2886,2923,2801,8087.623762,6951.672862,6481.476224,10821.654750,8116.129032,8479.692833,7359.659969,-0.008767,0.010554,-0.004861,0.256441,0.067024,0.094533,0.001130
3962950,23.8048,2,Open_2,OPEN HAND - relax,3.8048,2875,2755,2701,3124,2900,2919,2800,8012.295082,6990.298507,6587.804878,10938.825953,8251.046025,8439.285714,7351.351351,-0.017999,0.016169,0.011464,0.270045,0.084761,0.089317,0.000000
3963000,23.8048,2,Open_2,OPEN HAND - relax,3.8048,2886,2754,2682,3144,2901,2914,2795,8116.129032,6982.550336,6453.503185,11240.378549,8260.804020,8389.161727,7310.000000,-0.005273,0.015043,-0.009156,0.305057,0.086044,0.082847,-0.005625
3963050,23.8673,2,Open_2,OPEN HAND - relax,3.8673,2884,2750,2659,3109,2897,2926,2802,8097.109827,6951.672862,6295.682451,10720.689655,8221.869783,8510.179641,7367.981439,-0.007604,0.010554,-0.033387,0.244719,0.080926,0.098468,0.002262
3963100,23.9090,2,Open_2,OPEN HAND - relax,3.9090,2877,2753,2686,3150,2899,2917,2801,8031.034483,6974.813711,6481.476224,11333.333333,8241.304348,8419.185059,7359.659969,-0.015703,0.013918,-0.004861,0.315849,0.083481,0.086723,0.001130
3963150,23.9504,2,Open_2,OPEN HAND - relax,3.9504,2880,2754,2687,3125,2887,2919,2794,8059.259259,6982.550336,6488.494318,10953.608247,8125.662252,8439.285714,7301.767871,-0.012243,0.015043,-0.003784,0.271761,0.068277,0.089317,-0.006745
3963200,23.9925,2,Open_2,OPEN HAND - relax,3.9925,2876,2747,2687,3118,2897,2925,2803,8021.657096,6928.635015,6488.494318,10850.767656,8221.869783,8500.000000,7376.315789,-0.016852,0.007205,-0.003784,0.259821,0.080926,0.097154,0.003396
3963250,24.0347,2,Open_2,OPEN HAND - relax,4.0347,2870,2749,2679,3118,2892,2924,2801,7965.714286,6943.982169,6432.627119,10850.767656,8173.566085,8489.837746,7359.659969,-0.023708,0.009436,-0.012361,0.259821,0.074575,0.095842,0.001130
3963300,24.1181,2,Open_2,OPEN HAND - relax,4.1181,2877,2750,2681,3116,2894,2923,2793,8031.034483,6951.672862,6446.534653,10821.654750,8192.839301,8479.692833,7293.548387,-0.015703,0.010554,-0.010226,0.256441,0.077109,0.094533,-0.007863
3963350,24.2946,2,Open_2,OPEN HAND - relax,4.2946,2878,2744,2698,3121,2891,2929,2803,8040.427280,6905.699482,6566.356478,10894.661191,8163.953488,8540.823328,7376.315789,-0.014551,0.003871,0.008171,0.264917,0.073311,0.102423,0.003396
3963400,24.2947,2,Open_2,OPEN HAND - relax,4.2947,2872,2741,2728,3137,2898,2925,2800,7984.300899,6882.865583,6785.076811,11133.402923,8231.578947,8500.000000,7351.351351,-0.021430,0.000552,0.041752,0.292636,0.082202,0.097154,0.000000
3963450,24.2947,2,Open_2,OPEN HAND - relax,4.2947,2880,2749,2722,3135,2902,2911,2795,8059.259259,6943.982169,6740.568099,11103.125000,8270.578374,8359.290541,7310.000000,-0.012243,0.009436,0.034919,0.289121,0.087329,0.078992,-0.005625
3963500,24.2947,2,Open_2,OPEN HAND - relax,4.2947,2880,2741,2710,3129,2895,2920,2801,8059.259259,6882.865583,6652.707581,11013.043478,8202.500000,8449.361702,7359.659969,-0.012243,0.000552,0.021429,0.278662,0.078379,0.090618,0.001130
3963550,24.3574,2,Open_2,OPEN HAND - relax,4.3574,2871,2744,2715,3135,2901,2924,2802,7975.000000,6905.699482,6689.130435,11103.125000,8260.804020,8489.837746,7367.981439,-0.022570,0.003871,0.027021,0.289121,0.086044,0.095842,0.002262
3963600,24.3982,2,Open_2,OPEN HAND - relax,4.3982,2882,2750,2720,3132,2894,2917,2797,8078.153339,6951.672862,6725.818182,11057.943925,8192.839301,8419.185059,7326.502311,-0.009928,0.010554,0.032654,0.283875,0.077109,0.086723,-0.003380
3963650,24.4396,2,Open_2,OPEN HAND - relax,4.4396,2883,2740,2706,3116,2888,2928,2803,8087.623762,6875.276753,6623.758099,10821.654750,8135.211268,8530.591260,7376.315789,-0.008767,-0.000552,0.016984,0.256441,0.069533,0.101103,0.003396
3963700,24.5027,2,Open_2,OPEN HAND - relax,4.5027,2871,2747,2732,3130,2896,2927,2802,7975.000000,6928.635015,6814.966985,11027.979275,8212.176814,8520.376712,7367.981439,-0.022570,0.007205,0.046342,0.280396,0.079651,0.099784,0.002262
3963750,24.5652,2,Open_2,OPEN HAND - relax,4.5652,2881,2750,2732,3120,2891,2903,2796,8068.698517,6951.672862,6814.966985,10880.000000,8163.953488,8280.369128,7318.244804,-0.011087,0.010554,0.046342,0.263215,0.073311,0.068805,-0.004503
3963800,24.6076,2,Open_2,OPEN HAND - relax,4.6076,2879,2741,2717,3105,2889,2925,2803,8049.835526,6882.865583,6703.773585,10663.636364,8144.776119,8500.000000,7376.315789,-0.013398,0.000552,0.029269,0.238095,0.070790,0.097154,0.003396
3963850,24.6494,2,Open_2,OPEN HAND - relax,4.6494,2872,2751,2728,3109,2898,2934,2801,7984.300899,6959.375000,6785.076811,10720.689655,8231.578947,8592.248062,7359.659969,-0.021430,0.011674,0.041752,0.244719,0.082202,0.109061,0.001130
3963900,24.8182,2,Open_2,OPEN HAND - relax,4.8182,2885,2751,2730,3097,2894,2913,2797,8106.611570,6959.375000,6800.000000,10550.901804,8192.839301,8379.187817,7326.502311,-0.006440,0.011674,0.044044,0.225006,0.077109,0.081560,-0.003380
3963950,24.8183,2,Open_2,OPEN HAND - relax,4.8183,2882,2750,2714,3090,2891,2925,2804,8078.153339,6951.672862,6681.824765,10453.731343,8163.953488,8500.000000,7384.663052,-0.009928,0.010554,0.025900,0.213724,0.073311,0.097154,0.004531
3964000,24.8183,2,Open_2,OPEN HAND - relax,4.8183,2871,2743,2721,3108,2896,2925,2802,7975.000000,6898.076923,6733.187773,10706.382979,8212.176814,8500.000000,7367.981439,-0.022570,0.002763,0.033786,0.243058,0.079651,0.097154,0.002262
3964050,24.8809,2,Open_2,OPEN HAND - relax,4.8809,2880,2753,2711,3110,2893,2914,2796,8059.259259,6974.813711,6659.971098,10735.025381,8183.194676,8389.161727,7318.244804,-0.012243,0.013918,0.022544,0.246383,0.075841,0.082847,-0.004503
3964100,24.9227,2,Open_2,OPEN HAND - relax,4.9227,2885,2747,2702,3104,2890,2923,2804,8106.611570,6928.635015,6594.974874,10649.445005,8154.356846,8479.692833,7384.663052,-0.006440,0.007205,0.012565,0.236447,0.072050,0.094533,0.004531
3964150,24.9649,2,Open_2,OPEN HAND - relax,4.9649,2878,2750,2717,3117,2899,2918,2801,8040.427280,6951.672862,6703.773585,10836.196319,8241.304348,8429.226848,7359.659969,-0.014551,0.010554,0.029269,0.258129,0.083481,0.088019,0.001130
3964200,25.0273,2,Open_2,OPEN HAND - relax,5.0273,2883,2751,2715,3116,2895,2916,2795,8087.623762,6959.375000,6689.130435,10821.654750,8202.500000,8409.160305,7310.000000,-0.008767,0.011674,0.027021,0.256441,0.078379,0.085429,-0.005625
3964250,25.0693,2,Open_2,OPEN HAND - relax,5.0693,2883,2744,2703,3098,2896,2927,2805,8087.623762,6905.699482,6602.155172,10564.894684,8212.176814,8520.376712,7393.023256,-0.008767,0.003871,0.013667,0.226630,0.079651,0.099784,0.005669
3964300,25.1114,2,Open_2,OPEN HAND - relax,5.1114,2874,2747,2713,3102,2909,2920,2803,8002.948403,6928.635015,6674.529667,10621.148036,8339.460371,8449.361702,7376.315789,-0.019145,0.007205,0.024779,0.233161,0.096385,0.090618,0.003396
3964350,25.1734,2,Open_2,OPEN HAND - relax,5.1734,2884,2749,2709,3106,2909,2914,2795,8097.109827,6943.982169,6645.454545,10677.856421,8339.460371,8389.161727,7310.000000,-0.007604,0.009436,0.020315,0.239746,0.096385,0.082847,-0.005625
3964400,25.3361,2,Open_2,OPEN HAND - relax,5.3361,2888,2745,2706,3102,2902,2933,2803,8135.211268,6913.333333,6623.758099,10621.148036,8270.578374,8581.927711,7376.315789,-0.002935,0.004981,0.016984,0.233161,0.087329,0.107729,0.003396
3964450,25.3362,2,Open_2,OPEN HAND - relax,5.3362,2880,2748,2721,3113,2905,2927,2801,8059.259259,6936.302895,6733.187773,10778.207739,8300.000000,8520.376712,7359.659969,-0.012243,0.008320,0.033786,0.251397,0.091197,0.099784,0.001130
3964500,25.3362,2,Open_2,OPEN HAND - relax,5.3362,2888,2748,2718,3106,2911,2910,2795,8135.211268,6936.302895,6711.111111,10677.856421,8359.290541,8349.367089,7310.000000,-0.002935,0.008320,0.030396,0.239746,0.098992,0.077711,-0.005625
3964550,25.3567,2,Open_2,OPEN HAND - relax,5.3567,2887,2742,2706,3093,2899,2925,2802,8125.662252,6890.465632,6623.758099,10495.209581,8241.304348,8500.000000,7367.981439,-0.004105,0.001656,0.016984,0.218539,0.083481,0.097154,0.002262
3964600,25.3986,2,Open_2,OPEN HAND - relax,5.3986,2877,2747,2713,3099,2897,2916,2800,8031.034483,6928.635015,6674.529667,10578.915663,8221.869783,8409.160305,7351.351351,-0.015703,0.007205,0.024779,0.228258,0.080926,0.085429,0.000000
3964650,25.4821,2,Open_2,OPEN HAND - relax,5.4821,2889,2750,2714,3107,2892,2904,2791,8144.776119,6951.672862,6681.824765,10692.105263,8173.566085,8290.176322,7277.147239,-0.001762,0.010554,0.025900,0.241400,0.074575,0.070071,-0.010094
3964700,25.5241,2,Open_2,OPEN HAND - relax,5.5241,2885,2745,2702,3097,2884,2915,2801,8106.611570,6913.333333,6594.974874,10550.901804,8097.109827,8399.152542,7359.659969,-0.006440,0.004981,0.012565,0.225006,0.064523,0.084137,0.001130
3964750,25.5666,2,Open_2,OPEN HAND - relax,5.5666,2875,2742,2721,3092,2898,2913,2800,8012.295082,6890.465632,6733.187773,10481.355932,8231.578947,8379.187817,7351.351351,-0.017999,0.001656,0.033786,0.216931,0.082202,0.081560,0.000000
3964800,25.6091,2,Open_2,OPEN HAND - relax,5.6091,2884,2750,2714,3097,2892,2899,2790,8097.109827,6951.672862,6681.824765,10550.901804,8173.566085,8241.304348,7268.965517,-0.007604,0.010554,0.025900,0.225006,0.074575,0.063762,-0.011207
3964850,25.6709,2,Open_2,OPEN HAND - relax,5.6709,2878,2743,2703,3088,2886,2911,2800,8040.427280,6898.076923,6602.155172,10426.216485,8116.129032,8359.290541,7351.351351,-0.014551,0.002763,0.013667,0.210529,0.067024,0.078992,0.000000
3964900,25.8548,2,Open_2,OPEN HAND - relax,5.8548,2873,2744,2710,3097,2900,2913,2800,7993.617021,6905.699482,6652.707581,10550.901804,8251.046025,8379.187817,7351.351351,-0.020289,0.003871,0.021429,0.225006,0.084761,0.081560,0.000000
3964950,25.8549,2,Open_2,OPEN HAND - relax,5.8549,2881,2749,2712,3090,2900,2900,2793,8068.698517,6943.982169,6667.245119,10453.731343,8251.046025,8251.046025,7293.548387,-0.011087,0.009436,0.023661,0.213724,0.084761,0.065020,-0.007863
3965000,25.8549,2,Open_2,OPEN HAND - relax,5.8549,2877,2743,2702,3087,2893,2916,2800,8031.034483,6898.076923,6594.974874,10412.500000,8183.194676,8409.160305,7351.351351,-0.015703,0.002763,0.012565,0.208936,0.075841,0.085429,0.000000
3965050,25.8549,2,Open_2,OPEN HAND - relax,5.8549,2866,2745,2705,3089,2896,2911,2799,7928.722539,6913.333333,6616.546763,10439.960239,8212.176814,8359.290541,7343.055556,-0.028242,0.004981,0.015877,0.212125,0.079651,0.078992,-0.001128
3965100,25.8966,2,Open_2,OPEN HAND - relax,5.8966,2878,2746,2702,3085,2862,2895,2791,8040.427280,6920.978503,6594.974874,10385.148515,7891.970803,8202.500000,7277.147239,-0.014551,0.006092,0.012565,0.205761,0.037554,0.058754,-0.010094
3965150,25.9387,2,Open_2,OPEN HAND - relax,5.9387,2880,2743,2689,3069,2864,2908,2799,8059.259259,6898.076923,6502.560455,10170.175439,7910.316816,8329.570345,7343.055556,-0.012243,0.002763,-0.001624,0.180802,0.039966,0.075155,-0.001128
3965200,26.0012,2,Open_2,OPEN HAND - relax,6.0012,2871,2745,2701,3081,2862,2908,2799,7975.000000,6913.333333,6587.804878,10330.769231,7891.970803,8329.570345,7343.055556,-0.022570,0.004981,0.011464,0.199447,0.037554,0.075155,-0.001128
3965250,26.0644,2,Open_2,OPEN HAND - relax,6.0644,2884,2748,2697,3074,2855,2895,2788,8097.109827,6936.302895,6559.227468,10236.630754,7828.225806,8202.500000,7252.639633,-0.007604,0.008320,0.007076,0.188517,0.029173,0.058754,-0.013428
3965300,26.1064,2,Open_2,OPEN HAND - relax,6.1064,2883,2740,2683,3061,2847,2909,2800,8087.623762,6875.276753,6460.481586,10065.183752,7756.250000,8339.460371,7351.351351,-0.008767,-0.000552,-0.008085,0.168612,0.019711,0.076432,0.000000
3965350,26.1489,2,Open_2,OPEN HAND - relax,6.1489,2872,2744,2700,3079,2855,2900,2797,7984.300899,6905.699482,6580.645161,10303.740157,7828.225806,8251.046025,7326.502311,-0.021430,0.003871,0.010365,0.196309,0.029173,0.065020,-0.003380
3965400,26.2116,2,Open_2,OPEN HAND - relax,6.2116,2884,2746,2699,3072,2852,2896,2786,8097.109827,6920.978503,6573.495702,10209.970674,7801.126307,8212.176814,7236.363636,-0.007604,0.006092,0.009267,0.185422,0.025611,0.060003,-0.015642
3965450,26.3763,2,Open_2,OPEN HAND - relax,6.3763,2882,2739,2684,3058,2846,2909,2798,8078.153339,6867.699115,6467.469880,10026.229508,7747.317854,8339.460371,7334.772552,-0.009928,-0.001653,-0.007012,0.164089,0.018536,0.076432,-0.002255
3965500,26.3763,2,Open_2,OPEN HAND - relax,6.3763,2878,2742,2691,3068,2852,2913,2798,8040.427280,6890.465632,6516.666667,10156.962025,7801.126307,8379.187817,7334.772552,-0.014551,0.001656,0.000542,0.179267,0.025611,0.081560,-0.002255
3965550,26.3763,2,Open_2,OPEN HAND - relax,6.3763,2887,2747,2690,3058,2851,2900,2789,8125.662252,6928.635015,6509.608541,10026.229508,7792.122186,8251.046025,7260.796325,-0.004105,0.007205,-0.000542,0.164089,0.024427,0.065020,-0.012318
3965600,26.4180,2,Open_2,OPEN HAND - relax,6.4180,2884,2741,2679,3061,2846,2910,2798,8097.109827,6882.865583,6432.627119,10065.183752,7747.317854,8349.367089,7334.772552,-0.007604,0.000552,-0.012361,0.168612,0.018536,0.077711,-0.002255
3965650,26.4387,2,Open_2,OPEN HAND - relax,6.4387,2875,2740,2689,3062,2853,2916,2798,8012.295082,6875.276753,6502.560455,10078.218780,7810.144928,8409.160305,7334.772552,-0.017999,-0.000552,-0.001624,0.170125,0.026796,0.085429,-0.002255
3965700,26.4798,2,Open_2,OPEN HAND - relax,6.4798,2879,2746,2690,3070,2849,2905,2790,8049.835526,6920.978503,6509.608541,10183.414634,7774.157303,8300.000000,7268.965517,-0.013398,0.006092,-0.000542,0.182339,0.022065,0.071339,-0.011207
3965750,26.5631,2,Open_2,OPEN HAND - relax,6.5631,2878,2740,2678,3065,2844,2916,2800,8040.427280,6875.276753,6425.688073,10117.475728,7729.496403,8409.160305,7351.351351,-0.014551,-0.000552,-0.013427,0.174683,0.016193,0.085429,0.000000
3965800,26.5836,2,Open_2,OPEN HAND - relax,6.5836,2868,2740,2689,3084,2848,2912,2799,7947.188264,6875.276753,6502.560455,10371.513353,7765.196472,8369.230769,7343.055556,-0.025979,-0.000552,-0.001624,0.204178,0.020887,0.080275,-0.001128
3965850,26.6467,2,Open_2,OPEN HAND - relax,6.6467,2885,2745,2693,3088,2848,2899,2795,8106.611570,6913.333333,6530.813124,10426.216485,7765.196472,8241.304348,7310.000000,-0.006440,0.004981,0.002714,0.210529,0.020887,0.063762,-0.005625
3965900,26.7091,2,Open_2,OPEN HAND - relax,6.7091,2901,2736,2687,3077,2843,2918,2802,8260.804020,6845.033113,6488.494318,10276.817289,7720.607029,8429.226848,7367.981439,0.012458,-0.004948,-0.003784,0.193183,0.015025,0.088019,0.002262
3965950,26.8943,2,Open_2,OPEN HAND - relax,6.8943,2894,2739,2694,3101,2849,2913,2800,8192.839301,6867.699115,6537.901499,10607.042254,7774.157303,8379.187817,7351.351351,0.004128,-0.001653,0.003802,0.231524,0.022065,0.081560,0.000000
3966000,26.8944,2,Open_2,OPEN HAND - relax,6.8944,2899,2741,2693,3083,2851,2905,2790,8241.304348,6882.865583,6530.813124,10357.905138,7792.122186,8300.000000,7268.965517,0.010068,0.000552,0.002714,0.202598,0.024427,0.071339,-0.011207
3966050,26.8944,2,Open_2,OPEN HAND - relax,6.8944,2896,2736,2684,3076,2847,2915,2801,8212.176814,6845.033113,6467.469880,10263.395486,7756.250000,8399.152542,7359.659969,0.006498,-0.004948,-0.007012,0.191625,0.019711,0.084137,0.001130
3966100,26.9155,2,Open_2,OPEN HAND - relax,6.9155,2889,2740,2704,3067,2854,2911,2800,8144.776119,6875.276753,6609.345794,10143.774319,7819.178082,8359.290541,7351.351351,-0.001762,-0.000552,0.014771,0.177736,0.027984,0.078992,0.000000
3966150,26.9575,2,Open_2,OPEN HAND - relax,6.9575,2894,2746,2716,3086,2855,2903,2793,8192.839301,6920.978503,6696.446701,10398.810704,7828.225806,8280.369128,7293.548387,0.004128,0.006092,0.028145,0.207347,0.029173,0.068805,-0.007863
3966200,27.0297,2,Open_2,OPEN HAND - relax,7.0297,2895,2748,2716,3064,2846,2918,2801,8202.500000,6936.302895,6696.446701,10104.364694,7747.317854,8429.226848,7359.659969,0.005312,0.008320,0.028145,0.173161,0.018536,0.088019,0.001130
3966250,27.0503,2,Open_2,OPEN HAND - relax,7.0503,2887,2747,2720,3081,2852,2922,2802,8125.662252,6928.635015,6725.818182,10330.769231,7801.126307,8469.565217,7367.981439,-0.004105,0.007205,0.032654,0.199447,0.025611,0.093225,0.002262
3966300,27.1132,2,Open_2,OPEN HAND - relax,7.1132,2895,2752,2721,3068,2847,2908,2792,8202.500000,6967.088608,6733.187773,10156.962025,7756.250000,8329.570345,7285.341520,0.005312,0.012795,0.033786,0.179267,0.019711,0.075155,-0.008979
3966350,27.1546,2,Open_2,OPEN HAND - relax,7.1546,2894,2746,2709,3055,2843,2917,2800,8192.839301,6920.978503,6645.454545,9987.500000,7720.607029,8419.185059,7351.351351,0.004128,0.006092,0.020315,0.159592,0.015025,0.086723,0.000000
3966400,27.2177,2,Open_2,OPEN HAND - relax,7.2177,2881,2746,2719,3061,2854,2914,2800,8068.698517,6920.978503,6718.459302,10065.183752,7819.178082,8389.161727,7351.351351,-0.011087,0.006092,0.031524,0.168612,0.027984,0.082847,0.000000
3966450,27.4019,2,Open_2,OPEN HAND - relax,7.4019,2893,2750,2717,3052,2855,2905,2793,8183.194676,6951.672862,6703.773585,9948.993289,7828.225806,8300.000000,7293.548387,0.002946,0.010554,0.029269,0.155121,0.029173,0.071339,-0.007863
3966500,27.4020,2,Open_2,OPEN HAND - relax,7.4020,2891,2742,2703,3047,2844,2912,2800,8163.953488,6890.465632,6602.155172,9885.305344,7729.496403,8369.230769,7351.351351,0.000588,0.001656,0.013667,0.147727,0.016193,0.080275,0.000000
3966550,27.4020,2,Open_2,OPEN HAND - relax,7.4020,2884,2750,2712,3056,2848,2907,2800,8097.109827,6951.672862,6667.245119,10000.384986,7765.196472,8319.696970,7351.351351,-0.007604,0.010554,0.023661,0.161088,0.020887,0.073881,0.000000
3966600,27.4222,2,Open_2,OPEN HAND - relax,7.4222,2892,2748,2709,3055,2849,2895,2792,8173.566085,6936.302895,6645.454545,9987.500000,7774.157303,8202.500000,7285.341520,0.001766,0.008320,0.020315,0.159592,0.022065,0.058754,-0.008979
3966650,27.4641,2,Open_2,OPEN HAND - relax,7.4641,2887,2743,2697,3040,2839,2901,2801,8125.662252,6898.076923,6559.227468,9797.156398,7685.191083,8260.804020,7359.659969,-0.004105,0.002763,0.007076,0.137492,0.010369,0.066279,0.001130
3966700,27.4845,2,Open_2,OPEN HAND - relax,7.4845,2881,2738,2703,3051,2847,2899,2799,8068.698517,6860.132646,6602.155172,9936.206897,7756.250000,8241.304348,7343.055556,-0.011087,-0.002753,0.013667,0.153637,0.019711,0.063762,-0.001128
3966750,27.5678,2,Open_2,OPEN HAND - relax,7.5678,2890,2744,2702,3054,2844,2893,2793,8154.356846,6905.699482,6594.974874,9974.639769,7729.496403,8183.194676,7293.548387,-0.000588,0.003871,0.012565,0.158099,0.016193,0.056262,-0.007863
3966800,27.5882,2,Open_2,OPEN HAND - relax,7.5882,2890,2741,2684,3041,2840,2897,2800,8154.356846,6882.865583,6467.469880,9809.677419,7694.023904,8221.869783,7351.351351,-0.000588,0.000552,-0.007012,0.138946,0.011530,0.061254,0.000000
3966850,27.6509,2,Open_2,OPEN HAND - relax,7.6509,2879,2736,2692,3047,2847,2895,2799,8049.835526,6845.033113,6523.734854,9885.305344,7756.250000,8202.500000,7343.055556,-0.013398,-0.004948,0.001627,0.147727,0.019711,0.058754,-0.001128
3966900,27.7129,2,Open_2,OPEN HAND - relax,7.7129,2889,2744,2693,3040,2847,2886,2791,8144.776119,6905.699482,6530.813124,9797.156398,7756.250000,8116.129032,7277.147239,-0.001762,0.003871,0.002714,0.137492,0.019711,0.047605,-0.010094
3966950,27.7543,2,Open_2,OPEN HAND - relax,7.7543,2884,2740,2685,3036,2834,2896,2800,8097.109827,6875.276753,6474.468085,9747.308782,7641.237113,8212.176814,7351.351351,-0.007604,-0.000552,-0.005937,0.131705,0.004590,0.060003,0.000000
3967000,27.9076,2,Open_2,OPEN HAND - relax,7.9076,2872,2739,2694,3055,2845,2893,2800,7984.300899,6867.699115,6537.901499,9987.500000,7738.400000,8183.194676,7351.351351,-0.021430,-0.001653,0.003802,0.159592,0.017364,0.056262,0.000000
3967050,27.9077,2,Open_2,OPEN HAND - relax,7.9077,2885,2741,2689,3058,2842,2881,2793,8106.611570,6882.865583,6502.560455,10026.229508,7711.731844,8068.698517,7293.548387,-0.006440,0.000552,-0.001624,0.164089,0.013858,0.041483,-0.007863
3967100,27.9077,2,Open_2,OPEN HAND - relax,7.9077,2884,2739,2677,3050,2837,2893,2800,8097.109827,6867.699115,6418.758815,9923.444976,7667.567568,8183.194676,7351.351351,-0.007604,-0.001653,-0.014491,0.152155,0.008052,0.056262,0.000000
3967150,27.9491,2,Open_2,OPEN HAND - relax,7.9491,2872,2740,2691,3060,2848,2894,2800,7984.300899,6875.276753,6516.666667,10052.173913,7765.196472,8192.839301,7351.351351,-0.021430,-0.000552,0.000542,0.167101,0.020887,0.057507,0.000000
3967200,28.0406,2,Open_2,OPEN HAND - relax,8.0406,2886,2741,2688,3056,2847,2880,2791,8116.129032,6882.865583,6495.522388,10000.384986,7756.250000,8059.259259,7277.147239,-0.005273,0.000552,-0.002705,0.161088,0.019711,0.040264,-0.010094
3967250,28.0619,2,Open_2,OPEN HAND - relax,8.0619,2884,2736,2679,3048,2837,2892,2799,8097.109827,6845.033113,6432.627119,9897.994269,7667.567568,8173.566085,7343.055556,-0.007604,-0.004948,-0.012361,0.149200,0.008052,0.055019,-0.001128
3967300,28.1028,2,Open_2,OPEN HAND - relax,8.1028,2874,2735,2694,3055,2847,2889,2799,8002.948403,6837.500000,6537.901499,9987.500000,7756.250000,8144.776119,7343.055556,-0.019145,-0.006043,0.003802,0.159592,0.019711,0.051303,-0.001128
3967350,28.1654,2,Open_2,OPEN HAND - relax,8.1654,2883,2739,2691,3049,2845,2878,2788,8087.623762,6867.699115,6516.666667,9910.707457,7738.400000,8040.427280,7252.639633,-0.008767,-0.001653,0.000542,0.150676,0.017364,0.037834,-0.013428
3967400,28.2071,2,Open_2,OPEN HAND - relax,8.2071,2881,2738,2679,3029,2834,2891,2799,8068.698517,6860.132646,6432.627119,9660.975610,7641.237113,8163.953488,7343.055556,-0.011087,-0.002753,-0.012361,0.121681,0.004590,0.053778,-0.001128
3967450,28.2486,2,Open_2,OPEN HAND - relax,8.2486,2873,2738,2692,3038,2847,2890,2799,7993.617021,6860.132646,6523.734854,9772.185430,7756.250000,8154.356846,7343.055556,-0.020289,-0.002753,0.001627,0.134593,0.019711,0.052539,-0.001128
3967500,28.4191,2,Open_2,OPEN HAND - relax,8.4191,2876,2738,2692,3037,2847,2880,2787,8021.657096,6860.132646,6523.734854,9759.735350,7756.250000,8059.259259,7244.495413,-0.016852,-0.002753,0.001627,0.133148,0.019711,0.040264,-0.014536
3967550,28.4192,2,Open_2,OPEN HAND - relax,8.4192,2874,2735,2686,3025,2838,2894,2800,8002.948403,6837.500000,6481.476224,9612.149533,7676.372315,8192.839301,7351.351351,-0.019145,-0.006043,-0.004861,0.116012,0.009209,0.057507,0.000000
3967600,28.4192,2,Open_2,OPEN HAND - relax,8.4192,2866,2734,2696,3035,2849,2892,2799,7928.722539,6829.977957,6552.108649,9734.905660,7774.157303,8173.566085,7343.055556,-0.028242,-0.007137,0.005983,0.130265,0.022065,0.055019,-0.001128
3967650,28.4614,2,Open_2,OPEN HAND - relax,8.4614,2873,2739,2699,3039,2849,2877,2787,7993.617021,6867.699115,6573.495702,9784.659091,7774.157303,8031.034483,7244.495413,-0.020289,-0.001653,0.009267,0.136041,0.022065,0.036621,-0.014536
3967700,28.5027,2,Open_2,OPEN HAND - relax,8.5027,2872,2735,2682,3036,2835,2891,2800,7984.300899,6837.500000,6453.503185,9747.308782,7650.000000,8163.953488,7351.351351,-0.021430,-0.006043,-0.009156,0.131705,0.005742,0.053778,0.000000
3967750,28.5656,2,Open_2,OPEN HAND - relax,8.5656,2861,2737,2693,3049,2848,2888,2800,7882.820097,6852.577320,6530.813124,9910.707457,7765.196472,8135.211268,7351.351351,-0.033868,-0.003851,0.002714,0.150676,0.020887,0.050068,0.000000
3967800,28.6278,2,Open_2,OPEN HAND - relax,8.6278,2872,2739,2691,3042,2845,2878,2789,7984.300899,6867.699115,6516.666667,9822.222222,7738.400000,8040.427280,7260.796325,-0.021430,-0.001653,0.000542,0.140403,0.017364,0.037834,-0.012318
3967850,28.6490,2,Open_2,OPEN HAND - relax,8.6490,2876,2736,2679,3034,2842,2890,2800,8021.657096,6845.033113,6432.627119,9722.525919,7711.731844,8154.356846,7351.351351,-0.016852,-0.004948,-0.012361,0.128827,0.013858,0.052539,0.000000
3967900,28.6904,2,Open_2,OPEN HAND - relax,8.6904,2867,2735,2693,3038,2848,2886,2800,7937.947883,6837.500000,6530.813124,9772.185430,7765.196472,8116.129032,7351.351351,-0.027112,-0.006043,0.002714,0.134593,0.020887,0.047605,0.000000
3967950,28.7742,2,Open_2,OPEN HAND - relax,8.7742,2877,2742,2690,3036,2847,2877,2791,8031.034483,6890.465632,6509.608541,9747.308782,7756.250000,8031.034483,7277.147239,-0.015703,0.001656,-0.000542,0.131705,0.019711,0.036621,-0.010094
3968000,28.9104,2,Open_2,OPEN HAND - relax,8.9104,2879,2735,2679,3037,2841,2888,2800,8049.835526,6837.500000,6432.627119,9759.735350,7702.870813,8135.211268,7351.351351,-0.013398,-0.006043,-0.012361,0.133148,0.012693,0.050068,0.000000
3968050,28.9105,2,Open_2,OPEN HAND - relax,8.9105,2867,2740,2687,3041,2849,2886,2799,7937.947883,6875.276753,6488.494318,9809.677419,7774.157303,8116.129032,7343.055556,-0.027112,-0.000552,-0.003784,0.138946,0.022065,0.047605,-0.001128
3968100,28.9105,2,Open_2,OPEN HAND - relax,8.9105,2879,2743,2692,3041,2852,2880,2789,8049.835526,6898.076923,6523.734854,9809.677419,7801.126307,8059.259259,7260.796325,-0.013398,0.002763,0.001627,0.138946,0.025611,0.040264,-0.012318
3968150,28.9525,2,Open_2,OPEN HAND - relax,8.9525,2891,2739,2675,3032,2841,2895,2801,8163.953488,6867.699115,6404.929577,9697.836312,7702.870813,8202.500000,7359.659969,0.000588,-0.001653,-0.016614,0.125961,0.012693,0.058754,0.001130
3968200,29.0221,2,Open_2,OPEN HAND - relax,9.0221,2882,2738,2690,3044,2851,2891,2801,8078.153339,6860.132646,6509.608541,9847.383444,7792.122186,8163.953488,7359.659969,-0.009928,-0.002753,-0.000542,0.143324,0.024427,0.053778,0.001130
3968250,29.0428,2,Open_2,OPEN HAND - relax,9.0428,2897,2748,2690,3038,2849,2876,2796,8221.869783,6936.302895,6509.608541,9772.185430,7774.157303,8021.657096,7318.244804,0.007686,0.008320,-0.000542,0.134593,0.022065,0.035411,-0.004503
3968300,29.1053,2,Open_2,OPEN HAND - relax,9.1053,2895,2748,2682,3036,2844,2896,2806,8202.500000,6936.302895,6453.503185,9747.308782,7729.496403,8212.176814,7401.396431,0.005312,0.008320,-0.009156,0.131705,0.016193,0.060003,0.006808
3968350,29.1474,2,Open_2,OPEN HAND - relax,9.1474,2891,2747,2689,3054,2853,2896,2805,8163.953488,6928.635015,6502.560455,9974.639769,7810.144928,8212.176814,7393.023256,0.000588,0.007205,-0.001624,0.158099,0.026796,0.060003,0.005669
3968400,29.2099,2,Open_2,OPEN HAND - relax,9.2099,2902,2750,2697,3068,2848,2883,2798,8270.578374,6951.672862,6559.227468,10156.962025,7765.196472,8087.623762,7334.772552,0.013656,0.010554,0.007076,0.179267,0.020887,0.043926,-0.002255
3968450,29.2941,2,Open_2,OPEN HAND - relax,9.2941,2905,2750,2690,3066,2840,2897,2806,8300.000000,6951.672862,6509.608541,10130.612245,7694.023904,8221.869783,7401.396431,0.017262,0.010554,-0.000542,0.176208,0.011530,0.061254,0.006808
3968500,29.4347,2,Open_2,OPEN HAND - relax,9.4347,2893,2755,2705,3080,2849,2895,2805,8183.194676,6990.298507,6616.546763,10317.241379,7774.157303,8202.500000,7393.023256,0.002946,0.016169,0.015877,0.197877,0.022065,0.058754,0.005669
3968550,29.4348,2,Open_2,OPEN HAND - relax,9.4348,2897,2753,2705,3094,2847,2884,2796,8221.869783,6974.813711,6616.546763,10509.090909,7756.250000,8097.109827,7318.244804,0.007686,0.013918,0.015877,0.220151,0.019711,0.045150,-0.004503
3968600,29.4348,2,Open_2,OPEN HAND - relax,9.4348,2907,2754,2677,3069,2850,2900,2805,8319.696970,6982.550336,6418.758815,10170.175439,7783.132530,8251.046025,7393.023256,0.019676,0.015043,-0.014491,0.180802,0.023245,0.065020,0.005669
3968650,29.4348,2,Open_2,OPEN HAND - relax,9.4348,2904,2751,2706,3137,2858,2898,2802,8290.176322,6959.375000,6623.758099,11133.402923,7855.456750,8231.578947,7367.981439,0.016058,0.011674,0.016984,0.292636,0.032753,0.062507,0.002262
3968700,29.5177,2,Open_2,OPEN HAND - relax,9.5177,2910,2754,2704,3148,2854,2889,2796,8349.367089,6982.550336,6609.345794,11302.217529,7819.178082,8144.776119,7318.244804,0.023313,0.015043,0.014771,0.312237,0.027984,0.051303,-0.004503
3968750,29.5388,2,Open_2,OPEN HAND - relax,9.5388,2905,2749,2700,3132,2837,2901,2803,8300.000000,6943.982169,6580.645161,11057.943925,7667.567568,8260.804020,7376.315789,0.017262,0.009436,0.010365,0.283875,0.008052,0.066279,0.003396
3968800,29.6015,2,Open_2,OPEN HAND - relax,9.6015,2895,2753,2706,3156,2849,2899,2802,8202.500000,6974.813711,6623.758099,11427.476038,7774.157303,8241.304348,7367.981439,0.005312,0.013918,0.016984,0.326780,0.022065,0.063762,0.002262
3968850,29.6642,2,Open_2,OPEN HAND - relax,9.6642,2908,2756,2704,3133,2847,2886,2793,8329.570345,6998.058252,6609.345794,11072.972973,7756.250000,8116.129032,7293.548387,0.020886,0.017297,0.014771,0.285620,0.019711,0.047605,-0.007863
3968900,29.7056,2,Open_2,OPEN HAND - relax,9.7056,2906,2755,2688,3122,2838,2899,2803,8309.840202,6990.298507,6495.522388,10909.352518,7676.372315,8241.304348,7376.315789,0.018468,0.016169,-0.002705,0.266623,0.009209,0.063762,0.003396
3968950,29.7474,2,Open_2,OPEN HAND - relax,9.7474,2896,2740,2702,3139,2851,2897,2801,8212.176814,6875.276753,6594.974874,11163.807531,7792.122186,8221.869783,7359.659969,0.006498,-0.000552,0.012565,0.296167,0.024427,0.061254,0.001130
3969000,29.8110,2,Open_2,OPEN HAND - relax,9.8110,2903,2752,2703,3156,2849,2892,2795,8280.369128,6967.088608,6602.155172,11427.476038,7774.157303,8173.566085,7310.000000,0.014856,0.012795,0.013667,0.326780,0.022065,0.055019,-0.005625
3969050,29.9569,2,Open_2,OPEN HAND - relax,9.9569,2902,2749,2688,3144,2843,2898,2804,8270.578374,6943.982169,6495.522388,11240.378549,7720.607029,8231.578947,7384.663052,0.013656,0.009436,-0.002705,0.305057,0.015025,0.062507,0.004531
3969100,29.9569,2,Open_2,OPEN HAND - relax,9.9569,2895,2752,2709,3156,2851,2904,2803,8202.500000,6967.088608,6645.454545,11427.476038,7792.122186,8290.176322,7376.315789,0.005312,0.012795,0.020315,0.326780,0.024427,0.070071,0.003396
3969150,29.9569,2,Open_2,OPEN HAND - relax,9.9569,2905,2752,2709,3183,2853,2910,2796,8300.000000,6967.088608,6645.454545,11866.447368,7810.144928,8349.367089,7318.244804,0.017262,0.012795,0.020315,0.377746,0.026796,0.077711,-0.004503
3969200,30.0263,3,Ring_Bend,BEND RING ONLY,0.0263,2908,2752,2707,3213,2844,2919,2806,8329.570345,6967.088608,6630.979827,12385.714286,7729.496403,8439.285714,7401.396431,0.020886,0.012795,0.018093,0.438035,0.016193,0.089317,0.006808
3969250,30.0688,3,Ring_Bend,BEND RING ONLY,0.0688,2893,2744,2719,3194,2850,2911,2804,8183.194676,6905.699482,6718.459302,12052.830189,7783.132530,8359.290541,7384.663052,0.002946,0.003871,0.031524,0.399386,0.023245,0.078992,0.004531
3969300,30.1102,3,Ring_Bend,BEND RING ONLY,0.1102,2904,2752,2709,3191,2848,2899,2797,8290.176322,6967.088608,6645.454545,12001.548673,7765.196472,8241.304348,7326.502311,0.016058,0.012795,0.020315,0.393432,0.020887,0.063762,-0.003380
3969350,30.1728,3,Ring_Bend,BEND RING ONLY,0.1728,2903,2751,2700,3177,2837,2912,2805,8280.369128,6959.375000,6580.645161,11766.666667,7667.567568,8369.230769,7393.023256,0.014856,0.011674,0.010365,0.366161,0.008052,0.080275,0.005669
3969400,30.2151,3,Ring_Bend,BEND RING ONLY,0.2151,2898,2753,2715,3190,2847,2908,2803,8231.578947,6974.813711,6689.130435,11984.530387,7756.250000,8329.570345,7376.315789,0.008876,0.013918,0.027021,0.391456,0.019711,0.075155,0.003396
3969450,30.2574,3,Ring_Bend,BEND RING ONLY,0.2574,2907,2754,2715,3185,2849,2896,2796,8319.696970,6982.550336,6689.130435,11900.000000,7774.157303,8212.176814,7318.244804,0.019676,0.015043,0.027021,0.381642,0.022065,0.060003,-0.004503
3969500,30.3193,3,Ring_Bend,BEND RING ONLY,0.3193,2904,2749,2704,3133,2836,2908,2803,8290.176322,6943.982169,6609.345794,11072.972973,7658.776807,8329.570345,7376.315789,0.016058,0.009436,0.014771,0.285620,0.006896,0.075155,0.003396
3969550,30.4676,3,Ring_Bend,BEND RING ONLY,0.4676,2896,2743,2723,3200,2844,2906,2804,8212.176814,6898.076923,6747.959184,12156.424581,7729.496403,8309.840202,7384.663052,0.006498,0.002763,0.036054,0.411414,0.016193,0.072609,0.004531
3969600,30.4677,3,Ring_Bend,BEND RING ONLY,0.4677,2902,2751,2721,3223,2848,2911,2797,8270.578374,6959.375000,6733.187773,12566.743119,7765.196472,8359.290541,7326.502311,0.013656,0.011674,0.033786,0.459053,0.020887,0.078992,-0.003380
3969650,30.4677,3,Ring_Bend,BEND RING ONLY,0.4677,2901,2746,2716,3229,2839,2937,2807,8260.804020,6920.978503,6696.446701,12677.367206,7685.191083,8623.316062,7409.782609,0.012458,0.006092,0.028145,0.471897,0.010369,0.113071,0.007948
3969700,30.5093,3,Ring_Bend,BEND RING ONLY,0.5093,2893,2741,2736,3234,2851,2951,2813,8183.194676,6882.865583,6845.033113,12770.731707,7792.122186,8770.454545,7460.374415,0.002946,0.000552,0.050958,0.482737,0.024427,0.132063,0.014830
3969750,30.5718,3,Ring_Bend,BEND RING ONLY,0.5718,2902,2749,2737,3298,2852,2943,2802,8270.578374,6943.982169,6852.577320,14069.259724,7801.126307,8685.937500,7367.981439,0.013656,0.009436,0.052116,0.633502,0.025611,0.121154,0.002262
3969800,30.5924,3,Ring_Bend,BEND RING ONLY,0.5924,2901,2744,2736,3278,2843,2974,2815,8260.804020,6905.699482,6845.033113,13641.615667,7720.607029,9020.160571,7477.343750,0.012458,0.003871,0.050958,0.583851,0.015025,0.164295,0.017139
3969850,30.6337,3,Ring_Bend,BEND RING ONLY,0.6337,2890,2748,2751,3386,2858,2992,2816,8154.356846,6936.302895,6959.375000,16237.517630,7855.456750,9222.846782,7485.848319,-0.000588,0.008320,0.068513,0.885246,0.032753,0.190457,0.018296
3969900,30.6964,3,Ring_Bend,BEND RING ONLY,0.6964,2897,2749,2736,3393,2863,2978,2809,8221.869783,6943.982169,6845.033113,16433.333333,7901.136364,9064.637422,7426.594090,0.007686,0.009436,0.050958,0.907981,0.038759,0.170036,0.010235
3969950,30.7585,3,Ring_Bend,BEND RING ONLY,0.7585,2896,2745,2736,3403,2865,2967,2816,8212.176814,6913.333333,6845.033113,16719.942197,7919.512195,8943.085106,7485.848319,0.006498,0.004981,0.050958,0.941258,0.041175,0.154346,0.018296
3970000,30.8009,3,Ring_Bend,BEND RING ONLY,0.8009,2878,2736,2743,3458,2864,2958,2816,8040.427280,6845.033113,6898.076923,18457.142857,7910.316816,8845.382586,7485.848319,-0.014551,-0.004948,0.059102,1.142954,0.039966,0.141735,0.018296
3970050,30.9841,3,Ring_Bend,BEND RING ONLY,0.9841,2889,2754,2752,3378,2875,2986,2806,8144.776119,6982.550336,6967.088608,16018.410042,8012.295082,9154.553652,7401.396431,-0.001762,0.015043,0.069698,0.859807,0.053373,0.181642,0.006808
3970100,30.9842,3,Ring_Bend,BEND RING ONLY,0.9842,2887,2767,2755,3367,2880,2968,2814,8125.662252,7084.186747,6990.298507,15725.000000,8059.259259,8954.037267,7468.852459,-0.004105,0.029817,0.073261,0.825741,0.059547,0.155760,0.015984
3970150,30.9842,3,Ring_Bend,BEND RING ONLY,0.9842,2882,2803,2796,3421,2901,2963,2809,8078.153339,7376.315789,7318.244804,17257.270030,8260.804020,8899.469965,7426.594090,-0.009928,0.072284,0.123613,1.003644,0.086044,0.148716,0.010235
3970200,31.0053,3,Ring_Bend,BEND RING ONLY,1.0053,2925,2813,2791,3404,2949,2966,2803,8500.000000,7460.374415,7277.147239,16749.059334,8749.214660,8932.152347,7376.315789,0.041775,0.084503,0.117303,0.944639,0.150255,0.152935,0.003396
3970250,31.0671,3,Ring_Bend,BEND RING ONLY,1.0671,2955,2820,2793,3374,2956,2964,2816,8813.157895,7520.000000,7293.548387,15910.679612,8823.880597,8910.344828,7485.848319,0.080156,0.093171,0.119821,0.847299,0.160072,0.150120,0.018296
3970300,31.1089,3,Ring_Bend,BEND RING ONLY,1.1089,2957,2832,2799,3378,2953,2987,2815,8834.622144,7623.752969,7343.055556,16018.410042,8791.768827,9165.884477,7477.343750,0.082786,0.108253,0.127422,0.859807,0.155850,0.183104,0.017139
3970350,31.1929,3,Ring_Bend,BEND RING ONLY,1.1929,2981,2849,2787,3442,2924,2961,2809,9098.204668,7774.157303,7244.495413,17921.592649,8489.837746,8877.777778,7426.594090,0.115092,0.130117,0.112290,1.080775,0.116155,0.145916,0.010235
3970400,31.1931,3,Ring_Bend,BEND RING ONLY,1.1931,2979,2855,2767,3456,2952,3072,2815,9075.806452,7828.225806,7084.186747,18388.732394,8781.102362,10209.970674,7477.343750,0.112346,0.137977,0.087677,1.135012,0.154448,0.317872,0.017139
3970450,31.2346,3,Ring_Bend,BEND RING ONLY,1.2346,2993,2875,2786,3362,2922,3079,2809,9234.301270,8012.295082,7236.363636,15594.542974,8469.565217,10303.740157,7426.594090,0.131772,0.164735,0.111041,0.810594,0.113490,0.329975,0.010235
3970500,31.3178,3,Ring_Bend,BEND RING ONLY,1.3178,3003,2891,2794,3418,2951,3117,2801,9350.000000,8163.953488,7301.767871,17165.731167,8770.454545,10836.196319,7359.659969,0.145952,0.186781,0.121083,0.993016,0.153048,0.398703,0.001130
3970550,31.3381,3,Ring_Bend,BEND RING ONLY,1.3381,3031,2895,2768,3395,2923,3143,2816,9685.526316,8202.500000,7092.087415,16490.000000,8479.692833,11225.000000,7485.848319,0.187075,0.192385,0.088890,0.914561,0.114821,0.448889,0.018296
3970600,31.5018,3,Ring_Bend,BEND RING ONLY,1.5018,2992,2901,2781,3386,2975,3111,2815,9222.846782,8260.804020,7195.890411,16237.517630,9031.250000,10749.390244,7477.343750,0.130368,0.200860,0.104827,0.885246,0.187334,0.387498,0.017139
3970650,31.5018,3,Ring_Bend,BEND RING ONLY,1.5018,3000,2900,2784,3344,2991,3107,2805,9315.068493,8251.046025,7220.137300,15139.280959,9211.413043,10692.105263,7393.023256,0.141671,0.199442,0.108550,0.757736,0.211020,0.380104,0.005669
3970700,31.5019,3,Ring_Bend,BEND RING ONLY,1.5019,2984,2894,2757,3327,2952,3154,2815,9131.953195,8192.839301,7005.829596,14728.906250,8781.102362,11395.961743,7477.343750,0.119228,0.190980,0.075646,0.710090,0.154448,0.470956,0.017139
3970750,31.5639,3,Ring_Bend,BEND RING ONLY,1.5639,2971,2891,2762,3341,2942,3149,2812,8987.010676,8163.953488,7044.861215,15065.517241,8675.455334,11317.758985,7451.909587,0.101463,0.186781,0.081639,0.749172,0.140558,0.460862,0.013679
3970800,31.6262,3,Ring_Bend,BEND RING ONLY,1.6262,2988,2876,2755,3353,2942,3101,2802,9177.235772,8021.657096,6990.298507,15364.150943,8675.455334,10607.042254,7367.981439,0.124778,0.166096,0.073261,0.783845,0.140558,0.369124,0.002262
3970850,31.6685,3,Ring_Bend,BEND RING ONLY,1.6685,2980,2879,2752,3425,2954,3119,2813,9086.995516,8049.835526,6967.088608,17380.597015,8802.453988,10865.368852,7460.374415,0.113718,0.170192,0.069698,1.017963,0.157255,0.402468,0.014830
3970900,31.6892,3,Ring_Bend,BEND RING ONLY,1.6892,2966,2883,2757,3322,2951,3097,2811,8932.152347,8087.623762,7005.829596,14611.642950,8770.454545,10550.901804,7443.457944,0.094740,0.175685,0.075646,0.696475,0.153048,0.361878,0.012529
3970950,31.7721,3,Ring_Bend,BEND RING ONLY,1.7721,2972,2868,2762,3371,2926,3087,2802,8998.040962,7947.188264,7044.861215,15830.662983,8510.179641,10412.500000,7367.981439,0.102815,0.155271,0.081639,0.838009,0.118829,0.344014,0.002262
3971000,31.8136,3,Ring_Bend,BEND RING ONLY,1.8136,2964,2868,2740,3272,2941,3041,2811,8910.344828,7947.188264,6875.276753,13517.375456,8664.991334,9809.677419,7443.457944,0.092067,0.155271,0.055601,0.569426,0.139183,0.266203,0.012529
3971050,32.0168,3,Ring_Bend,BEND RING ONLY,2.0168,2946,2859,2748,3331,2928,3053,2809,8717.493473,7864.563107,6936.302895,14823.821990,8530.591260,9961.804223,7426.594090,0.068431,0.143259,0.064971,0.721110,0.121513,0.285839,0.010235
3971100,32.0168,3,Ring_Bend,BEND RING ONLY,2.0168,2969,2861,2756,3416,2927,3052,2800,8965.008881,7882.820097,6998.058252,17105.154639,8520.376712,9948.993289,7351.351351,0.098767,0.145913,0.074453,0.985983,0.120170,0.284186,0.000000
3971150,32.0169,3,Ring_Bend,BEND RING ONLY,2.0169,2986,2856,2742,3296,2920,3050,2808,9154.553652,7837.288136,6890.465632,14025.531915,8449.361702,9923.444976,7418.181818,0.121998,0.139295,0.057933,0.628425,0.110834,0.280888,0.009091
3971200,32.0169,3,Ring_Bend,BEND RING ONLY,2.0169,2964,2846,2746,3294,2924,3021,2810,8910.344828,7747.317854,6920.978503,13982.022472,8489.837746,9563.687151,7435.019455,0.092067,0.126216,0.062618,0.623374,0.116155,0.234451,0.011381
3971250,32.0585,3,Ring_Bend,BEND RING ONLY,2.0585,2963,2842,2746,3417,2926,3003,2799,8899.469965,7711.731844,6920.978503,17135.398230,8510.179641,9350.000000,7343.055556,0.090734,0.121043,0.062618,0.989494,0.118829,0.206869,-0.001128
3971300,32.1205,3,Ring_Bend,BEND RING ONLY,2.1205,2964,2832,2735,3253,2917,3032,2809,8910.344828,7623.752969,6837.500000,13135.629454,8419.185059,9697.836312,7426.594090,0.092067,0.108253,0.049801,0.525104,0.106866,0.251767,0.010235
3971350,32.1415,3,Ring_Bend,BEND RING ONLY,2.1415,2948,2836,2737,3297,2931,3026,2809,8738.622493,7658.776807,6852.577320,14047.368421,8561.340206,9624.321796,7426.594090,0.071021,0.113345,0.052116,0.630960,0.125556,0.242278,0.010235
3971400,32.2048,3,Ring_Bend,BEND RING ONLY,2.2048,2958,2839,2745,3351,2937,3007,2799,8845.382586,7685.191083,6913.333333,15313.709677,8623.316062,9396.875000,7343.055556,0.084105,0.117184,0.061444,0.777988,0.133703,0.212920,-0.001128
3971450,32.2681,3,Ring_Bend,BEND RING ONLY,2.2681,2959,2835,2740,3221,2930,3001,2809,8856.161972,7650.000000,6875.276753,12530.205950,8551.072961,9326.691042,7426.594090,0.085426,0.112069,0.055601,0.454811,0.124206,0.203861,0.010235
3971500,32.2885,3,Ring_Bend,BEND RING ONLY,2.2885,2951,2835,2748,3304,2928,2997,2811,8770.454545,7650.000000,6936.302895,14201.769912,8530.591260,9280.327869,7443.457944,0.074922,0.112069,0.064971,0.648887,0.121513,0.197876,0.012529
3971550,32.3515,3,Ring_Bend,BEND RING ONLY,2.3515,2948,2830,2742,3294,2928,2983,2799,8738.622493,7606.324111,6890.465632,13982.022472,8530.591260,9120.683453,7343.055556,0.071021,0.105720,0.057933,0.623374,0.121513,0.177270,-0.001128
3971600,32.5337,3,Ring_Bend,BEND RING ONLY,2.5337,2943,2824,2735,3195,2917,2982,2805,8685.937500,7554.366640,6837.500000,12070.000000,8419.185059,9109.433962,7393.023256,0.064563,0.098167,0.049801,0.401379,0.106866,0.175818,0.005669
3971650,32.5337,3,Ring_Bend,BEND RING ONLY,2.5337,2934,2822,2735,3279,2930,2971,2806,8592.248062,7537.156324,6837.500000,13662.500000,8551.072961,8987.010676,7401.396431,0.053081,0.095665,0.049801,0.586276,0.124206,0.160016,0.006808
3971700,32.5337,3,Ring_Bend,BEND RING ONLY,2.5337,2949,2821,2737,3228,2926,2934,2800,8749.214660,7528.571429,6852.577320,12658.823529,8510.179641,8592.248062,7351.351351,0.072319,0.094417,0.052116,0.469744,0.118829,0.109061,0.000000
3971750,32.5541,3,Ring_Bend,BEND RING ONLY,2.5541,2947,2820,2727,3323,2926,2936,2806,8728.048780,7520.000000,6777.631579,14634.974093,8510.179641,8612.942192,7401.396431,0.069725,0.093171,0.040609,0.699184,0.118829,0.111732,0.006808
3971800,32.6172,3,Ring_Bend,BEND RING ONLY,2.6172,2936,2820,2740,3293,2918,2934,2801,8612.942192,7520.000000,6875.276753,13960.349127,8429.226848,8592.248062,7359.659969,0.055617,0.093171,0.055601,0.620857,0.108187,0.109061,0.001130
3971850,32.6586,3,Ring_Bend,BEND RING ONLY,2.6586,2945,2819,2741,3340,2927,2938,2792,8706.956522,7511.442006,6882.865583,15041.059603,8520.376712,8633.707865,7285.341520,0.067139,0.091927,0.056766,0.746332,0.120170,0.114413,-0.008979
3971900,32.7007,3,Ring_Bend,BEND RING ONLY,2.7007,2942,2824,2729,3213,2927,2951,2800,8675.455334,7554.366640,6792.532943,12385.714286,8520.376712,8770.454545,7351.351351,0.063279,0.098167,0.042897,0.438035,0.120170,0.132063,0.000000
3971950,32.7629,3,Ring_Bend,BEND RING ONLY,2.7629,2931,2829,2738,3213,2920,2936,2800,8561.340206,7597.630332,6860.132646,12385.714286,8449.361702,8612.942192,7351.351351,0.049292,0.104456,0.053276,0.438035,0.110834,0.111732,0.000000
3972000,32.8250,3,Ring_Bend,BEND RING ONLY,2.8250,2943,2832,2738,3181,2914,2943,2795,8685.937500,7623.752969,6860.132646,11833.041575,8389.161727,8685.937500,7310.000000,0.064563,0.108253,0.053276,0.373868,0.102919,0.121154,-0.005625
3972050,32.8674,3,Ring_Bend,BEND RING ONLY,2.8674,2943,2824,2709,3165,2909,2943,2803,8685.937500,7554.366640,6645.454545,11570.967742,8339.460371,8685.937500,7376.315789,0.064563,0.098167,0.020315,0.343440,0.096385,0.121154,0.003396
3972100,32.8882,3,Ring_Bend,BEND RING ONLY,2.8882,2930,2817,2737,3177,2914,2941,2806,8551.072961,7494.366197,6852.577320,11766.666667,8389.161727,8664.991334,7401.396431,0.048034,0.089444,0.052116,0.366161,0.102919,0.118450,0.006808
3972150,33.0487,3,Ring_Bend,BEND RING ONLY,3.0487,2935,2820,2730,3162,2912,2932,2800,8602.586207,7520.000000,6800.000000,11522.829582,8369.230769,8571.625107,7351.351351,0.054348,0.093171,0.044044,0.337851,0.100299,0.106399,0.000000
3972200,33.0488,3,Ring_Bend,BEND RING ONLY,3.0488,2931,2812,2710,3162,2911,2944,2807,8561.340206,7451.909587,6652.707581,11522.829582,8359.290541,8696.437880,7409.782609,0.049292,0.083273,0.021429,0.337851,0.098992,0.122509,0.007948
3972250,33.0699,3,Ring_Bend,BEND RING ONLY,3.0699,2926,2810,2735,3153,2915,2985,2810,8510.179641,7435.019455,6837.500000,11380.254777,8399.152542,9143.243243,7435.019455,0.043022,0.080817,0.049801,0.321297,0.104233,0.180182,0.011381
3972300,33.1331,3,Ring_Bend,BEND RING ONLY,3.1331,2935,2815,2718,3164,2912,2960,2800,8602.586207,7477.343750,6711.111111,11554.887218,8369.230769,8866.960352,7351.351351,0.054348,0.086970,0.030396,0.341573,0.100299,0.144520,0.000000
3972350,33.1749,3,Ring_Bend,BEND RING ONLY,3.1749,2945,2810,2708,3165,2912,2963,2806,8706.956522,7435.019455,6638.211968,11570.967742,8369.230769,8899.469965,7401.396431,0.067139,0.080817,0.019203,0.343440,0.100299,0.148716,0.006808
3972400,33.2164,3,Ring_Bend,BEND RING ONLY,3.2164,2933,2804,2714,3166,2919,2978,2805,8581.927711,7384.663052,6681.824765,11587.082885,8439.285714,9064.637422,7393.023256,0.051816,0.073497,0.025900,0.345311,0.109509,0.170036,0.005669
3972450,33.2590,3,Ring_Bend,BEND RING ONLY,3.2590,2944,2814,2705,3154,2923,3003,2800,8696.437880,7468.852459,6616.546763,11395.961743,8479.692833,9350.000000,7351.351351,0.065850,0.085736,0.015877,0.323121,0.114821,0.206869,0.000000
3972500,33.3012,3,Ring_Bend,BEND RING ONLY,3.3012,2947,2805,2705,3145,2916,3009,2810,8728.048780,7393.023256,6616.546763,11255.789474,8409.160305,9420.441989,7435.019455,0.069725,0.074712,0.015877,0.306846,0.105549,0.215962,0.011381
3972550,33.3642,3,Ring_Bend,BEND RING ONLY,3.3642,2934,2810,2721,3135,2912,3004,2809,8592.248062,7435.019455,6733.187773,11103.125000,8369.230769,9361.686526,7426.594090,0.053081,0.080817,0.033786,0.289121,0.100299,0.208378,0.010235
3972600,33.5657,3,Ring_Bend,BEND RING ONLY,3.5657,2944,2808,2711,3137,2909,2998,2799,8696.437880,7418.181818,6659.971098,11133.402923,8339.460371,9291.886964,7343.055556,0.065850,0.078370,0.022544,0.292636,0.096385,0.199368,-0.001128
3972650,33.5658,3,Ring_Bend,BEND RING ONLY,3.5658,2941,2801,2704,3164,2918,3016,2809,8664.991334,7359.659969,6609.345794,11554.887218,8429.226848,9503.614458,7426.594090,0.061996,0.069862,0.014771,0.341573,0.108187,0.226697,0.010235
3972700,33.5658,3,Ring_Bend,BEND RING ONLY,3.5658,2929,2809,2705,3183,2924,3007,2809,8540.823328,7426.594090,6616.546763,11866.447368,8489.837746,9396.875000,7426.594090,0.046778,0.079593,0.015877,0.377746,0.116155,0.212920,0.010235
3972750,33.5658,3,Ring_Bend,BEND RING ONLY,3.5658,2933,2806,2710,3188,2920,2995,2799,8581.927711,7401.396431,6652.707581,11950.606395,8449.361702,9257.272727,7343.055556,0.051816,0.075930,0.021429,0.387517,0.110834,0.194900,-0.001128
3972800,33.6081,3,Ring_Bend,BEND RING ONLY,3.6081,2934,2796,2706,3197,2911,2974,2807,8592.248062,7318.244804,6623.758099,12104.454343,8359.290541,9020.160571,7409.782609,0.053081,0.063842,0.016984,0.405380,0.098992,0.164295,0.007948
3972850,33.6493,3,Ring_Bend,BEND RING ONLY,3.6493,2934,2800,2718,3197,2918,2965,2806,8592.248062,7351.351351,6711.111111,12104.454343,8429.226848,8921.238938,7401.396431,0.053081,0.068655,0.030396,0.405380,0.108187,0.151526,0.006808
3972900,33.7120,3,Ring_Bend,BEND RING ONLY,3.7120,2944,2807,2716,3170,2912,2958,2799,8696.437880,7409.782609,6696.446701,11651.891892,8369.230769,8845.382586,7343.055556,0.065850,0.077149,0.028145,0.352835,0.100299,0.141735,-0.001128
3972950,33.7540,3,Ring_Bend,BEND RING ONLY,3.7540,2946,2797,2707,3190,2909,2949,2806,8717.493473,7326.502311,6630.979827,11984.530387,8339.460371,8749.214660,7401.396431,0.068431,0.065042,0.018093,0.391456,0.096385,0.129322,0.006808
3973000,33.8173,3,Ring_Bend,BEND RING ONLY,3.8173,2935,2799,2723,3206,2919,2974,2804,8602.586207,7343.055556,6747.959184,12261.417323,8439.285714,9020.160571,7384.663052,0.054348,0.067449,0.036054,0.423604,0.109509,0.164295,0.004531
3973050,33.8591,3,Ring_Bend,BEND RING ONLY,3.8591,2938,2801,2718,3185,2920,2962,2793,8633.707865,7359.659969,6711.111111,11900.000000,8449.361702,8888.614298,7293.548387,0.058162,0.069862,0.030396,0.381642,0.110834,0.147315,-0.007863
3973100,33.9212,3,Ring_Bend,BEND RING ONLY,3.9212,2940,2796,2704,3192,2912,2993,2802,8654.545455,7318.244804,6609.345794,12018.604651,8369.230769,9234.301270,7367.981439,0.060716,0.063842,0.014771,0.395412,0.100299,0.191935,0.002262
3973150,34.0824,3,Ring_Bend,BEND RING ONLY,4.0824,2928,2803,2718,3196,2917,2993,2802,8530.591260,7376.315789,6711.111111,12087.208009,8419.185059,9234.301270,7367.981439,0.045524,0.072284,0.030396,0.403377,0.106866,0.191935,0.002262
3973200,34.0825,3,Ring_Bend,BEND RING ONLY,4.0825,2931,2808,2717,3216,2912,3014,2797,8561.340206,7418.181818,6703.773585,12439.590444,8369.230769,9479.740981,7326.502311,0.049292,0.078370,0.029269,0.444290,0.100299,0.223616,-0.003380
3973250,34.0825,3,Ring_Bend,BEND RING ONLY,4.0825,2931,2791,2702,3188,2906,3018,2805,8561.340206,7277.147239,6594.974874,11950.606395,8309.840202,9527.576602,7393.023256,0.049292,0.057868,0.012565,0.387517,0.092491,0.229790,0.005669
3973300,34.0826,3,Ring_Bend,BEND RING ONLY,4.0826,2925,2797,2716,3181,2911,2992,2802,8500.000000,7326.502311,6696.446701,11833.041575,8359.290541,9222.846782,7367.981439,0.041775,0.065042,0.028145,0.373868,0.098992,0.190457,0.002262
3973350,34.1663,3,Ring_Bend,BEND RING ONLY,4.1663,2928,2800,2727,3182,2912,2956,2797,8530.591260,7351.351351,6777.631579,11849.726177,8369.230769,8823.880597,7326.502311,0.045524,0.068655,0.040609,0.375805,0.100299,0.138959,-0.003380
3973400,34.1866,3,Ring_Bend,BEND RING ONLY,4.1866,2924,2795,2707,3170,2900,2965,2805,8489.837746,7310.000000,6630.979827,11651.891892,8251.046025,8921.238938,7393.023256,0.040529,0.062643,0.018093,0.352835,0.084761,0.151526,0.005669
3973450,34.2500,3,Ring_Bend,BEND RING ONLY,4.2500,2917,2796,2737,3181,2906,2957,2803,8419.185059,7318.244804,6852.577320,11833.041575,8309.840202,8834.622144,7376.315789,0.031870,0.063842,0.052116,0.373868,0.092491,0.140346,0.003396
3973500,34.3128,3,Ring_Bend,BEND RING ONLY,4.3128,2929,2803,2720,3180,2904,2963,2797,8540.823328,7376.315789,6725.818182,11816.393443,8290.176322,8899.469965,7326.502311,0.046778,0.072284,0.032654,0.371935,0.089906,0.148716,-0.003380
3973550,34.3341,3,Ring_Bend,BEND RING ONLY,4.3341,2927,2803,2705,3163,2898,2969,2803,8520.376712,7376.315789,6616.546763,11538.841202,8231.578947,8965.008881,7376.315789,0.044272,0.072284,0.015877,0.339710,0.082202,0.157176,0.003396
3973600,34.3973,3,Ring_Bend,BEND RING ONLY,4.3973,2919,2805,2704,3177,2901,2966,2802,8439.285714,7393.023256,6609.345794,11766.666667,8260.804020,8932.152347,7367.981439,0.034333,0.074712,0.014771,0.366161,0.086044,0.152935,0.002262
3973650,34.6006,3,Ring_Bend,BEND RING ONLY,4.6006,2927,2805,2702,3166,2898,2947,2795,8520.376712,7393.023256,6594.974874,11587.082885,8231.578947,8728.048780,7310.000000,0.044272,0.074712,0.012565,0.345311,0.082202,0.126590,-0.005625
3973700,34.6007,3,Ring_Bend,BEND RING ONLY,4.6007,2924,2803,2690,3153,2898,2963,2802,8489.837746,7376.315789,6509.608541,11380.254777,8231.578947,8899.469965,7367.981439,0.040529,0.072284,-0.000542,0.321297,0.082202,0.148716,0.002262
3973750,34.6007,3,Ring_Bend,BEND RING ONLY,4.6007,2920,2803,2703,3174,2910,2960,2803,8449.361702,7376.315789,6602.155172,11717.263844,8349.367089,8866.960352,7376.315789,0.035568,0.072284,0.013667,0.360425,0.097688,0.144520,0.003396
3973800,34.6007,3,Ring_Bend,BEND RING ONLY,4.6007,2926,2802,2704,3167,2908,2941,2796,8510.179641,7367.981439,6609.345794,11603.232759,8329.570345,8664.991334,7318.244804,0.043022,0.071072,0.014771,0.347186,0.095085,0.118450,-0.004503
3973850,34.6418,3,Ring_Bend,BEND RING ONLY,4.6418,2927,2799,2700,3148,2904,2959,2804,8520.376712,7343.055556,6580.645161,11302.217529,8290.176322,8856.161972,7384.663052,0.044272,0.067449,0.010365,0.312237,0.089906,0.143126,0.004531
3973900,34.7041,3,Ring_Bend,BEND RING ONLY,4.7041,2912,2797,2717,3124,2911,2963,2803,8369.230769,7326.502311,6703.773585,10938.825953,8359.290541,8899.469965,7376.315789,0.025747,0.065042,0.029269,0.270045,0.098992,0.148716,0.003396
3973950,34.7669,3,Ring_Bend,BEND RING ONLY,4.7669,2922,2801,2721,3138,2910,2955,2798,8469.565217,7359.659969,6733.187773,11148.589342,8349.367089,8813.157895,7334.772552,0.038044,0.069862,0.033786,0.294400,0.097688,0.137575,-0.002255
3974000,34.8081,3,Ring_Bend,BEND RING ONLY,4.8081,2918,2795,2705,3124,2902,2960,2806,8429.226848,7310.000000,6616.546763,10938.825953,8270.578374,8866.960352,7401.396431,0.033100,0.062643,0.015877,0.270045,0.087329,0.144520,0.006808
3974050,34.8494,3,Ring_Bend,BEND RING ONLY,4.8494,2904,2796,2715,3139,2911,2959,2804,8290.176322,7318.244804,6689.130435,11163.807531,8359.290541,8856.161972,7384.663052,0.016058,0.063842,0.027021,0.296167,0.098992,0.143126,0.004531
3974100,34.9121,3,Ring_Bend,BEND RING ONLY,4.9121,2917,2799,2705,3144,2907,2951,2798,8419.185059,7343.055556,6616.546763,11240.378549,8319.696970,8770.454545,7334.772552,0.031870,0.067449,0.015877,0.305057,0.093787,0.132063,-0.002255
3974150,34.9535,3,Ring_Bend,BEND RING ONLY,4.9535,2912,2793,2705,3148,2901,2960,2805,8369.230769,7293.548387,6616.546763,11302.217529,8260.804020,8866.960352,7393.023256,0.025747,0.060252,0.015877,0.312237,0.086044,0.144520,0.005669
3974200,35.0771,3,Ring_Bend,BEND RING ONLY,5.0771,2905,2793,2719,3142,2904,2959,2805,8300.000000,7293.548387,6718.459302,11209.653725,8290.176322,8856.161972,7393.023256,0.017262,0.060252,0.031524,0.301489,0.089906,0.143126,0.005669
3974250,35.0771,3,Ring_Bend,BEND RING ONLY,5.0771,2913,2797,2706,3144,2899,2947,2798,8379.187817,7326.502311,6623.758099,11240.378549,8241.304348,8728.048780,7334.772552,0.026968,0.065042,0.016984,0.305057,0.083481,0.126590,-0.002255
3974300,35.0982,3,Ring_Bend,BEND RING ONLY,5.0982,2919,2794,2703,3145,2896,2958,2804,8439.285714,7301.767871,6602.155172,11255.789474,8212.176814,8845.382586,7384.663052,0.034333,0.061447,0.013667,0.306846,0.079651,0.141735,0.004531
3974350,35.1603,3,Ring_Bend,BEND RING ONLY,5.1603,2902,2793,2713,3145,2901,2960,2803,8270.578374,7293.548387,6674.529667,11255.789474,8260.804020,8866.960352,7376.315789,0.013656,0.060252,0.024779,0.306846,0.086044,0.144520,0.003396
3974400,35.2225,3,Ring_Bend,BEND RING ONLY,5.2225,2904,2798,2703,3142,2904,2961,2797,8290.176322,7334.772552,6602.155172,11209.653725,8290.176322,8877.777778,7326.502311,0.016058,0.066245,0.013667,0.301489,0.089906,0.145916,-0.003380
3974450,35.2640,3,Ring_Bend,BEND RING ONLY,5.2640,2899,2794,2704,3129,2897,2969,2807,8241.304348,7301.767871,6609.345794,11013.043478,8221.869783,8965.008881,7409.782609,0.010068,0.061447,0.014771,0.278662,0.080926,0.157176,0.007948
3974500,35.3052,3,Ring_Bend,BEND RING ONLY,5.3052,2896,2796,2711,3157,2907,2969,2809,8212.176814,7318.244804,6659.971098,11443.283582,8319.696970,8965.008881,7426.594090,0.006498,0.063842,0.022544,0.328615,0.093787,0.157176,0.010235
3974550,35.3472,3,Ring_Bend,BEND RING ONLY,5.3472,2907,2802,2712,3151,2898,2957,2799,8319.696970,7367.981439,6667.245119,11348.940678,8231.578947,8834.622144,7343.055556,0.019676,0.071072,0.023661,0.317661,0.082202,0.140346,-0.001128
3974600,35.3892,3,Ring_Bend,BEND RING ONLY,5.3892,2904,2797,2688,3157,2891,2958,2809,8290.176322,7326.502311,6495.522388,11443.283582,8163.953488,8845.382586,7426.594090,0.016058,0.065042,-0.002705,0.328615,0.073311,0.141735,0.010235
3974650,35.4523,3,Ring_Bend,BEND RING ONLY,5.4523,2898,2802,2705,3160,2897,2948,2808,8231.578947,7367.981439,6616.546763,11490.909091,8221.869783,8738.622493,7418.181818,0.008876,0.071072,0.015877,0.334144,0.080926,0.127955,0.009091
3974700,35.6191,3,Ring_Bend,BEND RING ONLY,5.6191,2911,2804,2708,3156,2895,2929,2799,8359.290541,7384.663052,6638.211968,11427.476038,8202.500000,8540.823328,7343.055556,0.024529,0.073497,0.019203,0.326780,0.078379,0.102423,-0.001128
3974750,35.6191,3,Ring_Bend,BEND RING ONLY,5.6191,2907,2804,2698,3166,2886,2943,2805,8319.696970,7384.663052,6566.356478,11587.082885,8116.129032,8685.937500,7393.023256,0.019676,0.073497,0.008171,0.345311,0.067024,0.121154,0.005669
3974800,35.6192,3,Ring_Bend,BEND RING ONLY,5.6192,2898,2801,2709,3166,2894,2958,2805,8231.578947,7359.659969,6645.454545,11587.082885,8192.839301,8845.382586,7393.023256,0.008876,0.069862,0.020315,0.345311,0.077109,0.141735,0.005669
3974850,35.6613,3,Ring_Bend,BEND RING ONLY,5.6613,2912,2802,2699,3157,2899,2944,2798,8369.230769,7367.981439,6573.495702,11443.283582,8241.304348,8696.437880,7334.772552,0.025747,0.071072,0.009267,0.328615,0.083481,0.122509,-0.002255
3974900,35.6825,3,Ring_Bend,BEND RING ONLY,5.6825,2910,2798,2695,3145,2903,2960,2802,8349.367089,7334.772552,6545.000000,11255.789474,8280.369128,8866.960352,7367.981439,0.023313,0.066245,0.004892,0.306846,0.088616,0.144520,0.002262
3974950,35.7666,3,Ring_Bend,BEND RING ONLY,5.7666,2898,2801,2699,3142,2895,2957,2803,8231.578947,7359.659969,6573.495702,11209.653725,8202.500000,8834.622144,7376.315789,0.008876,0.069862,0.009267,0.301489,0.078379,0.140346,0.003396
3975000,35.8084,3,Ring_Bend,BEND RING ONLY,5.8084,2907,2803,2702,3141,2895,2952,2794,8319.696970,7376.315789,6594.974874,11194.339623,8202.500000,8781.102362,7301.767871,0.019676,0.072284,0.012565,0.299711,0.078379,0.133438,-0.006745
3975050,35.8710,3,Ring_Bend,BEND RING ONLY,5.8710,2900,2798,2701,3138,2888,2953,2802,8251.046025,7334.772552,6587.804878,11148.589342,8135.211268,8791.768827,7367.981439,0.011262,0.066245,0.011464,0.294400,0.069533,0.134815,0.002262
3975100,35.9134,3,Ring_Bend,BEND RING ONLY,5.9134,2894,2794,2702,3141,2897,2945,2800,8192.839301,7301.767871,6594.974874,11194.339623,8221.869783,8706.956522,7351.351351,0.004128,0.061447,0.012565,0.299711,0.080926,0.123867,0.000000
3975150,35.9760,3,Ring_Bend,BEND RING ONLY,5.9760,2909,2799,2697,3147,2896,2929,2797,8339.460371,7343.055556,6559.227468,11286.708861,8212.176814,8540.823328,7326.502311,0.022099,0.067449,0.007076,0.310436,0.079651,0.102423,-0.003380
3975200,36.1367,3,Ring_Bend,BEND RING ONLY,6.1367,2911,2794,2685,3135,2886,2948,2804,8359.290541,7301.767871,6474.468085,11103.125000,8116.129032,8738.622493,7384.663052,0.024529,0.061447,-0.005937,0.289121,0.067024,0.127955,0.004531
3975250,36.1368,3,Ring_Bend,BEND RING ONLY,6.1368,2901,2797,2702,3137,2897,2944,2805,8260.804020,7326.502311,6594.974874,11133.402923,8221.869783,8696.437880,7393.023256,0.012458,0.065042,0.012565,0.292636,0.080926,0.122509,0.005669
3975300,36.1368,3,Ring_Bend,BEND RING ONLY,6.1368,2914,2799,2701,3139,2898,2926,2796,8389.161727,7343.055556,6587.804878,11163.807531,8231.578947,8510.179641,7318.244804,0.028190,0.067449,0.011464,0.296167,0.082202,0.098468,-0.004503
3975350,36.1575,3,Ring_Bend,BEND RING ONLY,6.1575,2909,2795,2686,3125,2893,2937,2806,8339.460371,7310.000000,6481.476224,10953.608247,8183.194676,8623.316062,7401.396431,0.022099,0.062643,-0.004861,0.271761,0.075841,0.113071,0.006808
3975400,36.1989,3,Ring_Bend,BEND RING ONLY,6.1989,2907,2793,2699,3129,2897,2940,2804,8319.696970,7293.548387,6573.495702,11013.043478,8221.869783,8654.545455,7384.663052,0.019676,0.060252,0.009267,0.278662,0.080926,0.117102,0.004531
3975450,36.2622,3,Ring_Bend,BEND RING ONLY,6.2622,2919,2799,2701,3149,2899,2927,2799,8439.285714,7343.055556,6587.804878,11317.758985,8241.304348,8520.376712,7343.055556,0.034333,0.067449,0.011464,0.314041,0.083481,0.099784,-0.001128
3975500,36.3036,3,Ring_Bend,BEND RING ONLY,6.3036,2921,2789,2689,3132,2902,2934,2806,8459.454855,7260.796325,6502.560455,11057.943925,8270.578374,8592.248062,7401.396431,0.036805,0.055491,-0.001624,0.283875,0.087329,0.109061,0.006808
3975550,36.3459,3,Ring_Bend,BEND RING ONLY,6.3459,2908,2784,2702,3144,2899,2933,2806,8329.570345,7220.137300,6594.974874,11240.378549,8241.304348,8581.927711,7401.396431,0.020886,0.049580,0.012565,0.305057,0.083481,0.107729,0.006808
3975600,36.4092,3,Ring_Bend,BEND RING ONLY,6.4092,2920,2790,2700,3161,2898,2915,2798,8449.361702,7268.965517,6580.645161,11506.852248,8231.578947,8399.152542,7334.772552,0.035568,0.056678,0.010365,0.335996,0.082202,0.084137,-0.002255
3975650,36.4515,3,Ring_Bend,BEND RING ONLY,6.4515,2922,2787,2679,3154,2889,2938,2806,8469.565217,7244.495413,6432.627119,11395.961743,8144.776119,8633.707865,7401.396431,0.038044,0.053121,-0.012361,0.323121,0.070790,0.114413,0.006808
3975700,36.6564,3,Ring_Bend,BEND RING ONLY,6.6564,2911,2791,2687,3168,2895,2927,2804,8359.290541,7277.147239,6488.494318,11619.417476,8202.500000,8520.376712,7384.663052,0.024529,0.057868,-0.003784,0.349065,0.078379,0.099784,0.004531
3975750,36.6565,3,Ring_Bend,BEND RING ONLY,6.6565,2919,2798,2686,3179,2886,2921,2798,8439.285714,7334.772552,6481.476224,11799.781659,8116.129032,8459.454855,7334.772552,0.034333,0.066245,-0.004861,0.370006,0.067024,0.091920,-0.002255
3975800,36.6565,3,Ring_Bend,BEND RING ONLY,6.6565,2926,2794,2679,3171,2882,2925,2804,8510.179641,7301.767871,6432.627119,11668.181818,8078.153339,8500.000000,7384.663052,0.043022,0.061447,-0.012361,0.354727,0.062031,0.097154,0.004531
3975850,36.6565,3,Ring_Bend,BEND RING ONLY,6.6565,2911,2794,2687,3187,2894,2927,2804,8359.290541,7301.767871,6488.494318,11933.700441,8192.839301,8520.376712,7384.663052,0.024529,0.061447,-0.003784,0.385554,0.077109,0.099784,0.004531
3975900,36.7183,3,Ring_Bend,BEND RING ONLY,6.7183,2917,2799,2689,3193,2893,2917,2796,8419.185059,7343.055556,6502.560455,12035.698448,8183.194676,8419.185059,7318.244804,0.031870,0.067449,-0.001624,0.397397,0.075841,0.086723,-0.004503
3975950,36.7387,3,Ring_Bend,BEND RING ONLY,6.7387,2915,2798,2675,3174,2883,2931,2807,8399.152542,7334.772552,6404.929577,11717.263844,8087.623762,8561.340206,7409.782609,0.029414,0.066245,-0.016614,0.360425,0.063276,0.105072,0.007948
3976000,36.8014,3,Ring_Bend,BEND RING ONLY,6.8014,2910,2796,2691,3178,2890,2916,2805,8349.367089,7318.244804,6516.666667,11783.206107,8154.356846,8409.160305,7393.023256,0.023313,0.063842,0.000542,0.368081,0.072050,0.085429,0.005669
3976050,36.8438,3,Ring_Bend,BEND RING ONLY,6.8438,2926,2797,2687,3173,2892,2906,2798,8510.179641,7326.502311,6488.494318,11700.867679,8173.566085,8309.840202,7334.772552,0.043022,0.065042,-0.003784,0.358522,0.074575,0.072609,-0.002255
3976100,36.9068,3,Ring_Bend,BEND RING ONLY,6.9068,2924,2796,2680,3164,2883,2914,2803,8489.837746,7318.244804,6439.575972,11554.887218,8087.623762,8389.161727,7376.315789,0.040529,0.063842,-0.011294,0.341573,0.063276,0.082847,0.003396
3976150,36.9914,3,Ring_Bend,BEND RING ONLY,6.9914,2916,2795,2694,3167,2896,2923,2802,8409.160305,7310.000000,6537.901499,11603.232759,8212.176814,8479.692833,7367.981439,0.030641,0.062643,0.003802,0.347186,0.079651,0.094533,0.002262
3976200,37.1869,3,Ring_Bend,BEND RING ONLY,7.1869,2928,2799,2698,3164,2895,2914,2797,8530.591260,7343.055556,6566.356478,11554.887218,8202.500000,8389.161727,7326.502311,0.045524,0.067449,0.008171,0.341573,0.078379,0.082847,-0.003380
3976250,37.1870,3,Ring_Bend,BEND RING ONLY,7.1870,2927,2794,2683,3144,2889,2929,2805,8520.376712,7301.767871,6460.481586,11240.378549,8144.776119,8540.823328,7393.023256,0.044272,0.061447,-0.008085,0.305057,0.070790,0.102423,0.005669
3976300,37.1870,3,Ring_Bend,BEND RING ONLY,7.1870,2925,2788,2704,3166,2901,2927,2801,8500.000000,7252.639633,6609.345794,11587.082885,8260.804020,8520.376712,7359.659969,0.041775,0.054305,0.014771,0.345311,0.086044,0.099784,0.001130
3976350,37.1870,3,Ring_Bend,BEND RING ONLY,7.1870,2933,2798,2707,3154,2899,2920,2794,8581.927711,7334.772552,6630.979827,11395.961743,8241.304348,8449.361702,7301.767871,0.051816,0.066245,0.018093,0.323121,0.083481,0.090618,-0.006745
3976400,37.1870,3,Ring_Bend,BEND RING ONLY,7.1870,2932,2792,2700,3157,2896,2937,2802,8571.625107,7285.341520,6580.645161,11443.283582,8212.176814,8623.316062,7367.981439,0.050553,0.059059,0.010365,0.328615,0.079651,0.113071,0.002262
3976450,37.2503,3,Ring_Bend,BEND RING ONLY,7.2503,2923,2785,2706,3170,2898,2917,2801,8479.692833,7228.244275,6623.758099,11651.891892,8231.578947,8419.185059,7359.659969,0.039286,0.050759,0.016984,0.352835,0.082202,0.086723,0.001130
3976500,37.2919,3,Ring_Bend,BEND RING ONLY,7.2919,2928,2789,2706,3163,2897,2920,2796,8530.591260,7260.796325,6623.758099,11538.841202,8221.869783,8449.361702,7318.244804,0.045524,0.055491,0.016984,0.339710,0.080926,0.090618,-0.004503
3976550,37.3553,3,Ring_Bend,BEND RING ONLY,7.3553,2927,2782,2699,3153,2891,2931,2802,8520.376712,7203.960396,6573.495702,11380.254777,8163.953488,8561.340206,7367.981439,0.044272,0.047229,0.009267,0.321297,0.073311,0.105072,0.002262
3976600,37.3975,3,Ring_Bend,BEND RING ONLY,7.3975,2917,2779,2705,3169,2896,2938,2800,8419.185059,7179.787234,6616.546763,11635.637149,8212.176814,8633.707865,7351.351351,0.031870,0.043715,0.015877,0.350948,0.079651,0.114413,0.000000
3976650,37.4602,3,Ring_Bend,BEND RING ONLY,7.4602,2928,2787,2704,3174,2895,2929,2792,8530.591260,7244.495413,6609.345794,11717.263844,8202.500000,8540.823328,7285.341520,0.045524,0.053121,0.014771,0.360425,0.078379,0.102423,-0.008979
3976700,37.5024,3,Ring_Bend,BEND RING ONLY,7.5024,2926,2781,2689,3169,2892,2948,2801,8510.179641,7195.890411,6502.560455,11635.637149,8173.566085,8738.622493,7359.659969,0.043022,0.046056,-0.001624,0.350948,0.074575,0.127955,0.001130
3976750,37.6659,3,Ring_Bend,BEND RING ONLY,7.6659,2913,2778,2697,3182,2899,2945,2802,8379.187817,7171.753986,6559.227468,11849.726177,8241.304348,8706.956522,7367.981439,0.026968,0.042547,0.007076,0.375805,0.083481,0.123867,0.002262
3976800,37.6659,3,Ring_Bend,BEND RING ONLY,7.6659,2925,2784,2699,3183,2900,2940,2796,8500.000000,7220.137300,6573.495702,11866.447368,8251.046025,8654.545455,7318.244804,0.041775,0.049580,0.009267,0.377746,0.084761,0.117102,-0.004503
3976850,37.6659,3,Ring_Bend,BEND RING ONLY,7.6659,2924,2776,2688,3164,2893,2950,2806,8489.837746,7155.724033,6495.522388,11554.887218,8183.194676,8759.825328,7401.396431,0.040529,0.040217,-0.002705,0.341573,0.075841,0.130691,0.006808
3976900,37.6862,3,Ring_Bend,BEND RING ONLY,7.6862,2913,2776,2694,3154,2899,2944,2802,8379.187817,7155.724033,6537.901499,11395.961743,8241.304348,8696.437880,7367.981439,0.026968,0.040217,0.003802,0.323121,0.083481,0.122509,0.002262
3976950,37.7480,3,Ring_Bend,BEND RING ONLY,7.7480,2926,2777,2690,3150,2896,2937,2794,8510.179641,7163.732929,6509.608541,11333.333333,8212.176814,8623.316062,7301.767871,0.043022,0.041381,-0.000542,0.315849,0.079651,0.113071,-0.006745
3977000,37.8101,3,Ring_Bend,BEND RING ONLY,7.8101,2924,2773,2683,3127,2894,2957,2802,8489.837746,7131.770045,6460.481586,10983.264463,8192.839301,8834.622144,7367.981439,0.040529,0.036734,-0.008085,0.275205,0.077109,0.140346,0.002262
3977050,37.8525,3,Ring_Bend,BEND RING ONLY,7.8525,2913,2766,2697,3134,2898,2956,2804,8379.187817,7076.297968,6559.227468,11088.033299,8231.578947,8823.880597,7384.663052,0.026968,0.028671,0.007076,0.287369,0.082202,0.138959,0.004531
3977100,37.8943,3,Ring_Bend,BEND RING ONLY,7.8943,2919,2776,2691,3121,2896,2937,2797,8439.285714,7155.724033,6516.666667,10894.661191,8212.176814,8623.316062,7326.502311,0.034333,0.040217,0.000542,0.264917,0.079651,0.113071,-0.003380
3977150,37.9573,3,Ring_Bend,BEND RING ONLY,7.9573,2921,2776,2679,3117,2893,2949,2804,8459.454855,7155.724033,6432.627119,10836.196319,8183.194676,8749.214660,7384.663052,0.036805,0.040217,-0.012361,0.258129,0.075841,0.129322,0.004531
3977200,37.9999,3,Ring_Bend,BEND RING ONLY,7.9999,2911,2770,2688,3128,2904,2940,2802,8359.290541,7107.924528,6495.522388,10998.138573,8290.176322,8654.545455,7367.981439,0.024529,0.033268,-0.002705,0.276932,0.089906,0.117102,0.002262
3977250,38.0576,3,Ring_Bend,BEND RING ONLY,8.0576,2921,2776,2689,3132,2904,2934,2796,8459.454855,7155.724033,6502.560455,11057.943925,8290.176322,8592.248062,7318.244804,0.036805,0.040217,-0.001624,0.283875,0.089906,0.109061,-0.004503
3977300,38.1776,3,Ring_Bend,BEND RING ONLY,8.1776,2919,2770,2679,3119,2895,2947,2803,8439.285714,7107.924528,6432.627119,10865.368852,8202.500000,8728.048780,7376.315789,0.034333,0.033268,-0.012361,0.261517,0.078379,0.126590,0.003396
3977350,38.1777,3,Ring_Bend,BEND RING ONLY,8.1777,2909,2767,2686,3132,2898,2942,2803,8339.460371,7084.186747,6481.476224,11057.943925,8231.578947,8675.455334,7376.315789,0.022099,0.029817,-0.004861,0.283875,0.082202,0.119801,0.003396
3977400,38.1983,3,Ring_Bend,BEND RING ONLY,8.1983,2919,2772,2687,3133,2900,2942,2796,8439.285714,7123.809524,6488.494318,11072.972973,8251.046025,8675.455334,7318.244804,0.034333,0.035577,-0.003784,0.285620,0.084761,0.119801,-0.004503
3977450,38.2605,3,Ring_Bend,BEND RING ONLY,8.2605,2920,2768,2679,3121,2896,2958,2807,8449.361702,7092.087415,6432.627119,10894.661191,8212.176814,8845.382586,7409.782609,0.035568,0.030966,-0.012361,0.264917,0.079651,0.141735,0.007948
3977500,38.3022,3,Ring_Bend,BEND RING ONLY,8.3022,2905,2766,2691,3121,2902,2964,2806,8300.000000,7076.297968,6516.666667,10894.661191,8270.578374,8910.344828,7401.396431,0.017262,0.028671,0.000542,0.264917,0.087329,0.150120,0.006808
3977550,38.3435,3,Ring_Bend,BEND RING ONLY,8.3435,2915,2771,2691,3125,2902,2949,2796,8399.152542,7115.861027,6516.666667,10953.608247,8270.578374,8749.214660,7318.244804,0.029414,0.034422,0.000542,0.271761,0.087329,0.129322,-0.004503
3977600,38.4068,3,Ring_Bend,BEND RING ONLY,8.4068,2913,2768,2682,3112,2892,2947,2805,8379.187817,7092.087415,6453.503185,10763.784334,8173.566085,8728.048780,7393.023256,0.026968,0.030966,-0.009156,0.249722,0.074575,0.126590,0.005669
3977650,38.4490,3,Ring_Bend,BEND RING ONLY,8.4490,2902,2765,2688,3114,2895,2941,2804,8270.578374,7068.421053,6495.522388,10792.660550,8202.500000,8664.991334,7384.663052,0.013656,0.027526,-0.002705,0.253075,0.078379,0.118450,0.004531
3977700,38.5119,3,Ring_Bend,BEND RING ONLY,8.5119,2912,2774,2687,3115,2894,2931,2796,8369.230769,7139.742619,6488.494318,10807.142857,8192.839301,8561.340206,7318.244804,0.025747,0.037893,-0.003784,0.254756,0.077109,0.105072,-0.004503
3977750,38.5533,3,Ring_Bend,BEND RING ONLY,8.5533,2910,2773,2677,3106,2888,2943,2804,8349.367089,7131.770045,6418.758815,10677.856421,8135.211268,8685.937500,7384.663052,0.023313,0.036734,-0.014491,0.239746,0.069533,0.121154,0.004531
3977800,38.7033,3,Ring_Bend,BEND RING ONLY,8.7033,2900,2770,2683,3114,2896,2938,2804,8251.046025,7107.924528,6460.481586,10792.660550,8212.176814,8633.707865,7384.663052,0.011262,0.033268,-0.008085,0.253075,0.079651,0.114413,0.004531
3977850,38.7033,3,Ring_Bend,BEND RING ONLY,8.7033,2907,2775,2679,3120,2895,2927,2796,8319.696970,7147.727273,6432.627119,10880.000000,8202.500000,8520.376712,7318.244804,0.019676,0.039054,-0.012361,0.263215,0.078379,0.099784,-0.004503
3977900,38.7033,3,Ring_Bend,BEND RING ONLY,8.7033,2906,2771,2669,3114,2891,2938,2807,8309.840202,7115.861027,6363.674614,10792.660550,8163.953488,8633.707865,7409.782609,0.018468,0.034422,-0.022948,0.253075,0.073311,0.114413,0.007948
3977950,38.7665,3,Ring_Bend,BEND RING ONLY,8.7665,2898,2767,2682,3132,2899,2927,2805,8231.578947,7084.186747,6453.503185,11057.943925,8241.304348,8520.376712,7393.023256,0.008876,0.029817,-0.009156,0.283875,0.083481,0.099784,0.005669
3978000,38.8087,3,Ring_Bend,BEND RING ONLY,8.8087,2905,2769,2682,3122,2900,2924,2799,8300.000000,7100.000000,6453.503185,10909.352518,8251.046025,8489.837746,7343.055556,0.017262,0.032116,-0.009156,0.266623,0.084761,0.095842,-0.001128
3978050,38.8713,3,Ring_Bend,BEND RING ONLY,8.8713,2905,2769,2671,3115,2897,2948,2805,8300.000000,7100.000000,6377.387640,10807.142857,8221.869783,8738.622493,7393.023256,0.017262,0.032116,-0.020842,0.254756,0.080926,0.127955,0.005669
3978100,38.9137,3,Ring_Bend,BEND RING ONLY,8.9137,2895,2763,2682,3126,2897,2932,2801,8202.500000,7052.702703,6453.503185,10968.421053,8221.869783,8571.625107,7359.659969,0.005312,0.025241,-0.009156,0.273481,0.080926,0.106399,0.001130
3978150,38.9761,3,Ring_Bend,BEND RING ONLY,8.9761,2902,2768,2679,3151,2896,2926,2796,8270.578374,7092.087415,6432.627119,11348.940678,8212.176814,8510.179641,7318.244804,0.013656,0.030966,-0.012361,0.317661,0.079651,0.098468,-0.004503
3978200,38.9974,3,Ring_Bend,BEND RING ONLY,8.9974,2901,2766,2673,3127,2891,2938,2803,8260.804020,7076.297968,6391.139241,10983.264463,8163.953488,8633.707865,7376.315789,0.012458,0.028671,-0.018731,0.275205,0.073311,0.114413,0.003396
3978250,39.0532,3,Ring_Bend,BEND RING ONLY,9.0532,2894,2765,2681,3129,2898,2927,2804,8192.839301,7068.421053,6446.534653,11013.043478,8231.578947,8520.376712,7384.663052,0.004128,0.027526,-0.010226,0.278662,0.082202,0.099784,0.004531
3978300,39.2306,3,Ring_Bend,BEND RING ONLY,9.2306,2902,2768,2680,3131,2897,2927,2796,8270.578374,7092.087415,6439.575972,11042.946058,8221.869783,8520.376712,7318.244804,0.013656,0.030966,-0.011294,0.282134,0.080926,0.099784,-0.004503
3978350,39.2307,3,Ring_Bend,BEND RING ONLY,9.2307,2904,2764,2670,3120,2888,2928,2806,8290.176322,7060.555973,6370.526316,10880.000000,8135.211268,8530.591260,7401.396431,0.016058,0.026382,-0.021896,0.263215,0.069533,0.101103,0.006808
3978400,39.2307,3,Ring_Bend,BEND RING ONLY,9.2307,2895,2760,2682,3146,2901,2939,2805,8202.500000,7029.213483,6453.503185,11271.232877,8260.804020,8644.117647,7393.023256,0.005312,0.021826,-0.009156,0.308639,0.086044,0.115756,0.005669
3978450,39.2720,3,Ring_Bend,BEND RING ONLY,9.2720,2904,2766,2682,3135,2901,2930,2797,8290.176322,7076.297968,6453.503185,11103.125000,8260.804020,8551.072961,7326.502311,0.016058,0.028671,-0.009156,0.289121,0.086044,0.103746,-0.003380
3978500,39.3138,3,Ring_Bend,BEND RING ONLY,9.3138,2903,2761,2669,3119,2891,2935,2807,8280.369128,7037.031484,6363.674614,10865.368852,8163.953488,8602.586207,7409.782609,0.014856,0.022962,-0.022948,0.261517,0.073311,0.110395,0.007948
3978550,39.3342,3,Ring_Bend,BEND RING ONLY,9.3342,2894,2758,2677,3135,2897,2930,2802,8192.839301,7013.612565,6418.758815,11103.125000,8221.869783,8551.072961,7367.981439,0.004128,0.019558,-0.014491,0.289121,0.080926,0.103746,0.002262
3978600,39.4175,3,Ring_Bend,BEND RING ONLY,9.4175,2902,2765,2675,3140,2896,2935,2793,8270.578374,7068.421053,6404.929577,11179.057592,8212.176814,8602.586207,7293.548387,0.013656,0.027526,-0.016614,0.297937,0.079651,0.110395,-0.007863
3978650,39.4383,3,Ring_Bend,BEND RING ONLY,9.4383,2897,2763,2668,3130,2893,2936,2802,8221.869783,7052.702703,6356.832516,11027.979275,8183.194676,8612.942192,7367.981439,0.007686,0.025241,-0.023998,0.280396,0.075841,0.111732,0.002262
3978700,39.5016,3,Ring_Bend,BEND RING ONLY,9.5016,2892,2757,2680,3136,2902,2944,2801,8173.566085,7005.829596,6439.575972,11118.248175,8270.578374,8696.437880,7359.659969,0.001766,0.018427,-0.011294,0.290877,0.087329,0.122509,0.001130
3978750,39.5637,3,Ring_Bend,BEND RING ONLY,9.5637,2898,2764,2675,3133,2906,2938,2795,8231.578947,7060.555973,6404.929577,11072.972973,8309.840202,8633.707865,7310.000000,0.008876,0.026382,-0.016614,0.285620,0.092491,0.114413,-0.005625
3978800,39.7272,3,Ring_Bend,BEND RING ONLY,9.7272,2912,2765,2669,3119,2893,2943,2801,8369.230769,7068.421053,6363.674614,10865.368852,8183.194676,8685.937500,7359.659969,0.025747,0.027526,-0.022948,0.261517,0.075841,0.121154,0.001130
3978850,39.7273,3,Ring_Bend,BEND RING ONLY,9.7273,2905,2757,2675,3132,2898,2934,2800,8300.000000,7005.829596,6404.929577,11057.943925,8231.578947,8592.248062,7351.351351,0.017262,0.018427,-0.016614,0.283875,0.082202,0.109061,0.000000
3978900,39.7273,3,Ring_Bend,BEND RING ONLY,9.7273,2912,2762,2672,3124,2898,2921,2794,8369.230769,7044.861215,6384.258609,10938.825953,8231.578947,8459.454855,7301.767871,0.025747,0.024101,-0.019788,0.270045,0.082202,0.091920,-0.006745
3978950,39.7686,3,Ring_Bend,BEND RING ONLY,9.7686,2910,2758,2671,3101,2892,2927,2801,8349.367089,7013.612565,6377.387640,10607.042254,8173.566085,8520.376712,7359.659969,0.023313,0.019558,-0.020842,0.231524,0.074575,0.099784,0.001130
3979000,39.7896,3,Ring_Bend,BEND RING ONLY,9.7896,2901,2755,2682,3113,2897,2926,2800,8260.804020,6990.298507,6453.503185,10778.207739,8221.869783,8510.179641,7351.351351,0.012458,0.016169,-0.009156,0.251397,0.080926,0.098468,0.000000
3979050,39.8523,3,Ring_Bend,BEND RING ONLY,9.8523,2906,2764,2685,3104,2898,2917,2794,8309.840202,7060.555973,6474.468085,10649.445005,8231.578947,8419.185059,7301.767871,0.018468,0.026382,-0.005937,0.236447,0.082202,0.086723,-0.006745
3979100,39.9152,3,Ring_Bend,BEND RING ONLY,9.9152,2911,2760,2677,3115,2889,2935,2804,8359.290541,7029.213483,6418.758815,10807.142857,8144.776119,8602.586207,7384.663052,0.024529,0.021826,-0.014491,0.254756,0.070790,0.110395,0.004531
3979150,39.9359,3,Ring_Bend,BEND RING ONLY,9.9359,2910,2753,2689,3129,2901,2941,2802,8349.367089,6974.813711,6502.560455,11013.043478,8260.804020,8664.991334,7367.981439,0.023313,0.013918,-0.001624,0.278662,0.086044,0.118450,0.002262
3979200,40.0372,4,Open_3,OPEN HAND - relax,0.0372,2916,2770,2691,3127,2900,2933,2795,8409.160305,7107.924528,6516.666667,10983.264463,8251.046025,8581.927711,7310.000000,0.030641,0.033268,0.000542,0.275205,0.084761,0.107729,-0.005625
3979250,40.0588,4,Open_3,OPEN HAND - relax,0.0588,2918,2768,2692,3120,2890,2945,2806,8429.226848,7092.087415,6523.734854,10880.000000,8154.356846,8706.956522,7401.396431,0.033100,0.030966,0.001627,0.263215,0.072050,0.123867,0.006808
3979300,40.2485,4,Open_3,OPEN HAND - relax,0.2485,2912,2763,2700,3132,2899,2936,2806,8369.230769,7052.702703,6580.645161,11057.943925,8241.304348,8612.942192,7401.396431,0.025747,0.025241,0.010365,0.283875,0.083481,0.111732,0.006808
3979350,40.2485,4,Open_3,OPEN HAND - relax,0.2485,2925,2770,2703,3136,2898,2929,2799,8500.000000,7107.924528,6602.155172,11118.248175,8231.578947,8540.823328,7343.055556,0.041775,0.033268,0.013667,0.290877,0.082202,0.102423,-0.001128
3979400,40.2486,4,Open_3,OPEN HAND - relax,0.2486,2924,2771,2701,3144,2894,2987,2805,8489.837746,7115.861027,6587.804878,11240.378549,8192.839301,9165.884477,7393.023256,0.040529,0.034422,0.011464,0.305057,0.077109,0.183104,0.005669
3979450,40.2486,4,Open_3,OPEN HAND - relax,0.2486,2910,2772,2717,3185,2902,3005,2807,8349.367089,7123.809524,6703.773585,11900.000000,8270.578374,9373.394495,7409.782609,0.023313,0.035577,0.029269,0.381642,0.087329,0.209889,0.007948
3979500,40.3119,4,Open_3,OPEN HAND - relax,0.3119,2917,2797,2726,3169,2900,3070,2799,8419.185059,7326.502311,6770.197224,11635.637149,8251.046025,10183.414634,7343.055556,0.031870,0.065042,0.039468,0.350948,0.084761,0.314444,-0.001128
3979550,40.3533,4,Open_3,OPEN HAND - relax,0.3533,2925,2806,2718,3149,2894,3137,2807,8500.000000,7401.396431,6711.111111,11317.758985,8192.839301,11133.402923,7409.782609,0.041775,0.075930,0.030396,0.314041,0.077109,0.437065,0.007948
3979600,40.4164,4,Open_3,OPEN HAND - relax,0.4164,2910,2806,2737,3201,2899,3095,2814,8349.367089,7401.396431,6852.577320,12173.825503,8241.304348,10523.000000,7468.852459,0.023313,0.075930,0.052116,0.413434,0.083481,0.358277,0.015984
3979650,40.4577,4,Open_3,OPEN HAND - relax,0.4577,2926,2823,2730,3239,2898,3124,2800,8510.179641,7545.754717,6800.000000,12865.186916,8231.578947,10938.825953,7351.351351,0.043022,0.096915,0.044044,0.493704,0.082202,0.411950,0.000000
3979700,40.5201,4,Open_3,OPEN HAND - relax,0.5201,2918,2818,2740,3282,2889,3088,2811,8429.226848,7502.897416,6875.276753,13725.461255,8144.776119,10426.216485,7443.457944,0.033100,0.090685,0.055601,0.593586,0.070790,0.345784,0.012529
3979750,40.5623,4,Open_3,OPEN HAND - relax,0.5623,2914,2814,2768,3499,2896,3070,2810,8389.161727,7468.852459,7092.087415,19960.738255,8212.176814,10183.414634,7435.019455,0.028190,0.085736,0.088890,1.317528,0.079651,0.314444,0.011381
3979800,40.7454,4,Open_3,OPEN HAND - relax,0.7454,2921,2829,2767,3545,2896,3093,2800,8459.454855,7597.630332,7084.186747,21914.545455,8212.176814,10495.209581,7351.351351,0.036805,0.104456,0.087677,1.544374,0.079651,0.354689,0.000000
3979850,40.7454,4,Open_3,OPEN HAND - relax,0.7454,2919,2823,2769,3365,2894,3112,2813,8439.285714,7545.754717,7100.000000,15672.602740,8192.839301,10763.784334,7460.374415,0.034333,0.096915,0.090104,0.819657,0.077109,0.389356,0.014830
3979900,40.7454,4,Open_3,OPEN HAND - relax,0.7454,2907,2809,2772,3400,2897,3096,2805,8319.696970,7426.594090,7123.809524,16633.093525,8221.869783,10536.936937,7393.023256,0.019676,0.079593,0.093760,0.931174,0.080926,0.360075,0.005669
3979950,40.7664,4,Open_3,OPEN HAND - relax,0.7664,2910,2815,2773,3543,2906,3084,2796,8349.367089,7477.343750,7131.770045,21822.826087,8309.840202,10371.513353,7318.244804,0.023313,0.086970,0.094982,1.533725,0.092491,0.338723,-0.004503
3980000,40.8504,4,Open_3,OPEN HAND - relax,0.8504,2909,2816,2768,3340,2894,3071,2804,8339.460371,7485.848319,7092.087415,15041.059603,8192.839301,10196.679688,7384.663052,0.022099,0.088206,0.088890,0.746332,0.077109,0.316156,0.004531
3980050,40.8505,4,Open_3,OPEN HAND - relax,0.8505,2894,2818,2771,3446,2909,3073,2811,8192.839301,7502.897416,7115.861027,18053.004622,8339.460371,10223.287671,7443.457944,0.004128,0.090685,0.092540,1.096032,0.096385,0.319591,0.012529
3980100,40.9138,4,Open_3,OPEN HAND - relax,0.9138,2902,2831,2768,3288,2899,3068,2801,8270.578374,7615.031646,7092.087415,13852.788104,8241.304348,10156.962025,7359.659969,0.013656,0.106985,0.088890,0.608369,0.083481,0.311029,0.001130
3980150,40.9563,4,Open_3,OPEN HAND - relax,0.9563,2903,2828,2762,3212,2904,3108,2811,8280.369128,7588.950276,7044.861215,12367.836920,8290.176322,10706.382979,7443.457944,0.014856,0.103194,0.081639,0.435960,0.089906,0.381947,0.012529
3980200,41.0198,4,Open_3,OPEN HAND - relax,1.0198,2895,2833,2767,3287,2917,3112,2812,8202.500000,7632.488114,7084.186747,13831.435644,8419.185059,10763.784334,7451.909587,0.005312,0.109523,0.087677,0.605890,0.106866,0.389356,0.013679
3980250,41.0618,4,Open_3,OPEN HAND - relax,1.0618,2907,2841,2752,3245,2927,3093,2801,8319.696970,7702.870813,6967.088608,12980.000000,8520.376712,10495.209581,7359.659969,0.019676,0.119754,0.069698,0.507034,0.120170,0.354689,0.001130
3980300,41.0832,4,Open_3,OPEN HAND - relax,1.0832,2917,2839,2737,3198,2923,3062,2812,8419.185059,7685.191083,6852.577320,12121.739130,8479.692833,10078.218780,7451.909587,0.031870,0.117184,0.052116,0.407387,0.114821,0.300866,0.013679
3980350,41.2706,4,Open_3,OPEN HAND - relax,1.2706,2908,2838,2746,3175,2950,3049,2811,8329.570345,7676.372315,6920.978503,11733.695652,8759.825328,9910.707457,7443.457944,0.020886,0.115902,0.062618,0.362333,0.151650,0.279244,0.012529
3980400,41.2706,4,Open_3,OPEN HAND - relax,1.2706,2919,2833,2746,3200,2924,3003,2800,8439.285714,7632.488114,6920.978503,12156.424581,8489.837746,9350.000000,7351.351351,0.034333,0.109523,0.062618,0.411414,0.116155,0.206869,0.000000
3980450,41.2707,4,Open_3,OPEN HAND - relax,1.2707,2915,2829,2734,3157,2908,2999,2808,8399.152542,7597.630332,6829.977957,11443.283582,8329.570345,9303.467153,7418.181818,0.029414,0.104456,0.048646,0.328615,0.095085,0.200863,0.009091
3980500,41.3127,4,Open_3,OPEN HAND - relax,1.3127,2908,2827,2750,3162,2896,3028,2809,8329.570345,7580.283912,6951.672862,11522.829582,8212.176814,9648.734770,7426.594090,0.020886,0.101934,0.067331,0.337851,0.079651,0.245429,0.010235
3980550,41.3543,4,Open_3,OPEN HAND - relax,1.3543,2916,2824,2744,3164,2899,2973,2800,8409.160305,7554.366640,6905.699482,11554.887218,8241.304348,9009.090909,7351.351351,0.030641,0.098167,0.060272,0.341573,0.083481,0.162866,0.000000
3980600,41.4175,4,Open_3,OPEN HAND - relax,1.4175,2918,2828,2732,3149,2895,2974,2808,8429.226848,7588.950276,6814.966985,11317.758985,8202.500000,9020.160571,7418.181818,0.033100,0.103194,0.046342,0.314041,0.078379,0.164295,0.009091
3980650,41.4589,4,Open_3,OPEN HAND - relax,1.4589,2906,2816,2744,3168,2898,2957,2807,8309.840202,7485.848319,6905.699482,11619.417476,8231.578947,8834.622144,7409.782609,0.018468,0.088206,0.060272,0.349065,0.082202,0.140346,0.007948
3980700,41.5211,4,Open_3,OPEN HAND - relax,1.5211,2924,2832,2745,3192,2904,3012,2799,8489.837746,7623.752969,6913.333333,12018.604651,8290.176322,9455.955679,7343.055556,0.040529,0.108253,0.061444,0.395412,0.089906,0.220546,-0.001128
3980750,41.5418,4,Open_3,OPEN HAND - relax,1.5418,2935,2831,2727,3197,2885,2958,2811,8602.586207,7615.031646,6777.631579,12104.454343,8106.611570,8845.382586,7443.457944,0.054348,0.106985,0.040609,0.405380,0.065773,0.141735,0.012529
3980800,41.6044,4,Open_3,OPEN HAND - relax,1.6044,2918,2829,2736,3187,2894,2948,2810,8429.226848,7597.630332,6845.033113,11933.700441,8192.839301,8738.622493,7435.019455,0.033100,0.104456,0.050958,0.385554,0.077109,0.127955,0.011381
3980850,41.7945,4,Open_3,OPEN HAND - relax,1.7945,2908,2831,2734,3168,2890,2945,2799,8329.570345,7615.031646,6829.977957,11619.417476,8154.356846,8706.956522,7343.055556,0.020886,0.106985,0.048646,0.349065,0.072050,0.123867,-0.001128
3980900,41.7945,4,Open_3,OPEN HAND - relax,1.7945,2916,2829,2710,3168,2889,2970,2813,8409.160305,7597.630332,6652.707581,11619.417476,8144.776119,8976.000000,7460.374415,0.030641,0.104456,0.021429,0.349065,0.070790,0.158595,0.014830
3980950,41.7946,4,Open_3,OPEN HAND - relax,1.7946,2905,2820,2729,3165,2896,2944,2813,8300.000000,7520.000000,6792.532943,11570.967742,8212.176814,8696.437880,7460.374415,0.017262,0.093171,0.042897,0.343440,0.079651,0.122509,0.014830
3981000,41.8157,4,Open_3,OPEN HAND - relax,1.8157,2918,2827,2725,3167,2897,2943,2801,8429.226848,7580.283912,6762.773723,11603.232759,8221.869783,8685.937500,7359.659969,0.033100,0.101934,0.038328,0.347186,0.080926,0.121154,0.001130
3981050,41.8367,4,Open_3,OPEN HAND - relax,1.8367,2923,2815,2720,3129,2885,2947,2813,8479.692833,7477.343750,6725.818182,11013.043478,8106.611570,8728.048780,7460.374415,0.039286,0.086970,0.032654,0.278662,0.065773,0.126590,0.014830
3981100,41.8992,4,Open_3,OPEN HAND - relax,1.8992,2905,2808,2727,3168,2892,2943,2812,8300.000000,7418.181818,6777.631579,11619.417476,8173.566085,8685.937500,7451.909587,0.017262,0.078370,0.040609,0.349065,0.074575,0.121154,0.013679
3981150,41.9622,4,Open_3,OPEN HAND - relax,1.9622,2900,2812,2720,3155,2893,2926,2802,8251.046025,7451.909587,6725.818182,11411.702128,8183.194676,8510.179641,7367.981439,0.011262,0.083273,0.032654,0.324948,0.075841,0.098468,0.002262
3981200,42.0041,4,Open_3,OPEN HAND - relax,2.0041,2896,2811,2708,3152,2887,2935,2812,8212.176814,7443.457944,6638.211968,11364.581124,8125.662252,8602.586207,7451.909587,0.006498,0.082044,0.019203,0.319477,0.068277,0.110395,0.013679
3981250,42.0462,4,Open_3,OPEN HAND - relax,2.0462,2888,2805,2722,3153,2890,2945,2810,8135.211268,7393.023256,6740.568099,11380.254777,8154.356846,8706.956522,7435.019455,-0.002935,0.074712,0.034919,0.321297,0.072050,0.123867,0.011381
3981300,42.1089,4,Open_3,OPEN HAND - relax,2.1089,2895,2804,2721,3157,2893,2935,2802,8202.500000,7384.663052,6733.187773,11443.283582,8183.194676,8602.586207,7367.981439,0.005312,0.073497,0.033786,0.328615,0.075841,0.110395,0.002262
3981350,42.2954,4,Open_3,OPEN HAND - relax,2.2954,2895,2802,2710,3147,2881,2941,2813,8202.500000,7367.981439,6652.707581,11286.708861,8068.698517,8664.991334,7460.374415,0.005312,0.071072,0.021429,0.310436,0.060788,0.118450,0.014830
3981400,42.2955,4,Open_3,OPEN HAND - relax,2.2955,2884,2799,2725,3151,2892,2944,2810,8097.109827,7343.055556,6762.773723,11348.940678,8173.566085,8696.437880,7435.019455,-0.007604,0.067449,0.038328,0.317661,0.074575,0.122509,0.011381
3981450,42.2955,4,Open_3,OPEN HAND - relax,2.2955,2894,2799,2719,3149,2888,2919,2801,8192.839301,7343.055556,6718.459302,11317.758985,8135.211268,8439.285714,7359.659969,0.004128,0.067449,0.031524,0.314041,0.069533,0.089317,0.001130
3981500,42.2955,4,Open_3,OPEN HAND - relax,2.2955,2895,2795,2705,3133,2885,2943,2813,8202.500000,7310.000000,6616.546763,11072.972973,8106.611570,8685.937500,7460.374415,0.005312,0.062643,0.015877,0.285620,0.065773,0.121154,0.014830
3981550,42.3573,4,Open_3,OPEN HAND - relax,2.3573,2884,2790,2716,3151,2890,2940,2810,8097.109827,7268.965517,6696.446701,11348.940678,8154.356846,8654.545455,7435.019455,-0.007604,0.056678,0.028145,0.317661,0.072050,0.117102,0.011381
3981600,42.3982,4,Open_3,OPEN HAND - relax,2.3982,2894,2797,2722,3152,2888,2938,2800,8192.839301,7326.502311,6740.568099,11364.581124,8135.211268,8633.707865,7351.351351,0.004128,0.065042,0.034919,0.319477,0.069533,0.114413,0.000000
3981650,42.4817,4,Open_3,OPEN HAND - relax,2.4817,2890,2794,2703,3140,2878,2950,2810,8154.356846,7301.767871,6602.155172,11179.057592,8040.427280,8759.825328,7435.019455,-0.000588,0.061447,0.013667,0.297937,0.057071,0.130691,0.011381
3981700,42.5024,4,Open_3,OPEN HAND - relax,2.5024,2884,2790,2717,3144,2887,2966,2808,8097.109827,7268.965517,6703.773585,11240.378549,8125.662252,8932.152347,7418.181818,-0.007604,0.056678,0.029269,0.305057,0.068277,0.152935,0.009091
3981750,42.5436,4,Open_3,OPEN HAND - relax,2.5436,2893,2794,2710,3150,2884,2956,2800,8183.194676,7301.767871,6652.707581,11333.333333,8097.109827,8823.880597,7351.351351,0.002946,0.061447,0.021429,0.315849,0.064523,0.138959,0.000000
3981800,42.6066,4,Open_3,OPEN HAND - relax,2.6066,2890,2794,2700,3147,2874,2966,2811,8154.356846,7301.767871,6580.645161,11286.708861,8002.948403,8932.152347,7443.457944,-0.000588,0.061447,0.010365,0.310436,0.052144,0.152935,0.012529
3981850,42.8159,4,Open_3,OPEN HAND - relax,2.8159,2877,2792,2712,3161,2882,2961,2809,8031.034483,7285.341520,6667.245119,11506.852248,8078.153339,8877.777778,7426.594090,-0.015703,0.059059,0.023661,0.335996,0.062031,0.145916,0.010235
3981900,42.8160,4,Open_3,OPEN HAND - relax,2.8160,2889,2798,2704,3142,2884,2937,2799,8144.776119,7334.772552,6609.345794,11209.653725,8097.109827,8623.316062,7343.055556,-0.001762,0.066245,0.014771,0.301489,0.064523,0.113071,-0.001128
3981950,42.8160,4,Open_3,OPEN HAND - relax,2.8160,2889,2800,2700,3132,2875,2947,2811,8144.776119,7351.351351,6580.645161,11057.943925,8012.295082,8728.048780,7443.457944,-0.001762,0.068655,0.010365,0.283875,0.053373,0.126590,0.012529
3982000,42.8160,4,Open_3,OPEN HAND - relax,2.8160,2879,2800,2705,3131,2882,2966,2810,8049.835526,7351.351351,6616.546763,11042.946058,8078.153339,8932.152347,7435.019455,-0.013398,0.068655,0.015877,0.282134,0.062031,0.152935,0.011381
3982050,42.8573,4,Open_3,OPEN HAND - relax,2.8573,2887,2798,2705,3127,2878,2945,2799,8125.662252,7334.772552,6616.546763,10983.264463,8040.427280,8706.956522,7343.055556,-0.004105,0.066245,0.015877,0.275205,0.057071,0.123867,-0.001128
3982100,42.8993,4,Open_3,OPEN HAND - relax,2.8993,2887,2798,2694,3120,2868,2951,2810,8125.662252,7334.772552,6537.901499,10880.000000,7947.188264,8770.454545,7435.019455,-0.004105,0.066245,0.003802,0.263215,0.044813,0.132063,0.011381
3982150,42.9408,4,Open_3,OPEN HAND - relax,2.9408,2878,2794,2703,3121,2879,2950,2809,8040.427280,7301.767871,6602.155172,10894.661191,8049.835526,8759.825328,7426.594090,-0.014551,0.061447,0.013667,0.264917,0.058308,0.130691,0.010235
3982200,43.0034,4,Open_3,OPEN HAND - relax,3.0034,2887,2799,2702,3132,2879,2930,2800,8125.662252,7343.055556,6594.974874,11057.943925,8049.835526,8551.072961,7351.351351,-0.004105,0.067449,0.012565,0.283875,0.058308,0.103746,0.000000
3982250,43.0878,4,Open_3,OPEN HAND - relax,3.0878,2888,2799,2691,3129,2871,2932,2810,8135.211268,7343.055556,6516.666667,11013.043478,7975.000000,8571.625107,7435.019455,-0.002935,0.067449,0.000542,0.278662,0.048470,0.106399,0.011381
3982300,43.1293,4,Open_3,OPEN HAND - relax,3.1293,2876,2793,2704,3135,2880,2931,2809,8021.657096,7293.548387,6609.345794,11103.125000,8059.259259,8561.340206,7426.594090,-0.016852,0.060252,0.014771,0.289121,0.059547,0.105072,0.010235
3982350,43.3153,4,Open_3,OPEN HAND - relax,3.3153,2884,2800,2700,3133,2876,2914,2799,8097.109827,7351.351351,6580.645161,11072.972973,8021.657096,8389.161727,7343.055556,-0.007604,0.068655,0.010365,0.285620,0.054604,0.082847,-0.001128
3982400,43.3154,4,Open_3,OPEN HAND - relax,3.3154,2883,2800,2692,3125,2873,2934,2808,8087.623762,7351.351351,6523.734854,10953.608247,7993.617021,8592.248062,7418.181818,-0.008767,0.068655,0.001627,0.271761,0.050917,0.109061,0.009091
3982450,43.3154,4,Open_3,OPEN HAND - relax,3.3154,2871,2793,2707,3137,2878,2953,2806,7975.000000,7293.548387,6630.979827,11133.402923,8040.427280,8791.768827,7401.396431,-0.022570,0.060252,0.018093,0.292636,0.057071,0.134815,0.006808
3982500,43.3154,4,Open_3,OPEN HAND - relax,3.3154,2878,2797,2705,3129,2878,2947,2798,8040.427280,7326.502311,6616.546763,11013.043478,8040.427280,8728.048780,7334.772552,-0.014551,0.065042,0.015877,0.278662,0.057071,0.126590,-0.002255
3982550,43.3783,4,Open_3,OPEN HAND - relax,3.3783,2878,2798,2700,3139,2864,2954,2806,8040.427280,7334.772552,6580.645161,11163.807531,7910.316816,8802.453988,7401.396431,-0.014551,0.066245,0.010365,0.296167,0.039966,0.136194,0.006808
3982600,43.3987,4,Open_3,OPEN HAND - relax,3.3987,2864,2786,2713,3169,2877,2952,2805,7910.316816,7236.363636,6674.529667,11635.637149,8031.034483,8781.102362,7393.023256,-0.030498,0.051939,0.024779,0.350948,0.055836,0.133438,0.005669
3982650,43.4614,4,Open_3,OPEN HAND - relax,3.4614,2869,2800,2734,3163,2871,2954,2796,7956.443719,7351.351351,6829.977957,11538.841202,7975.000000,8802.453988,7318.244804,-0.024845,0.068655,0.048646,0.339710,0.048470,0.136194,-0.004503
3982700,43.5020,4,Open_3,OPEN HAND - relax,3.5020,2866,2798,2712,3154,2869,2942,2806,7928.722539,7334.772552,6667.245119,11395.961743,7956.443719,8675.455334,7401.396431,-0.028242,0.066245,0.023661,0.323121,0.046030,0.119801,0.006808
3982750,43.5653,4,Open_3,OPEN HAND - relax,3.5653,2860,2791,2723,3203,2879,2922,2805,7873.684211,7277.147239,6747.959184,12208.744395,8049.835526,8469.565217,7393.023256,-0.034988,0.057868,0.036054,0.417488,0.058308,0.093225,0.005669
3982800,43.6080,4,Open_3,OPEN HAND - relax,3.6080,2870,2793,2714,3170,2874,2903,2798,7965.714286,7293.548387,6681.824765,11651.891892,8002.948403,8280.369128,7334.772552,-0.023708,0.060252,0.025900,0.352835,0.052144,0.068805,-0.002255
3982850,43.6495,4,Open_3,OPEN HAND - relax,3.6495,2888,2799,2711,3135,2862,2904,2808,8135.211268,7343.055556,6659.971098,11103.125000,7891.970803,8290.176322,7418.181818,-0.002935,0.067449,0.022544,0.289121,0.037554,0.070071,0.009091
3982900,43.8356,4,Open_3,OPEN HAND - relax,3.8356,2874,2798,2717,3137,2868,2912,2807,8002.948403,7334.772552,6703.773585,11133.402923,7947.188264,8369.230769,7409.782609,-0.019145,0.066245,0.029269,0.292636,0.044813,0.080275,0.007948
3982950,43.8357,4,Open_3,OPEN HAND - relax,3.8357,2883,2799,2706,3137,2868,2905,2799,8087.623762,7343.055556,6623.758099,11133.402923,7947.188264,8300.000000,7343.055556,-0.008767,0.067449,0.016984,0.292636,0.044813,0.071339,-0.001128
3983000,43.8357,4,Open_3,OPEN HAND - relax,3.8357,2880,2798,2699,3113,2862,2913,2808,8059.259259,7334.772552,6573.495702,10778.207739,7891.970803,8379.187817,7418.181818,-0.012243,0.066245,0.009267,0.251397,0.037554,0.081560,0.009091
3983050,43.8567,4,Open_3,OPEN HAND - relax,3.8567,2877,2792,2706,3112,2867,2906,2805,8031.034483,7285.341520,6623.758099,10763.784334,7937.947883,8309.840202,7393.023256,-0.015703,0.059059,0.016984,0.249722,0.043598,0.072609,0.005669
3983100,43.9195,4,Open_3,OPEN HAND - relax,3.9195,2878,2797,2702,3106,2867,2899,2798,8040.427280,7326.502311,6594.974874,10677.856421,7937.947883,8241.304348,7334.772552,-0.014551,0.065042,0.012565,0.239746,0.043598,0.063762,-0.002255
3983150,43.9617,4,Open_3,OPEN HAND - relax,3.9617,2878,2797,2691,3104,2861,2904,2808,8040.427280,7326.502311,6516.666667,10649.445005,7882.820097,8290.176322,7418.181818,-0.014551,0.065042,0.000542,0.236447,0.036351,0.070071,0.009091
3983200,44.0035,4,Open_3,OPEN HAND - relax,4.0035,2867,2788,2703,3107,2868,2902,2808,7937.947883,7252.639633,6602.155172,10692.105263,7947.188264,8270.578374,7418.181818,-0.027112,0.054305,0.013667,0.241400,0.044813,0.067541,0.009091
3983250,44.0450,4,Open_3,OPEN HAND - relax,4.0450,2874,2795,2704,3104,2867,2891,2799,8002.948403,7310.000000,6609.345794,10649.445005,7937.947883,8163.953488,7343.055556,-0.019145,0.062643,0.014771,0.236447,0.043598,0.053778,-0.001128
3983300,44.1077,4,Open_3,OPEN HAND - relax,4.1077,2875,2790,2687,3093,2858,2908,2809,8012.295082,7268.965517,6488.494318,10495.209581,7855.456750,8329.570345,7426.594090,-0.017999,0.056678,-0.003784,0.218539,0.032753,0.075155,0.010235
3983350,44.1502,4,Open_3,OPEN HAND - relax,4.1502,2865,2785,2715,3095,2864,2901,2810,7919.512195,7228.244275,6689.130435,10523.000000,7910.316816,8260.804020,7435.019455,-0.029371,0.050759,0.027021,0.221766,0.039966,0.066279,0.011381
3983400,44.3373,4,Open_3,OPEN HAND - relax,4.3373,2883,2790,2713,3098,2864,2899,2803,8087.623762,7268.965517,6674.529667,10564.894684,7910.316816,8241.304348,7376.315789,-0.008767,0.056678,0.024779,0.226630,0.039966,0.063762,0.003396
3983450,44.3374,4,Open_3,OPEN HAND - relax,4.3374,2885,2790,2700,3088,2857,2912,2812,8106.611570,7268.965517,6580.645161,10426.216485,7846.365105,8369.230769,7451.909587,-0.006440,0.056678,0.010365,0.210529,0.031558,0.080275,0.013679
3983500,44.3374,4,Open_3,OPEN HAND - relax,4.3374,2879,2784,2711,3088,2864,2921,2810,8049.835526,7220.137300,6659.971098,10426.216485,7910.316816,8459.454855,7435.019455,-0.013398,0.049580,0.022544,0.210529,0.039966,0.091920,0.011381
3983550,44.3576,4,Open_3,OPEN HAND - relax,4.3576,2894,2788,2710,3098,2865,2912,2800,8192.839301,7252.639633,6652.707581,10564.894684,7919.512195,8369.230769,7351.351351,0.004128,0.054305,0.021429,0.226630,0.041175,0.080275,0.000000
3983600,44.4199,4,Open_3,OPEN HAND - relax,4.4199,2896,2788,2693,3087,2859,2916,2810,8212.176814,7252.639633,6530.813124,10412.500000,7864.563107,8409.160305,7435.019455,0.006498,0.054305,0.002714,0.208936,0.033951,0.085429,0.011381
3983650,44.4621,4,Open_3,OPEN HAND - relax,4.4621,2887,2781,2704,3089,2865,2903,2808,8125.662252,7195.890411,6609.345794,10439.960239,7919.512195,8280.369128,7418.181818,-0.004105,0.046056,0.014771,0.212125,0.041175,0.068805,0.009091
3983700,44.5042,4,Open_3,OPEN HAND - relax,4.5042,2895,2791,2706,3087,2871,2903,2800,8202.500000,7277.147239,6623.758099,10412.500000,7975.000000,8280.369128,7351.351351,0.005312,0.057868,0.016984,0.208936,0.048470,0.068805,0.000000
3983750,44.5675,4,Open_3,OPEN HAND - relax,4.5675,2892,2785,2692,3076,2861,2916,2810,8173.566085,7228.244275,6523.734854,10263.395486,7882.820097,8409.160305,7435.019455,0.001766,0.050759,0.001627,0.191625,0.036351,0.085429,0.011381
3983800,44.6097,4,Open_3,OPEN HAND - relax,4.6097,2887,2784,2702,3075,2871,2922,2807,8125.662252,7220.137300,6594.974874,10250.000000,7975.000000,8469.565217,7409.782609,-0.004105,0.049580,0.012565,0.190070,0.048470,0.093225,0.007948
3983850,44.6720,4,Open_3,OPEN HAND - relax,4.6720,2905,2787,2700,3067,2871,2914,2801,8300.000000,7244.495413,6580.645161,10143.774319,7975.000000,8389.161727,7359.659969,0.017262,0.053121,0.010365,0.177736,0.048470,0.082847,0.001130
3983900,44.8417,4,Open_3,OPEN HAND - relax,4.8417,2900,2779,2689,3064,2862,2915,2812,8251.046025,7179.787234,6502.560455,10104.364694,7891.970803,8399.152542,7451.909587,0.011262,0.043715,-0.001624,0.173161,0.037554,0.084137,0.013679
3983950,44.8418,4,Open_3,OPEN HAND - relax,4.8418,2897,2780,2702,3069,2869,2925,2810,8221.869783,7187.832700,6594.974874,10170.175439,7956.443719,8500.000000,7435.019455,0.007686,0.044884,0.012565,0.180802,0.046030,0.097154,0.011381
3984000,44.8418,4,Open_3,OPEN HAND - relax,4.8418,2905,2785,2701,3067,2866,2919,2800,8300.000000,7228.244275,6587.804878,10143.774319,7928.722539,8439.285714,7351.351351,0.017262,0.050759,0.011464,0.177736,0.042386,0.089317,0.000000
3984050,44.8629,4,Open_3,OPEN HAND - relax,4.8629,2915,2779,2687,3060,2858,2935,2811,8399.152542,7179.787234,6488.494318,10052.173913,7855.456750,8602.586207,7443.457944,0.029414,0.043715,-0.003784,0.167101,0.032753,0.110395,0.012529
3984100,44.9040,4,Open_3,OPEN HAND - relax,4.9040,2903,2775,2705,3070,2866,2939,2806,8280.369128,7147.727273,6616.546763,10183.414634,7928.722539,8644.117647,7401.396431,0.014856,0.039054,0.015877,0.182339,0.042386,0.115756,0.006808
3984150,44.9667,4,Open_3,OPEN HAND - relax,4.9667,2912,2788,2706,3054,2864,2922,2800,8369.230769,7252.639633,6623.758099,9974.639769,7910.316816,8469.565217,7351.351351,0.025747,0.054305,0.016984,0.158099,0.039966,0.093225,0.000000
3984200,45.0076,4,Open_3,OPEN HAND - relax,5.0076,2917,2783,2701,3055,2857,2948,2808,8419.185059,7212.042683,6587.804878,9987.500000,7846.365105,8738.622493,7418.181818,0.031870,0.048404,0.011464,0.159592,0.031558,0.127955,0.009091
3984250,45.0493,4,Open_3,OPEN HAND - relax,5.0493,2901,2781,2711,3078,2863,2941,2808,8260.804020,7195.890411,6659.971098,10290.265487,7901.136364,8664.991334,7418.181818,0.012458,0.046056,0.022544,0.194745,0.038759,0.118450,0.009091
3984300,45.0920,4,Open_3,OPEN HAND - relax,5.0920,2913,2785,2709,3062,2863,2935,2799,8379.187817,7228.244275,6645.454545,10078.218780,7901.136364,8602.586207,7343.055556,0.026968,0.050759,0.020315,0.170125,0.038759,0.110395,-0.001128
3984350,45.1546,4,Open_3,OPEN HAND - relax,5.1546,2911,2779,2697,3055,2857,2949,2808,8359.290541,7179.787234,6559.227468,9987.500000,7846.365105,8749.214660,7418.181818,0.024529,0.043715,0.007076,0.159592,0.031558,0.129322,0.009091
3984400,45.3416,4,Open_3,OPEN HAND - relax,5.3416,2898,2777,2713,3076,2864,2944,2807,8231.578947,7163.732929,6674.529667,10263.395486,7910.316816,8696.437880,7409.782609,0.008876,0.041381,0.024779,0.191625,0.039966,0.122509,0.007948
3984450,45.3417,4,Open_3,OPEN HAND - relax,5.3417,2902,2783,2717,3076,2862,2923,2799,8270.578374,7212.042683,6703.773585,10263.395486,7891.970803,8479.692833,7343.055556,0.013656,0.048404,0.029269,0.191625,0.037554,0.094533,-0.001128
3984500,45.3417,4,Open_3,OPEN HAND - relax,5.3417,2900,2776,2704,3060,2854,2940,2807,8251.046025,7155.724033,6609.345794,10052.173913,7819.178082,8654.545455,7409.782609,0.011262,0.040217,0.014771,0.167101,0.027984,0.117102,0.007948
3984550,45.3417,4,Open_3,OPEN HAND - relax,5.3417,2894,2772,2712,3066,2864,2958,2807,8192.839301,7123.809524,6667.245119,10130.612245,7910.316816,8845.382586,7409.782609,0.004128,0.035577,0.023661,0.176208,0.039966,0.141735,0.007948
3984600,45.4252,4,Open_3,OPEN HAND - relax,5.4252,2898,2779,2708,3062,2864,2929,2799,8231.578947,7179.787234,6638.211968,10078.218780,7910.316816,8540.823328,7343.055556,0.008876,0.043715,0.019203,0.170125,0.039966,0.102423,-0.001128
3984650,45.4252,4,Open_3,OPEN HAND - relax,5.4252,2895,2772,2696,3055,2860,2931,2809,8202.500000,7123.809524,6552.108649,9987.500000,7873.684211,8561.340206,7426.594090,0.005312,0.035577,0.005983,0.159592,0.035150,0.105072,0.010235
3984700,45.5081,4,Open_3,OPEN HAND - relax,5.5081,2883,2770,2706,3059,2864,2929,2809,8087.623762,7107.924528,6623.758099,10039.189189,7910.316816,8540.823328,7426.594090,-0.008767,0.033268,0.016984,0.165593,0.039966,0.102423,0.010235
3984750,45.5716,4,Open_3,OPEN HAND - relax,5.5716,2894,2773,2703,3055,2865,2920,2798,8192.839301,7131.770045,6602.155172,9987.500000,7919.512195,8449.361702,7334.772552,0.004128,0.036734,0.013667,0.159592,0.041175,0.090618,-0.002255
3984800,45.5925,4,Open_3,OPEN HAND - relax,5.5925,2880,2771,2693,3046,2861,2939,2813,8059.259259,7115.861027,6530.813124,9872.640610,7882.820097,8644.117647,7460.374415,-0.012243,0.034422,0.002714,0.146256,0.036351,0.115756,0.014830
3984850,45.6555,4,Open_3,OPEN HAND - relax,5.6555,2866,2767,2704,3055,2866,2937,2808,7928.722539,7084.186747,6609.345794,9987.500000,7928.722539,8623.316062,7418.181818,-0.028242,0.029817,0.014771,0.159592,0.042386,0.113071,0.009091
3984900,45.8407,4,Open_3,OPEN HAND - relax,5.8407,2871,2772,2703,3052,2863,2918,2800,7975.000000,7123.809524,6602.155172,9948.993289,7901.136364,8429.226848,7351.351351,-0.022570,0.035577,0.013667,0.155121,0.038759,0.088019,0.000000
3984950,45.8408,4,Open_3,OPEN HAND - relax,5.8408,2869,2770,2694,3041,2856,2928,2809,7956.443719,7107.924528,6537.901499,9809.677419,7837.288136,8530.591260,7426.594090,-0.024845,0.033268,0.003802,0.138946,0.030365,0.101103,0.010235
3985000,45.8408,4,Open_3,OPEN HAND - relax,5.8408,2865,2770,2704,3043,2866,2929,2811,7919.512195,7107.924528,6609.345794,9834.790875,7928.722539,8540.823328,7443.457944,-0.029371,0.033268,0.014771,0.141862,0.042386,0.102423,0.012529
3985050,45.8614,4,Open_3,OPEN HAND - relax,5.8614,2872,2772,2704,3049,2866,2910,2800,7984.300899,7123.809524,6609.345794,9910.707457,7928.722539,8349.367089,7351.351351,-0.021430,0.035577,0.014771,0.150676,0.042386,0.077711,0.000000
3985100,45.9035,4,Open_3,OPEN HAND - relax,5.9035,2872,2768,2693,3031,2860,2927,2810,7984.300899,7092.087415,6530.813124,9685.526316,7873.684211,8520.376712,7435.019455,-0.021430,0.030966,0.002714,0.124532,0.035150,0.099784,0.011381
3985150,45.9664,4,Open_3,OPEN HAND - relax,5.9664,2863,2771,2703,3045,2867,2923,2809,7901.136364,7115.861027,6602.155172,9860.000000,7937.947883,8479.692833,7426.594090,-0.031623,0.034422,0.013667,0.144789,0.043598,0.094533,0.010235
3985200,46.0296,4,Open_3,OPEN HAND - relax,6.0296,2874,2773,2702,3043,2866,2907,2799,8002.948403,7131.770045,6594.974874,9834.790875,7928.722539,8319.696970,7343.055556,-0.019145,0.036734,0.012565,0.141862,0.042386,0.073881,-0.001128
3985250,46.0510,4,Open_3,OPEN HAND - relax,6.0510,2859,2764,2688,3034,2862,2914,2806,7864.563107,7060.555973,6495.522388,9722.525919,7891.970803,8389.161727,7401.396431,-0.036106,0.026382,-0.002705,0.128827,0.037554,0.082847,0.006808
3985300,46.1133,4,Open_3,OPEN HAND - relax,6.1133,2838,2772,2700,3052,2868,2913,2805,7676.372315,7123.809524,6580.645161,9948.993289,7947.188264,8379.187817,7393.023256,-0.059171,0.035577,0.010365,0.155121,0.044813,0.081560,0.005669
3985350,46.1551,4,Open_3,OPEN HAND - relax,6.1551,2847,2774,2703,3065,2866,2910,2797,7756.250000,7139.742619,6602.155172,10117.475728,7928.722539,8349.367089,7326.502311,-0.049381,0.037893,0.013667,0.174683,0.042386,0.077711,-0.003380
3985400,46.1963,4,Open_3,OPEN HAND - relax,6.1963,2846,2769,2692,3050,2861,2915,2805,7747.317854,7100.000000,6523.734854,9923.444976,7882.820097,8399.152542,7393.023256,-0.050475,0.032116,0.001627,0.152155,0.036351,0.084137,0.005669
3985450,46.3600,4,Open_3,OPEN HAND - relax,6.3600,2834,2768,2703,3056,2866,2907,2804,7641.237113,7092.087415,6602.155172,10000.384986,7928.722539,8319.696970,7384.663052,-0.063477,0.030966,0.013667,0.161088,0.042386,0.073881,0.004531
3985500,46.3600,4,Open_3,OPEN HAND - relax,6.3600,2861,2770,2703,3054,2866,2897,2797,7882.820097,7107.924528,6602.155172,9974.639769,7928.722539,8221.869783,7326.502311,-0.033868,0.033268,0.013667,0.158099,0.042386,0.061254,-0.003380
3985550,46.3601,4,Open_3,OPEN HAND - relax,6.3601,2855,2769,2689,3039,2860,2909,2807,7828.225806,7100.000000,6502.560455,9784.659091,7873.684211,8339.460371,7409.782609,-0.040559,0.032116,-0.001624,0.136041,0.035150,0.076432,0.007948
3985600,46.4018,4,Open_3,OPEN HAND - relax,6.4018,2842,2764,2703,3049,2866,2905,2805,7711.731844,7060.555973,6602.155172,9910.707457,7928.722539,8300.000000,7393.023256,-0.054837,0.026382,0.013667,0.150676,0.042386,0.071339,0.005669
3985650,46.4431,4,Open_3,OPEN HAND - relax,6.4431,2857,2768,2701,3047,2866,2896,2798,7846.365105,7092.087415,6587.804878,9885.305344,7928.722539,8212.176814,7334.772552,-0.038336,0.030966,0.011464,0.147727,0.042386,0.060003,-0.002255
3985700,46.5478,4,Open_3,OPEN HAND - relax,6.5478,2850,2767,2690,3029,2862,2906,2803,7783.132530,7084.186747,6509.608541,9660.975610,7891.970803,8309.840202,7376.315789,-0.046086,0.029817,-0.000542,0.121681,0.037554,0.072609,0.003396
3985750,46.5687,4,Open_3,OPEN HAND - relax,6.5687,2843,2770,2701,3038,2866,2900,2802,7720.607029,7107.924528,6587.804878,9772.185430,7928.722539,8251.046025,7367.981439,-0.053749,0.033268,0.011464,0.134593,0.042386,0.065020,0.002262
3985800,46.6114,4,Open_3,OPEN HAND - relax,6.6114,2865,2770,2701,3033,2865,2889,2796,7919.512195,7107.924528,6587.804878,9710.169492,7919.512195,8144.776119,7318.244804,-0.029371,0.033268,0.011464,0.127393,0.041175,0.051303,-0.004503
3985850,46.6529,4,Open_3,OPEN HAND - relax,6.6529,2860,2768,2687,3026,2859,2896,2803,7873.684211,7092.087415,6488.494318,9624.321796,7864.563107,8212.176814,7376.315789,-0.034988,0.030966,-0.003784,0.117426,0.033951,0.060003,0.003396
3985900,46.7163,4,Open_3,OPEN HAND - relax,6.7163,2831,2764,2700,3039,2864,2894,2804,7615.031646,7060.555973,6580.645161,9784.659091,7910.316816,8192.839301,7384.663052,-0.066689,0.026382,0.010365,0.136041,0.039966,0.057507,0.004531
3985950,46.8804,4,Open_3,OPEN HAND - relax,6.8804,2834,2769,2698,3038,2864,2884,2798,7641.237113,7100.000000,6566.356478,9772.185430,7910.316816,8097.109827,7334.772552,-0.063477,0.032116,0.008171,0.134593,0.039966,0.045150,-0.002255
3986000,46.8805,4,Open_3,OPEN HAND - relax,6.8805,2833,2770,2686,3027,2856,2907,2803,7632.488114,7107.924528,6481.476224,9636.516854,7837.288136,8319.696970,7376.315789,-0.064549,0.033268,-0.004861,0.118841,0.030365,0.073881,0.003396
3986050,46.8805,4,Open_3,OPEN HAND - relax,6.8805,2826,2770,2697,3038,2867,2904,2801,7571.631206,7107.924528,6559.227468,9772.185430,7937.947883,8290.176322,7359.659969,-0.072008,0.033268,0.007076,0.134593,0.043598,0.070071,0.001130
3986100,46.9016,4,Open_3,OPEN HAND - relax,6.9016,2832,2772,2694,3036,2863,2895,2795,7623.752969,7123.809524,6537.901499,9747.308782,7901.136364,8202.500000,7310.000000,-0.065620,0.035577,0.003802,0.131705,0.038759,0.058754,-0.005625
3986150,46.9434,4,Open_3,OPEN HAND - relax,6.9434,2832,2773,2685,3024,2864,2903,2804,7623.752969,7131.770045,6474.468085,9600.000000,7910.316816,8280.369128,7384.663052,-0.065620,0.036734,-0.005937,0.114602,0.039966,0.068805,0.004531
3986200,46.9848,4,Open_3,OPEN HAND - relax,6.9848,2824,2770,2695,3028,2872,2914,2802,7554.366640,7107.924528,6545.000000,9648.734770,7984.300899,8389.161727,7367.981439,-0.074124,0.033268,0.004892,0.120260,0.049692,0.082847,0.002262
3986250,47.0376,4,Open_3,OPEN HAND - relax,7.0376,2833,2773,2693,3028,2872,2886,2796,7632.488114,7131.770045,6530.813124,9648.734770,7984.300899,8116.129032,7318.244804,-0.064549,0.036734,0.002714,0.120260,0.049692,0.047605,-0.004503
3986300,47.1012,4,Open_3,OPEN HAND - relax,7.1012,2834,2773,2682,3025,2866,2895,2803,7641.237113,7131.770045,6453.503185,9612.149533,7928.722539,8202.500000,7376.315789,-0.063477,0.036734,-0.009156,0.116012,0.042386,0.058754,0.003396
3986350,47.1643,4,Open_3,OPEN HAND - relax,7.1643,2824,2771,2695,3038,2876,2941,2802,7554.366640,7115.861027,6545.000000,9772.185430,8021.657096,8664.991334,7367.981439,-0.074124,0.034422,0.004892,0.134593,0.054604,0.118450,0.002262
3986400,47.3805,4,Open_3,OPEN HAND - relax,7.3805,2831,2778,2693,3036,2875,2900,2796,7615.031646,7171.753986,6530.813124,9747.308782,8012.295082,8251.046025,7318.244804,-0.066689,0.042547,0.002714,0.131705,0.053373,0.065020,-0.004503
3986450,47.3806,4,Open_3,OPEN HAND - relax,7.3806,2830,2779,2683,3023,2867,2908,2804,7606.324111,7179.787234,6460.481586,9587.873134,7937.947883,8329.570345,7384.663052,-0.067756,0.043715,-0.008085,0.113194,0.043598,0.075155,0.004531
3986500,47.3806,4,Open_3,OPEN HAND - relax,7.3806,2819,2773,2691,3027,2875,2905,2803,7511.442006,7131.770045,6516.666667,9636.516854,8012.295082,8300.000000,7376.315789,-0.079385,0.036734,0.000542,0.118841,0.053373,0.071339,0.003396
3986550,47.3806,4,Open_3,OPEN HAND - relax,7.3806,2829,2782,2687,3025,2871,2893,2793,7597.630332,7203.960396,6488.494318,9612.149533,7975.000000,8183.194676,7293.548387,-0.068821,0.047229,-0.003784,0.116012,0.048470,0.056262,-0.007863
3986600,47.4013,4,Open_3,OPEN HAND - relax,7.4013,2831,2782,2676,3015,2865,2906,2802,7615.031646,7203.960396,6411.839323,9491.666667,7919.512195,8309.840202,7367.981439,-0.066689,0.047229,-0.015553,0.102024,0.041175,0.072609,0.002262
3986650,47.4431,4,Open_3,OPEN HAND - relax,7.4431,2827,2779,2689,3024,2874,2902,2801,7580.283912,7179.787234,6502.560455,9600.000000,8002.948403,8270.578374,7359.659969,-0.070947,0.043715,-0.001624,0.114602,0.052144,0.067541,0.001130
3986700,47.5062,4,Open_3,OPEN HAND - relax,7.5062,2835,2785,2688,3021,2872,2893,2794,7650.000000,7228.244275,6495.522388,9563.687151,7984.300899,8183.194676,7301.767871,-0.062403,0.050759,-0.002705,0.110386,0.049692,0.056262,-0.006745
3986750,47.5480,4,Open_3,OPEN HAND - relax,7.5480,2838,2781,2676,3022,2863,2917,2803,7676.372315,7195.890411,6411.839323,9575.768872,7901.136364,8419.185059,7376.315789,-0.059171,0.046056,-0.015553,0.111788,0.038759,0.086723,0.003396
3986800,47.5892,4,Open_3,OPEN HAND - relax,7.5892,2832,2776,2691,3030,2872,2923,2803,7623.752969,7155.724033,6516.666667,9673.239437,7984.300899,8479.692833,7376.315789,-0.065620,0.040217,0.000542,0.123105,0.049692,0.094533,0.003396
3986850,47.6730,4,Open_3,OPEN HAND - relax,7.6730,2839,2784,2692,3038,2871,2898,2796,7685.191083,7220.137300,6523.734854,9772.185430,7975.000000,8231.578947,7318.244804,-0.058090,0.049580,0.001627,0.134593,0.048470,0.062507,-0.004503
3986900,47.7148,4,Open_3,OPEN HAND - relax,7.7148,2835,2778,2681,3029,2868,2915,2805,7650.000000,7171.753986,6446.534653,9660.975610,7947.188264,8399.152542,7393.023256,-0.062403,0.042547,-0.010226,0.121681,0.044813,0.084137,0.005669
3986950,47.8966,4,Open_3,OPEN HAND - relax,7.8966,2830,2776,2691,3045,2869,2912,2802,7606.324111,7155.724033,6516.666667,9860.000000,7956.443719,8369.230769,7367.981439,-0.067756,0.040217,0.000542,0.144789,0.046030,0.080275,0.002262
3987000,47.8967,4,Open_3,OPEN HAND - relax,7.8967,2837,2782,2688,3040,2867,2922,2798,7667.567568,7203.960396,6495.522388,9797.156398,7937.947883,8469.565217,7334.772552,-0.060250,0.047229,-0.002705,0.137492,0.043598,0.093225,-0.002255
3987050,47.8967,4,Open_3,OPEN HAND - relax,7.8967,2837,2783,2679,3032,2867,2926,2804,7667.567568,7212.042683,6432.627119,9697.836312,7937.947883,8510.179641,7384.663052,-0.060250,0.048404,-0.012361,0.125961,0.043598,0.098468,0.004531
3987100,47.8967,4,Open_3,OPEN HAND - relax,7.8967,2831,2784,2689,3043,2868,2942,2803,7615.031646,7220.137300,6502.560455,9834.790875,7947.188264,8675.455334,7376.315789,-0.066689,0.049580,-0.001624,0.141862,0.044813,0.119801,0.003396
3987150,47.9591,4,Open_3,OPEN HAND - relax,7.9591,2838,2787,2685,3040,2864,2908,2796,7676.372315,7244.495413,6474.468085,9797.156398,7910.316816,8329.570345,7318.244804,-0.059171,0.053121,-0.005937,0.137492,0.039966,0.075155,-0.004503
3987200,47.9799,4,Open_3,OPEN HAND - relax,7.9799,2841,2785,2676,3030,2861,2922,2803,7702.870813,7228.244275,6411.839323,9673.239437,7882.820097,8469.565217,7376.315789,-0.055923,0.050759,-0.015553,0.123105,0.036351,0.093225,0.003396
3987250,48.0508,4,Open_3,OPEN HAND - relax,8.0508,2828,2779,2688,3045,2866,2908,2800,7588.950276,7179.787234,6495.522388,9860.000000,7928.722539,8329.570345,7351.351351,-0.069885,0.043715,-0.002705,0.144789,0.042386,0.075155,0.000000
3987300,48.1131,4,Open_3,OPEN HAND - relax,8.1131,2837,2784,2687,3047,2869,2897,2795,7667.567568,7220.137300,6488.494318,9885.305344,7956.443719,8221.869783,7310.000000,-0.060250,0.049580,-0.003784,0.147727,0.046030,0.061254,-0.005625
3987350,48.1547,4,Open_3,OPEN HAND - relax,8.1547,2837,2778,2674,3042,2862,2900,2803,7667.567568,7171.753986,6398.029557,9822.222222,7891.970803,8251.046025,7376.315789,-0.060250,0.042547,-0.017673,0.140403,0.037554,0.065020,0.003396
3987400,48.1966,4,Open_3,OPEN HAND - relax,8.1966,2829,2776,2689,3055,2869,2945,2801,7597.630332,7155.724033,6502.560455,9987.500000,7956.443719,8706.956522,7359.659969,-0.068821,0.040217,-0.001624,0.159592,0.046030,0.123867,0.001130
3987450,48.3880,4,Open_3,OPEN HAND - relax,8.3880,2835,2784,2688,3058,2867,2929,2796,7650.000000,7220.137300,6495.522388,10026.229508,7937.947883,8540.823328,7318.244804,-0.062403,0.049580,-0.002705,0.164089,0.043598,0.102423,-0.004503
3987500,48.3881,4,Open_3,OPEN HAND - relax,8.3881,2836,2781,2675,3047,2862,2918,2803,7658.776807,7195.890411,6404.929577,9885.305344,7891.970803,8429.226848,7376.315789,-0.061327,0.046056,-0.016614,0.147727,0.037554,0.088019,0.003396
3987550,48.3881,4,Open_3,OPEN HAND - relax,8.3881,2828,2771,2687,3054,2866,2908,2800,7588.950276,7115.861027,6488.494318,9974.639769,7928.722539,8329.570345,7351.351351,-0.069885,0.034422,-0.003784,0.158099,0.042386,0.075155,0.000000
3987600,48.4084,4,Open_3,OPEN HAND - relax,8.4084,2832,2782,2682,3044,2865,2896,2793,7623.752969,7203.960396,6453.503185,9847.383444,7919.512195,8212.176814,7293.548387,-0.065620,0.047229,-0.009156,0.143324,0.041175,0.060003,-0.007863
3987650,48.4505,4,Open_3,OPEN HAND - relax,8.4505,2833,2777,2671,3041,2859,2928,2802,7632.488114,7163.732929,6377.387640,9809.677419,7864.563107,8530.591260,7367.981439,-0.064549,0.041381,-0.020842,0.138946,0.033951,0.101103,0.002262
3987700,48.4927,4,Open_3,OPEN HAND - relax,8.4927,2824,2779,2684,3059,2865,2914,2802,7554.366640,7179.787234,6467.469880,10039.189189,7919.512195,8389.161727,7367.981439,-0.074124,0.043715,-0.007012,0.165593,0.041175,0.082847,0.002262
3987750,48.5560,4,Open_3,OPEN HAND - relax,8.5560,2832,2779,2681,3068,2864,2901,2797,7623.752969,7179.787234,6446.534653,10156.962025,7910.316816,8260.804020,7326.502311,-0.065620,0.043715,-0.010226,0.179267,0.039966,0.066279,-0.003380
3987800,48.5979,4,Open_3,OPEN HAND - relax,8.5979,2832,2779,2673,3062,2858,2920,2802,7623.752969,7179.787234,6391.139241,10078.218780,7855.456750,8449.361702,7367.981439,-0.065620,0.043715,-0.018731,0.170125,0.032753,0.090618,0.002262
3987850,48.6392,4,Open_3,OPEN HAND - relax,8.6392,2825,2771,2684,3060,2867,2914,2802,7562.992126,7115.861027,6467.469880,10052.173913,7937.947883,8389.161727,7367.981439,-0.073067,0.034422,-0.007012,0.167101,0.043598,0.082847,0.002262
3987900,48.7020,4,Open_3,OPEN HAND - relax,8.7020,2833,2782,2685,3055,2867,2906,2796,7632.488114,7203.960396,6474.468085,9987.500000,7937.947883,8309.840202,7318.244804,-0.064549,0.047229,-0.005937,0.159592,0.043598,0.072609,-0.004503
3987950,48.7433,4,Open_3,OPEN HAND - relax,8.7433,2831,2780,2672,3051,2859,2920,2803,7615.031646,7187.832700,6384.258609,9936.206897,7864.563107,8449.361702,7376.315789,-0.066689,0.044884,-0.019788,0.153637,0.033951,0.090618,0.003396
3988000,48.9090,4,Open_3,OPEN HAND - relax,8.9090,2825,2774,2689,3060,2866,2915,2802,7562.992126,7139.742619,6502.560455,10052.173913,7928.722539,8399.152542,7367.981439,-0.073067,0.037893,-0.001624,0.167101,0.042386,0.084137,0.002262
3988050,48.9091,4,Open_3,OPEN HAND - relax,8.9091,2832,2782,2688,3066,2870,2898,2795,7623.752969,7203.960396,6495.522388,10130.612245,7965.714286,8231.578947,7310.000000,-0.065620,0.047229,-0.002705,0.176208,0.047249,0.062507,-0.005625
3988100,48.9091,4,Open_3,OPEN HAND - relax,8.9091,2831,2778,2675,3057,2858,2907,2804,7615.031646,7171.753986,6404.929577,10013.294798,7855.456750,8319.696970,7384.663052,-0.066689,0.042547,-0.016614,0.162587,0.032753,0.073881,0.004531
3988150,48.9513,4,Open_3,OPEN HAND - relax,8.9513,2824,2771,2690,3056,2871,2900,2803,7554.366640,7115.861027,6509.608541,10000.384986,7975.000000,8251.046025,7376.315789,-0.074124,0.034422,-0.000542,0.161088,0.048470,0.065020,0.003396
3988200,48.9926,4,Open_3,OPEN HAND - relax,8.9926,2835,2780,2686,3056,2869,2897,2797,7650.000000,7187.832700,6481.476224,10000.384986,7956.443719,8221.869783,7326.502311,-0.062403,0.044884,-0.004861,0.161088,0.046030,0.061254,-0.003380
3988250,49.0845,4,Open_3,OPEN HAND - relax,9.0845,2833,2779,2676,3043,2861,2910,2804,7632.488114,7179.787234,6411.839323,9834.790875,7882.820097,8349.367089,7384.663052,-0.064549,0.043715,-0.015553,0.141862,0.036351,0.077711,0.004531
3988300,49.1057,4,Open_3,OPEN HAND - relax,9.1057,2827,2777,2686,3050,2866,2912,2804,7580.283912,7163.732929,6481.476224,9923.444976,7928.722539,8369.230769,7384.663052,-0.070947,0.041381,-0.004861,0.152155,0.042386,0.080275,0.004531
3988350,49.1676,4,Open_3,OPEN HAND - relax,9.1676,2835,2782,2686,3044,2867,2909,2797,7650.000000,7203.960396,6481.476224,9847.383444,7937.947883,8339.460371,7326.502311,-0.062403,0.047229,-0.004861,0.143324,0.043598,0.076432,-0.003380
3988400,49.1880,4,Open_3,OPEN HAND - relax,9.1880,2831,2776,2672,3040,2861,2929,2807,7615.031646,7155.724033,6384.258609,9797.156398,7882.820097,8540.823328,7409.782609,-0.066689,0.040217,-0.019788,0.137492,0.036351,0.102423,0.007948
3988450,49.2513,4,Open_3,OPEN HAND - relax,9.2513,2820,2768,2685,3052,2866,2927,2805,7520.000000,7092.087415,6474.468085,9948.993289,7928.722539,8520.376712,7393.023256,-0.078336,0.030966,-0.005937,0.155121,0.042386,0.099784,0.005669
3988500,49.4130,4,Open_3,OPEN HAND - relax,9.4130,2834,2772,2679,3052,2868,2915,2797,7641.237113,7123.809524,6432.627119,9948.993289,7947.188264,8399.152542,7326.502311,-0.063477,0.035577,-0.012361,0.155121,0.044813,0.084137,-0.003380
3988550,49.4131,4,Open_3,OPEN HAND - relax,9.4131,2832,2770,2671,3042,2861,2930,2807,7623.752969,7107.924528,6377.387640,9822.222222,7882.820097,8551.072961,7409.782609,-0.065620,0.033268,-0.020842,0.140403,0.036351,0.103746,0.007948
3988600,49.4131,4,Open_3,OPEN HAND - relax,9.4131,2828,2771,2680,3053,2868,2920,2805,7588.950276,7115.861027,6439.575972,9961.804223,7947.188264,8449.361702,7393.023256,-0.069885,0.034422,-0.011294,0.156609,0.044813,0.090618,0.005669
3988650,49.4552,4,Open_3,OPEN HAND - relax,9.4552,2833,2774,2680,3053,2869,2907,2797,7632.488114,7139.742619,6439.575972,9961.804223,7956.443719,8319.696970,7326.502311,-0.064549,0.037893,-0.011294,0.156609,0.046030,0.073881,-0.003380
3988700,49.5181,4,Open_3,OPEN HAND - relax,9.5181,2832,2772,2672,3049,2862,2927,2805,7623.752969,7123.809524,6384.258609,9910.707457,7891.970803,8520.376712,7393.023256,-0.065620,0.035577,-0.019788,0.150676,0.037554,0.099784,0.005669
3988750,49.5599,4,Open_3,OPEN HAND - relax,9.5599,2824,2762,2685,3059,2866,2928,2803,7554.366640,7044.861215,6474.468085,10039.189189,7928.722539,8530.591260,7376.315789,-0.074124,0.024101,-0.005937,0.165593,0.042386,0.101103,0.003396
3988800,49.6226,4,Open_3,OPEN HAND - relax,9.6226,2832,2768,2685,3057,2866,2915,2797,7623.752969,7092.087415,6474.468085,10013.294798,7928.722539,8399.152542,7326.502311,-0.065620,0.030966,-0.005937,0.162587,0.042386,0.084137,-0.003380
3988850,49.6434,4,Open_3,OPEN HAND - relax,9.6434,2830,2764,2672,3063,2858,2931,2805,7606.324111,7060.555973,6384.258609,10091.279070,7855.456750,8561.340206,7393.023256,-0.067756,0.026382,-0.019788,0.171641,0.032753,0.105072,0.005669
3988900,49.7055,4,Open_3,OPEN HAND - relax,9.7055,2822,2762,2690,3067,2867,2930,2803,7537.156324,7044.861215,6509.608541,10143.774319,7937.947883,8551.072961,7376.315789,-0.076233,0.024101,-0.000542,0.177736,0.043598,0.103746,0.003396
3988950,49.7673,4,Open_3,OPEN HAND - relax,9.7673,2832,2766,2688,3061,2867,2925,2796,7623.752969,7076.297968,6495.522388,10065.183752,7937.947883,8500.000000,7318.244804,-0.065620,0.028671,-0.002705,0.168612,0.043598,0.097154,-0.004503
3989000,49.9307,4,Open_3,OPEN HAND - relax,9.9307,2832,2765,2679,3055,2860,2937,2806,7623.752969,7068.421053,6432.627119,9987.500000,7873.684211,8623.316062,7401.396431,-0.065620,0.027526,-0.012361,0.159592,0.035150,0.113071,0.006808
3989050,49.9307,4,Open_3,OPEN HAND - relax,9.9307,2824,2758,2692,3064,2868,2933,2804,7554.366640,7013.612565,6523.734854,10104.364694,7947.188264,8581.927711,7384.663052,-0.074124,0.019558,0.001627,0.173161,0.044813,0.107729,0.004531
3989100,49.9308,4,Open_3,OPEN HAND - relax,9.9308,2831,2768,2696,3063,2866,2922,2796,7615.031646,7092.087415,6552.108649,10091.279070,7928.722539,8469.565217,7318.244804,-0.066689,0.030966,0.005983,0.171641,0.042386,0.093225,-0.004503
3989150,49.9518,4,Open_3,OPEN HAND - relax,9.9518,2832,2767,2689,3050,2862,2926,2807,7623.752969,7084.186747,6502.560455,9923.444976,7891.970803,8510.179641,7409.782609,-0.065620,0.029817,-0.001624,0.152155,0.037554,0.098468,0.007948
3989200,49.9936,4,Open_3,OPEN HAND - relax,9.9936,2828,2761,2704,3068,2866,2933,2805,7588.950276,7037.031484,6609.345794,10156.962025,7928.722539,8581.927711,7393.023256,-0.069885,0.022962,0.014771,0.179267,0.042386,0.107729,0.005669
3989250,50.0641,5,Middle_Bend,BEND MIDDLE ONLY,0.0641,2835,2775,2719,3060,2867,2928,2798,7650.000000,7147.727273,6718.459302,10052.173913,7937.947883,8530.591260,7334.772552,-0.062403,0.039054,0.031524,0.167101,0.043598,0.101103,-0.002255
3989300,50.1057,5,Middle_Bend,BEND MIDDLE ONLY,0.1057,2832,2772,2753,3071,2861,2994,2806,7623.752969,7123.809524,6974.813711,10196.679688,7882.820097,9245.776567,7401.396431,-0.065620,0.035577,0.070884,0.183879,0.036351,0.193416,0.006808
3989350,50.1479,5,Middle_Bend,BEND MIDDLE ONLY,0.1479,2831,2761,2759,3083,2865,2983,2807,7615.031646,7037.031484,7021.407186,10357.905138,7919.512195,9120.683453,7409.782609,-0.066689,0.022962,0.078038,0.202598,0.041175,0.177270,0.007948
3989400,50.2112,5,Middle_Bend,BEND MIDDLE ONLY,0.2112,2839,2769,2754,3066,2866,2957,2798,7685.191083,7100.000000,6982.550336,10130.612245,7928.722539,8834.622144,7334.772552,-0.058090,0.032116,0.072072,0.176208,0.042386,0.140346,-0.002255
3989450,50.2535,5,Middle_Bend,BEND MIDDLE ONLY,0.2535,2837,2769,2740,3055,2865,2966,2806,7667.567568,7100.000000,6875.276753,9987.500000,7919.512195,8932.152347,7401.396431,-0.060250,0.032116,0.055601,0.159592,0.041175,0.152935,0.006808
3989500,50.4222,5,Middle_Bend,BEND MIDDLE ONLY,0.4222,2829,2759,2751,3070,2868,2968,2804,7597.630332,7021.407186,6959.375000,10183.414634,7947.188264,8954.037267,7384.663052,-0.068821,0.020691,0.068513,0.182339,0.044813,0.155760,0.004531
3989550,50.4223,5,Middle_Bend,BEND MIDDLE ONLY,0.4223,2836,2769,2756,3061,2869,2957,2797,7658.776807,7100.000000,6998.058252,10065.183752,7956.443719,8834.622144,7326.502311,-0.061327,0.032116,0.074453,0.168612,0.046030,0.140346,-0.003380
3989600,50.4223,5,Middle_Bend,BEND MIDDLE ONLY,0.4223,2835,2767,2744,3068,2863,3007,2807,7650.000000,7084.186747,6905.699482,10156.962025,7901.136364,9396.875000,7409.782609,-0.062403,0.029817,0.060272,0.179267,0.038759,0.212920,0.007948
3989650,50.4644,5,Middle_Bend,BEND MIDDLE ONLY,0.4644,2827,2758,2795,3108,2876,2991,2805,7580.283912,7013.612565,7310.000000,10706.382979,8021.657096,9211.413043,7393.023256,-0.070947,0.019558,0.122347,0.243058,0.054604,0.188981,0.005669
3989700,50.5272,5,Middle_Bend,BEND MIDDLE ONLY,0.5272,2842,2768,2786,3117,2877,3013,2799,7711.731844,7092.087415,7236.363636,10836.196319,8031.034483,9467.837338,7343.055556,-0.054837,0.030966,0.111041,0.258129,0.055836,0.222079,-0.001128
3989750,50.5273,5,Middle_Bend,BEND MIDDLE ONLY,0.5273,2843,2768,2808,3102,2868,3023,2811,7720.607029,7092.087415,7418.181818,10621.148036,7947.188264,9587.873134,7443.457944,-0.053749,0.030966,0.138957,0.233161,0.044813,0.237573,0.012529
3989800,50.5894,5,Middle_Bend,BEND MIDDLE ONLY,0.5894,2833,2758,2817,3097,2881,3025,2809,7632.488114,7013.612565,7494.366197,10550.901804,8068.698517,9612.149533,7426.594090,-0.064549,0.019558,0.150654,0.225006,0.060788,0.240707,0.010235
3989850,50.6720,5,Middle_Bend,BEND MIDDLE ONLY,0.6720,2841,2768,2813,3070,2872,3004,2799,7702.870813,7092.087415,7460.374415,10183.414634,7984.300899,9361.686526,7343.055556,-0.055923,0.030966,0.145435,0.182339,0.049692,0.208378,-0.001128
3989900,50.6924,5,Middle_Bend,BEND MIDDLE ONLY,0.6924,2839,2767,2815,3075,2866,3019,2808,7685.191083,7084.186747,7477.343750,10250.000000,7928.722539,9539.591078,7418.181818,-0.058090,0.029817,0.148040,0.190070,0.042386,0.231341,0.009091
3989950,50.7545,5,Middle_Bend,BEND MIDDLE ONLY,0.7545,2831,2762,2829,3102,2877,3011,2809,7615.031646,7044.861215,7597.630332,10621.148036,8031.034483,9444.095941,7426.594090,-0.066689,0.024101,0.166508,0.233161,0.055836,0.219015,0.010235
3990000,50.9377,5,Middle_Bend,BEND MIDDLE ONLY,0.9377,2841,2770,2821,3089,2877,3006,2799,7702.870813,7107.924528,7528.571429,10439.960239,8031.034483,9385.123967,7343.055556,-0.055923,0.033268,0.155905,0.212125,0.055836,0.211403,-0.001128
3990050,50.9378,5,Middle_Bend,BEND MIDDLE ONLY,0.9378,2837,2782,2857,3096,2872,2983,2805,7667.567568,7203.960396,7846.365105,10536.936937,7984.300899,9120.683453,7393.023256,-0.060250,0.047229,0.204698,0.223384,0.049692,0.177270,0.005669
3990100,50.9378,5,Middle_Bend,BEND MIDDLE ONLY,0.9378,2825,2778,2862,3121,2882,2976,2803,7562.992126,7171.753986,7891.970803,10894.661191,8078.153339,9042.359249,7376.315789,-0.073067,0.042547,0.211700,0.264917,0.062031,0.167160,0.003396
3990150,50.9589,5,Middle_Bend,BEND MIDDLE ONLY,0.9589,2835,2793,2893,3134,2877,2996,2795,7650.000000,7293.548387,8183.194676,11088.033299,8031.034483,9268.789809,7310.000000,-0.062403,0.060252,0.256414,0.287369,0.055836,0.196387,-0.005625
3990200,51.0008,5,Middle_Bend,BEND MIDDLE ONLY,1.0008,2838,2793,2909,3182,2874,3005,2805,7676.372315,7293.548387,8339.460371,11849.726177,8002.948403,9373.394495,7393.023256,-0.059171,0.060252,0.280406,0.375805,0.052144,0.209889,0.005669
3990250,51.0839,5,Middle_Bend,BEND MIDDLE ONLY,1.0839,2840,2792,2943,3201,2883,3021,2804,7694.023904,7285.341520,8685.937500,12173.825503,8087.623762,9563.687151,7384.663052,-0.057007,0.059059,0.333603,0.413434,0.063276,0.234451,0.004531
3990300,51.1253,5,Middle_Bend,BEND MIDDLE ONLY,1.1253,2856,2804,2977,3182,2879,3024,2795,7837.288136,7384.663052,9053.488372,11849.726177,8049.835526,9600.000000,7310.000000,-0.039449,0.073497,0.390035,0.375805,0.058308,0.239139,-0.005625
3990350,51.1465,5,Middle_Bend,BEND MIDDLE ONLY,1.1465,2863,2817,2972,3169,2868,3008,2804,7901.136364,7494.366197,8998.040962,11635.637149,7947.188264,9408.647654,7384.663052,-0.031623,0.089444,0.381522,0.350948,0.044813,0.214439,0.004531
3990400,51.2089,5,Middle_Bend,BEND MIDDLE ONLY,1.2089,2855,2800,2981,3204,2887,3002,2803,7828.225806,7351.351351,9098.204668,12226.262626,8125.662252,9338.334858,7376.315789,-0.040559,0.068655,0.396900,0.419522,0.068277,0.205364,0.003396
3990450,51.2505,5,Middle_Bend,BEND MIDDLE ONLY,1.2505,2863,2810,2951,3241,2881,3018,2795,7901.136364,7435.019455,8770.454545,12903.278689,8068.698517,9527.576602,7310.000000,-0.031623,0.080817,0.346579,0.498127,0.060788,0.229790,-0.005625
3990500,51.4516,5,Middle_Bend,BEND MIDDLE ONLY,1.4516,2872,2802,2933,3215,2873,3045,2804,7984.300899,7367.981439,8581.927711,12421.590909,7993.617021,9860.000000,7384.663052,-0.021430,0.071072,0.317633,0.442201,0.050917,0.272699,0.004531
3990550,51.4517,5,Middle_Bend,BEND MIDDLE ONLY,1.4517,2865,2784,2892,3231,2882,3009,2802,7919.512195,7220.137300,8173.566085,12714.583333,8078.153339,9420.441989,7367.981439,-0.029371,0.049580,0.254935,0.476218,0.062031,0.215962,0.002262
3990600,51.4517,5,Middle_Bend,BEND MIDDLE ONLY,1.4517,2878,2788,2932,3232,2880,3027,2800,8040.427280,7252.639633,8571.625107,12733.256083,8059.259259,9636.516854,7351.351351,-0.014551,0.054305,0.316052,0.478386,0.059547,0.243852,0.000000
3990650,51.4722,5,Middle_Bend,BEND MIDDLE ONLY,1.4722,2867,2786,2893,3233,2874,3028,2814,7937.947883,7236.363636,8183.194676,12751.972158,8002.948403,9648.734770,7468.852459,-0.027112,0.051939,0.256414,0.480559,0.052144,0.245429,0.015984
3990700,51.5144,5,Middle_Bend,BEND MIDDLE ONLY,1.5144,2860,2770,2881,3158,2881,3026,2811,7873.684211,7107.924528,8068.698517,11459.124867,8068.698517,9624.321796,7443.457944,-0.034988,0.033268,0.238834,0.330454,0.060788,0.242278,0.012529
3990750,51.5766,5,Middle_Bend,BEND MIDDLE ONLY,1.5766,2865,2778,2898,3212,2880,3024,2801,7919.512195,7171.753986,8231.578947,12367.836920,8059.259259,9600.000000,7359.659969,-0.029371,0.042547,0.263842,0.435960,0.059547,0.239139,0.001130
3990800,51.6189,5,Middle_Bend,BEND MIDDLE ONLY,1.6189,2863,2777,2903,3256,2868,3028,2814,7901.136364,7163.732929,8280.369128,13194.755662,7947.188264,9648.734770,7468.852459,-0.031623,0.041381,0.271333,0.531968,0.044813,0.245429,0.015984
3990850,51.6610,5,Middle_Bend,BEND MIDDLE ONLY,1.6610,2848,2769,2900,3274,2873,3037,2810,7765.196472,7100.000000,8251.046025,13558.587089,7993.617021,9759.735350,7435.019455,-0.048284,0.032116,0.266831,0.574211,0.050917,0.259757,0.011381
3990900,51.7239,5,Middle_Bend,BEND MIDDLE ONLY,1.7239,2862,2781,2906,3268,2872,3020,2800,7891.970803,7195.890411,8309.840202,13435.550181,7984.300899,9551.627907,7351.351351,-0.032747,0.046056,0.275858,0.559926,0.049692,0.232895,0.000000
3990950,51.7453,5,Middle_Bend,BEND MIDDLE ONLY,1.7453,2851,2782,2881,3226,2862,3023,2812,7792.122186,7203.960396,8068.698517,12621.864212,7891.970803,9587.873134,7451.909587,-0.044984,0.047229,0.238834,0.465453,0.037554,0.237573,0.013679
3991000,51.7867,5,Middle_Bend,BEND MIDDLE ONLY,1.7867,2839,2785,2897,3252,2870,2960,2809,7685.191083,7228.244275,8221.869783,13116.014235,7965.714286,8866.960352,7426.594090,-0.058090,0.050759,0.262352,0.522826,0.047249,0.144520,0.010235
3991050,51.9722,5,Middle_Bend,BEND MIDDLE ONLY,1.9722,2846,2781,2895,3242,2869,2978,2802,7747.317854,7195.890411,8202.500000,12922.391559,7956.443719,9064.637422,7367.981439,-0.050475,0.046056,0.259378,0.500346,0.046030,0.170036,0.002262
3991100,51.9722,5,Middle_Bend,BEND MIDDLE ONLY,1.9722,2848,2778,2870,3219,2869,3007,2812,7765.196472,7171.753986,7965.714286,12493.835616,7956.443719,9396.875000,7451.909587,-0.048284,0.042547,0.223023,0.450589,0.046030,0.212920,0.013679
3991150,51.9723,5,Middle_Bend,BEND MIDDLE ONLY,1.9723,2834,2766,2870,3208,2878,2995,2814,7641.237113,7076.297968,7965.714286,12296.730552,8040.427280,9257.272727,7468.852459,-0.063477,0.028671,0.223023,0.427704,0.057071,0.194900,0.015984
3991200,52.0139,5,Middle_Bend,BEND MIDDLE ONLY,2.0139,2843,2774,2874,3199,2873,2972,2804,7720.607029,7139.742619,8002.948403,12139.062500,7993.617021,8998.040962,7384.663052,-0.053749,0.037893,0.228739,0.409398,0.050917,0.161439,0.004531
3991250,52.0350,5,Middle_Bend,BEND MIDDLE ONLY,2.0350,2841,2770,2879,3202,2869,3004,2814,7702.870813,7107.924528,8049.835526,12191.265398,7956.443719,9361.686526,7468.852459,-0.055923,0.033268,0.235938,0.415459,0.046030,0.208378,0.015984
3991300,52.1189,5,Middle_Bend,BEND MIDDLE ONLY,2.1189,2833,2764,2897,3175,2875,2995,2813,7632.488114,7060.555973,8221.869783,11733.695652,8012.295082,9257.272727,7460.374415,-0.064549,0.026382,0.262352,0.362333,0.053373,0.194900,0.014830
3991350,52.1613,5,Middle_Bend,BEND MIDDLE ONLY,2.1613,2841,2770,2907,3156,2870,2974,2801,7702.870813,7107.924528,8319.696970,11427.476038,7965.714286,9020.160571,7359.659969,-0.055923,0.033268,0.277372,0.326780,0.047249,0.164295,0.001130
3991400,52.2039,5,Middle_Bend,BEND MIDDLE ONLY,2.2039,2841,2768,2876,3161,2863,3010,2811,7702.870813,7092.087415,8021.657096,11506.852248,7901.136364,9432.258065,7443.457944,-0.055923,0.030966,0.231612,0.335996,0.038759,0.217487,0.012529
3991450,52.2458,5,Middle_Bend,BEND MIDDLE ONLY,2.2458,2830,2760,2866,3182,2866,3007,2806,7606.324111,7029.213483,7928.722539,11849.726177,7928.722539,9396.875000,7401.396431,-0.067756,0.021826,0.217343,0.375805,0.042386,0.212920,0.006808
3991500,52.4715,5,Middle_Bend,BEND MIDDLE ONLY,2.4715,2842,2767,2867,3173,2866,3004,2797,7711.731844,7084.186747,7937.947883,11700.867679,7928.722539,9361.686526,7326.502311,-0.054837,0.029817,0.218759,0.358522,0.042386,0.208378,-0.003380
3991550,52.4716,5,Middle_Bend,BEND MIDDLE ONLY,2.4716,2839,2767,2852,3152,2865,3023,2804,7685.191083,7084.186747,7801.126307,11364.581124,7919.512195,9587.873134,7384.663052,-0.058090,0.029817,0.197752,0.319477,0.041175,0.237573,0.004531
3991600,52.4716,5,Middle_Bend,BEND MIDDLE ONLY,2.4716,2830,2760,2833,3162,2873,3011,2803,7606.324111,7029.213483,7632.488114,11522.829582,7993.617021,9444.095941,7376.315789,-0.067756,0.021826,0.171860,0.337851,0.050917,0.219015,0.003396
3991650,52.4716,5,Middle_Bend,BEND MIDDLE ONLY,2.4716,2843,2768,2865,3182,2869,2988,2796,7720.607029,7092.087415,7919.512195,11849.726177,7956.443719,9177.235772,7318.244804,-0.053749,0.030966,0.215929,0.375805,0.046030,0.184569,-0.004503
3991700,52.4923,5,Middle_Bend,BEND MIDDLE ONLY,2.4923,2839,2770,2850,3141,2861,3001,2799,7685.191083,7107.924528,7783.132530,11194.339623,7882.820097,9326.691042,7343.055556,-0.058090,0.033268,0.194990,0.299711,0.036351,0.203861,-0.001128
3991750,52.5545,5,Middle_Bend,BEND MIDDLE ONLY,2.5545,2833,2766,2844,3165,2869,2989,2800,7632.488114,7076.297968,7729.496403,11570.967742,7956.443719,9188.607595,7351.351351,-0.064549,0.028671,0.186755,0.343440,0.046030,0.186037,0.000000
3991800,52.6172,5,Middle_Bend,BEND MIDDLE ONLY,2.6172,2846,2770,2838,3161,2867,3021,2791,7747.317854,7107.924528,7676.372315,11506.852248,7937.947883,9563.687151,7277.147239,-0.050475,0.033268,0.178598,0.335996,0.043598,0.234451,-0.010094
3991850,52.6374,5,Middle_Bend,BEND MIDDLE ONLY,2.6374,2843,2781,2809,3156,2859,3004,2800,7720.607029,7195.890411,7426.594090,11427.476038,7864.563107,9361.686526,7351.351351,-0.053749,0.046056,0.140248,0.326780,0.033951,0.208378,0.000000
3991900,52.7011,5,Middle_Bend,BEND MIDDLE ONLY,2.7011,2833,2780,2816,3178,2865,2997,2800,7632.488114,7187.832700,7485.848319,11783.206107,7919.512195,9280.327869,7351.351351,-0.064549,0.044884,0.149346,0.368081,0.041175,0.197876,0.000000
3991950,52.7636,5,Middle_Bend,BEND MIDDLE ONLY,2.7636,2845,2791,2832,3171,2866,2967,2792,7738.400000,7277.147239,7623.752969,11668.181818,7928.722539,8943.085106,7285.341520,-0.051568,0.057868,0.170519,0.354727,0.042386,0.154346,-0.008979
3992000,52.8056,5,Middle_Bend,BEND MIDDLE ONLY,2.8056,2849,2799,2808,3143,2857,2969,2804,7774.157303,7343.055556,7418.181818,11225.000000,7846.365105,8965.008881,7384.663052,-0.047186,0.067449,0.138957,0.303271,0.031558,0.157176,0.004531
3992050,52.9911,5,Middle_Bend,BEND MIDDLE ONLY,2.9911,2835,2787,2816,3157,2866,2976,2800,7650.000000,7244.495413,7485.848319,11443.283582,7928.722539,9042.359249,7351.351351,-0.062403,0.053121,0.149346,0.328615,0.042386,0.167160,0.000000
3992100,52.9912,5,Middle_Bend,BEND MIDDLE ONLY,2.9912,2846,2811,2823,3150,2866,2986,2794,7747.317854,7443.457944,7545.754717,11333.333333,7928.722539,9154.553652,7301.767871,-0.050475,0.082044,0.158544,0.315849,0.042386,0.181642,-0.006745
3992150,52.9912,5,Middle_Bend,BEND MIDDLE ONLY,2.9912,2839,2803,2830,3132,2853,3009,2802,7685.191083,7376.315789,7606.324111,11057.943925,7810.144928,9420.441989,7367.981439,-0.058090,0.072284,0.167843,0.283875,0.026796,0.215962,0.002262
3992200,53.0113,5,Middle_Bend,BEND MIDDLE ONLY,3.0113,2832,2795,2825,3146,2863,3024,2800,7623.752969,7310.000000,7562.992126,11271.232877,7901.136364,9600.000000,7351.351351,-0.065620,0.062643,0.161190,0.308639,0.038759,0.239139,0.000000
3992250,53.0531,5,Middle_Bend,BEND MIDDLE ONLY,3.0531,2844,2807,2818,3141,2864,3014,2792,7729.496403,7409.782609,7502.897416,11194.339623,7910.316816,9479.740981,7285.341520,-0.052660,0.077149,0.151964,0.299711,0.039966,0.223616,-0.008979
3992300,53.0732,5,Middle_Bend,BEND MIDDLE ONLY,3.0732,2840,2802,2795,3113,2853,3024,2802,7694.023904,7367.981439,7310.000000,10778.207739,7810.144928,9600.000000,7367.981439,-0.057007,0.071072,0.122347,0.251397,0.026796,0.239139,0.002262
3992350,53.1568,5,Middle_Bend,BEND MIDDLE ONLY,3.1568,2826,2790,2808,3144,2863,3036,2800,7571.631206,7268.965517,7418.181818,11240.378549,7901.136364,9747.308782,7351.351351,-0.072008,0.056678,0.138957,0.305057,0.038759,0.258153,0.000000
3992400,53.2190,5,Middle_Bend,BEND MIDDLE ONLY,3.2190,2833,2797,2805,3137,2862,3007,2789,7632.488114,7326.502311,7393.023256,11133.402923,7891.970803,9396.875000,7260.796325,-0.064549,0.065042,0.135094,0.292636,0.037554,0.212920,-0.012318
3992450,53.2608,5,Middle_Bend,BEND MIDDLE ONLY,3.2608,2830,2797,2798,3135,2863,3009,2801,7606.324111,7326.502311,7334.772552,11103.125000,7901.136364,9420.441989,7359.659969,-0.067756,0.065042,0.126150,0.289121,0.038759,0.215962,0.001130
3992500,53.3035,5,Middle_Bend,BEND MIDDLE ONLY,3.3035,2820,2794,2810,3130,2866,3002,2799,7520.000000,7301.767871,7435.019455,11027.979275,7928.722539,9338.334858,7343.055556,-0.078336,0.061447,0.141542,0.280396,0.042386,0.205364,-0.001128
3992550,53.3456,5,Middle_Bend,BEND MIDDLE ONLY,3.3456,2830,2798,2793,3136,2864,2983,2788,7606.324111,7334.772552,7293.548387,11118.248175,7910.316816,9120.683453,7252.639633,-0.067756,0.066245,0.119821,0.290877,0.039966,0.177270,-0.013428
3992600,53.5069,5,Middle_Bend,BEND MIDDLE ONLY,3.5069,2830,2790,2774,3137,2859,2988,2799,7606.324111,7268.965517,7139.742619,11133.402923,7864.563107,9177.235772,7343.055556,-0.067756,0.056678,0.096206,0.292636,0.033951,0.184569,-0.001128
3992650,53.5070,5,Middle_Bend,BEND MIDDLE ONLY,3.5070,2820,2786,2786,3168,2866,3004,2799,7520.000000,7236.363636,7236.363636,11619.417476,7928.722539,9361.686526,7343.055556,-0.078336,0.051939,0.111041,0.349065,0.042386,0.208378,-0.001128
3992700,53.5070,5,Middle_Bend,BEND MIDDLE ONLY,3.5070,2830,2801,2791,3172,2864,2999,2786,7606.324111,7359.659969,7277.147239,11684.507042,7910.316816,9303.467153,7236.363636,-0.067756,0.069862,0.117303,0.356622,0.039966,0.200863,-0.015642
3992750,53.5489,5,Middle_Bend,BEND MIDDLE ONLY,3.5489,2832,2805,2775,3140,2858,3001,2799,7623.752969,7393.023256,7147.727273,11179.057592,7855.456750,9326.691042,7343.055556,-0.065620,0.074712,0.097432,0.297937,0.032753,0.203861,-0.001128
3992800,53.5904,5,Middle_Bend,BEND MIDDLE ONLY,3.5904,2822,2799,2787,3167,2862,3010,2798,7537.156324,7343.055556,7244.495413,11603.232759,7891.970803,9432.258065,7334.772552,-0.076233,0.067449,0.112290,0.347186,0.037554,0.217487,-0.002255
3992850,53.6534,5,Middle_Bend,BEND MIDDLE ONLY,3.6534,2831,2800,2799,3176,2864,3016,2786,7615.031646,7351.351351,7343.055556,11750.163221,7910.316816,9503.614458,7236.363636,-0.066689,0.068655,0.127422,0.364245,0.039966,0.226697,-0.015642
3992900,53.7365,5,Middle_Bend,BEND MIDDLE ONLY,3.7365,2832,2800,2789,3171,2857,3019,2798,7623.752969,7351.351351,7260.796325,11668.181818,7846.365105,9539.591078,7334.772552,-0.065620,0.068655,0.114792,0.354727,0.031558,0.231341,-0.002255
3992950,53.7579,5,Middle_Bend,BEND MIDDLE ONLY,3.7579,2822,2786,2797,3203,2863,3017,2798,7537.156324,7236.363636,7326.502311,12208.744395,7901.136364,9515.584416,7334.772552,-0.076233,0.051939,0.124881,0.417488,0.038759,0.228242,-0.002255
3993000,53.8206,5,Middle_Bend,BEND MIDDLE ONLY,3.8206,2831,2802,2806,3173,2864,3015,2787,7615.031646,7367.981439,7401.396431,11700.867679,7910.316816,9491.666667,7244.495413,-0.066689,0.071072,0.136380,0.358522,0.039966,0.225155,-0.014536
3993050,53.8626,5,Middle_Bend,BEND MIDDLE ONLY,3.8626,2831,2806,2808,3163,2854,3015,2800,7615.031646,7401.396431,7418.181818,11538.841202,7819.178082,9491.666667,7351.351351,-0.066689,0.075930,0.138957,0.339710,0.027984,0.225155,0.000000
3993100,54.0277,5,Middle_Bend,BEND MIDDLE ONLY,4.0277,2827,2799,2831,3167,2863,3013,2799,7580.283912,7343.055556,7615.031646,11603.232759,7901.136364,9467.837338,7343.055556,-0.070947,0.067449,0.169180,0.347186,0.038759,0.222079,-0.001128
3993150,54.0277,5,Middle_Bend,BEND MIDDLE ONLY,4.0277,2836,2802,2829,3162,2865,3015,2789,7658.776807,7367.981439,7597.630332,11522.829582,7919.512195,9491.666667,7260.796325,-0.061327,0.071072,0.166508,0.337851,0.041175,0.225155,-0.012318
3993200,54.0277,5,Middle_Bend,BEND MIDDLE ONLY,4.0277,2835,2814,2817,3173,2856,3017,2800,7650.000000,7468.852459,7494.366197,11700.867679,7837.288136,9515.584416,7351.351351,-0.062403,0.085736,0.150654,0.358522,0.030365,0.228242,0.000000
3993250,54.0479,5,Middle_Bend,BEND MIDDLE ONLY,4.0479,2827,2800,2830,3172,2864,3024,2799,7580.283912,7351.351351,7606.324111,11684.507042,7910.316816,9600.000000,7343.055556,-0.070947,0.068655,0.167843,0.356622,0.039966,0.239139,-0.001128
3993300,54.1105,5,Middle_Bend,BEND MIDDLE ONLY,4.1105,2835,2811,2831,3155,2863,3040,2791,7650.000000,7443.457944,7615.031646,11411.702128,7901.136364,9797.156398,7277.147239,-0.062403,0.082044,0.169180,0.324948,0.038759,0.264587,-0.010094
3993350,54.1516,5,Middle_Bend,BEND MIDDLE ONLY,4.1516,2836,2811,2807,3118,2856,3008,2800,7658.776807,7443.457944,7409.782609,10850.767656,7837.288136,9408.647654,7351.351351,-0.061327,0.082044,0.137667,0.259821,0.030365,0.214439,0.000000
3993400,54.2345,5,Middle_Bend,BEND MIDDLE ONLY,4.2345,2833,2802,2815,3124,2865,3011,2801,7632.488114,7367.981439,7477.343750,10938.825953,7919.512195,9444.095941,7359.659969,-0.064549,0.071072,0.148040,0.270045,0.041175,0.219015,0.001130
3993450,54.2765,5,Middle_Bend,BEND MIDDLE ONLY,4.2765,2849,2808,2811,3177,2864,3002,2794,7774.157303,7418.181818,7443.457944,11766.666667,7910.316816,9338.334858,7301.767871,-0.047186,0.078370,0.142838,0.366161,0.039966,0.205364,-0.006745
3993500,54.3182,5,Middle_Bend,BEND MIDDLE ONLY,4.3182,2847,2800,2806,3159,2851,3002,2802,7756.250000,7351.351351,7401.396431,11475.000000,7792.122186,9338.334858,7367.981439,-0.049381,0.068655,0.136380,0.332297,0.024427,0.205364,0.002262
3993550,54.3607,5,Middle_Bend,BEND MIDDLE ONLY,4.3607,2836,2797,2800,3172,2865,3000,2801,7658.776807,7326.502311,7351.351351,11684.507042,7919.512195,9315.068493,7359.659969,-0.061327,0.065042,0.128696,0.356622,0.041175,0.202360,0.001130
3993600,54.5430,5,Middle_Bend,BEND MIDDLE ONLY,4.5430,2845,2813,2815,3150,2863,3001,2791,7738.400000,7460.374415,7477.343750,11333.333333,7901.136364,9326.691042,7277.147239,-0.051568,0.084503,0.148040,0.315849,0.038759,0.203861,-0.010094
3993650,54.5430,5,Middle_Bend,BEND MIDDLE ONLY,4.5430,2845,2829,2798,3162,2860,3024,2803,7738.400000,7597.630332,7334.772552,11522.829582,7873.684211,9600.000000,7376.315789,-0.051568,0.104456,0.126150,0.337851,0.035150,0.239139,0.003396
3993700,54.5430,5,Middle_Bend,BEND MIDDLE ONLY,4.5430,2839,2810,2802,3168,2867,3065,2801,7685.191083,7435.019455,7367.981439,11619.417476,7937.947883,10117.475728,7359.659969,-0.058090,0.080817,0.131249,0.349065,0.043598,0.305933,0.001130
3993750,54.5640,5,Middle_Bend,BEND MIDDLE ONLY,4.5640,2878,2826,2802,3157,2868,3055,2795,8040.427280,7571.631206,7367.981439,11443.283582,7947.188264,9987.500000,7310.000000,-0.014551,0.100676,0.131249,0.328615,0.044813,0.289156,-0.005625
3993800,54.6054,5,Middle_Bend,BEND MIDDLE ONLY,4.6054,2876,2819,2781,3138,2859,3051,2804,8021.657096,7511.442006,7195.890411,11148.589342,7864.563107,9936.206897,7384.663052,-0.016852,0.091927,0.104827,0.294400,0.033951,0.282535,0.004531
3993850,54.6685,5,Middle_Bend,BEND MIDDLE ONLY,4.6685,2875,2795,2797,3138,2866,3036,2803,8012.295082,7310.000000,7326.502311,11148.589342,7928.722539,9747.308782,7376.315789,-0.017999,0.062643,0.124881,0.294400,0.042386,0.258153,0.003396
3993900,54.6896,5,Middle_Bend,BEND MIDDLE ONLY,4.6896,2880,2800,2802,3145,2864,2992,2794,8059.259259,7351.351351,7367.981439,11255.789474,7910.316816,9222.846782,7301.767871,-0.012243,0.068655,0.131249,0.306846,0.039966,0.190457,-0.006745
3993950,54.7535,5,Middle_Bend,BEND MIDDLE ONLY,4.7535,2881,2799,2797,3134,2857,3023,2803,8068.698517,7343.055556,7326.502311,11088.033299,7846.365105,9587.873134,7376.315789,-0.011087,0.067449,0.124881,0.287369,0.031558,0.237573,0.003396
3994000,54.7959,5,Middle_Bend,BEND MIDDLE ONLY,4.7959,2869,2789,2800,3138,2867,3010,2801,7956.443719,7260.796325,7351.351351,11148.589342,7937.947883,9432.258065,7359.659969,-0.024845,0.055491,0.128696,0.294400,0.043598,0.217487,0.001130
3994050,54.8804,5,Middle_Bend,BEND MIDDLE ONLY,4.8804,2876,2798,2798,3141,2865,2992,2796,8021.657096,7334.772552,7334.772552,11194.339623,7919.512195,9222.846782,7318.244804,-0.016852,0.066245,0.126150,0.299711,0.041175,0.190457,-0.004503
3994100,55.0482,5,Middle_Bend,BEND MIDDLE ONLY,5.0482,2879,2796,2789,3124,2860,3024,2801,8049.835526,7318.244804,7260.796325,10938.825953,7873.684211,9600.000000,7359.659969,-0.013398,0.063842,0.114792,0.270045,0.035150,0.239139,0.001130
3994150,55.0482,5,Middle_Bend,BEND MIDDLE ONLY,5.0482,2865,2789,2804,3133,2870,3018,2801,7919.512195,7260.796325,7384.663052,11072.972973,7965.714286,9527.576602,7359.659969,-0.029371,0.055491,0.133810,0.285620,0.047249,0.229790,0.001130
3994200,55.0483,5,Middle_Bend,BEND MIDDLE ONLY,5.0483,2877,2794,2812,3123,2866,3010,2792,8031.034483,7301.767871,7451.909587,10924.074074,7928.722539,9432.258065,7285.341520,-0.015703,0.061447,0.144135,0.268332,0.042386,0.217487,-0.008979
3994250,55.0686,5,Middle_Bend,BEND MIDDLE ONLY,5.0686,2881,2793,2797,3116,2862,3022,2800,8068.698517,7293.548387,7326.502311,10821.654750,7891.970803,9575.768872,7351.351351,-0.011087,0.060252,0.124881,0.256441,0.037554,0.236011,0.000000
3994300,55.0896,5,Middle_Bend,BEND MIDDLE ONLY,5.0896,2871,2787,2810,3112,2866,3026,2801,7975.000000,7244.495413,7435.019455,10763.784334,7928.722539,9624.321796,7359.659969,-0.022570,0.053121,0.141542,0.249722,0.042386,0.242278,0.001130
3994350,55.1726,5,Middle_Bend,BEND MIDDLE ONLY,5.1726,2877,2797,2811,3105,2866,3006,2792,8031.034483,7326.502311,7443.457944,10663.636364,7928.722539,9385.123967,7285.341520,-0.015703,0.065042,0.142838,0.238095,0.042386,0.211403,-0.008979
3994400,55.1937,5,Middle_Bend,BEND MIDDLE ONLY,5.1937,2875,2793,2800,3095,2859,2998,2801,8012.295082,7293.548387,7351.351351,10523.000000,7864.563107,9291.886964,7359.659969,-0.017999,0.060252,0.128696,0.221766,0.033951,0.199368,0.001130
3994450,55.2772,5,Middle_Bend,BEND MIDDLE ONLY,5.2772,2868,2791,2817,3120,2866,3005,2800,7947.188264,7277.147239,7494.366197,10880.000000,7928.722539,9373.394495,7351.351351,-0.025979,0.057868,0.150654,0.263215,0.042386,0.209889,0.000000
3994500,55.2987,5,Middle_Bend,BEND MIDDLE ONLY,5.2987,2880,2794,2815,3121,2869,2994,2789,8059.259259,7301.767871,7477.343750,10894.661191,7956.443719,9245.776567,7260.796325,-0.012243,0.061447,0.148040,0.264917,0.046030,0.193416,-0.012318
3994550,55.3618,5,Middle_Bend,BEND MIDDLE ONLY,5.3618,2876,2792,2814,3121,2855,2991,2800,8021.657096,7285.341520,7468.852459,10894.661191,7828.225806,9211.413043,7351.351351,-0.016852,0.059059,0.146736,0.264917,0.029173,0.188981,0.000000
3994600,55.4027,5,Middle_Bend,BEND MIDDLE ONLY,5.4027,2866,2785,2824,3126,2864,2991,2799,7928.722539,7228.244275,7554.366640,10968.421053,7910.316816,9211.413043,7343.055556,-0.028242,0.050759,0.159866,0.273481,0.039966,0.188981,-0.001128
3994650,55.5615,5,Middle_Bend,BEND MIDDLE ONLY,5.5615,2870,2791,2818,3097,2863,2997,2789,7965.714286,7277.147239,7502.897416,10550.901804,7901.136364,9280.327869,7260.796325,-0.023708,0.057868,0.151964,0.225006,0.038759,0.197876,-0.012318
3994700,55.5616,5,Middle_Bend,BEND MIDDLE ONLY,5.5616,2863,2785,2798,3092,2852,3004,2800,7901.136364,7228.244275,7334.772552,10481.355932,7801.126307,9361.686526,7351.351351,-0.031623,0.050759,0.126150,0.216931,0.025611,0.208378,0.000000
3994750,55.5616,5,Middle_Bend,BEND MIDDLE ONLY,5.5616,2853,2784,2827,3086,2862,3009,2799,7810.144928,7220.137300,7580.283912,10398.810704,7891.970803,9420.441989,7343.055556,-0.042775,0.049580,0.163845,0.207347,0.037554,0.215962,-0.001128
3994800,55.6238,5,Middle_Bend,BEND MIDDLE ONLY,5.6238,2860,2789,2816,3075,2855,2992,2789,7873.684211,7260.796325,7485.848319,10250.000000,7828.225806,9222.846782,7260.796325,-0.034988,0.055491,0.149346,0.190070,0.029173,0.190457,-0.012318
3994850,55.6659,5,Middle_Bend,BEND MIDDLE ONLY,5.6659,2860,2785,2805,3080,2855,2992,2798,7873.684211,7228.244275,7393.023256,10317.241379,7828.225806,9222.846782,7334.772552,-0.034988,0.050759,0.135094,0.197877,0.029173,0.190457,-0.002255
3994900,55.7077,5,Middle_Bend,BEND MIDDLE ONLY,5.7077,2849,2784,2787,3092,2863,3009,2798,7774.157303,7220.137300,7244.495413,10481.355932,7901.136364,9420.441989,7334.772552,-0.047186,0.049580,0.112290,0.216931,0.038759,0.215962,-0.002255
3994950,55.7701,5,Middle_Bend,BEND MIDDLE ONLY,5.7701,2857,2785,2795,3098,2862,2992,2787,7846.365105,7228.244275,7310.000000,10564.894684,7891.970803,9222.846782,7244.495413,-0.038336,0.050759,0.122347,0.226630,0.037554,0.190457,-0.014536
3995000,55.7908,5,Middle_Bend,BEND MIDDLE ONLY,5.7908,2856,2781,2793,3091,2854,3010,2796,7837.288136,7195.890411,7293.548387,10467.529880,7819.178082,9432.258065,7318.244804,-0.039449,0.046056,0.119821,0.215326,0.027984,0.217487,-0.004503
3995050,55.8535,5,Middle_Bend,BEND MIDDLE ONLY,5.8535,2838,2780,2832,3119,2862,3012,2795,7676.372315,7187.832700,7623.752969,10865.368852,7891.970803,9455.955679,7310.000000,-0.059171,0.044884,0.170519,0.261517,0.037554,0.220546,-0.005625
3995100,55.9165,5,Middle_Bend,BEND MIDDLE ONLY,5.9165,2851,2784,2829,3126,2859,2985,2783,7792.122186,7220.137300,7597.630332,10968.421053,7864.563107,9143.243243,7212.042683,-0.044984,0.049580,0.166508,0.273481,0.033951,0.180182,-0.018950
3995150,56.0819,5,Middle_Bend,BEND MIDDLE ONLY,6.0819,2845,2782,2801,3118,2852,2993,2794,7738.400000,7203.960396,7359.659969,10850.767656,7801.126307,9234.301270,7301.767871,-0.051568,0.047229,0.129972,0.259821,0.025611,0.191935,-0.006745
3995200,56.0820,5,Middle_Bend,BEND MIDDLE ONLY,6.0820,2834,2780,2824,3119,2860,2991,2793,7641.237113,7187.832700,7554.366640,10865.368852,7873.684211,9211.413043,7293.548387,-0.063477,0.044884,0.159866,0.261517,0.035150,0.188981,-0.007863
3995250,56.0820,5,Middle_Bend,BEND MIDDLE ONLY,6.0820,2843,2789,2812,3125,2858,2958,2782,7720.607029,7260.796325,7451.909587,10953.608247,7855.456750,8845.382586,7203.960396,-0.053749,0.055491,0.144135,0.271761,0.032753,0.141735,-0.020050
3995300,56.1031,5,Middle_Bend,BEND MIDDLE ONLY,6.1031,2840,2787,2808,3112,2851,2959,2795,7694.023904,7244.495413,7418.181818,10763.784334,7792.122186,8856.161972,7310.000000,-0.057007,0.053121,0.138957,0.249722,0.024427,0.143126,-0.005625
3995350,56.1870,5,Middle_Bend,BEND MIDDLE ONLY,6.1870,2831,2783,2829,3116,2863,2990,2793,7615.031646,7212.042683,7597.630332,10821.654750,7901.136364,9200.000000,7293.548387,-0.066689,0.048404,0.166508,0.256441,0.038759,0.187508,-0.007863
3995400,56.2072,5,Middle_Bend,BEND MIDDLE ONLY,6.2072,2840,2782,2810,3113,2859,2960,2783,7694.023904,7203.960396,7435.019455,10778.207739,7864.563107,8866.960352,7212.042683,-0.057007,0.047229,0.141542,0.251397,0.033951,0.144520,-0.018950
3995450,56.2696,5,Middle_Bend,BEND MIDDLE ONLY,6.2696,2839,2781,2785,3083,2853,2972,2794,7685.191083,7195.890411,7228.244275,10357.905138,7810.144928,8998.040962,7301.767871,-0.058090,0.046056,0.109794,0.202598,0.026796,0.161439,-0.006745
3995500,56.3121,5,Middle_Bend,BEND MIDDLE ONLY,6.3121,2830,2774,2801,3077,2860,2990,2791,7606.324111,7139.742619,7359.659969,10276.817289,7873.684211,9200.000000,7277.147239,-0.067756,0.037893,0.129972,0.193183,0.035150,0.187508,-0.010094
3995550,56.3745,5,Middle_Bend,BEND MIDDLE ONLY,6.3745,2842,2779,2799,3088,2862,2992,2783,7711.731844,7179.787234,7343.055556,10426.216485,7891.970803,9222.846782,7212.042683,-0.054837,0.043715,0.127422,0.210529,0.037554,0.190457,-0.018950
3995600,56.4169,5,Middle_Bend,BEND MIDDLE ONLY,6.4169,2840,2776,2790,3082,2850,2996,2794,7694.023904,7155.724033,7268.965517,10344.323791,7783.132530,9268.789809,7301.767871,-0.057007,0.040217,0.116047,0.201021,0.023245,0.196387,-0.006745
3995650,56.5808,5,Middle_Bend,BEND MIDDLE ONLY,6.5808,2832,2775,2811,3099,2859,2998,2792,7623.752969,7147.727273,7443.457944,10578.915663,7864.563107,9291.886964,7285.341520,-0.065620,0.039054,0.142838,0.228258,0.033951,0.199368,-0.008979
3995700,56.5808,5,Middle_Bend,BEND MIDDLE ONLY,6.5808,2839,2777,2800,3085,2858,2968,2782,7685.191083,7163.732929,7351.351351,10385.148515,7855.456750,8954.037267,7203.960396,-0.058090,0.041381,0.128696,0.205761,0.032753,0.155760,-0.020050
3995750,56.5809,5,Middle_Bend,BEND MIDDLE ONLY,6.5809,2839,2778,2796,3075,2852,2985,2793,7685.191083,7171.753986,7318.244804,10250.000000,7801.126307,9143.243243,7293.548387,-0.058090,0.042547,0.123613,0.190070,0.025611,0.180182,-0.007863
3995800,56.6016,5,Middle_Bend,BEND MIDDLE ONLY,6.6016,2832,2774,2800,3080,2863,2977,2791,7623.752969,7139.742619,7351.351351,10317.241379,7901.136364,9053.488372,7277.147239,-0.065620,0.037893,0.128696,0.197877,0.038759,0.168596,-0.010094
3995850,56.6428,5,Middle_Bend,BEND MIDDLE ONLY,6.6428,2839,2780,2801,3091,2864,2993,2782,7685.191083,7187.832700,7359.659969,10467.529880,7910.316816,9234.301270,7203.960396,-0.058090,0.044884,0.129972,0.215326,0.039966,0.191935,-0.020050
3995900,56.7056,5,Middle_Bend,BEND MIDDLE ONLY,6.7056,2840,2778,2792,3084,2851,3000,2795,7694.023904,7171.753986,7285.341520,10371.513353,7792.122186,9315.068493,7310.000000,-0.057007,0.042547,0.118561,0.204178,0.024427,0.202360,-0.005625
3995950,56.7677,5,Middle_Bend,BEND MIDDLE ONLY,6.7677,2830,2762,2807,3102,2862,2992,2792,7606.324111,7044.861215,7409.782609,10621.148036,7891.970803,9222.846782,7285.341520,-0.067756,0.024101,0.137667,0.233161,0.037554,0.190457,-0.008979
3996000,56.8103,5,Middle_Bend,BEND MIDDLE ONLY,6.8103,2837,2774,2829,3109,2863,2968,2782,7667.567568,7139.742619,7597.630332,10720.689655,7901.136364,8954.037267,7203.960396,-0.060250,0.037893,0.166508,0.244719,0.038759,0.155760,-0.020050
3996050,56.8527,5,Middle_Bend,BEND MIDDLE ONLY,6.8527,2837,2774,2815,3127,2855,2996,2794,7667.567568,7139.742619,7477.343750,10983.264463,7828.225806,9268.789809,7301.767871,-0.060250,0.037893,0.148040,0.275205,0.029173,0.196387,-0.006745
3996100,56.8949,5,Middle_Bend,BEND MIDDLE ONLY,6.8949,2831,2776,2809,3135,2866,2994,2794,7615.031646,7155.724033,7426.594090,11103.125000,7928.722539,9245.776567,7301.767871,-0.066689,0.040217,0.140248,0.289121,0.042386,0.193416,-0.006745
3996150,57.1085,5,Middle_Bend,BEND MIDDLE ONLY,7.1085,2837,2782,2818,3147,2865,2987,2783,7667.567568,7203.960396,7502.897416,11286.708861,7919.512195,9165.884477,7212.042683,-0.060250,0.047229,0.151964,0.310436,0.041175,0.183104,-0.018950
3996200,57.1088,5,Middle_Bend,BEND MIDDLE ONLY,7.1088,2836,2791,2828,3146,2857,2964,2796,7658.776807,7277.147239,7588.950276,11271.232877,7846.365105,8910.344828,7318.244804,-0.061327,0.057868,0.165176,0.308639,0.031558,0.150120,-0.004503
3996250,57.1088,5,Middle_Bend,BEND MIDDLE ONLY,7.1088,2829,2780,2812,3156,2865,2978,2794,7597.630332,7187.832700,7451.909587,11427.476038,7919.512195,9064.637422,7301.767871,-0.068821,0.044884,0.144135,0.326780,0.041175,0.170036,-0.006745
3996300,57.1298,5,Middle_Bend,BEND MIDDLE ONLY,7.1298,2836,2783,2814,3171,2863,2997,2783,7658.776807,7212.042683,7468.852459,11668.181818,7901.136364,9280.327869,7212.042683,-0.061327,0.048404,0.146736,0.354727,0.038759,0.197876,-0.018950
3996350,57.1299,5,Middle_Bend,BEND MIDDLE ONLY,7.1299,2836,2780,2806,3158,2855,3009,2795,7658.776807,7187.832700,7401.396431,11459.124867,7828.225806,9420.441989,7310.000000,-0.061327,0.044884,0.136380,0.330454,0.029173,0.215962,-0.005625
3996400,57.2140,5,Middle_Bend,BEND MIDDLE ONLY,7.2140,2826,2770,2815,3176,2861,3001,2793,7571.631206,7107.924528,7477.343750,11750.163221,7882.820097,9326.691042,7293.548387,-0.072008,0.033268,0.148040,0.364245,0.036351,0.203861,-0.007863
3996450,57.2562,5,Middle_Bend,BEND MIDDLE ONLY,7.2562,2835,2780,2807,3188,2857,2984,2782,7650.000000,7187.832700,7409.782609,11950.606395,7846.365105,9131.953195,7203.960396,-0.062403,0.044884,0.137667,0.387517,0.031558,0.178724,-0.020050
3996500,57.2981,5,Middle_Bend,BEND MIDDLE ONLY,7.2981,2835,2775,2799,3152,2850,2997,2794,7650.000000,7147.727273,7343.055556,11364.581124,7783.132530,9280.327869,7301.767871,-0.062403,0.039054,0.127422,0.319477,0.023245,0.197876,-0.006745
3996550,57.3394,5,Middle_Bend,BEND MIDDLE ONLY,7.3394,2834,2771,2827,3161,2863,2969,2792,7641.237113,7115.861027,7580.283912,11506.852248,7901.136364,8965.008881,7285.341520,-0.063477,0.034422,0.163845,0.335996,0.038759,0.157176,-0.008979
3996600,57.4023,5,Middle_Bend,BEND MIDDLE ONLY,7.4023,2841,2772,2820,3207,2861,2954,2782,7702.870813,7123.809524,7520.000000,12279.054054,7882.820097,8802.453988,7203.960396,-0.055923,0.035577,0.154589,0.425652,0.036351,0.136194,-0.020050
3996650,57.4434,5,Middle_Bend,BEND MIDDLE ONLY,7.4434,2837,2769,2792,3215,2858,2983,2794,7667.567568,7100.000000,7285.341520,12421.590909,7855.456750,9120.683453,7301.767871,-0.060250,0.032116,0.118561,0.442201,0.032753,0.177270,-0.006745
3996700,57.6130,5,Middle_Bend,BEND MIDDLE ONLY,7.6130,2834,2772,2801,3191,2864,2987,2794,7641.237113,7123.809524,7359.659969,12001.548673,7910.316816,9165.884477,7301.767871,-0.063477,0.035577,0.129972,0.393432,0.039966,0.183104,-0.006745
3996750,57.6131,5,Middle_Bend,BEND MIDDLE ONLY,7.6131,2843,2797,2825,3198,2861,2968,2786,7720.607029,7326.502311,7562.992126,12121.739130,7882.820097,8954.037267,7236.363636,-0.053749,0.065042,0.161190,0.407387,0.036351,0.155760,-0.015642
3996800,57.6334,5,Middle_Bend,BEND MIDDLE ONLY,7.6334,2862,2788,2809,3160,2859,2976,2804,7891.970803,7252.639633,7426.594090,11490.909091,7864.563107,9042.359249,7384.663052,-0.032747,0.054305,0.140248,0.334144,0.033951,0.167160,0.004531
3996850,57.6544,5,Middle_Bend,BEND MIDDLE ONLY,7.6544,2858,2775,2821,3148,2868,2974,2805,7855.456750,7147.727273,7528.571429,11302.217529,7947.188264,9020.160571,7393.023256,-0.037222,0.039054,0.155905,0.312237,0.044813,0.164295,0.005669
3996900,57.6967,5,Middle_Bend,BEND MIDDLE ONLY,7.6967,2863,2777,2830,3134,2865,2949,2790,7901.136364,7163.732929,7606.324111,11088.033299,7919.512195,8749.214660,7268.965517,-0.031623,0.041381,0.167843,0.287369,0.041175,0.129322,-0.011207
3996950,57.7381,5,Middle_Bend,BEND MIDDLE ONLY,7.7381,2861,2774,2828,3144,2856,2960,2800,7882.820097,7139.742619,7588.950276,11240.378549,7837.288136,8866.960352,7351.351351,-0.033868,0.037893,0.165176,0.305057,0.030365,0.144520,0.000000
3997000,57.8009,5,Middle_Bend,BEND MIDDLE ONLY,7.8009,2848,2758,2849,3160,2864,2981,2799,7765.196472,7013.612565,7774.157303,11490.909091,7910.316816,9098.204668,7343.055556,-0.048284,0.019558,0.193612,0.334144,0.039966,0.174368,-0.001128
3997050,57.8631,5,Middle_Bend,BEND MIDDLE ONLY,7.8631,2855,2759,2845,3136,2865,2973,2790,7828.225806,7021.407186,7738.400000,11118.248175,7919.512195,9009.090909,7268.965517,-0.040559,0.020691,0.188122,0.290877,0.041175,0.162866,-0.011207
3997100,57.9042,5,Middle_Bend,BEND MIDDLE ONLY,7.9042,2861,2756,2829,3136,2857,2983,2801,7882.820097,6998.058252,7597.630332,11118.248175,7846.365105,9120.683453,7359.659969,-0.033868,0.017297,0.166508,0.290877,0.031558,0.177270,0.001130
3997150,58.1172,5,Middle_Bend,BEND MIDDLE ONLY,8.1172,2861,2749,2839,3146,2863,2962,2799,7882.820097,6943.982169,7685.191083,11271.232877,7901.136364,8888.614298,7343.055556,-0.033868,0.009436,0.179952,0.308639,0.038759,0.147315,-0.001128
3997200,58.1175,5,Middle_Bend,BEND MIDDLE ONLY,8.1175,2867,2758,2832,3138,2864,2958,2789,7937.947883,7013.612565,7623.752969,11148.589342,7910.316816,8845.382586,7260.796325,-0.027112,0.019558,0.170519,0.294400,0.039966,0.141735,-0.012318
3997250,58.1176,5,Middle_Bend,BEND MIDDLE ONLY,8.1176,2865,2753,2821,3127,2857,2990,2800,7919.512195,6974.813711,7528.571429,10983.264463,7846.365105,9200.000000,7351.351351,-0.029371,0.013918,0.155905,0.275205,0.031558,0.187508,0.000000
3997300,58.1387,5,Middle_Bend,BEND MIDDLE ONLY,8.1387,2866,2743,2827,3132,2864,2996,2799,7928.722539,6898.076923,7580.283912,11057.943925,7910.316816,9268.789809,7343.055556,-0.028242,0.002763,0.163845,0.283875,0.039966,0.196387,-0.001128
3997350,58.1799,5,Middle_Bend,BEND MIDDLE ONLY,8.1799,2864,2750,2844,3119,2862,2983,2793,7910.316816,6951.672862,7729.496403,10865.368852,7891.970803,9120.683453,7293.548387,-0.030498,0.010554,0.186755,0.261517,0.037554,0.177270,-0.007863
3997400,58.2218,5,Middle_Bend,BEND MIDDLE ONLY,8.2218,2859,2750,2838,3115,2854,2983,2800,7864.563107,6951.672862,7676.372315,10807.142857,7819.178082,9120.683453,7351.351351,-0.036106,0.010554,0.178598,0.254756,0.027984,0.177270,0.000000
3997450,58.2624,5,Middle_Bend,BEND MIDDLE ONLY,8.2624,2854,2740,2847,3123,2863,2982,2800,7819.178082,6875.276753,7756.250000,10924.074074,7901.136364,9109.433962,7351.351351,-0.041668,-0.000552,0.190862,0.268332,0.038759,0.175818,0.000000
3997500,58.3045,5,Middle_Bend,BEND MIDDLE ONLY,8.3045,2864,2751,2842,3124,2864,2976,2789,7910.316816,6959.375000,7711.731844,10938.825953,7910.316816,9042.359249,7260.796325,-0.030498,0.011674,0.184027,0.270045,0.039966,0.167160,-0.012318
3997550,58.3665,5,Middle_Bend,BEND MIDDLE ONLY,8.3665,2862,2751,2832,3135,2857,2997,2799,7891.970803,6959.375000,7623.752969,11103.125000,7846.365105,9280.327869,7343.055556,-0.032747,0.011674,0.170519,0.289121,0.031558,0.197876,-0.001128
3997600,58.3873,5,Middle_Bend,BEND MIDDLE ONLY,8.3873,2852,2747,2865,3144,2864,3004,2796,7801.126307,6928.635015,7919.512195,11240.378549,7910.316816,9361.686526,7318.244804,-0.043881,0.007205,0.215929,0.305057,0.039966,0.208378,-0.004503
3997650,58.4289,5,Middle_Bend,BEND MIDDLE ONLY,8.4289,2864,2761,2844,3117,2864,2985,2787,7910.316816,7037.031484,7729.496403,10836.196319,7910.316816,9143.243243,7244.495413,-0.030498,0.022962,0.186755,0.258129,0.039966,0.180182,-0.014536
3997700,58.5978,5,Middle_Bend,BEND MIDDLE ONLY,8.5978,2863,2755,2842,3126,2856,2991,2798,7901.136364,6990.298507,7711.731844,10968.421053,7837.288136,9211.413043,7334.772552,-0.031623,0.016169,0.184027,0.273481,0.030365,0.188981,-0.002255
3997750,58.5978,5,Middle_Bend,BEND MIDDLE ONLY,8.5978,2850,2743,2838,3132,2864,2983,2795,7783.132530,6898.076923,7676.372315,11057.943925,7910.316816,9120.683453,7310.000000,-0.046086,0.002763,0.178598,0.283875,0.039966,0.177270,-0.005625
3997800,58.5979,5,Middle_Bend,BEND MIDDLE ONLY,8.5979,2859,2750,2837,3115,2863,2979,2785,7864.563107,6951.672862,7667.567568,10807.142857,7901.136364,9075.806452,7228.244275,-0.036106,0.010554,0.177246,0.254756,0.038759,0.171477,-0.016746
3997850,58.6394,5,Middle_Bend,BEND MIDDLE ONLY,8.6394,2856,2750,2819,3099,2853,2995,2797,7837.288136,6951.672862,7511.442006,10578.915663,7810.144928,9257.272727,7326.502311,-0.039449,0.010554,0.153275,0.228258,0.026796,0.194900,-0.003380
3997900,58.6810,5,Middle_Bend,BEND MIDDLE ONLY,8.6810,2844,2742,2838,3090,2865,2992,2797,7729.496403,6890.465632,7676.372315,10453.731343,7919.512195,9222.846782,7326.502311,-0.052660,0.001656,0.178598,0.213724,0.041175,0.190457,-0.003380
3997950,58.7646,5,Middle_Bend,BEND MIDDLE ONLY,8.7646,2848,2749,2844,3090,2862,2980,2787,7765.196472,6943.982169,7729.496403,10453.731343,7891.970803,9086.995516,7244.495413,-0.048284,0.009436,0.186755,0.213724,0.037554,0.172921,-0.014536
3998000,58.8064,5,Middle_Bend,BEND MIDDLE ONLY,8.8064,2848,2746,2829,3064,2854,2994,2798,7765.196472,6920.978503,7597.630332,10104.364694,7819.178082,9245.776567,7334.772552,-0.048284,0.006092,0.166508,0.173161,0.027984,0.193416,-0.002255
3998050,58.8478,5,Middle_Bend,BEND MIDDLE ONLY,8.8478,2838,2741,2834,3080,2861,2989,2796,7676.372315,6882.865583,7641.237113,10317.241379,7882.820097,9188.607595,7318.244804,-0.059171,0.000552,0.173204,0.197877,0.036351,0.186037,-0.004503
3998100,58.9107,5,Middle_Bend,BEND MIDDLE ONLY,8.9107,2848,2749,2819,3069,2862,2980,2785,7765.196472,6943.982169,7511.442006,10170.175439,7891.970803,9086.995516,7228.244275,-0.048284,0.009436,0.153275,0.180802,0.037554,0.172921,-0.016746
3998150,58.9321,5,Middle_Bend,BEND MIDDLE ONLY,8.9321,2848,2745,2815,3067,2850,3004,2798,7765.196472,6913.333333,7477.343750,10143.774319,7783.132530,9361.686526,7334.772552,-0.048284,0.004981,0.148040,0.177736,0.023245,0.208378,-0.002255
3998200,59.1282,5,Middle_Bend,BEND MIDDLE ONLY,9.1282,2837,2737,2832,3063,2863,2972,2798,7667.567568,6852.577320,7623.752969,10091.279070,7901.136364,8998.040962,7334.772552,-0.060250,-0.003851,0.170519,0.171641,0.038759,0.161439,-0.002255
3998250,59.1286,5,Middle_Bend,BEND MIDDLE ONLY,9.1286,2847,2747,2837,3058,2863,2967,2786,7756.250000,6928.635015,7667.567568,10026.229508,7901.136364,8943.085106,7236.363636,-0.049381,0.007205,0.177246,0.164089,0.038759,0.154346,-0.015642
3998300,59.1287,5,Middle_Bend,BEND MIDDLE ONLY,9.1287,2845,2750,2827,3059,2857,3012,2798,7738.400000,6951.672862,7580.283912,10039.189189,7846.365105,9455.955679,7334.772552,-0.051568,0.010554,0.163845,0.165593,0.031558,0.220546,-0.002255
3998350,59.1492,5,Middle_Bend,BEND MIDDLE ONLY,9.1492,2836,2742,2829,3085,2863,3001,2796,7658.776807,6890.465632,7597.630332,10385.148515,7901.136364,9326.691042,7318.244804,-0.061327,0.001656,0.166508,0.205761,0.038759,0.203861,-0.004503
3998400,59.2126,5,Middle_Bend,BEND MIDDLE ONLY,9.2126,2848,2749,2824,3085,2865,2977,2786,7765.196472,6943.982169,7554.366640,10385.148515,7919.512195,9053.488372,7236.363636,-0.048284,0.009436,0.159866,0.205761,0.041175,0.168596,-0.015642
3998450,59.2549,5,Middle_Bend,BEND MIDDLE ONLY,9.2549,2849,2744,2803,3071,2861,2996,2796,7774.157303,6905.699482,7376.315789,10196.679688,7882.820097,9268.789809,7318.244804,-0.047186,0.003871,0.132529,0.183879,0.036351,0.196387,-0.004503
3998500,59.3393,5,Middle_Bend,BEND MIDDLE ONLY,9.3393,2840,2736,2832,3125,2866,2991,2790,7694.023904,6845.033113,7623.752969,10953.608247,7928.722539,9211.413043,7268.965517,-0.057007,-0.004948,0.170519,0.271761,0.042386,0.188981,-0.011207
3998550,59.3807,5,Middle_Bend,BEND MIDDLE ONLY,9.3807,2850,2742,2826,3119,2864,2981,2783,7783.132530,6890.465632,7571.631206,10865.368852,7910.316816,9098.204668,7212.042683,-0.046086,0.001656,0.162517,0.261517,0.039966,0.174368,-0.018950
3998600,59.4224,5,Middle_Bend,BEND MIDDLE ONLY,9.4224,2851,2743,2830,3102,2852,2987,2795,7792.122186,6898.076923,7606.324111,10621.148036,7801.126307,9165.884477,7310.000000,-0.044984,0.002763,0.167843,0.233161,0.025611,0.183104,-0.005625
3998650,59.4647,5,Middle_Bend,BEND MIDDLE ONLY,9.4647,2843,2732,2858,3108,2863,2987,2792,7720.607029,6814.966985,7855.456750,10706.382979,7901.136364,9165.884477,7285.341520,-0.053749,-0.009319,0.206094,0.243058,0.038759,0.183104,-0.008979
3998700,59.6144,5,Middle_Bend,BEND MIDDLE ONLY,9.6144,2857,2745,2852,3109,2861,2964,2779,7846.365105,6913.333333,7801.126307,10720.689655,7882.820097,8910.344828,7179.787234,-0.038336,0.004981,0.197752,0.244719,0.036351,0.150120,-0.023338
3998750,59.6145,5,Middle_Bend,BEND MIDDLE ONLY,9.6145,2847,2743,2834,3053,2849,2983,2791,7756.250000,6898.076923,7641.237113,9961.804223,7774.157303,9120.683453,7277.147239,-0.049381,0.002763,0.173204,0.156609,0.022065,0.177270,-0.010094
3998800,59.6145,5,Middle_Bend,BEND MIDDLE ONLY,9.6145,2840,2736,2836,3085,2861,2983,2789,7694.023904,6845.033113,7658.776807,10385.148515,7882.820097,9120.683453,7260.796325,-0.057007,-0.004948,0.175897,0.205761,0.036351,0.177270,-0.012318
3998850,59.6771,5,Middle_Bend,BEND MIDDLE ONLY,9.6771,2848,2743,2835,3067,2859,2974,2778,7765.196472,6898.076923,7650.000000,10143.774319,7864.563107,9020.160571,7171.753986,-0.048284,0.002763,0.174549,0.177736,0.033951,0.164295,-0.024431
3998900,59.7183,5,Middle_Bend,BEND MIDDLE ONLY,9.7183,2846,2739,2832,3047,2845,2990,2792,7747.317854,6867.699115,7623.752969,9885.305344,7738.400000,9200.000000,7285.341520,-0.050475,-0.001653,0.170519,0.147727,0.017364,0.187508,-0.008979
3998950,59.7601,5,Middle_Bend,BEND MIDDLE ONLY,9.7601,2835,2731,2834,3048,2854,2988,2789,7650.000000,6807.478006,7641.237113,9897.994269,7819.178082,9177.235772,7260.796325,-0.062403,-0.010407,0.173204,0.149200,0.027984,0.184569,-0.012318
3999000,59.8015,5,Middle_Bend,BEND MIDDLE ONLY,9.8015,2847,2737,2832,3027,2855,2975,2778,7756.250000,6852.577320,7623.752969,9636.516854,7828.225806,9031.250000,7171.753986,-0.049381,-0.003851,0.170519,0.118841,0.029173,0.165726,-0.024431
3999050,59.8643,5,Middle_Bend,BEND MIDDLE ONLY,9.8643,2844,2739,2816,3008,2848,2981,2789,7729.496403,6867.699115,7485.848319,9408.647654,7765.196472,9098.204668,7260.796325,-0.052660,-0.001653,0.149346,0.092385,0.020887,0.174368,-0.012318
3999100,59.8849,5,Middle_Bend,BEND MIDDLE ONLY,9.8849,2837,2732,2832,3020,2860,2994,2791,7667.567568,6814.966985,7623.752969,9551.627907,7873.684211,9245.776567,7277.147239,-0.060250,-0.009319,0.170519,0.108985,0.035150,0.193416,-0.010094
3999150,59.9467,5,Middle_Bend,BEND MIDDLE ONLY,9.9467,2847,2738,2818,3040,2854,2988,2782,7756.250000,6860.132646,7502.897416,9797.156398,7819.178082,9177.235772,7203.960396,-0.049381,-0.002753,0.151964,0.137492,0.027984,0.184569,-0.020050
3999200,60.1288,6,Open_4,OPEN HAND - relax,0.1288,2845,2736,2801,3036,2845,2994,2793,7738.400000,6845.033113,7359.659969,9747.308782,7738.400000,9245.776567,7293.548387,-0.051568,-0.004948,0.129972,0.131705,0.017364,0.193416,-0.007863
3999250,60.1291,6,Open_4,OPEN HAND - relax,0.1291,2832,2726,2812,3041,2854,2993,2790,7623.752969,6770.197224,7451.909587,9809.677419,7819.178082,9234.301270,7268.965517,-0.065620,-0.015827,0.144135,0.138946,0.027984,0.191935,-0.011207
3999300,60.1292,6,Open_4,OPEN HAND - relax,0.1292,2842,2735,2817,3030,2853,2980,2781,7711.731844,6837.500000,7494.366197,9673.239437,7810.144928,9086.995516,7195.890411,-0.054837,-0.006043,0.150654,0.123105,0.026796,0.172921,-0.021147
3999350,60.1292,6,Open_4,OPEN HAND - relax,0.1292,2839,2733,2801,3011,2846,2983,2792,7685.191083,6822.466960,7359.659969,9444.095941,7747.317854,9120.683453,7285.341520,-0.058090,-0.008228,0.129972,0.096501,0.018536,0.177270,-0.008979
3999400,60.2133,6,Open_4,OPEN HAND - relax,0.2133,2829,2724,2814,3035,2856,2975,2791,7597.630332,6755.361050,7468.852459,9734.905660,7837.288136,9031.250000,7277.147239,-0.068821,-0.017984,0.146736,0.130265,0.030365,0.165726,-0.010094
3999450,60.2760,6,Open_4,OPEN HAND - relax,0.2760,2835,2734,2792,3039,2853,2962,2779,7650.000000,6829.977957,7285.341520,9784.659091,7810.144928,8888.614298,7179.787234,-0.062403,-0.007137,0.118561,0.136041,0.026796,0.147315,-0.023338
3999500,60.3172,6,Open_4,OPEN HAND - relax,0.3172,2833,2735,2801,3009,2847,2984,2792,7632.488114,6837.500000,7359.659969,9420.441989,7756.250000,9131.953195,7285.341520,-0.064549,-0.006043,0.129972,0.093754,0.019711,0.178724,-0.008979
3999550,60.3587,6,Open_4,OPEN HAND - relax,0.3587,2828,2728,2824,3024,2857,2972,2790,7588.950276,6785.076811,7554.366640,9600.000000,7846.365105,8998.040962,7268.965517,-0.069885,-0.013664,0.159866,0.114602,0.031558,0.161439,-0.011207
3999600,60.4217,6,Open_4,OPEN HAND - relax,0.4217,2838,2732,2851,3022,2856,2967,2782,7676.372315,6814.966985,7792.122186,9575.768872,7837.288136,8943.085106,7203.960396,-0.059171,-0.009319,0.196370,0.111788,0.030365,0.154346,-0.020050
3999650,60.4428,6,Open_4,OPEN HAND - relax,0.4428,2836,2747,2803,3021,2845,2981,2793,7658.776807,6928.635015,7376.315789,9563.687151,7738.400000,9098.204668,7293.548387,-0.061327,0.007205,0.132529,0.110386,0.017364,0.174368,-0.007863
3999700,60.6327,6,Open_4,OPEN HAND - relax,0.6327,2827,2759,2827,3023,2856,2974,2793,7580.283912,7021.407186,7580.283912,9587.873134,7837.288136,9020.160571,7293.548387,-0.070947,0.020691,0.163845,0.113194,0.030365,0.164295,-0.007863
3999750,60.6328,6,Open_4,OPEN HAND - relax,0.6328,2836,2777,2833,3078,2859,2987,2783,7658.776807,7163.732929,7632.488114,10290.265487,7864.563107,9165.884477,7212.042683,-0.061327,0.041381,0.171860,0.194745,0.033951,0.183104,-0.018950
3999800,60.6328,6,Open_4,OPEN HAND - relax,0.6328,2840,2783,2841,3113,2850,3055,2795,7694.023904,7212.042683,7702.870813,10778.207739,7783.132530,9987.500000,7310.000000,-0.057007,0.048404,0.182667,0.251397,0.023245,0.289156,-0.005625
3999850,60.6534,6,Open_4,OPEN HAND - relax,0.6534,2832,2784,2901,3147,2862,3058,2791,7623.752969,7220.137300,8260.804020,11286.708861,7891.970803,10026.229508,7277.147239,-0.065620,0.049580,0.268329,0.310436,0.037554,0.294155,-0.010094
3999900,60.6956,6,Open_4,OPEN HAND - relax,0.6956,2842,2794,2915,3142,2864,3076,2782,7711.731844,7301.767871,8399.152542,11209.653725,7910.316816,10263.395486,7203.960396,-0.054837,0.061447,0.289571,0.301489,0.039966,0.324768,-0.020050
3999950,60.7376,6,Open_4,OPEN HAND - relax,0.7376,2840,2795,2909,3165,2857,3034,2796,7694.023904,7310.000000,8339.460371,11570.967742,7846.365105,9722.525919,7318.244804,-0.057007,0.062643,0.280406,0.343440,0.031558,0.254954,-0.004503
4000000,60.8002,6,Open_4,OPEN HAND - relax,0.8002,2832,2779,2946,3148,2863,3024,2794,7623.752969,7179.787234,8717.493473,11302.217529,7901.136364,9600.000000,7301.767871,-0.065620,0.043715,0.338448,0.312237,0.038759,0.239139,-0.006745
4000050,60.8635,6,Open_4,OPEN HAND - relax,0.8635,2840,2787,2954,3113,2867,3028,2783,7694.023904,7244.495413,8802.453988,10778.207739,7937.947883,9648.734770,7212.042683,-0.057007,0.053121,0.351492,0.251397,0.043598,0.245429,-0.018950
4000100,60.8849,6,Open_4,OPEN HAND - relax,0.8849,2841,2786,2937,3114,2858,3015,2795,7702.870813,7236.363636,8623.316062,10792.660550,7855.456750,9491.666667,7310.000000,-0.055923,0.051939,0.323988,0.253075,0.032753,0.225155,-0.005625
4000150,60.9483,6,Open_4,OPEN HAND - relax,0.9483,2830,2776,2960,3133,2864,3025,2795,7606.324111,7155.724033,8866.960352,11072.972973,7910.316816,9612.149533,7310.000000,-0.067756,0.040217,0.361396,0.285620,0.039966,0.240707,-0.005625
4000200,61.1573,6,Open_4,OPEN HAND - relax,1.1573,2837,2782,2936,3132,2864,2997,2790,7667.567568,7203.960396,8612.942192,11057.943925,7910.316816,9280.327869,7268.965517,-0.060250,0.047229,0.322395,0.283875,0.039966,0.197876,-0.011207
4000250,61.1573,6,Open_4,OPEN HAND - relax,1.1573,2834,2784,2922,3132,2857,2996,2800,7641.237113,7220.137300,8469.565217,11057.943925,7846.365105,9268.789809,7351.351351,-0.063477,0.049580,0.300382,0.283875,0.031558,0.196387,0.000000
4000300,61.1573,6,Open_4,OPEN HAND - relax,1.1573,2829,2773,2960,3136,2871,3001,2799,7597.630332,7131.770045,8866.960352,11118.248175,7975.000000,9326.691042,7343.055556,-0.068821,0.036734,0.361396,0.290877,0.048470,0.203861,-0.001128
4000350,61.1780,6,Open_4,OPEN HAND - relax,1.1780,2831,2784,2957,3147,2867,2973,2794,7615.031646,7220.137300,8834.622144,11286.708861,7937.947883,9009.090909,7301.767871,-0.066689,0.049580,0.356431,0.310436,0.043598,0.162866,-0.006745
4000400,61.1992,6,Open_4,OPEN HAND - relax,1.1992,2828,2782,2932,3131,2856,2990,2801,7588.950276,7203.960396,8571.625107,11042.946058,7837.288136,9200.000000,7359.659969,-0.069885,0.047229,0.316052,0.282134,0.030365,0.187508,0.001130
4000450,61.2614,6,Open_4,OPEN HAND - relax,1.2614,2811,2774,2925,3137,2870,2957,2801,7443.457944,7139.742619,8500.000000,11133.402923,7965.714286,8834.622144,7359.659969,-0.087717,0.037893,0.305055,0.292636,0.047249,0.140346,0.001130
4000500,61.3237,6,Open_4,OPEN HAND - relax,1.3237,2822,2785,2925,3115,2866,2962,2797,7537.156324,7228.244275,8500.000000,10807.142857,7928.722539,8888.614298,7326.502311,-0.076233,0.050759,0.305055,0.254756,0.042386,0.147315,-0.003380
4000550,61.3659,6,Open_4,OPEN HAND - relax,1.3659,2831,2800,2892,3116,2858,2965,2805,7615.031646,7351.351351,8173.566085,10821.654750,7855.456750,8921.238938,7393.023256,-0.066689,0.068655,0.254935,0.256441,0.032753,0.151526,0.005669
4000600,61.4078,6,Open_4,OPEN HAND - relax,1.4078,2829,2805,2896,3095,2864,2958,2806,7597.630332,7393.023256,8212.176814,10523.000000,7910.316816,8845.382586,7401.396431,-0.068821,0.074712,0.260863,0.221766,0.039966,0.141735,0.006808
4000650,61.4696,6,Open_4,OPEN HAND - relax,1.4696,2852,2819,2893,3120,2864,2967,2799,7801.126307,7511.442006,8183.194676,10880.000000,7910.316816,8943.085106,7343.055556,-0.043881,0.091927,0.256414,0.263215,0.039966,0.154346,-0.001128
4000700,61.5109,6,Open_4,OPEN HAND - relax,1.5109,2853,2809,2873,3119,2857,2965,2806,7810.144928,7426.594090,7993.617021,10865.368852,7846.365105,8921.238938,7401.396431,-0.042775,0.079593,0.227307,0.261517,0.031558,0.151526,0.006808
4000750,61.6775,6,Open_4,OPEN HAND - relax,1.6775,2844,2813,2873,3103,2864,2972,2812,7729.496403,7460.374415,7993.617021,10635.282258,7910.316816,8998.040962,7451.909587,-0.052660,0.084503,0.227307,0.234802,0.039966,0.161439,0.013679
4000800,61.6775,6,Open_4,OPEN HAND - relax,1.6775,2856,2830,2886,3097,2862,2951,2800,7837.288136,7606.324111,8116.129032,10550.901804,7891.970803,8770.454545,7351.351351,-0.039449,0.105720,0.246117,0.225006,0.037554,0.132063,0.000000
4000850,61.6775,6,Open_4,OPEN HAND - relax,1.6775,2859,2823,2881,3090,2848,2974,2809,7864.563107,7545.754717,8068.698517,10453.731343,7765.196472,9020.160571,7426.594090,-0.036106,0.096915,0.238834,0.213724,0.020887,0.164295,0.010235
4000900,61.6978,6,Open_4,OPEN HAND - relax,1.6978,2848,2815,2895,3108,2862,2968,2810,7765.196472,7477.343750,8202.500000,10706.382979,7891.970803,8954.037267,7435.019455,-0.048284,0.086970,0.259378,0.243058,0.037554,0.155760,0.011381
4000950,61.7606,6,Open_4,OPEN HAND - relax,1.7606,2864,2822,2875,3091,2862,2954,2798,7910.316816,7537.156324,8012.295082,10467.529880,7891.970803,8802.453988,7334.772552,-0.030498,0.095665,0.230174,0.215326,0.037554,0.136194,-0.002255
4001000,61.8018,6,Open_4,OPEN HAND - relax,1.8018,2863,2820,2878,3080,2850,2958,2808,7901.136364,7520.000000,8040.427280,10317.241379,7783.132530,8845.382586,7418.181818,-0.031623,0.093171,0.234494,0.197877,0.023245,0.141735,0.009091
4001050,61.8859,6,Open_4,OPEN HAND - relax,1.8859,2850,2815,2878,3120,2864,2958,2804,7783.132530,7477.343750,8040.427280,10880.000000,7910.316816,8845.382586,7384.663052,-0.046086,0.086970,0.234494,0.263215,0.039966,0.141735,0.004531
4001100,61.9280,6,Open_4,OPEN HAND - relax,1.9280,2860,2816,2867,3102,2863,2951,2797,7873.684211,7485.848319,7937.947883,10621.148036,7901.136364,8770.454545,7326.502311,-0.034988,0.088206,0.218759,0.233161,0.038759,0.132063,-0.003380
4001150,61.9698,6,Open_4,OPEN HAND - relax,1.9698,2859,2818,2861,3090,2851,2959,2801,7864.563107,7502.897416,7882.820097,10453.731343,7792.122186,8856.161972,7359.659969,-0.036106,0.090685,0.210295,0.213724,0.024427,0.143126,0.001130
4001200,62.0124,6,Open_4,OPEN HAND - relax,2.0124,2849,2813,2879,3097,2863,2958,2799,7774.157303,7460.374415,8049.835526,10550.901804,7901.136364,8845.382586,7343.055556,-0.047186,0.084503,0.235938,0.225006,0.038759,0.141735,-0.001128
4001250,62.1737,6,Open_4,OPEN HAND - relax,2.1737,2860,2818,2857,3122,2858,2939,2788,7873.684211,7502.897416,7846.365105,10909.352518,7855.456750,8644.117647,7252.639633,-0.034988,0.090685,0.204698,0.266623,0.032753,0.115756,-0.013428
4001300,62.1737,6,Open_4,OPEN HAND - relax,2.1737,2856,2814,2855,3088,2852,2932,2800,7837.288136,7468.852459,7828.225806,10426.216485,7801.126307,8571.625107,7351.351351,-0.039449,0.085736,0.201913,0.210529,0.025611,0.106399,0.000000
4001350,62.1737,6,Open_4,OPEN HAND - relax,2.1737,2846,2806,2858,3062,2855,2929,2799,7747.317854,7401.396431,7855.456750,10078.218780,7828.225806,8540.823328,7343.055556,-0.050475,0.075930,0.206094,0.170125,0.029173,0.102423,-0.001128
4001400,62.1941,6,Open_4,OPEN HAND - relax,2.1941,2855,2810,2870,3047,2855,2929,2790,7828.225806,7435.019455,7965.714286,9885.305344,7828.225806,8540.823328,7268.965517,-0.040559,0.080817,0.223023,0.147727,0.029173,0.102423,-0.011207
4001450,62.2569,6,Open_4,OPEN HAND - relax,2.2569,2849,2806,2837,3046,2849,2933,2797,7774.157303,7401.396431,7667.567568,9872.640610,7774.157303,8581.927711,7326.502311,-0.047186,0.075930,0.177246,0.146256,0.022065,0.107729,-0.003380
4001500,62.3194,6,Open_4,OPEN HAND - relax,2.3194,2841,2798,2844,3049,2858,2937,2798,7702.870813,7334.772552,7729.496403,9910.707457,7855.456750,8623.316062,7334.772552,-0.055923,0.066245,0.186755,0.150676,0.032753,0.113071,-0.002255
4001550,62.3614,6,Open_4,OPEN HAND - relax,2.3614,2845,2805,2856,3057,2861,2925,2785,7738.400000,7393.023256,7837.288136,10013.294798,7882.820097,8500.000000,7228.244275,-0.051568,0.074712,0.203305,0.162587,0.036351,0.097154,-0.016746
4001600,62.4039,6,Open_4,OPEN HAND - relax,2.4039,2842,2807,2857,3057,2854,2927,2798,7711.731844,7409.782609,7846.365105,10013.294798,7819.178082,8520.376712,7334.772552,-0.054837,0.077149,0.204698,0.162587,0.027984,0.099784,-0.002255
4001650,62.4675,6,Open_4,OPEN HAND - relax,2.4675,2837,2799,2874,3057,2862,2938,2795,7667.567568,7343.055556,8002.948403,10013.294798,7891.970803,8633.707865,7310.000000,-0.060250,0.067449,0.228739,0.162587,0.037554,0.114413,-0.005625
4001700,62.5093,6,Open_4,OPEN HAND - relax,2.5093,2847,2804,2875,3054,2860,2930,2785,7756.250000,7384.663052,8012.295082,9974.639769,7873.684211,8551.072961,7228.244275,-0.049381,0.073497,0.230174,0.158099,0.035150,0.103746,-0.016746
4001750,62.6952,6,Open_4,OPEN HAND - relax,2.6952,2842,2801,2859,3054,2852,2943,2798,7711.731844,7359.659969,7864.563107,9974.639769,7801.126307,8685.937500,7334.772552,-0.054837,0.069862,0.207492,0.158099,0.025611,0.121154,-0.002255
4001800,62.6953,6,Open_4,OPEN HAND - relax,2.6953,2834,2794,2881,3056,2861,2944,2796,7641.237113,7301.767871,8068.698517,10000.384986,7882.820097,8696.437880,7318.244804,-0.063477,0.061447,0.238834,0.161088,0.036351,0.122509,-0.004503
4001850,62.6953,6,Open_4,OPEN HAND - relax,2.6953,2847,2800,2879,3062,2859,2929,2784,7756.250000,7351.351351,8049.835526,10078.218780,7864.563107,8540.823328,7220.137300,-0.049381,0.068655,0.235938,0.170125,0.033951,0.102423,-0.017849
4001900,62.7164,6,Open_4,OPEN HAND - relax,2.7164,2845,2798,2862,3053,2848,2929,2794,7738.400000,7334.772552,7891.970803,9961.804223,7765.196472,8540.823328,7301.767871,-0.051568,0.066245,0.211700,0.156609,0.020887,0.102423,-0.006745
4001950,62.7372,6,Open_4,OPEN HAND - relax,2.7372,2838,2787,2864,3055,2863,2927,2794,7676.372315,7244.495413,7910.316816,9987.500000,7901.136364,8520.376712,7301.767871,-0.059171,0.053121,0.214517,0.159592,0.038759,0.099784,-0.006745
4002000,62.7996,6,Open_4,OPEN HAND - relax,2.7996,2845,2800,2891,3058,2863,2922,2784,7738.400000,7351.351351,8163.953488,10026.229508,7901.136364,8469.565217,7220.137300,-0.051568,0.068655,0.253459,0.164089,0.038759,0.093225,-0.017849
4002050,62.8828,6,Open_4,OPEN HAND - relax,2.8828,2843,2801,2865,3041,2855,2929,2795,7720.607029,7359.659969,7919.512195,9809.677419,7828.225806,8540.823328,7310.000000,-0.053749,0.069862,0.215929,0.138946,0.029173,0.102423,-0.005625
4002100,62.9251,6,Open_4,OPEN HAND - relax,2.9251,2832,2792,2880,3046,2862,2927,2789,7623.752969,7285.341520,8059.259259,9872.640610,7891.970803,8520.376712,7260.796325,-0.065620,0.059059,0.237385,0.146256,0.037554,0.099784,-0.012318
4002150,62.9458,6,Open_4,OPEN HAND - relax,2.9458,2839,2799,2876,3044,2862,2931,2782,7685.191083,7343.055556,8021.657096,9847.383444,7891.970803,8561.340206,7203.960396,-0.058090,0.067449,0.231612,0.143324,0.037554,0.105072,-0.020050
4002200,62.9881,6,Open_4,OPEN HAND - relax,2.9881,2841,2798,2866,3022,2850,2946,2793,7702.870813,7334.772552,7928.722539,9575.768872,7783.132530,8717.493473,7293.548387,-0.055923,0.066245,0.217343,0.111788,0.023245,0.125227,-0.007863
4002250,63.0510,6,Open_4,OPEN HAND - relax,3.0510,2836,2789,2881,3026,2861,2932,2792,7658.776807,7260.796325,8068.698517,9624.321796,7882.820097,8571.625107,7285.341520,-0.061327,0.055491,0.238834,0.117426,0.036351,0.106399,-0.008979
4002300,63.2100,6,Open_4,OPEN HAND - relax,3.2100,2843,2798,2866,3024,2860,2916,2781,7720.607029,7334.772552,7928.722539,9600.000000,7873.684211,8409.160305,7195.890411,-0.053749,0.066245,0.217343,0.114602,0.035150,0.085429,-0.021147
4002350,63.2101,6,Open_4,OPEN HAND - relax,3.2101,2845,2794,2864,3015,2848,2926,2792,7738.400000,7301.767871,7910.316816,9491.666667,7765.196472,8510.179641,7285.341520,-0.051568,0.061447,0.214517,0.102024,0.020887,0.098468,-0.008979
4002400,63.2101,6,Open_4,OPEN HAND - relax,3.2101,2832,2785,2870,3022,2857,2926,2793,7623.752969,7228.244275,7965.714286,9575.768872,7846.365105,8510.179641,7293.548387,-0.065620,0.050759,0.223023,0.111788,0.031558,0.098468,-0.007863
4002450,63.2514,6,Open_4,OPEN HAND - relax,3.2514,2845,2793,2867,3020,2857,2909,2782,7738.400000,7293.548387,7937.947883,9551.627907,7846.365105,8339.460371,7203.960396,-0.051568,0.060252,0.218759,0.108985,0.031558,0.076432,-0.020050
4002500,63.3141,6,Open_4,OPEN HAND - relax,3.3141,2842,2793,2851,3013,2847,2917,2793,7711.731844,7293.548387,7792.122186,9467.837338,7756.250000,8419.185059,7293.548387,-0.054837,0.060252,0.196370,0.099257,0.019711,0.086723,-0.007863
4002550,63.3344,6,Open_4,OPEN HAND - relax,3.3344,2833,2781,2867,3024,2858,2915,2791,7632.488114,7195.890411,7937.947883,9600.000000,7855.456750,8399.152542,7277.147239,-0.064549,0.046056,0.218759,0.114602,0.032753,0.084137,-0.010094
4002600,63.3972,6,Open_4,OPEN HAND - relax,3.3972,2842,2789,2864,3018,2858,2909,2781,7711.731844,7260.796325,7910.316816,9527.576602,7855.456750,8339.460371,7195.890411,-0.054837,0.055491,0.214517,0.106193,0.032753,0.076432,-0.021147
4002650,63.4386,6,Open_4,OPEN HAND - relax,3.4386,2838,2793,2849,3009,2848,2917,2791,7676.372315,7293.548387,7774.157303,9420.441989,7765.196472,8419.185059,7277.147239,-0.059171,0.060252,0.193612,0.093754,0.020887,0.086723,-0.010094
4002700,63.5022,6,Open_4,OPEN HAND - relax,3.5022,2830,2780,2856,3008,2858,2913,2787,7606.324111,7187.832700,7837.288136,9408.647654,7855.456750,8379.187817,7244.495413,-0.067756,0.044884,0.203305,0.092385,0.032753,0.081560,-0.014536
4002750,63.5440,6,Open_4,OPEN HAND - relax,3.5440,2837,2784,2854,3013,2857,2909,2778,7667.567568,7220.137300,7819.178082,9467.837338,7846.365105,8339.460371,7171.753986,-0.060250,0.049580,0.200524,0.099257,0.031558,0.076432,-0.024431
4002800,63.7240,6,Open_4,OPEN HAND - relax,3.7240,2833,2787,2843,2991,2850,2913,2790,7632.488114,7244.495413,7720.607029,9211.413043,7783.132530,8379.187817,7268.965517,-0.064549,0.053121,0.185390,0.069485,0.023245,0.081560,-0.011207
4002850,63.7241,6,Open_4,OPEN HAND - relax,3.7241,2822,2779,2852,3002,2858,2916,2788,7537.156324,7179.787234,7801.126307,9338.334858,7855.456750,8409.160305,7252.639633,-0.076233,0.043715,0.197752,0.084221,0.032753,0.085429,-0.013428
4002900,63.7241,6,Open_4,OPEN HAND - relax,3.7241,2830,2787,2859,2996,2855,2905,2778,7606.324111,7244.495413,7864.563107,9268.789809,7828.225806,8300.000000,7171.753986,-0.067756,0.053121,0.207492,0.076147,0.029173,0.071339,-0.024431
4002950,63.7661,6,Open_4,OPEN HAND - relax,3.7661,2830,2782,2848,2988,2847,2920,2788,7606.324111,7203.960396,7765.196472,9177.235772,7756.250000,8449.361702,7252.639633,-0.067756,0.047229,0.192236,0.065517,0.019711,0.090618,-0.013428
4003000,63.8077,6,Open_4,OPEN HAND - relax,3.8077,2819,2774,2840,2996,2861,2922,2785,7511.442006,7139.742619,7694.023904,9268.789809,7882.820097,8469.565217,7228.244275,-0.079385,0.037893,0.181308,0.076147,0.036351,0.093225,-0.016746
4003050,63.8711,6,Open_4,OPEN HAND - relax,3.8711,2827,2781,2846,3012,2856,2920,2774,7580.283912,7195.890411,7747.317854,9455.955679,7837.288136,8449.361702,7139.742619,-0.070947,0.046056,0.189491,0.097878,0.030365,0.090618,-0.028785
4003100,63.9128,6,Open_4,OPEN HAND - relax,3.9128,2826,2780,2861,3016,2847,2931,2786,7571.631206,7187.832700,7882.820097,9503.614458,7756.250000,8561.340206,7236.363636,-0.072008,0.044884,0.210295,0.103411,0.019711,0.105072,-0.015642
4003150,63.9543,6,Open_4,OPEN HAND - relax,3.9543,2820,2771,2846,3029,2859,2927,2786,7520.000000,7115.861027,7747.317854,9660.975610,7864.563107,8520.376712,7236.363636,-0.078336,0.034422,0.189491,0.121681,0.033951,0.099784,-0.015642
4003200,64.0171,6,Open_4,OPEN HAND - relax,4.0171,2828,2777,2864,3026,2859,2926,2775,7588.950276,7163.732929,7910.316816,9624.321796,7864.563107,8510.179641,7147.727273,-0.069885,0.041381,0.214517,0.117426,0.033951,0.098468,-0.027699
4003250,64.0584,6,Open_4,OPEN HAND - relax,4.0584,2828,2776,2851,3029,2850,2939,2786,7588.950276,7155.724033,7792.122186,9660.975610,7783.132530,8644.117647,7236.363636,-0.069885,0.040217,0.196370,0.121681,0.023245,0.115756,-0.015642
4003300,64.2409,6,Open_4,OPEN HAND - relax,4.2409,2818,2770,2865,3029,2857,2940,2785,7502.897416,7107.924528,7919.512195,9660.975610,7846.365105,8654.545455,7228.244275,-0.080432,0.033268,0.215929,0.121681,0.031558,0.117102,-0.016746
4003350,64.2410,6,Open_4,OPEN HAND - relax,4.2410,2832,2777,2857,3032,2856,2930,2774,7623.752969,7163.732929,7846.365105,9697.836312,7837.288136,8551.072961,7139.742619,-0.065620,0.041381,0.204698,0.125961,0.030365,0.103746,-0.028785
4003400,64.2410,6,Open_4,OPEN HAND - relax,4.2410,2829,2774,2836,3030,2848,2927,2786,7597.630332,7139.742619,7658.776807,9673.239437,7765.196472,8520.376712,7236.363636,-0.068821,0.037893,0.175897,0.123105,0.020887,0.099784,-0.015642
4003450,64.2621,6,Open_4,OPEN HAND - relax,4.2621,2822,2768,2836,3045,2859,2927,2788,7537.156324,7092.087415,7658.776807,9860.000000,7864.563107,8520.376712,7252.639633,-0.076233,0.030966,0.175897,0.144789,0.033951,0.099784,-0.013428
4003500,64.3246,6,Open_4,OPEN HAND - relax,4.3246,2859,2779,2847,3039,2858,2918,2779,7864.563107,7179.787234,7756.250000,9784.659091,7855.456750,8429.226848,7179.787234,-0.036106,0.043715,0.190862,0.136041,0.032753,0.088019,-0.023338
4003550,64.3457,6,Open_4,OPEN HAND - relax,4.3457,2856,2773,2841,3036,2852,2916,2791,7837.288136,7131.770045,7702.870813,9747.308782,7801.126307,8409.160305,7277.147239,-0.039449,0.036734,0.182667,0.131705,0.025611,0.085429,-0.010094
4003600,64.4284,6,Open_4,OPEN HAND - relax,4.4284,2840,2764,2850,3043,2858,2929,2788,7694.023904,7060.555973,7783.132530,9834.790875,7855.456750,8540.823328,7252.639633,-0.057007,0.026382,0.194990,0.141862,0.032753,0.102423,-0.013428
4003650,64.4707,6,Open_4,OPEN HAND - relax,4.4707,2852,2776,2837,3036,2857,2912,2778,7801.126307,7155.724033,7667.567568,9747.308782,7846.365105,8369.230769,7171.753986,-0.043881,0.040217,0.177246,0.131705,0.031558,0.080275,-0.024431
4003700,64.4915,6,Open_4,OPEN HAND - relax,4.4915,2850,2774,2821,3023,2847,2916,2789,7783.132530,7139.742619,7528.571429,9587.873134,7756.250000,8409.160305,7260.796325,-0.046086,0.037893,0.155905,0.113194,0.019711,0.085429,-0.012318
4003750,64.5535,6,Open_4,OPEN HAND - relax,4.5535,2845,2775,2821,3039,2856,2916,2789,7738.400000,7147.727273,7528.571429,9784.659091,7837.288136,8409.160305,7260.796325,-0.051568,0.039054,0.155905,0.136041,0.030365,0.085429,-0.012318
4003800,64.7476,6,Open_4,OPEN HAND - relax,4.7476,2854,2777,2827,3038,2853,2909,2781,7819.178082,7163.732929,7580.283912,9772.185430,7810.144928,8339.460371,7195.890411,-0.041668,0.041381,0.163845,0.134593,0.026796,0.076432,-0.021147
4003850,64.7477,6,Open_4,OPEN HAND - relax,4.7477,2851,2778,2821,3027,2845,2919,2792,7792.122186,7171.753986,7528.571429,9636.516854,7738.400000,8439.285714,7285.341520,-0.044984,0.042547,0.155905,0.118841,0.017364,0.089317,-0.008979
4003900,64.7477,6,Open_4,OPEN HAND - relax,4.7477,2839,2769,2834,3032,2852,2926,2790,7685.191083,7100.000000,7641.237113,9697.836312,7801.126307,8510.179641,7268.965517,-0.058090,0.032116,0.173204,0.125961,0.025611,0.098468,-0.011207
4003950,64.7477,6,Open_4,OPEN HAND - relax,4.7477,2849,2782,2833,3038,2853,2922,2780,7774.157303,7203.960396,7632.488114,9772.185430,7810.144928,8469.565217,7187.832700,-0.047186,0.047229,0.171860,0.134593,0.026796,0.093225,-0.022243
4004000,64.8100,6,Open_4,OPEN HAND - relax,4.8100,2846,2779,2827,3025,2844,2922,2792,7747.317854,7179.787234,7580.283912,9612.149533,7729.496403,8469.565217,7285.341520,-0.050475,0.043715,0.163845,0.116012,0.016193,0.093225,-0.008979
4004050,64.8517,6,Open_4,OPEN HAND - relax,4.8517,2838,2775,2847,3030,2852,2927,2789,7676.372315,7147.727273,7756.250000,9673.239437,7801.126307,8520.376712,7260.796325,-0.059171,0.039054,0.190862,0.123105,0.025611,0.099784,-0.012318
4004100,64.8930,6,Open_4,OPEN HAND - relax,4.8930,2849,2781,2848,3027,2852,2910,2780,7774.157303,7195.890411,7765.196472,9636.516854,7801.126307,8349.367089,7187.832700,-0.047186,0.046056,0.192236,0.118841,0.025611,0.077711,-0.022243
4004150,64.9557,6,Open_4,OPEN HAND - relax,4.9557,2840,2781,2823,3021,2843,2925,2791,7694.023904,7195.890411,7545.754717,9563.687151,7720.607029,8500.000000,7277.147239,-0.057007,0.046056,0.158544,0.110386,0.015025,0.097154,-0.010094
4004200,64.9970,6,Open_4,OPEN HAND - relax,4.9970,2830,2775,2842,3034,2851,2919,2788,7606.324111,7147.727273,7711.731844,9722.525919,7792.122186,8439.285714,7252.639633,-0.067756,0.039054,0.184027,0.128827,0.024427,0.089317,-0.013428
4004250,65.0606,6,Open_4,OPEN HAND - relax,5.0606,2837,2783,2827,3040,2850,2908,2777,7667.567568,7212.042683,7580.283912,9797.156398,7783.132530,8329.570345,7163.732929,-0.060250,0.048404,0.163845,0.137492,0.023245,0.075155,-0.025522
4004300,65.1032,6,Open_4,OPEN HAND - relax,5.1032,2843,2781,2823,3026,2841,2915,2791,7720.607029,7195.890411,7545.754717,9624.321796,7702.870813,8399.152542,7277.147239,-0.053749,0.046056,0.158544,0.117426,0.012693,0.084137,-0.010094
4004350,65.2659,6,Open_4,OPEN HAND - relax,5.2659,2847,2775,2832,3028,2854,2909,2793,7756.250000,7147.727273,7623.752969,9648.734770,7819.178082,8339.460371,7293.548387,-0.049381,0.039054,0.170519,0.120260,0.027984,0.076432,-0.007863
4004400,65.2660,6,Open_4,OPEN HAND - relax,5.2660,2857,2778,2841,3032,2849,2903,2782,7846.365105,7171.753986,7702.870813,9697.836312,7774.157303,8280.369128,7203.960396,-0.038336,0.042547,0.182667,0.125961,0.022065,0.068805,-0.020050
4004450,65.2660,6,Open_4,OPEN HAND - relax,5.2660,2859,2772,2829,3024,2840,2910,2794,7864.563107,7123.809524,7597.630332,9600.000000,7694.023904,8349.367089,7301.767871,-0.036106,0.035577,0.166508,0.114602,0.011530,0.077711,-0.006745
4004500,65.2872,6,Open_4,OPEN HAND - relax,5.2872,2849,2766,2837,3027,2850,2910,2790,7774.157303,7076.297968,7667.567568,9636.516854,7783.132530,8349.367089,7268.965517,-0.047186,0.028671,0.177246,0.118841,0.023245,0.077711,-0.011207
4004550,65.3497,6,Open_4,OPEN HAND - relax,5.3497,2861,2770,2839,3027,2850,2899,2781,7882.820097,7107.924528,7685.191083,9636.516854,7783.132530,8241.304348,7195.890411,-0.033868,0.033268,0.179952,0.118841,0.023245,0.063762,-0.021147
4004600,65.3905,6,Open_4,OPEN HAND - relax,5.3905,2857,2769,2825,3019,2840,2911,2795,7846.365105,7100.000000,7562.992126,9539.591078,7694.023904,8359.290541,7310.000000,-0.038336,0.032116,0.161190,0.107588,0.011530,0.078992,-0.005625
4004650,65.4318,6,Open_4,OPEN HAND - relax,5.4318,2842,2760,2830,3022,2847,2907,2790,7711.731844,7029.213483,7606.324111,9575.768872,7756.250000,8319.696970,7268.965517,-0.054837,0.021826,0.167843,0.111788,0.019711,0.073881,-0.011207
4004700,65.5370,6,Open_4,OPEN HAND - relax,5.5370,2857,2768,2825,3017,2846,2902,2781,7846.365105,7092.087415,7562.992126,9515.584416,7747.317854,8270.578374,7195.890411,-0.038336,0.030966,0.161190,0.104801,0.018536,0.067541,-0.021147
4004750,65.5580,6,Open_4,OPEN HAND - relax,5.5580,2849,2767,2821,3011,2834,2905,2794,7774.157303,7084.186747,7528.571429,9444.095941,7641.237113,8300.000000,7301.767871,-0.047186,0.029817,0.155905,0.096501,0.004590,0.071339,-0.006745
4004800,65.6006,6,Open_4,OPEN HAND - relax,5.6006,2836,2758,2847,3030,2844,2903,2792,7658.776807,7013.612565,7756.250000,9673.239437,7729.496403,8280.369128,7285.341520,-0.061327,0.019558,0.190862,0.123105,0.016193,0.068805,-0.008979
4004850,65.7813,6,Open_4,OPEN HAND - relax,5.7813,2843,2767,2832,3036,2843,2898,2781,7720.607029,7084.186747,7623.752969,9747.308782,7720.607029,8231.578947,7195.890411,-0.053749,0.029817,0.170519,0.131705,0.015025,0.062507,-0.021147
4004900,65.7814,6,Open_4,OPEN HAND - relax,5.7814,2843,2769,2813,3019,2835,2907,2793,7720.607029,7100.000000,7460.374415,9539.591078,7650.000000,8319.696970,7293.548387,-0.053749,0.032116,0.145435,0.107588,0.005742,0.073881,-0.007863
4004950,65.7814,6,Open_4,OPEN HAND - relax,5.7814,2833,2768,2822,3030,2851,2910,2795,7632.488114,7092.087415,7537.156324,9673.239437,7792.122186,8349.367089,7310.000000,-0.064549,0.030966,0.157224,0.123105,0.024427,0.077711,-0.005625
4005000,65.8025,6,Open_4,OPEN HAND - relax,5.8025,2835,2769,2826,3044,2850,2905,2784,7650.000000,7100.000000,7571.631206,9847.383444,7783.132530,8300.000000,7220.137300,-0.062403,0.032116,0.162517,0.143324,0.023245,0.071339,-0.017849
4005050,65.8649,6,Open_4,OPEN HAND - relax,5.8649,2835,2769,2815,3022,2839,2913,2794,7650.000000,7100.000000,7477.343750,9575.768872,7685.191083,8379.187817,7301.767871,-0.062403,0.032116,0.148040,0.111788,0.010369,0.081560,-0.006745
4005100,65.9064,6,Open_4,OPEN HAND - relax,5.9064,2827,2762,2811,3022,2850,2912,2794,7580.283912,7044.861215,7443.457944,9575.768872,7783.132530,8369.230769,7301.767871,-0.070947,0.024101,0.142838,0.111788,0.023245,0.080275,-0.006745
4005150,65.9483,6,Open_4,OPEN HAND - relax,5.9483,2834,2768,2798,3024,2848,2906,2781,7641.237113,7092.087415,7334.772552,9600.000000,7765.196472,8309.840202,7195.890411,-0.063477,0.030966,0.126150,0.114602,0.020887,0.072609,-0.021147
4005200,65.9896,6,Open_4,OPEN HAND - relax,5.9896,2833,2768,2781,3008,2839,2914,2792,7632.488114,7092.087415,7195.890411,9408.647654,7685.191083,8389.161727,7285.341520,-0.064549,0.030966,0.104827,0.092385,0.010369,0.082847,-0.008979
4005250,66.0519,6,Open_4,OPEN HAND - relax,6.0519,2823,2763,2786,3017,2847,2915,2792,7545.754717,7052.702703,7236.363636,9515.584416,7756.250000,8399.152542,7285.341520,-0.075179,0.025241,0.111041,0.104801,0.019711,0.084137,-0.008979
4005300,66.0937,6,Open_4,OPEN HAND - relax,6.0937,2832,2767,2781,3006,2847,2913,2780,7623.752969,7084.186747,7195.890411,9385.123967,7756.250000,8379.187817,7187.832700,-0.065620,0.029817,0.104827,0.089654,0.019711,0.081560,-0.022243
4005350,66.2963,6,Open_4,OPEN HAND - relax,6.2963,2832,2767,2771,3005,2835,2919,2791,7623.752969,7084.186747,7115.861027,9373.394495,7650.000000,8439.285714,7277.147239,-0.065620,0.029817,0.092540,0.088292,0.005742,0.089317,-0.010094
4005400,66.2963,6,Open_4,OPEN HAND - relax,6.2963,2820,2753,2796,3011,2846,2915,2788,7520.000000,6974.813711,7318.244804,9444.095941,7747.317854,8399.152542,7252.639633,-0.078336,0.013918,0.123613,0.096501,0.018536,0.084137,-0.013428
4005450,66.2964,6,Open_4,OPEN HAND - relax,6.2964,2831,2767,2786,3005,2845,2905,2778,7615.031646,7084.186747,7236.363636,9373.394495,7738.400000,8300.000000,7171.753986,-0.066689,0.029817,0.111041,0.088292,0.017364,0.071339,-0.024431
4005500,66.3164,6,Open_4,OPEN HAND - relax,6.3164,2832,2764,2768,2991,2837,2911,2790,7623.752969,7060.555973,7092.087415,9211.413043,7667.567568,8359.290541,7268.965517,-0.065620,0.026382,0.088890,0.069485,0.008052,0.078992,-0.011207
4005550,66.3583,6,Open_4,OPEN HAND - relax,6.3583,2823,2753,2782,2999,2849,2909,2788,7545.754717,6974.813711,7203.960396,9303.467153,7774.157303,8339.460371,7252.639633,-0.075179,0.013918,0.106066,0.080173,0.022065,0.076432,-0.013428
4005600,66.4419,6,Open_4,OPEN HAND - relax,6.4419,2831,2764,2787,2993,2849,2894,2774,7615.031646,7060.555973,7244.495413,9234.301270,7774.157303,8192.839301,7139.742619,-0.066689,0.026382,0.112290,0.072142,0.022065,0.057507,-0.028785
4005650,66.4835,6,Open_4,OPEN HAND - relax,6.4835,2829,2762,2781,2992,2845,2892,2788,7597.630332,7044.861215,7195.890411,9222.846782,7738.400000,8173.566085,7252.639633,-0.068821,0.024101,0.104827,0.070813,0.017364,0.055019,-0.013428
4005700,66.5258,6,Open_4,OPEN HAND - relax,6.5258,2819,2754,2792,2999,2853,2893,2785,7511.442006,6982.550336,7285.341520,9303.467153,7810.144928,8183.194676,7228.244275,-0.079385,0.015043,0.118561,0.080173,0.026796,0.056262,-0.016746
4005750,66.5679,6,Open_4,OPEN HAND - relax,6.5679,2832,2766,2798,3005,2851,2890,2775,7623.752969,7076.297968,7334.772552,9373.394495,7792.122186,8154.356846,7147.727273,-0.065620,0.028671,0.126150,0.088292,0.024427,0.052539,-0.027699
4005800,66.6095,6,Open_4,OPEN HAND - relax,6.6095,2832,2761,2780,2996,2839,2895,2788,7623.752969,7037.031484,7187.832700,9268.789809,7685.191083,8202.500000,7252.639633,-0.065620,0.022962,0.103590,0.076147,0.010369,0.058754,-0.013428
4005850,66.6520,6,Open_4,OPEN HAND - relax,6.6520,2827,2758,2790,3010,2852,2894,2787,7580.283912,7013.612565,7268.965517,9432.258065,7801.126307,8192.839301,7244.495413,-0.070947,0.019558,0.116047,0.095126,0.025611,0.057507,-0.014536
4005900,66.8138,6,Open_4,OPEN HAND - relax,6.8138,2835,2763,2789,3006,2851,2892,2779,7650.000000,7052.702703,7260.796325,9385.123967,7792.122186,8173.566085,7179.787234,-0.062403,0.025241,0.114792,0.089654,0.024427,0.055019,-0.023338
4005950,66.8139,6,Open_4,OPEN HAND - relax,6.8139,2833,2764,2776,2998,2838,2897,2788,7632.488114,7060.555973,7155.724033,9291.886964,7676.372315,8221.869783,7252.639633,-0.064549,0.026382,0.098660,0.078828,0.009209,0.061254,-0.013428
4006000,66.8139,6,Open_4,OPEN HAND - relax,6.8139,2820,2754,2782,3007,2850,2905,2788,7520.000000,6982.550336,7203.960396,9396.875000,7783.132530,8300.000000,7252.639633,-0.078336,0.015043,0.106066,0.091018,0.023245,0.071339,-0.013428
4006050,66.8558,6,Open_4,OPEN HAND - relax,6.8558,2835,2764,2777,3008,2849,2895,2777,7650.000000,7060.555973,7163.732929,9408.647654,7774.157303,8202.500000,7163.732929,-0.062403,0.026382,0.099890,0.092385,0.022065,0.058754,-0.025522
4006100,66.8975,6,Open_4,OPEN HAND - relax,6.8975,2833,2765,2771,3003,2845,2912,2790,7632.488114,7068.421053,7115.861027,9350.000000,7738.400000,8369.230769,7268.965517,-0.064549,0.027526,0.092540,0.085576,0.017364,0.080275,-0.011207
4006150,66.9385,6,Open_4,OPEN HAND - relax,6.9385,2827,2757,2782,3009,2853,2910,2786,7580.283912,7005.829596,7203.960396,9420.441989,7810.144928,8349.367089,7236.363636,-0.070947,0.018427,0.106066,0.093754,0.026796,0.077711,-0.015642
4006200,67.0369,6,Open_4,OPEN HAND - relax,7.0369,2836,2766,2784,3005,2851,2897,2776,7658.776807,7076.297968,7220.137300,9373.394495,7792.122186,8221.869783,7155.724033,-0.061327,0.028671,0.108550,0.088292,0.024427,0.061254,-0.026611
4006250,67.0582,6,Open_4,OPEN HAND - relax,7.0582,2839,2766,2771,2994,2842,2897,2791,7685.191083,7076.297968,7115.861027,9245.776567,7711.731844,8221.869783,7277.147239,-0.058090,0.028671,0.092540,0.073475,0.013858,0.061254,-0.010094
4006300,67.0998,6,Open_4,OPEN HAND - relax,7.0998,2833,2755,2782,3000,2851,2906,2790,7632.488114,6990.298507,7203.960396,9315.068493,7792.122186,8309.840202,7268.965517,-0.064549,0.016169,0.106066,0.081520,0.024427,0.072609,-0.011207
4006350,67.1420,6,Open_4,OPEN HAND - relax,7.1420,2840,2764,2785,3003,2852,2895,2780,7694.023904,7060.555973,7228.244275,9350.000000,7801.126307,8202.500000,7187.832700,-0.057007,0.026382,0.109794,0.085576,0.025611,0.058754,-0.022243
4006400,67.3212,6,Open_4,OPEN HAND - relax,7.3212,2837,2765,2772,2991,2841,2906,2796,7667.567568,7068.421053,7123.809524,9211.413043,7702.870813,8309.840202,7318.244804,-0.060250,0.027526,0.093760,0.069485,0.012693,0.072609,-0.004503
4006450,67.3213,6,Open_4,OPEN HAND - relax,7.3213,2828,2758,2774,2996,2849,2899,2791,7588.950276,7013.612565,7139.742619,9268.789809,7774.157303,8241.304348,7277.147239,-0.069885,0.019558,0.096206,0.076147,0.022065,0.063762,-0.010094
4006500,67.3213,6,Open_4,OPEN HAND - relax,7.3213,2835,2765,2773,2998,2848,2892,2784,7650.000000,7068.421053,7131.770045,9291.886964,7765.196472,8173.566085,7220.137300,-0.062403,0.027526,0.094982,0.078828,0.020887,0.055019,-0.017849
4006550,67.3419,6,Open_4,OPEN HAND - relax,7.3419,2841,2765,2768,2995,2842,2902,2796,7702.870813,7068.421053,7092.087415,9257.272727,7711.731844,8270.578374,7318.244804,-0.055923,0.027526,0.088890,0.074810,0.013858,0.067541,-0.004503
4006600,67.4038,6,Open_4,OPEN HAND - relax,7.4038,2833,2759,2783,2998,2851,2899,2794,7632.488114,7021.407186,7212.042683,9291.886964,7792.122186,8241.304348,7301.767871,-0.064549,0.020691,0.107307,0.078828,0.024427,0.063762,-0.006745
4006650,67.4454,6,Open_4,OPEN HAND - relax,7.4454,2847,2767,2780,3007,2850,2883,2784,7756.250000,7084.186747,7187.832700,9396.875000,7783.132530,8087.623762,7220.137300,-0.049381,0.029817,0.103590,0.091018,0.023245,0.043926,-0.017849
4006700,67.5083,6,Open_4,OPEN HAND - relax,7.5083,2842,2766,2770,2993,2838,2894,2794,7711.731844,7076.297968,7107.924528,9234.301270,7676.372315,8192.839301,7301.767871,-0.054837,0.028671,0.091321,0.072142,0.009209,0.057507,-0.006745
4006750,67.5506,6,Open_4,OPEN HAND - relax,7.5506,2836,2759,2781,2992,2849,2892,2793,7658.776807,7021.407186,7195.890411,9222.846782,7774.157303,8173.566085,7293.548387,-0.061327,0.020691,0.104827,0.070813,0.022065,0.055019,-0.007863
4006800,67.5928,6,Open_4,OPEN HAND - relax,7.5928,2844,2766,2777,2989,2849,2880,2782,7729.496403,7076.297968,7163.732929,9188.607595,7774.157303,8059.259259,7203.960396,-0.052660,0.028671,0.099890,0.066837,0.022065,0.040264,-0.020050
4006850,67.6561,6,Open_4,OPEN HAND - relax,7.6561,2845,2763,2767,2984,2841,2893,2795,7738.400000,7052.702703,7084.186747,9131.953195,7702.870813,8183.194676,7310.000000,-0.051568,0.025241,0.087677,0.060259,0.012693,0.056262,-0.005625
4006900,67.8154,6,Open_4,OPEN HAND - relax,7.8154,2837,2759,2780,2989,2854,2891,2791,7667.567568,7021.407186,7187.832700,9188.607595,7819.178082,8163.953488,7277.147239,-0.060250,0.020691,0.103590,0.066837,0.027984,0.053778,-0.010094
4006950,67.8154,6,Open_4,OPEN HAND - relax,7.8154,2851,2766,2775,2982,2851,2889,2781,7792.122186,7076.297968,7147.727273,9109.433962,7792.122186,8144.776119,7195.890411,-0.044984,0.028671,0.097432,0.057645,0.024427,0.051303,-0.021147
4007000,67.8155,6,Open_4,OPEN HAND - relax,7.8155,2842,2766,2768,2966,2842,2896,2793,7711.731844,7076.297968,7092.087415,8932.152347,7711.731844,8212.176814,7293.548387,-0.054837,0.028671,0.088890,0.037062,0.013858,0.060003,-0.007863
4007050,67.8570,6,Open_4,OPEN HAND - relax,7.8570,2832,2756,2779,2967,2852,2896,2790,7623.752969,6998.058252,7179.787234,8943.085106,7801.126307,8212.176814,7268.965517,-0.065620,0.017297,0.102355,0.038331,0.025611,0.060003,-0.011207
4007100,67.8978,6,Open_4,OPEN HAND - relax,7.8978,2838,2765,2776,2963,2852,2885,2782,7676.372315,7068.421053,7155.724033,8899.469965,7801.126307,8106.611570,7203.960396,-0.059171,0.027526,0.098660,0.033267,0.025611,0.046377,-0.020050
4007150,67.9604,6,Open_4,OPEN HAND - relax,7.9604,2835,2764,2775,2955,2843,2895,2790,7650.000000,7060.555973,7147.727273,8813.157895,7720.607029,8202.500000,7268.965517,-0.062403,0.026382,0.097432,0.023246,0.015025,0.058754,-0.011207
4007200,68.0180,6,Open_4,OPEN HAND - relax,8.0180,2826,2755,2786,2961,2852,2894,2791,7571.631206,6990.298507,7236.363636,8877.777778,7801.126307,8192.839301,7277.147239,-0.072008,0.016169,0.111041,0.030749,0.025611,0.057507,-0.010094
4007250,68.0600,6,Open_4,OPEN HAND - relax,8.0600,2836,2765,2786,2965,2851,2887,2782,7658.776807,7068.421053,7236.363636,8921.238938,7792.122186,8125.662252,7203.960396,-0.061327,0.027526,0.111041,0.035795,0.024427,0.048836,-0.020050
4007300,68.1023,6,Open_4,OPEN HAND - relax,8.1023,2835,2762,2773,2960,2840,2896,2793,7650.000000,7044.861215,7131.770045,8866.960352,7694.023904,8212.176814,7293.548387,-0.062403,0.024101,0.094982,0.029493,0.011530,0.060003,-0.007863
4007350,68.1656,6,Open_4,OPEN HAND - relax,8.1656,2828,2752,2788,2959,2848,2894,2791,7588.950276,6967.088608,7252.639633,8856.161972,7765.196472,8192.839301,7277.147239,-0.069885,0.012795,0.113540,0.028239,0.020887,0.057507,-0.010094
4007400,68.3297,6,Open_4,OPEN HAND - relax,8.3297,2835,2760,2787,2958,2848,2885,2781,7650.000000,7029.213483,7244.495413,8845.382586,7765.196472,8106.611570,7195.890411,-0.062403,0.021826,0.112290,0.026987,0.020887,0.046377,-0.021147
4007450,68.3298,6,Open_4,OPEN HAND - relax,8.3298,2838,2760,2774,2947,2838,2895,2791,7676.372315,7029.213483,7139.742619,8728.048780,7676.372315,8202.500000,7277.147239,-0.059171,0.021826,0.096206,0.013364,0.009209,0.058754,-0.010094
4007500,68.3298,6,Open_4,OPEN HAND - relax,8.3298,2832,2759,2787,2958,2847,2894,2791,7623.752969,7021.407186,7244.495413,8845.382586,7756.250000,8192.839301,7277.147239,-0.065620,0.020691,0.112290,0.026987,0.019711,0.057507,-0.010094
4007550,68.3509,6,Open_4,OPEN HAND - relax,8.3509,2843,2762,2785,2957,2846,2882,2781,7720.607029,7044.861215,7228.244275,8834.622144,7747.317854,8078.153339,7195.890411,-0.053749,0.024101,0.109794,0.025738,0.018536,0.042703,-0.021147
4007600,68.4129,6,Open_4,OPEN HAND - relax,8.4129,2838,2763,2768,2951,2836,2891,2791,7676.372315,7052.702703,7092.087415,8770.454545,7658.776807,8163.953488,7277.147239,-0.059171,0.025241,0.088890,0.018288,0.006896,0.053778,-0.010094
4007650,68.4543,6,Open_4,OPEN HAND - relax,8.4543,2832,2757,2780,2963,2850,2895,2790,7623.752969,7005.829596,7187.832700,8899.469965,7783.132530,8202.500000,7268.965517,-0.065620,0.018427,0.103590,0.033267,0.023245,0.058754,-0.011207
4007700,68.5167,6,Open_4,OPEN HAND - relax,8.5167,2850,2767,2776,2962,2847,2884,2782,7783.132530,7084.186747,7155.724033,8888.614298,7756.250000,8097.109827,7203.960396,-0.046086,0.029817,0.098660,0.032007,0.019711,0.045150,-0.020050
4007750,68.5577,6,Open_4,OPEN HAND - relax,8.5577,2858,2768,2765,2957,2840,2898,2794,7855.456750,7092.087415,7068.421053,8834.622144,7694.023904,8231.578947,7301.767871,-0.037222,0.030966,0.085256,0.025738,0.011530,0.062507,-0.006745
4007800,68.5994,6,Open_4,OPEN HAND - relax,8.5994,2850,2765,2777,2966,2849,2896,2793,7783.132530,7068.421053,7163.732929,8932.152347,7774.157303,8212.176814,7293.548387,-0.046086,0.027526,0.099890,0.037062,0.022065,0.060003,-0.007863
4007850,68.6619,6,Open_4,OPEN HAND - relax,8.6619,2866,2771,2782,2974,2848,2888,2782,7928.722539,7115.861027,7203.960396,9020.160571,7765.196472,8135.211268,7203.960396,-0.028242,0.034422,0.106066,0.047280,0.020887,0.050068,-0.020050
4007900,68.7034,6,Open_4,OPEN HAND - relax,8.7034,2860,2770,2769,2968,2838,2895,2795,7873.684211,7107.924528,7100.000000,8954.037267,7676.372315,8202.500000,7310.000000,-0.034988,0.033268,0.090104,0.039603,0.009209,0.058754,-0.005625
4007950,68.8479,6,Open_4,OPEN HAND - relax,8.8479,2847,2762,2783,2979,2848,2896,2791,7756.250000,7044.861215,7212.042683,9075.806452,7765.196472,8212.176814,7277.147239,-0.049381,0.024101,0.107307,0.053741,0.020887,0.060003,-0.010094
4008000,68.8479,6,Open_4,OPEN HAND - relax,8.8479,2860,2768,2781,2978,2845,2886,2781,7873.684211,7092.087415,7195.890411,9064.637422,7738.400000,8116.129032,7195.890411,-0.034988,0.030966,0.104827,0.052444,0.017364,0.047605,-0.021147
4008050,68.8682,6,Open_4,OPEN HAND - relax,8.8682,2864,2767,2769,2965,2834,2895,2793,7910.316816,7084.186747,7100.000000,8921.238938,7641.237113,8202.500000,7293.548387,-0.030498,0.029817,0.090104,0.035795,0.004590,0.058754,-0.007863
4008100,68.8682,6,Open_4,OPEN HAND - relax,8.8682,2862,2762,2782,2977,2844,2898,2790,7891.970803,7044.861215,7203.960396,9053.488372,7729.496403,8231.578947,7268.965517,-0.032747,0.024101,0.106066,0.051149,0.016193,0.062507,-0.011207
4008150,68.9520,6,Open_4,OPEN HAND - relax,8.9520,2865,2769,2782,2977,2844,2891,2777,7919.512195,7100.000000,7203.960396,9053.488372,7729.496403,8163.953488,7163.732929,-0.029371,0.032116,0.106066,0.051149,0.016193,0.053778,-0.025522
4008200,69.0248,6,Open_4,OPEN HAND - relax,9.0248,2866,2769,2766,2969,2835,2896,2791,7928.722539,7100.000000,7076.297968,8965.008881,7650.000000,8212.176814,7277.147239,-0.028242,0.032116,0.086465,0.040876,0.005742,0.060003,-0.010094
4008250,69.0466,6,Open_4,OPEN HAND - relax,9.0466,2855,2761,2780,2981,2843,2899,2790,7828.225806,7037.031484,7187.832700,9098.204668,7720.607029,8241.304348,7268.965517,-0.040559,0.022962,0.103590,0.056341,0.015025,0.063762,-0.011207
4008300,69.1094,6,Open_4,OPEN HAND - relax,9.1094,2862,2768,2781,2969,2843,2887,2779,7891.970803,7092.087415,7195.890411,8965.008881,7720.607029,8125.662252,7179.787234,-0.032747,0.030966,0.104827,0.040876,0.015025,0.048836,-0.023338
4008350,69.1508,6,Open_4,OPEN HAND - relax,9.1508,2863,2767,2769,2965,2834,2897,2789,7901.136364,7084.186747,7100.000000,8921.238938,7641.237113,8221.869783,7260.796325,-0.031623,0.029817,0.090104,0.035795,0.004590,0.061254,-0.012318
4008400,69.1713,6,Open_4,OPEN HAND - relax,9.1713,2861,2760,2786,2977,2845,2898,2787,7882.820097,7029.213483,7236.363636,9053.488372,7738.400000,8231.578947,7244.495413,-0.033868,0.021826,0.111041,0.051149,0.017364,0.062507,-0.014536
4008450,69.3742,6,Open_4,OPEN HAND - relax,9.3742,2867,2767,2782,2983,2846,2889,2779,7937.947883,7084.186747,7203.960396,9120.683453,7747.317854,8144.776119,7179.787234,-0.027112,0.029817,0.106066,0.058951,0.018536,0.051303,-0.023338
4008500,69.3743,6,Open_4,OPEN HAND - relax,9.3743,2864,2767,2771,2976,2837,2895,2793,7910.316816,7084.186747,7115.861027,9042.359249,7667.567568,8202.500000,7293.548387,-0.030498,0.029817,0.092540,0.049857,0.008052,0.058754,-0.007863
4008550,69.3743,6,Open_4,OPEN HAND - relax,9.3743,2861,2759,2783,2979,2844,2896,2793,7882.820097,7021.407186,7212.042683,9075.806452,7729.496403,8212.176814,7293.548387,-0.033868,0.020691,0.107307,0.053741,0.016193,0.060003,-0.007863
4008600,69.4158,6,Open_4,OPEN HAND - relax,9.4158,2865,2766,2779,2977,2843,2889,2783,7919.512195,7076.297968,7179.787234,9053.488372,7720.607029,8144.776119,7212.042683,-0.029371,0.028671,0.102355,0.051149,0.015025,0.051303,-0.018950
4008650,69.4566,6,Open_4,OPEN HAND - relax,9.4566,2865,2764,2766,2967,2834,2900,2794,7919.512195,7060.555973,7076.297968,8943.085106,7641.237113,8251.046025,7301.767871,-0.029371,0.026382,0.086465,0.038331,0.004590,0.065020,-0.006745
4008700,69.4979,6,Open_4,OPEN HAND - relax,9.4979,2861,2754,2776,2975,2846,2898,2793,7882.820097,6982.550336,7155.724033,9031.250000,7747.317854,8231.578947,7293.548387,-0.033868,0.015043,0.098660,0.048567,0.018536,0.062507,-0.007863
4008750,69.5817,6,Open_4,OPEN HAND - relax,9.5817,2868,2765,2771,2975,2845,2890,2780,7947.188264,7068.421053,7115.861027,9031.250000,7738.400000,8154.356846,7187.832700,-0.025979,0.027526,0.092540,0.048567,0.017364,0.052539,-0.022243
4008800,69.6227,6,Open_4,OPEN HAND - relax,9.6227,2866,2762,2764,2964,2837,2892,2795,7928.722539,7044.861215,7060.555973,8910.344828,7667.567568,8173.566085,7310.000000,-0.028242,0.024101,0.084048,0.034530,0.008052,0.055019,-0.005625
4008850,69.6640,6,Open_4,OPEN HAND - relax,9.6640,2857,2757,2771,2980,2847,2894,2794,7846.365105,7005.829596,7115.861027,9086.995516,7756.250000,8192.839301,7301.767871,-0.038336,0.018427,0.092540,0.055040,0.019711,0.057507,-0.006745
4008900,69.7264,6,Open_4,OPEN HAND - relax,9.7264,2863,2763,2772,2982,2846,2884,2784,7901.136364,7052.702703,7123.809524,9109.433962,7747.317854,8097.109827,7220.137300,-0.031623,0.025241,0.093760,0.057645,0.018536,0.045150,-0.017849
4008950,69.8720,6,Open_4,OPEN HAND - relax,9.8720,2857,2762,2757,2972,2838,2896,2795,7846.365105,7044.861215,7005.829596,8998.040962,7676.372315,8212.176814,7310.000000,-0.038336,0.024101,0.075646,0.044712,0.009209,0.060003,-0.005625
4009000,69.8721,6,Open_4,OPEN HAND - relax,9.8721,2849,2755,2790,2979,2850,2896,2795,7774.157303,6990.298507,7268.965517,9075.806452,7783.132530,8212.176814,7310.000000,-0.047186,0.016169,0.116047,0.053741,0.023245,0.060003,-0.005625
4009050,69.8721,6,Open_4,OPEN HAND - relax,9.8721,2871,2765,2785,2987,2843,2888,2782,7975.000000,7068.421053,7228.244275,9165.884477,7720.607029,8135.211268,7203.960396,-0.022570,0.027526,0.109794,0.064199,0.015025,0.050068,-0.020050
4009100,69.9341,6,Open_4,OPEN HAND - relax,9.9341,2864,2765,2775,2970,2839,2897,2796,7910.316816,7068.421053,7147.727273,8976.000000,7685.191083,8221.869783,7318.244804,-0.030498,0.027526,0.097432,0.042153,0.010369,0.061254,-0.004503
4009150,69.9551,6,Open_4,OPEN HAND - relax,9.9551,2861,2761,2788,2978,2848,2898,2796,7882.820097,7037.031484,7252.639633,9064.637422,7765.196472,8231.578947,7318.244804,-0.033868,0.022962,0.113540,0.052444,0.020887,0.062507,-0.004503
4009200,69.9956,6,Open_4,OPEN HAND - relax,9.9956,2871,2767,2784,2974,2848,2894,2784,7975.000000,7084.186747,7220.137300,9020.160571,7765.196472,8192.839301,7220.137300,-0.022570,0.029817,0.108550,0.047280,0.020887,0.057507,-0.017849
4009250,70.0716,7,Index_Bend,BEND INDEX ONLY,0.0716,2868,2765,2771,2966,2838,2903,2796,7947.188264,7068.421053,7115.861027,8932.152347,7676.372315,8280.369128,7318.244804,-0.025979,0.027526,0.092540,0.037062,0.009209,0.068805,-0.004503
4009300,70.1140,7,Index_Bend,BEND INDEX ONLY,0.1140,2860,2760,2785,2985,2849,2900,2793,7873.684211,7029.213483,7228.244275,9143.243243,7774.157303,8251.046025,7293.548387,-0.034988,0.021826,0.109794,0.061570,0.022065,0.065020,-0.007863
4009350,70.1563,7,Index_Bend,BEND INDEX ONLY,0.1563,2868,2765,2782,2977,2846,2893,2783,7947.188264,7068.421053,7203.960396,9053.488372,7747.317854,8183.194676,7212.042683,-0.025979,0.027526,0.106066,0.051149,0.018536,0.056262,-0.018950
4009400,70.1979,7,Index_Bend,BEND INDEX ONLY,0.1979,2870,2762,2769,2965,2837,2900,2794,7965.714286,7044.861215,7100.000000,8921.238938,7667.567568,8251.046025,7301.767871,-0.023708,0.024101,0.090104,0.035795,0.008052,0.065020,-0.006745
4009450,70.3853,7,Index_Bend,BEND INDEX ONLY,0.3853,2864,2754,2772,2973,2849,2899,2795,7910.316816,6982.550336,7123.809524,9009.090909,7774.157303,8241.304348,7310.000000,-0.030498,0.015043,0.093760,0.045995,0.022065,0.063762,-0.005625
4009500,70.3854,7,Index_Bend,BEND INDEX ONLY,0.3854,2877,2764,2771,2978,2846,2896,2783,8031.034483,7060.555973,7115.861027,9064.637422,7747.317854,8212.176814,7212.042683,-0.015703,0.026382,0.092540,0.052444,0.018536,0.060003,-0.018950
4009550,70.3854,7,Index_Bend,BEND INDEX ONLY,0.3854,2870,2766,2751,2972,2836,2898,2794,7965.714286,7076.297968,6959.375000,8998.040962,7658.776807,8231.578947,7301.767871,-0.023708,0.028671,0.068513,0.044712,0.006896,0.062507,-0.006745
4009600,70.4065,7,Index_Bend,BEND INDEX ONLY,0.4065,2851,2754,2766,2981,2848,2898,2794,7792.122186,6982.550336,7076.297968,9098.204668,7765.196472,8231.578947,7301.767871,-0.044984,0.015043,0.086465,0.056341,0.020887,0.062507,-0.006745
4009650,70.4688,7,Index_Bend,BEND INDEX ONLY,0.4688,2866,2769,2767,2979,2846,2884,2784,7928.722539,7100.000000,7084.186747,9075.806452,7747.317854,8097.109827,7220.137300,-0.028242,0.032116,0.087677,0.053741,0.018536,0.045150,-0.017849
4009700,70.5103,7,Index_Bend,BEND INDEX ONLY,0.5103,2863,2767,2767,2973,2839,2897,2794,7901.136364,7084.186747,7084.186747,9009.090909,7685.191083,8221.869783,7301.767871,-0.031623,0.029817,0.087677,0.045995,0.010369,0.061254,-0.006745
4009750,70.5306,7,Index_Bend,BEND INDEX ONLY,0.5306,2856,2756,2781,2975,2848,2895,2796,7837.288136,6998.058252,7195.890411,9031.250000,7765.196472,8202.500000,7318.244804,-0.039449,0.017297,0.104827,0.048567,0.020887,0.058754,-0.004503
4009800,70.5931,7,Index_Bend,BEND INDEX ONLY,0.5931,2876,2764,2779,2978,2847,2887,2783,8021.657096,7060.555973,7179.787234,9064.637422,7756.250000,8125.662252,7212.042683,-0.016852,0.026382,0.102355,0.052444,0.019711,0.048836,-0.018950
4009850,70.6353,7,Index_Bend,BEND INDEX ONLY,0.6353,2870,2763,2759,2964,2839,2897,2796,7965.714286,7052.702703,7021.407186,8910.344828,7685.191083,8221.869783,7318.244804,-0.023708,0.025241,0.078038,0.034530,0.010369,0.061254,-0.004503
4009900,70.6775,7,Index_Bend,BEND INDEX ONLY,0.6775,2864,2749,2774,2974,2847,2896,2794,7910.316816,6943.982169,7139.742619,9020.160571,7756.250000,8212.176814,7301.767871,-0.030498,0.009436,0.096206,0.047280,0.019711,0.060003,-0.006745
4009950,70.8834,7,Index_Bend,BEND INDEX ONLY,0.8834,2873,2760,2768,2986,2846,2887,2784,7993.617021,7029.213483,7092.087415,9154.553652,7747.317854,8125.662252,7220.137300,-0.020289,0.021826,0.088890,0.062883,0.018536,0.048836,-0.017849
4010000,70.8835,7,Index_Bend,BEND INDEX ONLY,0.8835,2874,2754,2768,2979,2837,2896,2797,8002.948403,6982.550336,7092.087415,9075.806452,7667.567568,8212.176814,7326.502311,-0.019145,0.015043,0.088890,0.053741,0.008052,0.060003,-0.003380
4010050,70.8835,7,Index_Bend,BEND INDEX ONLY,0.8835,2861,2761,2783,2985,2846,2898,2797,7882.820097,7037.031484,7212.042683,9143.243243,7747.317854,8231.578947,7326.502311,-0.033868,0.022962,0.107307,0.061570,0.018536,0.062507,-0.003380
4010100,70.9046,7,Index_Bend,BEND INDEX ONLY,0.9046,2869,2779,2792,2987,2847,2881,2786,7956.443719,7179.787234,7285.341520,9165.884477,7756.250000,8068.698517,7236.363636,-0.024845,0.043715,0.118561,0.064199,0.019711,0.041483,-0.015642
4010150,70.9670,7,Index_Bend,BEND INDEX ONLY,0.9670,2869,2799,2784,2978,2836,2895,2798,7956.443719,7343.055556,7220.137300,9064.637422,7658.776807,8202.500000,7334.772552,-0.024845,0.067449,0.108550,0.052444,0.006896,0.058754,-0.002255
4010200,71.0087,7,Index_Bend,BEND INDEX ONLY,1.0087,2867,2776,2785,2992,2847,2883,2795,7937.947883,7155.724033,7228.244275,9222.846782,7756.250000,8087.623762,7310.000000,-0.027112,0.040217,0.109794,0.070813,0.019711,0.043926,-0.005625
4010250,71.0709,7,Index_Bend,BEND INDEX ONLY,1.0709,2880,2801,2783,2992,2849,2891,2785,8059.259259,7359.659969,7212.042683,9222.846782,7774.157303,8163.953488,7228.244275,-0.012243,0.069862,0.107307,0.070813,0.022065,0.053778,-0.016746
4010300,71.1325,7,Index_Bend,BEND INDEX ONLY,1.1325,2895,2804,2768,2982,2840,2898,2798,8202.500000,7384.663052,7092.087415,9109.433962,7694.023904,8231.578947,7334.772552,0.005312,0.073497,0.088890,0.057645,0.011530,0.062507,-0.002255
4010350,71.1327,7,Index_Bend,BEND INDEX ONLY,1.1327,2891,2810,2770,2987,2848,2914,2799,8163.953488,7435.019455,7107.924528,9165.884477,7765.196472,8389.161727,7343.055556,0.000588,0.080817,0.091321,0.064199,0.020887,0.082847,-0.001128
4010400,71.1959,7,Index_Bend,BEND INDEX ONLY,1.1959,2904,2838,2776,2974,2848,2903,2787,8290.176322,7676.372315,7155.724033,9020.160571,7765.196472,8280.369128,7244.495413,0.016058,0.115902,0.098660,0.047280,0.020887,0.068805,-0.014536
4010450,71.2376,7,Index_Bend,BEND INDEX ONLY,1.2376,2911,2849,2769,2957,2837,2912,2802,8359.290541,7774.157303,7100.000000,8834.622144,7667.567568,8369.230769,7367.981439,0.024529,0.130117,0.090104,0.025738,0.008052,0.080275,0.002262
4010500,71.3940,7,Index_Bend,BEND INDEX ONLY,1.3940,2912,2897,2774,2976,2846,2910,2803,8369.230769,8221.869783,7139.742619,9042.359249,7747.317854,8349.367089,7376.315789,0.025747,0.195201,0.096206,0.049857,0.018536,0.077711,0.003396
4010550,71.3941,7,Index_Bend,BEND INDEX ONLY,1.3941,2929,2889,2769,2960,2844,2911,2802,8540.823328,8144.776119,7100.000000,8866.960352,7729.496403,8359.290541,7367.981439,0.046778,0.183994,0.090104,0.029493,0.016193,0.078992,0.002262
4010600,71.4152,7,Index_Bend,BEND INDEX ONLY,1.4152,2961,2903,2754,2955,2839,2919,2813,8877.777778,8280.369128,6982.550336,8813.157895,7685.191083,8439.285714,7460.374415,0.088076,0.203705,0.072072,0.023246,0.010369,0.089317,0.014830
4010650,71.4568,7,Index_Bend,BEND INDEX ONLY,1.4568,2984,3007,2797,2966,2848,2915,2825,9131.953195,9396.875000,7326.502311,8932.152347,7765.196472,8399.152542,7562.992126,0.119228,0.366009,0.124881,0.037062,0.020887,0.084137,0.028789
4010700,71.5398,7,Index_Bend,BEND INDEX ONLY,1.5398,3025,3066,2797,2969,2849,2907,2815,9612.149533,10130.612245,7326.502311,8965.008881,7774.157303,8319.696970,7477.343750,0.178081,0.472672,0.124881,0.040876,0.022065,0.073881,0.017139
4010750,71.5609,7,Index_Bend,BEND INDEX ONLY,1.5609,3026,3221,2823,2976,2840,2922,2828,9624.321796,12530.205950,7545.754717,9042.359249,7694.023904,8469.565217,7588.950276,0.179573,0.821497,0.158544,0.049857,0.011530,0.093225,0.032320
4010800,71.6030,7,Index_Bend,BEND INDEX ONLY,1.6030,2997,3259,2834,2980,2854,2927,2828,9280.327869,13254.306220,7641.237113,9086.995516,7819.178082,8520.376712,7588.950276,0.137413,0.926758,0.173204,0.055040,0.027984,0.099784,0.032320
4010850,71.6449,7,Index_Bend,BEND INDEX ONLY,1.6449,3012,3216,2838,2989,2851,2919,2831,9455.955679,12439.590444,7676.372315,9188.607595,7792.122186,8439.285714,7615.031646,0.158938,0.808324,0.178598,0.066837,0.024427,0.089317,0.035868
4010900,71.7086,7,Index_Bend,BEND INDEX ONLY,1.7086,3014,3288,2836,2972,2843,2920,2842,9479.740981,13852.788104,7658.776807,8998.040962,7720.607029,8449.361702,7711.731844,0.161853,1.013759,0.175897,0.044712,0.015025,0.090618,0.049022
4010950,71.7504,7,Index_Bend,BEND INDEX ONLY,1.7504,3019,3220,2848,2997,2851,2907,2841,9539.591078,12512.000000,7765.196472,9280.327869,7792.122186,8319.696970,7702.870813,0.169189,0.818850,0.192236,0.077486,0.024427,0.073881,0.047817
4011000,71.9183,7,Index_Bend,BEND INDEX ONLY,1.9183,3024,3290,2830,2995,2853,2902,2839,9600.000000,13895.652174,7606.324111,9257.272727,7810.144928,8270.578374,7685.191083,0.176592,1.019990,0.167843,0.074810,0.026796,0.067541,0.045412
4011050,71.9183,7,Index_Bend,BEND INDEX ONLY,1.9183,3005,3286,2815,2990,2844,2907,2836,9373.394495,13810.135970,7477.343750,9200.000000,7729.496403,8319.696970,7658.776807,0.148819,1.007558,0.148040,0.068160,0.016193,0.073881,0.041819
4011100,71.9184,7,Index_Bend,BEND INDEX ONLY,1.9184,2996,3255,2820,3015,2855,2900,2851,9268.789809,13175.000000,7520.000000,9491.666667,7828.225806,8251.046025,7792.122186,0.135999,0.915229,0.154589,0.102024,0.029173,0.065020,0.059958
4011150,71.9606,7,Index_Bend,BEND INDEX ONLY,1.9606,3005,3303,2810,3010,2856,2892,2826,9373.394495,14179.545455,7435.019455,9432.258065,7837.288136,8173.566085,7571.631206,0.148819,1.061259,0.141542,0.095126,0.030365,0.055019,0.029965
4011200,72.0023,7,Index_Bend,BEND INDEX ONLY,2.0023,2992,3287,2799,3024,2846,2892,2835,9222.846782,13831.435644,7343.055556,9600.000000,7747.317854,8173.566085,7650.000000,0.130368,1.010655,0.127422,0.114602,0.018536,0.055019,0.040625
4011250,72.0651,7,Index_Bend,BEND INDEX ONLY,2.0651,2988,3300,2826,3031,2857,2891,2834,9177.235772,14113.207547,7571.631206,9685.526316,7846.365105,8163.953488,7641.237113,0.124778,1.051615,0.162517,0.124532,0.031558,0.053778,0.039433
4011300,72.1278,7,Index_Bend,BEND INDEX ONLY,2.1278,2999,3331,2822,3018,2857,2880,2826,9303.467153,14823.821990,7537.156324,9527.576602,7846.365105,8059.259259,7571.631206,0.140249,1.154916,0.157224,0.106193,0.031558,0.040264,0.029965
4011350,72.1492,7,Index_Bend,BEND INDEX ONLY,2.1492,2997,3359,2811,3007,2847,2888,2836,9280.327869,15517.119565,7443.457944,9396.875000,7756.250000,8135.211268,7658.776807,0.137413,1.255700,0.142838,0.091018,0.019711,0.050068,0.041819
4011400,72.1906,7,Index_Bend,BEND INDEX ONLY,2.1906,2993,3308,2813,3001,2860,2894,2834,9234.301270,14291.232529,7460.374415,9326.691042,7873.684211,8192.839301,7641.237113,0.131772,1.077495,0.145435,0.082869,0.035150,0.057507,0.039433
4011450,72.2742,7,Index_Bend,BEND INDEX ONLY,2.2742,3007,3320,2848,3009,2856,2882,2832,9396.875000,14565.161290,7765.196472,9420.441989,7837.288136,8078.153339,7623.752969,0.151697,1.117315,0.192236,0.093754,0.030365,0.042703,0.037055
4011500,72.4299,7,Index_Bend,BEND INDEX ONLY,2.4299,2998,3345,2849,3041,2850,2887,2834,9291.886964,15164.000000,7774.157303,9809.677419,7783.132530,8125.662252,7641.237113,0.138830,1.204367,0.193612,0.138946,0.023245,0.048836,0.039433
4011550,72.4300,7,Index_Bend,BEND INDEX ONLY,2.4300,3000,3308,2845,3043,2857,2886,2832,9315.068493,14291.232529,7738.400000,9834.790875,7846.365105,8116.129032,7623.752969,0.141671,1.077495,0.188122,0.141862,0.031558,0.047605,0.037055
4011600,72.4300,7,Index_Bend,BEND INDEX ONLY,2.4300,2995,3267,2826,3039,2859,2880,2820,9257.272727,13415.217391,7571.631206,9784.659091,7864.563107,8059.259259,7520.000000,0.134587,0.950150,0.162517,0.136041,0.033951,0.040264,0.022941
4011650,72.4509,7,Index_Bend,BEND INDEX ONLY,2.4509,2987,3269,2811,3035,2847,2888,2835,9165.884477,13455.932203,7443.457944,9734.905660,7756.250000,8135.211268,7650.000000,0.123386,0.956068,0.142838,0.130265,0.019711,0.050068,0.040625
4011700,72.5127,7,Index_Bend,BEND INDEX ONLY,2.5127,2990,3265,2816,3051,2860,2886,2833,9200.000000,13374.698795,7485.848319,9936.206897,7873.684211,8116.129032,7632.488114,0.127568,0.944259,0.149346,0.153637,0.035150,0.047605,0.038243
4011750,72.5750,7,Index_Bend,BEND INDEX ONLY,2.5750,3008,3298,2813,3045,2857,2877,2832,9408.647654,14069.259724,7460.374415,9860.000000,7846.365105,8031.034483,7623.752969,0.153140,1.045227,0.145435,0.144789,0.031558,0.036621,0.037055
4011800,72.5751,7,Index_Bend,BEND INDEX ONLY,2.5751,2998,3287,2798,3030,2851,2878,2845,9291.886964,13831.435644,7334.772552,9673.239437,7792.122186,8040.427280,7738.400000,0.138830,1.010655,0.126150,0.123105,0.024427,0.037834,0.052650
4011850,72.6372,7,Index_Bend,BEND INDEX ONLY,2.6372,2994,3247,2818,3026,2860,2880,2845,9245.776567,13018.632075,7502.897416,9624.321796,7873.684211,8059.259259,7738.400000,0.133178,0.892499,0.151964,0.117426,0.035150,0.040264,0.052650
4011900,72.7213,7,Index_Bend,BEND INDEX ONLY,2.7213,2996,3262,2830,3021,2860,2867,2837,9268.789809,13314.285714,7606.324111,9563.687151,7873.684211,7937.947883,7667.567568,0.135999,0.935477,0.167843,0.110386,0.035150,0.024606,0.043015
4011950,72.7427,7,Index_Bend,BEND INDEX ONLY,2.7427,2992,3275,2818,3026,2852,2878,2847,9222.846782,13579.268293,7502.897416,9624.321796,7801.126307,8040.427280,7756.250000,0.130368,0.973997,0.151964,0.117426,0.025611,0.037834,0.055078
4012000,72.7847,7,Index_Bend,BEND INDEX ONLY,2.7847,2987,3279,2828,3030,2860,2879,2845,9165.884477,13662.500000,7588.950276,9673.239437,7873.684211,8049.835526,7738.400000,0.123386,0.986097,0.165176,0.123105,0.035150,0.039048,0.052650
4012050,72.9448,7,Index_Bend,BEND INDEX ONLY,2.9448,2991,3330,2824,3015,2857,2873,2840,9211.413043,14800.000000,7554.366640,9491.666667,7846.365105,7993.617021,7694.023904,0.128967,1.151453,0.159866,0.102024,0.031558,0.031792,0.046614
4012100,72.9448,7,Index_Bend,BEND INDEX ONLY,2.9448,2988,3244,2804,3027,2847,2877,2846,9177.235772,12960.752056,7384.663052,9636.516854,7756.250000,8031.034483,7747.317854,0.124778,0.884085,0.133810,0.118841,0.019711,0.036621,0.053863
4012150,72.9658,7,Index_Bend,BEND INDEX ONLY,2.9658,2983,3227,2799,3043,2857,2881,2846,9120.683453,12640.322581,7343.055556,9834.790875,7846.365105,8068.698517,7747.317854,0.117847,0.837504,0.127422,0.141862,0.031558,0.041483,0.053863
4012200,73.0071,7,Index_Bend,BEND INDEX ONLY,3.0071,2966,3205,2784,3017,2855,2877,2833,8932.152347,12243.820225,7220.137300,9515.584416,7828.225806,8031.034483,7632.488114,0.094740,0.779865,0.108550,0.104801,0.029173,0.036621,0.038243
4012250,73.0279,7,Index_Bend,BEND INDEX ONLY,3.0279,2959,3198,2787,3034,2846,2885,2849,8856.161972,12121.739130,7244.495413,9722.525919,7747.317854,8106.611570,7774.157303,0.085426,0.762119,0.112290,0.128827,0.018536,0.046377,0.057514
4012300,73.0906,7,Index_Bend,BEND INDEX ONLY,3.0906,2966,3185,2796,3041,2854,2883,2849,8932.152347,11900.000000,7318.244804,9809.677419,7819.178082,8087.623762,7774.157303,0.094740,0.729885,0.123613,0.138946,0.027984,0.043926,0.057514
4012350,73.1752,7,Index_Bend,BEND INDEX ONLY,3.1752,2972,3169,2787,3038,2856,2879,2837,8998.040962,11635.637149,7244.495413,9772.185430,7837.288136,8049.835526,7667.567568,0.102815,0.691455,0.112290,0.134593,0.030365,0.039048,0.043015
4012400,73.2166,7,Index_Bend,BEND INDEX ONLY,3.2166,2968,3154,2770,3003,2843,2882,2841,8954.037267,11395.961743,7107.924528,9350.000000,7720.607029,8078.153339,7702.870813,0.097422,0.656613,0.091321,0.085576,0.015025,0.042703,0.047817
4012450,73.2796,7,Index_Bend,BEND INDEX ONLY,3.2796,2964,3184,2780,3018,2855,2889,2837,8910.344828,11883.205269,7187.832700,9527.576602,7828.225806,8144.776119,7667.567568,0.092067,0.727443,0.103590,0.106193,0.029173,0.051303,0.043015
4012500,73.4653,7,Index_Bend,BEND INDEX ONLY,3.4653,2968,3173,2784,2997,2853,2885,2831,8954.037267,11700.867679,7220.137300,9280.327869,7810.144928,8106.611570,7615.031646,0.097422,0.700937,0.108550,0.077486,0.026796,0.046377,0.035868
4012550,73.4653,7,Index_Bend,BEND INDEX ONLY,3.4653,2957,3200,2768,2979,2846,2887,2843,8834.622144,12156.424581,7092.087415,9075.806452,7747.317854,8125.662252,7720.607029,0.082786,0.767161,0.088890,0.053741,0.018536,0.048836,0.050230
4012600,73.4653,7,Index_Bend,BEND INDEX ONLY,3.4653,2942,3185,2793,3006,2856,2889,2832,8675.455334,11900.000000,7293.548387,9385.123967,7837.288136,8144.776119,7623.752969,0.063279,0.729885,0.119821,0.089654,0.030365,0.051303,0.037055
4012650,73.4861,7,Index_Bend,BEND INDEX ONLY,3.4861,2961,3212,2801,3009,2853,2888,2825,8877.777778,12367.836920,7359.659969,9420.441989,7810.144928,8135.211268,7562.992126,0.088076,0.797893,0.129972,0.093754,0.026796,0.050068,0.028789
4012700,73.5069,7,Index_Bend,BEND INDEX ONLY,3.5069,2960,3216,2785,3000,2848,2890,2837,8866.960352,12439.590444,7228.244275,9315.068493,7765.196472,8154.356846,7667.567568,0.086750,0.808324,0.109794,0.081520,0.020887,0.052539,0.043015
4012750,73.5483,7,Index_Bend,BEND INDEX ONLY,3.5483,2948,3183,2800,3008,2857,2894,2833,8738.622493,11866.447368,7351.351351,9408.647654,7846.365105,8192.839301,7632.488114,0.071021,0.725007,0.128696,0.092385,0.031558,0.057507,0.038243
4012800,73.6105,7,Index_Bend,BEND INDEX ONLY,3.6105,2983,3190,2801,3011,2859,2885,2830,9120.683453,11984.530387,7359.659969,9444.095941,7864.563107,8106.611570,7606.324111,0.117847,0.742173,0.129972,0.096501,0.033951,0.046377,0.034684
4012850,73.6518,7,Index_Bend,BEND INDEX ONLY,3.6518,2983,3182,2798,2998,2851,2888,2838,9120.683453,11849.726177,7334.772552,9291.886964,7792.122186,8135.211268,7676.372315,0.117847,0.722576,0.126150,0.078828,0.024427,0.050068,0.044212
4012900,73.6937,7,Index_Bend,BEND INDEX ONLY,3.6937,2982,3165,2818,3008,2860,2892,2835,9109.433962,11570.967742,7502.897416,9408.647654,7873.684211,8173.566085,7650.000000,0.116468,0.682054,0.151964,0.092385,0.035150,0.055019,0.040625
4012950,73.7565,7,Index_Bend,BEND INDEX ONLY,3.7565,2994,3156,2811,3006,2859,2886,2825,9245.776567,11427.476038,7443.457944,9385.123967,7864.563107,8116.129032,7562.992126,0.133178,0.661195,0.142838,0.089654,0.033951,0.047605,0.028789
4013000,73.8189,7,Index_Bend,BEND INDEX ONLY,3.8189,2975,3181,2808,2993,2851,2894,2835,9031.250000,11833.041575,7418.181818,9234.301270,7792.122186,8192.839301,7650.000000,0.106885,0.720151,0.138957,0.072142,0.024427,0.057507,0.040625
4013050,73.9784,7,Index_Bend,BEND INDEX ONLY,3.9784,2976,3175,2811,2995,2861,2892,2834,9042.359249,11733.695652,7443.457944,9257.272727,7882.820097,8173.566085,7641.237113,0.108247,0.705709,0.142838,0.074810,0.036351,0.055019,0.039433
4013100,73.9785,7,Index_Bend,BEND INDEX ONLY,3.9785,2979,3169,2800,2993,2861,2887,2825,9075.806452,11635.637149,7351.351351,9234.301270,7882.820097,8125.662252,7562.992126,0.112346,0.691455,0.128696,0.072142,0.036351,0.048836,0.028789
4013150,73.9785,7,Index_Bend,BEND INDEX ONLY,3.9785,2986,3164,2783,2979,2850,2891,2833,9154.553652,11554.887218,7212.042683,9075.806452,7783.132530,8163.953488,7632.488114,0.121998,0.679716,0.107307,0.053741,0.023245,0.053778,0.038243
4013200,73.9987,7,Index_Bend,BEND INDEX ONLY,3.9987,2993,3153,2796,2992,2861,2893,2831,9234.301270,11380.254777,7318.244804,9222.846782,7882.820097,8183.194676,7615.031646,0.131772,0.654330,0.123613,0.070813,0.036351,0.056262,0.035868
4013250,74.0828,7,Index_Bend,BEND INDEX ONLY,4.0828,2990,3153,2804,2974,2860,2883,2821,9200.000000,11380.254777,7384.663052,9020.160571,7873.684211,8087.623762,7528.571429,0.127568,0.654330,0.133810,0.047280,0.035150,0.043926,0.024107
4013300,74.1030,7,Index_Bend,BEND INDEX ONLY,4.1030,2974,3132,2788,2958,2849,2893,2831,9020.160571,11057.943925,7252.639633,8845.382586,7774.157303,8183.194676,7615.031646,0.105526,0.607476,0.113540,0.026987,0.022065,0.056262,0.035868
4013350,74.1663,7,Index_Bend,BEND INDEX ONLY,4.1663,2963,3124,2802,2980,2861,2890,2828,8899.469965,10938.825953,7367.981439,9086.995516,7882.820097,8154.356846,7588.950276,0.090734,0.590160,0.131249,0.055040,0.036351,0.052539,0.032320
4013400,74.2087,7,Index_Bend,BEND INDEX ONLY,4.2087,2976,3108,2799,2982,2860,2885,2821,9042.359249,10706.382979,7343.055556,9109.433962,7873.684211,8106.611570,7528.571429,0.108247,0.556370,0.127422,0.057645,0.035150,0.046377,0.024107
4013450,74.2511,7,Index_Bend,BEND INDEX ONLY,4.2511,2972,3097,2783,2992,2853,2884,2831,8998.040962,10550.901804,7212.042683,9222.846782,7810.144928,8097.109827,7615.031646,0.102815,0.533768,0.107307,0.070813,0.026796,0.045150,0.035868
4013500,74.3138,7,Index_Bend,BEND INDEX ONLY,4.3138,2963,3113,2798,3026,2859,2885,2832,8899.469965,10778.207739,7334.772552,9624.321796,7864.563107,8106.611570,7623.752969,0.090734,0.566811,0.126150,0.117426,0.033951,0.046377,0.037055
4013550,74.4967,7,Index_Bend,BEND INDEX ONLY,4.4967,2977,3124,2793,3020,2858,2879,2824,9053.488372,10938.825953,7293.548387,9551.627907,7855.456750,8049.835526,7554.366640,0.109611,0.590160,0.119821,0.108985,0.032753,0.039048,0.027616
4013600,74.4967,7,Index_Bend,BEND INDEX ONLY,4.4967,2975,3120,2783,2959,2845,2882,2832,9031.250000,10880.000000,7212.042683,8856.161972,7738.400000,8078.153339,7623.752969,0.106885,0.581609,0.107307,0.028239,0.017364,0.042703,0.037055
4013650,74.4967,7,Index_Bend,BEND INDEX ONLY,4.4967,2963,3113,2792,2970,2856,2892,2831,8899.469965,10778.207739,7285.341520,8976.000000,7837.288136,8173.566085,7615.031646,0.090734,0.566811,0.118561,0.042153,0.030365,0.055019,0.035868
4013700,74.4967,7,Index_Bend,BEND INDEX ONLY,4.4967,2976,3116,2785,2955,2857,2881,2818,9042.359249,10821.654750,7228.244275,8813.157895,7846.365105,8068.698517,7502.897416,0.108247,0.573127,0.109794,0.023246,0.031558,0.041483,0.020615
4013750,74.5583,7,Index_Bend,BEND INDEX ONLY,4.5583,2966,3104,2775,2944,2848,2886,2829,8932.152347,10649.445005,7147.727273,8696.437880,7765.196472,8116.129032,7597.630332,0.094740,0.548093,0.097432,0.009694,0.020887,0.047605,0.033501
4013800,74.5795,7,Index_Bend,BEND INDEX ONLY,4.5795,2950,3113,2777,2962,2858,2890,2826,8759.825328,10778.207739,7163.732929,8888.614298,7855.456750,8154.356846,7571.631206,0.073619,0.566811,0.099890,0.032007,0.032753,0.052539,0.029965
4013850,74.6843,7,Index_Bend,BEND INDEX ONLY,4.6843,2964,3119,2773,2961,2856,2882,2815,8910.344828,10865.368852,7131.770045,8877.777778,7837.288136,8078.153339,7477.343750,0.092067,0.579482,0.094982,0.030749,0.030365,0.042703,0.017139
4013900,74.7462,7,Index_Bend,BEND INDEX ONLY,4.7462,2964,3148,2764,2966,2848,2888,2826,8910.344828,11302.217529,7060.555973,8932.152347,7765.196472,8135.211268,7571.631206,0.092067,0.642986,0.084048,0.037062,0.020887,0.050068,0.029965
4013950,74.7670,7,Index_Bend,BEND INDEX ONLY,4.7670,2961,3128,2782,3014,2858,2882,2823,8877.777778,10998.138573,7203.960396,9479.740981,7855.456750,8078.153339,7545.754717,0.088076,0.598782,0.106066,0.100639,0.032753,0.042703,0.026445
4014000,74.8085,7,Index_Bend,BEND INDEX ONLY,4.8085,2968,3135,2787,3015,2855,2876,2811,8954.037267,11103.125000,7244.495413,9491.666667,7828.225806,8021.657096,7443.457944,0.097422,0.614044,0.112290,0.102024,0.029173,0.035411,0.012529
4014050,74.9929,7,Index_Bend,BEND INDEX ONLY,4.9929,2961,3129,2776,3000,2845,2882,2826,8877.777778,11013.043478,7155.724033,9315.068493,7738.400000,8078.153339,7571.631206,0.088076,0.600949,0.098660,0.081520,0.017364,0.042703,0.029965
4014100,74.9930,7,Index_Bend,BEND INDEX ONLY,4.9930,2946,3122,2786,3014,2855,2883,2825,8717.493473,10909.352518,7236.363636,9479.740981,7828.225806,8087.623762,7562.992126,0.068431,0.585876,0.111041,0.100639,0.029173,0.043926,0.028789
4014150,74.9930,7,Index_Bend,BEND INDEX ONLY,4.9930,2960,3138,2793,3020,2854,2878,2817,8866.960352,11148.589342,7293.548387,9551.627907,7819.178082,8040.427280,7494.366197,0.086750,0.620653,0.119821,0.108985,0.027984,0.037834,0.019454
4014200,74.9930,7,Index_Bend,BEND INDEX ONLY,4.9930,2959,3117,2780,3019,2844,2877,2830,8856.161972,10836.196319,7187.832700,9539.591078,7729.496403,8031.034483,7606.324111,0.085426,0.575241,0.103590,0.107588,0.016193,0.036621,0.034684
4014250,75.0352,7,Index_Bend,BEND INDEX ONLY,5.0352,2957,3112,2782,3019,2854,2880,2831,8834.622144,10763.784334,7203.960396,9539.591078,7819.178082,8059.259259,7615.031646,0.082786,0.564715,0.106066,0.107588,0.027984,0.040264,0.035868
4014300,75.1180,7,Index_Bend,BEND INDEX ONLY,5.1180,2975,3119,2782,3020,2853,2877,2821,9031.250000,10865.368852,7203.960396,9551.627907,7810.144928,8031.034483,7528.571429,0.106885,0.579482,0.106066,0.108985,0.026796,0.036621,0.024107
4014350,75.1382,7,Index_Bend,BEND INDEX ONLY,5.1382,2976,3109,2769,3010,2843,2876,2831,9042.359249,10720.689655,7100.000000,9432.258065,7720.607029,8021.657096,7615.031646,0.108247,0.558450,0.090104,0.095126,0.015025,0.035411,0.035868
4014400,75.2019,7,Index_Bend,BEND INDEX ONLY,5.2019,2967,3124,2777,3009,2853,2878,2831,8943.085106,10938.825953,7163.732929,9420.441989,7810.144928,8040.427280,7615.031646,0.096080,0.590160,0.099890,0.093754,0.026796,0.037834,0.035868
4014450,75.2434,7,Index_Bend,BEND INDEX ONLY,5.2434,2973,3135,2779,2997,2849,2874,2825,9009.090909,11103.125000,7179.787234,9280.327869,7774.157303,8002.948403,7562.992126,0.104170,0.614044,0.102355,0.077486,0.022065,0.032996,0.028789
4014500,75.3066,7,Index_Bend,BEND INDEX ONLY,5.3066,2972,3127,2770,2991,2840,2878,2835,8998.040962,10983.264463,7107.924528,9211.413043,7694.023904,8040.427280,7650.000000,0.102815,0.596620,0.091321,0.069485,0.011530,0.037834,0.040625
4014550,75.3692,7,Index_Bend,BEND INDEX ONLY,5.3692,2959,3124,2777,3003,2849,2880,2831,8856.161972,10938.825953,7163.732929,9350.000000,7774.157303,8059.259259,7615.031646,0.085426,0.590160,0.099890,0.085576,0.022065,0.040264,0.035868
4014600,75.5281,7,Index_Bend,BEND INDEX ONLY,5.5281,2968,3109,2771,2993,2849,2873,2821,8954.037267,10720.689655,7115.861027,9234.301270,7774.157303,7993.617021,7528.571429,0.097422,0.558450,0.092540,0.072142,0.022065,0.031792,0.024107
4014650,75.5282,7,Index_Bend,BEND INDEX ONLY,5.5282,2968,3110,2760,2980,2838,2872,2833,8954.037267,10735.025381,7029.213483,9086.995516,7676.372315,7984.300899,7632.488114,0.097422,0.560534,0.079236,0.055040,0.009209,0.030589,0.038243
4014700,75.5282,7,Index_Bend,BEND INDEX ONLY,5.5282,2968,3095,2771,2991,2848,2874,2832,8954.037267,10523.000000,7115.861027,9211.413043,7765.196472,8002.948403,7623.752969,0.097422,0.529712,0.092540,0.069485,0.020887,0.032996,0.037055
4014750,75.5489,7,Index_Bend,BEND INDEX ONLY,5.5489,2976,3094,2767,2991,2846,2870,2826,9042.359249,10509.090909,7084.186747,9211.413043,7747.317854,7965.714286,7571.631206,0.108247,0.527690,0.087677,0.069485,0.018536,0.028190,0.029965
4014800,75.5905,7,Index_Bend,BEND INDEX ONLY,5.5905,2976,3112,2760,2989,2836,2877,2833,9042.359249,10763.784334,7029.213483,9188.607595,7658.776807,8031.034483,7632.488114,0.108247,0.564715,0.079236,0.066837,0.006896,0.036621,0.038243
4014850,75.6531,7,Index_Bend,BEND INDEX ONLY,5.6531,2962,3098,2769,2992,2846,2873,2832,8888.614298,10564.894684,7100.000000,9222.846782,7747.317854,7993.617021,7623.752969,0.089404,0.535802,0.090104,0.070813,0.018536,0.031792,0.037055
4014900,75.7165,7,Index_Bend,BEND INDEX ONLY,5.7165,2967,3098,2770,3005,2846,2866,2821,8943.085106,10564.894684,7107.924528,9373.394495,7747.317854,7928.722539,7528.571429,0.096080,0.535802,0.091321,0.088292,0.018536,0.023415,0.024107
4014950,75.7584,7,Index_Bend,BEND INDEX ONLY,5.7584,2962,3085,2765,3000,2836,2869,2831,8888.614298,10385.148515,7068.421053,9315.068493,7658.776807,7956.443719,7615.031646,0.089404,0.509673,0.085256,0.081520,0.006896,0.026993,0.035868
4015000,75.8002,7,Index_Bend,BEND INDEX ONLY,5.8002,2958,3095,2767,3006,2847,2875,2832,8845.382586,10523.000000,7084.186747,9385.123967,7756.250000,8012.295082,7623.752969,0.084105,0.529712,0.087677,0.089654,0.019711,0.034202,0.037055
4015050,75.8636,7,Index_Bend,BEND INDEX ONLY,5.8636,2972,3092,2758,3002,2848,2870,2825,8998.040962,10481.355932,7013.612565,9338.334858,7765.196472,7965.714286,7562.992126,0.102815,0.523659,0.076841,0.084221,0.020887,0.028190,0.028789
4015100,76.0473,7,Index_Bend,BEND INDEX ONLY,6.0473,2965,3088,2758,3005,2836,2878,2832,8921.238938,10426.216485,7013.612565,9373.394495,7658.776807,8040.427280,7623.752969,0.093402,0.515643,0.076841,0.088292,0.006896,0.037834,0.037055
4015150,76.0473,7,Index_Bend,BEND INDEX ONLY,6.0473,2952,3084,2767,3015,2847,2877,2827,8781.102362,10371.513353,7084.186747,9491.666667,7756.250000,8031.034483,7580.283912,0.076227,0.507691,0.087677,0.102024,0.019711,0.036621,0.031142
4015200,76.0474,7,Index_Bend,BEND INDEX ONLY,6.0474,2959,3088,2767,3023,2848,2872,2818,8856.161972,10426.216485,7084.186747,9587.873134,7765.196472,7984.300899,7502.897416,0.085426,0.515643,0.087677,0.113194,0.020887,0.030589,0.020615
4015250,76.0677,7,Index_Bend,BEND INDEX ONLY,6.0677,2960,3088,2765,3012,2837,2879,2832,8866.960352,10426.216485,7068.421053,9455.955679,7667.567568,8049.835526,7623.752969,0.086750,0.515643,0.085256,0.097878,0.008052,0.039048,0.037055
4015300,76.0884,7,Index_Bend,BEND INDEX ONLY,6.0884,2958,3080,2767,3034,2849,2878,2832,8845.382586,10317.241379,7084.186747,9722.525919,7774.157303,8040.427280,7623.752969,0.084105,0.499802,0.087677,0.128827,0.022065,0.037834,0.037055
4015350,76.1511,7,Index_Bend,BEND INDEX ONLY,6.1511,2976,3074,2769,3038,2846,2875,2818,9042.359249,10236.630754,7100.000000,9772.185430,7747.317854,8012.295082,7502.897416,0.108247,0.488083,0.090104,0.134593,0.018536,0.034202,0.020615
4015400,76.1920,7,Index_Bend,BEND INDEX ONLY,6.1920,2988,3083,2768,3024,2837,2879,2829,9177.235772,10357.905138,7092.087415,9600.000000,7667.567568,8049.835526,7597.630332,0.124778,0.505713,0.088890,0.114602,0.008052,0.039048,0.033501
4015450,76.2345,7,Index_Bend,BEND INDEX ONLY,6.2345,2971,3074,2775,3026,2848,2873,2828,8987.010676,10236.630754,7147.727273,9624.321796,7765.196472,7993.617021,7588.950276,0.101463,0.488083,0.097432,0.117426,0.020887,0.031792,0.032320
4015500,76.3184,7,Index_Bend,BEND INDEX ONLY,6.3184,2972,3096,2776,3016,2848,2870,2818,8998.040962,10536.936937,7155.724033,9503.614458,7765.196472,7965.714286,7502.897416,0.102815,0.531738,0.098660,0.103411,0.020887,0.028190,0.020615
4015550,76.3391,7,Index_Bend,BEND INDEX ONLY,6.3391,2972,3087,2761,2998,2841,2869,2829,8998.040962,10412.500000,7037.031484,9291.886964,7702.870813,7956.443719,7597.630332,0.102815,0.513649,0.080436,0.078828,0.012693,0.026993,0.033501
4015600,76.4018,7,Index_Bend,BEND INDEX ONLY,6.4018,2959,3069,2770,3001,2849,2871,2822,8856.161972,10170.175439,7107.924528,9326.691042,7774.157303,7975.000000,7537.156324,0.085426,0.478423,0.091321,0.082869,0.022065,0.029389,0.025275
4015650,76.5635,7,Index_Bend,BEND INDEX ONLY,6.5635,2965,3071,2770,3003,2849,2864,2812,8921.238938,10196.679688,7107.924528,9350.000000,7774.157303,7910.316816,7451.909587,0.093402,0.482276,0.091321,0.085576,0.022065,0.021039,0.013679
4015700,76.5636,7,Index_Bend,BEND INDEX ONLY,6.5636,2959,3087,2762,2991,2839,2872,2820,8856.161972,10412.500000,7044.861215,9211.413043,7685.191083,7984.300899,7520.000000,0.085426,0.513649,0.081639,0.069485,0.010369,0.030589,0.022941
4015750,76.5636,7,Index_Bend,BEND INDEX ONLY,6.5636,2950,3088,2778,2993,2848,2866,2822,8759.825328,10426.216485,7171.753986,9234.301270,7765.196472,7928.722539,7537.156324,0.073619,0.515643,0.101121,0.072142,0.020887,0.023415,0.025275
4015800,76.6259,7,Index_Bend,BEND INDEX ONLY,6.6259,2972,3093,2775,2993,2848,2862,2813,8998.040962,10495.209581,7147.727273,9234.301270,7765.196472,7891.970803,7460.374415,0.102815,0.525672,0.097432,0.072142,0.020887,0.018671,0.014830
4015850,76.6672,7,Index_Bend,BEND INDEX ONLY,6.6672,2969,3102,2767,2985,2838,2871,2829,8965.008881,10621.148036,7084.186747,9143.243243,7676.372315,7975.000000,7597.630332,0.098767,0.543980,0.087677,0.061570,0.009209,0.029389,0.033501
4015900,76.7287,7,Index_Bend,BEND INDEX ONLY,6.7287,2965,3101,2771,2991,2850,2867,2827,8921.238938,10607.042254,7115.861027,9211.413043,7783.132530,7937.947883,7580.283912,0.093402,0.541929,0.092540,0.069485,0.023245,0.024606,0.031142
4015950,76.7707,7,Index_Bend,BEND INDEX ONLY,6.7707,2967,3120,2775,2989,2847,2863,2813,8943.085106,10880.000000,7147.727273,9188.607595,7756.250000,7901.136364,7460.374415,0.096080,0.581609,0.097432,0.066837,0.019711,0.019854,0.014830
4016000,76.8130,7,Index_Bend,BEND INDEX ONLY,6.8130,2959,3134,2760,2979,2838,2866,2823,8856.161972,11088.033299,7029.213483,9075.806452,7676.372315,7928.722539,7545.754717,0.085426,0.611850,0.079236,0.053741,0.009209,0.023415,0.026445
4016050,76.8547,7,Index_Bend,BEND INDEX ONLY,6.8547,2944,3127,2773,2989,2846,2873,2825,8696.437880,10983.264463,7131.770045,9188.607595,7747.317854,7993.617021,7562.992126,0.065850,0.596620,0.094982,0.066837,0.018536,0.031792,0.028789
4016100,76.9175,7,Index_Bend,BEND INDEX ONLY,6.9175,2954,3149,2768,2987,2845,2867,2813,8802.453988,11317.758985,7092.087415,9165.884477,7738.400000,7937.947883,7460.374415,0.078844,0.645245,0.088890,0.064199,0.017364,0.024606,0.014830
4016150,77.0828,7,Index_Bend,BEND INDEX ONLY,7.0828,2960,3135,2758,2974,2835,2876,2825,8866.960352,11103.125000,7013.612565,9020.160571,7650.000000,8021.657096,7562.992126,0.086750,0.614044,0.076841,0.047280,0.005742,0.035411,0.028789
4016200,77.0831,7,Index_Bend,BEND INDEX ONLY,7.0831,2952,3123,2767,2983,2845,2873,2831,8781.102362,10924.074074,7084.186747,9120.683453,7738.400000,7993.617021,7615.031646,0.076227,0.588016,0.087677,0.058951,0.017364,0.031792,0.035868
4016250,77.0832,7,Index_Bend,BEND INDEX ONLY,7.0832,2960,3127,2763,2980,2846,2868,2817,8866.960352,10983.264463,7052.702703,9086.995516,7747.317854,7947.188264,7494.366197,0.086750,0.596620,0.082843,0.055040,0.018536,0.025799,0.019454
4016300,77.1043,7,Index_Bend,BEND INDEX ONLY,7.1043,2960,3121,2758,2969,2836,2873,2826,8866.960352,10894.661191,7013.612565,8965.008881,7658.776807,7993.617021,7571.631206,0.086750,0.583740,0.076841,0.040876,0.006896,0.031792,0.029965
4016350,77.1456,7,Index_Bend,BEND INDEX ONLY,7.1456,2947,3094,2766,2989,2847,2871,2827,8728.048780,10509.090909,7076.297968,9188.607595,7756.250000,7975.000000,7580.283912,0.069725,0.527690,0.086465,0.066837,0.019711,0.029389,0.031142
4016400,77.2505,7,Index_Bend,BEND INDEX ONLY,7.2505,2958,3104,2765,2986,2846,2864,2816,8845.382586,10649.445005,7068.421053,9154.553652,7747.317854,7910.316816,7485.848319,0.084105,0.548093,0.085256,0.062883,0.018536,0.021039,0.018296
4016450,77.2712,7,Index_Bend,BEND INDEX ONLY,7.2712,2950,3087,2757,2975,2836,2871,2830,8759.825328,10412.500000,7005.829596,9031.250000,7658.776807,7975.000000,7606.324111,0.073619,0.513649,0.075646,0.048567,0.006896,0.029389,0.034684
4016500,77.3126,7,Index_Bend,BEND INDEX ONLY,7.3126,2938,3089,2762,2989,2842,2872,2828,8633.707865,10439.960239,7044.861215,9188.607595,7711.731844,7984.300899,7588.950276,0.058162,0.517641,0.081639,0.066837,0.013858,0.030589,0.032320
4016550,77.3753,7,Index_Bend,BEND INDEX ONLY,7.3753,2959,3089,2767,2980,2843,2872,2816,8856.161972,10439.960239,7084.186747,9086.995516,7720.607029,7984.300899,7485.848319,0.085426,0.517641,0.087677,0.055040,0.015025,0.030589,0.018296
4016600,77.4166,7,Index_Bend,BEND INDEX ONLY,7.4166,2958,3075,2753,2971,2833,2872,2827,8845.382586,10250.000000,6974.813711,8987.010676,7632.488114,7984.300899,7580.283912,0.084105,0.490027,0.070884,0.043431,0.003440,0.030589,0.031142
4016650,77.4375,7,Index_Bend,BEND INDEX ONLY,7.4375,2945,3088,2763,2977,2841,2875,2827,8706.956522,10426.216485,7052.702703,9053.488372,7702.870813,8012.295082,7580.283912,0.067139,0.515643,0.082843,0.051149,0.012693,0.034202,0.031142
4016700,77.5807,7,Index_Bend,BEND INDEX ONLY,7.5807,2948,3111,2759,2975,2840,2872,2817,8738.622493,10749.390244,7021.407186,9031.250000,7694.023904,7984.300899,7494.366197,0.071021,0.562622,0.078038,0.048567,0.011530,0.030589,0.019454
4016750,77.5807,7,Index_Bend,BEND INDEX ONLY,7.5807,2942,3093,2747,2963,2835,2874,2827,8675.455334,10495.209581,6928.635015,8899.469965,7650.000000,8002.948403,7580.283912,0.063279,0.525672,0.063794,0.033267,0.005742,0.032996,0.031142
4016800,77.5808,7,Index_Bend,BEND INDEX ONLY,7.5808,2933,3076,2756,2972,2840,2872,2823,8581.927711,10263.395486,6998.058252,8998.040962,7694.023904,7984.300899,7545.754717,0.051816,0.491974,0.074453,0.044712,0.011530,0.030589,0.026445
4016850,77.6851,7,Index_Bend,BEND INDEX ONLY,7.6851,2941,3079,2754,2972,2841,2869,2811,8664.991334,10303.740157,6982.550336,8998.040962,7702.870813,7956.443719,7443.457944,0.061996,0.497839,0.072072,0.044712,0.012693,0.026993,0.012529
4016900,77.7270,7,Index_Bend,BEND INDEX ONLY,7.7270,2940,3086,2745,2959,2833,2862,2823,8654.545455,10398.810704,6913.333333,8856.161972,7632.488114,7891.970803,7545.754717,0.060716,0.511659,0.061444,0.028239,0.003440,0.018671,0.026445
4016950,77.7678,7,Index_Bend,BEND INDEX ONLY,7.7678,2932,3088,2759,2973,2841,2867,2821,8571.625107,10426.216485,7021.407186,9009.090909,7702.870813,7937.947883,7528.571429,0.050553,0.515643,0.078038,0.045995,0.012693,0.024606,0.024107
4017000,77.7889,7,Index_Bend,BEND INDEX ONLY,7.7889,2942,3118,2754,2968,2838,2866,2810,8675.455334,10850.767656,6982.550336,8954.037267,7676.372315,7928.722539,7435.019455,0.063279,0.577359,0.072072,0.039603,0.009209,0.023415,0.011381
4017050,77.8732,7,Index_Bend,BEND INDEX ONLY,7.8732,2948,3103,2747,2958,2832,2865,2817,8738.622493,10635.282258,6928.635015,8845.382586,7623.752969,7919.512195,7494.366197,0.071021,0.546035,0.063794,0.026987,0.002291,0.022226,0.019454
4017100,77.9150,7,Index_Bend,BEND INDEX ONLY,7.9150,2941,3094,2759,2968,2839,2864,2818,8664.991334,10509.090909,7021.407186,8954.037267,7685.191083,7910.316816,7502.897416,0.061996,0.527690,0.078038,0.039603,0.010369,0.021039,0.020615
4017150,77.9574,7,Index_Bend,BEND INDEX ONLY,7.9574,2953,3122,2751,2963,2839,2856,2803,8791.768827,10909.352518,6959.375000,8899.469965,7685.191083,7837.288136,7376.315789,0.077534,0.585876,0.068513,0.033267,0.010369,0.011613,0.003396
4017200,78.1271,7,Index_Bend,BEND INDEX ONLY,8.1271,2951,3134,2743,2957,2831,2864,2817,8770.454545,11088.033299,6898.076923,8834.622144,7615.031646,7910.316816,7494.366197,0.074922,0.611850,0.059102,0.025738,0.001145,0.021039,0.019454
4017250,78.1274,7,Index_Bend,BEND INDEX ONLY,8.1274,2930,3119,2754,2973,2841,2865,2817,8551.072961,10865.368852,6982.550336,9009.090909,7702.870813,7919.512195,7494.366197,0.048034,0.579482,0.072072,0.045995,0.012693,0.022226,0.019454
4017300,78.1275,7,Index_Bend,BEND INDEX ONLY,8.1275,2942,3110,2756,2977,2840,2864,2805,8675.455334,10735.025381,6998.058252,9053.488372,7694.023904,7910.316816,7393.023256,0.063279,0.560534,0.074453,0.051149,0.011530,0.021039,0.005669
4017350,78.1486,7,Index_Bend,BEND INDEX ONLY,8.1486,2943,3117,2762,2967,2833,2863,2815,8685.937500,10836.196319,7044.861215,8943.085106,7632.488114,7901.136364,7477.343750,0.064563,0.575241,0.081639,0.038331,0.003440,0.019854,0.017139
4017400,78.2109,7,Index_Bend,BEND INDEX ONLY,8.2109,2942,3132,2765,2984,2840,2864,2815,8675.455334,11057.943925,7068.421053,9131.953195,7694.023904,7910.316816,7477.343750,0.063279,0.607476,0.085256,0.060259,0.011530,0.021039,0.017139
4017450,78.2728,7,Index_Bend,BEND INDEX ONLY,8.2728,2961,3145,2767,2986,2842,2858,2808,8877.777778,11255.789474,7084.186747,9154.553652,7711.731844,7855.456750,7418.181818,0.088076,0.636237,0.087677,0.062883,0.013858,0.013958,0.009091
4017500,78.3147,7,Index_Bend,BEND INDEX ONLY,8.3147,2960,3142,2749,2980,2833,2865,2818,8866.960352,11209.653725,6943.982169,9086.995516,7632.488114,7919.512195,7502.897416,0.086750,0.629530,0.066150,0.055040,0.003440,0.022226,0.020615
4017550,78.3352,7,Index_Bend,BEND INDEX ONLY,8.3352,2956,3106,2762,3009,2844,2866,2814,8823.880597,10677.856421,7044.861215,9420.441989,7729.496403,7928.722539,7468.852459,0.081470,0.552224,0.081639,0.093754,0.016193,0.023415,0.015984
4017600,78.4182,7,Index_Bend,BEND INDEX ONLY,8.4182,2975,3113,2762,3017,2842,2862,2804,9031.250000,10778.207739,7044.861215,9515.584416,7711.731844,7891.970803,7384.663052,0.106885,0.566811,0.081639,0.104801,0.013858,0.018671,0.004531
4017650,78.4387,7,Index_Bend,BEND INDEX ONLY,8.4387,2972,3102,2747,3005,2834,2864,2815,8998.040962,10621.148036,6928.635015,9373.394495,7641.237113,7910.316816,7477.343750,0.102815,0.543980,0.063794,0.088292,0.004590,0.021039,0.017139
4017700,78.5763,7,Index_Bend,BEND INDEX ONLY,8.5763,2958,3098,2762,3008,2843,2866,2817,8845.382586,10564.894684,7044.861215,9408.647654,7720.607029,7928.722539,7494.366197,0.084105,0.535802,0.081639,0.092385,0.015025,0.023415,0.019454
4017750,78.5763,7,Index_Bend,BEND INDEX ONLY,8.5763,2964,3117,2756,2999,2844,2854,2808,8910.344828,10836.196319,6998.058252,9303.467153,7729.496403,7819.178082,7418.181818,0.092067,0.575241,0.074453,0.080173,0.016193,0.009275,0.009091
4017800,78.5975,7,Index_Bend,BEND INDEX ONLY,8.5975,2969,3119,2743,2990,2837,2864,2821,8965.008881,10865.368852,6898.076923,9200.000000,7667.567568,7910.316816,7528.571429,0.098767,0.579482,0.059102,0.068160,0.008052,0.021039,0.024107
4017850,78.6178,7,Index_Bend,BEND INDEX ONLY,8.6178,2966,3086,2762,2994,2845,2865,2821,8932.152347,10398.810704,7044.861215,9245.776567,7738.400000,7919.512195,7528.571429,0.094740,0.511659,0.081639,0.073475,0.017364,0.022226,0.024107
4017900,78.7018,7,Index_Bend,BEND INDEX ONLY,8.7018,2992,3099,2757,2991,2844,2856,2814,9222.846782,10578.915663,7005.829596,9211.413043,7729.496403,7837.288136,7468.852459,0.130368,0.537841,0.075646,0.069485,0.016193,0.011613,0.015984
4017950,78.7641,7,Index_Bend,BEND INDEX ONLY,8.7641,3000,3106,2744,2978,2836,2864,2819,9315.068493,10677.856421,6905.699482,9064.637422,7658.776807,7910.316816,7511.442006,0.141671,0.552224,0.060272,0.052444,0.006896,0.021039,0.021777
4018000,78.8057,7,Index_Bend,BEND INDEX ONLY,8.8057,2983,3069,2751,2990,2845,2867,2819,9120.683453,10170.175439,6959.375000,9200.000000,7738.400000,7937.947883,7511.442006,0.117847,0.478423,0.068513,0.068160,0.017364,0.024606,0.021777
4018050,78.8466,7,Index_Bend,BEND INDEX ONLY,8.8466,2980,3096,2746,2988,2842,2856,2809,9086.995516,10536.936937,6920.978503,9177.235772,7711.731844,7837.288136,7426.594090,0.113718,0.531738,0.062618,0.065517,0.013858,0.011613,0.010235
4018100,78.8882,7,Index_Bend,BEND INDEX ONLY,8.8882,2968,3109,2736,2978,2834,2864,2819,8954.037267,10720.689655,6845.033113,9064.637422,7641.237113,7910.316816,7511.442006,0.097422,0.558450,0.050958,0.052444,0.004590,0.021039,0.021777
4018150,78.9513,7,Index_Bend,BEND INDEX ONLY,8.9513,2957,3093,2752,2984,2846,2864,2817,8834.622144,10495.209581,6967.088608,9131.953195,7747.317854,7910.316816,7494.366197,0.082786,0.525672,0.069698,0.060259,0.018536,0.021039,0.019454
4018200,79.1252,7,Index_Bend,BEND INDEX ONLY,9.1252,2958,3103,2749,2979,2845,2854,2809,8845.382586,10635.282258,6943.982169,9075.806452,7738.400000,7819.178082,7426.594090,0.084105,0.546035,0.066150,0.053741,0.017364,0.009275,0.010235
4018250,79.1255,7,Index_Bend,BEND INDEX ONLY,9.1255,2959,3101,2739,2970,2837,2861,2818,8856.161972,10607.042254,6867.699115,8976.000000,7667.567568,7882.820097,7502.897416,0.085426,0.541929,0.054438,0.042153,0.008052,0.017490,0.020615
4018300,79.1255,7,Index_Bend,BEND INDEX ONLY,9.1255,2941,3079,2751,2987,2846,2866,2819,8664.991334,10303.740157,6959.375000,9165.884477,7747.317854,7928.722539,7511.442006,0.061996,0.497839,0.068513,0.064199,0.018536,0.023415,0.021777
4018350,79.1673,7,Index_Bend,BEND INDEX ONLY,9.1673,2957,3078,2764,2987,2847,2866,2815,8834.622144,10290.265487,7060.555973,9165.884477,7756.250000,7928.722539,7477.343750,0.082786,0.495880,0.084048,0.064199,0.019711,0.023415,0.017139
4018400,79.2306,7,Index_Bend,BEND INDEX ONLY,9.2306,2950,3087,2762,2977,2840,2872,2828,8759.825328,10412.500000,7044.861215,9053.488372,7694.023904,7984.300899,7588.950276,0.073619,0.513649,0.081639,0.051149,0.011530,0.030589,0.032320
4018450,79.2724,7,Index_Bend,BEND INDEX ONLY,9.2724,2940,3068,2770,2988,2849,2874,2826,8654.545455,10156.962025,7107.924528,9177.235772,7774.157303,8002.948403,7571.631206,0.060716,0.476502,0.091321,0.065517,0.022065,0.032996,0.029965
4018500,79.2936,7,Index_Bend,BEND INDEX ONLY,9.2936,2953,3084,2768,2979,2847,2866,2815,8791.768827,10371.513353,7092.087415,9075.806452,7756.250000,7928.722539,7477.343750,0.077534,0.507691,0.088890,0.053741,0.019711,0.023415,0.017139
4018550,79.3569,7,Index_Bend,BEND INDEX ONLY,9.3569,2963,3089,2760,2972,2839,2873,2826,8899.469965,10439.960239,7029.213483,8998.040962,7685.191083,7993.617021,7571.631206,0.090734,0.517641,0.079236,0.044712,0.010369,0.031792,0.029965
4018600,79.3992,7,Index_Bend,BEND INDEX ONLY,9.3992,2964,3079,2768,2977,2848,2877,2827,8910.344828,10303.740157,7092.087415,9053.488372,7765.196472,8031.034483,7580.283912,0.092067,0.497839,0.088890,0.051149,0.020887,0.036621,0.031142
4018650,79.4415,7,Index_Bend,BEND INDEX ONLY,9.4415,2966,3116,2766,2977,2845,2864,2816,8932.152347,10821.654750,7076.297968,9053.488372,7738.400000,7910.316816,7485.848319,0.094740,0.573127,0.086465,0.051149,0.017364,0.021039,0.018296
4018700,79.6289,7,Index_Bend,BEND INDEX ONLY,9.6289,2960,3122,2752,2963,2835,2875,2828,8866.960352,10909.352518,6967.088608,8899.469965,7650.000000,8012.295082,7588.950276,0.086750,0.585876,0.069698,0.033267,0.005742,0.034202,0.032320
4018750,79.6289,7,Index_Bend,BEND INDEX ONLY,9.6289,2950,3142,2759,2973,2848,2881,2826,8759.825328,11209.653725,7021.407186,9009.090909,7765.196472,8068.698517,7571.631206,0.073619,0.629530,0.078038,0.045995,0.020887,0.041483,0.029965
4018800,79.6290,7,Index_Bend,BEND INDEX ONLY,9.6290,2990,3135,2755,2968,2845,2871,2817,9200.000000,11103.125000,6990.298507,8954.037267,7738.400000,7975.000000,7494.366197,0.127568,0.614044,0.073261,0.039603,0.017364,0.029389,0.019454
4018850,79.6494,7,Index_Bend,BEND INDEX ONLY,9.6494,2987,3105,2743,2960,2840,2875,2828,9165.884477,10663.636364,6898.076923,8866.960352,7694.023904,8012.295082,7588.950276,0.123386,0.550156,0.059102,0.029493,0.011530,0.034202,0.032320
4018900,79.6700,7,Index_Bend,BEND INDEX ONLY,9.6700,2977,3058,2757,2967,2846,2872,2824,9053.488372,10026.229508,7005.829596,8943.085106,7747.317854,7984.300899,7554.366640,0.109611,0.457498,0.075646,0.038331,0.018536,0.030589,0.027616
4018950,79.7541,7,Index_Bend,BEND INDEX ONLY,9.7541,2986,3050,2753,2965,2844,2861,2815,9154.553652,9923.444976,6974.813711,8921.238938,7729.496403,7882.820097,7477.343750,0.121998,0.442556,0.070884,0.035795,0.016193,0.017490,0.017139
4019000,79.8376,7,Index_Bend,BEND INDEX ONLY,9.8376,2983,3040,2743,2970,2834,2874,2822,9120.683453,9797.156398,6898.076923,8976.000000,7641.237113,8002.948403,7537.156324,0.117847,0.424198,0.059102,0.042153,0.004590,0.032996,0.025275
4019050,79.8378,7,Index_Bend,BEND INDEX ONLY,9.8378,2980,3038,2755,2988,2847,2870,2822,9086.995516,9772.185430,6990.298507,9177.235772,7756.250000,7965.714286,7537.156324,0.113718,0.420568,0.073261,0.065517,0.019711,0.028190,0.025275
4019100,79.8791,7,Index_Bend,BEND INDEX ONLY,9.8791,2988,3065,2764,2995,2847,2865,2815,9177.235772,10117.475728,7060.555973,9257.272727,7756.250000,7919.512195,7477.343750,0.124778,0.470762,0.084048,0.074810,0.019711,0.022226,0.017139
4019150,79.9623,7,Index_Bend,BEND INDEX ONLY,9.9623,3001,3205,2758,2991,2839,2878,2826,9326.691042,12243.820225,7013.612565,9211.413043,7685.191083,8040.427280,7571.631206,0.143095,0.779865,0.076841,0.069485,0.010369,0.037834,0.029965
4019200,80.0151,8,Open_5,OPEN HAND - relax,0.0151,2988,3247,2779,3011,2846,2887,2821,9177.235772,13018.632075,7179.787234,9444.095941,7747.317854,8125.662252,7528.571429,0.124778,0.892499,0.102355,0.096501,0.018536,0.048836,0.024107
4019250,80.1718,8,Open_5,OPEN HAND - relax,0.1718,2993,3171,2777,3010,2847,2882,2812,9234.301270,11668.181818,7163.732929,9432.258065,7756.250000,8078.153339,7451.909587,0.131772,0.696186,0.099890,0.095126,0.019711,0.042703,0.013679
4019300,80.1719,8,Open_5,OPEN HAND - relax,0.1719,2991,3211,2757,3005,2837,2892,2818,9211.413043,12350.000000,7005.829596,9373.394495,7667.567568,8173.566085,7502.897416,0.128967,0.795301,0.075646,0.088292,0.008052,0.055019,0.020615
4019350,80.1719,8,Open_5,OPEN HAND - relax,0.1719,2978,3212,2786,3023,2846,2896,2815,9064.637422,12367.836920,7236.363636,9587.873134,7747.317854,8212.176814,7477.343750,0.110977,0.797893,0.111041,0.113194,0.018536,0.060003,0.017139
4019400,80.2131,8,Open_5,OPEN HAND - relax,0.2131,2982,3230,2801,3020,2841,2890,2804,9109.433962,12695.953757,7359.659969,9551.627907,7702.870813,8154.356846,7384.663052,0.116468,0.845591,0.129972,0.108985,0.012693,0.052539,0.004531
4019450,80.2553,8,Open_5,OPEN HAND - relax,0.2553,2997,3328,2790,3009,2836,2898,2818,9280.327869,14752.542373,7268.965517,9420.441989,7658.776807,8231.578947,7502.897416,0.137413,1.144554,0.116047,0.093754,0.006896,0.062507,0.020615
4019500,80.2976,8,Open_5,OPEN HAND - relax,0.2976,2974,3389,2809,3023,2846,2907,2819,9020.160571,16320.963173,7426.594090,9587.873134,7747.317854,8319.696970,7511.442006,0.105526,1.372553,0.140248,0.113194,0.018536,0.073881,0.021777
4019550,80.3605,8,Open_5,OPEN HAND - relax,0.3605,2948,3545,2807,3024,2847,2907,2814,8738.622493,21914.545455,7409.782609,9600.000000,7756.250000,8319.696970,7468.852459,0.071021,2.185684,0.137667,0.114602,0.019711,0.073881,0.015984
4019600,80.4018,8,Open_5,OPEN HAND - relax,0.4018,2930,3688,2799,3034,2837,2926,2828,8551.072961,30808.845209,7343.055556,9722.525919,7667.567568,8510.179641,7588.950276,0.048034,3.478634,0.127422,0.128827,0.008052,0.098468,0.032320
4019650,80.4648,8,Open_5,OPEN HAND - relax,0.4648,2945,3907,2813,3042,2848,2970,2840,8706.956522,70658.510638,7460.374415,9822.222222,7765.196472,8976.000000,7694.023904,0.067139,9.271519,0.145435,0.140403,0.020887,0.158595,0.046614
4019700,80.5060,8,Open_5,OPEN HAND - relax,0.5060,2957,3648,2824,3043,2848,2944,2822,8834.622144,27747.651007,7554.366640,9834.790875,7765.196472,8696.437880,7537.156324,0.082786,3.033633,0.159866,0.141862,0.020887,0.122509,0.025275
4019750,80.6420,8,Open_5,OPEN HAND - relax,0.6420,2960,3796,2803,3039,2841,2962,2846,8866.960352,43165.217391,7376.315789,9784.659091,7702.870813,8888.614298,7747.317854,0.086750,5.274861,0.132529,0.136041,0.012693,0.147315,0.053863
4019800,80.6421,8,Open_5,OPEN HAND - relax,0.6421,2952,3655,2829,3053,2849,2949,2848,8781.102362,28243.181818,7597.630332,9961.804223,7774.157303,8749.214660,7765.196472,0.076227,3.105668,0.166508,0.156609,0.022065,0.129322,0.056295
4019850,80.6627,8,Open_5,OPEN HAND - relax,0.6627,2953,3640,2815,3061,2844,2988,2833,8791.768827,27200.000000,7477.343750,10065.183752,7729.496403,9177.235772,7632.488114,0.077534,2.954022,0.148040,0.168612,0.016193,0.184569,0.038243
4019900,80.7049,8,Open_5,OPEN HAND - relax,0.7049,2959,3671,2811,3046,2835,2943,2842,8856.161972,29437.264151,7443.457944,9872.640610,7650.000000,8685.937500,7711.731844,0.085426,3.279250,0.142838,0.146256,0.005742,0.121154,0.049022
4019950,80.7470,8,Open_5,OPEN HAND - relax,0.7470,2948,3467,2846,3053,2844,2932,2836,8738.622493,18770.382166,7747.317854,9961.804223,7729.496403,8571.625107,7658.776807,0.071021,1.728622,0.189491,0.156609,0.016193,0.106399,0.041819
4020000,80.8103,8,Open_5,OPEN HAND - relax,0.8103,2962,3396,2835,3059,2846,2972,2828,8888.614298,16518.454936,7650.000000,10039.189189,7747.317854,8998.040962,7588.950276,0.089404,1.401262,0.174549,0.165593,0.018536,0.161439,0.032320
4020050,80.8729,8,Open_5,OPEN HAND - relax,0.8729,2967,3309,2798,3055,2835,2957,2840,8943.085106,14313.740458,7334.772552,9987.500000,7650.000000,8834.622144,7694.023904,0.096080,1.080766,0.126150,0.159592,0.005742,0.140346,0.046614
4020100,80.9155,8,Open_5,OPEN HAND - relax,0.9155,2953,3318,2836,3059,2845,2974,2839,8791.768827,14518.918919,7658.776807,10039.189189,7738.400000,9020.160571,7685.191083,0.077534,1.110593,0.175897,0.165593,0.017364,0.164295,0.045412
4020150,80.9580,8,Open_5,OPEN HAND - relax,0.9580,2967,3309,2815,3059,2843,2948,2833,8943.085106,14313.740458,7477.343750,10039.189189,7720.607029,8738.622493,7632.488114,0.096080,1.080766,0.148040,0.165593,0.015025,0.127955,0.038243
4020200,81.0207,8,Open_5,OPEN HAND - relax,1.0207,2974,3307,2825,3056,2837,2926,2847,9020.160571,14268.781726,7562.992126,10000.384986,7667.567568,8510.179641,7756.250000,0.105526,1.074231,0.161190,0.161088,0.008052,0.098468,0.055078
4020250,81.1739,8,Open_5,OPEN HAND - relax,1.1739,2953,3263,2818,3051,2847,2932,2844,8791.768827,13334.375000,7502.897416,9936.206897,7756.250000,8571.625107,7729.496403,0.077534,0.938398,0.151964,0.153637,0.019711,0.106399,0.051439
4020300,81.1739,8,Open_5,OPEN HAND - relax,1.1739,2958,3215,2810,3041,2848,2936,2831,8845.382586,12421.590909,7435.019455,9809.677419,7765.196472,8612.942192,7615.031646,0.084105,0.805708,0.141542,0.138946,0.020887,0.111732,0.035868
4020350,81.1740,8,Open_5,OPEN HAND - relax,1.1740,2943,3216,2824,3040,2837,2937,2835,8685.937500,12439.590444,7554.366640,9797.156398,7667.567568,8623.316062,7650.000000,0.064563,0.808324,0.159866,0.137492,0.008052,0.113071,0.040625
4020400,81.2155,8,Open_5,OPEN HAND - relax,1.2155,2934,3192,2820,3056,2847,2941,2838,8592.248062,12018.604651,7520.000000,10000.384986,7756.250000,8664.991334,7676.372315,0.053081,0.747126,0.154589,0.161088,0.019711,0.118450,0.044212
4020450,81.2365,8,Open_5,OPEN HAND - relax,1.2365,2945,3160,2816,3049,2844,2932,2827,8706.956522,11490.909091,7485.848319,9910.707457,7729.496403,8571.625107,7580.283912,0.067139,0.670416,0.149346,0.150676,0.016193,0.106399,0.031142
4020500,81.3199,8,Open_5,OPEN HAND - relax,1.3199,2939,3149,2800,3024,2836,2944,2836,8644.117647,11317.758985,7351.351351,9600.000000,7658.776807,8696.437880,7658.776807,0.059438,0.645245,0.128696,0.114602,0.006896,0.122509,0.041819
4020550,81.3410,8,Open_5,OPEN HAND - relax,1.3410,2933,3087,2808,3020,2845,2928,2833,8581.927711,10412.500000,7418.181818,9551.627907,7738.400000,8530.591260,7632.488114,0.051816,0.513649,0.138957,0.108985,0.017364,0.101103,0.038243
4020600,81.4047,8,Open_5,OPEN HAND - relax,1.4047,2942,3127,2811,3009,2843,2914,2823,8675.455334,10983.264463,7443.457944,9420.441989,7720.607029,8389.161727,7545.754717,0.063279,0.596620,0.142838,0.093754,0.015025,0.082847,0.026445
4020650,81.4683,8,Open_5,OPEN HAND - relax,1.4683,2945,3130,2808,2998,2834,2912,2835,8706.956522,11027.979275,7418.181818,9291.886964,7641.237113,8369.230769,7650.000000,0.067139,0.603120,0.138957,0.078828,0.004590,0.080275,0.040625
4020700,81.5106,8,Open_5,OPEN HAND - relax,1.5106,2932,3131,2816,3012,2843,2907,2836,8571.625107,11042.946058,7485.848319,9455.955679,7720.607029,8319.696970,7658.776807,0.050553,0.605296,0.149346,0.097878,0.015025,0.073881,0.041819
4020750,81.6885,8,Open_5,OPEN HAND - relax,1.6885,2939,3123,2814,3019,2840,2898,2828,8644.117647,10924.074074,7468.852459,9539.591078,7694.023904,8231.578947,7588.950276,0.059438,0.588016,0.146736,0.107588,0.011530,0.062507,0.032320
4020800,81.6885,8,Open_5,OPEN HAND - relax,1.6885,2937,3116,2800,3011,2833,2905,2837,8623.316062,10821.654750,7351.351351,9444.095941,7632.488114,8300.000000,7667.567568,0.056888,0.573127,0.128696,0.096501,0.003440,0.071339,0.043015
4020850,81.6886,8,Open_5,OPEN HAND - relax,1.6886,2923,3086,2809,2998,2844,2907,2832,8479.692833,10398.810704,7426.594090,9291.886964,7729.496403,8319.696970,7623.752969,0.039286,0.511659,0.140248,0.078828,0.016193,0.073881,0.037055
4020900,81.7302,8,Open_5,OPEN HAND - relax,1.7302,2929,3071,2806,2991,2843,2902,2823,8540.823328,10196.679688,7401.396431,9211.413043,7720.607029,8270.578374,7545.754717,0.046778,0.482276,0.136380,0.069485,0.015025,0.067541,0.026445
4020950,81.7915,8,Open_5,OPEN HAND - relax,1.7915,2929,3056,2798,2989,2835,2900,2831,8540.823328,10000.384986,7334.772552,9188.607595,7650.000000,8251.046025,7615.031646,0.046778,0.453741,0.126150,0.066837,0.005742,0.065020,0.035868
4021000,81.8126,8,Open_5,OPEN HAND - relax,1.8126,2924,3048,2801,2992,2845,2909,2830,8489.837746,9897.994269,7359.659969,9222.846782,7738.400000,8339.460371,7606.324111,0.040529,0.438856,0.129972,0.070813,0.017364,0.076432,0.034684
4021050,81.8549,8,Open_5,OPEN HAND - relax,1.8549,2930,3058,2803,2992,2848,2897,2818,8551.072961,10026.229508,7376.315789,9222.846782,7765.196472,8221.869783,7502.897416,0.048034,0.457498,0.132529,0.070813,0.020887,0.061254,0.020615
4021100,81.8756,8,Open_5,OPEN HAND - relax,1.8756,2932,3070,2801,2981,2833,2907,2831,8571.625107,10183.414634,7359.659969,9098.204668,7632.488114,8319.696970,7615.031646,0.050553,0.480347,0.129972,0.056341,0.003440,0.073881,0.035868
4021150,81.9593,8,Open_5,OPEN HAND - relax,1.9593,2923,3042,2809,2993,2844,2910,2832,8479.692833,9822.222222,7426.594090,9234.301270,7729.496403,8349.367089,7623.752969,0.039286,0.427841,0.140248,0.072142,0.016193,0.077711,0.037055
4021200,82.0215,8,Open_5,OPEN HAND - relax,2.0215,2932,3040,2800,2985,2841,2908,2818,8571.625107,9797.156398,7351.351351,9143.243243,7702.870813,8329.570345,7502.897416,0.050553,0.424198,0.128696,0.061570,0.012693,0.075155,0.020615
4021250,82.2007,8,Open_5,OPEN HAND - relax,2.2007,2936,3031,2785,2975,2833,2905,2831,8612.942192,9685.526316,7228.244275,9031.250000,7632.488114,8300.000000,7615.031646,0.055617,0.407970,0.109794,0.048567,0.003440,0.071339,0.035868
4021300,82.2008,8,Open_5,OPEN HAND - relax,2.2008,2924,3007,2793,2980,2842,2899,2831,8489.837746,9396.875000,7293.548387,9086.995516,7711.731844,8241.304348,7615.031646,0.040529,0.366009,0.119821,0.055040,0.013858,0.063762,0.035868
4021350,82.2008,8,Open_5,OPEN HAND - relax,2.2008,2932,3030,2800,2985,2840,2893,2823,8571.625107,9673.239437,7351.351351,9143.243243,7694.023904,8183.194676,7545.754717,0.050553,0.406184,0.128696,0.061570,0.011530,0.056262,0.026445
4021400,82.2219,8,Open_5,OPEN HAND - relax,2.2219,2928,3035,2782,2981,2833,2889,2833,8530.591260,9734.905660,7203.960396,9098.204668,7632.488114,8144.776119,7632.488114,0.045524,0.415148,0.106066,0.056341,0.003440,0.051303,0.038243
4021450,82.2630,8,Open_5,OPEN HAND - relax,2.2630,2923,3026,2795,2990,2844,2895,2833,8479.692833,9624.321796,7310.000000,9200.000000,7729.496403,8202.500000,7632.488114,0.039286,0.399073,0.122347,0.068160,0.016193,0.058754,0.038243
4021500,82.3257,8,Open_5,OPEN HAND - relax,2.3257,2930,3047,2787,2982,2840,2888,2823,8551.072961,9885.305344,7244.495413,9109.433962,7694.023904,8135.211268,7545.754717,0.048034,0.437012,0.112290,0.057645,0.011530,0.050068,0.026445
4021550,82.3672,8,Open_5,OPEN HAND - relax,2.3672,2927,3045,2777,2975,2832,2884,2834,8520.376712,9860.000000,7163.732929,9031.250000,7623.752969,8097.109827,7641.237113,0.044272,0.433333,0.099890,0.048567,0.002291,0.045150,0.039433
4021600,82.3881,8,Open_5,OPEN HAND - relax,2.3881,2918,3022,2784,2988,2840,2888,2832,8429.226848,9575.768872,7220.137300,9177.235772,7694.023904,8135.211268,7623.752969,0.033100,0.392015,0.108550,0.065517,0.011530,0.050068,0.037055
4021650,82.4512,8,Open_5,OPEN HAND - relax,2.4512,2927,3023,2791,2983,2840,2879,2819,8520.376712,9587.873134,7277.147239,9120.683453,7694.023904,8049.835526,7511.442006,0.044272,0.393774,0.117303,0.058951,0.011530,0.039048,0.021777
4021700,82.5133,8,Open_5,OPEN HAND - relax,2.5133,2925,3017,2783,2970,2830,2886,2831,8500.000000,9515.584416,7212.042683,8976.000000,7606.324111,8116.129032,7615.031646,0.041775,0.383266,0.107307,0.042153,0.000000,0.047605,0.035868
4021750,82.5552,8,Open_5,OPEN HAND - relax,2.5552,2915,3010,2793,2984,2838,2882,2829,8399.152542,9432.258065,7293.548387,9131.953195,7676.372315,8078.153339,7597.630332,0.029414,0.371153,0.119821,0.060259,0.009209,0.042703,0.033501
4021800,82.7119,8,Open_5,OPEN HAND - relax,2.7119,2926,3019,2789,2979,2838,2874,2817,8510.179641,9539.591078,7260.796325,9075.806452,7676.372315,8002.948403,7494.366197,0.043022,0.386756,0.114792,0.053741,0.009209,0.032996,0.019454
4021850,82.7119,8,Open_5,OPEN HAND - relax,2.7119,2923,2997,2781,2961,2830,2880,2830,8479.692833,9280.327869,7195.890411,8877.777778,7606.324111,8059.259259,7606.324111,0.039286,0.349067,0.104827,0.030749,0.000000,0.040264,0.034684
4021900,82.7119,8,Open_5,OPEN HAND - relax,2.7119,2913,2970,2795,2969,2840,2887,2827,8379.187817,8976.000000,7310.000000,8965.008881,7694.023904,8125.662252,7580.283912,0.026968,0.304827,0.122347,0.040876,0.011530,0.048836,0.031142
4021950,82.7740,8,Open_5,OPEN HAND - relax,2.7740,2926,2973,2792,2968,2839,2893,2815,8510.179641,9009.090909,7285.341520,8954.037267,7685.191083,8183.194676,7477.343750,0.043022,0.309638,0.118561,0.039603,0.010369,0.056262,0.017139
4022000,82.7948,8,Open_5,OPEN HAND - relax,2.7948,2924,2969,2779,2965,2831,2889,2827,8489.837746,8965.008881,7179.787234,8921.238938,7615.031646,8144.776119,7580.283912,0.040529,0.303230,0.102355,0.035795,0.001145,0.051303,0.031142
4022050,82.8574,8,Open_5,OPEN HAND - relax,2.8574,2912,2970,2791,2974,2843,2895,2825,8369.230769,8976.000000,7277.147239,9020.160571,7720.607029,8202.500000,7562.992126,0.025747,0.304827,0.117303,0.047280,0.015025,0.058754,0.028789
4022100,82.8985,8,Open_5,OPEN HAND - relax,2.8985,2922,2960,2783,2962,2838,2885,2815,8469.565217,8866.960352,7212.042683,8888.614298,7676.372315,8106.611570,7477.343750,0.038044,0.288976,0.107307,0.032007,0.009209,0.046377,0.017139
4022150,82.9807,8,Open_5,OPEN HAND - relax,2.9807,2917,2964,2774,2954,2830,2892,2826,8419.185059,8910.344828,7139.742619,8802.453988,7606.324111,8173.566085,7571.631206,0.031870,0.295283,0.096206,0.022003,0.000000,0.055019,0.029965
4022200,83.0022,8,Open_5,OPEN HAND - relax,3.0022,2913,2974,2784,2968,2838,2894,2826,8379.187817,9020.160571,7220.137300,8954.037267,7676.372315,8192.839301,7571.631206,0.026968,0.311247,0.108550,0.039603,0.009209,0.057507,0.029965
4022250,83.2199,8,Open_5,OPEN HAND - relax,3.2199,2916,2993,2780,2961,2837,2890,2814,8409.160305,9234.301270,7187.832700,8877.777778,7667.567568,8154.356846,7468.852459,0.030641,0.342376,0.103590,0.030749,0.008052,0.052539,0.015984
4022300,83.2199,8,Open_5,OPEN HAND - relax,3.2199,2918,2999,2766,2948,2832,2881,2825,8429.226848,9303.467153,7076.297968,8738.622493,7623.752969,8068.698517,7562.992126,0.033100,0.352431,0.086465,0.014592,0.002291,0.041483,0.028789
4022350,83.2199,8,Open_5,OPEN HAND - relax,3.2199,2912,2966,2764,2955,2840,2896,2823,8369.230769,8932.152347,7060.555973,8813.157895,7694.023904,8212.176814,7545.754717,0.025747,0.298453,0.084048,0.023246,0.011530,0.060003,0.026445
4022400,83.2200,8,Open_5,OPEN HAND - relax,3.2200,2929,2989,2768,2950,2838,2887,2813,8540.823328,9188.607595,7092.087415,8759.825328,7676.372315,8125.662252,7460.374415,0.046778,0.335734,0.088890,0.017054,0.009209,0.048836,0.014830
4022450,83.2411,8,Open_5,OPEN HAND - relax,3.2411,2928,2974,2757,2940,2830,2892,2819,8530.591260,9020.160571,7005.829596,8654.545455,7606.324111,8173.566085,7511.442006,0.045524,0.311247,0.075646,0.004830,0.000000,0.055019,0.021777
4022500,83.3033,8,Open_5,OPEN HAND - relax,3.3033,2919,2959,2763,2950,2834,2888,2818,8439.285714,8856.161972,7052.702703,8759.825328,7641.237113,8135.211268,7502.897416,0.034333,0.287407,0.082843,0.017054,0.004590,0.050068,0.020615
4022550,83.3450,8,Open_5,OPEN HAND - relax,3.3450,2928,2962,2759,2951,2834,2882,2806,8530.591260,8888.614298,7021.407186,8770.454545,7641.237113,8078.153339,7401.396431,0.045524,0.292124,0.078038,0.018288,0.004590,0.042703,0.006808
4022600,83.4075,8,Open_5,OPEN HAND - relax,3.4075,2928,2955,2748,2939,2827,2880,2817,8530.591260,8813.157895,6936.302895,8644.117647,7580.283912,8059.259259,7494.366197,0.045524,0.281155,0.064971,0.003620,-0.003423,0.040264,0.019454
4022650,83.4494,8,Open_5,OPEN HAND - relax,3.4494,2914,2951,2758,2948,2834,2879,2818,8389.161727,8770.454545,7013.612565,8738.622493,7641.237113,8049.835526,7502.897416,0.028190,0.274947,0.076841,0.014592,0.004590,0.039048,0.020615
4022700,83.4920,8,Open_5,OPEN HAND - relax,3.4920,2919,2983,2760,2945,2832,2871,2808,8439.285714,9120.683453,7029.213483,8706.956522,7623.752969,7975.000000,7418.181818,0.034333,0.325860,0.079236,0.010915,0.002291,0.029389,0.009091
4022750,83.5547,8,Open_5,OPEN HAND - relax,3.5547,2917,2986,2748,2941,2826,2872,2820,8419.185059,9154.553652,6936.302895,8664.991334,7571.631206,7984.300899,7520.000000,0.031870,0.330783,0.064971,0.006043,-0.004561,0.030589,0.022941
4022800,83.7295,8,Open_5,OPEN HAND - relax,3.7295,2921,2969,2748,2953,2838,2876,2818,8459.454855,8965.008881,6936.302895,8791.768827,7676.372315,8021.657096,7502.897416,0.036805,0.303230,0.064971,0.020763,0.009209,0.035411,0.020615
4022850,83.7296,8,Open_5,OPEN HAND - relax,3.7296,2927,2993,2750,2943,2835,2868,2806,8520.376712,9234.301270,6951.672862,8685.937500,7650.000000,7947.188264,7401.396431,0.044272,0.342376,0.067331,0.008475,0.005742,0.025799,0.006808
4022900,83.7296,8,Open_5,OPEN HAND - relax,3.7296,2926,2983,2741,2934,2829,2869,2820,8510.179641,9120.683453,6882.865583,8592.248062,7597.630332,7956.443719,7520.000000,0.043022,0.325860,0.056766,-0.002403,-0.001143,0.026993,0.022941
4022950,83.7502,8,Open_5,OPEN HAND - relax,3.7502,2911,2976,2753,2940,2837,2874,2818,8359.290541,9042.359249,6974.813711,8654.545455,7667.567568,8002.948403,7502.897416,0.024529,0.314474,0.070884,0.004830,0.008052,0.032996,0.020615
4023000,83.7922,8,Open_5,OPEN HAND - relax,3.7922,2922,2975,2751,2936,2832,2866,2809,8469.565217,9031.250000,6959.375000,8612.942192,7623.752969,7928.722539,7426.594090,0.038044,0.312859,0.068513,0.000000,0.002291,0.023415,0.010235
4023050,83.8555,8,Open_5,OPEN HAND - relax,3.8555,2919,2967,2742,2924,2827,2868,2820,8439.285714,8943.085106,6890.465632,8489.837746,7580.283912,7947.188264,7520.000000,0.034333,0.300043,0.057933,-0.014293,-0.003423,0.025799,0.022941
4023100,83.8976,8,Open_5,OPEN HAND - relax,3.8976,2908,2959,2751,2941,2834,2875,2819,8329.570345,8856.161972,6959.375000,8664.991334,7641.237113,8012.295082,7511.442006,0.020886,0.287407,0.068513,0.006043,0.004590,0.034202,0.021777
4023150,83.9601,8,Open_5,OPEN HAND - relax,3.9601,2915,2978,2752,2936,2833,2869,2808,8399.152542,9064.637422,6967.088608,8612.942192,7632.488114,7956.443719,7418.181818,0.029414,0.317712,0.069698,0.000000,0.003440,0.026993,0.009091
4023200,84.0232,8,Open_5,OPEN HAND - relax,4.0232,2917,2962,2740,2926,2825,2871,2818,8419.185059,8888.614298,6875.276753,8510.179641,7562.992126,7975.000000,7502.897416,0.031870,0.292124,0.055601,-0.011931,-0.005697,0.029389,0.020615
4023250,84.0446,8,Open_5,OPEN HAND - relax,4.0446,2905,2970,2755,2943,2834,2875,2818,8300.000000,8976.000000,6990.298507,8685.937500,7641.237113,8012.295082,7502.897416,0.017262,0.304827,0.073261,0.008475,0.004590,0.034202,0.020615
4023300,84.2390,8,Open_5,OPEN HAND - relax,4.2390,2926,2976,2753,2931,2833,2869,2805,8510.179641,9042.359249,6974.813711,8561.340206,7632.488114,7956.443719,7393.023256,0.043022,0.314474,0.070884,-0.005991,0.003440,0.026993,0.005669
4023350,84.2390,8,Open_5,OPEN HAND - relax,4.2390,2926,2961,2741,2928,2826,2868,2817,8510.179641,8877.777778,6882.865583,8530.591260,7571.631206,7947.188264,7494.366197,0.043022,0.290549,0.056766,-0.009561,-0.004561,0.025799,0.019454
4023400,84.2390,8,Open_5,OPEN HAND - relax,4.2390,2912,2961,2753,2940,2833,2875,2816,8369.230769,8877.777778,6974.813711,8654.545455,7632.488114,8012.295082,7485.848319,0.025747,0.290549,0.070884,0.004830,0.003440,0.034202,0.018296
4023450,84.2596,8,Open_5,OPEN HAND - relax,4.2596,2920,2976,2753,2944,2833,2869,2804,8449.361702,9042.359249,6974.813711,8696.437880,7632.488114,7956.443719,7384.663052,0.035568,0.314474,0.070884,0.009694,0.003440,0.026993,0.004531
4023500,84.3017,8,Open_5,OPEN HAND - relax,4.3017,2925,2959,2760,2932,2829,2874,2817,8500.000000,8856.161972,7029.213483,8571.625107,7597.630332,8002.948403,7494.366197,0.041775,0.287407,0.079236,-0.004797,-0.001143,0.032996,0.019454
4023550,84.3648,8,Open_5,OPEN HAND - relax,4.3648,2915,2942,2762,2941,2835,2879,2813,8399.152542,8675.455334,7044.861215,8664.991334,7650.000000,8049.835526,7460.374415,0.029414,0.261138,0.081639,0.006043,0.005742,0.039048,0.014830
4023600,84.4066,8,Open_5,OPEN HAND - relax,4.4066,2923,2928,2756,2943,2832,2874,2801,8479.692833,8530.591260,6998.058252,8685.937500,7623.752969,8002.948403,7359.659969,0.039286,0.240079,0.074453,0.008475,0.002291,0.032996,0.001130
4023650,84.4690,8,Open_5,OPEN HAND - relax,4.4690,2920,2931,2752,2934,2829,2873,2812,8449.361702,8561.340206,6967.088608,8592.248062,7597.630332,7993.617021,7451.909587,0.035568,0.244549,0.069698,-0.002403,-0.001143,0.031792,0.013679
4023700,84.4903,8,Open_5,OPEN HAND - relax,4.4903,2906,2924,2759,2942,2834,2879,2813,8309.840202,8489.837746,7021.407186,8675.455334,7641.237113,8049.835526,7460.374415,0.018468,0.234155,0.078038,0.007258,0.004590,0.039048,0.014830
4023750,84.5735,8,Open_5,OPEN HAND - relax,4.5735,2916,2945,2754,2945,2834,2876,2801,8409.160305,8706.956522,6982.550336,8706.956522,7641.237113,8021.657096,7359.659969,0.030641,0.265717,0.072072,0.010915,0.004590,0.035411,0.001130
4023800,84.7496,8,Open_5,OPEN HAND - relax,4.7496,2917,2927,2741,2942,2828,2870,2814,8419.185059,8520.376712,6882.865583,8675.455334,7588.950276,7965.714286,7468.852459,0.031870,0.238594,0.056766,0.007258,-0.002284,0.028190,0.015984
4023850,84.7496,8,Open_5,OPEN HAND - relax,4.7496,2904,2926,2746,2959,2833,2879,2812,8290.176322,8510.179641,6920.978503,8856.161972,7632.488114,8049.835526,7451.909587,0.016058,0.237112,0.062618,0.028239,0.003440,0.039048,0.013679
4023900,84.7496,8,Open_5,OPEN HAND - relax,4.7496,2910,2928,2741,2959,2834,2871,2803,8349.367089,8530.591260,6882.865583,8856.161972,7641.237113,7975.000000,7376.315789,0.023313,0.240079,0.056766,0.028239,0.004590,0.029389,0.003396
4023950,84.7497,8,Open_5,OPEN HAND - relax,4.7497,2909,2930,2735,2948,2829,2871,2816,8339.460371,8551.072961,6837.500000,8738.622493,7597.630332,7975.000000,7485.848319,0.022099,0.243056,0.049801,0.014592,-0.001143,0.029389,0.018296
4024000,84.8124,8,Open_5,OPEN HAND - relax,4.8124,2897,2929,2737,2954,2836,2879,2814,8221.869783,8540.823328,6852.577320,8802.453988,7658.776807,8049.835526,7468.852459,0.007686,0.241566,0.052116,0.022003,0.006896,0.039048,0.015984
4024050,84.8545,8,Open_5,OPEN HAND - relax,4.8545,2910,2926,2740,2951,2835,2875,2802,8349.367089,8510.179641,6875.276753,8770.454545,7650.000000,8012.295082,7367.981439,0.023313,0.237112,0.055601,0.018288,0.005742,0.034202,0.002262
4024100,84.9374,8,Open_5,OPEN HAND - relax,4.9374,2906,2924,2738,2945,2830,2871,2815,8309.840202,8489.837746,6860.132646,8706.956522,7606.324111,7975.000000,7477.343750,0.018468,0.234155,0.053276,0.010915,0.000000,0.029389,0.017139
4024150,84.9580,8,Open_5,OPEN HAND - relax,4.9580,2895,2910,2746,2953,2835,2880,2813,8202.500000,8349.367089,6920.978503,8791.768827,7650.000000,8059.259259,7460.374415,0.005312,0.213735,0.062618,0.020763,0.005742,0.040264,0.014830
4024200,85.0208,8,Open_5,OPEN HAND - relax,5.0208,2909,2926,2740,2949,2834,2872,2802,8339.460371,8510.179641,6875.276753,8749.214660,7641.237113,7984.300899,7367.981439,0.022099,0.237112,0.055601,0.015822,0.004590,0.030589,0.002262
4024250,85.0626,8,Open_5,OPEN HAND - relax,5.0626,2910,2921,2731,2937,2828,2871,2813,8349.367089,8459.454855,6807.478006,8623.316062,7588.950276,7975.000000,7460.374415,0.023313,0.229738,0.045192,0.001204,-0.002284,0.029389,0.014830
4024300,85.0830,8,Open_5,OPEN HAND - relax,5.0830,2900,2900,2744,2948,2832,2879,2813,8251.046025,8251.046025,6905.699482,8738.622493,7623.752969,8049.835526,7460.374415,0.011262,0.199442,0.060272,0.014592,0.002291,0.039048,0.014830
4024350,85.2597,8,Open_5,OPEN HAND - relax,5.2597,2908,2913,2744,2960,2832,2875,2803,8329.570345,8379.187817,6905.699482,8866.960352,7623.752969,8012.295082,7376.315789,0.020886,0.218070,0.060272,0.029493,0.002291,0.034202,0.003396
4024400,85.2598,8,Open_5,OPEN HAND - relax,5.2598,2902,2908,2734,2967,2826,2880,2814,8270.578374,8329.570345,6829.977957,8943.085106,7571.631206,8059.259259,7468.852459,0.013656,0.210857,0.048646,0.038331,-0.004561,0.040264,0.015984
4024450,85.2598,8,Open_5,OPEN HAND - relax,5.2598,2893,2907,2754,2977,2835,2885,2816,8183.194676,8319.696970,6982.550336,9053.488372,7650.000000,8106.611570,7485.848319,0.002946,0.209422,0.072072,0.051149,0.005742,0.046377,0.018296
4024500,85.3015,8,Open_5,OPEN HAND - relax,5.3015,2898,2915,2744,2976,2835,2889,2804,8231.578947,8399.152542,6905.699482,9042.359249,7650.000000,8144.776119,7384.663052,0.008876,0.220972,0.060272,0.049857,0.005742,0.051303,0.004531
4024550,85.3419,8,Open_5,OPEN HAND - relax,5.3419,2897,2909,2737,2969,2828,2887,2815,8221.869783,8339.460371,6852.577320,8965.008881,7588.950276,8125.662252,7477.343750,0.007686,0.212295,0.052116,0.040876,-0.002284,0.048836,0.017139
4024600,85.4042,8,Open_5,OPEN HAND - relax,5.4042,2889,2899,2742,2980,2833,2929,2816,8144.776119,8241.304348,6890.465632,9086.995516,7632.488114,8540.823328,7485.848319,-0.001762,0.198026,0.057933,0.055040,0.003440,0.102423,0.018296
4024650,85.4461,8,Open_5,OPEN HAND - relax,5.4461,2895,2922,2750,2981,2832,2890,2800,8202.500000,8469.565217,6951.672862,9098.204668,7623.752969,8154.356846,7351.351351,0.005312,0.231208,0.067331,0.056341,0.002291,0.052539,0.000000
4024700,85.4877,8,Open_5,OPEN HAND - relax,5.4877,2896,2923,2741,2971,2825,2885,2811,8212.176814,8479.692833,6882.865583,8987.010676,7562.992126,8106.611570,7443.457944,0.006498,0.232680,0.056766,0.043431,-0.005697,0.046377,0.012529
4024750,85.5507,8,Open_5,OPEN HAND - relax,5.5507,2887,2912,2740,2977,2831,2890,2808,8125.662252,8369.230769,6875.276753,9053.488372,7615.031646,8154.356846,7418.181818,-0.004105,0.216622,0.055601,0.051149,0.001145,0.052539,0.009091
4024800,85.7690,8,Open_5,OPEN HAND - relax,5.7690,2896,2912,2736,2970,2831,2882,2800,8212.176814,8369.230769,6845.033113,8976.000000,7615.031646,8078.153339,7351.351351,0.006498,0.216622,0.050958,0.042153,0.001145,0.042703,0.000000
4024850,85.7690,8,Open_5,OPEN HAND - relax,5.7690,2901,2913,2736,2964,2826,2885,2810,8260.804020,8379.187817,6845.033113,8910.344828,7571.631206,8106.611570,7435.019455,0.012458,0.218070,0.050958,0.034530,-0.004561,0.046377,0.011381
4024900,85.7690,8,Open_5,OPEN HAND - relax,5.7690,2896,2908,2742,2976,2831,2886,2807,8212.176814,8329.570345,6890.465632,9042.359249,7615.031646,8116.129032,7409.782609,0.006498,0.210857,0.057933,0.049857,0.001145,0.047605,0.007948
4024950,85.7691,8,Open_5,OPEN HAND - relax,5.7691,2901,2910,2735,2967,2835,2882,2798,8260.804020,8349.367089,6837.500000,8943.085106,7650.000000,8078.153339,7334.772552,0.012458,0.213735,0.049801,0.038331,0.005742,0.042703,-0.002255
4025000,85.8103,8,Open_5,OPEN HAND - relax,5.8103,2902,2917,2722,2960,2827,2887,2808,8270.578374,8419.185059,6740.568099,8866.960352,7580.283912,8125.662252,7418.181818,0.013656,0.223884,0.034919,0.029493,-0.003423,0.048836,0.009091
4025050,85.8525,8,Open_5,OPEN HAND - relax,5.8525,2897,2911,2736,2974,2834,2893,2810,8221.869783,8359.290541,6845.033113,9020.160571,7641.237113,8183.194676,7435.019455,0.007686,0.215177,0.050958,0.047280,0.004590,0.056262,0.011381
4025100,85.9147,8,Open_5,OPEN HAND - relax,5.9147,2908,2908,2740,2986,2834,2893,2804,8329.570345,8329.570345,6875.276753,9154.553652,7641.237113,8183.194676,7384.663052,0.020886,0.210857,0.055601,0.062883,0.004590,0.056262,0.004531
4025150,85.9565,8,Open_5,OPEN HAND - relax,5.9565,2904,2913,2727,2979,2828,2888,2812,8290.176322,8379.187817,6777.631579,9075.806452,7588.950276,8135.211268,7451.909587,0.016058,0.218070,0.040609,0.053741,-0.002284,0.050068,0.013679
4025200,85.9982,8,Open_5,OPEN HAND - relax,5.9982,2899,2898,2731,2984,2833,2896,2812,8241.304348,8231.578947,6807.478006,9131.953195,7632.488114,8212.176814,7451.909587,0.010068,0.196612,0.045192,0.060259,0.003440,0.060003,0.013679
4025250,86.0612,8,Open_5,OPEN HAND - relax,6.0612,2910,2902,2734,2990,2833,2904,2803,8349.367089,8270.578374,6829.977957,9200.000000,7632.488114,8290.176322,7376.315789,0.023313,0.202281,0.048646,0.068160,0.003440,0.070071,0.003396
4025300,86.1030,8,Open_5,OPEN HAND - relax,6.1030,2909,2894,2732,2991,2826,2898,2814,8339.460371,8192.839301,6814.966985,9211.413043,7571.631206,8231.578947,7468.852459,0.022099,0.190980,0.046342,0.069485,-0.004561,0.062507,0.015984
4025350,86.2785,8,Open_5,OPEN HAND - relax,6.2785,2898,2879,2732,2989,2835,2897,2810,8231.578947,8049.835526,6814.966985,9188.607595,7650.000000,8221.869783,7435.019455,0.008876,0.170192,0.046342,0.066837,0.005742,0.061254,0.011381
4025400,86.2786,8,Open_5,OPEN HAND - relax,6.2786,2907,2882,2733,2983,2837,2884,2802,8319.696970,8078.153339,6822.466960,9120.683453,7667.567568,8097.109827,7367.981439,0.019676,0.174309,0.047493,0.058951,0.008052,0.045150,0.002262
4025450,86.2786,8,Open_5,OPEN HAND - relax,6.2786,2906,2884,2730,2976,2830,2883,2816,8309.840202,8097.109827,6800.000000,9042.359249,7606.324111,8087.623762,7485.848319,0.018468,0.177064,0.044044,0.049857,0.000000,0.043926,0.018296
4025500,86.2989,8,Open_5,OPEN HAND - relax,6.2989,2897,2882,2736,2999,2839,2894,2815,8221.869783,8078.153339,6845.033113,9303.467153,7685.191083,8192.839301,7477.343750,0.007686,0.174309,0.050958,0.080173,0.010369,0.057507,0.017139
4025550,86.3616,8,Open_5,OPEN HAND - relax,6.3616,2906,2898,2731,2998,2840,2891,2804,8309.840202,8231.578947,6807.478006,9291.886964,7694.023904,8163.953488,7384.663052,0.018468,0.196612,0.045192,0.078828,0.011530,0.053778,0.004531
4025600,86.4031,8,Open_5,OPEN HAND - relax,6.4031,2901,2895,2719,2988,2831,2899,2816,8260.804020,8202.500000,6718.459302,9177.235772,7615.031646,8241.304348,7485.848319,0.012458,0.192385,0.031524,0.065517,0.001145,0.063762,0.018296
4025650,86.4664,8,Open_5,OPEN HAND - relax,6.4664,2895,2883,2731,2998,2834,2913,2814,8202.500000,8087.623762,6807.478006,9291.886964,7641.237113,8379.187817,7468.852459,0.005312,0.175685,0.045192,0.078828,0.004590,0.081560,0.015984
4025700,86.5082,8,Open_5,OPEN HAND - relax,6.5082,2902,2895,2725,2997,2836,2906,2810,8270.578374,8202.500000,6762.773723,9280.327869,7658.776807,8309.840202,7435.019455,0.013656,0.192385,0.038328,0.077486,0.006896,0.072609,0.011381
4025750,86.5501,8,Open_5,OPEN HAND - relax,6.5501,2900,2895,2727,3009,2829,2911,2818,8251.046025,8202.500000,6777.631579,9420.441989,7597.630332,8359.290541,7502.897416,0.011262,0.192385,0.040609,0.093754,-0.001143,0.078992,0.020615
4025800,86.6127,8,Open_5,OPEN HAND - relax,6.6127,2896,2894,2748,3018,2838,2903,2815,8212.176814,8192.839301,6936.302895,9527.576602,7676.372315,8280.369128,7477.343750,0.006498,0.190980,0.064971,0.106193,0.009209,0.068805,0.017139
4025850,86.7870,8,Open_5,OPEN HAND - relax,6.7870,2909,2895,2741,3003,2837,2897,2805,8339.460371,8202.500000,6882.865583,9350.000000,7667.567568,8221.869783,7393.023256,0.022099,0.192385,0.056766,0.085576,0.008052,0.061254,0.005669
4025900,86.7870,8,Open_5,OPEN HAND - relax,6.7870,2908,2890,2741,2990,2829,2923,2816,8329.570345,8154.356846,6882.865583,9200.000000,7597.630332,8479.692833,7485.848319,0.020886,0.185386,0.056766,0.068160,-0.001143,0.094533,0.018296
4025950,86.7870,8,Open_5,OPEN HAND - relax,6.7870,2898,2879,2746,3002,2837,2905,2815,8231.578947,8049.835526,6920.978503,9338.334858,7667.567568,8300.000000,7477.343750,0.008876,0.170192,0.062618,0.084221,0.008052,0.071339,0.017139
4026000,86.8082,8,Open_5,OPEN HAND - relax,6.8082,2904,2890,2750,2985,2836,2893,2804,8290.176322,8154.356846,6951.672862,9143.243243,7658.776807,8183.194676,7384.663052,0.016058,0.185386,0.067331,0.061570,0.006896,0.056262,0.004531
4026050,86.8503,8,Open_5,OPEN HAND - relax,6.8503,2899,2874,2739,2983,2831,2898,2817,8241.304348,8002.948403,6867.699115,9120.683453,7615.031646,8231.578947,7494.366197,0.010068,0.163376,0.054438,0.058951,0.001145,0.062507,0.019454
4026100,86.9135,8,Open_5,OPEN HAND - relax,6.9135,2893,2865,2757,2992,2839,2898,2815,8183.194676,7919.512195,7005.829596,9222.846782,7685.191083,8231.578947,7477.343750,0.002946,0.151247,0.075646,0.070813,0.010369,0.062507,0.017139
4026150,86.9558,8,Open_5,OPEN HAND - relax,6.9558,2899,2878,2756,2992,2836,2890,2803,8241.304348,8040.427280,6998.058252,9222.846782,7658.776807,8154.356846,7376.315789,0.010068,0.168825,0.074453,0.070813,0.006896,0.052539,0.003396
4026200,87.0318,8,Open_5,OPEN HAND - relax,7.0318,2902,2877,2747,2983,2828,2892,2815,8270.578374,8031.034483,6928.635015,9120.683453,7588.950276,8173.566085,7477.343750,0.013656,0.167459,0.063794,0.058951,-0.002284,0.055019,0.017139
4026250,87.0531,8,Open_5,OPEN HAND - relax,7.0531,2894,2868,2754,2993,2835,2896,2815,8192.839301,7947.188264,6982.550336,9234.301270,7650.000000,8212.176814,7477.343750,0.004128,0.155271,0.072072,0.072142,0.005742,0.060003,0.017139
4026300,87.1156,8,Open_5,OPEN HAND - relax,7.1156,2902,2869,2754,2998,2835,2893,2802,8270.578374,7956.443719,6982.550336,9291.886964,7650.000000,8183.194676,7367.981439,0.013656,0.156616,0.072072,0.078828,0.005742,0.056262,0.002262
4026350,87.2791,8,Open_5,OPEN HAND - relax,7.2791,2901,2867,2742,2992,2829,2886,2816,8260.804020,7937.947883,6890.465632,9222.846782,7597.630332,8116.129032,7485.848319,0.012458,0.153927,0.057933,0.070813,-0.001143,0.047605,0.018296
4026400,87.2792,8,Open_5,OPEN HAND - relax,7.2792,2894,2855,2748,3007,2836,2891,2813,8192.839301,7828.225806,6936.302895,9396.875000,7658.776807,8163.953488,7460.374415,0.004128,0.137977,0.064971,0.091018,0.006896,0.053778,0.014830
4026450,87.2792,8,Open_5,OPEN HAND - relax,7.2792,2905,2866,2758,3013,2835,2890,2804,8300.000000,7928.722539,7013.612565,9467.837338,7650.000000,8154.356846,7384.663052,0.017262,0.152586,0.076841,0.099257,0.005742,0.052539,0.004531
4026500,87.3210,8,Open_5,OPEN HAND - relax,7.3210,2903,2869,2749,3007,2828,2895,2817,8280.369128,7956.443719,6943.982169,9396.875000,7588.950276,8202.500000,7494.366197,0.014856,0.156616,0.066150,0.091018,-0.002284,0.058754,0.019454
4026550,87.3413,8,Open_5,OPEN HAND - relax,7.3413,2897,2866,2752,3021,2838,2899,2815,8221.869783,7928.722539,6967.088608,9563.687151,7676.372315,8241.304348,7477.343750,0.007686,0.152586,0.069698,0.110386,0.009209,0.063762,0.017139
4026600,87.4046,8,Open_5,OPEN HAND - relax,7.4046,2909,2872,2752,3007,2832,2894,2803,8339.460371,7984.300899,6967.088608,9396.875000,7623.752969,8192.839301,7376.315789,0.022099,0.160666,0.069698,0.091018,0.002291,0.057507,0.003396
4026650,87.4668,8,Open_5,OPEN HAND - relax,7.4668,2913,2869,2741,3002,2826,2897,2819,8379.187817,7956.443719,6882.865583,9338.334858,7571.631206,8221.869783,7511.442006,0.026968,0.156616,0.056766,0.084221,-0.004561,0.061254,0.021777
4026700,87.5085,8,Open_5,OPEN HAND - relax,7.5085,2902,2863,2745,3012,2833,2896,2815,8270.578374,7901.136364,6913.333333,9455.955679,7632.488114,8212.176814,7477.343750,0.013656,0.148576,0.061444,0.097878,0.003440,0.060003,0.017139
4026750,87.5705,8,Open_5,OPEN HAND - relax,7.5705,2912,2864,2746,3010,2833,2893,2807,8369.230769,7910.316816,6920.978503,9432.258065,7632.488114,8183.194676,7409.782609,0.025747,0.149911,0.062618,0.095126,0.003440,0.056262,0.007948
4026800,87.6123,8,Open_5,OPEN HAND - relax,7.6123,2911,2864,2738,2995,2828,2889,2820,8359.290541,7910.316816,6860.132646,9257.272727,7588.950276,8144.776119,7520.000000,0.024529,0.149911,0.053276,0.074810,-0.002284,0.051303,0.022941
4026850,87.6327,8,Open_5,OPEN HAND - relax,7.6327,2898,2852,2741,3011,2834,2897,2816,8231.578947,7801.126307,6882.865583,9444.095941,7641.237113,8221.869783,7485.848319,0.008876,0.134038,0.056766,0.096501,0.004590,0.061254,0.018296
4026900,87.7919,8,Open_5,OPEN HAND - relax,7.7919,2909,2865,2737,3009,2833,2894,2808,8339.460371,7919.512195,6852.577320,9420.441989,7632.488114,8192.839301,7418.181818,0.022099,0.151247,0.052116,0.093754,0.003440,0.057507,0.009091
4026950,87.7919,8,Open_5,OPEN HAND - relax,7.7919,2912,2863,2733,3004,2829,2899,2820,8369.230769,7901.136364,6822.466960,9361.686526,7597.630332,8241.304348,7520.000000,0.025747,0.148576,0.047493,0.086932,-0.001143,0.063762,0.022941
4027000,87.8130,8,Open_5,OPEN HAND - relax,7.8130,2904,2855,2738,3015,2838,2897,2818,8290.176322,7828.225806,6860.132646,9491.666667,7676.372315,8221.869783,7502.897416,0.016058,0.137977,0.053276,0.102024,0.009209,0.061254,0.020615
4027050,87.8553,8,Open_5,OPEN HAND - relax,7.8553,2917,2862,2741,3015,2834,2897,2811,8419.185059,7891.970803,6882.865583,9491.666667,7641.237113,8221.869783,7443.457944,0.031870,0.147244,0.056766,0.102024,0.004590,0.061254,0.012529
4027100,87.8971,8,Open_5,OPEN HAND - relax,7.8971,2920,2865,2735,3003,2828,2900,2826,8449.361702,7919.512195,6837.500000,9350.000000,7588.950276,8251.046025,7571.631206,0.035568,0.151247,0.049801,0.085576,-0.002284,0.065020,0.029965
4027150,87.9382,8,Open_5,OPEN HAND - relax,7.9382,2917,2873,2742,3021,2837,2904,2827,8419.185059,7993.617021,6890.465632,9563.687151,7667.567568,8290.176322,7580.283912,0.031870,0.162020,0.057933,0.110386,0.008052,0.070071,0.031142
4027200,88.0361,8,Open_5,OPEN HAND - relax,8.0361,2921,2879,2735,3022,2837,2899,2816,8459.454855,8049.835526,6837.500000,9575.768872,7667.567568,8241.304348,7485.848319,0.036805,0.170192,0.049801,0.111788,0.008052,0.063762,0.018296
4027250,88.0571,8,Open_5,OPEN HAND - relax,8.0571,2921,2878,2727,3004,2832,2907,2827,8459.454855,8040.427280,6777.631579,9361.686526,7623.752969,8319.696970,7580.283912,0.036805,0.168825,0.040609,0.086932,0.002291,0.073881,0.031142
4027300,88.0994,8,Open_5,OPEN HAND - relax,8.0994,2906,2868,2731,3010,2841,2905,2822,8309.840202,7947.188264,6807.478006,9432.258065,7702.870813,8300.000000,7537.156324,0.018468,0.155271,0.045192,0.095126,0.012693,0.071339,0.025275
4027350,88.1621,8,Open_5,OPEN HAND - relax,8.1621,2914,2870,2733,3003,2839,2901,2812,8389.161727,7965.714286,6822.466960,9350.000000,7685.191083,8260.804020,7451.909587,0.028190,0.157964,0.047493,0.085576,0.010369,0.066279,0.013679
4027400,88.3044,8,Open_5,OPEN HAND - relax,8.3044,2910,2861,2724,2987,2832,2905,2822,8349.367089,7882.820097,6755.361050,9165.884477,7623.752969,8300.000000,7537.156324,0.023313,0.145913,0.037190,0.064199,0.002291,0.071339,0.025275
4027450,88.3045,8,Open_5,OPEN HAND - relax,8.3045,2896,2849,2726,2995,2840,2907,2821,8212.176814,7774.157303,6770.197224,9257.272727,7694.023904,8319.696970,7528.571429,0.006498,0.130117,0.039468,0.074810,0.011530,0.073881,0.024107
4027500,88.3246,8,Open_5,OPEN HAND - relax,8.3246,2907,2857,2730,2992,2838,2899,2811,8319.696970,7846.365105,6800.000000,9222.846782,7676.372315,8241.304348,7443.457944,0.019676,0.140614,0.044044,0.070813,0.009209,0.063762,0.012529
4027550,88.3247,8,Open_5,OPEN HAND - relax,8.3247,2905,2853,2718,2986,2830,2902,2821,8300.000000,7810.144928,6711.111111,9154.553652,7606.324111,8270.578374,7528.571429,0.017262,0.135349,0.030396,0.062883,0.000000,0.067541,0.024107
4027600,88.4074,8,Open_5,OPEN HAND - relax,8.4074,2896,2845,2726,2992,2839,2910,2821,8212.176814,7738.400000,6770.197224,9222.846782,7685.191083,8349.367089,7528.571429,0.006498,0.124919,0.039468,0.070813,0.010369,0.077711,0.024107
4027650,88.4698,8,Open_5,OPEN HAND - relax,8.4698,2904,2855,2724,2988,2837,2904,2811,8290.176322,7828.225806,6755.361050,9177.235772,7667.567568,8290.176322,7443.457944,0.016058,0.137977,0.037190,0.065517,0.008052,0.070071,0.012529
4027700,88.5115,8,Open_5,OPEN HAND - relax,8.5115,2900,2856,2720,2977,2831,2907,2821,8251.046025,7837.288136,6725.818182,9053.488372,7615.031646,8319.696970,7528.571429,0.011262,0.139295,0.032654,0.051149,0.001145,0.073881,0.024107
4027750,88.5317,8,Open_5,OPEN HAND - relax,8.5317,2892,2849,2729,2986,2836,2911,2820,8173.566085,7774.157303,6792.532943,9154.553652,7658.776807,8359.290541,7520.000000,0.001766,0.130117,0.042897,0.062883,0.006896,0.078992,0.022941
4027800,88.5945,8,Open_5,OPEN HAND - relax,8.5945,2897,2860,2727,2985,2834,2909,2810,8221.869783,7873.684211,6777.631579,9143.243243,7641.237113,8339.460371,7435.019455,0.007686,0.144585,0.040609,0.061570,0.004590,0.076432,0.011381
4027850,88.6565,8,Open_5,OPEN HAND - relax,8.6565,2898,2851,2722,2974,2829,2907,2819,8231.578947,7792.122186,6740.568099,9020.160571,7597.630332,8319.696970,7511.442006,0.008876,0.132729,0.034919,0.047280,-0.001143,0.073881,0.021777
4027900,88.8171,8,Open_5,OPEN HAND - relax,8.8171,2891,2837,2728,2987,2838,2909,2817,8163.953488,7667.567568,6785.076811,9165.884477,7676.372315,8339.460371,7494.366197,0.000588,0.114623,0.041752,0.064199,0.009209,0.076432,0.019454
4027950,88.8171,8,Open_5,OPEN HAND - relax,8.8171,2897,2852,2726,2979,2835,2899,2806,8221.869783,7801.126307,6770.197224,9075.806452,7650.000000,8241.304348,7401.396431,0.007686,0.134038,0.039468,0.053741,0.005742,0.063762,0.006808
4028000,88.8378,8,Open_5,OPEN HAND - relax,8.8378,2897,2854,2716,2980,2827,2901,2820,8221.869783,7819.178082,6696.446701,9086.995516,7580.283912,8260.804020,7520.000000,0.007686,0.136662,0.028145,0.055040,-0.003423,0.066279,0.022941
4028050,88.8792,8,Open_5,OPEN HAND - relax,8.8792,2888,2839,2724,2985,2834,2908,2820,8135.211268,7685.191083,6755.361050,9143.243243,7641.237113,8329.570345,7520.000000,-0.002935,0.117184,0.037190,0.061570,0.004590,0.075155,0.022941
4028100,88.9003,8,Open_5,OPEN HAND - relax,8.9003,2898,2852,2726,2984,2834,2903,2809,8231.578947,7801.126307,6770.197224,9131.953195,7641.237113,8280.369128,7426.594090,0.008876,0.134038,0.039468,0.060259,0.004590,0.068805,0.010235
4028150,88.9419,8,Open_5,OPEN HAND - relax,8.9419,2897,2853,2718,2971,2827,2898,2819,8221.869783,7810.144928,6711.111111,8987.010676,7580.283912,8231.578947,7511.442006,0.007686,0.135349,0.030396,0.043431,-0.003423,0.062507,0.021777
4028200,89.0146,8,Open_5,OPEN HAND - relax,9.0146,2891,2841,2726,2981,2833,2900,2818,8163.953488,7702.870813,6770.197224,9098.204668,7632.488114,8251.046025,7502.897416,0.000588,0.119754,0.039468,0.056341,0.003440,0.065020,0.020615
4028250,89.0573,8,Open_5,OPEN HAND - relax,9.0573,2896,2847,2726,2977,2836,2898,2807,8212.176814,7756.250000,6770.197224,9053.488372,7658.776807,8231.578947,7409.782609,0.006498,0.127514,0.039468,0.051149,0.006896,0.062507,0.007948
4028300,89.0995,8,Open_5,OPEN HAND - relax,9.0995,2895,2848,2719,2971,2829,2898,2818,8202.500000,7765.196472,6718.459302,8987.010676,7597.630332,8231.578947,7502.897416,0.005312,0.128815,0.031524,0.043431,-0.001143,0.062507,0.020615
4028350,89.1410,8,Open_5,OPEN HAND - relax,9.1410,2887,2835,2725,2977,2835,2898,2816,8125.662252,7650.000000,6762.773723,9053.488372,7650.000000,8231.578947,7485.848319,-0.004105,0.112069,0.038328,0.051149,0.005742,0.062507,0.018296
4028400,89.3371,8,Open_5,OPEN HAND - relax,9.3371,2896,2845,2723,2977,2834,2900,2806,8212.176814,7738.400000,6747.959184,9053.488372,7641.237113,8251.046025,7401.396431,0.006498,0.124919,0.036054,0.051149,0.004590,0.065020,0.006808
4028450,89.3371,8,Open_5,OPEN HAND - relax,9.3371,2896,2841,2716,2977,2829,2904,2817,8212.176814,7702.870813,6696.446701,9053.488372,7597.630332,8290.176322,7494.366197,0.006498,0.119754,0.028145,0.051149,-0.001143,0.070071,0.019454
4028500,89.3372,8,Open_5,OPEN HAND - relax,9.3372,2888,2832,2721,2988,2837,2905,2817,8135.211268,7623.752969,6733.187773,9177.235772,7667.567568,8300.000000,7494.366197,-0.002935,0.108253,0.033786,0.065517,0.008052,0.071339,0.019454
4028550,89.3372,8,Open_5,OPEN HAND - relax,9.3372,2895,2839,2720,2988,2834,2896,2807,8202.500000,7685.191083,6725.818182,9177.235772,7641.237113,8212.176814,7409.782609,0.005312,0.117184,0.032654,0.065517,0.004590,0.060003,0.007948
4028600,89.3792,8,Open_5,OPEN HAND - relax,9.3792,2893,2838,2708,2975,2828,2899,2819,8183.194676,7676.372315,6638.211968,9031.250000,7588.950276,8241.304348,7511.442006,0.002946,0.115902,0.019203,0.048567,-0.002284,0.063762,0.021777
4028650,89.4834,8,Open_5,OPEN HAND - relax,9.4834,2885,2831,2718,2983,2834,2905,2818,8106.611570,7615.031646,6711.111111,9120.683453,7641.237113,8300.000000,7502.897416,-0.006440,0.106985,0.030396,0.058951,0.004590,0.071339,0.020615
4028700,89.5251,8,Open_5,OPEN HAND - relax,9.5251,2897,2843,2717,2992,2833,2898,2810,8221.869783,7720.607029,6703.773585,9222.846782,7632.488114,8231.578947,7435.019455,0.007686,0.122333,0.029269,0.070813,0.003440,0.062507,0.011381
4028750,89.5664,8,Open_5,OPEN HAND - relax,9.5664,2894,2838,2703,2983,2826,2897,2819,8192.839301,7676.372315,6602.155172,9120.683453,7571.631206,8221.869783,7511.442006,0.004128,0.115902,0.013667,0.058951,-0.004561,0.061254,0.021777
4028800,89.5664,8,Open_5,OPEN HAND - relax,9.5664,2883,2832,2715,2988,2835,2901,2816,8087.623762,7623.752969,6689.130435,9177.235772,7650.000000,8260.804020,7485.848319,-0.008767,0.108253,0.027021,0.065517,0.005742,0.066279,0.018296
4028850,89.6501,8,Open_5,OPEN HAND - relax,9.6501,2895,2840,2706,2987,2833,2892,2807,8202.500000,7694.023904,6623.758099,9165.884477,7632.488114,8173.566085,7409.782609,0.005312,0.118468,0.016984,0.064199,0.003440,0.055019,0.007948
4028900,89.6913,8,Open_5,OPEN HAND - relax,9.6913,2894,2838,2705,2983,2825,2893,2817,8192.839301,7676.372315,6616.546763,9120.683453,7562.992126,8183.194676,7494.366197,0.004128,0.115902,0.015877,0.058951,-0.005697,0.056262,0.019454
4028950,89.8300,8,Open_5,OPEN HAND - relax,9.8300,2887,2827,2716,2997,2833,2900,2815,8125.662252,7580.283912,6696.446701,9280.327869,7632.488114,8251.046025,7477.343750,-0.004105,0.101934,0.028145,0.077486,0.003440,0.065020,0.017139
4029000,89.8301,8,Open_5,OPEN HAND - relax,9.8301,2892,2834,2716,2997,2832,2896,2808,8173.566085,7641.237113,6696.446701,9280.327869,7623.752969,8212.176814,7418.181818,0.001766,0.110795,0.028145,0.077486,0.002291,0.060003,0.009091
4029050,89.8504,8,Open_5,OPEN HAND - relax,9.8504,2890,2834,2703,2989,2829,2899,2816,8154.356846,7641.237113,6602.155172,9188.607595,7597.630332,8241.304348,7485.848319,-0.000588,0.110795,0.013667,0.066837,-0.001143,0.063762,0.018296
4029100,89.9132,8,Open_5,OPEN HAND - relax,9.9132,2883,2831,2721,2995,2832,2896,2814,8087.623762,7615.031646,6733.187773,9257.272727,7623.752969,8212.176814,7468.852459,-0.008767,0.106985,0.033786,0.074810,0.002291,0.060003,0.015984
4029150,89.9343,8,Open_5,OPEN HAND - relax,9.9343,2893,2835,2717,2992,2832,2892,2804,8183.194676,7650.000000,6703.773585,9222.846782,7623.752969,8173.566085,7384.663052,0.002946,0.112069,0.029269,0.070813,0.002291,0.055019,0.004531
4029200,89.9760,8,Open_5,OPEN HAND - relax,9.9760,2890,2828,2712,2991,2827,2906,2816,8154.356846,7588.950276,6667.245119,9211.413043,7580.283912,8309.840202,7485.848319,-0.000588,0.103194,0.023661,0.069485,-0.003423,0.072609,0.018296
4029250,90.0488,9,Thumb_Bend,BEND THUMB ONLY,0.0488,2882,2822,2718,2993,2834,2898,2815,8078.153339,7537.156324,6711.111111,9234.301270,7641.237113,8231.578947,7477.343750,-0.009928,0.095665,0.030396,0.072142,0.004590,0.062507,0.017139
4029300,90.1115,9,Thumb_Bend,BEND THUMB ONLY,0.1115,2893,2832,2726,2993,2835,2894,2806,8183.194676,7623.752969,6770.197224,9234.301270,7650.000000,8192.839301,7401.396431,0.002946,0.108253,0.039468,0.072142,0.005742,0.057507,0.006808
4029350,90.1531,9,Thumb_Bend,BEND THUMB ONLY,0.1531,2892,2833,2706,2983,2828,2896,2818,8173.566085,7632.488114,6623.758099,9120.683453,7588.950276,8212.176814,7502.897416,0.001766,0.109523,0.016984,0.058951,-0.002284,0.060003,0.020615
4029400,90.1952,9,Thumb_Bend,BEND THUMB ONLY,0.1952,2881,2826,2714,2991,2835,2897,2817,8068.698517,7571.631206,6681.824765,9211.413043,7650.000000,8221.869783,7494.366197,-0.011087,0.100676,0.025900,0.069485,0.005742,0.061254,0.019454
4029450,90.3339,9,Thumb_Bend,BEND THUMB ONLY,0.3339,2890,2836,2708,2987,2834,2895,2809,8154.356846,7658.776807,6638.211968,9165.884477,7641.237113,8202.500000,7426.594090,-0.000588,0.113345,0.019203,0.064199,0.004590,0.058754,0.010235
4029500,90.3340,9,Thumb_Bend,BEND THUMB ONLY,0.3340,2896,2844,2694,2975,2825,2898,2822,8212.176814,7729.496403,6537.901499,9031.250000,7562.992126,8231.578947,7537.156324,0.006498,0.123625,0.003802,0.048567,-0.005697,0.062507,0.025275
4029550,90.3549,9,Thumb_Bend,BEND THUMB ONLY,0.3549,2888,2840,2715,2982,2835,2901,2820,8135.211268,7694.023904,6689.130435,9109.433962,7650.000000,8260.804020,7520.000000,-0.002935,0.118468,0.027021,0.057645,0.005742,0.066279,0.022941
4029600,90.4176,9,Thumb_Bend,BEND THUMB ONLY,0.4176,2898,2864,2714,2988,2840,2896,2814,8231.578947,7910.316816,6681.824765,9177.235772,7694.023904,8212.176814,7468.852459,0.008876,0.149911,0.025900,0.065517,0.011530,0.060003,0.015984
4029650,90.4588,9,Thumb_Bend,BEND THUMB ONLY,0.4588,2897,2873,2702,2977,2830,2893,2829,8221.869783,7993.617021,6594.974874,9053.488372,7606.324111,8183.194676,7597.630332,0.007686,0.162020,0.012565,0.051149,0.000000,0.056262,0.033501
4029700,90.5010,9,Thumb_Bend,BEND THUMB ONLY,0.5010,2897,2866,2714,2983,2839,2897,2831,8221.869783,7928.722539,6681.824765,9120.683453,7685.191083,8221.869783,7615.031646,0.007686,0.152586,0.025900,0.058951,0.010369,0.061254,0.035868
4029750,90.5424,9,Thumb_Bend,BEND THUMB ONLY,0.5424,2909,2894,2712,2976,2837,2901,2824,8339.460371,8192.839301,6667.245119,9042.359249,7667.567568,8260.804020,7554.366640,0.022099,0.190980,0.023661,0.049857,0.008052,0.066279,0.027616
4029800,90.6053,9,Thumb_Bend,BEND THUMB ONLY,0.6053,2926,2925,2698,2960,2831,2910,2848,8510.179641,8500.000000,6566.356478,8866.960352,7615.031646,8349.367089,7765.196472,0.043022,0.235632,0.008171,0.029493,0.001145,0.077711,0.056295
4029850,90.6475,9,Thumb_Bend,BEND THUMB ONLY,0.6475,2933,2926,2721,2989,2839,2920,2847,8581.927711,8510.179641,6733.187773,9188.607595,7685.191083,8449.361702,7756.250000,0.051816,0.237112,0.033786,0.066837,0.010369,0.090618,0.055078
4029900,90.6897,9,Thumb_Bend,BEND THUMB ONLY,0.6897,2956,2928,2719,2986,2839,2916,2848,8823.880597,8530.591260,6718.459302,9154.553652,7685.191083,8409.160305,7765.196472,0.081470,0.240079,0.031524,0.062883,0.010369,0.085429,0.056295
4029950,90.8562,9,Thumb_Bend,BEND THUMB ONLY,0.8562,2962,2905,2707,2975,2830,2947,2883,8888.614298,8300.000000,6630.979827,9031.250000,7606.324111,8728.048780,8087.623762,0.089404,0.206558,0.018093,0.048567,0.000000,0.126590,0.100155
4030000,90.8562,9,Thumb_Bend,BEND THUMB ONLY,0.8562,2964,2916,2727,2993,2837,2938,2879,8910.344828,8409.160305,6777.631579,9234.301270,7667.567568,8633.707865,8049.835526,0.092067,0.222427,0.040609,0.072142,0.008052,0.114413,0.095014
4030050,90.8562,9,Thumb_Bend,BEND THUMB ONLY,0.8562,2981,2937,2728,3005,2840,2938,2880,9098.204668,8623.316062,6785.076811,9373.394495,7694.023904,8633.707865,8059.259259,0.115092,0.253558,0.041752,0.088292,0.011530,0.114413,0.096296
4030100,90.9184,9,Thumb_Bend,BEND THUMB ONLY,0.9184,2991,2942,2726,2994,2831,2955,2887,9211.413043,8675.455334,6770.197224,9245.776567,7615.031646,8813.157895,8125.662252,0.128967,0.261138,0.039468,0.073475,0.001145,0.137575,0.105329
4030150,90.9607,9,Thumb_Bend,BEND THUMB ONLY,0.9607,3207,2933,2739,2987,2838,2962,2893,12279.054054,8581.927711,6867.699115,9165.884477,7676.372315,8888.614298,8183.194676,0.504942,0.247542,0.054438,0.064199,0.009209,0.147315,0.113155
4030200,91.0229,9,Thumb_Bend,BEND THUMB ONLY,1.0229,3285,2927,2734,2996,2837,2948,2889,13788.888889,8520.376712,6829.977957,9268.789809,7667.567568,8738.622493,8144.776119,0.689990,0.238594,0.048646,0.076147,0.008052,0.127955,0.107929
4030250,91.0439,9,Thumb_Bend,BEND THUMB ONLY,1.0439,3391,2927,2736,2982,2831,2947,2878,16376.988636,8520.376712,6845.033113,9109.433962,7615.031646,8728.048780,8040.427280,1.007192,0.238594,0.050958,0.057645,0.001145,0.126590,0.093735
4030300,91.0858,9,Thumb_Bend,BEND THUMB ONLY,1.0858,3451,2914,2755,2987,2839,2974,2856,18219.565217,8389.161727,6990.298507,9165.884477,7685.191083,9020.160571,7837.288136,1.233021,0.219520,0.073261,0.064199,0.010369,0.164295,0.066102
4030350,91.1481,9,Thumb_Bend,BEND THUMB ONLY,1.1481,3621,2919,2753,2993,2834,2957,2847,25973.417722,8439.285714,6974.813711,9234.301270,7641.237113,8834.622144,7756.250000,2.183346,0.226806,0.070884,0.072142,0.004590,0.140346,0.055078
4030400,91.1899,9,Thumb_Bend,BEND THUMB ONLY,1.1899,3498,2938,2741,2993,2827,2957,2840,19921.608040,8633.707865,6882.865583,9234.301270,7580.283912,8834.622144,7694.023904,1.441626,0.255069,0.056766,0.072142,-0.003423,0.140346,0.046614
4030450,91.3671,9,Thumb_Bend,BEND THUMB ONLY,1.3671,3444,2947,2751,2997,2833,2972,2836,17987.096774,8728.048780,6959.375000,9280.327869,7632.488114,8998.040962,7658.776807,1.204529,0.268783,0.068513,0.077486,0.003440,0.161439,0.041819
4030500,91.3672,9,Thumb_Bend,BEND THUMB ONLY,1.3672,3418,2947,2754,2999,2834,2985,2834,17165.731167,8728.048780,6982.550336,9303.467153,7641.237113,9143.243243,7641.237113,1.103861,0.268783,0.072072,0.080173,0.004590,0.180182,0.039433
4030550,91.3672,9,Thumb_Bend,BEND THUMB ONLY,1.3672,3509,2947,2746,2987,2828,2953,2845,20359.385666,8728.048780,6920.978503,9165.884477,7588.950276,8791.768827,7738.400000,1.495281,0.268783,0.062618,0.064199,-0.002284,0.134815,0.052650
4030600,91.3879,9,Thumb_Bend,BEND THUMB ONLY,1.3879,3429,2936,2762,2994,2834,2963,2831,17505.405405,8612.942192,7044.861215,9245.776567,7641.237113,8899.469965,7615.031646,1.145492,0.252050,0.081639,0.073475,0.004590,0.148716,0.035868
4030650,91.4294,9,Thumb_Bend,BEND THUMB ONLY,1.4294,3531,2949,2762,2992,2834,2977,2822,21286.170213,8749.214660,7044.861215,9222.846782,7641.237113,9053.488372,7537.156324,1.608869,0.271860,0.081639,0.070813,0.004590,0.168596,0.025275
4030700,91.4911,9,Thumb_Bend,BEND THUMB ONLY,1.4911,3521,2973,2758,2982,2829,2980,2831,20856.097561,9009.090909,7013.612565,9109.433962,7597.630332,9086.995516,7615.031646,1.556159,0.309638,0.076841,0.057645,-0.001143,0.172921,0.035868
4030750,91.5531,9,Thumb_Bend,BEND THUMB ONLY,1.5531,3484,2982,2770,2991,2835,2993,2840,19387.234043,9109.433962,7107.924528,9211.413043,7650.000000,9234.301270,7694.023904,1.376133,0.324224,0.091321,0.069485,0.005742,0.191935,0.046614
4030800,91.6379,9,Thumb_Bend,BEND THUMB ONLY,1.6379,3475,2966,2772,2992,2838,2995,2832,19056.451613,8932.152347,7123.809524,9222.846782,7676.372315,9257.272727,7623.752969,1.335591,0.298453,0.093760,0.070813,0.009209,0.194900,0.037055
4030850,91.6801,9,Thumb_Bend,BEND THUMB ONLY,1.6801,3456,2953,2749,2988,2832,2968,2844,18388.732394,8791.768827,6943.982169,9177.235772,7623.752969,8954.037267,7729.496403,1.253754,0.278046,0.066150,0.065517,0.002291,0.155760,0.051439
4030900,91.7008,9,Thumb_Bend,BEND THUMB ONLY,1.7008,3575,2951,2742,2994,2839,2992,2840,23375.000000,8770.454545,6890.465632,9245.776567,7685.191083,9222.846782,7694.023904,1.864880,0.274947,0.057933,0.073475,0.010369,0.190457,0.046614
4030950,91.8818,9,Thumb_Bend,BEND THUMB ONLY,1.8818,3413,2959,2757,3000,2837,2976,2828,17014.956012,8856.161972,7005.829596,9315.068493,7667.567568,9042.359249,7588.950276,1.085382,0.287407,0.075646,0.081520,0.008052,0.167160,0.032320
4031000,91.8819,9,Thumb_Bend,BEND THUMB ONLY,1.8819,3453,2959,2759,2989,2829,2984,2834,18286.915888,8856.161972,7021.407186,9188.607595,7597.630332,9131.953195,7641.237113,1.241276,0.287407,0.078038,0.066837,-0.001143,0.178724,0.039433
4031050,91.8819,9,Thumb_Bend,BEND THUMB ONLY,1.8819,3477,2956,2767,2986,2838,2978,2837,19129.126214,8823.880597,7084.186747,9154.553652,7676.372315,9064.637422,7667.567568,1.344498,0.282714,0.087677,0.062883,0.009209,0.170036,0.043015
4031100,91.9030,9,Thumb_Bend,BEND THUMB ONLY,1.9030,3409,2969,2769,2993,2836,2983,2825,16895.918367,8965.008881,7100.000000,9234.301270,7658.776807,9120.683453,7562.992126,1.070793,0.303230,0.090104,0.072142,0.006896,0.177270,0.028789
4031150,91.9442,9,Thumb_Bend,BEND THUMB ONLY,1.9442,3436,2961,2763,2987,2829,2987,2846,17727.465857,8877.777778,7052.702703,9165.884477,7597.630332,9165.884477,7747.317854,1.172709,0.290549,0.082843,0.064199,-0.001143,0.183104,0.053863
4031200,92.0058,9,Thumb_Bend,BEND THUMB ONLY,2.0058,3383,2968,2781,2997,2834,2962,2842,16154.775281,8954.037267,7195.890411,9280.327869,7641.237113,8888.614298,7711.731844,0.979957,0.301635,0.104827,0.077486,0.004590,0.147315,0.049022
4031250,92.0474,9,Thumb_Bend,BEND THUMB ONLY,2.0474,3461,2961,2786,2992,2834,2961,2835,18560.567823,8877.777778,7236.363636,9222.846782,7641.237113,8877.777778,7650.000000,1.274815,0.290549,0.111041,0.070813,0.004590,0.145916,0.040625
4031300,92.1104,9,Thumb_Bend,BEND THUMB ONLY,2.1104,3488,2975,2769,2990,2829,2980,2842,19537.397035,9031.250000,7100.000000,9200.000000,7597.630332,9086.995516,7711.731844,1.394537,0.312859,0.090104,0.068160,-0.001143,0.172921,0.049022
4031350,92.1318,9,Thumb_Bend,BEND THUMB ONLY,2.1318,3468,2960,2767,2992,2835,2991,2840,18805.741627,8866.960352,7084.186747,9222.846782,7650.000000,9211.413043,7694.023904,1.304864,0.288976,0.087677,0.070813,0.005742,0.188981,0.046614
4031400,92.1945,9,Thumb_Bend,BEND THUMB ONLY,2.1945,3468,2969,2778,2999,2837,2998,2832,18805.741627,8965.008881,7171.753986,9303.467153,7667.567568,9291.886964,7623.752969,1.304864,0.303230,0.101121,0.080173,0.008052,0.199368,0.037055
4031450,92.2362,9,Thumb_Bend,BEND THUMB ONLY,2.2362,3441,2974,2767,2988,2830,3003,2842,17888.990826,9020.160571,7084.186747,9177.235772,7606.324111,9350.000000,7711.731844,1.192505,0.311247,0.087677,0.065517,0.000000,0.206869,0.049022
4031500,92.3929,9,Thumb_Bend,BEND THUMB ONLY,2.3929,3416,2950,2771,2985,2840,2973,2841,17105.154639,8759.825328,7115.861027,9143.243243,7694.023904,9009.090909,7702.870813,1.096437,0.273402,0.092540,0.061570,0.011530,0.162866,0.047817
4031550,92.3930,9,Thumb_Bend,BEND THUMB ONLY,2.3930,3431,2952,2764,2993,2838,2992,2833,17568.373494,8781.102362,7060.555973,9234.301270,7676.372315,9222.846782,7632.488114,1.153210,0.276495,0.084048,0.072142,0.009209,0.190457,0.038243
4031600,92.3930,9,Thumb_Bend,BEND THUMB ONLY,2.3930,3415,2946,2757,2989,2829,3000,2846,17075.000000,8717.493473,7005.829596,9188.607595,7597.630332,9315.068493,7747.317854,1.092741,0.267249,0.075646,0.066837,-0.001143,0.202360,0.053863
4031650,92.4557,9,Thumb_Bend,BEND THUMB ONLY,2.4557,3404,2942,2769,2999,2838,2996,2847,16749.059334,8675.455334,7100.000000,9303.467153,7676.372315,9268.789809,7756.250000,1.052793,0.261138,0.090104,0.080173,0.009209,0.196387,0.055078
4031700,92.5178,9,Thumb_Bend,BEND THUMB ONLY,2.5178,3354,2957,2756,2994,2836,2990,2833,15389.473684,8834.622144,6998.058252,9245.776567,7658.776807,9200.000000,7632.488114,0.886160,0.284275,0.074453,0.073475,0.006896,0.187508,0.038243
4031750,92.5390,9,Thumb_Bend,BEND THUMB ONLY,2.5390,3359,2955,2757,2982,2829,2984,2844,15517.119565,8813.157895,7005.829596,9109.433962,7597.630332,9131.953195,7729.496403,0.901805,0.281155,0.075646,0.057645,-0.001143,0.178724,0.051439
4031800,92.6022,9,Thumb_Bend,BEND THUMB ONLY,2.6022,3387,2942,2767,2989,2834,2984,2848,16265.254237,8675.455334,7084.186747,9188.607595,7641.237113,9131.953195,7765.196472,0.993497,0.261138,0.087677,0.066837,0.004590,0.178724,0.056295
4031850,92.6441,9,Thumb_Bend,BEND THUMB ONLY,2.6441,3400,2945,2752,2991,2834,2982,2833,16633.093525,8706.956522,6967.088608,9211.413043,7641.237113,9109.433962,7632.488114,1.038580,0.265717,0.069698,0.069485,0.004590,0.175818,0.038243
4031900,92.7070,9,Thumb_Bend,BEND THUMB ONLY,2.7070,3360,2944,2745,2983,2825,2968,2851,15542.857143,8696.437880,6913.333333,9120.683453,7562.992126,8954.037267,7792.122186,0.904959,0.264188,0.061444,0.058951,-0.005697,0.155760,0.059958
4031950,92.7495,9,Thumb_Bend,BEND THUMB ONLY,2.7495,3348,2930,2746,2990,2834,2969,2842,15238.554217,8551.072961,6920.978503,9200.000000,7641.237113,8965.008881,7711.731844,0.867663,0.243056,0.062618,0.068160,0.004590,0.157176,0.049022
4032000,92.9048,9,Thumb_Bend,BEND THUMB ONLY,2.9048,3358,2934,2750,2983,2835,2974,2832,15491.451832,8592.248062,6951.672862,9120.683453,7650.000000,9020.160571,7623.752969,0.898659,0.249042,0.067331,0.058951,0.005742,0.164295,0.037055
4032050,92.9048,9,Thumb_Bend,BEND THUMB ONLY,2.9048,3350,2937,2735,2971,2830,2977,2844,15288.590604,8623.316062,6837.500000,8987.010676,7606.324111,9053.488372,7729.496403,0.873796,0.253558,0.049801,0.043431,0.000000,0.168596,0.051439
4032100,92.9048,9,Thumb_Bend,BEND THUMB ONLY,2.9048,3330,2926,2747,2977,2837,2975,2846,14800.000000,8510.179641,6928.635015,9053.488372,7667.567568,9031.250000,7747.317854,0.813913,0.237112,0.063794,0.051149,0.008052,0.165726,0.053863
4032150,92.9676,9,Thumb_Bend,BEND THUMB ONLY,2.9676,3375,2942,2754,2973,2835,2966,2833,15937.500000,8675.455334,6982.550336,9009.090909,7650.000000,8932.152347,7632.488114,0.953327,0.261138,0.072072,0.045995,0.005742,0.152935,0.038243
4032200,92.9877,9,Thumb_Bend,BEND THUMB ONLY,2.9877,3392,2942,2746,2964,2828,2974,2845,16405.120910,8675.455334,6920.978503,8910.344828,7588.950276,9020.160571,7738.400000,1.010640,0.261138,0.062618,0.034530,-0.002284,0.164295,0.052650
4032250,93.0504,9,Thumb_Bend,BEND THUMB ONLY,3.0504,3403,2935,2750,2971,2835,2978,2849,16719.942197,8602.586207,6951.672862,8987.010676,7650.000000,9064.637422,7774.157303,1.049225,0.250545,0.067331,0.043431,0.005742,0.170036,0.057514
4032300,93.1131,9,Thumb_Bend,BEND THUMB ONLY,3.1131,3380,2934,2745,2962,2834,2965,2835,16072.727273,8592.248062,6913.333333,8888.614298,7641.237113,8921.238938,7650.000000,0.969901,0.249042,0.061444,0.032007,0.004590,0.151526,0.040625
4032350,93.1556,9,Thumb_Bend,BEND THUMB ONLY,3.1556,3363,2928,2735,2959,2827,2959,2850,15620.491803,8530.591260,6837.500000,8856.161972,7580.283912,8856.161972,7783.132530,0.914474,0.240079,0.049801,0.028239,-0.003423,0.143126,0.058735
4032400,93.1976,9,Thumb_Bend,BEND THUMB ONLY,3.1976,3353,2917,2742,2980,2833,2973,2849,15364.150943,8419.185059,6890.465632,9086.995516,7632.488114,9009.090909,7774.157303,0.883057,0.223884,0.057933,0.055040,0.003440,0.162866,0.057514
4032450,93.2607,9,Thumb_Bend,BEND THUMB ONLY,3.2607,3358,2928,2741,2979,2832,2956,2835,15491.451832,8530.591260,6882.865583,9075.806452,7623.752969,8823.880597,7650.000000,0.898659,0.240079,0.056766,0.053741,0.002291,0.138959,0.040625
4032500,93.4195,9,Thumb_Bend,BEND THUMB ONLY,3.4195,3355,2927,2732,2972,2827,2936,2846,15414.864865,8520.376712,6814.966985,8998.040962,7580.283912,8612.942192,7747.317854,0.889272,0.238594,0.046342,0.044712,-0.003423,0.111732,0.053863
4032550,93.4195,9,Thumb_Bend,BEND THUMB ONLY,3.4195,3352,2922,2745,2991,2834,2932,2848,15338.896366,8469.565217,6913.333333,9211.413043,7641.237113,8571.625107,7765.196472,0.879961,0.231208,0.061444,0.069485,0.004590,0.106399,0.056295
4032600,93.4196,9,Thumb_Bend,BEND THUMB ONLY,3.4196,3388,2921,2737,2989,2833,2925,2838,16293.069307,8459.454855,6852.577320,9188.607595,7632.488114,8500.000000,7676.372315,0.996906,0.229738,0.052116,0.066837,0.003440,0.097154,0.044212
4032650,93.4613,9,Thumb_Bend,BEND THUMB ONLY,3.4613,3395,2927,2729,2981,2824,2931,2851,16490.000000,8520.376712,6792.532943,9098.204668,7554.366640,8561.340206,7792.122186,1.021043,0.238594,0.042897,0.056341,-0.006831,0.105072,0.059958
4032700,93.5024,9,Thumb_Bend,BEND THUMB ONLY,3.5024,3361,2914,2737,2991,2835,2933,2849,15568.664850,8389.161727,6852.577320,9211.413043,7650.000000,8581.927711,7774.157303,0.908122,0.219520,0.052116,0.069485,0.005742,0.107729,0.057514
4032750,93.5651,9,Thumb_Bend,BEND THUMB ONLY,3.5651,3362,2924,2740,2991,2833,2931,2838,15594.542974,8489.837746,6875.276753,9211.413043,7632.488114,8561.340206,7676.372315,0.911294,0.234155,0.055601,0.069485,0.003440,0.105072,0.044212
4032800,93.5865,9,Thumb_Bend,BEND THUMB ONLY,3.5865,3367,2928,2734,2976,2826,2933,2848,15725.000000,8530.591260,6829.977957,9042.359249,7571.631206,8581.927711,7765.196472,0.927283,0.240079,0.048646,0.049857,-0.004561,0.107729,0.056295
4032850,93.6496,9,Thumb_Bend,BEND THUMB ONLY,3.6496,3351,2916,2736,2984,2833,2931,2849,15313.709677,8409.160305,6845.033113,9131.953195,7632.488114,8561.340206,7774.157303,0.876874,0.222427,0.050958,0.060259,0.003440,0.105072,0.057514
4032900,93.6911,9,Thumb_Bend,BEND THUMB ONLY,3.6911,3329,2923,2739,2983,2833,2933,2838,14776.240209,8479.692833,6867.699115,9120.683453,7632.488114,8581.927711,7676.372315,0.811001,0.232680,0.054438,0.058951,0.003440,0.107729,0.044212
4032950,93.7536,9,Thumb_Bend,BEND THUMB ONLY,3.7536,3332,2925,2735,2970,2824,2927,2848,14847.706422,8500.000000,6837.500000,8976.000000,7554.366640,8520.376712,7765.196472,0.819760,0.235632,0.049801,0.042153,-0.006831,0.099784,0.056295
4033000,93.9344,9,Thumb_Bend,BEND THUMB ONLY,3.9344,3337,2914,2733,2979,2833,2944,2847,14968.073879,8389.161727,6822.466960,9075.806452,7632.488114,8696.437880,7756.250000,0.834513,0.219520,0.047493,0.053741,0.003440,0.122509,0.055078
4033050,93.9345,9,Thumb_Bend,BEND THUMB ONLY,3.9345,3366,2917,2725,2977,2832,2947,2837,15698.765432,8419.185059,6762.773723,9053.488372,7623.752969,8728.048780,7667.567568,0.924068,0.223884,0.038328,0.051149,0.002291,0.126590,0.043015
4033100,93.9345,9,Thumb_Bend,BEND THUMB ONLY,3.9345,3324,2907,2722,2980,2824,2958,2844,14658.365759,8319.696970,6740.568099,9086.995516,7554.366640,8845.382586,7729.496403,0.796554,0.209422,0.034919,0.055040,-0.006831,0.141735,0.051439
4033150,93.9345,9,Thumb_Bend,BEND THUMB ONLY,3.9345,3365,2897,2735,2979,2833,2947,2844,15672.602740,8221.869783,6837.500000,9075.806452,7632.488114,8728.048780,7729.496403,0.920861,0.195201,0.049801,0.053741,0.003440,0.126590,0.051439
4033200,93.9964,9,Thumb_Bend,BEND THUMB ONLY,3.9964,3336,2910,2738,2982,2832,2940,2830,14943.873518,8349.367089,6860.132646,9109.433962,7623.752969,8654.545455,7606.324111,0.831547,0.213735,0.053276,0.057645,0.002291,0.117102,0.034684
4033250,94.0584,9,Thumb_Bend,BEND THUMB ONLY,4.0584,3332,2906,2734,2969,2828,2935,2841,14847.706422,8309.840202,6829.977957,8965.008881,7588.950276,8602.586207,7702.870813,0.819760,0.207989,0.048646,0.040876,-0.002284,0.110395,0.047817
4033300,94.0998,9,Thumb_Bend,BEND THUMB ONLY,4.0998,3345,2896,2745,2977,2833,2932,2840,15164.000000,8212.176814,6913.333333,9053.488372,7632.488114,8571.625107,7694.023904,0.858526,0.193792,0.061444,0.051149,0.003440,0.106399,0.046614
4033350,94.1628,9,Thumb_Bend,BEND THUMB ONLY,4.1628,3362,2906,2747,2976,2832,2936,2829,15594.542974,8309.840202,6928.635015,9042.359249,7623.752969,8612.942192,7597.630332,0.911294,0.207989,0.063794,0.049857,0.002291,0.111732,0.033501
4033400,94.2045,9,Thumb_Bend,BEND THUMB ONLY,4.2045,3356,2914,2737,2962,2824,2941,2836,15440.324763,8389.161727,6852.577320,8888.614298,7554.366640,8664.991334,7658.776807,0.892393,0.219520,0.052116,0.032007,-0.006831,0.118450,0.041819
4033450,94.2462,9,Thumb_Bend,BEND THUMB ONLY,4.2462,3334,2903,2751,2971,2833,2946,2834,14895.663601,8280.369128,6959.375000,8987.010676,7632.488114,8717.493473,7641.237113,0.825638,0.203705,0.068513,0.043431,0.003440,0.125227,0.039433
4033500,94.4443,9,Thumb_Bend,BEND THUMB ONLY,4.4443,3342,2913,2750,2978,2831,2928,2831,15090.039841,8379.187817,6951.672862,9064.637422,7615.031646,8530.591260,7615.031646,0.849461,0.218070,0.067331,0.052444,0.001145,0.101103,0.035868
4033550,94.4444,9,Thumb_Bend,BEND THUMB ONLY,4.4444,3342,2912,2733,2963,2823,2924,2840,15090.039841,8369.230769,6822.466960,8899.469965,7545.754717,8489.837746,7694.023904,0.849461,0.216622,0.047493,0.033267,-0.007963,0.095842,0.046614
4033600,94.4444,9,Thumb_Bend,BEND THUMB ONLY,4.4444,3321,2908,2738,2971,2832,2933,2839,14588.372093,8329.570345,6860.132646,8987.010676,7623.752969,8581.927711,7685.191083,0.787976,0.210857,0.053276,0.043431,0.002291,0.107729,0.045412
4033650,94.4655,9,Thumb_Bend,BEND THUMB ONLY,4.4655,3273,2921,2742,2966,2831,2929,2832,13537.956204,8459.454855,6890.465632,8932.152347,7615.031646,8540.823328,7623.752969,0.659235,0.229738,0.057933,0.037062,0.001145,0.102423,0.037055
4033700,94.4856,9,Thumb_Bend,BEND THUMB ONLY,4.4856,3254,2918,2730,2959,2826,2954,2840,13155.291320,8429.226848,6800.000000,8856.161972,7571.631206,8802.453988,7694.023904,0.612335,0.225344,0.044044,0.028239,-0.004561,0.136194,0.046614
4033750,94.5699,9,Thumb_Bend,BEND THUMB ONLY,4.5699,3251,2909,2742,2969,2835,2934,2842,13096.445498,8339.460371,6890.465632,8965.008881,7650.000000,8592.248062,7711.731844,0.605123,0.212295,0.057933,0.040876,0.005742,0.109061,0.049022
4033800,94.5908,9,Thumb_Bend,BEND THUMB ONLY,4.5908,3309,2917,2740,2966,2834,2936,2832,14313.740458,8419.185059,6875.276753,8932.152347,7641.237113,8612.942192,7623.752969,0.754316,0.223884,0.055601,0.037062,0.004590,0.111732,0.037055
4033850,94.6538,9,Thumb_Bend,BEND THUMB ONLY,4.6538,3310,2915,2738,2958,2823,2930,2841,14336.305732,8399.152542,6860.132646,8845.382586,7545.754717,8551.072961,7702.870813,0.757082,0.220972,0.053276,0.026987,-0.007963,0.103746,0.047817
4033900,94.6963,9,Thumb_Bend,BEND THUMB ONLY,4.6963,3280,2910,2742,2972,2833,2934,2842,13683.435583,8349.367089,6890.465632,8998.040962,7632.488114,8592.248062,7711.731844,0.677065,0.213735,0.057933,0.044712,0.003440,0.109061,0.049022
4033950,94.7592,9,Thumb_Bend,BEND THUMB ONLY,4.7592,3298,2913,2743,2977,2834,2930,2831,14069.259724,8379.187817,6898.076923,9053.488372,7641.237113,8551.072961,7615.031646,0.724353,0.218070,0.059102,0.051149,0.004590,0.103746,0.035868
4034000,94.7806,9,Thumb_Bend,BEND THUMB ONLY,4.7806,3309,2912,2737,2970,2826,2933,2842,14313.740458,8369.230769,6852.577320,8976.000000,7571.631206,8581.927711,7711.731844,0.754316,0.216622,0.052116,0.042153,-0.004561,0.107729,0.049022
4034050,94.9585,9,Thumb_Bend,BEND THUMB ONLY,4.9585,3299,2907,2745,2979,2835,2939,2844,14091.206030,8319.696970,6913.333333,9075.806452,7650.000000,8644.117647,7729.496403,0.727042,0.209422,0.061444,0.053741,0.005742,0.115756,0.051439
4034100,94.9586,9,Thumb_Bend,BEND THUMB ONLY,4.9586,3310,2914,2743,2984,2832,2933,2832,14336.305732,8389.161727,6898.076923,9131.953195,7623.752969,8581.927711,7623.752969,0.757082,0.219520,0.059102,0.060259,0.002291,0.107729,0.037055
4034150,94.9586,9,Thumb_Bend,BEND THUMB ONLY,4.9586,3301,2912,2730,2971,2827,2941,2839,14135.264484,8369.230769,6800.000000,8987.010676,7580.283912,8664.991334,7685.191083,0.732442,0.216622,0.044044,0.043431,-0.003423,0.118450,0.045412
4034200,95.0004,9,Thumb_Bend,BEND THUMB ONLY,5.0004,3286,2899,2731,2979,2832,2950,2840,13810.135970,8241.304348,6807.478006,9075.806452,7623.752969,8759.825328,7694.023904,0.692594,0.198026,0.045192,0.053741,0.002291,0.130691,0.046614
4034250,95.0626,9,Thumb_Bend,BEND THUMB ONLY,5.0626,3294,2908,2735,2976,2833,2945,2832,13982.022472,8329.570345,6837.500000,9042.359249,7632.488114,8706.956522,7623.752969,0.713661,0.210857,0.049801,0.049857,0.003440,0.123867,0.037055
4034300,95.0838,9,Thumb_Bend,BEND THUMB ONLY,5.0838,3302,2903,2720,2969,2825,2941,2842,14157.377049,8280.369128,6725.818182,8965.008881,7562.992126,8664.991334,7711.731844,0.735152,0.203705,0.032654,0.040876,-0.005697,0.118450,0.049022
4034350,95.1261,9,Thumb_Bend,BEND THUMB ONLY,5.1261,3303,2896,2735,2977,2833,2948,2838,14179.545455,8212.176814,6837.500000,9053.488372,7632.488114,8738.622493,7676.372315,0.737869,0.193792,0.049801,0.051149,0.003440,0.127955,0.044212
4034400,95.2101,9,Thumb_Bend,BEND THUMB ONLY,5.2101,3304,2903,2736,2977,2833,2947,2831,14201.769912,8280.369128,6845.033113,9053.488372,7632.488114,8728.048780,7615.031646,0.740593,0.203705,0.050958,0.051149,0.003440,0.126590,0.035868
4034450,95.2523,9,Thumb_Bend,BEND THUMB ONLY,5.2523,3297,2903,2733,2963,2824,2933,2841,14047.368421,8280.369128,6822.466960,8899.469965,7554.366640,8581.927711,7702.870813,0.721669,0.203705,0.047493,0.033267,-0.006831,0.107729,0.047817
4034500,95.2944,9,Thumb_Bend,BEND THUMB ONLY,5.2944,3309,2895,2735,2973,2833,2941,2842,14313.740458,8202.500000,6837.500000,9009.090909,7632.488114,8664.991334,7711.731844,0.754316,0.192385,0.049801,0.045995,0.003440,0.118450,0.049022
4034550,95.4715,9,Thumb_Bend,BEND THUMB ONLY,5.4715,3317,2901,2737,2972,2832,2939,2833,14495.886889,8260.804020,6852.577320,8998.040962,7623.752969,8644.117647,7632.488114,0.776641,0.200860,0.052116,0.044712,0.002291,0.115756,0.038243
4034600,95.4716,9,Thumb_Bend,BEND THUMB ONLY,5.4716,3266,2899,2727,2960,2823,2928,2842,13394.933655,8241.304348,6777.631579,8866.960352,7545.754717,8530.591260,7711.731844,0.641706,0.198026,0.040609,0.029493,-0.007963,0.101103,0.049022
4034650,95.4716,9,Thumb_Bend,BEND THUMB ONLY,5.4716,3249,2891,2740,2971,2833,2934,2838,13057.446809,8163.953488,6875.276753,8987.010676,7632.488114,8592.248062,7676.372315,0.600343,0.186781,0.055601,0.043431,0.003440,0.109061,0.044212
4034700,95.5126,9,Thumb_Bend,BEND THUMB ONLY,5.5126,3262,2898,2738,2970,2832,2928,2830,13314.285714,8231.578947,6860.132646,8976.000000,7623.752969,8530.591260,7606.324111,0.631822,0.196612,0.053276,0.042153,0.002291,0.101103,0.034684
4034750,95.5548,9,Thumb_Bend,BEND THUMB ONLY,5.5548,3301,2897,2728,2960,2825,2926,2842,14135.264484,8221.869783,6785.076811,8866.960352,7562.992126,8510.179641,7711.731844,0.732442,0.195201,0.041752,0.029493,-0.005697,0.098468,0.049022
4034800,95.6181,9,Thumb_Bend,BEND THUMB ONLY,5.6181,3286,2893,2734,2967,2832,2930,2835,13810.135970,8183.194676,6829.977957,8943.085106,7623.752969,8551.072961,7650.000000,0.692594,0.189578,0.048646,0.038331,0.002291,0.103746,0.040625
4034850,95.6596,9,Thumb_Bend,BEND THUMB ONLY,5.6596,3303,2904,2736,2963,2832,2938,2827,14179.545455,8290.176322,6845.033113,8899.469965,7623.752969,8633.707865,7580.283912,0.737869,0.205130,0.050958,0.033267,0.002291,0.114413,0.031142
4034900,95.7011,9,Thumb_Bend,BEND THUMB ONLY,5.7011,3301,2904,2728,2954,2828,2941,2836,14135.264484,8290.176322,6785.076811,8802.453988,7588.950276,8664.991334,7658.776807,0.732442,0.205130,0.041752,0.022003,-0.002284,0.118450,0.041819
4034950,95.7644,9,Thumb_Bend,BEND THUMB ONLY,5.7644,3288,2898,2734,2960,2832,2945,2834,13852.788104,8231.578947,6829.977957,8866.960352,7623.752969,8706.956522,7641.237113,0.697821,0.196612,0.048646,0.029493,0.002291,0.123867,0.039433
4035000,95.8060,9,Thumb_Bend,BEND THUMB ONLY,5.8060,3304,2902,2735,2961,2831,2939,2829,14201.769912,8270.578374,6837.500000,8877.777778,7615.031646,8644.117647,7597.630332,0.740593,0.202281,0.049801,0.030749,0.001145,0.115756,0.033501
4035050,95.9862,9,Thumb_Bend,BEND THUMB ONLY,5.9862,3295,2901,2725,2947,2827,2931,2838,14003.750000,8260.804020,6762.773723,8728.048780,7580.283912,8561.340206,7676.372315,0.716324,0.200860,0.038328,0.013364,-0.003423,0.105072,0.044212
4035100,95.9863,9,Thumb_Bend,BEND THUMB ONLY,5.9863,3288,2900,2724,2962,2834,2940,2836,13852.788104,8251.046025,6755.361050,8888.614298,7641.237113,8654.545455,7658.776807,0.697821,0.199442,0.037190,0.032007,0.004590,0.117102,0.041819
4035150,95.9863,9,Thumb_Bend,BEND THUMB ONLY,5.9863,3289,2908,2729,2961,2833,2938,2830,13874.193548,8329.570345,6792.532943,8877.777778,7632.488114,8633.707865,7606.324111,0.700445,0.210857,0.042897,0.030749,0.003440,0.114413,0.034684
4035200,95.9863,9,Thumb_Bend,BEND THUMB ONLY,5.9863,3283,2908,2717,2953,2825,2935,2835,13746.551724,8329.570345,6703.773585,8791.768827,7562.992126,8602.586207,7650.000000,0.684801,0.210857,0.029269,0.020763,-0.005697,0.110395,0.040625
4035250,96.0490,9,Thumb_Bend,BEND THUMB ONLY,6.0490,3270,2901,2720,2961,2833,2933,2833,13476.363636,8260.804020,6725.818182,8877.777778,7632.488114,8581.927711,7632.488114,0.651686,0.200860,0.032654,0.030749,0.003440,0.107729,0.038243
4035300,96.1115,9,Thumb_Bend,BEND THUMB ONLY,6.1115,3281,2902,2723,2962,2833,2930,2826,13704.422604,8270.578374,6747.959184,8888.614298,7632.488114,8551.072961,7571.631206,0.679637,0.202281,0.036054,0.032007,0.003440,0.103746,0.029965
4035350,96.1530,9,Thumb_Bend,BEND THUMB ONLY,6.1530,3282,2898,2720,2952,2823,2926,2837,13725.461255,8231.578947,6725.818182,8781.102362,7545.754717,8510.179641,7667.567568,0.682216,0.196612,0.032654,0.019524,-0.007963,0.098468,0.043015
4035400,96.1958,9,Thumb_Bend,BEND THUMB ONLY,6.1958,3268,2891,2722,2962,2833,2933,2836,13435.550181,8163.953488,6740.568099,8888.614298,7632.488114,8581.927711,7658.776807,0.646684,0.186781,0.034919,0.032007,0.003440,0.107729,0.041819
4035450,96.2588,9,Thumb_Bend,BEND THUMB ONLY,6.2588,3258,2898,2724,2959,2832,2938,2828,13234.408602,8231.578947,6755.361050,8856.161972,7623.752969,8633.707865,7588.950276,0.622032,0.196612,0.037190,0.028239,0.002291,0.114413,0.032320
4035500,96.3012,9,Thumb_Bend,BEND THUMB ONLY,6.3012,3250,2896,2718,2951,2822,2928,2833,13076.923077,8212.176814,6711.111111,8770.454545,7537.156324,8530.591260,7632.488114,0.602730,0.193792,0.030396,0.018288,-0.009093,0.101103,0.038243
4035550,96.3435,9,Thumb_Bend,BEND THUMB ONLY,6.3435,3239,2890,2720,2959,2833,2937,2831,12865.186916,8154.356846,6725.818182,8856.161972,7632.488114,8623.316062,7615.031646,0.576779,0.185386,0.032654,0.028239,0.003440,0.113071,0.035868
4035600,96.4975,9,Thumb_Bend,BEND THUMB ONLY,6.4975,3254,2897,2726,2962,2832,2933,2822,13155.291320,8221.869783,6770.197224,8888.614298,7623.752969,8581.927711,7537.156324,0.612335,0.195201,0.039468,0.032007,0.002291,0.107729,0.025275
4035650,96.4976,9,Thumb_Bend,BEND THUMB ONLY,6.4976,3263,2895,2716,2951,2826,2928,2832,13334.375000,8202.500000,6696.446701,8770.454545,7571.631206,8530.591260,7623.752969,0.634284,0.192385,0.028145,0.018288,-0.004561,0.101103,0.037055
4035700,96.4976,9,Thumb_Bend,BEND THUMB ONLY,6.4976,3252,2891,2721,2963,2832,2935,2832,13116.014235,8163.953488,6733.187773,8899.469965,7623.752969,8602.586207,7623.752969,0.607521,0.186781,0.033786,0.033267,0.002291,0.110395,0.037055
4035750,96.5604,9,Thumb_Bend,BEND THUMB ONLY,6.5604,3247,2906,2733,2963,2831,2931,2824,13018.632075,8309.840202,6822.466960,8899.469965,7615.031646,8561.340206,7554.366640,0.595586,0.207989,0.047493,0.033267,0.001145,0.105072,0.027616
4035800,96.6017,9,Thumb_Bend,BEND THUMB ONLY,6.6017,3245,2908,2722,2956,2824,2915,2833,12980.000000,8329.570345,6740.568099,8823.880597,7554.366640,8399.152542,7632.488114,0.590851,0.210857,0.034919,0.024491,-0.006831,0.084137,0.038243
4035850,96.6648,9,Thumb_Bend,BEND THUMB ONLY,6.6648,3246,2889,2731,2967,2831,2928,2832,12999.293286,8144.776119,6807.478006,8943.085106,7615.031646,8530.591260,7623.752969,0.593216,0.183994,0.045192,0.038331,0.001145,0.101103,0.037055
4035900,96.7064,9,Thumb_Bend,BEND THUMB ONLY,6.7064,3235,2902,2732,2965,2832,2930,2827,12789.534884,8270.578374,6814.966985,8921.238938,7623.752969,8551.072961,7580.283912,0.567507,0.202281,0.046342,0.035795,0.002291,0.103746,0.031142
4035950,96.7483,9,Thumb_Bend,BEND THUMB ONLY,6.7483,3254,2897,2728,2964,2822,2923,2838,13155.291320,8221.869783,6785.076811,8910.344828,7537.156324,8479.692833,7676.372315,0.612335,0.195201,0.041752,0.034530,-0.009093,0.094533,0.044212
4036000,96.7901,9,Thumb_Bend,BEND THUMB ONLY,6.7901,3251,2893,2731,2971,2831,2928,2835,13096.445498,8183.194676,6807.478006,8987.010676,7615.031646,8530.591260,7650.000000,0.605123,0.189578,0.045192,0.043431,0.001145,0.101103,0.040625
4036050,97.0180,9,Thumb_Bend,BEND THUMB ONLY,7.0180,3248,2901,2734,2967,2831,2924,2828,13038.016529,8260.804020,6829.977957,8943.085106,7615.031646,8489.837746,7588.950276,0.597962,0.200860,0.048646,0.038331,0.001145,0.095842,0.032320
4036100,97.0183,9,Thumb_Bend,BEND THUMB ONLY,7.0183,3238,2909,2724,2973,2826,2915,2837,12846.207701,8339.460371,6755.361050,9009.090909,7571.631206,8399.152542,7667.567568,0.574453,0.212295,0.037190,0.045995,-0.004561,0.084137,0.043015
4036150,97.0183,9,Thumb_Bend,BEND THUMB ONLY,7.0183,3238,2902,2727,2968,2834,2928,2835,12846.207701,8270.578374,6777.631579,8954.037267,7641.237113,8530.591260,7650.000000,0.574453,0.202281,0.040609,0.039603,0.004590,0.101103,0.040625
4036200,97.0183,9,Thumb_Bend,BEND THUMB ONLY,7.0183,3248,2913,2729,2964,2834,2931,2828,13038.016529,8379.187817,6792.532943,8910.344828,7641.237113,8561.340206,7588.950276,0.597962,0.218070,0.042897,0.034530,0.004590,0.105072,0.032320
4036250,97.0595,9,Thumb_Bend,BEND THUMB ONLY,7.0595,3245,2909,2719,2951,2828,2924,2836,12980.000000,8339.460371,6718.459302,8770.454545,7588.950276,8489.837746,7658.776807,0.590851,0.212295,0.031524,0.018288,-0.002284,0.095842,0.041819
4036300,97.1017,9,Thumb_Bend,BEND THUMB ONLY,7.1017,3241,2895,2722,2959,2833,2931,2832,12903.278689,8202.500000,6740.568099,8856.161972,7632.488114,8561.340206,7623.752969,0.581448,0.192385,0.034919,0.028239,0.003440,0.105072,0.037055
4036350,97.1432,9,Thumb_Bend,BEND THUMB ONLY,7.1432,3239,2900,2723,2962,2832,2931,2827,12865.186916,8251.046025,6747.959184,8888.614298,7623.752969,8561.340206,7580.283912,0.576779,0.199442,0.036054,0.032007,0.002291,0.105072,0.031142
4036400,97.2065,9,Thumb_Bend,BEND THUMB ONLY,7.2065,3247,2901,2717,2949,2825,2924,2836,13018.632075,8260.804020,6703.773585,8749.214660,7562.992126,8489.837746,7658.776807,0.595586,0.200860,0.029269,0.015822,-0.005697,0.095842,0.041819
4036450,97.2487,9,Thumb_Bend,BEND THUMB ONLY,7.2487,3231,2893,2723,2960,2833,2931,2835,12714.583333,8183.194676,6747.959184,8866.960352,7632.488114,8561.340206,7650.000000,0.558321,0.189578,0.036054,0.029493,0.003440,0.105072,0.040625
4036500,97.3113,9,Thumb_Bend,BEND THUMB ONLY,7.3113,3244,2903,2725,2959,2834,2933,2826,12960.752056,8280.369128,6762.773723,8856.161972,7641.237113,8581.927711,7571.631206,0.588492,0.203705,0.038328,0.028239,0.004590,0.107729,0.029965
4036550,97.3528,9,Thumb_Bend,BEND THUMB ONLY,7.3528,3255,2898,2716,2945,2824,2926,2835,13175.000000,8231.578947,6696.446701,8706.956522,7554.366640,8510.179641,7650.000000,0.614751,0.196612,0.028145,0.010915,-0.006831,0.098468,0.040625
4036600,97.5135,9,Thumb_Bend,BEND THUMB ONLY,7.5135,3258,2892,2720,2954,2835,2932,2834,13234.408602,8173.566085,6725.818182,8802.453988,7650.000000,8571.625107,7641.237113,0.622032,0.188179,0.032654,0.022003,0.005742,0.106399,0.039433
4036650,97.5136,9,Thumb_Bend,BEND THUMB ONLY,7.5136,3229,2899,2724,2952,2833,2931,2827,12677.367206,8241.304348,6755.361050,8781.102362,7632.488114,8561.340206,7580.283912,0.553760,0.198026,0.037190,0.019524,0.003440,0.105072,0.031142
4036700,97.5136,9,Thumb_Bend,BEND THUMB ONLY,7.5136,3217,2896,2721,2942,2828,2921,2835,12457.630979,8212.176814,6733.187773,8675.455334,7588.950276,8459.454855,7650.000000,0.526829,0.193792,0.033786,0.007258,-0.002284,0.091920,0.040625
4036750,97.5552,9,Thumb_Bend,BEND THUMB ONLY,7.5552,3188,2886,2719,2955,2833,2930,2832,11950.606395,8116.129032,6718.459302,8813.157895,7632.488114,8551.072961,7623.752969,0.464687,0.179829,0.031524,0.023246,0.003440,0.103746,0.037055
4036800,97.6171,9,Thumb_Bend,BEND THUMB ONLY,7.6171,3203,2895,2720,2956,2832,2932,2826,12208.744395,8202.500000,6725.818182,8823.880597,7623.752969,8571.625107,7571.631206,0.496325,0.192385,0.032654,0.024491,0.002291,0.106399,0.029965
4036850,97.6374,9,Thumb_Bend,BEND THUMB ONLY,7.6374,3200,2893,2708,2938,2826,2925,2832,12156.424581,8183.194676,6638.211968,8633.707865,7571.631206,8500.000000,7623.752969,0.489912,0.189578,0.019203,0.002411,-0.004561,0.097154,0.037055
4036900,97.7218,9,Thumb_Bend,BEND THUMB ONLY,7.7218,3188,2884,2715,2948,2832,2928,2835,11950.606395,8097.109827,6689.130435,8738.622493,7623.752969,8530.591260,7650.000000,0.464687,0.177064,0.027021,0.014592,0.002291,0.101103,0.040625
4036950,97.7421,9,Thumb_Bend,BEND THUMB ONLY,7.7421,3191,2894,2717,2946,2831,2924,2828,12001.548673,8192.839301,6703.773585,8717.493473,7615.031646,8489.837746,7588.950276,0.470930,0.190980,0.029269,0.012139,0.001145,0.095842,0.032320
4037000,97.8053,9,Thumb_Bend,BEND THUMB ONLY,7.8053,3191,2897,2714,2941,2826,2924,2838,12001.548673,8221.869783,6681.824765,8664.991334,7571.631206,8489.837746,7676.372315,0.470930,0.195201,0.025900,0.006043,-0.004561,0.095842,0.044212
4037050,97.8471,9,Thumb_Bend,BEND THUMB ONLY,7.8471,3195,2888,2719,2951,2833,2924,2833,12070.000000,8135.211268,6718.459302,8770.454545,7632.488114,8489.837746,7632.488114,0.479320,0.182603,0.031524,0.018288,0.003440,0.095842,0.038243
4037100,98.0522,9,Thumb_Bend,BEND THUMB ONLY,8.0522,3210,2895,2718,2951,2832,2923,2826,12332.203390,8202.500000,6711.111111,8770.454545,7623.752969,8479.692833,7571.631206,0.511456,0.192385,0.030396,0.018288,0.002291,0.094533,0.029965
4037150,98.0525,9,Thumb_Bend,BEND THUMB ONLY,8.0525,3205,2893,2716,2936,2822,2909,2838,12243.820225,8183.194676,6696.446701,8612.942192,7537.156324,8339.460371,7676.372315,0.500624,0.189578,0.028145,0.000000,-0.009093,0.076432,0.044212
4037200,98.0525,9,Thumb_Bend,BEND THUMB ONLY,8.0525,3212,2888,2714,2947,2832,2923,2837,12367.836920,8135.211268,6681.824765,8728.048780,7623.752969,8479.692833,7667.567568,0.515823,0.182603,0.025900,0.013364,0.002291,0.094533,0.043015
4037250,98.0729,9,Thumb_Bend,BEND THUMB ONLY,8.0729,3219,2897,2716,2940,2831,2922,2827,12493.835616,8221.869783,6696.446701,8654.545455,7615.031646,8469.565217,7580.283912,0.531266,0.195201,0.028145,0.004830,0.001145,0.093225,0.031142
4037300,98.1151,9,Thumb_Bend,BEND THUMB ONLY,8.1151,3214,2900,2706,2933,2824,2915,2838,12403.632236,8251.046025,6623.758099,8581.927711,7554.366640,8399.152542,7676.372315,0.520210,0.199442,0.016984,-0.003601,-0.006831,0.084137,0.044212
4037350,98.1570,9,Thumb_Bend,BEND THUMB ONLY,8.1570,3209,2894,2710,2946,2832,2926,2836,12314.446953,8192.839301,6652.707581,8717.493473,7623.752969,8510.179641,7658.776807,0.509280,0.190980,0.021429,0.012139,0.002291,0.098468,0.041819
4037400,98.1983,9,Thumb_Bend,BEND THUMB ONLY,8.1983,3205,2899,2710,2943,2831,2925,2827,12243.820225,8241.304348,6652.707581,8685.937500,7615.031646,8500.000000,7580.283912,0.500624,0.198026,0.021429,0.008475,0.001145,0.097154,0.031142
4037450,98.2606,9,Thumb_Bend,BEND THUMB ONLY,8.2606,3220,2897,2704,2928,2824,2925,2837,12512.000000,8221.869783,6609.345794,8530.591260,7554.366640,8500.000000,7667.567568,0.533492,0.195201,0.014771,-0.009561,-0.006831,0.097154,0.043015
4037500,98.3024,9,Thumb_Bend,BEND THUMB ONLY,8.3024,3212,2893,2708,2943,2833,2924,2835,12367.836920,8183.194676,6638.211968,8685.937500,7632.488114,8489.837746,7650.000000,0.515823,0.189578,0.019203,0.008475,0.003440,0.095842,0.040625
4037550,98.3439,9,Thumb_Bend,BEND THUMB ONLY,8.3439,3232,2899,2706,2940,2831,2924,2825,12733.256083,8241.304348,6623.758099,8654.545455,7615.031646,8489.837746,7562.992126,0.560610,0.198026,0.016984,0.004830,0.001145,0.095842,0.028789
4037600,98.5462,9,Thumb_Bend,BEND THUMB ONLY,8.5462,3228,2899,2705,2929,2824,2916,2836,12658.823529,8241.304348,6616.546763,8540.823328,7554.366640,8409.160305,7658.776807,0.551487,0.198026,0.015877,-0.008373,-0.006831,0.085429,0.041819
4037650,98.5463,9,Thumb_Bend,BEND THUMB ONLY,8.5463,3234,2891,2703,2946,2832,2920,2834,12770.731707,8163.953488,6602.155172,8717.493473,7623.752969,8449.361702,7641.237113,0.565203,0.186781,0.013667,0.012139,0.002291,0.090618,0.039433
4037700,98.5463,9,Thumb_Bend,BEND THUMB ONLY,8.5463,3232,2895,2715,2944,2832,2916,2827,12733.256083,8202.500000,6689.130435,8696.437880,7623.752969,8409.160305,7580.283912,0.560610,0.192385,0.027021,0.009694,0.002291,0.085429,0.031142
4037750,98.5463,9,Thumb_Bend,BEND THUMB ONLY,8.5463,3230,2895,2710,2932,2824,2917,2837,12695.953757,8202.500000,6652.707581,8571.625107,7554.366640,8419.185059,7667.567568,0.556038,0.192385,0.021429,-0.004797,-0.006831,0.086723,0.043015
4037800,98.5874,9,Thumb_Bend,BEND THUMB ONLY,8.5874,3227,2885,2713,2942,2833,2916,2836,12640.322581,8106.611570,6674.529667,8675.455334,7632.488114,8409.160305,7658.776807,0.549220,0.178446,0.024779,0.007258,0.003440,0.085429,0.041819
4037850,98.6701,9,Thumb_Bend,BEND THUMB ONLY,8.6701,3249,2893,2713,2942,2831,2921,2825,13057.446809,8183.194676,6674.529667,8675.455334,7615.031646,8459.454855,7562.992126,0.600343,0.189578,0.024779,0.007258,0.001145,0.091920,0.028789
4037900,98.7118,9,Thumb_Bend,BEND THUMB ONLY,8.7118,3245,2896,2710,2930,2823,2919,2832,12980.000000,8212.176814,6652.707581,8551.072961,7545.754717,8439.285714,7623.752969,0.590851,0.193792,0.021429,-0.007183,-0.007963,0.089317,0.037055
4037950,98.7531,9,Thumb_Bend,BEND THUMB ONLY,8.7531,3229,2886,2715,2936,2832,2925,2830,12677.367206,8116.129032,6689.130435,8612.942192,7623.752969,8500.000000,7606.324111,0.553760,0.179829,0.027021,0.000000,0.002291,0.097154,0.034684
4038000,98.7951,9,Thumb_Bend,BEND THUMB ONLY,8.7951,3224,2896,2723,2935,2832,2922,2820,12585.074627,8212.176814,6747.959184,8602.586207,7623.752969,8469.565217,7520.000000,0.542448,0.193792,0.036054,-0.001202,0.002291,0.093225,0.022941
4038050,98.8366,9,Thumb_Bend,BEND THUMB ONLY,8.8366,3230,2897,2726,2927,2825,2923,2832,12695.953757,8221.869783,6770.197224,8520.376712,7562.992126,8479.692833,7623.752969,0.556038,0.195201,0.039468,-0.010747,-0.005697,0.094533,0.037055
4038100,98.8995,9,Thumb_Bend,BEND THUMB ONLY,8.8995,3222,2887,2730,2942,2832,2927,2831,12548.453608,8125.662252,6800.000000,8675.455334,7623.752969,8520.376712,7615.031646,0.537960,0.181215,0.044044,0.007258,0.002291,0.099784,0.035868
4038150,99.0860,9,Thumb_Bend,BEND THUMB ONLY,9.0860,3222,2896,2728,2943,2832,2924,2822,12548.453608,8212.176814,6785.076811,8685.937500,7623.752969,8489.837746,7537.156324,0.537960,0.193792,0.041752,0.008475,0.002291,0.095842,0.025275
4038200,99.0862,9,Thumb_Bend,BEND THUMB ONLY,9.0862,3218,2894,2729,2929,2823,2920,2834,12475.712657,8192.839301,6792.532943,8540.823328,7545.754717,8449.361702,7641.237113,0.529045,0.190980,0.042897,-0.008373,-0.007963,0.090618,0.039433
4038250,99.0863,9,Thumb_Bend,BEND THUMB ONLY,9.0863,3195,2896,2731,2938,2831,2923,2832,12070.000000,8212.176814,6807.478006,8633.707865,7615.031646,8479.692833,7623.752969,0.479320,0.193792,0.045192,0.002411,0.001145,0.094533,0.037055
4038300,99.1066,9,Thumb_Bend,BEND THUMB ONLY,9.1066,3188,2900,2730,2934,2830,2923,2825,11950.606395,8251.046025,6800.000000,8592.248062,7606.324111,8479.692833,7562.992126,0.464687,0.199442,0.044044,-0.002403,0.000000,0.094533,0.028789
4038350,99.1685,9,Thumb_Bend,BEND THUMB ONLY,9.1685,3178,2902,2725,2930,2826,2921,2835,11783.206107,8270.578374,6762.773723,8551.072961,7571.631206,8459.454855,7650.000000,0.444170,0.202281,0.038328,-0.007183,-0.004561,0.091920,0.040625
4038400,99.2106,9,Thumb_Bend,BEND THUMB ONLY,9.2106,3170,2892,2727,2937,2832,2926,2834,11651.891892,8173.566085,6777.631579,8623.316062,7623.752969,8510.179641,7641.237113,0.428076,0.188179,0.040609,0.001204,0.002291,0.098468,0.039433
4038450,99.2724,9,Thumb_Bend,BEND THUMB ONLY,9.2724,3196,2895,2724,2943,2831,2927,2828,12087.208009,8202.500000,6755.361050,8685.937500,7615.031646,8520.376712,7588.950276,0.481429,0.192385,0.037190,0.008475,0.001145,0.099784,0.032320
4038500,99.3143,9,Thumb_Bend,BEND THUMB ONLY,9.3143,3203,2893,2715,2930,2824,2923,2835,12208.744395,8183.194676,6689.130435,8551.072961,7554.366640,8479.692833,7650.000000,0.496325,0.189578,0.027021,-0.007183,-0.006831,0.094533,0.040625
4038550,99.3349,9,Thumb_Bend,BEND THUMB ONLY,9.3349,3210,2880,2723,2942,2832,2928,2834,12332.203390,8059.259259,6747.959184,8675.455334,7623.752969,8530.591260,7641.237113,0.511456,0.171562,0.036054,0.007258,0.002291,0.101103,0.039433
4038600,99.3969,9,Thumb_Bend,BEND THUMB ONLY,9.3969,3245,2887,2720,2941,2832,2927,2825,12980.000000,8125.662252,6725.818182,8664.991334,7623.752969,8520.376712,7562.992126,0.590851,0.181215,0.032654,0.006043,0.002291,0.099784,0.028789
4038650,99.5787,9,Thumb_Bend,BEND THUMB ONLY,9.5787,3234,2883,2713,2928,2822,2917,2833,12770.731707,8087.623762,6674.529667,8530.591260,7537.156324,8419.185059,7632.488114,0.565203,0.175685,0.024779,-0.009561,-0.009093,0.086723,0.038243
4038700,99.5788,9,Thumb_Bend,BEND THUMB ONLY,9.5788,3194,2872,2716,2936,2832,2921,2833,12052.830189,7984.300899,6696.446701,8612.942192,7623.752969,8459.454855,7632.488114,0.477215,0.160666,0.028145,0.000000,0.002291,0.091920,0.038243
4038750,99.5788,9,Thumb_Bend,BEND THUMB ONLY,9.5788,3174,2881,2715,2935,2831,2921,2823,11717.263844,8068.698517,6689.130435,8602.586207,7615.031646,8459.454855,7545.754717,0.436088,0.172934,0.027021,-0.001202,0.001145,0.091920,0.026445
4038800,99.5999,9,Thumb_Bend,BEND THUMB ONLY,9.5999,3166,2881,2710,2929,2824,2921,2832,11587.082885,8068.698517,6652.707581,8540.823328,7554.366640,8459.454855,7623.752969,0.420133,0.172934,0.021429,-0.008373,-0.006831,0.091920,0.037055
4038850,99.6418,9,Thumb_Bend,BEND THUMB ONLY,9.6418,3156,2873,2711,2940,2832,2922,2832,11427.476038,7993.617021,6659.971098,8654.545455,7623.752969,8469.565217,7623.752969,0.400571,0.162020,0.022544,0.004830,0.002291,0.093225,0.037055
4038900,99.7050,9,Thumb_Bend,BEND THUMB ONLY,9.7050,3165,2888,2710,2943,2832,2921,2823,11570.967742,8135.211268,6652.707581,8685.937500,7623.752969,8459.454855,7545.754717,0.418158,0.182603,0.021429,0.008475,0.002291,0.091920,0.026445
4038950,99.7672,9,Thumb_Bend,BEND THUMB ONLY,9.7672,3166,2892,2708,2934,2821,2915,2832,11587.082885,8173.566085,6638.211968,8592.248062,7528.571429,8399.152542,7623.752969,0.420133,0.188179,0.019203,-0.002403,-0.010222,0.084137,0.037055
4039000,99.7880,9,Thumb_Bend,BEND THUMB ONLY,9.7880,3158,2881,2711,2944,2832,2918,2831,11459.124867,8068.698517,6659.971098,8696.437880,7623.752969,8429.226848,7615.031646,0.404450,0.172934,0.022544,0.009694,0.002291,0.088019,0.035868
4039050,99.8721,9,Thumb_Bend,BEND THUMB ONLY,9.8721,3167,2891,2709,2942,2831,2915,2824,11603.232759,8163.953488,6645.454545,8675.455334,7615.031646,8399.152542,7554.366640,0.422112,0.186781,0.020315,0.007258,0.001145,0.084137,0.027616
4039100,99.8929,9,Thumb_Bend,BEND THUMB ONLY,9.8929,3164,2889,2701,2931,2823,2909,2832,11554.887218,8144.776119,6587.804878,8561.340206,7545.754717,8339.460371,7623.752969,0.416187,0.183994,0.011464,-0.005991,-0.007963,0.076432,0.037055
4039150,99.9557,9,Thumb_Bend,BEND THUMB ONLY,9.9557,3166,2882,2709,2944,2832,2914,2832,11587.082885,8078.153339,6645.454545,8696.437880,7623.752969,8389.161727,7623.752969,0.420133,0.174309,0.020315,0.009694,0.002291,0.082847,0.037055
4039200,100.1093,10,Open_6,"OPEN HAND - relax, final recovery",0.1093,3184,2893,2707,2943,2832,2906,2823,11883.205269,8183.194676,6630.979827,8685.937500,7623.752969,8309.840202,7545.754717,0.456426,0.189578,0.018093,0.008475,0.002291,0.072609,0.026445
4039250,100.1096,10,Open_6,"OPEN HAND - relax, final recovery",0.1096,3180,2891,2701,2931,2823,2909,2832,11816.393443,8163.953488,6587.804878,8561.340206,7545.754717,8339.460371,7623.752969,0.448237,0.186781,0.011464,-0.005991,-0.007963,0.076432,0.037055
4039300,100.1096,10,Open_6,"OPEN HAND - relax, final recovery",0.1096,3181,2881,2713,2942,2832,2916,2832,11833.041575,8068.698517,6674.529667,8675.455334,7623.752969,8409.160305,7623.752969,0.450278,0.172934,0.024779,0.007258,0.002291,0.085429,0.037055
4039350,100.1720,10,Open_6,"OPEN HAND - relax, final recovery",0.1720,3185,2886,2713,2942,2832,2907,2827,11900.000000,8116.129032,6674.529667,8675.455334,7623.752969,8319.696970,7580.283912,0.458484,0.179829,0.024779,0.007258,0.002291,0.073881,0.031142
4039400,100.1928,10,Open_6,"OPEN HAND - relax, final recovery",0.1928,3189,2883,2705,2936,2826,2908,2838,11967.549669,8087.623762,6616.546763,8612.942192,7571.631206,8329.570345,7676.372315,0.466763,0.175685,0.015877,0.000000,-0.004561,0.075155,0.044212
4039450,100.2345,10,Open_6,"OPEN HAND - relax, final recovery",0.2345,3214,2868,2716,2950,2832,2925,2849,12403.632236,7947.188264,6696.446701,8759.825328,7623.752969,8500.000000,7774.157303,0.520210,0.155271,0.028145,0.017054,0.002291,0.097154,0.057514
4039500,100.3176,10,Open_6,"OPEN HAND - relax, final recovery",0.3176,3251,2895,2725,2953,2832,2909,2883,13096.445498,8202.500000,6762.773723,8791.768827,7623.752969,8339.460371,8087.623762,0.605123,0.192385,0.038328,0.020763,0.002291,0.076432,0.100155
4039550,100.3381,10,Open_6,"OPEN HAND - relax, final recovery",0.3381,3377,2940,2721,2946,2824,2953,2954,15991.364903,8654.545455,6733.187773,8717.493473,7554.366640,8791.768827,8802.453988,0.959929,0.258098,0.033786,0.012139,-0.006831,0.134815,0.197393
4039600,100.4014,10,Open_6,"OPEN HAND - relax, final recovery",0.4014,3328,2950,2725,2965,2832,2963,3115,14752.542373,8759.825328,6762.773723,8921.238938,7623.752969,8899.469965,10807.142857,0.808097,0.273402,0.038328,0.035795,0.002291,0.148716,0.470089
4039650,100.4635,10,Open_6,"OPEN HAND - relax, final recovery",0.4635,3437,2939,2737,2966,2832,2950,3134,17759.574468,8644.117647,6852.577320,8932.152347,7623.752969,8759.825328,11088.033299,1.176644,0.256582,0.052116,0.037062,0.002291,0.130691,0.508299
4039700,100.6070,10,Open_6,"OPEN HAND - relax, final recovery",0.6070,3432,2931,2726,2956,2825,2948,3132,17600.000000,8561.340206,6770.197224,8823.880597,7562.992126,8738.622493,11057.943925,1.157086,0.244549,0.039468,0.024491,-0.005697,0.127955,0.504206
4039750,100.6071,10,Open_6,"OPEN HAND - relax, final recovery",0.6071,3365,2914,2736,2959,2832,2948,3205,15672.602740,8389.161727,6845.033113,8856.161972,7623.752969,8738.622493,12243.820225,0.920861,0.219520,0.050958,0.028239,0.002291,0.127955,0.665520
4039800,100.6071,10,Open_6,"OPEN HAND - relax, final recovery",0.6071,3357,2905,2738,2960,2832,2937,3172,15465.853659,8300.000000,6860.132646,8866.960352,7623.752969,8623.316062,11684.507042,0.895521,0.206558,0.053276,0.029493,0.002291,0.113071,0.589437
4039850,100.6699,10,Open_6,"OPEN HAND - relax, final recovery",0.6699,3287,2900,2731,2951,2823,2947,3244,13831.435644,8251.046025,6807.478006,8770.454545,7545.754717,8728.048780,12960.752056,0.695204,0.199442,0.045192,0.018288,-0.007963,0.126590,0.763043
4039900,100.6911,10,Open_6,"OPEN HAND - relax, final recovery",0.6911,3309,2896,2733,2963,2831,2962,3150,14313.740458,8212.176814,6822.466960,8899.469965,7615.031646,8888.614298,11333.333333,0.754316,0.193792,0.047493,0.033267,0.001145,0.147315,0.541667
4039950,100.7750,10,Open_6,"OPEN HAND - relax, final recovery",0.7750,3306,2896,2733,2959,2832,2942,3124,14246.387833,8212.176814,6822.466960,8856.161972,7623.752969,8675.455334,10938.825953,0.746062,0.193792,0.047493,0.028239,0.002291,0.119801,0.488002
4040000,100.8162,10,Open_6,"OPEN HAND - relax, final recovery",0.8162,3281,2924,2724,2959,2825,2940,3079,13704.422604,8489.837746,6755.361050,8856.161972,7562.992126,8654.545455,10303.740157,0.679637,0.234155,0.037190,0.028239,-0.005697,0.117102,0.401612
4040050,100.8366,10,Open_6,"OPEN HAND - relax, final recovery",0.8366,3282,2902,2736,2965,2833,2949,3058,13725.461255,8270.578374,6845.033113,8921.238938,7632.488114,8749.214660,10026.229508,0.682216,0.202281,0.050958,0.035795,0.003440,0.129322,0.363862
4040100,100.9207,10,Open_6,"OPEN HAND - relax, final recovery",0.9207,3307,2908,2734,2961,2832,2935,3027,14268.781726,8329.570345,6829.977957,8877.777778,7623.752969,8602.586207,9636.516854,0.748806,0.210857,0.048646,0.030749,0.002291,0.110395,0.310850
4040150,100.9830,10,Open_6,"OPEN HAND - relax, final recovery",0.9830,3310,2897,2722,2949,2826,2943,3022,14336.305732,8221.869783,6740.568099,8749.214660,7571.631206,8685.937500,9575.768872,0.757082,0.195201,0.034919,0.015822,-0.004561,0.121154,0.302586
4040200,101.1411,10,Open_6,"OPEN HAND - relax, final recovery",1.1411,3344,2894,2725,2960,2833,2940,3015,15139.280959,8192.839301,6762.773723,8866.960352,7632.488114,8654.545455,9491.666667,0.855496,0.190980,0.038328,0.029493,0.003440,0.117102,0.291146
4040250,101.1412,10,Open_6,"OPEN HAND - relax, final recovery",1.1412,3310,2899,2729,2958,2832,2938,3019,14336.305732,8241.304348,6792.532943,8845.382586,7623.752969,8633.707865,9539.591078,0.757082,0.198026,0.042897,0.026987,0.002291,0.114413,0.297665
4040300,101.1412,10,Open_6,"OPEN HAND - relax, final recovery",1.1412,3317,2895,2716,2948,2823,2944,3126,14495.886889,8202.500000,6696.446701,8738.622493,7545.754717,8696.437880,10968.421053,0.776641,0.192385,0.028145,0.014592,-0.007963,0.122509,0.492028
4040350,101.1412,10,Open_6,"OPEN HAND - relax, final recovery",1.1412,3260,2873,2719,2959,2833,2954,3105,13274.251497,7993.617021,6718.459302,8856.161972,7632.488114,8802.453988,10663.636364,0.626915,0.162020,0.031524,0.028239,0.003440,0.136194,0.450568
4040400,101.2044,10,Open_6,"OPEN HAND - relax, final recovery",1.2044,3321,2871,2720,2956,2833,2950,3072,14588.372093,7975.000000,6725.818182,8823.880597,7632.488114,8759.825328,10209.970674,0.787976,0.159313,0.032654,0.024491,0.003440,0.130691,0.388856
4040450,101.2669,10,Open_6,"OPEN HAND - relax, final recovery",1.2669,3218,2876,2713,2946,2827,2936,3085,12475.712657,8021.657096,6674.529667,8717.493473,7580.283912,8612.942192,10385.148515,0.529045,0.166096,0.024779,0.012139,-0.003423,0.111732,0.412686
4040500,101.2875,10,Open_6,"OPEN HAND - relax, final recovery",1.2875,3239,2873,2722,2959,2835,2936,3088,12865.186916,7993.617021,6740.568099,8856.161972,7650.000000,8612.942192,10426.216485,0.576779,0.162020,0.034919,0.028239,0.005742,0.111732,0.418272
4040550,101.3502,10,Open_6,"OPEN HAND - relax, final recovery",1.3502,3294,2885,2730,2955,2833,2926,3067,13982.022472,8106.611570,6800.000000,8813.157895,7632.488114,8510.179641,10143.774319,0.713661,0.178446,0.044044,0.023246,0.003440,0.098468,0.379852
4040600,101.4339,10,Open_6,"OPEN HAND - relax, final recovery",1.4339,3508,2885,2722,2945,2823,2954,3068,20318.909710,8106.611570,6740.568099,8706.956522,7545.754717,8802.453988,10156.962025,1.490320,0.178446,0.034919,0.010915,-0.007963,0.136194,0.381646
4040650,101.4553,10,Open_6,"OPEN HAND - relax, final recovery",1.4553,3313,2884,2731,2955,2833,2953,3073,14404.347826,8097.109827,6807.478006,8813.157895,7632.488114,8791.768827,10223.287671,0.765421,0.177064,0.045192,0.023246,0.003440,0.134815,0.390668
4040700,101.6608,10,Open_6,"OPEN HAND - relax, final recovery",1.6608,3384,2905,2736,2951,2832,2957,3065,16182.278481,8300.000000,6845.033113,8770.454545,7623.752969,8834.622144,10117.475728,0.983328,0.206558,0.050958,0.018288,0.002291,0.140346,0.376274
4040750,101.6608,10,Open_6,"OPEN HAND - relax, final recovery",1.6608,3274,2922,2740,2940,2827,2984,3047,13558.587089,8469.565217,6875.276753,8654.545455,7580.283912,9131.953195,9885.305344,0.661764,0.231208,0.055601,0.004830,-0.003423,0.178724,0.344692
4040800,101.6608,10,Open_6,"OPEN HAND - relax, final recovery",1.6608,3314,2907,2745,2954,2835,3010,3042,14427.144686,8319.696970,6913.333333,8802.453988,7650.000000,9432.258065,9822.222222,0.768216,0.209422,0.061444,0.022003,0.005742,0.217487,0.336111
4040850,101.6609,10,Open_6,"OPEN HAND - relax, final recovery",1.6609,3354,2944,2737,2950,2834,2987,3061,15389.473684,8696.437880,6852.577320,8759.825328,7641.237113,9165.884477,10065.183752,0.886160,0.264188,0.052116,0.017054,0.004590,0.183104,0.369161
4040900,101.7023,10,Open_6,"OPEN HAND - relax, final recovery",1.7023,3344,2979,2749,2940,2826,2960,3044,15139.280959,9075.806452,6943.982169,8654.545455,7571.631206,8866.960352,9847.383444,0.855496,0.319336,0.066150,0.004830,-0.004561,0.144520,0.339534
4040950,101.7654,10,Open_6,"OPEN HAND - relax, final recovery",1.7654,3343,2962,2745,2955,2832,2989,3050,15114.627660,8888.614298,6913.333333,8813.157895,7623.752969,9188.607595,9923.444976,0.852475,0.292124,0.061444,0.023246,0.002291,0.186037,0.349880
4041000,101.8067,10,Open_6,"OPEN HAND - relax, final recovery",1.8067,3303,2965,2740,2951,2832,2984,3060,14179.545455,8921.238938,6875.276753,8770.454545,7623.752969,9131.953195,10052.173913,0.737869,0.296867,0.055601,0.018288,0.002291,0.178724,0.367391
4041050,101.8685,10,Open_6,"OPEN HAND - relax, final recovery",1.8685,3366,2969,2731,2939,2824,2996,3077,15698.765432,8965.008881,6807.478006,8644.117647,7554.366640,9268.789809,10276.817289,0.924068,0.303230,0.045192,0.003620,-0.006831,0.196387,0.397949
4041100,101.9092,10,Open_6,"OPEN HAND - relax, final recovery",1.9092,3363,2948,2735,2945,2832,3007,3045,15620.491803,8738.622493,6837.500000,8706.956522,7623.752969,9396.875000,9860.000000,0.914474,0.270320,0.049801,0.010915,0.002291,0.212920,0.341250
4041150,101.9512,10,Open_6,"OPEN HAND - relax, final recovery",1.9512,3408,2962,2735,2944,2831,3009,3047,16866.375546,8888.614298,6837.500000,8696.437880,7615.031646,9420.441989,9885.305344,1.067172,0.292124,0.049801,0.009694,0.001145,0.215962,0.344692
4041200,101.9925,10,Open_6,"OPEN HAND - relax, final recovery",1.9925,3237,2955,2722,2932,2821,3014,3071,12827.272727,8813.157895,6740.568099,8571.625107,7528.571429,9479.740981,10196.679688,0.572132,0.281155,0.034919,-0.004797,-0.010222,0.223616,0.387048
4041250,102.1784,10,Open_6,"OPEN HAND - relax, final recovery",2.1784,3231,2945,2733,2940,2832,3057,3053,12714.583333,8706.956522,6822.466960,8654.545455,7623.752969,10013.294798,9961.804223,0.558321,0.265717,0.047493,0.004830,0.002291,0.292485,0.355098
4041300,102.1785,10,Open_6,"OPEN HAND - relax, final recovery",2.1785,3316,2941,2735,2941,2832,3026,3044,14472.913992,8664.991334,6837.500000,8664.991334,7623.752969,9624.321796,9847.383444,0.773825,0.259616,0.049801,0.006043,0.002291,0.242278,0.339534
4041350,102.1785,10,Open_6,"OPEN HAND - relax, final recovery",2.1785,3181,2944,2721,2928,2822,2995,3050,11833.041575,8696.437880,6733.187773,8530.591260,7537.156324,9257.272727,9923.444976,0.450278,0.264188,0.033786,-0.009561,-0.009093,0.194900,0.349880
4041400,102.1990,10,Open_6,"OPEN HAND - relax, final recovery",2.1990,3239,2943,2725,2938,2833,3001,3038,12865.186916,8685.937500,6762.773723,8633.707865,7632.488114,9326.691042,9772.185430,0.576779,0.262661,0.038328,0.002411,0.003440,0.203861,0.329305
4041450,102.2821,10,Open_6,"OPEN HAND - relax, final recovery",2.2821,3172,2949,2727,2932,2833,2997,3023,11684.507042,8749.214660,6777.631579,8571.625107,7632.488114,9280.327869,9587.873134,0.432073,0.271860,0.040609,-0.004797,0.003440,0.197876,0.304233
4041500,102.3024,10,Open_6,"OPEN HAND - relax, final recovery",2.3024,3183,2939,2711,2926,2822,2988,3030,11866.447368,8644.117647,6659.971098,8510.179641,7537.156324,9177.235772,9673.239437,0.454372,0.256582,0.022544,-0.011931,-0.009093,0.184569,0.315845
4041550,102.3445,10,Open_6,"OPEN HAND - relax, final recovery",2.3445,3151,2928,2702,2942,2832,2988,3022,11348.940678,8530.591260,6594.974874,8675.455334,7623.752969,9177.235772,9575.768872,0.390946,0.240079,0.012565,0.007258,0.002291,0.184569,0.302586
4041600,102.4075,10,Open_6,"OPEN HAND - relax, final recovery",2.4075,3153,2934,2704,2942,2832,2986,3026,11380.254777,8592.248062,6609.345794,8675.455334,7623.752969,9154.553652,9624.321796,0.394783,0.249042,0.014771,0.007258,0.002291,0.181642,0.309191
4041650,102.4706,10,Open_6,"OPEN HAND - relax, final recovery",2.4706,3164,2932,2704,2934,2824,2991,3022,11554.887218,8571.625107,6609.345794,8592.248062,7554.366640,9211.413043,9575.768872,0.416187,0.246044,0.014771,-0.002403,-0.006831,0.188981,0.302586
4041700,102.5129,10,Open_6,"OPEN HAND - relax, final recovery",2.5129,3131,2914,2717,2943,2833,2997,3018,11042.946058,8389.161727,6703.773585,8685.937500,7632.488114,9280.327869,9527.576602,0.353442,0.219520,0.029269,0.008475,0.003440,0.197876,0.296031
4041750,102.6966,10,Open_6,"OPEN HAND - relax, final recovery",2.6966,3163,2928,2714,2941,2834,2996,3017,11538.841202,8530.591260,6681.824765,8664.991334,7641.237113,9268.789809,9515.584416,0.414220,0.240079,0.025900,0.006043,0.004590,0.196387,0.294399
4041800,102.6966,10,Open_6,"OPEN HAND - relax, final recovery",2.6966,3146,2924,2712,2932,2828,2984,3013,11271.232877,8489.837746,6667.245119,8571.625107,7588.950276,9131.953195,9467.837338,0.381422,0.234155,0.023661,-0.004797,-0.002284,0.178724,0.287904
4041850,102.6966,10,Open_6,"OPEN HAND - relax, final recovery",2.6966,3014,2914,2722,2943,2833,2994,3035,9479.740981,8389.161727,6740.568099,8685.937500,7632.488114,9245.776567,9734.905660,0.161853,0.219520,0.034919,0.008475,0.003440,0.193416,0.324233
4041900,102.7177,10,Open_6,"OPEN HAND - relax, final recovery",2.7177,3025,2926,2722,2942,2832,2977,3025,9612.149533,8510.179641,6740.568099,8675.455334,7623.752969,9053.488372,9612.149533,0.178081,0.237112,0.034919,0.007258,0.002291,0.168596,0.307535
4041950,102.7592,10,Open_6,"OPEN HAND - relax, final recovery",2.7592,3048,2919,2723,2932,2824,2975,3052,9897.994269,8439.285714,6747.959184,8571.625107,7554.366640,9031.250000,9948.993289,0.213115,0.226806,0.036054,-0.004797,-0.006831,0.165726,0.353356
4042000,102.8011,10,Open_6,"OPEN HAND - relax, final recovery",2.8011,3071,2913,2721,2945,2833,2982,3034,10196.679688,8379.187817,6733.187773,8706.956522,7632.488114,9109.433962,9722.525919,0.249722,0.218070,0.033786,0.010915,0.003440,0.175818,0.322549
4042050,102.8424,10,Open_6,"OPEN HAND - relax, final recovery",2.8424,3059,2925,2723,2944,2833,2981,3025,10039.189189,8500.000000,6747.959184,8696.437880,7632.488114,9098.204668,9612.149533,0.230420,0.235632,0.036054,0.009694,0.003440,0.174368,0.307535
4042100,102.9059,10,Open_6,"OPEN HAND - relax, final recovery",2.9059,3042,2915,2720,2934,2827,2968,3032,9822.222222,8399.152542,6725.818182,8592.248062,7580.283912,8954.037267,9697.836312,0.203828,0.220972,0.032654,-0.002403,-0.003423,0.155760,0.319191
4042150,102.9484,10,Open_6,"OPEN HAND - relax, final recovery",2.9484,3008,2911,2725,2951,2833,2986,3027,9408.647654,8359.290541,6762.773723,8770.454545,7632.488114,9154.553652,9636.516854,0.153140,0.215177,0.038328,0.018288,0.003440,0.181642,0.310850
4042200,103.0117,10,Open_6,"OPEN HAND - relax, final recovery",3.0117,3040,2919,2725,2947,2832,2972,2998,9797.156398,8439.285714,6762.773723,8728.048780,7623.752969,8998.040962,9291.886964,0.200756,0.226806,0.038328,0.013364,0.002291,0.161439,0.263970
4042250,103.0533,10,Open_6,"OPEN HAND - relax, final recovery",3.0533,3017,2915,2718,2934,2825,2970,3030,9515.584416,8399.152542,6711.111111,8592.248062,7562.992126,8976.000000,9673.239437,0.166246,0.220972,0.030396,-0.002403,-0.005697,0.158595,0.315845
4042300,103.2190,10,Open_6,"OPEN HAND - relax, final recovery",3.2190,3020,2899,2721,2943,2835,2988,3008,9551.627907,8241.304348,6733.187773,8685.937500,7650.000000,9177.235772,9408.647654,0.170664,0.198026,0.033786,0.008475,0.005742,0.184569,0.279853
4042350,103.2191,10,Open_6,"OPEN HAND - relax, final recovery",3.2191,3073,2905,2727,2943,2833,2958,3012,10223.287671,8300.000000,6777.631579,8685.937500,7632.488114,8845.382586,9455.955679,0.252984,0.206558,0.040609,0.008475,0.003440,0.141735,0.286288
4042400,103.2191,10,Open_6,"OPEN HAND - relax, final recovery",3.2191,3126,2910,2719,2933,2825,2963,3020,10968.421053,8349.367089,6718.459302,8581.927711,7562.992126,8899.469965,9551.627907,0.344308,0.213735,0.031524,-0.003601,-0.005697,0.148716,0.299302
4042450,103.2613,10,Open_6,"OPEN HAND - relax, final recovery",3.2613,3137,2907,2725,2944,2832,2964,3018,11133.402923,8319.696970,6762.773723,8696.437880,7623.752969,8910.344828,9527.576602,0.364529,0.209422,0.038328,0.009694,0.002291,0.150120,0.296031
4042500,103.3033,10,Open_6,"OPEN HAND - relax, final recovery",3.3033,3126,2913,2727,2942,2831,2969,3007,10968.421053,8379.187817,6777.631579,8675.455334,7615.031646,8965.008881,9396.875000,0.344308,0.218070,0.040609,0.007258,0.001145,0.157176,0.278251
4042550,103.3655,10,Open_6,"OPEN HAND - relax, final recovery",3.3655,3136,2913,2715,2930,2825,2973,3025,11118.248175,8379.187817,6689.130435,8551.072961,7562.992126,9009.090909,9612.149533,0.362671,0.218070,0.027021,-0.007183,-0.005697,0.162866,0.307535
4042600,103.3864,10,Open_6,"OPEN HAND - relax, final recovery",3.3864,3118,2897,2720,2944,2832,2990,3010,10850.767656,8221.869783,6725.818182,8696.437880,7623.752969,9200.000000,9432.258065,0.329889,0.195201,0.032654,0.009694,0.002291,0.187508,0.283065
4042650,103.4488,10,Open_6,"OPEN HAND - relax, final recovery",3.4488,3134,2906,2724,2942,2831,2945,2994,11088.033299,8309.840202,6755.361050,8675.455334,7615.031646,8706.956522,9245.776567,0.358968,0.207989,0.037190,0.007258,0.001145,0.123867,0.257698
4042700,103.5116,10,Open_6,"OPEN HAND - relax, final recovery",3.5116,3105,2910,2711,2936,2824,2942,3010,10663.636364,8349.367089,6659.971098,8612.942192,7554.366640,8675.455334,9432.258065,0.306953,0.213735,0.022544,0.000000,-0.006831,0.119801,0.283065
4042750,103.5320,10,Open_6,"OPEN HAND - relax, final recovery",3.5320,3099,2901,2713,2949,2832,2945,3014,10578.915663,8260.804020,6674.529667,8749.214660,7623.752969,8706.956522,9479.740981,0.296570,0.200860,0.024779,0.015822,0.002291,0.123867,0.289524
4042800,103.7394,10,Open_6,"OPEN HAND - relax, final recovery",3.7394,3101,2910,2711,2943,2832,2941,3003,10607.042254,8349.367089,6659.971098,8685.937500,7623.752969,8664.991334,9350.000000,0.300017,0.213735,0.022544,0.008475,0.002291,0.118450,0.271875
4042850,103.7394,10,Open_6,"OPEN HAND - relax, final recovery",3.7394,3097,2908,2702,2930,2823,2942,2998,10550.901804,8329.570345,6594.974874,8551.072961,7545.754717,8675.455334,9291.886964,0.293137,0.210857,0.012565,-0.007183,-0.007963,0.119801,0.263970
4042900,103.7394,10,Open_6,"OPEN HAND - relax, final recovery",3.7394,3089,2892,2708,2939,2831,2947,2988,10439.960239,8173.566085,6638.211968,8644.117647,7615.031646,8728.048780,9177.235772,0.279539,0.188179,0.019203,0.003620,0.001145,0.126590,0.248374
4042950,103.7395,10,Open_6,"OPEN HAND - relax, final recovery",3.7395,3094,2897,2714,2940,2831,2943,2998,10509.090909,8221.869783,6681.824765,8654.545455,7615.031646,8685.937500,9291.886964,0.288012,0.195201,0.025900,0.004830,0.001145,0.121154,0.263970
4043000,103.8017,10,Open_6,"OPEN HAND - relax, final recovery",3.8017,3087,2898,2704,2930,2824,2947,3006,10412.500000,8231.578947,6609.345794,8551.072961,7554.366640,8728.048780,9385.123967,0.276174,0.196612,0.014771,-0.007183,-0.006831,0.126590,0.276653
4043050,103.8649,10,Open_6,"OPEN HAND - relax, final recovery",3.8649,3090,2892,2708,2944,2832,2956,2997,10453.731343,8173.566085,6638.211968,8696.437880,7623.752969,8823.880597,9280.327869,0.281227,0.188179,0.019203,0.009694,0.002291,0.138959,0.262398
4043100,103.9072,10,Open_6,"OPEN HAND - relax, final recovery",3.9072,3110,2901,2705,2939,2831,2957,2993,10735.025381,8260.804020,6616.546763,8644.117647,7615.031646,8834.622144,9234.301270,0.315703,0.200860,0.015877,0.003620,0.001145,0.140346,0.256137
4043150,103.9697,10,Open_6,"OPEN HAND - relax, final recovery",3.9697,3133,2899,2698,2930,2821,2941,3015,11072.972973,8241.304348,6566.356478,8551.072961,7528.571429,8664.991334,9491.666667,0.357122,0.198026,0.008171,-0.007183,-0.010222,0.118450,0.291146
4043200,103.9699,10,Open_6,"OPEN HAND - relax, final recovery",3.9699,3142,2881,2705,2941,2831,2952,3019,11209.653725,8068.698517,6616.546763,8664.991334,7615.031646,8781.102362,9539.591078,0.373874,0.172934,0.015877,0.006043,0.001145,0.133438,0.297665
4043250,104.0545,10,Open_6,"OPEN HAND - relax, final recovery",4.0545,3102,2891,2709,2936,2828,2946,2992,10621.148036,8163.953488,6645.454545,8612.942192,7588.950276,8717.493473,9222.846782,0.301746,0.186781,0.020315,0.000000,-0.002284,0.125227,0.254578
4043300,104.2633,10,Open_6,"OPEN HAND - relax, final recovery",4.2633,3102,2884,2706,2928,2820,2947,2989,10621.148036,8097.109827,6623.758099,8530.591260,7520.000000,8728.048780,9188.607595,0.301746,0.177064,0.016984,-0.009561,-0.011349,0.126590,0.249921
4043350,104.2634,10,Open_6,"OPEN HAND - relax, final recovery",4.2634,3064,2876,2714,2938,2831,2951,3000,10104.364694,8021.657096,6681.824765,8633.707865,7615.031646,8770.454545,9315.068493,0.238408,0.166096,0.025900,0.002411,0.001145,0.132063,0.267123
4043400,104.2634,10,Open_6,"OPEN HAND - relax, final recovery",4.2634,3077,2882,2712,2942,2830,2939,2995,10276.817289,8078.153339,6667.245119,8675.455334,7606.324111,8644.117647,9257.272727,0.259544,0.174309,0.023661,0.007258,0.000000,0.115756,0.259261
4043450,104.2634,10,Open_6,"OPEN HAND - relax, final recovery",4.2634,3086,2883,2708,2930,2823,2935,2999,10398.810704,8087.623762,6638.211968,8551.072961,7545.754717,8602.586207,9303.467153,0.274496,0.175685,0.019203,-0.007183,-0.007963,0.110395,0.265545
4043500,104.2839,10,Open_6,"OPEN HAND - relax, final recovery",4.2839,3066,2878,2714,2944,2831,2933,3008,10130.612245,8040.427280,6681.824765,8696.437880,7615.031646,8581.927711,9408.647654,0.241625,0.168825,0.025900,0.009694,0.001145,0.107729,0.279853
4043550,104.3674,10,Open_6,"OPEN HAND - relax, final recovery",4.3674,3095,2882,2713,2940,2831,2928,2985,10523.000000,8078.153339,6674.529667,8654.545455,7615.031646,8530.591260,9143.243243,0.289717,0.174309,0.024779,0.004830,0.001145,0.101103,0.243750
4043600,104.3878,10,Open_6,"OPEN HAND - relax, final recovery",4.3878,3104,2880,2707,2934,2823,2924,2976,10649.445005,8059.259259,6630.979827,8592.248062,7545.754717,8489.837746,9042.359249,0.305214,0.171562,0.018093,-0.002403,-0.007963,0.095842,0.230027
4043650,104.4504,10,Open_6,"OPEN HAND - relax, final recovery",4.4504,3084,2863,2707,2943,2832,2935,2986,10371.513353,7901.136364,6630.979827,8685.937500,7623.752969,8602.586207,9154.553652,0.271150,0.148576,0.018093,0.008475,0.002291,0.110395,0.245289
4043700,104.5130,10,Open_6,"OPEN HAND - relax, final recovery",4.5130,3104,2869,2712,2943,2832,2933,2983,10649.445005,7956.443719,6667.245119,8685.937500,7623.752969,8581.927711,9120.683453,0.305214,0.156616,0.023661,0.008475,0.002291,0.107729,0.240681
4043750,104.5546,10,Open_6,"OPEN HAND - relax, final recovery",4.5546,3152,2871,2704,2933,2824,2924,2979,11364.581124,7975.000000,6609.345794,8581.927711,7554.366640,8489.837746,9075.806452,0.392862,0.159313,0.014771,-0.003601,-0.006831,0.095842,0.234577
4043800,104.7391,10,Open_6,"OPEN HAND - relax, final recovery",4.7391,3177,2861,2704,2942,2833,2933,2989,11766.666667,7882.820097,6609.345794,8675.455334,7632.488114,8581.927711,9188.607595,0.442143,0.145913,0.014771,0.007258,0.003440,0.107729,0.249921
4043850,104.7391,10,Open_6,"OPEN HAND - relax, final recovery",4.7391,3209,2865,2707,2945,2835,2952,2976,12314.446953,7919.512195,6630.979827,8706.956522,7650.000000,8781.102362,9042.359249,0.509280,0.151247,0.018093,0.010915,0.005742,0.133438,0.230027
4043900,104.7391,10,Open_6,"OPEN HAND - relax, final recovery",4.7391,3210,2870,2705,2935,2827,2947,2966,12332.203390,7965.714286,6616.546763,8602.586207,7580.283912,8728.048780,8932.152347,0.511456,0.157964,0.015877,-0.001202,-0.003423,0.126590,0.215035
4043950,104.7602,10,Open_6,"OPEN HAND - relax, final recovery",4.7602,3187,2860,2707,2946,2835,2962,2980,11933.700441,7873.684211,6630.979827,8717.493473,7650.000000,8888.614298,9086.995516,0.462615,0.144585,0.018093,0.012139,0.005742,0.147315,0.236099
4044000,104.8225,10,Open_6,"OPEN HAND - relax, final recovery",4.8225,3196,2869,2706,2942,2833,2960,2969,12087.208009,7956.443719,6623.758099,8675.455334,7632.488114,8866.960352,8965.008881,0.481429,0.156616,0.016984,0.007258,0.003440,0.144520,0.219505
4044050,104.8849,10,Open_6,"OPEN HAND - relax, final recovery",4.8849,3163,2867,2702,2929,2828,2951,2987,11538.841202,7937.947883,6594.974874,8540.823328,7588.950276,8770.454545,9165.884477,0.414220,0.153927,0.012565,-0.008373,-0.002284,0.132063,0.246830
4044100,104.9268,10,Open_6,"OPEN HAND - relax, final recovery",4.9268,3162,2857,2701,2940,2834,2960,2974,11522.829582,7846.365105,6587.804878,8654.545455,7641.237113,8866.960352,9020.160571,0.412258,0.140614,0.011464,0.004830,0.004590,0.144520,0.227007
4044150,104.9689,10,Open_6,"OPEN HAND - relax, final recovery",4.9689,3147,2865,2703,2937,2835,2962,2962,11286.708861,7919.512195,6602.155172,8623.316062,7650.000000,8888.614298,8888.614298,0.383318,0.151247,0.013667,0.001204,0.005742,0.147315,0.209113
4044200,104.9893,10,Open_6,"OPEN HAND - relax, final recovery",4.9893,3145,2869,2694,2930,2825,2952,2969,11255.789474,7956.443719,6537.901499,8551.072961,7562.992126,8781.102362,8965.008881,0.379529,0.156616,0.003802,-0.007183,-0.005697,0.133438,0.219505
4044250,105.0308,10,Open_6,"OPEN HAND - relax, final recovery",5.0308,3202,2865,2697,2938,2835,2964,2977,12191.265398,7919.512195,6559.227468,8633.707865,7650.000000,8910.344828,9053.488372,0.494182,0.151247,0.007076,0.002411,0.005742,0.150120,0.231541
4044300,105.0936,10,Open_6,"OPEN HAND - relax, final recovery",5.0936,3188,2873,2703,2940,2832,2957,2983,11950.606395,7993.617021,6602.155172,8654.545455,7623.752969,8834.622144,9120.683453,0.464687,0.162020,0.013667,0.004830,0.002291,0.140346,0.240681
4044350,105.2576,10,Open_6,"OPEN HAND - relax, final recovery",5.2576,3147,2868,2697,2933,2825,2953,2983,11286.708861,7947.188264,6559.227468,8581.927711,7562.992126,8791.768827,9120.683453,0.383318,0.155271,0.007076,-0.003601,-0.005697,0.134815,0.240681
4044400,105.2576,10,Open_6,"OPEN HAND - relax, final recovery",5.2576,3103,2857,2698,2944,2832,2959,2989,10635.282258,7846.365105,6566.356478,8696.437880,7623.752969,8856.161972,9188.607595,0.303478,0.140614,0.008171,0.009694,0.002291,0.143126,0.249921
4044450,105.2577,10,Open_6,"OPEN HAND - relax, final recovery",5.2577,3137,2865,2701,2940,2832,2962,2974,11133.402923,7919.512195,6587.804878,8654.545455,7623.752969,8888.614298,9020.160571,0.364529,0.151247,0.011464,0.004830,0.002291,0.147315,0.227007
4044500,105.3201,10,Open_6,"OPEN HAND - relax, final recovery",5.3201,3159,2865,2694,2927,2825,2948,2976,11475.000000,7919.512195,6537.901499,8520.376712,7562.992126,8738.622493,9042.359249,0.406396,0.151247,0.003802,-0.010747,-0.005697,0.127955,0.230027
4044550,105.3619,10,Open_6,"OPEN HAND - relax, final recovery",5.3619,3147,2855,2697,2935,2833,2954,2975,11286.708861,7828.225806,6559.227468,8602.586207,7632.488114,8802.453988,9031.250000,0.383318,0.137977,0.007076,-0.001202,0.003440,0.136194,0.228516
4044600,105.4244,10,Open_6,"OPEN HAND - relax, final recovery",5.4244,3143,2861,2700,2941,2832,2954,2974,11225.000000,7882.820097,6580.645161,8664.991334,7623.752969,8802.453988,9020.160571,0.375755,0.145913,0.010365,0.006043,0.002291,0.136194,0.227007
4044650,105.4246,10,Open_6,"OPEN HAND - relax, final recovery",5.4246,3168,2862,2692,2930,2825,2947,2979,11619.417476,7891.970803,6523.734854,8551.072961,7562.992126,8728.048780,9075.806452,0.424096,0.147244,0.001627,-0.007183,-0.005697,0.126590,0.234577
4044700,105.5066,10,Open_6,"OPEN HAND - relax, final recovery",5.5066,3154,2848,2699,2940,2832,2944,2979,11395.961743,7765.196472,6573.495702,8654.545455,7623.752969,8696.437880,9075.806452,0.396709,0.128815,0.009267,0.004830,0.002291,0.122509,0.234577
4044750,105.5691,10,Open_6,"OPEN HAND - relax, final recovery",5.5691,3176,2860,2696,2936,2832,2949,2966,11750.163221,7873.684211,6552.108649,8612.942192,7623.752969,8749.214660,8932.152347,0.440120,0.144585,0.005983,0.000000,0.002291,0.129322,0.215035
4044800,105.5900,10,Open_6,"OPEN HAND - relax, final recovery",5.5900,3169,2860,2690,2926,2823,2945,2981,11635.637149,7873.684211,6509.608541,8510.179641,7545.754717,8706.956522,9098.204668,0.426084,0.144585,-0.000542,-0.011931,-0.007963,0.123867,0.237623
4044850,105.7751,10,Open_6,"OPEN HAND - relax, final recovery",5.7751,3154,2851,2696,2934,2832,2950,2977,11395.961743,7792.122186,6552.108649,8592.248062,7623.752969,8759.825328,9053.488372,0.396709,0.132729,0.005983,-0.002403,0.002291,0.130691,0.231541
4044900,105.7751,10,Open_6,"OPEN HAND - relax, final recovery",5.7751,3175,2861,2702,2932,2832,2949,2961,11733.695652,7882.820097,6594.974874,8571.625107,7623.752969,8749.214660,8877.777778,0.438102,0.145913,0.012565,-0.004797,0.002291,0.129322,0.207639
4044950,105.7751,10,Open_6,"OPEN HAND - relax, final recovery",5.7751,3161,2861,2696,2923,2821,2937,2962,11506.852248,7882.820097,6552.108649,8479.692833,7528.571429,8623.316062,8888.614298,0.410299,0.145913,0.005983,-0.015471,-0.010222,0.113071,0.209113
4045000,105.7961,10,Open_6,"OPEN HAND - relax, final recovery",5.7961,3144,2853,2695,2932,2831,2934,2965,11240.378549,7810.144928,6545.000000,8571.625107,7615.031646,8592.248062,8921.238938,0.377640,0.135349,0.004892,-0.004797,0.001145,0.109061,0.213551
4045050,105.8585,10,Open_6,"OPEN HAND - relax, final recovery",5.8585,3195,2859,2699,2929,2830,2930,2958,12070.000000,7864.563107,6573.495702,8540.823328,7606.324111,8551.072961,8845.382586,0.479320,0.143259,0.009267,-0.008373,0.000000,0.103746,0.203232
4045100,105.8998,10,Open_6,"OPEN HAND - relax, final recovery",5.8998,3209,2858,2689,2920,2819,2917,2973,12314.446953,7855.456750,6502.560455,8449.361702,7511.442006,8419.185059,9009.090909,0.509280,0.141936,-0.001624,-0.018992,-0.012474,0.086723,0.225501
4045150,105.9621,10,Open_6,"OPEN HAND - relax, final recovery",5.9621,3197,2848,2693,2928,2831,2931,2975,12104.454343,7765.196472,6530.813124,8530.591260,7615.031646,8561.340206,9031.250000,0.483543,0.128815,0.002714,-0.009561,0.001145,0.105072,0.228516
4045200,105.9832,10,Open_6,"OPEN HAND - relax, final recovery",5.9832,3215,2858,2692,2926,2831,2928,2960,12421.590909,7855.456750,6523.734854,8510.179641,7615.031646,8530.591260,8866.960352,0.522411,0.141936,0.001627,-0.011931,0.001145,0.101103,0.206167
4045250,106.0461,10,Open_6,"OPEN HAND - relax, final recovery",6.0461,3180,2856,2682,2913,2823,2927,2983,11816.393443,7837.288136,6453.503185,8379.187817,7545.754717,8520.376712,9120.683453,0.448237,0.139295,-0.009156,-0.027140,-0.007963,0.099784,0.240681
4045300,106.1301,10,Open_6,"OPEN HAND - relax, final recovery",6.1301,3158,2846,2691,2923,2832,2931,2975,11459.124867,7747.317854,6516.666667,8479.692833,7623.752969,8561.340206,9031.250000,0.404450,0.126216,0.000542,-0.015471,0.002291,0.105072,0.228516
4045350,106.2915,10,Open_6,"OPEN HAND - relax, final recovery",6.2915,3182,2853,2689,2923,2830,2936,2972,11849.726177,7810.144928,6502.560455,8479.692833,7606.324111,8612.942192,8998.040962,0.452323,0.135349,-0.001624,-0.015471,0.000000,0.111732,0.223998
4045400,106.2915,10,Open_6,"OPEN HAND - relax, final recovery",6.2915,3179,2856,2681,2911,2824,2925,2965,11799.781659,7837.288136,6446.534653,8359.290541,7554.366640,8500.000000,8921.238938,0.446201,0.139295,-0.010226,-0.029450,-0.006831,0.097154,0.213551
4045450,106.2916,10,Open_6,"OPEN HAND - relax, final recovery",6.2916,3190,2849,2683,2925,2832,2933,2954,11984.530387,7774.157303,6460.481586,8500.000000,7623.752969,8581.927711,8802.453988,0.468845,0.130117,-0.008085,-0.013113,0.002291,0.107729,0.197393
4045500,106.2916,10,Open_6,"OPEN HAND - relax, final recovery",6.2916,3213,2853,2698,2921,2831,2930,2946,12385.714286,7810.144928,6566.356478,8459.454855,7615.031646,8551.072961,8717.493473,0.518014,0.135349,0.008171,-0.017821,0.001145,0.103746,0.185836
4045550,106.3541,10,Open_6,"OPEN HAND - relax, final recovery",6.3541,3196,2851,2692,2912,2821,2922,2949,12087.208009,7792.122186,6523.734854,8369.230769,7528.571429,8469.565217,8749.214660,0.481429,0.132729,0.001627,-0.028296,-0.010222,0.093225,0.190151
4045600,106.4172,10,Open_6,"OPEN HAND - relax, final recovery",6.4172,3170,2843,2692,2927,2832,2934,2944,11651.891892,7720.607029,6523.734854,8520.376712,7623.752969,8592.248062,8696.437880,0.428076,0.122333,0.001627,-0.010747,0.002291,0.109061,0.182971
4045650,106.4586,10,Open_6,"OPEN HAND - relax, final recovery",6.4586,3170,2856,2695,2927,2831,2931,2934,11651.891892,7837.288136,6545.000000,8520.376712,7615.031646,8561.340206,8592.248062,0.428076,0.139295,0.004892,-0.010747,0.001145,0.105072,0.168798
4045700,106.5006,10,Open_6,"OPEN HAND - relax, final recovery",6.5006,3152,2854,2691,2918,2820,2922,2949,11364.581124,7819.178082,6516.666667,8429.226848,7520.000000,8469.565217,8749.214660,0.392862,0.136662,0.000542,-0.021330,-0.011349,0.093225,0.190151
4045750,106.5640,10,Open_6,"OPEN HAND - relax, final recovery",6.5640,3135,2844,2694,2929,2833,2931,2947,11103.125000,7729.496403,6537.901499,8540.823328,7632.488114,8561.340206,8728.048780,0.360818,0.123625,0.003802,-0.008373,0.003440,0.105072,0.187271
4045800,106.6052,10,Open_6,"OPEN HAND - relax, final recovery",6.6052,3151,2857,2693,2927,2832,2932,2930,11348.940678,7846.365105,6530.813124,8520.376712,7623.752969,8571.625107,8551.072961,0.390946,0.140614,0.002714,-0.010747,0.002291,0.106399,0.163197
4045850,106.6473,10,Open_6,"OPEN HAND - relax, final recovery",6.6473,3146,2857,2689,2916,2825,2930,2952,11271.232877,7846.365105,6502.560455,8409.160305,7562.992126,8551.072961,8781.102362,0.381422,0.140614,-0.001624,-0.023660,-0.005697,0.103746,0.194488
4045900,106.8122,10,Open_6,"OPEN HAND - relax, final recovery",6.8122,3128,2849,2696,2926,2831,2941,2952,10998.138573,7774.157303,6552.108649,8510.179641,7615.031646,8664.991334,8781.102362,0.347951,0.130117,0.005983,-0.011931,0.001145,0.118450,0.194488
4045950,106.8122,10,Open_6,"OPEN HAND - relax, final recovery",6.8122,3141,2858,2697,2926,2832,2943,2945,11194.339623,7855.456750,6559.227468,8510.179641,7623.752969,8685.937500,8706.956522,0.371997,0.141936,0.007076,-0.011931,0.002291,0.121154,0.184402
4046000,106.8324,10,Open_6,"OPEN HAND - relax, final recovery",6.8324,3137,2861,2694,2915,2824,2942,2958,11133.402923,7882.820097,6537.901499,8399.152542,7554.366640,8675.455334,8845.382586,0.364529,0.145913,0.003802,-0.024822,-0.006831,0.119801,0.203232
4046050,106.8324,10,Open_6,"OPEN HAND - relax, final recovery",6.8324,3129,2857,2695,2923,2830,2955,2953,11013.043478,7846.365105,6545.000000,8479.692833,7606.324111,8813.157895,8791.768827,0.349777,0.140614,0.004892,-0.015471,0.000000,0.137575,0.195939
4046100,106.9162,10,Open_6,"OPEN HAND - relax, final recovery",6.9162,3143,2866,2689,2927,2832,2954,2949,11225.000000,7928.722539,6502.560455,8520.376712,7623.752969,8802.453988,8749.214660,0.375755,0.152586,-0.001624,-0.010747,0.002291,0.136194,0.190151
4046150,106.9373,10,Open_6,"OPEN HAND - relax, final recovery",6.9373,3134,2862,2683,2919,2824,2941,2961,11088.033299,7891.970803,6460.481586,8439.285714,7554.366640,8664.991334,8877.777778,0.358968,0.147244,-0.008085,-0.020162,-0.006831,0.118450,0.207639
4046200,107.0151,10,Open_6,"OPEN HAND - relax, final recovery",7.0151,3117,2847,2684,2925,2830,2943,2960,10836.196319,7756.250000,6467.469880,8500.000000,7606.324111,8685.937500,8866.960352,0.328103,0.127514,-0.007012,-0.013113,0.000000,0.121154,0.206167
4046250,107.0569,10,Open_6,"OPEN HAND - relax, final recovery",7.0569,3126,2860,2682,2923,2831,2941,2961,10968.421053,7873.684211,6453.503185,8479.692833,7615.031646,8664.991334,8877.777778,0.344308,0.144585,-0.009156,-0.015471,0.001145,0.118450,0.207639
4046300,107.0988,10,Open_6,"OPEN HAND - relax, final recovery",7.0988,3138,2856,2683,2912,2821,2936,2962,11148.589342,7837.288136,6460.481586,8369.230769,7528.571429,8612.942192,8888.614298,0.366390,0.139295,-0.008085,-0.028296,-0.010222,0.111732,0.209113
4046350,107.1403,10,Open_6,"OPEN HAND - relax, final recovery",7.1403,3126,2848,2683,2922,2831,2940,2959,10968.421053,7765.196472,6460.481586,8469.565217,7615.031646,8654.545455,8856.161972,0.344308,0.128815,-0.008085,-0.016647,0.001145,0.117102,0.204699
4046400,107.3257,10,Open_6,"OPEN HAND - relax, final recovery",7.3257,3127,2862,2687,2924,2831,2942,2949,10983.264463,7891.970803,6488.494318,8489.837746,7615.031646,8675.455334,8749.214660,0.346128,0.147244,-0.003784,-0.014293,0.001145,0.119801,0.190151
4046450,107.3258,10,Open_6,"OPEN HAND - relax, final recovery",7.3258,3141,2857,2686,2912,2820,2935,2956,11194.339623,7846.365105,6481.476224,8369.230769,7520.000000,8602.586207,8823.880597,0.371997,0.140614,-0.004861,-0.028296,-0.011349,0.110395,0.200307
4046500,107.3259,10,Open_6,"OPEN HAND - relax, final recovery",7.3259,3143,2852,2687,2922,2832,2942,2951,11225.000000,7801.126307,6488.494318,8469.565217,7623.752969,8675.455334,8770.454545,0.375755,0.134038,-0.003784,-0.016647,0.002291,0.119801,0.193040
4046550,107.3880,10,Open_6,"OPEN HAND - relax, final recovery",7.3880,3159,2864,2691,2925,2832,2950,2947,11475.000000,7910.316816,6516.666667,8500.000000,7623.752969,8759.825328,8728.048780,0.406396,0.149911,0.000542,-0.013113,0.002291,0.130691,0.187271
4046600,107.4302,10,Open_6,"OPEN HAND - relax, final recovery",7.4302,3148,2863,2683,2913,2821,2938,2960,11302.217529,7901.136364,6460.481586,8379.187817,7528.571429,8633.707865,8866.960352,0.385219,0.148576,-0.008085,-0.027140,-0.010222,0.114413,0.206167
4046650,107.4508,10,Open_6,"OPEN HAND - relax, final recovery",7.4508,3143,2854,2678,2925,2833,2952,2954,11225.000000,7819.178082,6425.688073,8500.000000,7632.488114,8781.102362,8802.453988,0.375755,0.136662,-0.013427,-0.013113,0.003440,0.133438,0.197393
4046700,107.5130,10,Open_6,"OPEN HAND - relax, final recovery",7.5130,3135,2861,2685,2923,2831,2951,2945,11103.125000,7882.820097,6474.468085,8479.692833,7615.031646,8770.454545,8706.956522,0.360818,0.145913,-0.005937,-0.015471,0.001145,0.132063,0.184402
4046750,107.5546,10,Open_6,"OPEN HAND - relax, final recovery",7.5546,3121,2856,2676,2913,2821,2941,2954,10894.661191,7837.288136,6411.839323,8379.187817,7528.571429,8664.991334,8802.453988,0.335268,0.139295,-0.015553,-0.027140,-0.010222,0.118450,0.197393
4046800,107.5967,10,Open_6,"OPEN HAND - relax, final recovery",7.5967,3102,2843,2679,2926,2831,2933,2951,10621.148036,7720.607029,6432.627119,8510.179641,7615.031646,8581.927711,8770.454545,0.301746,0.122333,-0.012361,-0.011931,0.001145,0.107729,0.193040
4046850,107.6389,10,Open_6,"OPEN HAND - relax, final recovery",7.6389,3105,2851,2686,2923,2830,2936,2930,10663.636364,7792.122186,6481.476224,8479.692833,7606.324111,8612.942192,8551.072961,0.306953,0.132729,-0.004861,-0.015471,0.000000,0.111732,0.163197
4046900,107.8263,10,Open_6,"OPEN HAND - relax, final recovery",7.8263,3108,2851,2683,2909,2820,2933,2942,10706.382979,7792.122186,6460.481586,8339.460371,7520.000000,8581.927711,8675.455334,0.312193,0.132729,-0.008085,-0.031752,-0.011349,0.107729,0.180117
4046950,107.8264,10,Open_6,"OPEN HAND - relax, final recovery",7.8264,3100,2849,2679,2923,2830,2941,2947,10592.964824,7774.157303,6432.627119,8479.692833,7606.324111,8664.991334,8728.048780,0.298292,0.130117,-0.012361,-0.015471,0.000000,0.118450,0.187271
4047000,107.8264,10,Open_6,"OPEN HAND - relax, final recovery",7.8264,3125,2850,2684,2920,2831,2942,2953,10953.608247,7783.132530,6467.469880,8449.361702,7615.031646,8675.455334,8791.768827,0.342493,0.131422,-0.007012,-0.018992,0.001145,0.119801,0.195939
4047050,107.8678,10,Open_6,"OPEN HAND - relax, final recovery",7.8678,3124,2850,2683,2909,2820,2943,2950,10938.825953,7783.132530,6460.481586,8339.460371,7520.000000,8685.937500,8759.825328,0.340681,0.131422,-0.008085,-0.031752,-0.011349,0.121154,0.191594
4047100,107.9100,10,Open_6,"OPEN HAND - relax, final recovery",7.9100,3112,2841,2678,2922,2831,2958,2943,10763.784334,7702.870813,6425.688073,8469.565217,7615.031646,8845.382586,8685.937500,0.319228,0.119754,-0.013427,-0.016647,0.001145,0.141735,0.181543
4047150,107.9934,10,Open_6,"OPEN HAND - relax, final recovery",7.9934,3120,2852,2684,2922,2830,2958,2941,10880.000000,7801.126307,6467.469880,8469.565217,7606.324111,8845.382586,8664.991334,0.333471,0.134038,-0.007012,-0.016647,0.000000,0.141735,0.178694
4047200,108.0313,10,Open_6,"OPEN HAND - relax, final recovery",8.0313,3125,2851,2680,2910,2821,2944,2946,10953.608247,7792.122186,6439.575972,8349.367089,7528.571429,8696.437880,8717.493473,0.342493,0.132729,-0.011294,-0.030602,-0.010222,0.122509,0.185836
4047250,108.0528,10,Open_6,"OPEN HAND - relax, final recovery",8.0528,3119,2845,2671,2920,2830,2950,2946,10865.368852,7738.400000,6377.387640,8449.361702,7606.324111,8759.825328,8717.493473,0.331678,0.124919,-0.020842,-0.018992,0.000000,0.130691,0.185836
4047300,108.0946,10,Open_6,"OPEN HAND - relax, final recovery",8.0946,3131,2850,2685,2923,2829,2947,2937,11042.946058,7783.132530,6474.468085,8479.692833,7597.630332,8728.048780,8623.316062,0.353442,0.131422,-0.005937,-0.015471,-0.001143,0.126590,0.173025
4047350,108.1567,10,Open_6,"OPEN HAND - relax, final recovery",8.1567,3134,2848,2680,2911,2821,2940,2947,11088.033299,7765.196472,6439.575972,8359.290541,7528.571429,8654.545455,8728.048780,0.358968,0.128815,-0.011294,-0.029450,-0.010222,0.117102,0.187271
4047400,108.1989,10,Open_6,"OPEN HAND - relax, final recovery",8.1989,3118,2834,2674,2924,2831,2946,2952,10850.767656,7641.237113,6398.029557,8489.837746,7615.031646,8717.493473,8781.102362,0.329889,0.110795,-0.017673,-0.014293,0.001145,0.125227,0.194488
4047450,108.3479,10,Open_6,"OPEN HAND - relax, final recovery",8.3479,3108,2843,2682,2921,2830,2943,2926,10706.382979,7720.607029,6453.503185,8459.454855,7606.324111,8685.937500,8510.179641,0.312193,0.122333,-0.009156,-0.017821,0.000000,0.121154,0.157635
4047500,108.3480,10,Open_6,"OPEN HAND - relax, final recovery",8.3480,3107,2842,2683,2913,2818,2938,2939,10692.105263,7711.731844,6460.481586,8379.187817,7502.897416,8633.707865,8644.117647,0.310443,0.121043,-0.008085,-0.027140,-0.013597,0.114413,0.175854
4047550,108.3480,10,Open_6,"OPEN HAND - relax, final recovery",8.3480,3103,2832,2682,2924,2831,2945,2937,10635.282258,7623.752969,6453.503185,8489.837746,7615.031646,8706.956522,8623.316062,0.303478,0.108253,-0.009156,-0.014293,0.001145,0.123867,0.173025
4047600,108.4109,10,Open_6,"OPEN HAND - relax, final recovery",8.4109,3112,2840,2680,2920,2829,2944,2928,10763.784334,7694.023904,6439.575972,8449.361702,7597.630332,8696.437880,8530.591260,0.319228,0.118468,-0.011294,-0.018992,-0.001143,0.122509,0.160411
4047650,108.4532,10,Open_6,"OPEN HAND - relax, final recovery",8.4532,3105,2838,2677,2906,2819,2938,2945,10663.636364,7676.372315,6418.758815,8309.840202,7511.442006,8633.707865,8706.956522,0.306953,0.115902,-0.014491,-0.035191,-0.012474,0.114413,0.184402
4047700,108.4951,10,Open_6,"OPEN HAND - relax, final recovery",8.4951,3094,2832,2679,2918,2831,2941,2949,10509.090909,7623.752969,6432.627119,8429.226848,7615.031646,8664.991334,8749.214660,0.288012,0.108253,-0.012361,-0.021330,0.001145,0.118450,0.190151
4047750,108.5577,10,Open_6,"OPEN HAND - relax, final recovery",8.5577,3113,2841,2679,2916,2831,2940,2938,10778.207739,7702.870813,6432.627119,8409.160305,7615.031646,8654.545455,8633.707865,0.320996,0.119754,-0.012361,-0.023660,0.001145,0.117102,0.174438
4047800,108.5998,10,Open_6,"OPEN HAND - relax, final recovery",8.5998,3104,2836,2676,2904,2818,2926,2948,10649.445005,7658.776807,6411.839323,8290.176322,7502.897416,8510.179641,8738.622493,0.305214,0.113345,-0.015553,-0.037475,-0.013597,0.098468,0.188710
4047850,108.6833,10,Open_6,"OPEN HAND - relax, final recovery",8.6833,3095,2836,2676,2919,2831,2939,2949,10523.000000,7658.776807,6411.839323,8439.285714,7615.031646,8644.117647,8749.214660,0.289717,0.113345,-0.015553,-0.020162,0.001145,0.115756,0.190151
4047900,108.7045,10,Open_6,"OPEN HAND - relax, final recovery",8.7045,3118,2850,2679,2918,2830,2934,2938,10850.767656,7783.132530,6432.627119,8429.226848,7606.324111,8592.248062,8633.707865,0.329889,0.131422,-0.012361,-0.021330,0.000000,0.109061,0.174438
4047950,108.8545,10,Open_6,"OPEN HAND - relax, final recovery",8.8545,3120,2848,2677,2909,2822,2930,2948,10880.000000,7765.196472,6418.758815,8339.460371,7537.156324,8551.072961,8738.622493,0.333471,0.128815,-0.014491,-0.031752,-0.009093,0.103746,0.188710
4048000,108.8545,10,Open_6,"OPEN HAND - relax, final recovery",8.8545,3127,2834,2673,2921,2832,2936,2949,10983.264463,7641.237113,6391.139241,8459.454855,7623.752969,8612.942192,8749.214660,0.346128,0.110795,-0.018731,-0.017821,0.002291,0.111732,0.190151
4048050,108.8545,10,Open_6,"OPEN HAND - relax, final recovery",8.8545,3137,2840,2682,2918,2830,2933,2941,11133.402923,7694.023904,6453.503185,8429.226848,7606.324111,8581.927711,8664.991334,0.364529,0.118468,-0.009156,-0.021330,0.000000,0.107729,0.178694
4048100,108.9169,10,Open_6,"OPEN HAND - relax, final recovery",8.9169,3135,2845,2677,2908,2820,2927,2954,11103.125000,7738.400000,6418.758815,8329.570345,7520.000000,8520.376712,8802.453988,0.360818,0.124919,-0.014491,-0.032901,-0.011349,0.099784,0.197393
4048150,108.9378,10,Open_6,"OPEN HAND - relax, final recovery",8.9378,3119,2834,2680,2922,2829,2929,2944,10865.368852,7641.237113,6439.575972,8469.565217,7597.630332,8540.823328,8696.437880,0.331678,0.110795,-0.011294,-0.016647,-0.001143,0.102423,0.182971
4048200,108.9794,10,Open_6,"OPEN HAND - relax, final recovery",8.9794,3129,2843,2680,2926,2830,2932,2941,11013.043478,7720.607029,6439.575972,8510.179641,7606.324111,8571.625107,8664.991334,0.349777,0.122333,-0.011294,-0.011931,0.000000,0.106399,0.178694
4048250,109.0518,10,Open_6,"OPEN HAND - relax, final recovery",9.0518,3108,2842,2680,2914,2820,2927,2952,10706.382979,7711.731844,6439.575972,8389.161727,7520.000000,8520.376712,8781.102362,0.312193,0.121043,-0.011294,-0.025982,-0.011349,0.099784,0.194488
4048300,109.0940,10,Open_6,"OPEN HAND - relax, final recovery",9.0940,3093,2834,2672,2926,2830,2930,2948,10495.209581,7641.237113,6384.258609,8510.179641,7606.324111,8551.072961,8738.622493,0.286311,0.110795,-0.019788,-0.011931,0.000000,0.103746,0.188710
4048350,109.1569,10,Open_6,"OPEN HAND - relax, final recovery",9.1569,3117,2842,2679,2923,2830,2933,2929,10836.196319,7711.731844,6432.627119,8479.692833,7606.324111,8581.927711,8540.823328,0.328103,0.121043,-0.012361,-0.015471,0.000000,0.107729,0.161803
4048400,109.1992,10,Open_6,"OPEN HAND - relax, final recovery",9.1992,3118,2839,2673,2914,2819,2935,2944,10850.767656,7685.191083,6391.139241,8389.161727,7511.442006,8602.586207,8696.437880,0.329889,0.117184,-0.018731,-0.025982,-0.012474,0.110395,0.182971
4048450,109.3714,10,Open_6,"OPEN HAND - relax, final recovery",9.3714,3114,2833,2668,2923,2830,2934,2941,10792.660550,7632.488114,6356.832516,8479.692833,7606.324111,8592.248062,8664.991334,0.322767,0.109523,-0.023998,-0.015471,0.000000,0.109061,0.178694
4048500,109.3715,10,Open_6,"OPEN HAND - relax, final recovery",9.3715,3103,2841,2677,2923,2831,2932,2934,10635.282258,7702.870813,6418.758815,8479.692833,7615.031646,8571.625107,8592.248062,0.303478,0.119754,-0.014491,-0.015471,0.001145,0.106399,0.168798
4048550,109.3715,10,Open_6,"OPEN HAND - relax, final recovery",9.3715,3109,2836,2675,2910,2819,2925,2947,10720.689655,7658.776807,6404.929577,8349.367089,7511.442006,8500.000000,8728.048780,0.313946,0.113345,-0.016614,-0.030602,-0.012474,0.097154,0.187271
4048600,109.4130,10,Open_6,"OPEN HAND - relax, final recovery",9.4130,3098,2830,2678,2924,2830,2929,2940,10564.894684,7606.324111,6425.688073,8489.837746,7606.324111,8540.823328,8654.545455,0.294852,0.105720,-0.013427,-0.014293,0.000000,0.102423,0.177273
4048650,109.4552,10,Open_6,"OPEN HAND - relax, final recovery",9.4552,3104,2837,2677,2922,2829,2928,2931,10649.445005,7667.567568,6418.758815,8469.565217,7597.630332,8530.591260,8561.340206,0.305214,0.114623,-0.014491,-0.016647,-0.001143,0.101103,0.164594
4048700,109.4969,10,Open_6,"OPEN HAND - relax, final recovery",9.4969,3096,2834,2671,2914,2820,2914,2945,10536.936937,7641.237113,6377.387640,8389.161727,7520.000000,8389.161727,8706.956522,0.291425,0.110795,-0.020842,-0.025982,-0.011349,0.082847,0.184402
4048750,109.5590,10,Open_6,"OPEN HAND - relax, final recovery",9.5590,3086,2827,2682,2925,2829,2923,2942,10398.810704,7580.283912,6453.503185,8500.000000,7597.630332,8479.692833,8675.455334,0.274496,0.101934,-0.009156,-0.013113,-0.001143,0.094533,0.180117
4048800,109.6004,10,Open_6,"OPEN HAND - relax, final recovery",9.6004,3104,2837,2679,2928,2828,2920,2929,10649.445005,7667.567568,6432.627119,8530.591260,7588.950276,8449.361702,8540.823328,0.305214,0.114623,-0.012361,-0.009561,-0.002284,0.090618,0.161803
4048850,109.6633,10,Open_6,"OPEN HAND - relax, final recovery",9.6633,3109,2838,2680,2915,2821,2911,2935,10720.689655,7676.372315,6439.575972,8399.152542,7528.571429,8359.290541,8602.586207,0.313946,0.115902,-0.011294,-0.024822,-0.010222,0.078992,0.170205
4048900,109.7045,10,Open_6,"OPEN HAND - relax, final recovery",9.7045,3112,2831,2679,2926,2830,2916,2934,10763.784334,7615.031646,6432.627119,8510.179641,7606.324111,8409.160305,8592.248062,0.319228,0.106985,-0.012361,-0.011931,0.000000,0.085429,0.168798
4048950,109.8881,10,Open_6,"OPEN HAND - relax, final recovery",9.8881,3126,2840,2680,2927,2829,2918,2925,10968.421053,7694.023904,6439.575972,8520.376712,7597.630332,8429.226848,8500.000000,0.344308,0.118468,-0.011294,-0.010747,-0.001143,0.088019,0.156250
4049000,109.8881,10,Open_6,"OPEN HAND - relax, final recovery",9.8881,3120,2842,2679,2914,2819,2911,2932,10880.000000,7711.731844,6432.627119,8389.161727,7511.442006,8359.290541,8571.625107,0.333471,0.121043,-0.012361,-0.025982,-0.012474,0.078992,0.165993
4049050,109.8882,10,Open_6,"OPEN HAND - relax, final recovery",9.8882,3093,2834,2678,2927,2831,2923,2935,10495.209581,7641.237113,6425.688073,8520.376712,7615.031646,8479.692833,8602.586207,0.286311,0.110795,-0.013427,-0.010747,0.001145,0.094533,0.170205
4049100,109.8882,10,Open_6,"OPEN HAND - relax, final recovery",9.8882,3092,2847,2678,2924,2830,2921,2929,10481.355932,7756.250000,6425.688073,8489.837746,7606.324111,8459.454855,8540.823328,0.284613,0.127514,-0.013427,-0.014293,0.000000,0.091920,0.161803
4049150,109.9719,10,Open_6,"OPEN HAND - relax, final recovery",9.9719,3082,2846,2676,2912,2819,2916,2943,10344.323791,7747.317854,6411.839323,8369.230769,7511.442006,8409.160305,8685.937500,0.267818,0.126216,-0.015553,-0.028296,-0.012474,0.085429,0.181543
4049200,109.9931,10,Open_6,"OPEN HAND - relax, final recovery",9.9931,3057,2833,2677,2924,2830,2917,2941,10013.294798,7632.488114,6418.758815,8489.837746,7606.324111,8419.185059,8664.991334,0.227247,0.109523,-0.014491,-0.014293,0.000000,0.086723,0.178694
