esp32_t_ms,protocol_elapsed_s,event_index,label,target_finger,phase,cycle,phase_elapsed_s,instruction,Thumb_raw_ADC,Index_raw_ADC,Middle_raw_ADC,Ring_raw_ADC,Pinky_raw_ADC,ReverseHorizontal_raw_ADC,ReverseThumb_raw_ADC,Thumb_R_ohm,Index_R_ohm,Middle_R_ohm,Ring_R_ohm,Pinky_R_ohm,ReverseHorizontal_R_ohm,ReverseThumb_R_ohm,Thumb_dR_over_R0,Index_dR_over_R0,Middle_dR_over_R0,Ring_dR_over_R0,Pinky_dR_over_R0,ReverseHorizontal_dR_over_R0,ReverseThumb_dR_over_R0
477050,0.0147,0,Initial_Baseline,None,baseline,0,0.0147,OPEN HAND - baseline,3085,2916,2832,3087,2892,2955,2940,10385.148515,8409.160305,7623.752969,10412.500000,8173.566085,8813.157895,8654.545455,-0.097483,0.097976,-0.030058,0.012540,0.023108,-0.007279,0.024283
477100,0.0587,0,Initial_Baseline,None,baseline,0,0.0587,OPEN HAND - baseline,3100,2909,2817,3080,2894,2965,2945,10592.964824,8339.460371,7494.366197,10317.241379,8192.839301,8921.238938,8706.956522,-0.079423,0.088875,-0.046519,0.003277,0.025520,0.004895,0.030486
477150,0.1130,0,Initial_Baseline,None,baseline,0,0.1130,OPEN HAND - baseline,3104,2918,2827,3088,2893,2959,2943,10649.445005,8429.226848,7580.283912,10426.216485,8183.194676,8856.161972,8685.937500,-0.074514,0.100596,-0.035589,0.013874,0.024313,-0.002435,0.027998
477200,0.3576,0,Initial_Baseline,None,baseline,0,0.3576,OPEN HAND - baseline,3111,2928,2828,3086,2891,2949,2934,10749.390244,8530.591260,7588.950276,10398.810704,8163.953488,8749.214660,8592.248062,-0.065828,0.113831,-0.034486,0.011209,0.021905,-0.014481,0.016910
477250,0.3577,0,Initial_Baseline,None,baseline,0,0.3577,OPEN HAND - baseline,3118,2906,2830,3080,2895,2959,2942,10850.767656,8309.840202,7606.324111,10317.241379,8202.500000,8856.161972,8675.455334,-0.057018,0.085008,-0.032276,0.003277,0.026730,-0.002435,0.026758
477300,0.3577,0,Initial_Baseline,None,baseline,0,0.3577,OPEN HAND - baseline,3093,2911,2843,3083,2895,2963,2941,10495.209581,8359.290541,7720.607029,10357.905138,8202.500000,8899.469965,8664.991334,-0.087918,0.091464,-0.017736,0.007231,0.026730,0.002443,0.025519
477350,0.3577,0,Initial_Baseline,None,baseline,0,0.3577,OPEN HAND - baseline,3108,2916,2838,3084,2890,2949,2932,10706.382979,8409.160305,7676.372315,10371.513353,8154.356846,8749.214660,8571.625107,-0.069566,0.097976,-0.023364,0.008555,0.020703,-0.014481,0.014469
477400,0.3678,0,Initial_Baseline,None,baseline,0,0.3678,OPEN HAND - baseline,3104,2924,2829,3076,2895,2961,2945,10649.445005,8489.837746,7597.630332,10263.395486,8202.500000,8877.777778,8706.956522,-0.074514,0.108510,-0.033382,-0.001959,0.026730,0.000000,0.030486
477450,0.5114,0,Initial_Baseline,None,baseline,0,0.5114,OPEN HAND - baseline,3096,2925,2843,3082,2894,2967,2948,10536.936937,8500.000000,7720.607029,10344.323791,8192.839301,8943.085106,8738.622493,-0.084292,0.109837,-0.017736,0.005911,0.025520,0.007356,0.034234
477500,0.5115,0,Initial_Baseline,None,baseline,0,0.5115,OPEN HAND - baseline,3103,2938,2839,3092,2886,2959,2947,10635.282258,8633.707865,7685.191083,10481.355932,8116.129032,8856.161972,8728.048780,-0.075745,0.127295,-0.022242,0.019236,0.015918,-0.002435,0.032982
477550,0.5115,0,Initial_Baseline,None,baseline,0,0.5115,OPEN HAND - baseline,3101,2923,2844,3110,2893,2974,2955,10607.042254,8479.692833,7729.496403,10735.025381,8183.194676,9020.160571,8813.157895,-0.078199,0.107185,-0.016605,0.043904,0.024313,0.016038,0.043055
477600,0.5879,0,Initial_Baseline,None,baseline,0,0.5879,OPEN HAND - baseline,3090,2936,2848,3115,2896,2976,2949,10453.731343,8612.942192,7765.196472,10807.142857,8212.176814,9042.359249,8749.214660,-0.091523,0.124584,-0.012063,0.050916,0.027941,0.018539,0.035487
477650,0.7636,0,Initial_Baseline,None,baseline,0,0.7636,OPEN HAND - baseline,3095,2922,2841,3118,2881,2960,2939,10523.000000,8469.565217,7702.870813,10850.767656,8068.698517,8866.960352,8644.117647,-0.085503,0.105863,-0.019992,0.055159,0.009981,-0.001218,0.023049
477700,0.7637,0,Initial_Baseline,None,baseline,0,0.7637,OPEN HAND - baseline,3111,2905,2832,3118,2879,2966,2938,10749.390244,8300.000000,7623.752969,10850.767656,8049.835526,8932.152347,8633.707865,-0.065828,0.083723,-0.030058,0.055159,0.007620,0.006125,0.021817
477750,0.7637,0,Initial_Baseline,None,baseline,0,0.7637,OPEN HAND - baseline,3119,2924,2845,3117,2890,2959,2934,10865.368852,8489.837746,7738.400000,10836.196319,8154.356846,8856.161972,8592.248062,-0.055749,0.108510,-0.015472,0.053742,0.020703,-0.002435,0.016910
477800,0.7637,0,Initial_Baseline,None,baseline,0,0.7637,OPEN HAND - baseline,3121,2915,2837,3100,2884,2957,2927,10894.661191,8399.152542,7667.567568,10592.964824,8097.109827,8834.622144,8520.376712,-0.053204,0.096669,-0.024484,0.030089,0.013538,-0.004861,0.008404
477850,0.8076,0,Initial_Baseline,None,baseline,0,0.8076,OPEN HAND - baseline,3177,2903,2849,3137,2889,2960,2947,11766.666667,8280.369128,7774.157303,11133.402923,8144.776119,8866.960352,8728.048780,0.022578,0.081160,-0.010923,0.082643,0.019504,-0.001218,0.032982
477900,0.8624,0,Initial_Baseline,None,baseline,0,0.8624,OPEN HAND - baseline,3166,2915,2863,3140,2897,2962,2942,11587.082885,8399.152542,7901.136364,11179.057592,8221.869783,8888.614298,8675.455334,0.006971,0.096669,0.005232,0.087082,0.029154,0.001221,0.026758
477950,0.9772,0,Initial_Baseline,None,baseline,0,0.9772,OPEN HAND - baseline,3188,2907,2860,3158,2892,2962,2932,11950.606395,8319.696970,7873.684211,11459.124867,8173.566085,8888.614298,8571.625107,0.038563,0.086295,0.001740,0.114317,0.023108,0.001221,0.014469
478000,0.9772,0,Initial_Baseline,None,baseline,0,0.9772,OPEN HAND - baseline,3186,2878,2861,3104,2893,2970,2938,11916.831683,8040.427280,7882.820097,10649.445005,8183.194676,8976.000000,8633.707865,0.035628,0.049831,0.002902,0.035581,0.024313,0.011064,0.021817
478050,1.0311,0,Initial_Baseline,None,baseline,0,1.0311,OPEN HAND - baseline,3174,2896,2867,3105,2895,2957,2930,11717.263844,8212.176814,7937.947883,10663.636364,8202.500000,8834.622144,8551.072961,0.018284,0.072256,0.009916,0.036961,0.026730,-0.004861,0.012037
478100,1.0632,0,Initial_Baseline,None,baseline,0,1.0632,OPEN HAND - baseline,3162,2896,2848,3094,2888,2958,2924,11522.829582,8212.176814,7765.196472,10509.090909,8135.211268,8845.382586,8489.837746,0.001387,0.072256,-0.012063,0.021933,0.018307,-0.003649,0.004789
478150,1.1284,0,Initial_Baseline,None,baseline,0,1.1284,OPEN HAND - baseline,3201,2897,2857,3152,2890,2966,2942,12173.825503,8221.869783,7846.365105,11364.581124,8154.356846,8932.152347,8675.455334,0.057962,0.073522,-0.001736,0.105123,0.020703,0.006125,0.026758
478200,1.2512,0,Initial_Baseline,None,baseline,0,1.2512,OPEN HAND - baseline,3179,2900,2870,3161,2897,2958,2936,11799.781659,8251.046025,7965.714286,11506.852248,8221.869783,8845.382586,8612.942192,0.025455,0.077331,0.013448,0.118958,0.029154,-0.003649,0.019359
478250,1.2512,0,Initial_Baseline,None,baseline,0,1.2512,OPEN HAND - baseline,3174,2901,2865,3145,2887,2952,2928,11717.263844,8260.804020,7919.512195,11255.789474,8125.662252,8781.102362,8530.591260,0.018284,0.078605,0.007570,0.094544,0.017112,-0.010890,0.009613
478300,1.2622,0,Initial_Baseline,None,baseline,0,1.2622,OPEN HAND - baseline,3192,2889,2853,3126,2895,2958,2940,12018.604651,8144.776119,7810.144928,10968.421053,8202.500000,8845.382586,8654.545455,0.044472,0.063456,-0.006344,0.066600,0.026730,-0.003649,0.024283
478350,1.3275,0,Initial_Baseline,None,baseline,0,1.3275,OPEN HAND - baseline,3191,2900,2866,3147,2894,2955,2943,12001.548673,8251.046025,7928.722539,11286.708861,8192.839301,8813.157895,8685.937500,0.042990,0.077331,0.008742,0.097551,0.025520,-0.007279,0.027998
478400,1.3598,0,Initial_Baseline,None,baseline,0,1.3598,OPEN HAND - baseline,3217,2894,2872,3167,2884,2949,2934,12457.630979,8192.839301,7984.300899,11603.232759,8097.109827,8749.214660,8592.248062,0.082626,0.069731,0.015813,0.128330,0.013538,-0.014481,0.016910
478450,1.5133,0,Initial_Baseline,None,baseline,0,1.5133,OPEN HAND - baseline,3217,2878,2875,3153,2889,2958,2942,12457.630979,8040.427280,8012.295082,11380.254777,8144.776119,8845.382586,8675.455334,0.082626,0.049831,0.019375,0.106647,0.019504,-0.003649,0.026758
478500,1.5133,0,Initial_Baseline,None,baseline,0,1.5133,OPEN HAND - baseline,3206,2891,2892,3145,2892,2955,2934,12261.417323,8163.953488,8173.566085,11255.789474,8173.566085,8813.157895,8592.248062,0.065574,0.065960,0.039893,0.094544,0.023108,-0.007279,0.016910
478550,1.5134,0,Initial_Baseline,None,baseline,0,1.5134,OPEN HAND - baseline,3237,2895,2893,3150,2879,2949,2929,12827.272727,8202.500000,8183.194676,11333.333333,8049.835526,8749.214660,8540.823328,0.114749,0.070993,0.041118,0.102085,0.007620,-0.014481,0.010824
478600,1.5567,0,Initial_Baseline,None,baseline,0,1.5567,OPEN HAND - baseline,3223,2877,2883,3128,2891,2959,2927,12566.743119,8031.034483,8087.623762,10998.138573,8163.953488,8856.161972,8520.376712,0.092108,0.048604,0.028958,0.069489,0.021905,-0.002435,0.008404
478650,1.6226,0,Initial_Baseline,None,baseline,0,1.6226,OPEN HAND - baseline,3222,2894,2889,3148,2894,2953,2929,12548.453608,8192.839301,8144.776119,11302.217529,8192.839301,8791.768827,8540.823328,0.090518,0.069731,0.036230,0.099059,0.025520,-0.009688,0.010824
478700,1.7835,0,Initial_Baseline,None,baseline,0,1.7835,OPEN HAND - baseline,3236,2878,2885,3130,2885,2941,2927,12808.381839,8040.427280,8106.611570,11027.979275,8106.611570,8664.991334,8520.376712,0.113107,0.049831,0.031374,0.072391,0.014727,-0.023968,0.008404
478750,1.7835,0,Initial_Baseline,None,baseline,0,1.7835,OPEN HAND - baseline,3222,2865,2873,3101,2886,2941,2930,12548.453608,7919.512195,7993.617021,10607.042254,8116.129032,8664.991334,8551.072961,0.090518,0.034043,0.016998,0.031458,0.015918,-0.023968,0.012037
478800,1.7835,0,Initial_Baseline,None,baseline,0,1.7835,OPEN HAND - baseline,3227,2889,2877,3095,2888,2948,2931,12640.322581,8144.776119,8031.034483,10523.000000,8135.211268,8738.622493,8561.340206,0.098502,0.063456,0.021759,0.023286,0.018307,-0.015675,0.013252
478850,1.8167,0,Initial_Baseline,None,baseline,0,1.8167,OPEN HAND - baseline,3255,2882,2876,3094,2881,2943,2927,13175.000000,8078.153339,8021.657096,10509.090909,8068.698517,8685.937500,8520.376712,0.144968,0.054757,0.020566,0.021933,0.009981,-0.021609,0.008404
478900,1.8713,0,Initial_Baseline,None,baseline,0,1.8713,OPEN HAND - baseline,3223,2873,2865,3079,2886,2955,2928,12566.743119,7993.617021,7919.512195,10303.740157,8116.129032,8813.157895,8530.591260,0.092108,0.043719,0.007570,0.001964,0.015918,-0.007279,0.009613
478950,2.0289,0,Initial_Baseline,None,baseline,0,2.0289,OPEN HAND - baseline,3217,2881,2872,3081,2887,2952,2924,12457.630979,8068.698517,7984.300899,10330.769231,8125.662252,8781.102362,8489.837746,0.082626,0.053522,0.015813,0.004593,0.017112,-0.010890,0.004789
479000,2.0290,0,Initial_Baseline,None,baseline,0,2.0290,OPEN HAND - baseline,3213,2884,2874,3081,2877,2942,2915,12385.714286,8097.109827,8002.948403,10330.769231,8031.034483,8675.455334,8399.152542,0.076376,0.057232,0.018186,0.004593,0.005267,-0.022790,-0.005943
479050,2.0290,0,Initial_Baseline,None,baseline,0,2.0290,OPEN HAND - baseline,3216,2878,2867,3064,2879,2953,2926,12439.590444,8040.427280,7937.947883,10104.364694,8049.835526,8791.768827,8510.179641,0.081058,0.049831,0.009916,-0.017424,0.007620,-0.009688,0.007197
479100,2.0727,0,Initial_Baseline,None,baseline,0,2.0727,OPEN HAND - baseline,3235,2888,2872,3069,2881,2951,2924,12789.534884,8135.211268,7984.300899,10170.175439,8068.698517,8770.454545,8489.837746,0.111470,0.062207,0.015813,-0.011024,0.009981,-0.012089,0.004789
479150,2.1169,0,Initial_Baseline,None,baseline,0,2.1169,OPEN HAND - baseline,3232,2879,2864,3060,2880,2941,2916,12733.256083,8049.835526,7910.316816,10052.173913,8059.259259,8664.991334,8409.160305,0.106579,0.051059,0.006400,-0.022499,0.008800,-0.023968,-0.004759
479200,2.2896,0,Initial_Baseline,None,baseline,0,2.2896,OPEN HAND - baseline,3201,2864,2857,3056,2881,2953,2927,12173.825503,7910.316816,7846.365105,10000.384986,8068.698517,8791.768827,8520.376712,0.057962,0.032842,-0.001736,-0.027535,0.009981,-0.009688,0.008404
479250,2.2896,0,Initial_Baseline,None,baseline,0,2.2896,OPEN HAND - baseline,3232,2879,2872,3063,2884,2952,2926,12733.256083,8049.835526,7984.300899,10091.279070,8097.109827,8781.102362,8510.179641,0.106579,0.051059,0.015813,-0.018696,0.013538,-0.010890,0.007197
479300,2.2896,0,Initial_Baseline,None,baseline,0,2.2896,OPEN HAND - baseline,3249,2867,2865,3071,2876,2946,2920,13057.446809,7937.947883,7919.512195,10196.679688,8021.657096,8717.493473,8449.361702,0.134752,0.036450,0.007570,-0.008447,0.004093,-0.018055,-0.000001
479350,2.3220,0,Initial_Baseline,None,baseline,0,2.3220,OPEN HAND - baseline,3242,2852,2857,3062,2887,2958,2923,12922.391559,7801.126307,7846.365105,10078.218780,8125.662252,8845.382586,8479.692833,0.123015,0.018586,-0.001736,-0.019966,0.017112,-0.003649,0.003589
479400,2.3655,0,Initial_Baseline,None,baseline,0,2.3655,OPEN HAND - baseline,3236,2861,2863,3068,2887,2950,2920,12808.381839,7882.820097,7901.136364,10156.962025,8125.662252,8759.825328,8449.361702,0.113107,0.029252,0.005232,-0.012309,0.017112,-0.013286,-0.000001
479450,2.4085,0,Initial_Baseline,None,baseline,0,2.4085,OPEN HAND - baseline,3217,2871,2869,3068,2875,2938,2908,12457.630979,7975.000000,7956.443719,10156.962025,8012.295082,8633.707865,8329.570345,0.082626,0.041288,0.012269,-0.012309,0.002921,-0.027492,-0.014179
479500,2.5410,0,Initial_Baseline,None,baseline,0,2.5410,OPEN HAND - baseline,3202,2864,2861,3055,2884,2954,2920,12191.265398,7910.316816,7882.820097,9987.500000,8097.109827,8802.453988,8449.361702,0.059477,0.032842,0.002902,-0.028788,0.013538,-0.008485,-0.000001
479550,2.5410,0,Initial_Baseline,None,baseline,0,2.5410,OPEN HAND - baseline,3201,2873,2867,3058,2883,2951,2918,12173.825503,7993.617021,7937.947883,10026.229508,8087.623762,8770.454545,8429.226848,0.057962,0.043719,0.009916,-0.025022,0.012350,-0.012089,-0.002384
479600,2.5626,0,Initial_Baseline,None,baseline,0,2.5626,OPEN HAND - baseline,3209,2884,2867,3056,2880,2942,2909,12314.446953,8097.109827,7937.947883,10000.384986,8059.259259,8675.455334,8339.460371,0.070182,0.057232,0.009916,-0.027535,0.008800,-0.022790,-0.013008
479650,2.6065,0,Initial_Baseline,None,baseline,0,2.6065,OPEN HAND - baseline,3223,2893,2853,3052,2888,2953,2918,12566.743119,8183.194676,7810.144928,9948.993289,8135.211268,8791.768827,8429.226848,0.092108,0.068472,-0.006344,-0.032532,0.018307,-0.009688,-0.002384
479700,2.7964,0,Initial_Baseline,None,baseline,0,2.7964,OPEN HAND - baseline,3209,2901,2856,3070,2884,2948,2916,12314.446953,8260.804020,7837.288136,10183.414634,8097.109827,8738.622493,8409.160305,0.070182,0.078605,-0.002891,-0.009737,0.013538,-0.015675,-0.004759
479750,2.7964,0,Initial_Baseline,None,baseline,0,2.7964,OPEN HAND - baseline,3226,2894,2863,3066,2877,2944,2907,12621.864212,8192.839301,7901.136364,10130.612245,8031.034483,8696.437880,8319.696970,0.096898,0.069731,0.005232,-0.014871,0.005267,-0.020426,-0.015347
479800,2.7964,0,Initial_Baseline,None,baseline,0,2.7964,OPEN HAND - baseline,3226,2875,2850,3058,2880,2957,2914,12621.864212,8012.295082,7783.132530,10026.229508,8059.259259,8834.622144,8389.161727,0.096898,0.046158,-0.009781,-0.025022,0.008800,-0.004861,-0.007126
479850,2.8176,0,Initial_Baseline,None,baseline,0,2.8176,OPEN HAND - baseline,3221,2884,2866,3067,2884,2956,2919,12530.205950,8097.109827,7928.722539,10143.774319,8097.109827,8823.880597,8439.285714,0.088933,0.057232,0.008742,-0.013591,0.013538,-0.006071,-0.001194
479900,2.8613,0,Initial_Baseline,None,baseline,0,2.8613,OPEN HAND - baseline,3219,2885,2867,3067,2878,2948,2907,12493.835616,8106.611570,7937.947883,10143.774319,8040.427280,8738.622493,8319.696970,0.085772,0.058472,0.009916,-0.013591,0.006442,-0.015675,-0.015347
479950,2.9049,0,Initial_Baseline,None,baseline,0,2.9049,OPEN HAND - baseline,3240,2883,2856,3057,2884,2961,2922,12884.210526,8087.623762,7837.288136,10013.294798,8097.109827,8877.777778,8469.565217,0.119697,0.055993,-0.002891,-0.026280,0.013538,0.000000,0.002390
480000,3.0537,0,Initial_Baseline,None,baseline,0,3.0537,OPEN HAND - baseline,3222,2892,2862,3063,2884,2958,2918,12548.453608,8173.566085,7891.970803,10091.279070,8097.109827,8845.382586,8429.226848,0.090518,0.067215,0.004066,-0.018696,0.013538,-0.003649,-0.002384
480050,3.0537,0,Initial_Baseline,None,baseline,0,3.0537,OPEN HAND - baseline,3218,2884,2852,3052,2880,2949,2903,12475.712657,8097.109827,7801.126307,9948.993289,8059.259259,8749.214660,8280.369128,0.084197,0.057232,-0.007492,-0.032532,0.008800,-0.014481,-0.020002
480100,3.0538,0,Initial_Baseline,None,baseline,0,3.0538,OPEN HAND - baseline,3226,2871,2850,3048,2885,2961,2913,12621.864212,7975.000000,7783.132530,9897.994269,8106.611570,8877.777778,8379.187817,0.096898,0.041288,-0.009781,-0.037492,0.014727,0.000000,-0.008306
480150,3.1191,0,Initial_Baseline,None,baseline,0,3.1191,OPEN HAND - baseline,3216,2880,2863,3053,2888,2961,2910,12439.590444,8059.259259,7901.136364,9961.804223,8135.211268,8877.777778,8349.367089,0.081058,0.052290,0.005232,-0.031287,0.018307,0.000000,-0.011836
480200,3.3178,0,Initial_Baseline,None,baseline,0,3.3178,OPEN HAND - baseline,3221,2875,2858,3055,2880,2950,2902,12530.205950,8012.295082,7855.456750,9987.500000,8059.259259,8759.825328,8270.578374,0.088933,0.046158,-0.000579,-0.028788,0.008800,-0.013286,-0.021160
480250,3.3178,0,Initial_Baseline,None,baseline,0,3.3178,OPEN HAND - baseline,3226,2868,2859,3050,2882,2962,2910,12621.864212,7947.188264,7864.563107,9923.444976,8078.153339,8888.614298,8349.367089,0.096898,0.037657,0.000579,-0.035017,0.011165,0.001221,-0.011836
480300,3.3179,0,Initial_Baseline,None,baseline,0,3.3179,OPEN HAND - baseline,3210,2876,2864,3050,2886,2959,2912,12332.203390,8021.657096,7910.316816,9923.444976,8116.129032,8856.161972,8369.230769,0.071725,0.047380,0.006400,-0.035017,0.015918,-0.002435,-0.009485
480350,3.3286,0,Initial_Baseline,None,baseline,0,3.3286,OPEN HAND - baseline,3222,2871,2862,3040,2879,2944,2902,12548.453608,7975.000000,7891.970803,9797.156398,8049.835526,8696.437880,8270.578374,0.090518,0.041288,0.004066,-0.047297,0.007620,-0.020426,-0.021160
480400,3.3725,0,Initial_Baseline,None,baseline,0,3.3725,OPEN HAND - baseline,3252,2872,2845,3032,2879,2958,2913,13116.014235,7984.300899,7738.400000,9697.836312,8049.835526,8845.382586,8379.187817,0.139842,0.042502,-0.015472,-0.056956,0.007620,-0.003649,-0.008306
480450,3.4161,0,Initial_Baseline,None,baseline,0,3.4161,OPEN HAND - baseline,3238,2885,2854,3043,2883,2957,2913,12846.207701,8106.611570,7819.178082,9834.790875,8087.623762,8834.622144,8379.187817,0.116395,0.058472,-0.005195,-0.043638,0.012350,-0.004861,-0.008306
480500,3.5590,0,Initial_Baseline,None,baseline,0,3.5590,OPEN HAND - baseline,3237,2875,2858,3049,2878,2947,2908,12827.272727,8012.295082,7855.456750,9910.707457,8040.427280,8728.048780,8329.570345,0.114749,0.046158,-0.000579,-0.036255,0.006442,-0.016866,-0.014179
480550,3.5591,0,Initial_Baseline,None,baseline,0,3.5591,OPEN HAND - baseline,3233,2862,2848,3038,2880,2961,2924,12751.972158,7891.970803,7765.196472,9772.185430,8059.259259,8877.777778,8489.837746,0.108205,0.030447,-0.012063,-0.049726,0.008800,0.000000,0.004789
480600,3.5701,0,Initial_Baseline,None,baseline,0,3.5701,OPEN HAND - baseline,3223,2873,2858,3041,2885,2959,2922,12566.743119,7993.617021,7855.456750,9809.677419,8106.611570,8856.161972,8469.565217,0.092108,0.043719,-0.000579,-0.046080,0.014727,-0.002435,0.002390
480650,3.6247,0,Initial_Baseline,None,baseline,0,3.6247,OPEN HAND - baseline,3234,2871,2852,3038,2878,2942,2912,12770.731707,7975.000000,7801.126307,9772.185430,8040.427280,8675.455334,8369.230769,0.109835,0.041288,-0.007492,-0.049726,0.006442,-0.022790,-0.009485
480700,3.6678,0,Initial_Baseline,None,baseline,0,3.6678,OPEN HAND - baseline,3221,2862,2845,3033,2879,2955,2922,12530.205950,7891.970803,7738.400000,9710.169492,8049.835526,8813.157895,8469.565217,0.088933,0.030447,-0.015472,-0.055756,0.007620,-0.007279,0.002390
480750,3.8187,0,Initial_Baseline,None,baseline,0,3.8187,OPEN HAND - baseline,3215,2874,2856,3048,2882,2944,2919,12421.590909,8002.948403,7837.288136,9897.994269,8078.153339,8696.437880,8439.285714,0.079494,0.044937,-0.002891,-0.037492,0.011165,-0.020426,-0.001194
480800,3.8188,0,Initial_Baseline,None,baseline,0,3.8188,OPEN HAND - baseline,3220,2873,2862,3042,2877,2931,2907,12512.000000,7993.617021,7891.970803,9822.222222,8031.034483,8561.340206,8319.696970,0.087350,0.043719,0.004066,-0.044860,0.005267,-0.035644,-0.015347
480850,3.8188,0,Initial_Baseline,None,baseline,0,3.8188,OPEN HAND - baseline,3214,2867,2854,3036,2877,2947,2912,12403.632236,7937.947883,7819.178082,9747.308782,8031.034483,8728.048780,8369.230769,0.077933,0.036450,-0.005195,-0.052145,0.005267,-0.016866,-0.009485
480900,3.8730,0,Initial_Baseline,None,baseline,0,3.8730,OPEN HAND - baseline,3204,2871,2864,3045,2881,2944,2916,12226.262626,7975.000000,7910.316816,9860.000000,8068.698517,8696.437880,8409.160305,0.062519,0.041288,0.006400,-0.041186,0.009981,-0.020426,-0.004759
480950,3.9173,0,Initial_Baseline,None,baseline,0,3.9173,OPEN HAND - baseline,3220,2868,2861,3039,2873,2938,2908,12512.000000,7947.188264,7882.820097,9784.659091,7993.617021,8633.707865,8329.570345,0.087350,0.037657,0.002902,-0.048513,0.000583,-0.027492,-0.014179
481000,4.0838,0,Initial_Baseline,None,baseline,0,4.0838,OPEN HAND - baseline,3245,2862,2852,3033,2873,2946,2918,12980.000000,7891.970803,7801.126307,9710.169492,7993.617021,8717.493473,8429.226848,0.128022,0.030447,-0.007492,-0.055756,0.000583,-0.018055,-0.002384
481050,4.0838,0,Initial_Baseline,None,baseline,0,4.0838,OPEN HAND - baseline,3236,2875,2859,3048,2878,2943,2922,12808.381839,8012.295082,7864.563107,9897.994269,8040.427280,8685.937500,8469.565217,0.113107,0.046158,0.000579,-0.037492,0.006442,-0.021609,0.002390
481100,4.0839,0,Initial_Baseline,None,baseline,0,4.0839,OPEN HAND - baseline,3247,2869,2856,3047,2871,2932,2917,13018.632075,7956.443719,7837.288136,9885.305344,7975.000000,8571.625107,8419.185059,0.131379,0.038865,-0.002891,-0.038726,-0.001747,-0.034485,-0.003572
481150,4.1268,0,Initial_Baseline,None,baseline,0,4.1268,OPEN HAND - baseline,3242,2859,2850,3038,2875,2938,2928,12922.391559,7864.563107,7783.132530,9772.185430,8012.295082,8633.707865,8530.591260,0.123015,0.026868,-0.009781,-0.049726,0.002921,-0.027492,0.009613
481200,4.1700,0,Initial_Baseline,None,baseline,0,4.1700,OPEN HAND - baseline,3216,2866,2858,3045,2877,2934,2927,12439.590444,7928.722539,7855.456750,9860.000000,8031.034483,8592.248062,8520.376712,0.081058,0.035246,-0.000579,-0.041186,0.005267,-0.032162,0.008404
481250,4.3229,0,Initial_Baseline,None,baseline,0,4.3229,OPEN HAND - baseline,3213,2871,2859,3045,2869,2927,2917,12385.714286,7975.000000,7864.563107,9860.000000,7956.443719,8520.376712,8419.185059,0.076376,0.041288,0.000579,-0.041186,-0.004070,-0.040258,-0.003572
481300,4.3229,0,Initial_Baseline,None,baseline,0,4.3229,OPEN HAND - baseline,3193,2862,2851,3034,2872,2937,2926,12035.698448,7891.970803,7792.122186,9722.525919,7984.300899,8623.316062,8510.179641,0.045958,0.030447,-0.008637,-0.054555,-0.000583,-0.028663,0.007197
481350,4.3229,0,Initial_Baseline,None,baseline,0,4.3229,OPEN HAND - baseline,3199,2866,2864,3037,2873,2934,2921,12139.062500,7928.722539,7910.316816,9759.735350,7993.617021,8592.248062,8459.454855,0.054941,0.035246,0.006400,-0.050936,0.000583,-0.032162,0.001194
481400,4.3776,0,Initial_Baseline,None,baseline,0,4.3776,OPEN HAND - baseline,3189,2869,2861,3031,2870,2926,2915,11967.549669,7956.443719,7882.820097,9685.526316,7965.714286,8510.179641,8399.152542,0.040035,0.038865,0.002902,-0.058153,-0.002910,-0.041407,-0.005943
481450,4.4100,0,Initial_Baseline,None,baseline,0,4.4100,OPEN HAND - baseline,3164,2856,2854,3022,2874,2936,2926,11554.887218,7837.288136,7819.178082,9575.768872,8002.948403,8612.942192,8510.179641,0.004173,0.023307,-0.005195,-0.068826,0.001751,-0.029831,0.007197
481500,4.5777,0,Initial_Baseline,None,baseline,0,4.5777,OPEN HAND - baseline,3164,2864,2864,3035,2875,2936,2923,11554.887218,7910.316816,7910.316816,9734.905660,8012.295082,8612.942192,8479.692833,0.004173,0.032842,0.006400,-0.053351,0.002921,-0.029831,0.003589
481550,4.5777,0,Initial_Baseline,None,baseline,0,4.5777,OPEN HAND - baseline,3172,2861,2864,3031,2874,2932,2914,11684.507042,7882.820097,7910.316816,9685.526316,8002.948403,8571.625107,8389.161727,0.015438,0.029252,0.006400,-0.058153,0.001751,-0.034485,-0.007126
481600,4.5777,0,Initial_Baseline,None,baseline,0,4.5777,OPEN HAND - baseline,3179,2852,2861,3027,2872,2940,2920,11799.781659,7801.126307,7882.820097,9636.516854,7984.300899,8654.545455,8449.361702,0.025455,0.018586,0.002902,-0.062918,-0.000583,-0.025145,-0.000001
481650,4.6210,0,Initial_Baseline,None,baseline,0,4.6210,OPEN HAND - baseline,3159,2863,2866,3032,2875,2937,2919,11475.000000,7901.136364,7928.722539,9697.836312,8012.295082,8623.316062,8439.285714,-0.002770,0.031644,0.008742,-0.056956,0.002921,-0.028663,-0.001194
481700,4.6643,0,Initial_Baseline,None,baseline,0,4.6643,OPEN HAND - baseline,3154,2862,2864,3028,2873,2928,2910,11395.961743,7891.970803,7910.316816,9648.734770,7993.617021,8530.591260,8349.367089,-0.009638,0.030447,0.006400,-0.061730,0.000583,-0.039107,-0.011836
481750,4.8073,0,Initial_Baseline,None,baseline,0,4.8073,OPEN HAND - baseline,3152,2845,2862,3024,2880,2943,2916,11364.581124,7738.400000,7891.970803,9600.000000,8059.259259,8685.937500,8409.160305,-0.012366,0.010395,0.004066,-0.066469,0.008800,-0.021609,-0.004759
481800,4.8073,0,Initial_Baseline,None,baseline,0,4.8073,OPEN HAND - baseline,3162,2860,2868,3029,2878,2941,2920,11522.829582,7873.684211,7947.188264,9660.975610,8040.427280,8664.991334,8449.361702,0.001387,0.028059,0.011091,-0.060540,0.006442,-0.023968,-0.000001
481850,4.8073,0,Initial_Baseline,None,baseline,0,4.8073,OPEN HAND - baseline,3170,2861,2867,3028,2873,2932,2909,11651.891892,7882.820097,7937.947883,9648.734770,7993.617021,8571.625107,8339.460371,0.012603,0.029252,0.009916,-0.061730,0.000583,-0.034485,-0.013008
481900,4.8619,0,Initial_Baseline,None,baseline,0,4.8619,OPEN HAND - baseline,3174,2853,2859,3025,2878,2946,2918,11717.263844,7810.144928,7864.563107,9612.149533,8040.427280,8717.493473,8429.226848,0.018284,0.019763,0.000579,-0.065288,0.006442,-0.018055,-0.002384
481950,4.9274,0,Initial_Baseline,None,baseline,0,4.9274,OPEN HAND - baseline,3174,2867,2881,3040,2878,2940,2915,11717.263844,7937.947883,8068.698517,9797.156398,8040.427280,8654.545455,8399.152542,0.018284,0.036450,0.026551,-0.047297,0.006442,-0.025145,-0.005943
482000,5.0748,0,Initial_Baseline,None,baseline,0,5.0748,OPEN HAND - baseline,3171,2871,2877,3027,2876,2931,2908,11668.181818,7975.000000,8031.034483,9636.516854,8021.657096,8561.340206,8329.570345,0.014019,0.041288,0.021759,-0.062918,0.004093,-0.035644,-0.014179
482050,5.0749,0,Initial_Baseline,None,baseline,0,5.0749,OPEN HAND - baseline,3168,2862,2864,3025,2873,2945,2919,11619.417476,7891.970803,7910.316816,9612.149533,7993.617021,8706.956522,8439.285714,0.009781,0.030447,0.006400,-0.065288,0.000583,-0.019241,-0.001194
482100,5.0749,0,Initial_Baseline,None,baseline,0,5.0749,OPEN HAND - baseline,3163,2870,2877,3032,2878,2947,2915,11538.841202,7965.714286,8031.034483,9697.836312,8040.427280,8728.048780,8399.152542,0.002779,0.040076,0.021759,-0.056956,0.006442,-0.016866,-0.005943
482150,5.1183,0,Initial_Baseline,None,baseline,0,5.1183,OPEN HAND - baseline,3184,2869,2867,3029,2874,2934,2903,11883.205269,7956.443719,7937.947883,9660.975610,8002.948403,8592.248062,8280.369128,0.032705,0.038865,0.009916,-0.060540,0.001751,-0.032162,-0.020002
482200,5.1732,0,Initial_Baseline,None,baseline,0,5.1732,OPEN HAND - baseline,3202,2859,2862,3024,2878,2947,2911,12191.265398,7864.563107,7891.970803,9600.000000,8040.427280,8728.048780,8359.290541,0.059477,0.026868,0.004066,-0.066469,0.006442,-0.016866,-0.010661
482250,5.3421,0,Initial_Baseline,None,baseline,0,5.3421,OPEN HAND - baseline,3193,2864,2878,3043,2880,2944,2910,12035.698448,7910.316816,8040.427280,9834.790875,8059.259259,8696.437880,8349.367089,0.045958,0.032842,0.022954,-0.043638,0.008800,-0.020426,-0.011836
482300,5.3421,0,Initial_Baseline,None,baseline,0,5.3421,OPEN HAND - baseline,3200,2865,2876,3046,2874,2932,2903,12156.424581,7919.512195,8021.657096,9872.640610,8002.948403,8571.625107,8280.369128,0.056449,0.034043,0.020566,-0.039957,0.001751,-0.034485,-0.020002
482350,5.3421,0,Initial_Baseline,None,baseline,0,5.3421,OPEN HAND - baseline,3201,2859,2867,3042,2880,2941,2912,12173.825503,7864.563107,7937.947883,9822.222222,8059.259259,8664.991334,8369.230769,0.057962,0.026868,0.009916,-0.044860,0.008800,-0.023968,-0.009485
482400,5.3630,0,Initial_Baseline,None,baseline,0,5.3630,OPEN HAND - baseline,3198,2858,2882,3049,2880,2941,2911,12121.739130,7855.456750,8078.153339,9910.707457,8059.259259,8664.991334,8359.290541,0.053435,0.025679,0.027754,-0.036255,0.008800,-0.023968,-0.010661
482450,5.4279,0,Initial_Baseline,None,baseline,0,5.4279,OPEN HAND - baseline,3195,2860,2883,3057,2876,2929,2903,12070.000000,7873.684211,8087.623762,10013.294798,8021.657096,8540.823328,8280.369128,0.048939,0.028059,0.028958,-0.026280,0.004093,-0.037955,-0.020002
482500,5.4609,0,Initial_Baseline,None,baseline,0,5.4609,OPEN HAND - baseline,3209,2848,2877,3048,2875,2945,2912,12314.446953,7765.196472,8031.034483,9897.994269,8012.295082,8706.956522,8369.230769,0.070182,0.013894,0.021759,-0.037492,0.002921,-0.019241,-0.009485
482550,5.5968,0,Initial_Baseline,None,baseline,0,5.5968,OPEN HAND - baseline,3200,2865,2879,3055,2880,2945,2913,12156.424581,7919.512195,8049.835526,9987.500000,8059.259259,8706.956522,8379.187817,0.056449,0.034043,0.024151,-0.028788,0.008800,-0.019241,-0.008306
482600,5.5969,0,Initial_Baseline,None,baseline,0,5.5969,OPEN HAND - baseline,3210,2862,2872,3056,2876,2934,2907,12332.203390,7891.970803,7984.300899,10000.384986,8021.657096,8592.248062,8319.696970,0.071725,0.030447,0.015813,-0.027535,0.004093,-0.032162,-0.015347
482650,5.6075,0,Initial_Baseline,None,baseline,0,5.6075,OPEN HAND - baseline,3206,2847,2856,3044,2879,2946,2916,12261.417323,7756.250000,7837.288136,9847.383444,8049.835526,8717.493473,8409.160305,0.065574,0.012726,-0.002891,-0.042413,0.007620,-0.018055,-0.004759
482700,5.6731,0,Initial_Baseline,None,baseline,0,5.6731,OPEN HAND - baseline,3193,2857,2865,3054,2880,2945,2919,12035.698448,7846.365105,7919.512195,9974.639769,8059.259259,8706.956522,8439.285714,0.045958,0.024492,0.007570,-0.030038,0.008800,-0.019241,-0.001194
482750,5.7170,0,Initial_Baseline,None,baseline,0,5.7170,OPEN HAND - baseline,3206,2858,2864,3051,2875,2944,2912,12261.417323,7855.456750,7910.316816,9936.206897,8012.295082,8696.437880,8369.230769,0.065574,0.025679,0.006400,-0.033776,0.002921,-0.020426,-0.009485
482800,5.8566,0,Initial_Baseline,None,baseline,0,5.8566,OPEN HAND - baseline,3183,2854,2850,3045,2878,2964,2925,11866.447368,7819.178082,7783.132530,9860.000000,8040.427280,8910.344828,8500.000000,0.031249,0.020943,-0.009781,-0.041186,0.006442,0.003668,0.005992
482850,5.8567,0,Initial_Baseline,None,baseline,0,5.8567,OPEN HAND - baseline,3181,2862,2861,3066,2877,2960,2921,11833.041575,7891.970803,7882.820097,10130.612245,8031.034483,8866.960352,8459.454855,0.028346,0.030447,0.002902,-0.014871,0.005267,-0.001218,0.001194
482900,5.8677,0,Initial_Baseline,None,baseline,0,5.8677,OPEN HAND - baseline,3179,2859,2863,3065,2874,2951,2911,11799.781659,7864.563107,7901.136364,10117.475728,8002.948403,8770.454545,8359.290541,0.025455,0.026868,0.005232,-0.016149,0.001751,-0.012089,-0.010661
482950,5.9119,0,Initial_Baseline,None,baseline,0,5.9119,OPEN HAND - baseline,3190,2850,2847,3055,2878,2961,2918,11984.530387,7783.132530,7756.250000,9987.500000,8040.427280,8877.777778,8429.226848,0.041511,0.016236,-0.013201,-0.028788,0.006442,0.000000,-0.002384
483000,5.9667,0,Initial_Baseline,None,baseline,0,5.9667,OPEN HAND - baseline,3184,2858,2852,3064,2879,2961,2918,11883.205269,7855.456750,7801.126307,10104.364694,8049.835526,8877.777778,8429.226848,0.032705,0.025679,-0.007492,-0.017424,0.007620,0.000000,-0.002384
483050,6.1116,0,Initial_Baseline,None,baseline,0,6.1116,OPEN HAND - baseline,3195,2858,2850,3066,2872,2952,2909,12070.000000,7855.456750,7783.132530,10130.612245,7984.300899,8781.102362,8339.460371,0.048939,0.025679,-0.009781,-0.014871,-0.000583,-0.010890,-0.013008
483100,6.1117,0,Initial_Baseline,None,baseline,0,6.1117,OPEN HAND - baseline,3182,2850,2844,3061,2877,2961,2918,11849.726177,7783.132530,7729.496403,10065.183752,8031.034483,8877.777778,8429.226848,0.029796,0.016236,-0.016605,-0.021234,0.005267,0.000000,-0.002384
483150,6.1117,0,Initial_Baseline,None,baseline,0,6.1117,OPEN HAND - baseline,3181,2865,2847,3071,2877,2961,2919,11833.041575,7919.512195,7756.250000,10196.679688,8031.034483,8877.777778,8439.285714,0.028346,0.034043,-0.013201,-0.008447,0.005267,0.000000,-0.001194
483200,6.1655,0,Initial_Baseline,None,baseline,0,6.1655,OPEN HAND - baseline,3191,2863,2846,3073,2873,2951,2909,12001.548673,7901.136364,7747.317854,10223.287671,7993.617021,8770.454545,8339.460371,0.042990,0.031644,-0.014337,-0.005859,0.000583,-0.012089,-0.013008
483250,6.2201,0,Initial_Baseline,None,baseline,0,6.2201,OPEN HAND - baseline,3194,2863,2835,3060,2873,2962,2921,12052.830189,7901.136364,7650.000000,10052.173913,7993.617021,8888.614298,8459.454855,0.047447,0.031644,-0.026719,-0.022499,0.000583,0.001221,0.001194
483300,6.3717,0,Initial_Baseline,None,baseline,0,6.3717,OPEN HAND - baseline,3192,2868,2847,3070,2873,2958,2920,12018.604651,7947.188264,7756.250000,10183.414634,7993.617021,8845.382586,8449.361702,0.044472,0.037657,-0.013201,-0.009737,0.000583,-0.003649,-0.000001
483350,6.3717,0,Initial_Baseline,None,baseline,0,6.3717,OPEN HAND - baseline,3173,2860,2844,3072,2873,2951,2910,11700.867679,7873.684211,7729.496403,10209.970674,7993.617021,8770.454545,8349.367089,0.016859,0.028059,-0.016605,-0.007154,0.000583,-0.012089,-0.011836
483400,6.3718,0,Initial_Baseline,None,baseline,0,6.3718,OPEN HAND - baseline,3174,2848,2837,3067,2876,2957,2916,11717.263844,7765.196472,7667.567568,10143.774319,8021.657096,8834.622144,8409.160305,0.018284,0.013894,-0.024484,-0.013591,0.004093,-0.004861,-0.004759
483450,6.4487,0,Initial_Baseline,None,baseline,0,6.4487,OPEN HAND - baseline,3169,2861,2851,3086,2878,2957,2917,11635.637149,7882.820097,7792.122186,10398.810704,8040.427280,8834.622144,8419.185059,0.011191,0.029252,-0.008637,0.011209,0.006442,-0.004861,-0.003572
483500,6.4590,0,Initial_Baseline,None,baseline,0,6.4590,OPEN HAND - baseline,3178,2849,2851,3090,2872,2946,2909,11783.206107,7774.157303,7792.122186,10453.731343,7984.300899,8717.493473,8339.460371,0.024015,0.015064,-0.008637,0.016550,-0.000583,-0.018055,-0.013008
483550,6.6302,0,Initial_Baseline,None,baseline,0,6.6302,OPEN HAND - baseline,3188,2841,2837,3073,2874,2958,2920,11950.606395,7702.870813,7667.567568,10223.287671,8002.948403,8845.382586,8449.361702,0.038563,0.005756,-0.024484,-0.005859,0.001751,-0.003649,-0.000001
483600,6.6302,0,Initial_Baseline,None,baseline,0,6.6302,OPEN HAND - baseline,3165,2860,2854,3084,2876,2953,2919,11570.967742,7873.684211,7819.178082,10371.513353,8021.657096,8791.768827,8439.285714,0.005570,0.028059,-0.005195,0.008555,0.004093,-0.009688,-0.001194
483650,6.6408,0,Initial_Baseline,None,baseline,0,6.6408,OPEN HAND - baseline,3156,2857,2852,3073,2873,2945,2911,11427.476038,7846.365105,7801.126307,10223.287671,7993.617021,8706.956522,8359.290541,-0.006900,0.024492,-0.007492,-0.005859,0.000583,-0.019241,-0.010661
483700,6.6738,0,Initial_Baseline,None,baseline,0,6.6738,OPEN HAND - baseline,3153,2850,2844,3068,2869,2956,2922,11380.254777,7783.132530,7729.496403,10156.962025,7956.443719,8823.880597,8469.565217,-0.011003,0.016236,-0.016605,-0.012309,-0.004070,-0.006071,0.002390
483750,6.7176,0,Initial_Baseline,None,baseline,0,6.7176,OPEN HAND - baseline,3157,2857,2858,3086,2877,2955,2920,11443.283582,7846.365105,7855.456750,10398.810704,8031.034483,8813.157895,8449.361702,-0.005526,0.024492,-0.000579,0.011209,0.005267,-0.007279,-0.000001
483800,6.8917,0,Initial_Baseline,None,baseline,0,6.8917,OPEN HAND - baseline,3168,2851,2856,3085,2874,2944,2911,11619.417476,7792.122186,7837.288136,10385.148515,8002.948403,8696.437880,8359.290541,0.009781,0.017410,-0.002891,0.009881,0.001751,-0.020426,-0.010661
483850,6.8917,0,Initial_Baseline,None,baseline,0,6.8917,OPEN HAND - baseline,3169,2850,2845,3076,2877,2954,2919,11635.637149,7783.132530,7738.400000,10263.395486,8031.034483,8802.453988,8439.285714,0.011191,0.016236,-0.015472,-0.001959,0.005267,-0.008485,-0.001194
483900,6.8917,0,Initial_Baseline,None,baseline,0,6.8917,OPEN HAND - baseline,3159,2855,2858,3084,2878,2955,2917,11475.000000,7828.225806,7855.456750,10371.513353,8040.427280,8813.157895,8419.185059,-0.002770,0.022124,-0.000579,0.008555,0.006442,-0.007279,-0.003572
483950,6.9136,0,Initial_Baseline,None,baseline,0,6.9136,OPEN HAND - baseline,3171,2850,2860,3085,2873,2944,2910,11668.181818,7783.132530,7873.684211,10385.148515,7993.617021,8696.437880,8349.367089,0.014019,0.016236,0.001740,0.009881,0.000583,-0.020426,-0.011836
484000,6.9677,0,Initial_Baseline,None,baseline,0,6.9677,OPEN HAND - baseline,3158,2842,2859,3080,2878,2953,2917,11459.124867,7711.731844,7864.563107,10317.241379,8040.427280,8791.768827,8419.185059,-0.004149,0.006913,0.000579,0.003277,0.006442,-0.009688,-0.003572
484050,7.1523,0,Initial_Baseline,None,baseline,0,7.1523,OPEN HAND - baseline,3167,2860,2865,3079,2878,2956,2918,11603.232759,7873.684211,7919.512195,10303.740157,8040.427280,8823.880597,8429.226848,0.008374,0.028059,0.007570,0.001964,0.006442,-0.006071,-0.002384
484100,7.1524,0,Initial_Baseline,None,baseline,0,7.1524,OPEN HAND - baseline,3165,2857,2865,3081,2873,2945,2908,11570.967742,7846.365105,7919.512195,10330.769231,7993.617021,8706.956522,8329.570345,0.005570,0.024492,0.007570,0.004593,0.000583,-0.019241,-0.014179
484150,7.1524,0,Initial_Baseline,None,baseline,0,7.1524,OPEN HAND - baseline,3153,2843,2856,3068,2876,2952,2918,11380.254777,7720.607029,7837.288136,10156.962025,8021.657096,8781.102362,8429.226848,-0.011003,0.008072,-0.002891,-0.012309,0.004093,-0.010890,-0.002384
484200,7.1626,0,Initial_Baseline,None,baseline,0,7.1626,OPEN HAND - baseline,3121,2852,2870,3075,2878,2953,2919,10894.661191,7801.126307,7965.714286,10250.000000,8040.427280,8791.768827,8439.285714,-0.053204,0.018586,0.013448,-0.003262,0.006442,-0.009688,-0.001194
484250,7.2276,0,Initial_Baseline,None,baseline,0,7.2276,OPEN HAND - baseline,3134,2849,2874,3079,2873,2942,2910,11088.033299,7774.157303,8002.948403,10303.740157,7993.617021,8675.455334,8349.367089,-0.036399,0.015064,0.018186,0.001964,0.000583,-0.022790,-0.011836
484300,7.2599,0,Initial_Baseline,None,baseline,0,7.2599,OPEN HAND - baseline,3125,2846,2865,3065,2874,2957,2920,10953.608247,7747.317854,7919.512195,10117.475728,8002.948403,8834.622144,8449.361702,-0.048081,0.011560,0.007570,-0.016149,0.001751,-0.004861,-0.000001
484350,7.4050,0,Initial_Baseline,None,baseline,0,7.4050,OPEN HAND - baseline,3118,2855,2870,3070,2875,2951,2919,10850.767656,7828.225806,7965.714286,10183.414634,8012.295082,8770.454545,8439.285714,-0.057018,0.022124,0.013448,-0.009737,0.002921,-0.012089,-0.001194
484400,7.4051,0,Initial_Baseline,None,baseline,0,7.4051,OPEN HAND - baseline,3140,2853,2868,3070,2867,2941,2912,11179.057592,7810.144928,7947.188264,10183.414634,7937.947883,8664.991334,8369.230769,-0.028488,0.019763,0.011091,-0.009737,-0.006385,-0.023968,-0.009485
484450,7.4051,0,Initial_Baseline,None,baseline,0,7.4051,OPEN HAND - baseline,3164,2843,2858,3068,2873,2950,2920,11554.887218,7720.607029,7855.456750,10156.962025,7993.617021,8759.825328,8449.361702,0.004173,0.008072,-0.000579,-0.012309,0.000583,-0.013286,-0.000001
484500,7.4700,0,Initial_Baseline,None,baseline,0,7.4700,OPEN HAND - baseline,3152,2854,2863,3087,2873,2953,2918,11364.581124,7819.178082,7901.136364,10412.500000,7993.617021,8791.768827,8429.226848,-0.012366,0.020943,0.005232,0.012540,0.000583,-0.009688,-0.002384
484550,7.5141,0,Initial_Baseline,None,baseline,0,7.5141,OPEN HAND - baseline,3171,2856,2858,3084,2871,2943,2912,11668.181818,7837.288136,7855.456750,10371.513353,7975.000000,8685.937500,8369.230769,0.014019,0.023307,-0.000579,0.008555,-0.001747,-0.021609,-0.009485
484600,7.6716,0,Initial_Baseline,None,baseline,0,7.6716,OPEN HAND - baseline,3175,2846,2842,3066,2872,2956,2925,11733.695652,7747.317854,7711.731844,10130.612245,7984.300899,8823.880597,8500.000000,0.019712,0.011560,-0.018865,-0.014871,-0.000583,-0.006071,0.005992
484650,7.6716,0,Initial_Baseline,None,baseline,0,7.6716,OPEN HAND - baseline,3173,2858,2852,3072,2873,2953,2923,11700.867679,7855.456750,7801.126307,10209.970674,7993.617021,8791.768827,8479.692833,0.016859,0.025679,-0.007492,-0.007154,0.000583,-0.009688,0.003589
484700,7.6717,0,Initial_Baseline,None,baseline,0,7.6717,OPEN HAND - baseline,3154,2859,2853,3073,2871,2944,2915,11395.961743,7864.563107,7810.144928,10223.287671,7975.000000,8696.437880,8399.152542,-0.009638,0.026868,-0.006344,-0.005859,-0.001747,-0.020426,-0.005943
484750,7.7040,0,Initial_Baseline,None,baseline,0,7.7040,OPEN HAND - baseline,3152,2848,2848,3060,2870,2955,2923,11364.581124,7765.196472,7765.196472,10052.173913,7965.714286,8813.157895,8479.692833,-0.012366,0.013894,-0.012063,-0.022499,-0.002910,-0.007279,0.003589
484800,7.7693,0,Initial_Baseline,None,baseline,0,7.7693,OPEN HAND - baseline,3140,2859,2862,3068,2873,2948,2923,11179.057592,7864.563107,7891.970803,10156.962025,7993.617021,8738.622493,8479.692833,-0.028488,0.026868,0.004066,-0.012309,0.000583,-0.015675,0.003589
484850,7.9199,0,Initial_Baseline,None,baseline,0,7.9199,OPEN HAND - baseline,3152,2855,2859,3059,2873,2939,2915,11364.581124,7828.225806,7864.563107,10039.189189,7993.617021,8644.117647,8399.152542,-0.012366,0.022124,0.000579,-0.023761,0.000583,-0.026320,-0.005943
484900,7.9200,0,Initial_Baseline,None,baseline,0,7.9200,OPEN HAND - baseline,3144,2844,2840,3067,2874,2954,2923,11240.378549,7729.496403,7694.023904,10143.774319,8002.948403,8802.453988,8479.692833,-0.023159,0.009233,-0.021118,-0.013591,0.001751,-0.008485,0.003589
484950,7.9200,0,Initial_Baseline,None,baseline,0,7.9200,OPEN HAND - baseline,3135,2850,2852,3078,2875,2952,2921,11103.125000,7783.132530,7801.126307,10290.265487,8012.295082,8781.102362,8459.454855,-0.035087,0.016236,-0.007492,0.000654,0.002921,-0.010890,0.001194
485000,7.9641,0,Initial_Baseline,None,baseline,0,7.9641,OPEN HAND - baseline,3160,2848,2854,3079,2872,2941,2912,11490.909091,7765.196472,7819.178082,10303.740157,7984.300899,8664.991334,8369.230769,-0.001387,0.013894,-0.005195,0.001964,-0.000583,-0.023968,-0.009485
485050,8.0082,0,Initial_Baseline,None,baseline,0,8.0082,OPEN HAND - baseline,3170,2844,2852,3073,2871,2954,2919,11651.891892,7729.496403,7801.126307,10223.287671,7975.000000,8802.453988,8439.285714,0.012603,0.009233,-0.007492,-0.005859,-0.001747,-0.008485,-0.001194
485100,8.1830,0,Initial_Baseline,None,baseline,0,8.1830,OPEN HAND - baseline,3154,2847,2863,3078,2872,2961,2921,11395.961743,7756.250000,7901.136364,10290.265487,7984.300899,8877.777778,8459.454855,-0.009638,0.012726,0.005232,0.000654,-0.000583,0.000000,0.001194
485150,8.1830,0,Initial_Baseline,None,baseline,0,8.1830,OPEN HAND - baseline,3155,2847,2854,3085,2875,2950,2913,11411.702128,7756.250000,7819.178082,10385.148515,8012.295082,8759.825328,8379.187817,-0.008270,0.012726,-0.005195,0.009881,0.002921,-0.013286,-0.008306
485200,8.1831,0,Initial_Baseline,None,baseline,0,8.1831,OPEN HAND - baseline,3150,2839,2845,3067,2876,2959,2924,11333.333333,7685.191083,7738.400000,10143.774319,8021.657096,8856.161972,8489.837746,-0.015081,0.003448,-0.015472,-0.013591,0.004093,-0.002435,0.004789
485250,8.2156,0,Initial_Baseline,None,baseline,0,8.2156,OPEN HAND - baseline,3139,2847,2850,3075,2877,2957,2924,11163.807531,7756.250000,7783.132530,10250.000000,8031.034483,8834.622144,8489.837746,-0.029814,0.012726,-0.009781,-0.003262,0.005267,-0.004861,0.004789
485300,8.2591,0,Initial_Baseline,None,baseline,0,8.2591,OPEN HAND - baseline,3148,2846,2850,3075,2874,2948,2912,11302.217529,7747.317854,7783.132530,10250.000000,8002.948403,8738.622493,8369.230769,-0.017785,0.011560,-0.009781,-0.003262,0.001751,-0.015675,-0.009485
485350,8.4286,0,Initial_Baseline,None,baseline,0,8.4286,OPEN HAND - baseline,3142,2846,2838,3061,2874,2957,2922,11209.653725,7747.317854,7676.372315,10065.183752,8002.948403,8834.622144,8469.565217,-0.025829,0.011560,-0.023364,-0.021234,0.001751,-0.004861,0.002390
485400,8.4287,0,Initial_Baseline,None,baseline,0,8.4287,OPEN HAND - baseline,3138,2849,2851,3071,2875,2958,2921,11148.589342,7774.157303,7792.122186,10196.679688,8012.295082,8845.382586,8459.454855,-0.031136,0.015064,-0.008637,-0.008447,0.002921,-0.003649,0.001194
485450,8.4287,0,Initial_Baseline,None,baseline,0,8.4287,OPEN HAND - baseline,3135,2846,2849,3071,2878,2944,2911,11103.125000,7747.317854,7774.157303,10196.679688,8040.427280,8696.437880,8359.290541,-0.035087,0.011560,-0.010923,-0.008447,0.006442,-0.020426,-0.010661
485500,8.4619,0,Initial_Baseline,None,baseline,0,8.4619,OPEN HAND - baseline,3124,2838,2838,3065,2878,2959,2918,10938.825953,7676.372315,7676.372315,10117.475728,8040.427280,8856.161972,8429.226848,-0.049366,0.002297,-0.023364,-0.016149,0.006442,-0.002435,-0.002384
485550,8.5168,0,Initial_Baseline,None,baseline,0,8.5168,OPEN HAND - baseline,3121,2844,2846,3078,2875,2954,2920,10894.661191,7729.496403,7747.317854,10290.265487,8012.295082,8802.453988,8449.361702,-0.053204,0.009233,-0.014337,0.000654,0.002921,-0.008485,-0.000001
485600,8.6803,0,Initial_Baseline,None,baseline,0,8.6803,OPEN HAND - baseline,3142,2835,2850,3076,2876,2945,2909,11209.653725,7650.000000,7783.132530,10263.395486,8021.657096,8706.956522,8339.460371,-0.025829,-0.001147,-0.009781,-0.001959,0.004093,-0.019241,-0.013008
485650,8.6804,0,Initial_Baseline,None,baseline,0,8.6804,OPEN HAND - baseline,3152,2827,2841,3066,2874,2956,2922,11364.581124,7580.283912,7702.870813,10130.612245,8002.948403,8823.880597,8469.565217,-0.012366,-0.010250,-0.019992,-0.014871,0.001751,-0.006071,0.002390
485700,8.6804,0,Initial_Baseline,None,baseline,0,8.6804,OPEN HAND - baseline,3149,2832,2848,3086,2874,2955,2921,11317.758985,7623.752969,7765.196472,10398.810704,8002.948403,8813.157895,8459.454855,-0.016435,-0.004574,-0.012063,0.011209,0.001751,-0.007279,0.001194
485750,8.7236,0,Initial_Baseline,None,baseline,0,8.7236,OPEN HAND - baseline,3156,2835,2853,3081,2872,2946,2913,11427.476038,7650.000000,7810.144928,10330.769231,7984.300899,8717.493473,8379.187817,-0.006900,-0.001147,-0.006344,0.004593,-0.000583,-0.018055,-0.008306
485800,8.7562,0,Initial_Baseline,None,baseline,0,8.7562,OPEN HAND - baseline,3171,2827,2846,3067,2872,2953,2923,11668.181818,7580.283912,7747.317854,10143.774319,7984.300899,8791.768827,8479.692833,0.014019,-0.010250,-0.014337,-0.013591,-0.000583,-0.009688,0.003589
485850,8.9451,0,Initial_Baseline,None,baseline,0,8.9451,OPEN HAND - baseline,3142,2833,2854,3078,2876,2961,2929,11209.653725,7632.488114,7819.178082,10290.265487,8021.657096,8877.777778,8540.823328,-0.025829,-0.003433,-0.005195,0.000654,0.004093,0.000000,0.010824
485900,8.9451,0,Initial_Baseline,None,baseline,0,8.9451,OPEN HAND - baseline,3146,2832,2856,3072,2873,2951,2923,11271.232877,7623.752969,7837.288136,10209.970674,7993.617021,8770.454545,8479.692833,-0.020478,-0.004574,-0.002891,-0.007154,0.000583,-0.012089,0.003589
485950,8.9452,0,Initial_Baseline,None,baseline,0,8.9452,OPEN HAND - baseline,3140,2831,2849,3059,2873,2962,2931,11179.057592,7615.031646,7774.157303,10039.189189,7993.617021,8888.614298,8561.340206,-0.028488,-0.005713,-0.010923,-0.023761,0.000583,0.001221,0.013252
486000,8.9668,0,Initial_Baseline,None,baseline,0,8.9668,OPEN HAND - baseline,3147,2834,2858,3070,2875,2959,2927,11286.708861,7641.237113,7855.456750,10183.414634,8012.295082,8856.161972,8520.376712,-0.019133,-0.002291,-0.000579,-0.009737,0.002921,-0.002435,0.008404
486050,9.0215,0,Initial_Baseline,None,baseline,0,9.0215,OPEN HAND - baseline,3147,2833,2865,3078,2869,2950,2915,11286.708861,7632.488114,7919.512195,10290.265487,7956.443719,8759.825328,8399.152542,-0.019133,-0.003433,0.007570,0.000654,-0.004070,-0.013286,-0.005943
486100,9.0539,0,Initial_Baseline,None,baseline,0,9.0539,OPEN HAND - baseline,3137,2817,2858,3073,2876,2960,2926,11133.402923,7494.366197,7855.456750,10223.287671,8021.657096,8866.960352,8510.179641,-0.032456,-0.021468,-0.000579,-0.005859,0.004093,-0.001218,0.007197
486150,9.1886,0,Initial_Baseline,None,baseline,0,9.1886,OPEN HAND - baseline,3142,2837,2866,3088,2876,2960,2922,11209.653725,7667.567568,7928.722539,10426.216485,8021.657096,8866.960352,8469.565217,-0.025829,0.001147,0.008742,0.013874,0.004093,-0.001218,0.002390
486200,9.1886,0,Initial_Baseline,None,baseline,0,9.1886,OPEN HAND - baseline,3160,2837,2864,3077,2871,2956,2915,11490.909091,7667.567568,7910.316816,10276.817289,7975.000000,8823.880597,8399.152542,-0.001387,0.001147,0.006400,-0.000654,-0.001747,-0.006071,-0.005943
486250,9.2107,0,Initial_Baseline,None,baseline,0,9.2107,OPEN HAND - baseline,3141,2830,2858,3070,2877,2967,2924,11194.339623,7606.324111,7855.456750,10183.414634,8031.034483,8943.085106,8489.837746,-0.027160,-0.006850,-0.000579,-0.009737,0.005267,0.007356,0.004789
486300,9.2868,0,Initial_Baseline,None,baseline,0,9.2868,OPEN HAND - baseline,3159,2841,2865,3082,2878,2961,2917,11475.000000,7702.870813,7919.512195,10344.323791,8040.427280,8877.777778,8419.185059,-0.002770,0.005756,0.007570,0.005911,0.006442,0.000000,-0.003572
486350,9.3081,0,Initial_Baseline,None,baseline,0,9.3081,OPEN HAND - baseline,3180,2839,2865,3082,2870,2954,2909,11816.393443,7685.191083,7919.512195,10344.323791,7965.714286,8802.453988,8339.460371,0.026899,0.003448,0.007570,0.005911,-0.002910,-0.008485,-0.013008
486400,9.4419,0,Initial_Baseline,None,baseline,0,9.4419,OPEN HAND - baseline,3171,2830,2858,3072,2876,2966,2919,11668.181818,7606.324111,7855.456750,10209.970674,8021.657096,8932.152347,8439.285714,0.014019,-0.006850,-0.000579,-0.007154,0.004093,0.006125,-0.001194
486450,9.4419,0,Initial_Baseline,None,baseline,0,9.4419,OPEN HAND - baseline,3159,2840,2861,3082,2876,2962,2916,11475.000000,7694.023904,7882.820097,10344.323791,8021.657096,8888.614298,8409.160305,-0.002770,0.004601,0.002902,0.005911,0.004093,0.001221,-0.004759
486500,9.4741,0,Initial_Baseline,None,baseline,0,9.4741,OPEN HAND - baseline,3168,2837,2862,3081,2870,2956,2909,11619.417476,7667.567568,7891.970803,10330.769231,7965.714286,8823.880597,8339.460371,0.009781,0.001147,0.004066,0.004593,-0.002910,-0.006071,-0.013008
486550,9.5169,0,Initial_Baseline,None,baseline,0,9.5169,OPEN HAND - baseline,3162,2825,2847,3067,2870,2966,2919,11522.829582,7562.992126,7756.250000,10143.774319,7965.714286,8932.152347,8439.285714,0.001387,-0.012507,-0.013201,-0.013591,-0.002910,0.006125,-0.001194
486600,9.6968,0,Initial_Baseline,None,baseline,0,9.6968,OPEN HAND - baseline,3136,2835,2862,3074,2873,2968,2921,11118.248175,7650.000000,7891.970803,10236.630754,7993.617021,8954.037267,8459.454855,-0.033773,-0.001147,0.004066,-0.004562,0.000583,0.008590,0.001194
486650,9.6968,0,Initial_Baseline,None,baseline,0,9.6968,OPEN HAND - baseline,3154,2833,2849,3073,2870,2961,2919,11395.961743,7632.488114,7774.157303,10223.287671,7965.714286,8877.777778,8439.285714,-0.009638,-0.003433,-0.010923,-0.005859,-0.002910,0.000000,-0.001194
486700,9.6969,0,Initial_Baseline,None,baseline,0,9.6969,OPEN HAND - baseline,3153,2825,2833,3065,2872,2979,2929,11380.254777,7562.992126,7632.488114,10117.475728,7984.300899,9075.806452,8540.823328,-0.011003,-0.012507,-0.028947,-0.016149,-0.000583,0.022306,0.010824
486750,9.7187,0,Initial_Baseline,None,baseline,0,9.7187,OPEN HAND - baseline,3179,2842,2854,3083,2875,2974,2930,11799.781659,7711.731844,7819.178082,10357.905138,8012.295082,9020.160571,8551.072961,0.025455,0.006913,-0.005195,0.007231,0.002921,0.016038,0.012037
486800,9.7625,0,Initial_Baseline,None,baseline,0,9.7625,OPEN HAND - baseline,3184,2839,2855,3081,2868,2961,2924,11883.205269,7685.191083,7828.225806,10330.769231,7947.188264,8877.777778,8489.837746,0.032705,0.003448,-0.004044,0.004593,-0.005229,0.000000,0.004789
486850,9.9546,0,Initial_Baseline,None,baseline,0,9.9546,OPEN HAND - baseline,3183,2827,2845,3068,2874,2969,2928,11866.447368,7580.283912,7738.400000,10156.962025,8002.948403,8965.008881,8530.591260,0.031249,-0.010250,-0.015472,-0.012309,0.001751,0.009826,0.009613
486900,9.9547,0,Initial_Baseline,None,baseline,0,9.9547,OPEN HAND - baseline,3181,2844,2859,3081,2875,2959,2927,11833.041575,7729.496403,7864.563107,10330.769231,8012.295082,8856.161972,8520.376712,0.028346,0.009233,0.000579,0.004593,0.002921,-0.002435,0.008404
486950,9.9547,0,Initial_Baseline,None,baseline,0,9.9547,OPEN HAND - baseline,3178,2840,2859,3081,2868,2943,2919,11783.206107,7694.023904,7864.563107,10330.769231,7947.188264,8685.937500,8439.285714,0.024015,0.004601,0.000579,0.004593,-0.005229,-0.021609,-0.001194
487000,9.9547,0,Initial_Baseline,None,baseline,0,9.9547,OPEN HAND - baseline,3176,2830,2849,3069,2871,2955,2927,11750.163221,7606.324111,7774.157303,10170.175439,7975.000000,8813.157895,8520.376712,0.021143,-0.006850,-0.010923,-0.011024,-0.001747,-0.007279,0.008404
487050,10.0281,1,Thumb_Prep_Open,Thumb,prep_open,0,0.0281,OPEN HAND - prepare for Thumb,3178,2838,2857,3084,2877,2956,2928,11783.206107,7676.372315,7846.365105,10371.513353,8031.034483,8823.880597,8530.591260,0.024015,0.002297,-0.001736,0.008555,0.005267,-0.006071,0.009613
487100,10.0681,1,Thumb_Prep_Open,Thumb,prep_open,0,0.0681,OPEN HAND - prepare for Thumb,3181,2840,2863,3082,2871,2945,2918,11833.041575,7694.023904,7901.136364,10344.323791,7975.000000,8706.956522,8429.226848,0.028346,0.004601,0.005232,0.005911,-0.001747,-0.019241,-0.002384
487150,10.2193,1,Thumb_Prep_Open,Thumb,prep_open,0,0.2193,OPEN HAND - prepare for Thumb,3219,2832,2845,3079,2873,2953,2917,12493.835616,7623.752969,7738.400000,10303.740157,7993.617021,8791.768827,8419.185059,0.085772,-0.004574,-0.015472,0.001964,0.000583,-0.009688,-0.003572
487200,10.2193,1,Thumb_Prep_Open,Thumb,prep_open,0,0.2193,OPEN HAND - prepare for Thumb,3189,2844,2850,3088,2877,2953,2917,11967.549669,7729.496403,7783.132530,10426.216485,8031.034483,8791.768827,8419.185059,0.040035,0.009233,-0.009781,0.013874,0.005267,-0.009688,-0.003572
487250,10.2194,1,Thumb_Prep_Open,Thumb,prep_open,0,0.2194,OPEN HAND - prepare for Thumb,3186,2842,2848,3091,2864,2946,2909,11916.831683,7711.731844,7765.196472,10467.529880,7910.316816,8717.493473,8339.460371,0.035628,0.006913,-0.012063,0.017892,-0.009844,-0.018055,-0.013008
487300,10.2851,1,Thumb_Prep_Open,Thumb,prep_open,0,0.2851,OPEN HAND - prepare for Thumb,3184,2830,2837,3078,2874,2958,2918,11883.205269,7606.324111,7667.567568,10290.265487,8002.948403,8845.382586,8429.226848,0.032705,-0.006850,-0.024484,0.000654,0.001751,-0.003649,-0.002384
487350,10.3178,1,Thumb_Prep_Open,Thumb,prep_open,0,0.3178,OPEN HAND - prepare for Thumb,3163,2833,2845,3087,2876,2958,2916,11538.841202,7632.488114,7738.400000,10412.500000,8021.657096,8845.382586,8409.160305,0.002779,-0.003433,-0.015472,0.012540,0.004093,-0.003649,-0.004759
487400,10.4694,1,Thumb_Prep_Open,Thumb,prep_open,0,0.4694,OPEN HAND - prepare for Thumb,3184,2846,2848,3080,2869,2946,2912,11883.205269,7747.317854,7765.196472,10317.241379,7956.443719,8717.493473,8369.230769,0.032705,0.011560,-0.012063,0.003277,-0.004070,-0.018055,-0.009485
487450,10.4694,1,Thumb_Prep_Open,Thumb,prep_open,0,0.4694,OPEN HAND - prepare for Thumb,3193,2835,2843,3074,2877,2955,2918,12035.698448,7650.000000,7720.607029,10236.630754,8031.034483,8813.157895,8429.226848,0.045958,-0.001147,-0.017736,-0.004562,0.005267,-0.007279,-0.002384
487500,10.4695,1,Thumb_Prep_Open,Thumb,prep_open,0,0.4695,OPEN HAND - prepare for Thumb,3170,2848,2850,3083,2876,2954,2917,11651.891892,7765.196472,7783.132530,10357.905138,8021.657096,8802.453988,8419.185059,0.012603,0.013894,-0.009781,0.007231,0.004093,-0.008485,-0.003572
487550,10.5133,1,Thumb_Prep_Open,Thumb,prep_open,0,0.5133,OPEN HAND - prepare for Thumb,3172,2843,2850,3087,2874,2946,2909,11684.507042,7720.607029,7783.132530,10412.500000,8002.948403,8717.493473,8339.460371,0.015438,0.008072,-0.009781,0.012540,0.001751,-0.018055,-0.013008
487600,10.5573,1,Thumb_Prep_Open,Thumb,prep_open,0,0.5573,OPEN HAND - prepare for Thumb,3168,2833,2839,3071,2874,2958,2917,11619.417476,7632.488114,7685.191083,10196.679688,8002.948403,8845.382586,8419.185059,0.009781,-0.003433,-0.022242,-0.008447,0.001751,-0.003649,-0.003572
487650,10.7189,1,Thumb_Prep_Open,Thumb,prep_open,0,0.7189,OPEN HAND - prepare for Thumb,3133,2845,2859,3076,2878,2953,2915,11072.972973,7738.400000,7864.563107,10263.395486,8040.427280,8791.768827,8399.152542,-0.037708,0.010395,0.000579,-0.001959,0.006442,-0.009688,-0.005943
487700,10.7190,1,Thumb_Prep_Open,Thumb,prep_open,0,0.7190,OPEN HAND - prepare for Thumb,3150,2841,2865,3069,2869,2944,2908,11333.333333,7702.870813,7919.512195,10170.175439,7956.443719,8696.437880,8329.570345,-0.015081,0.005756,0.007570,-0.011024,-0.004070,-0.020426,-0.014179
487750,10.7190,1,Thumb_Prep_Open,Thumb,prep_open,0,0.7190,OPEN HAND - prepare for Thumb,3159,2832,2863,3063,2876,2954,2917,11475.000000,7623.752969,7901.136364,10091.279070,8021.657096,8802.453988,8419.185059,-0.002770,-0.004574,0.005232,-0.018696,0.004093,-0.008485,-0.003572
487800,10.7848,1,Thumb_Prep_Open,Thumb,prep_open,0,0.7848,OPEN HAND - prepare for Thumb,3166,2839,2871,3072,2877,2948,2915,11587.082885,7685.191083,7975.000000,10209.970674,8031.034483,8738.622493,8399.152542,0.006971,0.003448,0.014630,-0.007154,0.005267,-0.015675,-0.005943
487850,10.8171,1,Thumb_Prep_Open,Thumb,prep_open,0,0.8171,OPEN HAND - prepare for Thumb,3170,2836,2865,3067,2873,2938,2906,11651.891892,7658.776807,7919.512195,10143.774319,7993.617021,8633.707865,8309.840202,0.012603,-0.000001,0.007570,-0.013591,0.000583,-0.027492,-0.016514
487900,10.9856,1,Thumb_Prep_Open,Thumb,prep_open,0,0.9856,OPEN HAND - prepare for Thumb,3171,2826,2856,3061,2875,2950,2919,11668.181818,7571.631206,7837.288136,10065.183752,8012.295082,8759.825328,8439.285714,0.014019,-0.011379,-0.002891,-0.021234,0.002921,-0.013286,-0.001194
487950,10.9856,1,Thumb_Prep_Open,Thumb,prep_open,0,0.9856,OPEN HAND - prepare for Thumb,3170,2841,2863,3068,2878,2948,2915,11651.891892,7702.870813,7901.136364,10156.962025,8040.427280,8738.622493,8399.152542,0.012603,0.005756,0.005232,-0.012309,0.006442,-0.015675,-0.005943
488000,10.9857,1,Thumb_Prep_Open,Thumb,prep_open,0,0.9857,OPEN HAND - prepare for Thumb,3176,2839,2864,3066,2871,2940,2907,11750.163221,7685.191083,7910.316816,10130.612245,7975.000000,8654.545455,8319.696970,0.021143,0.003448,0.006400,-0.014871,-0.001747,-0.025145,-0.015347
488050,11.0287,1,Thumb_Prep_Open,Thumb,prep_open,0,1.0287,OPEN HAND - prepare for Thumb,3200,2829,2864,3063,2872,2950,2916,12156.424581,7597.630332,7910.316816,10091.279070,7984.300899,8759.825328,8409.160305,0.056449,-0.007985,0.006400,-0.018696,-0.000583,-0.013286,-0.004759
488100,11.0832,1,Thumb_Prep_Open,Thumb,prep_open,0,1.0832,OPEN HAND - prepare for Thumb,3207,2862,2880,3075,2877,2943,2925,12279.054054,7891.970803,8059.259259,10250.000000,8031.034483,8685.937500,8500.000000,0.067106,0.030447,0.025350,-0.003262,0.005267,-0.021609,0.005992
488150,11.2310,1,Thumb_Prep_Open,Thumb,prep_open,0,1.2310,OPEN HAND - prepare for Thumb,3228,2863,2878,3070,2869,2928,2918,12658.823529,7901.136364,8040.427280,10183.414634,7956.443719,8530.591260,8429.226848,0.100110,0.031644,0.022954,-0.009737,-0.004070,-0.039107,-0.002384
488200,11.2311,1,Thumb_Prep_Open,Thumb,prep_open,0,1.2311,OPEN HAND - prepare for Thumb,3232,2863,2867,3059,2873,2956,2934,12733.256083,7901.136364,7937.947883,10039.189189,7993.617021,8823.880597,8592.248062,0.106579,0.031644,0.009916,-0.023761,0.000583,-0.006071,0.016910
488250,11.2311,1,Thumb_Prep_Open,Thumb,prep_open,0,1.2311,OPEN HAND - prepare for Thumb,3256,2877,2892,3069,2877,2946,2931,13194.755662,8031.034483,8173.566085,10170.175439,8031.034483,8717.493473,8561.340206,0.146685,0.048604,0.039893,-0.011024,0.005267,-0.018055,0.013252
488300,11.2642,1,Thumb_Prep_Open,Thumb,prep_open,0,1.2642,OPEN HAND - prepare for Thumb,3243,2877,2886,3077,2870,2942,2922,12941.549296,8031.034483,8116.129032,10276.817289,7965.714286,8675.455334,8469.565217,0.124680,0.048604,0.032585,-0.000654,-0.002910,-0.022790,0.002390
488350,11.3082,1,Thumb_Prep_Open,Thumb,prep_open,0,1.3082,OPEN HAND - prepare for Thumb,3250,2874,2872,3069,2871,2957,2928,13076.923077,8002.948403,7984.300899,10170.175439,7975.000000,8834.622144,8530.591260,0.136445,0.044937,0.015813,-0.011024,-0.001747,-0.004861,0.009613
488400,11.4958,1,Thumb_Prep_Open,Thumb,prep_open,0,1.4958,OPEN HAND - prepare for Thumb,3225,2881,2885,3082,2874,2949,2929,12603.448276,8068.698517,8106.611570,10344.323791,8002.948403,8749.214660,8540.823328,0.095298,0.053522,0.031374,0.005911,0.001751,-0.014481,0.010824
488450,11.4958,1,Thumb_Prep_Open,Thumb,prep_open,0,1.4958,OPEN HAND - prepare for Thumb,3244,2875,2879,3065,2867,2941,2918,12960.752056,8012.295082,8049.835526,10117.475728,7937.947883,8664.991334,8429.226848,0.126349,0.046158,0.024151,-0.016149,-0.006385,-0.023968,-0.002384
488500,11.4959,1,Thumb_Prep_Open,Thumb,prep_open,0,1.4959,OPEN HAND - prepare for Thumb,3250,2864,2868,3065,2872,2953,2928,13076.923077,7910.316816,7947.188264,10117.475728,7984.300899,8791.768827,8530.591260,0.136445,0.032842,0.011091,-0.016149,-0.000583,-0.009688,0.009613
488550,11.5165,1,Thumb_Prep_Open,Thumb,prep_open,0,1.5165,OPEN HAND - prepare for Thumb,3243,2873,2876,3069,2873,2950,2929,12941.549296,7993.617021,8021.657096,10170.175439,7993.617021,8759.825328,8540.823328,0.124680,0.043719,0.020566,-0.011024,0.000583,-0.013286,0.010824
488600,11.5822,1,Thumb_Prep_Open,Thumb,prep_open,0,1.5822,OPEN HAND - prepare for Thumb,3252,2869,2875,3064,2869,2934,2922,13116.014235,7956.443719,8012.295082,10104.364694,7956.443719,8592.248062,8469.565217,0.139842,0.038865,0.019375,-0.017424,-0.004070,-0.032162,0.002390
488650,11.7489,1,Thumb_Prep_Open,Thumb,prep_open,0,1.7489,OPEN HAND - prepare for Thumb,3252,2862,2863,3056,2871,2944,2929,13116.014235,7891.970803,7901.136364,10000.384986,7975.000000,8696.437880,8540.823328,0.139842,0.030447,0.005232,-0.027535,-0.001747,-0.020426,0.010824
488700,11.7490,1,Thumb_Prep_Open,Thumb,prep_open,0,1.7490,OPEN HAND - prepare for Thumb,3243,2871,2874,3067,2874,2944,2927,12941.549296,7975.000000,8002.948403,10143.774319,8002.948403,8696.437880,8520.376712,0.124680,0.041288,0.018186,-0.013591,0.001751,-0.020426,0.008404
488750,11.7490,1,Thumb_Prep_Open,Thumb,prep_open,0,1.7490,OPEN HAND - prepare for Thumb,3246,2861,2869,3067,2869,2934,2924,12999.293286,7882.820097,7956.443719,10143.774319,7956.443719,8592.248062,8489.837746,0.129699,0.029252,0.012269,-0.013591,-0.004070,-0.032162,0.004789
488800,11.7599,1,Thumb_Prep_Open,Thumb,prep_open,0,1.7599,OPEN HAND - prepare for Thumb,3252,2851,2859,3059,2872,2945,2930,13116.014235,7792.122186,7864.563107,10039.189189,7984.300899,8706.956522,8551.072961,0.139842,0.017410,0.000579,-0.023761,-0.000583,-0.019241,0.012037
488850,11.8141,1,Thumb_Prep_Open,Thumb,prep_open,0,1.8141,OPEN HAND - prepare for Thumb,3245,2859,2864,3066,2876,2935,2931,12980.000000,7864.563107,7910.316816,10130.612245,8021.657096,8602.586207,8561.340206,0.128022,0.026868,0.006400,-0.014871,0.004093,-0.030998,0.013252
488900,11.8575,1,Thumb_Prep_Open,Thumb,prep_open,0,1.8575,OPEN HAND - prepare for Thumb,3234,2859,2864,3069,2869,2926,2920,12770.731707,7864.563107,7910.316816,10170.175439,7956.443719,8510.179641,8449.361702,0.109835,0.026868,0.006400,-0.011024,-0.004070,-0.041407,-0.000001
488950,12.0052,1,Thumb_Prep_Open,Thumb,prep_open,0,2.0052,OPEN HAND - prepare for Thumb,3227,2855,2851,3058,2869,2933,2928,12640.322581,7828.225806,7792.122186,10026.229508,7956.443719,8581.927711,8530.591260,0.098502,0.022124,-0.008637,-0.025022,-0.004070,-0.033325,0.009613
489000,12.0053,1,Thumb_Prep_Open,Thumb,prep_open,0,2.0053,OPEN HAND - prepare for Thumb,3232,2867,2854,3062,2877,2935,2932,12733.256083,7937.947883,7819.178082,10078.218780,8031.034483,8602.586207,8571.625107,0.106579,0.036450,-0.005195,-0.019966,0.005267,-0.030998,0.014469
489050,12.0163,1,Thumb_Prep_Open,Thumb,prep_open,0,2.0163,OPEN HAND - prepare for Thumb,3246,2871,2855,3058,2870,2931,2928,12999.293286,7975.000000,7828.225806,10026.229508,7965.714286,8561.340206,8530.591260,0.129699,0.041288,-0.004044,-0.025022,-0.002910,-0.035644,0.009613
489100,12.0710,1,Thumb_Prep_Open,Thumb,prep_open,0,2.0710,OPEN HAND - prepare for Thumb,3207,2863,2840,3055,2871,2939,2933,12279.054054,7901.136364,7694.023904,9987.500000,7975.000000,8644.117647,8581.927711,0.067106,0.031644,-0.021118,-0.028788,-0.001747,-0.026320,0.015688
489150,12.1132,1,Thumb_Prep_Open,Thumb,prep_open,0,2.1132,OPEN HAND - prepare for Thumb,3225,2866,2852,3061,2877,2937,2929,12603.448276,7928.722539,7801.126307,10065.183752,8031.034483,8623.316062,8540.823328,0.095298,0.035246,-0.007492,-0.021234,0.005267,-0.028663,0.010824
489200,12.2530,1,Thumb_Prep_Open,Thumb,prep_open,0,2.2530,OPEN HAND - prepare for Thumb,3259,2867,2848,3068,2874,2938,2925,13254.306220,7937.947883,7765.196472,10156.962025,8002.948403,8633.707865,8500.000000,0.151860,0.036450,-0.012063,-0.012309,0.001751,-0.027492,0.005992
489250,12.2531,1,Thumb_Prep_Open,Thumb,prep_open,0,2.2531,OPEN HAND - prepare for Thumb,3233,2864,2841,3058,2872,2956,2934,12751.972158,7910.316816,7702.870813,10026.229508,7984.300899,8823.880597,8592.248062,0.108205,0.032842,-0.019992,-0.025022,-0.000583,-0.006071,0.016910
489300,12.2633,1,Thumb_Prep_Open,Thumb,prep_open,0,2.2633,OPEN HAND - prepare for Thumb,3258,2876,2860,3066,2875,2955,2935,13234.408602,8021.657096,7873.684211,10130.612245,8012.295082,8813.157895,8602.586207,0.150131,0.047380,0.001740,-0.014871,0.002921,-0.007279,0.018133
489350,12.3296,1,Thumb_Prep_Open,Thumb,prep_open,0,2.3296,OPEN HAND - prepare for Thumb,3284,2878,2854,3069,2865,2936,2927,13767.694205,8040.427280,7819.178082,10170.175439,7919.512195,8612.942192,8520.376712,0.196476,0.049831,-0.005195,-0.011024,-0.008693,-0.029831,0.008404
489400,12.3718,1,Thumb_Prep_Open,Thumb,prep_open,0,2.3718,OPEN HAND - prepare for Thumb,3309,2867,2844,3059,2872,2947,2930,14313.740458,7937.947883,7729.496403,10039.189189,7984.300899,8728.048780,8551.072961,0.243930,0.036450,-0.016605,-0.023761,-0.000583,-0.016866,0.012037
489450,12.5077,1,Thumb_Prep_Open,Thumb,prep_open,0,2.5077,OPEN HAND - prepare for Thumb,3334,2883,2857,3063,2873,2959,2935,14895.663601,8087.623762,7846.365105,10091.279070,7993.617021,8856.161972,8602.586207,0.294502,0.055993,-0.001736,-0.018696,0.000583,-0.002435,0.018133
489500,12.5077,1,Thumb_Prep_Open,Thumb,prep_open,0,2.5077,OPEN HAND - prepare for Thumb,3341,2877,2860,3061,2872,2954,2930,15065.517241,8031.034483,7873.684211,10065.183752,7984.300899,8802.453988,8551.072961,0.309263,0.048604,0.001740,-0.021234,-0.000583,-0.008485,0.012037
489550,12.5078,1,Thumb_Prep_Open,Thumb,prep_open,0,2.5078,OPEN HAND - prepare for Thumb,3359,2866,2841,3057,2870,2952,2938,15517.119565,7928.722539,7702.870813,10013.294798,7965.714286,8781.102362,8633.707865,0.348509,0.035246,-0.019992,-0.026280,-0.002910,-0.010890,0.021817
489600,12.5616,1,Thumb_Prep_Open,Thumb,prep_open,0,2.5616,OPEN HAND - prepare for Thumb,3366,2874,2852,3065,2874,2957,2930,15698.765432,8002.948403,7801.126307,10117.475728,8002.948403,8834.622144,8551.072961,0.364295,0.044937,-0.007492,-0.016149,0.001751,-0.004861,0.012037
489650,12.6167,1,Thumb_Prep_Open,Thumb,prep_open,0,2.6167,OPEN HAND - prepare for Thumb,3343,2870,2842,3070,2868,2947,2926,15114.627660,7965.714286,7711.731844,10183.414634,7947.188264,8728.048780,8510.179641,0.313531,0.040076,-0.018865,-0.009737,-0.005229,-0.016866,0.007197
489700,12.7793,1,Thumb_Prep_Open,Thumb,prep_open,0,2.7793,OPEN HAND - prepare for Thumb,3339,2860,2836,3057,2868,2960,2930,15016.666667,7873.684211,7658.776807,10013.294798,7947.188264,8866.960352,8551.072961,0.305018,0.028059,-0.025602,-0.026280,-0.005229,-0.001218,0.012037
489750,12.7794,1,Thumb_Prep_Open,Thumb,prep_open,0,2.7794,OPEN HAND - prepare for Thumb,3330,2866,2846,3061,2871,2969,2934,14800.000000,7928.722539,7747.317854,10065.183752,7975.000000,8965.008881,8592.248062,0.286188,0.035246,-0.014337,-0.021234,-0.001747,0.009826,0.016910
489800,12.7794,1,Thumb_Prep_Open,Thumb,prep_open,0,2.7794,OPEN HAND - prepare for Thumb,3303,2866,2850,3056,2869,2957,2929,14179.545455,7928.722539,7783.132530,10000.384986,7956.443719,8834.622144,8540.823328,0.232268,0.035246,-0.009781,-0.027535,-0.004070,-0.004861,0.010824
489850,12.8117,1,Thumb_Prep_Open,Thumb,prep_open,0,2.8117,OPEN HAND - prepare for Thumb,3316,2861,2837,3060,2869,2967,2934,14472.913992,7882.820097,7667.567568,10052.173913,7956.443719,8943.085106,8592.248062,0.257763,0.029252,-0.024484,-0.022499,-0.004070,0.007356,0.016910
489900,12.8666,1,Thumb_Prep_Open,Thumb,prep_open,0,2.8666,OPEN HAND - prepare for Thumb,3322,2867,2845,3067,2875,2964,2931,14611.642950,7937.947883,7738.400000,10143.774319,8012.295082,8910.344828,8561.340206,0.269819,0.036450,-0.015472,-0.013591,0.002921,0.003668,0.013252
489950,13.0332,1,Thumb_Prep_Open,Thumb,prep_open,0,3.0332,OPEN HAND - prepare for Thumb,3334,2871,2845,3069,2868,2947,2928,14895.663601,7975.000000,7738.400000,10170.175439,7947.188264,8728.048780,8530.591260,0.294502,0.041288,-0.015472,-0.011024,-0.005229,-0.016866,0.009613
490000,13.0333,1,Thumb_Prep_Open,Thumb,prep_open,0,3.0333,OPEN HAND - prepare for Thumb,3324,2868,2832,3063,2873,2960,2931,14658.365759,7947.188264,7623.752969,10091.279070,7993.617021,8866.960352,8561.340206,0.273880,0.037657,-0.030058,-0.018696,0.000583,-0.001218,0.013252
490050,13.0333,1,Thumb_Prep_Open,Thumb,prep_open,0,3.0333,OPEN HAND - prepare for Thumb,3279,2873,2843,3077,2873,2959,2929,13662.500000,7993.617021,7720.607029,10276.817289,7993.617021,8856.161972,8540.823328,0.187334,0.043719,-0.017736,-0.000654,0.000583,-0.002435,0.010824
490100,13.0665,1,Thumb_Prep_Open,Thumb,prep_open,0,3.0665,OPEN HAND - prepare for Thumb,3291,2879,2848,3070,2868,2949,2918,13917.164179,8049.835526,7765.196472,10183.414634,7947.188264,8749.214660,8429.226848,0.209466,0.051059,-0.012063,-0.009737,-0.005229,-0.014481,-0.002384
490150,13.1107,1,Thumb_Prep_Open,Thumb,prep_open,0,3.1107,OPEN HAND - prepare for Thumb,3316,2873,2834,3058,2873,2960,2927,14472.913992,7993.617021,7641.237113,10026.229508,7993.617021,8866.960352,8520.376712,0.257763,0.043719,-0.027834,-0.025022,0.000583,-0.001218,0.008404
490200,13.3106,1,Thumb_Prep_Open,Thumb,prep_open,0,3.3106,OPEN HAND - prepare for Thumb,3325,2879,2847,3065,2875,2960,2928,14681.818182,8049.835526,7756.250000,10117.475728,8012.295082,8866.960352,8530.591260,0.275918,0.051059,-0.013201,-0.016149,0.002921,-0.001218,0.009613
490250,13.3107,1,Thumb_Prep_Open,Thumb,prep_open,0,3.3107,OPEN HAND - prepare for Thumb,3320,2880,2846,3067,2869,2945,2919,14565.161290,8059.259259,7747.317854,10143.774319,7956.443719,8706.956522,8439.285714,0.265780,0.052290,-0.014337,-0.013591,-0.004070,-0.019241,-0.001194
490300,13.3107,1,Thumb_Prep_Open,Thumb,prep_open,0,3.3107,OPEN HAND - prepare for Thumb,3315,2873,2836,3055,2871,2960,2928,14450.000000,7993.617021,7658.776807,9987.500000,7975.000000,8866.960352,8530.591260,0.255772,0.043719,-0.025602,-0.028788,-0.001747,-0.001218,0.009613
490350,13.3218,1,Thumb_Prep_Open,Thumb,prep_open,0,3.3218,OPEN HAND - prepare for Thumb,3311,2881,2845,3062,2873,2958,2927,14358.928571,8068.698517,7738.400000,10078.218780,7993.617021,8845.382586,8520.376712,0.247857,0.053522,-0.015472,-0.019966,0.000583,-0.003649,0.008404
490400,13.3652,1,Thumb_Prep_Open,Thumb,prep_open,0,3.3652,OPEN HAND - prepare for Thumb,3318,2875,2848,3062,2869,2945,2916,14518.918919,8012.295082,7765.196472,10078.218780,7956.443719,8706.956522,8409.160305,0.261761,0.046158,-0.012063,-0.019966,-0.004070,-0.019241,-0.004759
490450,13.5453,1,Thumb_Prep_Open,Thumb,prep_open,0,3.5453,OPEN HAND - prepare for Thumb,3315,2869,2835,3059,2869,2954,2926,14450.000000,7956.443719,7650.000000,10039.189189,7956.443719,8802.453988,8510.179641,0.255772,0.038865,-0.026719,-0.023761,-0.004070,-0.008485,0.007197
490500,13.5453,1,Thumb_Prep_Open,Thumb,prep_open,0,3.5453,OPEN HAND - prepare for Thumb,3297,2876,2843,3067,2875,2953,2926,14047.368421,8021.657096,7720.607029,10143.774319,8012.295082,8791.768827,8510.179641,0.220781,0.047380,-0.017736,-0.013591,0.002921,-0.009688,0.007197
490550,13.5453,1,Thumb_Prep_Open,Thumb,prep_open,0,3.5453,OPEN HAND - prepare for Thumb,3297,2875,2840,3075,2873,2945,2922,14047.368421,8012.295082,7694.023904,10250.000000,7993.617021,8706.956522,8469.565217,0.220781,0.046158,-0.021118,-0.003262,0.000583,-0.019241,0.002390
490600,13.5557,1,Thumb_Prep_Open,Thumb,prep_open,0,3.5557,OPEN HAND - prepare for Thumb,3289,2874,2835,3059,2869,2956,2928,13874.193548,8002.948403,7650.000000,10039.189189,7956.443719,8823.880597,8530.591260,0.205731,0.044937,-0.026719,-0.023761,-0.004070,-0.006071,0.009613
490650,13.6212,1,Thumb_Prep_Open,Thumb,prep_open,0,3.6212,OPEN HAND - prepare for Thumb,3299,2881,2854,3066,2873,2952,2928,14091.206030,8068.698517,7819.178082,10130.612245,7993.617021,8781.102362,8530.591260,0.224591,0.053522,-0.005195,-0.014871,0.000583,-0.010890,0.009613
490700,13.7995,1,Thumb_Prep_Open,Thumb,prep_open,0,3.7995,OPEN HAND - prepare for Thumb,3274,2881,2843,3073,2872,2941,2925,13558.587089,8068.698517,7720.607029,10223.287671,7984.300899,8664.991334,8500.000000,0.178304,0.053522,-0.017736,-0.005859,-0.000583,-0.023968,0.005992
490750,13.7995,1,Thumb_Prep_Open,Thumb,prep_open,0,3.7995,OPEN HAND - prepare for Thumb,3278,2867,2817,3062,2875,2943,2928,13641.615667,7937.947883,7494.366197,10078.218780,8012.295082,8685.937500,8530.591260,0.185519,0.036450,-0.046519,-0.019966,0.002921,-0.021609,0.009613
490800,13.7996,1,Thumb_Prep_Open,Thumb,prep_open,0,3.7996,OPEN HAND - prepare for Thumb,3241,2878,2832,3071,2873,2943,2928,12903.278689,8040.427280,7623.752969,10196.679688,7993.617021,8685.937500,8530.591260,0.121354,0.049831,-0.030058,-0.008447,0.000583,-0.021609,0.009613
490850,13.8099,1,Thumb_Prep_Open,Thumb,prep_open,0,3.8099,OPEN HAND - prepare for Thumb,3278,2868,2837,3069,2873,2932,2923,13641.615667,7947.188264,7667.567568,10170.175439,7993.617021,8571.625107,8479.692833,0.185519,0.037657,-0.024484,-0.011024,0.000583,-0.034485,0.003589
490900,13.8533,1,Thumb_Prep_Open,Thumb,prep_open,0,3.8533,OPEN HAND - prepare for Thumb,3268,2861,2843,3064,2874,2940,2929,13435.550181,7882.820097,7720.607029,10104.364694,8002.948403,8654.545455,8540.823328,0.167611,0.029252,-0.017736,-0.017424,0.001751,-0.025145,0.010824
490950,14.0536,2,Thumb_C1_Open,Thumb,open,1,0.0536,Thumb cycle 1: OPEN,3259,2869,2855,3072,2870,2939,2925,13254.306220,7956.443719,7828.225806,10209.970674,7965.714286,8644.117647,8500.000000,0.151860,0.038865,-0.004044,-0.007154,-0.002910,-0.026320,0.005992
491000,14.0539,2,Thumb_C1_Open,Thumb,open,1,0.0539,Thumb cycle 1: OPEN,3259,2869,2848,3068,2873,2930,2919,13254.306220,7956.443719,7765.196472,10156.962025,7993.617021,8551.072961,8439.285714,0.151860,0.038865,-0.012063,-0.012309,0.000583,-0.036800,-0.001194
491050,14.0539,2,Thumb_C1_Open,Thumb,open,1,0.0539,Thumb cycle 1: OPEN,3243,2860,2839,3066,2873,2938,2927,12941.549296,7873.684211,7685.191083,10130.612245,7993.617021,8633.707865,8520.376712,0.124680,0.028059,-0.022242,-0.014871,0.000583,-0.027492,0.008404
491100,14.0641,2,Thumb_C1_Open,Thumb,open,1,0.0641,Thumb cycle 1: OPEN,3240,2864,2855,3071,2872,2937,2927,12884.210526,7910.316816,7828.225806,10196.679688,7984.300899,8623.316062,8520.376712,0.119697,0.032842,-0.004044,-0.008447,-0.000583,-0.028663,0.008404
491150,14.1306,2,Thumb_C1_Open,Thumb,open,1,0.1306,Thumb cycle 1: OPEN,3234,2859,2853,3069,2867,2926,2915,12770.731707,7864.563107,7810.144928,10170.175439,7937.947883,8510.179641,8399.152542,0.109835,0.026868,-0.006344,-0.011024,-0.006385,-0.041407,-0.005943
491200,14.3071,2,Thumb_C1_Open,Thumb,open,1,0.3071,Thumb cycle 1: OPEN,3236,2851,2834,3060,2870,2938,2926,12808.381839,7792.122186,7641.237113,10052.173913,7965.714286,8633.707865,8510.179641,0.113107,0.017410,-0.027834,-0.022499,-0.002910,-0.027492,0.007197
491250,14.3072,2,Thumb_C1_Open,Thumb,open,1,0.3072,Thumb cycle 1: OPEN,3230,2852,2840,3066,2871,2931,2926,12695.953757,7801.126307,7694.023904,10130.612245,7975.000000,8561.340206,8510.179641,0.103337,0.018586,-0.021118,-0.014871,-0.001747,-0.035644,0.007197
491300,14.3072,2,Thumb_C1_Open,Thumb,open,1,0.3072,Thumb cycle 1: OPEN,3225,2854,2847,3068,2867,2921,2918,12603.448276,7819.178082,7756.250000,10156.962025,7937.947883,8459.454855,8429.226848,0.095298,0.020943,-0.013201,-0.012309,-0.006385,-0.047120,-0.002384
491350,14.3072,2,Thumb_C1_Open,Thumb,open,1,0.3072,Thumb cycle 1: OPEN,3231,2853,2837,3061,2872,2931,2926,12714.583333,7810.144928,7667.567568,10065.183752,7984.300899,8561.340206,8510.179641,0.104956,0.019763,-0.024484,-0.021234,-0.000583,-0.035644,0.007197
491400,14.3613,2,Thumb_C1_Open,Thumb,open,1,0.3613,Thumb cycle 1: OPEN,3237,2862,2841,3070,2870,2930,2924,12827.272727,7891.970803,7702.870813,10183.414634,7965.714286,8551.072961,8489.837746,0.114749,0.030447,-0.019992,-0.009737,-0.002910,-0.036800,0.004789
491450,14.4167,2,Thumb_C1_Open,Thumb,open,1,0.4167,Thumb cycle 1: OPEN,3240,2856,2848,3071,2871,2928,2914,12884.210526,7837.288136,7765.196472,10196.679688,7975.000000,8530.591260,8389.161727,0.119697,0.023307,-0.012063,-0.008447,-0.001747,-0.039107,-0.007126
491500,14.5556,2,Thumb_C1_Open,Thumb,open,1,0.5556,Thumb cycle 1: OPEN,3231,2853,2835,3063,2871,2931,2925,12714.583333,7810.144928,7650.000000,10091.279070,7975.000000,8561.340206,8500.000000,0.104956,0.019763,-0.026719,-0.018696,-0.001747,-0.035644,0.005992
491550,14.5556,2,Thumb_C1_Open,Thumb,open,1,0.5556,Thumb cycle 1: OPEN,3223,2864,2847,3067,2874,2930,2926,12566.743119,7910.316816,7756.250000,10143.774319,8002.948403,8551.072961,8510.179641,0.092108,0.032842,-0.013201,-0.013591,0.001751,-0.036800,0.007197
491600,14.5667,2,Thumb_C1_Open,Thumb,open,1,0.5667,Thumb cycle 1: OPEN,3240,2858,2838,3070,2872,2921,2914,12884.210526,7855.456750,7676.372315,10183.414634,7984.300899,8459.454855,8389.161727,0.119697,0.025679,-0.023364,-0.009737,-0.000583,-0.047120,-0.007126
491650,14.6216,2,Thumb_C1_Open,Thumb,open,1,0.6216,Thumb cycle 1: OPEN,3236,2847,2830,3060,2873,2935,2927,12808.381839,7756.250000,7606.324111,10052.173913,7993.617021,8602.586207,8520.376712,0.113107,0.012726,-0.032276,-0.022499,0.000583,-0.030998,0.008404
491700,14.6652,2,Thumb_C1_Open,Thumb,open,1,0.6652,Thumb cycle 1: OPEN,3220,2849,2843,3067,2873,2935,2926,12512.000000,7774.157303,7720.607029,10143.774319,7993.617021,8602.586207,8510.179641,0.087350,0.015064,-0.017736,-0.013591,0.000583,-0.030998,0.007197
491750,14.8037,2,Thumb_C1_Open,Thumb,open,1,0.8037,Thumb cycle 1: OPEN,3225,2850,2845,3068,2873,2928,2917,12603.448276,7783.132530,7738.400000,10156.962025,7993.617021,8530.591260,8419.185059,0.095298,0.016236,-0.015472,-0.012309,0.000583,-0.039107,-0.003572
491800,14.8038,2,Thumb_C1_Open,Thumb,open,1,0.8038,Thumb cycle 1: OPEN,3231,2841,2840,3058,2867,2939,2927,12714.583333,7702.870813,7694.023904,10026.229508,7937.947883,8644.117647,8520.376712,0.104956,0.005756,-0.021118,-0.025022,-0.006385,-0.026320,0.008404
491850,14.8142,2,Thumb_C1_Open,Thumb,open,1,0.8142,Thumb cycle 1: OPEN,3240,2850,2851,3062,2872,2936,2927,12884.210526,7783.132530,7792.122186,10078.218780,7984.300899,8612.942192,8520.376712,0.119697,0.016236,-0.008637,-0.019966,-0.000583,-0.029831,0.008404
491900,14.8576,2,Thumb_C1_Open,Thumb,open,1,0.8576,Thumb cycle 1: OPEN,3245,2849,2851,3059,2869,2927,2918,12980.000000,7774.157303,7792.122186,10039.189189,7956.443719,8520.376712,8429.226848,0.128022,0.015064,-0.008637,-0.023761,-0.004070,-0.040258,-0.002384
491950,14.9119,2,Thumb_C1_Open,Thumb,open,1,0.9119,Thumb cycle 1: OPEN,3230,2845,2845,3058,2869,2935,2928,12695.953757,7738.400000,7738.400000,10026.229508,7956.443719,8602.586207,8530.591260,0.103337,0.010395,-0.015472,-0.025022,-0.004070,-0.030998,0.009613
492000,15.0688,2,Thumb_C1_Open,Thumb,open,1,1.0688,Thumb cycle 1: OPEN,3225,2855,2853,3066,2873,2933,2926,12603.448276,7828.225806,7810.144928,10130.612245,7993.617021,8581.927711,8510.179641,0.095298,0.022124,-0.006344,-0.014871,0.000583,-0.033325,0.007197
492050,15.0689,2,Thumb_C1_Open,Thumb,open,1,1.0689,Thumb cycle 1: OPEN,3202,2857,2849,3063,2873,2929,2914,12191.265398,7846.365105,7774.157303,10091.279070,7993.617021,8540.823328,8389.161727,0.059477,0.024492,-0.010923,-0.018696,0.000583,-0.037955,-0.007126
492100,15.0689,2,Thumb_C1_Open,Thumb,open,1,1.0689,Thumb cycle 1: OPEN,3218,2854,2843,3054,2873,2938,2922,12475.712657,7819.178082,7720.607029,9974.639769,7993.617021,8633.707865,8469.565217,0.084197,0.020943,-0.017736,-0.030038,0.000583,-0.027492,0.002390
492150,15.1117,2,Thumb_C1_Open,Thumb,open,1,1.1117,Thumb cycle 1: OPEN,3219,2851,2855,3067,2874,2940,2921,12493.835616,7792.122186,7828.225806,10143.774319,8002.948403,8654.545455,8459.454855,0.085772,0.017410,-0.004044,-0.013591,0.001751,-0.025145,0.001194
492200,15.1667,2,Thumb_C1_Open,Thumb,open,1,1.1667,Thumb cycle 1: OPEN,3215,2840,2846,3066,2873,2928,2918,12421.590909,7694.023904,7747.317854,10130.612245,7993.617021,8530.591260,8429.226848,0.079494,0.004601,-0.014337,-0.014871,0.000583,-0.039107,-0.002384
492250,15.3281,2,Thumb_C1_Open,Thumb,open,1,1.3281,Thumb cycle 1: OPEN,3213,2828,2830,3059,2875,2931,2922,12385.714286,7588.950276,7606.324111,10039.189189,8012.295082,8561.340206,8469.565217,0.076376,-0.009118,-0.032276,-0.023761,0.002921,-0.035644,0.002390
492300,15.3282,2,Thumb_C1_Open,Thumb,open,1,1.3282,Thumb cycle 1: OPEN,3213,2833,2836,3065,2874,2938,2919,12385.714286,7632.488114,7658.776807,10117.475728,8002.948403,8633.707865,8439.285714,0.076376,-0.003433,-0.025602,-0.016149,0.001751,-0.027492,-0.001194
492350,15.3282,2,Thumb_C1_Open,Thumb,open,1,1.3282,Thumb cycle 1: OPEN,3218,2831,2832,3066,2874,2936,2912,12475.712657,7615.031646,7623.752969,10130.612245,8002.948403,8612.942192,8369.230769,0.084197,-0.005713,-0.030058,-0.014871,0.001751,-0.029831,-0.009485
492400,15.3721,2,Thumb_C1_Open,Thumb,open,1,1.3721,Thumb cycle 1: OPEN,3249,2826,2816,3058,2875,2944,2922,13057.446809,7571.631206,7485.848319,10026.229508,8012.295082,8696.437880,8469.565217,0.134752,-0.011379,-0.047603,-0.025022,0.002921,-0.020426,0.002390
492450,15.4265,2,Thumb_C1_Open,Thumb,open,1,1.4265,Thumb cycle 1: OPEN,3237,2833,2828,3066,2874,2938,2917,12827.272727,7632.488114,7588.950276,10130.612245,8002.948403,8633.707865,8419.185059,0.114749,-0.003433,-0.034486,-0.014871,0.001751,-0.027492,-0.003572
492500,15.5815,2,Thumb_C1_Open,Thumb,open,1,1.5815,Thumb cycle 1: OPEN,3251,2831,2832,3067,2873,2932,2909,13096.445498,7615.031646,7623.752969,10143.774319,7993.617021,8571.625107,8339.460371,0.138141,-0.005713,-0.030058,-0.013591,0.000583,-0.034485,-0.013008
492550,15.5815,2,Thumb_C1_Open,Thumb,open,1,1.5815,Thumb cycle 1: OPEN,3246,2822,2813,3054,2874,2940,2917,12999.293286,7537.156324,7460.374415,9974.639769,8002.948403,8654.545455,8419.185059,0.129699,-0.015881,-0.050844,-0.030038,0.001751,-0.025145,-0.003572
492600,15.5816,2,Thumb_C1_Open,Thumb,open,1,1.5816,Thumb cycle 1: OPEN,3225,2827,2823,3064,2872,2932,2915,12603.448276,7580.283912,7545.754717,10104.364694,7984.300899,8571.625107,8399.152542,0.095298,-0.010250,-0.039982,-0.017424,-0.000583,-0.034485,-0.005943
492650,15.6143,2,Thumb_C1_Open,Thumb,open,1,1.6143,Thumb cycle 1: OPEN,3245,2835,2823,3062,2871,2932,2908,12980.000000,7650.000000,7545.754717,10078.218780,7975.000000,8571.625107,8329.570345,0.128022,-0.001147,-0.039982,-0.019966,-0.001747,-0.034485,-0.014179
492700,15.6581,2,Thumb_C1_Open,Thumb,open,1,1.6581,Thumb cycle 1: OPEN,3240,2829,2812,3060,2872,2953,2920,12884.210526,7597.630332,7451.909587,10052.173913,7984.300899,8791.768827,8449.361702,0.119697,-0.007985,-0.051921,-0.022499,-0.000583,-0.009688,-0.000001
492750,15.8372,2,Thumb_C1_Open,Thumb,open,1,1.8372,Thumb cycle 1: OPEN,3241,2839,2822,3066,2874,2945,2918,12903.278689,7685.191083,7537.156324,10130.612245,8002.948403,8706.956522,8429.226848,0.121354,0.003448,-0.041075,-0.014871,0.001751,-0.019241,-0.002384
492800,15.8372,2,Thumb_C1_Open,Thumb,open,1,1.8372,Thumb cycle 1: OPEN,3215,2831,2817,3068,2872,2930,2907,12421.590909,7615.031646,7494.366197,10156.962025,7984.300899,8551.072961,8319.696970,0.079494,-0.005713,-0.046519,-0.012309,-0.000583,-0.036800,-0.015347
492850,15.8373,2,Thumb_C1_Open,Thumb,open,1,1.8373,Thumb cycle 1: OPEN,3222,2824,2811,3061,2875,2945,2916,12548.453608,7554.366640,7443.457944,10065.183752,8012.295082,8706.956522,8409.160305,0.090518,-0.013634,-0.052996,-0.021234,0.002921,-0.019241,-0.004759
492900,15.8695,2,Thumb_C1_Open,Thumb,open,1,1.8695,Thumb cycle 1: OPEN,3230,2831,2824,3068,2875,2940,2918,12695.953757,7615.031646,7554.366640,10156.962025,8012.295082,8654.545455,8429.226848,0.103337,-0.005713,-0.038886,-0.012309,0.002921,-0.025145,-0.002384
492950,15.9136,2,Thumb_C1_Open,Thumb,open,1,1.9136,Thumb cycle 1: OPEN,3238,2830,2830,3069,2874,2936,2912,12846.207701,7606.324111,7606.324111,10170.175439,8002.948403,8612.942192,8369.230769,0.116395,-0.006850,-0.032276,-0.011024,0.001751,-0.029831,-0.009485
493000,15.9575,2,Thumb_C1_Open,Thumb,open,1,1.9575,Thumb cycle 1: OPEN,3236,2826,2818,3065,2872,2933,2925,12808.381839,7571.631206,7502.897416,10117.475728,7984.300899,8581.927711,8500.000000,0.113107,-0.011379,-0.045434,-0.016149,-0.000583,-0.033325,0.005992
493050,16.0974,3,Thumb_C1_Bend,Thumb,bend,1,0.0974,Thumb cycle 1: BEND Thumb,3250,2856,2829,3070,2875,2929,2926,13076.923077,7837.288136,7597.630332,10183.414634,8012.295082,8540.823328,8510.179641,0.136445,0.023307,-0.033382,-0.009737,0.002921,-0.037955,0.007197
493100,16.0976,3,Thumb_C1_Bend,Thumb,bend,1,0.0976,Thumb cycle 1: BEND Thumb,3233,2846,2830,3086,2875,2916,2915,12751.972158,7747.317854,7606.324111,10398.810704,8012.295082,8409.160305,8399.152542,0.108205,0.011560,-0.032276,0.011209,0.002921,-0.052785,-0.005943
493150,16.1084,3,Thumb_C1_Bend,Thumb,bend,1,0.1084,Thumb cycle 1: BEND Thumb,3225,2839,2832,3069,2875,2924,2922,12603.448276,7685.191083,7623.752969,10170.175439,8012.295082,8489.837746,8469.565217,0.095298,0.003448,-0.030058,-0.011024,0.002921,-0.043698,0.002390
493200,16.1626,3,Thumb_C1_Bend,Thumb,bend,1,0.1626,Thumb cycle 1: BEND Thumb,3222,2847,2853,3083,2876,2921,2924,12548.453608,7756.250000,7810.144928,10357.905138,8021.657096,8459.454855,8489.837746,0.090518,0.012726,-0.006344,0.007231,0.004093,-0.047120,0.004789
493250,16.2170,3,Thumb_C1_Bend,Thumb,bend,1,0.2170,Thumb cycle 1: BEND Thumb,3212,2849,2852,3079,2873,2910,2911,12367.836920,7774.157303,7801.126307,10303.740157,7993.617021,8349.367089,8359.290541,0.074822,0.015064,-0.007492,0.001964,0.000583,-0.059521,-0.010661
493300,16.3622,3,Thumb_C1_Bend,Thumb,bend,1,0.3622,Thumb cycle 1: BEND Thumb,3230,2857,2838,3065,2872,2934,2930,12695.953757,7846.365105,7676.372315,10117.475728,7984.300899,8592.248062,8551.072961,0.103337,0.024492,-0.023364,-0.016149,-0.000583,-0.032162,0.012037
493350,16.3623,3,Thumb_C1_Bend,Thumb,bend,1,0.3623,Thumb cycle 1: BEND Thumb,3245,2851,2864,3074,2876,2927,2927,12980.000000,7792.122186,7910.316816,10236.630754,8021.657096,8520.376712,8520.376712,0.128022,0.017410,0.006400,-0.004562,0.004093,-0.040258,0.008404
493400,16.3623,3,Thumb_C1_Bend,Thumb,bend,1,0.3623,Thumb cycle 1: BEND Thumb,3243,2844,2854,3074,2877,2927,2923,12941.549296,7729.496403,7819.178082,10236.630754,8031.034483,8520.376712,8479.692833,0.124680,0.009233,-0.005195,-0.004562,0.005267,-0.040258,0.003589
493450,16.4058,3,Thumb_C1_Bend,Thumb,bend,1,0.4058,Thumb cycle 1: BEND Thumb,3224,2838,2845,3075,2876,2931,2927,12585.074627,7676.372315,7738.400000,10250.000000,8021.657096,8561.340206,8520.376712,0.093701,0.002297,-0.015472,-0.003262,0.004093,-0.035644,0.008404
493500,16.4716,3,Thumb_C1_Bend,Thumb,bend,1,0.4716,Thumb cycle 1: BEND Thumb,3183,2854,2862,3082,2877,2931,2932,11866.447368,7819.178082,7891.970803,10344.323791,8031.034483,8561.340206,8571.625107,0.031249,0.020943,0.004066,0.005911,0.005267,-0.035644,0.014469
493550,16.6054,3,Thumb_C1_Bend,Thumb,bend,1,0.6054,Thumb cycle 1: BEND Thumb,3256,2849,2863,3080,2874,2924,2920,13194.755662,7774.157303,7901.136364,10317.241379,8002.948403,8489.837746,8449.361702,0.146685,0.015064,0.005232,0.003277,0.001751,-0.043698,-0.000001
493600,16.6055,3,Thumb_C1_Bend,Thumb,bend,1,0.6055,Thumb cycle 1: BEND Thumb,3245,2842,2851,3073,2872,2932,2926,12980.000000,7711.731844,7792.122186,10223.287671,7984.300899,8571.625107,8510.179641,0.128022,0.006913,-0.008637,-0.005859,-0.000583,-0.034485,0.007197
493650,16.6161,3,Thumb_C1_Bend,Thumb,bend,1,0.6161,Thumb cycle 1: BEND Thumb,3267,2844,2842,3082,2876,2937,2928,13415.217391,7729.496403,7711.731844,10344.323791,8021.657096,8623.316062,8530.591260,0.165844,0.009233,-0.018865,0.005911,0.004093,-0.028663,0.009613
493700,16.6932,3,Thumb_C1_Bend,Thumb,bend,1,0.6932,Thumb cycle 1: BEND Thumb,3267,2843,2832,3071,2874,2926,2918,13415.217391,7720.607029,7623.752969,10196.679688,8002.948403,8510.179641,8429.226848,0.165844,0.008072,-0.030058,-0.008447,0.001751,-0.041407,-0.002384
493750,16.7034,3,Thumb_C1_Bend,Thumb,bend,1,0.7034,Thumb cycle 1: BEND Thumb,3233,2835,2826,3068,2867,2934,2928,12751.972158,7650.000000,7571.631206,10156.962025,7937.947883,8592.248062,8530.591260,0.108205,-0.001147,-0.036689,-0.012309,-0.006385,-0.032162,0.009613
493800,16.8577,3,Thumb_C1_Bend,Thumb,bend,1,0.8577,Thumb cycle 1: BEND Thumb,3215,2842,2841,3079,2875,2935,2927,12421.590909,7711.731844,7702.870813,10303.740157,8012.295082,8602.586207,8520.376712,0.079494,0.006913,-0.019992,0.001964,0.002921,-0.030998,0.008404
493850,16.8578,3,Thumb_C1_Bend,Thumb,bend,1,0.8578,Thumb cycle 1: BEND Thumb,3211,2839,2855,3076,2873,2927,2918,12350.000000,7685.191083,7828.225806,10263.395486,7993.617021,8520.376712,8429.226848,0.073272,0.003448,-0.004044,-0.001959,0.000583,-0.040258,-0.002384
493900,16.8680,3,Thumb_C1_Bend,Thumb,bend,1,0.8680,Thumb cycle 1: BEND Thumb,3198,2835,2833,3068,2871,2930,2926,12121.739130,7650.000000,7632.488114,10156.962025,7975.000000,8551.072961,8510.179641,0.053435,-0.001147,-0.028947,-0.012309,-0.001747,-0.036800,0.007197
493950,16.9111,3,Thumb_C1_Bend,Thumb,bend,1,0.9111,Thumb cycle 1: BEND Thumb,3224,2842,2852,3081,2872,2922,2926,12585.074627,7711.731844,7801.126307,10330.769231,7984.300899,8469.565217,8510.179641,0.093701,0.006913,-0.007492,0.004593,-0.000583,-0.045981,0.007197
494000,16.9665,3,Thumb_C1_Bend,Thumb,bend,1,0.9665,Thumb cycle 1: BEND Thumb,3229,2847,2856,3075,2872,2913,2919,12677.367206,7756.250000,7837.288136,10250.000000,7984.300899,8379.187817,8439.285714,0.101722,0.012726,-0.002891,-0.003262,-0.000583,-0.056162,-0.001194
494050,17.1135,3,Thumb_C1_Bend,Thumb,bend,1,1.1135,Thumb cycle 1: BEND Thumb,3227,2861,2852,3065,2873,2924,2925,12640.322581,7882.820097,7801.126307,10117.475728,7993.617021,8489.837746,8500.000000,0.098502,0.029252,-0.007492,-0.016149,0.000583,-0.043698,0.005992
494100,17.1135,3,Thumb_C1_Bend,Thumb,bend,1,1.1135,Thumb cycle 1: BEND Thumb,3264,2892,2850,3072,2879,2958,2936,13354.512635,8173.566085,7783.132530,10209.970674,8049.835526,8845.382586,8612.942192,0.160569,0.067215,-0.009781,-0.007154,0.007620,-0.003649,0.019359
494150,17.1136,3,Thumb_C1_Bend,Thumb,bend,1,1.1136,Thumb cycle 1: BEND Thumb,3421,2937,2836,3087,2878,2952,2938,17257.270030,8623.316062,7658.776807,10412.500000,8040.427280,8781.102362,8633.707865,0.499736,0.125938,-0.025602,0.012540,0.006442,-0.010890,0.021817
494200,17.1678,3,Thumb_C1_Bend,Thumb,bend,1,1.1678,Thumb cycle 1: BEND Thumb,3506,2924,2853,3067,2878,2936,2967,20238.370119,8489.837746,7810.144928,10143.774319,8040.427280,8612.942192,8943.085106,0.758808,0.108510,-0.006344,-0.013591,0.006442,-0.029831,0.058432
494250,17.2331,3,Thumb_C1_Bend,Thumb,bend,1,1.2331,Thumb cycle 1: BEND Thumb,3657,2948,2857,3065,2879,3000,2983,28387.671233,8738.622493,7846.365105,10117.475728,8049.835526,9315.068493,9120.683453,1.467020,0.140993,-0.001736,-0.016149,0.007620,0.049257,0.079451
494300,17.3745,3,Thumb_C1_Bend,Thumb,bend,1,1.3745,Thumb cycle 1: BEND Thumb,3789,2958,2866,3044,2883,2997,3081,42100.000000,8845.382586,7928.722539,9847.383444,8087.623762,9280.327869,10330.769231,2.658684,0.154933,0.008742,-0.042413,0.012350,0.045344,0.222667
494350,17.3746,3,Thumb_C1_Bend,Thumb,bend,1,1.3746,Thumb cycle 1: BEND Thumb,3631,2979,2861,3027,2886,3039,3049,26606.465517,9075.806452,7882.820097,9636.516854,8116.129032,9784.659091,9910.707457,1.312225,0.185019,0.002902,-0.062918,0.015918,0.102152,0.172952
494400,17.3746,3,Thumb_C1_Bend,Thumb,bend,1,1.3746,Thumb cycle 1: BEND Thumb,3503,2994,2886,3035,2895,3052,2953,20118.581081,9245.776567,8116.129032,9734.905660,8202.500000,9948.993289,8791.768827,0.748397,0.207212,0.032585,-0.053351,0.026730,0.120663,0.040524
494450,17.4068,3,Thumb_C1_Bend,Thumb,bend,1,1.4068,Thumb cycle 1: BEND Thumb,3573,3018,2871,3033,2894,3061,2911,23272.413793,9527.576602,7975.000000,9710.169492,8192.839301,10065.183752,8359.290541,1.022480,0.244006,0.014630,-0.055756,0.025520,0.133750,-0.010661
494500,17.4729,3,Thumb_C1_Bend,Thumb,bend,1,1.4729,Thumb cycle 1: BEND Thumb,3626,3028,2869,3025,2889,3089,2897,26286.567164,9648.734770,7956.443719,9612.149533,8144.776119,10439.960239,8221.869783,1.284424,0.259826,0.012269,-0.065288,0.019504,0.175965,-0.026925
494550,17.6207,3,Thumb_C1_Bend,Thumb,bend,1,1.6207,Thumb cycle 1: BEND Thumb,3514,3033,2880,3039,2889,3131,2894,20563.855422,9710.169492,8059.259259,9784.659091,8144.776119,11042.946058,8192.839301,0.787094,0.267847,0.025350,-0.048513,0.019504,0.243886,-0.030361
494600,17.6207,3,Thumb_C1_Bend,Thumb,bend,1,1.6207,Thumb cycle 1: BEND Thumb,3629,3041,2879,3052,2889,3096,2883,26477.682403,9809.677419,8049.835526,9948.993289,8144.776119,10536.936937,8087.623762,1.301033,0.280840,0.024151,-0.032532,0.019504,0.186889,-0.042813
494650,17.6208,3,Thumb_C1_Bend,Thumb,bend,1,1.6208,Thumb cycle 1: BEND Thumb,3629,3021,2895,3045,2898,3093,2894,26477.682403,9563.687151,8202.500000,9860.000000,8231.578947,10495.209581,8192.839301,1.301033,0.248721,0.043574,-0.041186,0.030369,0.182189,-0.030361
494700,17.6642,3,Thumb_C1_Bend,Thumb,bend,1,1.6642,Thumb cycle 1: BEND Thumb,3574,3005,2892,3051,2900,3116,2889,23323.608445,9373.394495,8173.566085,9936.206897,8251.046025,10821.654750,8144.776119,1.026929,0.223875,0.039893,-0.033776,0.032806,0.218960,-0.036049
494750,17.7075,3,Thumb_C1_Bend,Thumb,bend,1,1.7075,Thumb cycle 1: BEND Thumb,3594,2984,2885,3050,2891,3128,2882,24390.419162,9131.953195,8106.611570,9923.444976,8163.953488,10998.138573,8078.153339,1.119640,0.192350,0.031374,-0.035017,0.021905,0.238839,-0.043934
494800,17.8804,3,Thumb_C1_Bend,Thumb,bend,1,1.8804,Thumb cycle 1: BEND Thumb,3478,2981,2861,3043,2901,3150,2893,19165.640194,9098.204668,7882.820097,9834.790875,8260.804020,11333.333333,8183.194676,0.665582,0.187944,0.002902,-0.043638,0.034028,0.276596,-0.031502
494850,17.8805,3,Thumb_C1_Bend,Thumb,bend,1,1.8805,Thumb cycle 1: BEND Thumb,3474,2992,2868,3056,2901,3153,2893,19020.289855,9222.846782,7947.188264,10000.384986,8260.804020,11380.254777,8183.194676,0.652951,0.204218,0.011091,-0.027535,0.034028,0.281881,-0.031502
494900,17.8805,3,Thumb_C1_Bend,Thumb,bend,1,1.8805,Thumb cycle 1: BEND Thumb,3513,2979,2878,3064,2890,3113,2885,20522.680412,9075.806452,8040.427280,10104.364694,8154.356846,10778.207739,8106.611570,0.783516,0.185019,0.022954,-0.017424,0.020703,0.214066,-0.040566
494950,17.9138,3,Thumb_C1_Bend,Thumb,bend,1,1.9138,Thumb cycle 1: BEND Thumb,3427,2965,2862,3053,2893,3143,2889,17442.814371,8921.238938,7891.970803,9961.804223,8183.194676,11225.000000,8144.776119,0.515861,0.164838,0.004066,-0.031287,0.024313,0.264393,-0.036049
495000,17.9689,3,Thumb_C1_Bend,Thumb,bend,1,1.9689,Thumb cycle 1: BEND Thumb,3434,2979,2886,3055,2901,3123,2897,17663.540091,9075.806452,8116.129032,9987.500000,8260.804020,10924.074074,8221.869783,0.535043,0.185019,0.032585,-0.028788,0.034028,0.230496,-0.026925
495050,18.1371,4,Thumb_C2_Open,Thumb,open,2,0.1371,Thumb cycle 2: OPEN,3443,2966,2895,3056,2896,3097,2883,17954.294479,8932.152347,8202.500000,10000.384986,8212.176814,10550.901804,8087.623762,0.560311,0.166263,0.043574,-0.027535,0.027941,0.188462,-0.042813
495100,18.1374,4,Thumb_C2_Open,Thumb,open,2,0.1374,Thumb cycle 2: OPEN,3415,2943,2878,3056,2899,3118,2891,17075.000000,8685.937500,8040.427280,10000.384986,8241.304348,10850.767656,8163.953488,0.483896,0.134114,0.022954,-0.027535,0.031587,0.222239,-0.033780
495150,18.1374,4,Thumb_C2_Open,Thumb,open,2,0.1374,Thumb cycle 2: OPEN,3520,2943,2879,3059,2902,3121,2888,20813.913043,8685.937500,8049.835526,10039.189189,8270.578374,10894.661191,8135.211268,0.808825,0.134114,0.024151,-0.023761,0.035251,0.227183,-0.037181
495200,18.1796,4,Thumb_C2_Open,Thumb,open,2,0.1796,Thumb cycle 2: OPEN,3447,2975,2880,3057,2895,3109,2879,18086.111111,9031.250000,8059.259259,10013.294798,8202.500000,10720.689655,8049.835526,0.571766,0.179202,0.025350,-0.026280,0.026730,0.207587,-0.047286
495250,18.2130,4,Thumb_C2_Open,Thumb,open,2,0.2130,Thumb cycle 2: OPEN,3508,2972,2884,3050,2896,3112,2892,20318.909710,8998.040962,8097.109827,9923.444976,8212.176814,10763.784334,8173.566085,0.765807,0.174866,0.030165,-0.035017,0.027941,0.212441,-0.032642
495300,18.3883,4,Thumb_C2_Open,Thumb,open,2,0.3883,Thumb cycle 2: OPEN,3418,2978,2879,3058,2899,3120,2891,17165.731167,9064.637422,8049.835526,10026.229508,8241.304348,10880.000000,8163.953488,0.491781,0.183561,0.024151,-0.025022,0.031587,0.225532,-0.033780
495350,18.3884,4,Thumb_C2_Open,Thumb,open,2,0.3884,Thumb cycle 2: OPEN,3442,2963,2882,3063,2900,3107,2878,17921.592649,8899.469965,8078.153339,10091.279070,8251.046025,10692.105263,8040.427280,0.557469,0.161995,0.027754,-0.018696,0.032806,0.204367,-0.048399
495400,18.3884,4,Thumb_C2_Open,Thumb,open,2,0.3884,Thumb cycle 2: OPEN,3434,2969,2892,3065,2910,3106,2892,17663.540091,8965.008881,8173.566085,10117.475728,8349.367089,10677.856421,8173.566085,0.535043,0.170553,0.039893,-0.016149,0.045113,0.202762,-0.032642
495450,18.4196,4,Thumb_C2_Open,Thumb,open,2,0.4196,Thumb cycle 2: OPEN,3422,2963,2878,3072,2910,3087,2892,17287.964339,8899.469965,8040.427280,10209.970674,8349.367089,10412.500000,8173.566085,0.502404,0.161995,0.022954,-0.007154,0.045113,0.172872,-0.032642
495500,18.4638,4,Thumb_C2_Open,Thumb,open,2,0.4638,Thumb cycle 2: OPEN,3432,2963,2894,3087,2901,3069,2878,17600.000000,8899.469965,8192.839301,10412.500000,8260.804020,10170.175439,8040.427280,0.529521,0.161995,0.042345,0.012540,0.034028,0.145577,-0.048399
495550,18.6269,4,Thumb_C2_Open,Thumb,open,2,0.6269,Thumb cycle 2: OPEN,3393,2937,2889,3096,2906,3075,2883,16433.333333,8623.316062,8144.776119,10536.936937,8309.840202,10250.000000,8087.623762,0.428132,0.125938,0.036230,0.024641,0.040166,0.154568,-0.042813
495600,18.6269,4,Thumb_C2_Open,Thumb,open,2,0.6269,Thumb cycle 2: OPEN,3367,2960,2912,3108,2908,3070,2880,15725.000000,8866.960352,8369.230769,10706.382979,8329.570345,10183.414634,8059.259259,0.366575,0.157750,0.064786,0.041118,0.042635,0.147068,-0.046170
495650,18.6270,4,Thumb_C2_Open,Thumb,open,2,0.6270,Thumb cycle 2: OPEN,3384,2966,2925,3109,2908,3054,2866,16182.278481,8932.152347,8500.000000,10720.689655,8329.570345,9974.639769,7928.722539,0.406315,0.166263,0.081424,0.042510,0.042635,0.123551,-0.061620
495700,18.6600,4,Thumb_C2_Open,Thumb,open,2,0.6600,Thumb cycle 2: OPEN,3396,2956,2883,3089,2912,3065,2877,16518.454936,8823.880597,8087.623762,10439.960239,8369.230769,10117.475728,8031.034483,0.435530,0.152126,0.028958,0.015211,0.047600,0.139641,-0.049511
495750,18.7140,4,Thumb_C2_Open,Thumb,open,2,0.7140,Thumb cycle 2: OPEN,3361,2952,2895,3101,2913,3058,2874,15568.664850,8781.102362,8202.500000,10607.042254,8379.187817,10026.229508,8002.948403,0.352989,0.146540,0.043574,0.031458,0.048846,0.129363,-0.052835
495800,18.8745,4,Thumb_C2_Open,Thumb,open,2,0.8745,Thumb cycle 2: OPEN,3444,2946,2883,3103,2904,3064,2865,17987.096774,8717.493473,8087.623762,10635.282258,8290.176322,10104.364694,7919.512195,0.563162,0.138235,0.028958,0.034204,0.037704,0.138164,-0.062710
495850,18.8746,4,Thumb_C2_Open,Thumb,open,2,0.8746,Thumb cycle 2: OPEN,3430,2956,2871,3088,2906,3068,2878,17536.842105,8823.880597,7975.000000,10426.216485,8309.840202,10156.962025,8040.427280,0.524032,0.152126,0.014630,0.013874,0.040166,0.144088,-0.048399
495900,18.8746,4,Thumb_C2_Open,Thumb,open,2,0.8746,Thumb cycle 2: OPEN,3427,2946,2878,3095,2910,3051,2880,17442.814371,8717.493473,8040.427280,10523.000000,8349.367089,9936.206897,8059.259259,0.515861,0.138235,0.022954,0.023286,0.045113,0.119222,-0.046170
495950,18.9169,4,Thumb_C2_Open,Thumb,open,2,0.9169,Thumb cycle 2: OPEN,3408,2946,2879,3093,2903,3046,2865,16866.375546,8717.493473,8049.835526,10495.209581,8280.369128,9872.640610,7919.512195,0.465766,0.138235,0.024151,0.020583,0.036477,0.112062,-0.062710
496000,18.9611,4,Thumb_C2_Open,Thumb,open,2,0.9611,Thumb cycle 2: OPEN,3444,2931,2865,3087,2903,3053,2874,17987.096774,8561.340206,7919.512195,10412.500000,8280.369128,9961.804223,8002.948403,0.563162,0.117846,0.007570,0.012540,0.036477,0.122106,-0.052835
496050,19.1388,4,Thumb_C2_Open,Thumb,open,2,1.1388,Thumb cycle 2: OPEN,3375,2946,2885,3094,2906,3072,2871,15937.500000,8717.493473,8106.611570,10509.090909,8309.840202,10209.970674,7975.000000,0.385042,0.138235,0.031374,0.021933,0.040166,0.150059,-0.056143
496100,19.1388,4,Thumb_C2_Open,Thumb,open,2,1.1388,Thumb cycle 2: OPEN,3403,2948,2876,3102,2904,3068,2863,16719.942197,8738.622493,8021.657096,10621.148036,8290.176322,10156.962025,7901.136364,0.453040,0.140993,0.020566,0.032830,0.037704,0.144088,-0.064885
496150,19.1388,4,Thumb_C2_Open,Thumb,open,2,1.1388,Thumb cycle 2: OPEN,3437,2933,2890,3098,2906,3081,2877,17759.574468,8581.927711,8154.356846,10564.894684,8309.840202,10330.769231,8031.034483,0.543389,0.120534,0.037449,0.027360,0.040166,0.163666,-0.049511
496200,19.1714,4,Thumb_C2_Open,Thumb,open,2,1.1714,Thumb cycle 2: OPEN,3396,2931,2870,3108,2911,3148,2924,16518.454936,8561.340206,7965.714286,10706.382979,8359.290541,11302.217529,8489.837746,0.435530,0.117846,0.013448,0.041118,0.046355,0.273091,0.004789
496250,19.2364,4,Thumb_C2_Open,Thumb,open,2,1.2364,Thumb cycle 2: OPEN,3640,2987,2867,3115,2902,3165,3483,27200.000000,9165.884477,7937.947883,10807.142857,8270.578374,11570.967742,19350.000000,1.363805,0.196781,0.009916,0.050916,0.035251,0.303363,1.290111
496300,19.3929,4,Thumb_C2_Open,Thumb,open,2,1.3929,Thumb cycle 2: OPEN,3510,2935,2890,3130,2900,3116,3542,20400.000000,8602.586207,8154.356846,11027.979275,8251.046025,10821.654750,21777.215190,0.772854,0.123231,0.037449,0.072391,0.032806,0.218960,1.577377
496350,19.3929,4,Thumb_C2_Open,Thumb,open,2,1.3929,Thumb cycle 2: OPEN,3597,2981,2896,3099,2897,3211,3452,24557.831325,9098.204668,8212.176814,10578.915663,8221.869783,12350.000000,18253.188180,1.134189,0.187944,0.044805,0.028723,0.029154,0.391114,1.160302
496400,19.3929,4,Thumb_C2_Open,Thumb,open,2,1.3929,Thumb cycle 2: OPEN,3565,2985,2886,3075,2888,3193,3461,22869.811321,9143.243243,8116.129032,10250.000000,8135.211268,12035.698448,18560.567823,0.987492,0.193824,0.032585,-0.003262,0.018307,0.355711,1.196681
496450,19.4032,4,Thumb_C2_Open,Thumb,open,2,1.4032,Thumb cycle 2: OPEN,3473,3005,2889,3095,2895,3245,3398,18984.244373,9373.394495,8144.776119,10523.000000,8202.500000,12980.000000,16575.609756,0.649818,0.223875,0.036230,0.023286,0.026730,0.462078,0.961757
496500,19.4683,4,Thumb_C2_Open,Thumb,open,2,1.4683,Thumb cycle 2: OPEN,3430,3017,2896,3148,2893,3180,3314,17536.842105,9515.584416,8212.176814,11302.217529,8183.194676,11816.393443,14427.144686,0.524032,0.242441,0.044805,0.099059,0.024313,0.331008,0.707482
496550,19.5119,4,Thumb_C2_Open,Thumb,open,2,1.5119,Thumb cycle 2: OPEN,3542,2974,2881,3138,2891,3258,3339,21777.215190,9020.160571,8068.698517,11148.589342,8163.953488,13234.408602,15016.666667,0.892540,0.177754,0.026551,0.084120,0.021905,0.490734,0.777253
496600,19.6442,4,Thumb_C2_Open,Thumb,open,2,1.6442,Thumb cycle 2: OPEN,3524,2992,2863,3148,2895,3281,3329,20983.537653,9222.846782,7901.136364,11302.217529,8202.500000,13704.422604,14776.240209,0.823566,0.204218,0.005232,0.099059,0.026730,0.543677,0.748798
496650,19.6442,4,Thumb_C2_Open,Thumb,open,2,1.6442,Thumb cycle 2: OPEN,3379,3034,2871,3144,2895,3254,3311,16045.530726,9722.525919,7975.000000,11240.378549,8202.500000,13155.291320,14358.928571,0.394431,0.269461,0.014630,0.093045,0.026730,0.481823,0.699408
496700,19.6663,4,Thumb_C2_Open,Thumb,open,2,1.6663,Thumb cycle 2: OPEN,3377,2990,2871,3167,2886,3287,3289,15991.364903,9200.000000,7975.000000,11603.232759,8116.129032,13831.435644,13874.193548,0.389723,0.201235,0.014630,0.128330,0.015918,0.557984,0.642039
496750,19.7105,4,Thumb_C2_Open,Thumb,open,2,1.7105,Thumb cycle 2: OPEN,3362,2983,2851,3131,2889,3247,3315,15594.542974,9120.683453,7792.122186,11042.946058,8144.776119,13018.632075,14450.000000,0.355238,0.190879,-0.008637,0.073847,0.019504,0.466429,0.710187
496800,19.7648,4,Thumb_C2_Open,Thumb,open,2,1.7648,Thumb cycle 2: OPEN,3327,2981,2868,3140,2893,3236,3259,14728.906250,9098.204668,7947.188264,11179.057592,8183.194676,12808.381839,13254.306220,0.280010,0.187944,0.011091,0.087082,0.024313,0.442746,0.568674
496850,19.8999,4,Thumb_C2_Open,Thumb,open,2,1.8999,Thumb cycle 2: OPEN,3348,2960,2856,3136,2889,3190,3212,15238.554217,8866.960352,7837.288136,11118.248175,8144.776119,11984.530387,12367.836920,0.324301,0.157750,-0.002891,0.081169,0.019504,0.349947,0.463758
496900,19.8999,4,Thumb_C2_Open,Thumb,open,2,1.8999,Thumb cycle 2: OPEN,3323,2947,2845,3121,2882,3197,3236,14634.974093,8728.048780,7738.400000,10894.661191,8078.153339,12104.454343,12808.381839,0.271847,0.139613,-0.015472,0.059427,0.011165,0.363455,0.515898
496950,19.9325,4,Thumb_C2_Open,Thumb,open,2,1.9325,Thumb cycle 2: OPEN,3326,2936,2862,3117,2887,3169,3245,14705.331599,8612.942192,7891.970803,10836.196319,8125.662252,11635.637149,12980.000000,0.277961,0.124584,0.004066,0.053742,0.017112,0.310647,0.536209
497000,19.9641,4,Thumb_C2_Open,Thumb,open,2,1.9641,Thumb cycle 2: OPEN,3321,2930,2872,3110,2884,3168,3219,14588.372093,8551.072961,7984.300899,10735.025381,8097.109827,11619.417476,12493.835616,0.267797,0.116505,0.015813,0.043904,0.013538,0.308820,0.478671
497050,20.0157,5,Thumb_C2_Bend,Thumb,bend,2,0.0157,Thumb cycle 2: BEND Thumb,3328,2936,2853,3108,2882,3188,3222,14752.542373,8612.942192,7810.144928,10706.382979,8078.153339,11950.606395,12548.453608,0.282064,0.124584,-0.006344,0.041118,0.011165,0.346126,0.485135
497100,20.1686,5,Thumb_C2_Bend,Thumb,bend,2,0.1686,Thumb cycle 2: BEND Thumb,3304,2931,2863,3121,2883,3172,3217,14201.769912,8561.340206,7901.136364,10894.661191,8087.623762,11684.507042,12457.630979,0.234199,0.117846,0.005232,0.059427,0.012350,0.316152,0.474386
497150,20.1687,5,Thumb_C2_Bend,Thumb,bend,2,0.1687,Thumb cycle 2: BEND Thumb,3286,2941,2868,3120,2876,3150,3194,13810.135970,8664.991334,7947.188264,10880.000000,8021.657096,11333.333333,12052.830189,0.200164,0.131380,0.011091,0.058001,0.004093,0.276596,0.426477
497200,20.1907,5,Thumb_C2_Bend,Thumb,bend,2,0.1907,Thumb cycle 2: BEND Thumb,3327,2928,2849,3112,2879,3138,3211,14728.906250,8530.591260,7774.157303,10763.784334,8049.835526,11148.589342,12350.000000,0.280010,0.113831,-0.010923,0.046700,0.007620,0.255786,0.461647
497250,20.2225,5,Thumb_C2_Bend,Thumb,bend,2,0.2225,Thumb cycle 2: BEND Thumb,3340,2933,2847,3118,2885,3125,3218,15041.059603,8581.927711,7756.250000,10850.767656,8106.611570,10953.608247,12475.712657,0.307137,0.120534,-0.013201,0.055159,0.014727,0.233823,0.476526
497300,20.2669,5,Thumb_C2_Bend,Thumb,bend,2,0.2669,Thumb cycle 2: BEND Thumb,3377,2939,2848,3112,2883,3110,3216,15991.364903,8644.117647,7765.196472,10763.784334,8087.623762,10735.025381,12439.590444,0.389723,0.128654,-0.012063,0.046700,0.012350,0.209202,0.472251
497350,20.4099,5,Thumb_C2_Bend,Thumb,bend,2,0.4099,Thumb cycle 2: BEND Thumb,3322,2929,2833,3098,2882,3104,3214,14611.642950,8540.823328,7632.488114,10564.894684,8078.153339,10649.445005,12403.632236,0.269819,0.115167,-0.028947,0.027360,0.011165,0.199562,0.467995
497400,20.4099,5,Thumb_C2_Bend,Thumb,bend,2,0.4099,Thumb cycle 2: BEND Thumb,3307,2956,2860,3094,2886,3103,3218,14268.781726,8823.880597,7873.684211,10509.090909,8116.129032,10635.282258,12475.712657,0.240023,0.152126,0.001740,0.021933,0.015918,0.197967,0.476526
497450,20.4319,5,Thumb_C2_Bend,Thumb,bend,2,0.4319,Thumb cycle 2: BEND Thumb,3329,2952,2863,3091,2883,3070,3186,14776.240209,8781.102362,7901.136364,10467.529880,8087.623762,10183.414634,11916.831683,0.284123,0.146540,0.005232,0.017892,0.012350,0.147068,0.410381
497500,20.4748,5,Thumb_C2_Bend,Thumb,bend,2,0.4748,Thumb cycle 2: BEND Thumb,3336,2951,2843,3085,2889,3095,3178,14943.873518,8770.454545,7720.607029,10385.148515,8144.776119,10523.000000,11783.206107,0.298692,0.145150,-0.017736,0.009881,0.019504,0.185319,0.394566
497550,20.5294,5,Thumb_C2_Bend,Thumb,bend,2,0.5294,Thumb cycle 2: BEND Thumb,3293,2959,2859,3088,2887,3083,3166,13960.349127,8856.161972,7864.563107,10426.216485,8125.662252,10357.905138,11587.082885,0.213219,0.156341,0.000579,0.013874,0.017112,0.166723,0.371355
497600,20.6621,5,Thumb_C2_Bend,Thumb,bend,2,0.6621,Thumb cycle 2: BEND Thumb,3286,2943,2856,3087,2884,3105,3130,13810.135970,8685.937500,7837.288136,10412.500000,8097.109827,10663.636364,11027.979275,0.200164,0.134114,-0.002891,0.012540,0.013538,0.201161,0.305184
497650,20.6622,5,Thumb_C2_Bend,Thumb,bend,2,0.6622,Thumb cycle 2: BEND Thumb,3312,2933,2841,3076,2885,3099,3139,14381.609195,8581.927711,7702.870813,10263.395486,8106.611570,10578.915663,11163.807531,0.249828,0.120534,-0.019992,-0.001959,0.014727,0.191618,0.321259
497700,20.6622,5,Thumb_C2_Bend,Thumb,bend,2,0.6622,Thumb cycle 2: BEND Thumb,3294,2942,2861,3073,2892,3097,3142,13982.022472,8675.455334,7882.820097,10223.287671,8173.566085,10550.901804,11209.653725,0.215102,0.132746,0.002902,-0.005859,0.023108,0.188462,0.326685
497750,20.7272,5,Thumb_C2_Bend,Thumb,bend,2,0.7272,Thumb cycle 2: BEND Thumb,3322,2939,2841,3071,2888,3070,3118,14611.642950,8644.117647,7702.870813,10196.679688,8135.211268,10183.414634,10850.767656,0.269819,0.128654,-0.019992,-0.008447,0.018307,0.147068,0.284210
497800,20.7605,5,Thumb_C2_Bend,Thumb,bend,2,0.7605,Thumb cycle 2: BEND Thumb,3281,2915,2834,3071,2887,3093,3132,13704.422604,8399.152542,7641.237113,10196.679688,8125.662252,10495.209581,11057.943925,0.190978,0.096669,-0.027834,-0.008447,0.017112,0.182189,0.308730
497850,20.9196,5,Thumb_C2_Bend,Thumb,bend,2,0.9196,Thumb cycle 2: BEND Thumb,3310,2928,2846,3078,2892,3097,3119,14336.305732,8530.591260,7747.317854,10290.265487,8173.566085,10550.901804,10865.368852,0.245891,0.113831,-0.014337,0.000654,0.023108,0.188462,0.285938
497900,20.9197,5,Thumb_C2_Bend,Thumb,bend,2,0.9197,Thumb cycle 2: BEND Thumb,3374,2937,2817,3076,2888,3048,3132,15910.679612,8623.316062,7494.366197,10263.395486,8135.211268,9897.994269,11057.943925,0.382711,0.125938,-0.046519,-0.001959,0.018307,0.114918,0.308730
497950,20.9197,5,Thumb_C2_Bend,Thumb,bend,2,0.9197,Thumb cycle 2: BEND Thumb,3362,2955,2830,3064,2888,3142,3117,15594.542974,8813.157895,7606.324111,10104.364694,8135.211268,11209.653725,10836.196319,0.355238,0.150726,-0.032276,-0.017424,0.018307,0.262664,0.282486
498000,20.9628,5,Thumb_C2_Bend,Thumb,bend,2,0.9628,Thumb cycle 2: BEND Thumb,3413,2953,2863,3079,2892,3172,3093,17014.956012,8791.768827,7901.136364,10303.740157,8173.566085,11684.507042,10495.209581,0.478678,0.147933,0.005232,0.001964,0.023108,0.316152,0.242129
498050,21.0173,5,Thumb_C2_Bend,Thumb,bend,2,1.0173,Thumb cycle 2: BEND Thumb,3372,2947,2860,3087,2895,3169,3092,15857.261411,8728.048780,7873.684211,10412.500000,8202.500000,11635.637149,10481.355932,0.378069,0.139613,0.001740,0.012540,0.026730,0.310647,0.240490
498100,21.1570,5,Thumb_C2_Bend,Thumb,bend,2,1.1570,Thumb cycle 2: BEND Thumb,3409,2976,2836,3071,2888,3149,3198,16895.918367,9042.359249,7658.776807,10196.679688,8135.211268,11317.758985,12121.739130,0.468333,0.180652,-0.025602,-0.008447,0.018307,0.274841,0.434632
498150,21.1571,5,Thumb_C2_Bend,Thumb,bend,2,1.1571,Thumb cycle 2: BEND Thumb,3594,2981,2847,3086,2900,3144,3203,24390.419162,9098.204668,7756.250000,10398.810704,8251.046025,11240.378549,12208.744395,1.119640,0.187944,-0.013201,0.011209,0.032806,0.266125,0.444930
498200,21.1791,5,Thumb_C2_Bend,Thumb,bend,2,1.1791,Thumb cycle 2: BEND Thumb,3493,2974,2830,3085,2896,3112,2995,19727.906977,9020.160571,7606.324111,10385.148515,8212.176814,10763.784334,9257.272727,0.714446,0.177754,-0.032276,0.009881,0.027941,0.212441,0.095617
498250,21.2220,5,Thumb_C2_Bend,Thumb,bend,2,1.2220,Thumb cycle 2: BEND Thumb,3462,2958,2829,3073,2895,3131,2958,18595.260664,8845.382586,7597.630332,10223.287671,8202.500000,11042.946058,8845.382586,0.616014,0.154933,-0.033382,-0.005859,0.026730,0.243886,0.046869
498300,21.2658,5,Thumb_C2_Bend,Thumb,bend,2,1.2658,Thumb cycle 2: BEND Thumb,3528,2961,2861,3083,2899,3135,2922,21155.555556,8877.777778,7882.820097,10357.905138,8241.304348,11103.125000,8469.565217,0.838515,0.159163,0.002902,0.007231,0.031587,0.250665,0.002390
498350,21.4161,5,Thumb_C2_Bend,Thumb,bend,2,1.4161,Thumb cycle 2: BEND Thumb,3513,2962,2861,3090,2896,3117,2905,20522.680412,8888.614298,7882.820097,10453.731343,8212.176814,10836.196319,8300.000000,0.783516,0.160578,0.002902,0.016550,0.027941,0.220598,-0.017678
498400,21.4162,5,Thumb_C2_Bend,Thumb,bend,2,1.4162,Thumb cycle 2: BEND Thumb,3553,2933,2839,3075,2891,3128,2910,22288.191882,8581.927711,7685.191083,10250.000000,8163.953488,10998.138573,8349.367089,0.936947,0.120534,-0.022242,-0.003262,0.021905,0.238839,-0.011836
498450,21.4162,5,Thumb_C2_Bend,Thumb,bend,2,1.4162,Thumb cycle 2: BEND Thumb,3395,2939,2845,3089,2899,3100,2902,16490.000000,8644.117647,7738.400000,10439.960239,8241.304348,10592.964824,8270.578374,0.433057,0.128654,-0.015472,0.015211,0.031587,0.193200,-0.021160
498500,21.4914,5,Thumb_C2_Bend,Thumb,bend,2,1.4914,Thumb cycle 2: BEND Thumb,3375,2961,2861,3087,2902,3088,2895,15937.500000,8877.777778,7882.820097,10412.500000,8270.578374,10426.216485,8202.500000,0.385042,0.159163,0.002902,0.012540,0.035251,0.174417,-0.029218
498550,21.5016,5,Thumb_C2_Bend,Thumb,bend,2,1.5016,Thumb cycle 2: BEND Thumb,3368,2940,2828,3074,2895,3081,2895,15751.306740,8654.545455,7588.950276,10236.630754,8202.500000,10330.769231,8202.500000,0.368861,0.130016,-0.034486,-0.004562,0.026730,0.163666,-0.029218
498600,21.7065,5,Thumb_C2_Bend,Thumb,bend,2,1.7065,Thumb cycle 2: BEND Thumb,3349,2950,2853,3086,2899,3096,2905,15263.538874,8759.825328,7810.144928,10398.810704,8241.304348,10536.936937,8300.000000,0.326472,0.143762,-0.006344,0.011209,0.031587,0.186889,-0.017678
498650,21.7065,5,Thumb_C2_Bend,Thumb,bend,2,1.7065,Thumb cycle 2: BEND Thumb,3329,2955,2848,3088,2885,3057,2888,14776.240209,8813.157895,7765.196472,10426.216485,8106.611570,10013.294798,8135.211268,0.284123,0.150726,-0.012063,0.013874,0.014727,0.127906,-0.037181
498700,21.7066,5,Thumb_C2_Bend,Thumb,bend,2,1.7066,Thumb cycle 2: BEND Thumb,3291,2946,2845,3087,2891,3058,2892,13917.164179,8717.493473,7738.400000,10412.500000,8163.953488,10026.229508,8173.566085,0.209466,0.138235,-0.015472,0.012540,0.021905,0.129363,-0.032642
498750,21.7171,5,Thumb_C2_Bend,Thumb,bend,2,1.7171,Thumb cycle 2: BEND Thumb,3319,2948,2849,3095,2893,3058,2895,14542.010309,8738.622493,7774.157303,10523.000000,8183.194676,10026.229508,8202.500000,0.263768,0.140993,-0.010923,0.023286,0.024313,0.129363,-0.029218
498800,21.7607,5,Thumb_C2_Bend,Thumb,bend,2,1.7607,Thumb cycle 2: BEND Thumb,3312,2944,2865,3100,2890,3040,2887,14381.609195,8696.437880,7919.512195,10592.964824,8154.356846,9797.156398,8125.662252,0.249828,0.135485,0.007570,0.030089,0.020703,0.103560,-0.038311
498850,21.8030,5,Thumb_C2_Bend,Thumb,bend,2,1.8030,Thumb cycle 2: BEND Thumb,3275,2944,2847,3102,2894,3059,2894,13579.268293,8696.437880,7756.250000,10621.148036,8192.839301,10039.189189,8192.839301,0.180101,0.135485,-0.013201,0.032830,0.025520,0.130822,-0.030361
498900,21.9469,5,Thumb_C2_Bend,Thumb,bend,2,1.9469,Thumb cycle 2: BEND Thumb,3262,2934,2861,3112,2892,3046,2890,13314.285714,8592.248062,7882.820097,10763.784334,8173.566085,9872.640610,8154.356846,0.157073,0.121882,0.002902,0.046700,0.023108,0.112062,-0.034915
498950,21.9470,5,Thumb_C2_Bend,Thumb,bend,2,1.9470,Thumb cycle 2: BEND Thumb,3270,2930,2859,3114,2890,3041,2883,13476.363636,8551.072961,7864.563107,10792.660550,8154.356846,9809.677419,8087.623762,0.171158,0.116505,0.000579,0.049508,0.020703,0.104970,-0.042813
499000,21.9577,5,Thumb_C2_Bend,Thumb,bend,2,1.9577,Thumb cycle 2: BEND Thumb,3294,2920,2864,3105,2891,3043,2885,13982.022472,8449.361702,7910.316816,10663.636364,8163.953488,9834.790875,8106.611570,0.215102,0.103225,0.006400,0.036961,0.021905,0.107799,-0.040566
499050,22.0207,6,Thumb_C3_Open,Thumb,open,3,0.0207,Thumb cycle 3: OPEN,3262,2924,2851,3123,2896,3029,2885,13314.285714,8489.837746,7792.122186,10924.074074,8212.176814,9660.975610,8106.611570,0.157073,0.108510,-0.008637,0.062287,0.027941,0.088220,-0.040566
499100,22.2132,6,Thumb_C3_Open,Thumb,open,3,0.2132,Thumb cycle 3: OPEN,3252,2928,2828,3126,2895,3020,2874,13116.014235,8530.591260,7588.950276,10968.421053,8202.500000,9551.627907,8002.948403,0.139842,0.113831,-0.034486,0.066600,0.026730,0.075903,-0.052835
499150,22.2133,6,Thumb_C3_Open,Thumb,open,3,0.2133,Thumb cycle 3: OPEN,3299,2910,2861,3113,2891,3031,2885,14091.206030,8349.367089,7882.820097,10778.207739,8163.953488,9685.526316,8106.611570,0.224591,0.090169,0.002902,0.048103,0.021905,0.090985,-0.040566
499200,22.2133,6,Thumb_C3_Open,Thumb,open,3,0.2133,Thumb cycle 3: OPEN,3238,2909,2882,3126,2893,3024,2887,12846.207701,8339.460371,8078.153339,10968.421053,8183.194676,9600.000000,8125.662252,0.116395,0.088875,0.027754,0.066600,0.024313,0.081352,-0.038311
499250,22.2133,6,Thumb_C3_Open,Thumb,open,3,0.2133,Thumb cycle 3: OPEN,3263,2911,2863,3121,2893,3026,2879,13334.375000,8359.290541,7901.136364,10894.661191,8183.194676,9624.321796,8049.835526,0.158819,0.091464,0.005232,0.059427,0.024313,0.084091,-0.047286
499300,22.2899,6,Thumb_C3_Open,Thumb,open,3,0.2899,Thumb cycle 3: OPEN,3235,2905,2833,3119,2893,3023,2893,12789.534884,8300.000000,7632.488114,10865.368852,8183.194676,9587.873134,8183.194676,0.111470,0.083723,-0.028947,0.056579,0.024313,0.079986,-0.031502
499350,22.3114,6,Thumb_C3_Open,Thumb,open,3,0.3114,Thumb cycle 3: OPEN,3239,2908,2864,3127,2892,3013,2883,12865.186916,8329.570345,7910.316816,10983.264463,8173.566085,9467.837338,8087.623762,0.118044,0.087584,0.006400,0.068043,0.023108,0.066465,-0.042813
499400,22.4564,6,Thumb_C3_Open,Thumb,open,3,0.4564,Thumb cycle 3: OPEN,3316,2907,2864,3124,2886,3020,2872,14472.913992,8319.696970,7910.316816,10938.825953,8116.129032,9551.627907,7984.300899,0.257763,0.086295,0.006400,0.063722,0.015918,0.075903,-0.055042
499450,22.4565,6,Thumb_C3_Open,Thumb,open,3,0.4565,Thumb cycle 3: OPEN,3306,2893,2843,3117,2885,3026,2882,14246.387833,8183.194676,7720.607029,10836.196319,8106.611570,9624.321796,8078.153339,0.238077,0.068472,-0.017736,0.053742,0.014727,0.084091,-0.043934
499500,22.4673,6,Thumb_C3_Open,Thumb,open,3,0.4673,Thumb cycle 3: OPEN,3266,2902,2844,3119,2890,3022,2882,13394.933655,8270.578374,7729.496403,10865.368852,8154.356846,9575.768872,8078.153339,0.164081,0.079881,-0.016605,0.056579,0.020703,0.078622,-0.043934
499550,22.5331,6,Thumb_C3_Open,Thumb,open,3,0.5331,Thumb cycle 3: OPEN,3261,2894,2843,3120,2889,3009,2873,13294.244604,8192.839301,7720.607029,10880.000000,8144.776119,9420.441989,7993.617021,0.155331,0.069731,-0.017736,0.058001,0.019504,0.061126,-0.053939
499600,22.5767,6,Thumb_C3_Open,Thumb,open,3,0.5767,Thumb cycle 3: OPEN,3222,2890,2835,3116,2885,3010,2879,12548.453608,8154.356846,7650.000000,10821.654750,8106.611570,9432.258065,8049.835526,0.090518,0.064706,-0.026719,0.052328,0.014727,0.062457,-0.047286
499650,22.7095,6,Thumb_C3_Open,Thumb,open,3,0.7095,Thumb cycle 3: OPEN,3200,2899,2832,3120,2886,3012,2882,12156.424581,8241.304348,7623.752969,10880.000000,8116.129032,9455.955679,8078.153339,0.056449,0.076059,-0.030058,0.058001,0.015918,0.065126,-0.043934
499700,22.7096,6,Thumb_C3_Open,Thumb,open,3,0.7096,Thumb cycle 3: OPEN,3255,2903,2861,3122,2883,3003,2875,13175.000000,8280.369128,7882.820097,10909.352518,8087.623762,9350.000000,8012.295082,0.144968,0.081160,0.002902,0.060856,0.012350,0.053191,-0.051729
499750,22.7418,6,Thumb_C3_Open,Thumb,open,3,0.7418,Thumb cycle 3: OPEN,3276,2895,2856,3118,2889,3018,2883,13600.000000,8202.500000,7837.288136,10850.767656,8144.776119,9527.576602,8087.623762,0.181903,0.070993,-0.002891,0.055159,0.019504,0.073194,-0.042813
499800,22.7627,6,Thumb_C3_Open,Thumb,open,3,0.7627,Thumb cycle 3: OPEN,3278,2894,2847,3120,2891,3020,2880,13641.615667,8192.839301,7756.250000,10880.000000,8163.953488,9551.627907,8059.259259,0.185519,0.069731,-0.013201,0.058001,0.021905,0.075903,-0.046170
499850,22.8278,6,Thumb_C3_Open,Thumb,open,3,0.8278,Thumb cycle 3: OPEN,3293,2908,2876,3120,2894,3015,2868,13960.349127,8329.570345,8021.657096,10880.000000,8192.839301,9491.666667,7947.188264,0.213219,0.087584,0.020566,0.058001,0.025520,0.069149,-0.059434
499900,22.9704,6,Thumb_C3_Open,Thumb,open,3,0.9704,Thumb cycle 3: OPEN,3274,2908,2849,3099,2891,3046,2893,13558.587089,8329.570345,7774.157303,10578.915663,8163.953488,9872.640610,8183.194676,0.178304,0.087584,-0.010923,0.028723,0.021905,0.112062,-0.031502
499950,22.9705,6,Thumb_C3_Open,Thumb,open,3,0.9705,Thumb cycle 3: OPEN,3345,2907,2844,3103,2896,3057,3027,15164.000000,8319.696970,7729.496403,10635.282258,8212.176814,10013.294798,9636.516854,0.317822,0.086295,-0.016605,0.034204,0.027941,0.127906,0.140501
500000,22.9808,6,Thumb_C3_Open,Thumb,open,3,0.9808,Thumb cycle 3: OPEN,3412,2894,2834,3112,2894,3098,3522,16985.065886,8192.839301,7641.237113,10763.784334,8192.839301,10564.894684,20898.429319,0.476081,0.069731,-0.027834,0.046700,0.025520,0.190038,1.473371
500050,23.0240,6,Thumb_C3_Open,Thumb,open,3,1.0240,Thumb cycle 3: OPEN,3424,2885,2822,3102,2890,3144,3446,17349.627422,8106.611570,7537.156324,10621.148036,8154.356846,11240.378549,18053.004622,0.507763,0.058472,-0.041075,0.032830,0.020703,0.266125,1.136609
500100,23.0671,6,Thumb_C3_Open,Thumb,open,3,1.0671,Thumb cycle 3: OPEN,3364,2920,2876,3135,2896,3124,3429,15646.511628,8449.361702,8021.657096,11103.125000,8212.176814,10938.825953,17505.405405,0.359754,0.103225,0.020566,0.079699,0.027941,0.232158,1.071800
500150,23.2125,6,Thumb_C3_Open,Thumb,open,3,1.2125,Thumb cycle 3: OPEN,3571,2920,2876,3139,2893,3113,3415,23170.610687,8449.361702,8021.657096,11163.807531,8183.194676,10778.207739,17075.000000,1.013633,0.103225,0.020566,0.085600,0.024313,0.214066,1.020861
500200,23.2126,6,Thumb_C3_Open,Thumb,open,3,1.2126,Thumb cycle 3: OPEN,3340,2918,2864,3141,2894,3201,3383,15041.059603,8429.226848,7910.316816,11194.339623,8192.839301,12173.825503,16154.775281,0.307137,0.100596,0.006400,0.088569,0.025520,0.371269,0.911950
500250,23.2126,6,Thumb_C3_Open,Thumb,open,3,1.2126,Thumb cycle 3: OPEN,3331,2935,2871,3162,2892,3121,3306,14823.821990,8602.586207,7975.000000,11522.829582,8173.566085,10894.661191,14246.387833,0.288258,0.123231,0.014630,0.120512,0.023108,0.227183,0.686089
500300,23.2671,6,Thumb_C3_Open,Thumb,open,3,1.2671,Thumb cycle 3: OPEN,3298,2923,2876,3164,2887,3154,3286,14069.259724,8479.692833,8021.657096,11554.887218,8125.662252,11395.961743,13810.135970,0.222684,0.107185,0.020566,0.123629,0.017112,0.283650,0.634457
500350,23.3220,6,Thumb_C3_Open,Thumb,open,3,1.3220,Thumb cycle 3: OPEN,3235,2924,2863,3174,2878,3169,3281,12789.534884,8489.837746,7901.136364,11717.263844,8040.427280,11635.637149,13704.422604,0.111470,0.108510,0.005232,0.139419,0.006442,0.310647,0.621946
500400,23.4760,6,Thumb_C3_Open,Thumb,open,3,1.4760,Thumb cycle 3: OPEN,3245,2919,2866,3159,2889,3164,3253,12980.000000,8439.285714,7928.722539,11475.000000,8144.776119,11554.887218,13135.629454,0.128022,0.101909,0.008742,0.115861,0.019504,0.301552,0.554628
500450,23.4760,6,Thumb_C3_Open,Thumb,open,3,1.4760,Thumb cycle 3: OPEN,3235,2906,2866,3163,2887,3179,3230,12789.534884,8309.840202,7928.722539,11538.841202,8125.662252,11799.781659,12695.953757,0.111470,0.085008,0.008742,0.122069,0.017112,0.329137,0.502592
500500,23.4761,6,Thumb_C3_Open,Thumb,open,3,1.4761,Thumb cycle 3: OPEN,3235,2903,2856,3152,2882,3151,3226,12789.534884,8280.369128,7837.288136,11364.581124,8078.153339,11348.940678,12621.864212,0.111470,0.081160,-0.002891,0.105123,0.011165,0.278354,0.493823
500550,23.5192,6,Thumb_C3_Open,Thumb,open,3,1.5192,Thumb cycle 3: OPEN,3214,2904,2863,3138,2892,3188,3205,12403.632236,8290.176322,7901.136364,11148.589342,8173.566085,11950.606395,12243.820225,0.077933,0.082440,0.005232,0.084120,0.023108,0.346126,0.449081
500600,23.5736,6,Thumb_C3_Open,Thumb,open,3,1.5736,Thumb cycle 3: OPEN,3336,2910,2860,3127,2888,3151,3179,14943.873518,8349.367089,7873.684211,10983.264463,8135.211268,11348.940678,11799.781659,0.298692,0.090169,0.001740,0.068043,0.018307,0.278354,0.396528
500650,23.6908,6,Thumb_C3_Open,Thumb,open,3,1.6908,Thumb cycle 3: OPEN,3250,2902,2854,3141,2884,3153,3161,13076.923077,8270.578374,7819.178082,11194.339623,8097.109827,11380.254777,11506.852248,0.136445,0.079881,-0.005195,0.088569,0.013538,0.281881,0.361859
500700,23.7125,6,Thumb_C3_Open,Thumb,open,3,1.7125,Thumb cycle 3: OPEN,3321,2913,2862,3150,2892,3160,3164,14588.372093,8379.187817,7891.970803,11333.333333,8173.566085,11490.909091,11554.887218,0.267797,0.094062,0.004066,0.102085,0.023108,0.294345,0.367544
500750,23.7226,6,Thumb_C3_Open,Thumb,open,3,1.7226,Thumb cycle 3: OPEN,3304,2907,2859,3150,2887,3134,3152,14201.769912,8319.696970,7864.563107,11333.333333,8125.662252,11088.033299,11364.581124,0.234199,0.086295,0.000579,0.102085,0.017112,0.248965,0.345021
500800,23.7776,6,Thumb_C3_Open,Thumb,open,3,1.7776,Thumb cycle 3: OPEN,3237,2904,2846,3131,2884,3138,3161,12827.272727,8290.176322,7747.317854,11042.946058,8097.109827,11148.589342,11506.852248,0.114749,0.082440,-0.014337,0.073847,0.013538,0.255786,0.361859
500850,23.8212,6,Thumb_C3_Open,Thumb,open,3,1.8212,Thumb cycle 3: OPEN,3174,2907,2844,3131,2889,3126,3176,11717.263844,8319.696970,7729.496403,11042.946058,8144.776119,10968.421053,11750.163221,0.018284,0.086295,-0.016605,0.073847,0.019504,0.235492,0.390655
500900,23.9719,6,Thumb_C3_Open,Thumb,open,3,1.9719,Thumb cycle 3: OPEN,3182,2901,2838,3133,2888,3110,3143,11849.726177,8260.804020,7676.372315,11072.972973,8135.211268,10735.025381,11225.000000,0.029796,0.078605,-0.023364,0.076767,0.018307,0.209202,0.328501
500950,23.9720,6,Thumb_C3_Open,Thumb,open,3,1.9720,Thumb cycle 3: OPEN,3305,2894,2831,3119,2882,3122,3166,14224.050633,8192.839301,7615.031646,10865.368852,8078.153339,10909.352518,11587.082885,0.236136,0.069731,-0.031168,0.056579,0.011165,0.228838,0.371355
501000,23.9720,6,Thumb_C3_Open,Thumb,open,3,1.9720,Thumb cycle 3: OPEN,3246,2905,2843,3121,2891,3115,3155,12999.293286,8300.000000,7720.607029,10894.661191,8163.953488,10807.142857,11411.702128,0.129699,0.083723,-0.017736,0.059427,0.021905,0.217325,0.350598
501050,24.0228,7,Thumb_C3_Bend,Thumb,bend,3,0.0228,Thumb cycle 3: BEND Thumb,3215,2897,2836,3118,2889,3112,3152,12421.590909,8221.869783,7658.776807,10850.767656,8144.776119,10763.784334,11364.581124,0.079494,0.073522,-0.025602,0.055159,0.019504,0.212441,0.345021
501100,24.0555,7,Thumb_C3_Bend,Thumb,bend,3,0.0555,Thumb cycle 3: BEND Thumb,3212,2880,2831,3111,2882,3128,3123,12367.836920,8059.259259,7615.031646,10749.390244,8078.153339,10998.138573,10924.074074,0.074822,0.052290,-0.031168,0.045300,0.011165,0.238839,0.292886
501150,24.2468,7,Thumb_C3_Bend,Thumb,bend,3,0.2468,Thumb cycle 3: BEND Thumb,3212,2880,2823,3120,2890,3109,3133,12367.836920,8059.259259,7545.754717,10880.000000,8154.356846,10720.689655,11072.972973,0.074822,0.052290,-0.039982,0.058001,0.020703,0.207587,0.310509
501200,24.2468,7,Thumb_C3_Bend,Thumb,bend,3,0.2468,Thumb cycle 3: BEND Thumb,3184,2885,2824,3114,2889,3089,3124,11883.205269,8106.611570,7554.366640,10792.660550,8144.776119,10439.960239,10938.825953,0.032705,0.058472,-0.038886,0.049508,0.019504,0.175965,0.294632
501250,24.2469,7,Thumb_C3_Bend,Thumb,bend,3,0.2469,Thumb cycle 3: BEND Thumb,3197,2871,2820,3089,2886,3103,3132,12104.454343,7975.000000,7520.000000,10439.960239,8116.129032,10635.282258,11057.943925,0.051933,0.041288,-0.043258,0.015211,0.015918,0.197967,0.308730
501300,24.2687,7,Thumb_C3_Bend,Thumb,bend,3,0.2687,Thumb cycle 3: BEND Thumb,3198,2879,2826,3106,2890,3087,3152,12121.739130,8049.835526,7571.631206,10677.856421,8154.356846,10412.500000,11364.581124,0.053435,0.051059,-0.036689,0.038344,0.020703,0.172872,0.345021
501350,24.3231,7,Thumb_C3_Bend,Thumb,bend,3,0.3231,Thumb cycle 3: BEND Thumb,3255,2868,2822,3104,2889,3070,3152,13175.000000,7947.188264,7537.156324,10649.445005,8144.776119,10183.414634,11364.581124,0.144968,0.037657,-0.041075,0.035581,0.019504,0.147068,0.345021
501400,24.3557,7,Thumb_C3_Bend,Thumb,bend,3,0.3557,Thumb cycle 3: BEND Thumb,3760,2868,2808,3099,2886,3064,3141,38161.194030,7947.188264,7418.181818,10578.915663,8116.129032,10104.364694,11194.339623,2.316384,0.037657,-0.056212,0.028723,0.015918,0.138164,0.324873
501450,24.4914,7,Thumb_C3_Bend,Thumb,bend,3,0.4914,Thumb cycle 3: BEND Thumb,3665,2873,2819,3103,2889,3061,3129,28979.069767,7993.617021,7511.442006,10635.282258,8144.776119,10065.183752,11013.043478,1.518415,0.043719,-0.044347,0.034204,0.019504,0.133750,0.303416
501500,24.4914,7,Thumb_C3_Bend,Thumb,bend,3,0.4914,Thumb cycle 3: BEND Thumb,3782,2875,2820,3101,2887,3047,3114,41082.428115,8012.295082,7520.000000,10607.042254,8125.662252,9885.305344,10792.660550,2.570252,0.046158,-0.043258,0.031458,0.017112,0.113489,0.277333
501550,24.5232,7,Thumb_C3_Bend,Thumb,bend,3,0.5232,Thumb cycle 3: BEND Thumb,3772,2868,2810,3089,2888,3056,3120,39705.263158,7947.188264,7435.019455,10439.960239,8135.211268,10000.384986,10880.000000,2.450570,0.037657,-0.054070,0.015211,0.018307,0.126451,0.287670
501600,24.5670,7,Thumb_C3_Bend,Thumb,bend,3,0.5670,Thumb cycle 3: BEND Thumb,3647,2865,2815,3096,2889,3056,3135,27678.125000,7919.512195,7477.343750,10536.936937,8144.776119,10000.384986,11103.125000,1.405357,0.034043,-0.048685,0.024641,0.019504,0.126451,0.314077
501650,24.7494,7,Thumb_C3_Bend,Thumb,bend,3,0.7494,Thumb cycle 3: BEND Thumb,3636,2859,2815,3097,2889,3025,3129,26933.333333,7864.563107,7477.343750,10550.901804,8144.776119,9612.149533,11013.043478,1.340631,0.026868,-0.048685,0.025999,0.019504,0.082720,0.303416
501700,24.7494,7,Thumb_C3_Bend,Thumb,bend,3,0.7494,Thumb cycle 3: BEND Thumb,3482,2850,2805,3093,2882,3041,3143,19312.887439,7783.132530,7393.023256,10495.209581,8078.153339,9809.677419,11225.000000,0.678379,0.016236,-0.059413,0.020583,0.011165,0.104970,0.328501
501750,24.7495,7,Thumb_C3_Bend,Thumb,bend,3,0.7495,Thumb cycle 3: BEND Thumb,3399,2859,2815,3110,2889,3052,3127,16604.310345,7864.563107,7477.343750,10735.025381,8144.776119,9948.993289,10983.264463,0.442991,0.026868,-0.048685,0.043904,0.019504,0.120663,0.299891
501800,24.7818,7,Thumb_C3_Bend,Thumb,bend,3,0.7818,Thumb cycle 3: BEND Thumb,3477,2853,2815,3110,2886,3037,3108,19129.126214,7810.144928,7477.343750,10735.025381,8116.129032,9759.735350,10706.382979,0.662409,0.019763,-0.048685,0.043904,0.015918,0.099344,0.267122
501850,24.8032,7,Thumb_C3_Bend,Thumb,bend,3,0.8032,Thumb cycle 3: BEND Thumb,3578,2844,2802,3097,2887,3033,3113,23530.367505,7729.496403,7367.981439,10550.901804,8125.662252,9710.169492,10778.207739,1.044897,0.009233,-0.062599,0.025999,0.017112,0.093761,0.275623
501900,24.8685,7,Thumb_C3_Bend,Thumb,bend,3,0.8685,Thumb cycle 3: BEND Thumb,3156,2861,2811,3104,2885,3038,3112,11427.476038,7882.820097,7443.457944,10649.445005,8106.611570,9772.185430,10763.784334,-0.006900,0.029252,-0.052996,0.035581,0.014727,0.100747,0.273916
501950,25.0082,7,Thumb_C3_Bend,Thumb,bend,3,1.0082,Thumb cycle 3: BEND Thumb,3220,2852,2815,3103,2885,3051,3102,12512.000000,7801.126307,7477.343750,10635.282258,8106.611570,9936.206897,10621.148036,0.087350,0.018586,-0.048685,0.034204,0.014727,0.119222,0.257034
502000,25.0083,7,Thumb_C3_Bend,Thumb,bend,3,1.0083,Thumb cycle 3: BEND Thumb,3169,2841,2795,3088,2884,3086,3105,11635.637149,7702.870813,7310.000000,10426.216485,8097.109827,10398.810704,10663.636364,0.011191,0.005756,-0.069976,0.013874,0.013538,0.171330,0.262063
502050,25.0193,7,Thumb_C3_Bend,Thumb,bend,3,1.0193,Thumb cycle 3: BEND Thumb,3209,2849,2815,3089,2881,3050,3096,12314.446953,7774.157303,7477.343750,10439.960239,8068.698517,9923.444976,10536.936937,0.070182,0.015064,-0.048685,0.015211,0.009981,0.117785,0.247068
502100,25.0633,7,Thumb_C3_Bend,Thumb,bend,3,1.0633,Thumb cycle 3: BEND Thumb,3203,2842,2816,3087,2880,3031,3076,12208.744395,7711.731844,7485.848319,10412.500000,8059.259259,9685.526316,10263.395486,0.060996,0.006913,-0.047603,0.012540,0.008800,0.090985,0.214694
502150,25.1068,7,Thumb_C3_Bend,Thumb,bend,3,1.1068,Thumb cycle 3: BEND Thumb,3231,2837,2801,3084,2879,3053,3084,12714.583333,7667.567568,7359.659969,10371.513353,8049.835526,9961.804223,10371.513353,0.104956,0.001147,-0.063658,0.008555,0.007620,0.122106,0.227490
502200,25.2681,7,Thumb_C3_Bend,Thumb,bend,3,1.2681,Thumb cycle 3: BEND Thumb,3266,2895,2813,3086,2884,3023,3067,13394.933655,8202.500000,7460.374415,10398.810704,8097.109827,9587.873134,10143.774319,0.164081,0.070993,-0.050844,0.011209,0.013538,0.079986,0.200536
502250,25.2682,7,Thumb_C3_Bend,Thumb,bend,3,1.2682,Thumb cycle 3: BEND Thumb,3203,2911,2820,3077,2885,3054,3051,12208.744395,8359.290541,7520.000000,10276.817289,8106.611570,9974.639769,9936.206897,0.060996,0.091464,-0.043258,-0.000654,0.014727,0.123551,0.175970
502300,25.2793,7,Thumb_C3_Bend,Thumb,bend,3,1.2793,Thumb cycle 3: BEND Thumb,3380,2901,2806,3065,2885,3095,3124,16072.727273,8260.804020,7401.396431,10117.475728,8106.611570,10523.000000,10938.825953,0.396794,0.078605,-0.058348,-0.016149,0.014727,0.185319,0.294632
502350,25.3229,7,Thumb_C3_Bend,Thumb,bend,3,1.3229,Thumb cycle 3: BEND Thumb,3507,2913,2807,3069,2893,3102,3206,20278.571429,8379.187817,7409.782609,10170.175439,8183.194676,10621.148036,12261.417323,0.762301,0.094062,-0.057281,-0.011024,0.024313,0.196375,0.451163
502400,25.3672,7,Thumb_C3_Bend,Thumb,bend,3,1.3672,Thumb cycle 3: BEND Thumb,3516,2934,2814,3070,2897,3095,3251,20646.632124,8592.248062,7468.852459,10183.414634,8221.869783,10523.000000,13096.445498,0.794288,0.121882,-0.049766,-0.009737,0.029154,0.185319,0.549991
502450,25.5338,7,Thumb_C3_Bend,Thumb,bend,3,1.5338,Thumb cycle 3: BEND Thumb,3378,2933,2796,3061,2907,3104,3150,16018.410042,8581.927711,7318.244804,10065.183752,8319.696970,10649.445005,11333.333333,0.392074,0.120534,-0.068927,-0.021234,0.041399,0.199562,0.341323
502500,25.5338,7,Thumb_C3_Bend,Thumb,bend,3,1.5338,Thumb cycle 3: BEND Thumb,3486,2943,2811,3071,2909,3119,3006,19462.068966,8685.937500,7443.457944,10196.679688,8339.460371,10865.368852,9385.123967,0.691344,0.134114,-0.052996,-0.008447,0.043873,0.223884,0.110748
502550,25.5338,7,Thumb_C3_Bend,Thumb,bend,3,1.5338,Thumb cycle 3: BEND Thumb,3378,2918,2819,3070,2911,3110,2944,16018.410042,8429.226848,7511.442006,10183.414634,8359.290541,10735.025381,8696.437880,0.392074,0.100596,-0.044347,-0.009737,0.046355,0.209202,0.029241
502600,25.5553,7,Thumb_C3_Bend,Thumb,bend,3,1.5553,Thumb cycle 3: BEND Thumb,3418,2888,2829,3070,2899,3136,2943,17165.731167,8135.211268,7597.630332,10183.414634,8241.304348,11118.248175,8685.937500,0.491781,0.062207,-0.033382,-0.009737,0.031587,0.252368,0.027998
502650,25.6419,7,Thumb_C3_Bend,Thumb,bend,3,1.6419,Thumb cycle 3: BEND Thumb,3363,2904,2830,3088,2901,3101,2939,15620.491803,8290.176322,7606.324111,10426.216485,8260.804020,10607.042254,8644.117647,0.357493,0.082440,-0.032276,0.013874,0.034028,0.194786,0.023049
502700,25.7826,7,Thumb_C3_Bend,Thumb,bend,3,1.7826,Thumb cycle 3: BEND Thumb,3308,2903,2818,3086,2899,3151,2924,14291.232529,8280.369128,7502.897416,10398.810704,8241.304348,11348.940678,8489.837746,0.241974,0.081160,-0.045434,0.011209,0.031587,0.278354,0.004789
502750,25.7827,7,Thumb_C3_Bend,Thumb,bend,3,1.7827,Thumb cycle 3: BEND Thumb,3347,2891,2818,3077,2904,3111,2931,15213.636364,8163.953488,7502.897416,10276.817289,8290.176322,10749.390244,8561.340206,0.322135,0.065960,-0.045434,-0.000654,0.037704,0.210820,0.013252
502800,25.7827,7,Thumb_C3_Bend,Thumb,bend,3,1.7827,Thumb cycle 3: BEND Thumb,3320,2878,2817,3083,2906,3123,2925,14565.161290,8040.427280,7494.366197,10357.905138,8309.840202,10924.074074,8500.000000,0.265780,0.049831,-0.046519,0.007231,0.040166,0.230496,0.005992
502850,25.8266,7,Thumb_C3_Bend,Thumb,bend,3,1.8266,Thumb cycle 3: BEND Thumb,3271,2896,2822,3085,2909,3082,2924,13496.844660,8212.176814,7537.156324,10385.148515,8339.460371,10344.323791,8489.837746,0.172938,0.072256,-0.041075,0.009881,0.043873,0.165193,0.004789
502900,25.8596,7,Thumb_C3_Bend,Thumb,bend,3,1.8596,Thumb cycle 3: BEND Thumb,3271,2878,2818,3076,2902,3090,2930,13496.844660,8040.427280,7502.897416,10263.395486,8270.578374,10453.731343,8551.072961,0.172938,0.049831,-0.045434,-0.001959,0.035251,0.177517,0.012037
502950,26.0406,8,Thumb_C4_Open,Thumb,open,4,0.0406,Thumb cycle 4: OPEN,3283,2893,2824,3086,2909,3099,2928,13746.551724,8183.194676,7554.366640,10398.810704,8339.460371,10578.915663,8530.591260,0.194639,0.068472,-0.038886,0.011209,0.043873,0.191618,0.009613
503000,26.0409,8,Thumb_C4_Open,Thumb,open,4,0.0409,Thumb cycle 4: OPEN,3251,2893,2831,3085,2904,3072,2905,13096.445498,8183.194676,7615.031646,10385.148515,8290.176322,10209.970674,8300.000000,0.138141,0.068472,-0.031168,0.009881,0.037704,0.150059,-0.017678
503050,26.0409,8,Thumb_C4_Open,Thumb,open,4,0.0409,Thumb cycle 4: OPEN,3250,2887,2818,3086,2904,3081,2916,13076.923077,8125.662252,7502.897416,10398.810704,8290.176322,10330.769231,8409.160305,0.136445,0.060960,-0.045434,0.011209,0.037704,0.163666,-0.004759
503100,26.0618,8,Thumb_C4_Open,Thumb,open,4,0.0618,Thumb cycle 4: OPEN,3260,2892,2832,3094,2901,3080,2914,13274.251497,8173.566085,7623.752969,10509.090909,8260.804020,10317.241379,8389.161727,0.153594,0.067215,-0.030058,0.021933,0.034028,0.162142,-0.007126
503150,26.1376,8,Thumb_C4_Open,Thumb,open,4,0.1376,Thumb cycle 4: OPEN,3269,2892,2820,3097,2904,3054,2925,13455.932203,8173.566085,7520.000000,10550.901804,8290.176322,9974.639769,8500.000000,0.169383,0.067215,-0.043258,0.025999,0.037704,0.123551,0.005992
503200,26.3051,8,Thumb_C4_Open,Thumb,open,4,0.3051,Thumb cycle 4: OPEN,3268,2883,2802,3090,2904,3046,2940,13435.550181,8087.623762,7367.981439,10453.731343,8290.176322,9872.640610,8654.545455,0.167611,0.055993,-0.062599,0.016550,0.037704,0.112062,0.024283
503250,26.3052,8,Thumb_C4_Open,Thumb,open,4,0.3052,Thumb cycle 4: OPEN,3294,2884,2810,3093,2913,3043,2940,13982.022472,8097.109827,7435.019455,10495.209581,8379.187817,9834.790875,8654.545455,0.215102,0.057232,-0.054070,0.020583,0.048846,0.107799,0.024283
503300,26.3052,8,Thumb_C4_Open,Thumb,open,4,0.3052,Thumb cycle 4: OPEN,3266,2877,2822,3085,2912,3042,2930,13394.933655,8031.034483,7537.156324,10385.148515,8369.230769,9822.222222,8551.072961,0.164081,0.048604,-0.041075,0.009881,0.047600,0.106383,0.012037
503350,26.3274,8,Thumb_C4_Open,Thumb,open,4,0.3274,Thumb cycle 4: OPEN,3254,2888,2798,3059,2912,3032,2933,13155.291320,8135.211268,7334.772552,10039.189189,8369.230769,9697.836312,8581.927711,0.143255,0.062207,-0.066824,-0.023761,0.047600,0.092372,0.015688
503400,26.3709,8,Thumb_C4_Open,Thumb,open,4,0.3709,Thumb cycle 4: OPEN,3234,2883,2824,3078,2909,3019,2927,12770.731707,8087.623762,7554.366640,10290.265487,8339.460371,9539.591078,8520.376712,0.109835,0.055993,-0.038886,0.000654,0.043873,0.074547,0.008404
503450,26.5430,8,Thumb_C4_Open,Thumb,open,4,0.5430,Thumb cycle 4: OPEN,3240,2889,2814,3072,2911,3008,2914,12884.210526,8144.776119,7468.852459,10209.970674,8359.290541,9408.647654,8389.161727,0.119697,0.063456,-0.049766,-0.007154,0.046355,0.059798,-0.007126
503500,26.5430,8,Thumb_C4_Open,Thumb,open,4,0.5430,Thumb cycle 4: OPEN,3279,2874,2816,3074,2904,3018,2928,13662.500000,8002.948403,7485.848319,10236.630754,8290.176322,9527.576602,8530.591260,0.187334,0.044937,-0.047603,-0.004562,0.037704,0.073194,0.009613
503550,26.5431,8,Thumb_C4_Open,Thumb,open,4,0.5431,Thumb cycle 4: OPEN,3246,2880,2804,3082,2909,3024,2924,12999.293286,8059.259259,7384.663052,10344.323791,8339.460371,9600.000000,8489.837746,0.129699,0.052290,-0.060477,0.005911,0.043873,0.081352,0.004789
503600,26.5650,8,Thumb_C4_Open,Thumb,open,4,0.5650,Thumb cycle 4: OPEN,3242,2873,2812,3087,2910,3035,2916,12922.391559,7993.617021,7451.909587,10412.500000,8349.367089,9734.905660,8409.160305,0.123015,0.043719,-0.051921,0.012540,0.045113,0.096548,-0.004759
503650,26.6195,8,Thumb_C4_Open,Thumb,open,4,0.6195,Thumb cycle 4: OPEN,3255,2869,2820,3084,2905,3023,2926,13175.000000,7956.443719,7520.000000,10371.513353,8300.000000,9587.873134,8510.179641,0.144968,0.038865,-0.043258,0.008555,0.038934,0.079986,0.007197
503700,26.6625,8,Thumb_C4_Open,Thumb,open,4,0.6625,Thumb cycle 4: OPEN,3250,2873,2851,3092,2909,3023,2917,13076.923077,7993.617021,7792.122186,10481.355932,8339.460371,9587.873134,8419.185059,0.136445,0.043719,-0.008637,0.019236,0.043873,0.079986,-0.003572
503750,26.7984,8,Thumb_C4_Open,Thumb,open,4,0.7984,Thumb cycle 4: OPEN,3239,2864,2853,3095,2907,3029,2909,12865.186916,7910.316816,7810.144928,10523.000000,8319.696970,9660.975610,8339.460371,0.118044,0.032842,-0.006344,0.023286,0.041399,0.088220,-0.013008
503800,26.7985,8,Thumb_C4_Open,Thumb,open,4,0.7985,Thumb cycle 4: OPEN,3216,2854,2815,3091,2904,3028,2918,12439.590444,7819.178082,7477.343750,10467.529880,8290.176322,9648.734770,8429.226848,0.081058,0.020943,-0.048685,0.017892,0.037704,0.086841,-0.002384
503850,26.8204,8,Thumb_C4_Open,Thumb,open,4,0.8204,Thumb cycle 4: OPEN,3238,2858,2809,3099,2911,3028,2923,12846.207701,7855.456750,7426.594090,10578.915663,8359.290541,9648.734770,8479.692833,0.116395,0.025679,-0.055142,0.028723,0.046355,0.086841,0.003589
503900,26.8749,8,Thumb_C4_Open,Thumb,open,4,0.8749,Thumb cycle 4: OPEN,3224,2864,2817,3096,2907,3019,2909,12585.074627,7910.316816,7494.366197,10536.936937,8319.696970,9539.591078,8339.460371,0.093701,0.032842,-0.046519,0.024641,0.041399,0.074547,-0.013008
503950,27.0582,8,Thumb_C4_Open,Thumb,open,4,1.0582,Thumb cycle 4: OPEN,3204,2863,2799,3080,2907,3031,2918,12226.262626,7901.136364,7343.055556,10317.241379,8319.696970,9685.526316,8429.226848,0.062519,0.031644,-0.065770,0.003277,0.041399,0.090985,-0.002384
504000,27.0582,8,Thumb_C4_Open,Thumb,open,4,1.0582,Thumb cycle 4: OPEN,3198,2863,2814,3090,2904,3056,2921,12121.739130,7901.136364,7468.852459,10453.731343,8290.176322,10000.384986,8459.454855,0.053435,0.031644,-0.049766,0.016550,0.037704,0.126451,0.001194
504050,27.0583,8,Thumb_C4_Open,Thumb,open,4,1.0583,Thumb cycle 4: OPEN,3353,2879,2853,3088,2897,3014,3061,15364.150943,8049.835526,7810.144928,10426.216485,8221.869783,9479.740981,10065.183752,0.335216,0.051059,-0.006344,0.013874,0.029154,0.067806,0.191235
504100,27.0908,8,Thumb_C4_Open,Thumb,open,4,1.0908,Thumb cycle 4: OPEN,3495,2862,2862,3084,2896,3068,3477,19805.000000,7891.970803,7891.970803,10371.513353,8212.176814,10156.962025,19129.126214,0.721146,0.030447,0.004066,0.008555,0.027941,0.144088,1.263971
504150,27.1115,8,Thumb_C4_Open,Thumb,open,4,1.1115,Thumb cycle 4: OPEN,3358,2864,2828,3090,2897,3067,3345,15491.451832,7910.316816,7588.950276,10453.731343,8221.869783,10143.774319,15164.000000,0.346279,0.032842,-0.034486,0.016550,0.029154,0.142603,0.794690
504200,27.1767,8,Thumb_C4_Open,Thumb,open,4,1.1767,Thumb cycle 4: OPEN,3384,2896,2803,3089,2895,3025,3371,16182.278481,8212.176814,7376.315789,10439.960239,8202.500000,9612.149533,15830.662983,0.406315,0.072256,-0.061539,0.015211,0.026730,0.082720,0.873591
504250,27.3196,8,Thumb_C4_Open,Thumb,open,4,1.3196,Thumb cycle 4: OPEN,3409,2883,2802,3095,2900,3086,3351,16895.918367,8087.623762,7367.981439,10523.000000,8251.046025,10398.810704,15313.709677,0.468333,0.055993,-0.062599,0.023286,0.032806,0.171330,0.812408
504300,27.3197,8,Thumb_C4_Open,Thumb,open,4,1.3197,Thumb cycle 4: OPEN,3428,2887,2830,3095,2895,3110,3324,17474.062969,8125.662252,7606.324111,10523.000000,8202.500000,10735.025381,14658.365759,0.518577,0.060960,-0.032276,0.023286,0.026730,0.209202,0.734847
504350,27.3415,8,Thumb_C4_Open,Thumb,open,4,1.3415,Thumb cycle 4: OPEN,3336,2892,2826,3103,2899,3121,3272,14943.873518,8173.566085,7571.631206,10635.282258,8241.304348,10894.661191,13517.375456,0.298692,0.067215,-0.036689,0.034204,0.031587,0.227183,0.599809
504400,27.3516,8,Thumb_C4_Open,Thumb,open,4,1.3516,Thumb cycle 4: OPEN,3368,2898,2854,3107,2890,3117,3273,15751.306740,8231.578947,7819.178082,10692.105263,8154.356846,10836.196319,13537.956204,0.368861,0.074789,-0.005195,0.039730,0.020703,0.220598,0.602244
504450,27.4171,8,Thumb_C4_Open,Thumb,open,4,1.4171,Thumb cycle 4: OPEN,3276,2901,2853,3120,2896,3107,3251,13600.000000,8260.804020,7810.144928,10880.000000,8212.176814,10692.105263,13096.445498,0.181903,0.078605,-0.006344,0.058001,0.027941,0.204367,0.549991
504500,27.5697,8,Thumb_C4_Open,Thumb,open,4,1.5697,Thumb cycle 4: OPEN,3251,2896,2851,3124,2893,3141,3203,13096.445498,8212.176814,7792.122186,10938.825953,8183.194676,11194.339623,12208.744395,0.138141,0.072256,-0.008637,0.063722,0.024313,0.260939,0.444930
504550,27.5698,8,Thumb_C4_Open,Thumb,open,4,1.5698,Thumb cycle 4: OPEN,3259,2903,2840,3100,2892,3137,3215,13254.306220,8280.369128,7694.023904,10592.964824,8173.566085,11133.402923,12421.590909,0.151860,0.081160,-0.021118,0.030089,0.023108,0.254075,0.470120
504600,27.5698,8,Thumb_C4_Open,Thumb,open,4,1.5698,Thumb cycle 4: OPEN,3263,2906,2859,3099,2896,3145,3199,13334.375000,8309.840202,7864.563107,10578.915663,8212.176814,11255.789474,12139.062500,0.158819,0.085008,0.000579,0.028723,0.027941,0.267861,0.436683
504650,27.6241,8,Thumb_C4_Open,Thumb,open,4,1.6241,Thumb cycle 4: OPEN,3202,2913,2832,3091,2895,3142,3177,12191.265398,8379.187817,7623.752969,10467.529880,8202.500000,11209.653725,11766.666667,0.059477,0.094062,-0.030058,0.017892,0.026730,0.262664,0.392609
504700,27.8177,8,Thumb_C4_Open,Thumb,open,4,1.8177,Thumb cycle 4: OPEN,3215,2917,2816,3070,2893,3138,3181,12421.590909,8419.185059,7485.848319,10183.414634,8183.194676,11148.589342,11833.041575,0.079494,0.099285,-0.047603,-0.009737,0.024313,0.255786,0.400464
504750,27.8177,8,Thumb_C4_Open,Thumb,open,4,1.8177,Thumb cycle 4: OPEN,3210,2918,2838,3087,2896,3123,3184,12332.203390,8429.226848,7676.372315,10412.500000,8212.176814,10924.074074,11883.205269,0.071725,0.100596,-0.023364,0.012540,0.027941,0.230496,0.406401
504800,27.8178,8,Thumb_C4_Open,Thumb,open,4,1.8178,Thumb cycle 4: OPEN,3337,2912,2855,3091,2891,3087,3161,14968.073879,8369.230769,7828.225806,10467.529880,8163.953488,10412.500000,11506.852248,0.300795,0.092762,-0.004044,0.017892,0.021905,0.172872,0.361859
504850,27.8505,8,Thumb_C4_Open,Thumb,open,4,1.8505,Thumb cycle 4: OPEN,3166,2901,2851,3077,2887,3099,3167,11587.082885,8260.804020,7792.122186,10276.817289,8125.662252,10578.915663,11603.232759,0.006971,0.078605,-0.008637,-0.000654,0.017112,0.191618,0.373266
504900,27.8834,8,Thumb_C4_Open,Thumb,open,4,1.8834,Thumb cycle 4: OPEN,3258,2926,2867,3088,2890,3098,3166,13234.408602,8510.179641,7937.947883,10426.216485,8154.356846,10564.894684,11587.082885,0.150131,0.111166,0.009916,0.013874,0.020703,0.190038,0.371355
504950,27.9165,8,Thumb_C4_Open,Thumb,open,4,1.9165,Thumb cycle 4: OPEN,3232,2931,2862,3083,2884,3079,3156,12733.256083,8561.340206,7891.970803,10357.905138,8097.109827,10303.740157,11427.476038,0.106579,0.117846,0.004066,0.007231,0.013538,0.160622,0.352465
505000,28.0875,9,Thumb_C4_Bend,Thumb,bend,4,0.0875,Thumb cycle 4: BEND Thumb,3242,2904,2839,3071,2884,3097,3151,12922.391559,8290.176322,7685.191083,10196.679688,8097.109827,10550.901804,11348.940678,0.123015,0.082440,-0.022242,-0.008447,0.013538,0.188462,0.343170
505050,28.0878,9,Thumb_C4_Bend,Thumb,bend,4,0.0878,Thumb cycle 4: BEND Thumb,3189,2926,2853,3069,2887,3089,3140,11967.549669,8510.179641,7810.144928,10170.175439,8125.662252,10439.960239,11179.057592,0.040035,0.111166,-0.006344,-0.011024,0.017112,0.175965,0.323064
505100,28.0878,9,Thumb_C4_Bend,Thumb,bend,4,0.0878,Thumb cycle 4: BEND Thumb,3141,2926,2862,3070,2884,3078,3134,11194.339623,8510.179641,7891.970803,10183.414634,8097.109827,10290.265487,11088.033299,-0.027160,0.111166,0.004066,-0.009737,0.013538,0.159104,0.312291
505150,28.1100,9,Thumb_C4_Bend,Thumb,bend,4,0.1100,Thumb cycle 4: BEND Thumb,3142,2905,2858,3065,2885,3097,3131,11209.653725,8300.000000,7855.456750,10117.475728,8106.611570,10550.901804,11042.946058,-0.025829,0.083723,-0.000579,-0.016149,0.014727,0.188462,0.306955
505200,28.1640,9,Thumb_C4_Bend,Thumb,bend,4,0.1640,Thumb cycle 4: BEND Thumb,3238,2921,2875,3080,2891,3094,3127,12846.207701,8459.454855,8012.295082,10317.241379,8163.953488,10509.090909,10983.264463,0.116395,0.104543,0.019375,0.003277,0.021905,0.183752,0.299891
505250,28.3526,9,Thumb_C4_Bend,Thumb,bend,4,0.3526,Thumb cycle 4: BEND Thumb,3134,2933,2858,3082,2882,3064,3110,11088.033299,8581.927711,7855.456750,10344.323791,8078.153339,10104.364694,10735.025381,-0.036399,0.120534,-0.000579,0.005911,0.011165,0.138164,0.270512
505300,28.3527,9,Thumb_C4_Bend,Thumb,bend,4,0.3527,Thumb cycle 4: BEND Thumb,3103,2908,2846,3063,2882,3067,3132,10635.282258,8329.570345,7747.317854,10091.279070,8078.153339,10143.774319,11057.943925,-0.075745,0.087584,-0.014337,-0.018696,0.011165,0.142603,0.308730
505350,28.3527,9,Thumb_C4_Bend,Thumb,bend,4,0.3527,Thumb cycle 4: BEND Thumb,3107,2941,2848,3062,2894,3067,3127,10692.105263,8664.991334,7765.196472,10078.218780,8192.839301,10143.774319,10983.264463,-0.070807,0.131380,-0.012063,-0.019966,0.025520,0.142603,0.299891
505400,28.3635,9,Thumb_C4_Bend,Thumb,bend,4,0.3635,Thumb cycle 4: BEND Thumb,3126,2930,2851,3065,2888,3055,3120,10968.421053,8551.072961,7792.122186,10117.475728,8135.211268,9987.500000,10880.000000,-0.046794,0.116505,-0.008637,-0.016149,0.018307,0.125000,0.287670
505450,28.4176,9,Thumb_C4_Bend,Thumb,bend,4,0.4176,Thumb cycle 4: BEND Thumb,3136,2927,2842,3057,2883,3063,3110,11118.248175,8520.376712,7711.731844,10013.294798,8087.623762,10091.279070,10735.025381,-0.033773,0.112497,-0.018865,-0.026280,0.012350,0.136690,0.270512
505500,28.5966,9,Thumb_C4_Bend,Thumb,bend,4,0.5966,Thumb cycle 4: BEND Thumb,3137,2926,2842,3069,2890,3060,3112,11133.402923,8510.179641,7711.731844,10170.175439,8154.356846,10052.173913,10763.784334,-0.032456,0.111166,-0.018865,-0.011024,0.020703,0.132285,0.273916
505550,28.5966,9,Thumb_C4_Bend,Thumb,bend,4,0.5966,Thumb cycle 4: BEND Thumb,3150,2932,2842,3065,2888,3051,3106,11333.333333,8571.625107,7711.731844,10117.475728,8135.211268,9936.206897,10677.856421,-0.015081,0.119189,-0.018865,-0.016149,0.018307,0.119222,0.263746
505600,28.5967,9,Thumb_C4_Bend,Thumb,bend,4,0.5967,Thumb cycle 4: BEND Thumb,3256,2920,2831,3059,2887,3058,3119,13194.755662,8449.361702,7615.031646,10039.189189,8125.662252,10026.229508,10865.368852,0.146685,0.103225,-0.031168,-0.023761,0.017112,0.129363,0.285938
505650,28.6187,9,Thumb_C4_Bend,Thumb,bend,4,0.6187,Thumb cycle 4: BEND Thumb,3233,2919,2843,3063,2894,3047,3101,12751.972158,8439.285714,7720.607029,10091.279070,8192.839301,9885.305344,10607.042254,0.108205,0.101909,-0.017736,-0.018696,0.025520,0.113489,0.255365
505700,28.6731,9,Thumb_C4_Bend,Thumb,bend,4,0.6731,Thumb cycle 4: BEND Thumb,3227,2906,2839,3060,2889,3029,3079,12640.322581,8309.840202,7685.191083,10052.173913,8144.776119,9660.975610,10303.740157,0.098502,0.085008,-0.022242,-0.022499,0.019504,0.088220,0.219468
505750,28.7057,9,Thumb_C4_Bend,Thumb,bend,4,0.7057,Thumb cycle 4: BEND Thumb,3123,2902,2850,3049,2886,3052,3093,10924.074074,8270.578374,7783.132530,9910.707457,8116.129032,9948.993289,10495.209581,-0.050648,0.079881,-0.009781,-0.036255,0.015918,0.120663,0.242129
505800,28.8426,9,Thumb_C4_Bend,Thumb,bend,4,0.8426,Thumb cycle 4: BEND Thumb,3491,2902,2859,3059,2894,3041,3077,19651.324503,8270.578374,7864.563107,10039.189189,8192.839301,9809.677419,10276.817289,0.707791,0.079881,0.000579,-0.023761,0.025520,0.104970,0.216282
505850,28.8427,9,Thumb_C4_Bend,Thumb,bend,4,0.8427,Thumb cycle 4: BEND Thumb,3571,2897,2851,3057,2889,3022,3072,23170.610687,8221.869783,7792.122186,10013.294798,8144.776119,9575.768872,10209.970674,1.013633,0.073522,-0.008637,-0.026280,0.019504,0.078622,0.208371
505900,28.8749,9,Thumb_C4_Bend,Thumb,bend,4,0.8749,Thumb cycle 4: BEND Thumb,3533,2893,2842,3044,2887,3036,3085,21374.021352,8183.194676,7711.731844,9847.383444,8125.662252,9747.308782,10385.148515,0.857501,0.068472,-0.018865,-0.042413,0.017112,0.097945,0.229103
505950,28.9179,9,Thumb_C4_Bend,Thumb,bend,4,0.9179,Thumb cycle 4: BEND Thumb,3522,2889,2857,3051,2892,3029,3068,20898.429319,8144.776119,7846.365105,9936.206897,8173.566085,9660.975610,10156.962025,0.816170,0.063456,-0.001736,-0.033776,0.023108,0.088220,0.202097
506000,29.1103,9,Thumb_C4_Bend,Thumb,bend,4,1.1103,Thumb cycle 4: BEND Thumb,3550,2887,2854,3052,2887,3027,3086,22146.788991,8125.662252,7819.178082,9948.993289,8125.662252,9636.516854,10398.810704,0.924658,0.060960,-0.005195,-0.032532,0.017112,0.085465,0.230720
506050,29.1104,9,Thumb_C4_Bend,Thumb,bend,4,1.1104,Thumb cycle 4: BEND Thumb,3154,2885,2847,3053,2887,3023,3085,11395.961743,8106.611570,7756.250000,9961.804223,8125.662252,9587.873134,10385.148515,-0.009638,0.058472,-0.013201,-0.031287,0.017112,0.079986,0.229103
506100,29.1104,9,Thumb_C4_Bend,Thumb,bend,4,1.1104,Thumb cycle 4: BEND Thumb,3674,2886,2863,3062,2895,3038,3092,29671.258907,8116.129032,7901.136364,10078.218780,8202.500000,9772.185430,10481.355932,1.578569,0.059715,0.005232,-0.019966,0.026730,0.100747,0.240490
506150,29.1104,9,Thumb_C4_Bend,Thumb,bend,4,1.1104,Thumb cycle 4: BEND Thumb,3607,2905,2847,3059,2886,3100,3102,25130.737705,8300.000000,7756.250000,10039.189189,8116.129032,10592.964824,10621.148036,1.183977,0.083723,-0.013201,-0.023761,0.015918,0.193200,0.257034
506200,29.1759,9,Thumb_C4_Bend,Thumb,bend,4,1.1759,Thumb cycle 4: BEND Thumb,3553,2920,2837,3034,2879,3060,3057,22288.191882,8449.361702,7667.567568,9722.525919,8049.835526,10052.173913,10013.294798,0.936947,0.103225,-0.024484,-0.054555,0.007620,0.132285,0.185094
506250,29.2191,9,Thumb_C4_Bend,Thumb,bend,4,1.2191,Thumb cycle 4: BEND Thumb,3776,2918,2842,3062,2886,3097,3145,40245.768025,8429.226848,7711.731844,10078.218780,8116.129032,10550.901804,11255.789474,2.497543,0.100596,-0.018865,-0.019966,0.015918,0.188462,0.332145
506300,29.3673,9,Thumb_C4_Bend,Thumb,bend,4,1.3673,Thumb cycle 4: BEND Thumb,3372,2930,2845,3055,2887,3117,3205,15857.261411,8551.072961,7738.400000,9987.500000,8125.662252,10836.196319,12243.820225,0.378069,0.116505,-0.015472,-0.028788,0.017112,0.220598,0.449081
506350,29.3673,9,Thumb_C4_Bend,Thumb,bend,4,1.3673,Thumb cycle 4: BEND Thumb,3538,2906,2829,3044,2883,3120,3250,21596.409336,8309.840202,7597.630332,9847.383444,8087.623762,10880.000000,13076.923077,0.876828,0.085008,-0.033382,-0.042413,0.012350,0.225532,0.547680
506400,29.3674,9,Thumb_C4_Bend,Thumb,bend,4,1.3674,Thumb cycle 4: BEND Thumb,3533,2913,2840,3051,2889,3122,3161,21374.021352,8379.187817,7694.023904,9936.206897,8144.776119,10909.352518,11506.852248,0.857501,0.094062,-0.021118,-0.033776,0.019504,0.228838,0.361859
506450,29.4110,9,Thumb_C4_Bend,Thumb,bend,4,1.4110,Thumb cycle 4: BEND Thumb,3364,2937,2835,3048,2886,3093,3070,15646.511628,8623.316062,7650.000000,9897.994269,8116.129032,10495.209581,10183.414634,0.359754,0.125938,-0.026719,-0.037492,0.015918,0.182189,0.205228
506500,29.6178,9,Thumb_C4_Bend,Thumb,bend,4,1.6178,Thumb cycle 4: BEND Thumb,3439,2932,2822,3024,2886,3134,3011,17824.085366,8571.625107,7537.156324,9600.000000,8116.129032,11088.033299,9444.095941,0.548995,0.119189,-0.041075,-0.066469,0.015918,0.248965,0.117728
506550,29.6178,9,Thumb_C4_Bend,Thumb,bend,4,1.6178,Thumb cycle 4: BEND Thumb,3422,2920,2832,3033,2892,3138,2993,17287.964339,8449.361702,7623.752969,9710.169492,8173.566085,11148.589342,9234.301270,0.502404,0.103225,-0.030058,-0.055756,0.023108,0.255786,0.092898
506600,29.6179,9,Thumb_C4_Bend,Thumb,bend,4,1.6179,Thumb cycle 4: BEND Thumb,3339,2921,2833,3044,2892,3132,2983,15016.666667,8459.454855,7632.488114,9847.383444,8173.566085,11057.943925,9120.683453,0.305018,0.104543,-0.028947,-0.042413,0.023108,0.245576,0.079451
506650,29.6394,9,Thumb_C4_Bend,Thumb,bend,4,1.6394,Thumb cycle 4: BEND Thumb,3348,2894,2818,3028,2899,3140,2968,15238.554217,8192.839301,7502.897416,9648.734770,8241.304348,11179.057592,8954.037267,0.324301,0.069731,-0.045434,-0.061730,0.031587,0.259218,0.059728
506700,29.6826,9,Thumb_C4_Bend,Thumb,bend,4,1.6826,Thumb cycle 4: BEND Thumb,3311,2904,2831,3038,2897,3122,2977,14358.928571,8290.176322,7615.031646,9772.185430,8221.869783,10909.352518,9053.488372,0.247857,0.082440,-0.031168,-0.049726,0.029154,0.228838,0.071499
506750,29.8572,9,Thumb_C4_Bend,Thumb,bend,4,1.8572,Thumb cycle 4: BEND Thumb,3359,2908,2827,3030,2888,3175,2961,15517.119565,8329.570345,7580.283912,9673.239437,8135.211268,11733.695652,8877.777778,0.348509,0.087584,-0.035589,-0.059347,0.018307,0.321693,0.050703
506800,29.8573,9,Thumb_C4_Bend,Thumb,bend,4,1.8573,Thumb cycle 4: BEND Thumb,3291,2894,2829,3025,2888,3111,2960,13917.164179,8192.839301,7597.630332,9612.149533,8135.211268,10749.390244,8866.960352,0.209466,0.069731,-0.033382,-0.065288,0.018307,0.210820,0.049423
506850,29.8573,9,Thumb_C4_Bend,Thumb,bend,4,1.8573,Thumb cycle 4: BEND Thumb,3223,2893,2834,3036,2896,3162,2957,12566.743119,8183.194676,7641.237113,9747.308782,8212.176814,11522.829582,8834.622144,0.092108,0.068472,-0.027834,-0.052145,0.027941,0.297941,0.045595
506900,29.8793,9,Thumb_C4_Bend,Thumb,bend,4,1.8793,Thumb cycle 4: BEND Thumb,3209,2896,2832,3029,2891,3114,2953,12314.446953,8212.176814,7623.752969,9660.975610,8163.953488,10792.660550,8791.768827,0.070182,0.072256,-0.030058,-0.060540,0.021905,0.215694,0.040524
506950,29.9231,9,Thumb_C4_Bend,Thumb,bend,4,1.9231,Thumb cycle 4: BEND Thumb,3221,2882,2820,3023,2888,3109,2957,12530.205950,8078.153339,7520.000000,9587.873134,8135.211268,10720.689655,8834.622144,0.088933,0.054757,-0.043258,-0.067649,0.018307,0.207587,0.045595
507000,29.9668,9,Thumb_C4_Bend,Thumb,bend,4,1.9668,Thumb cycle 4: BEND Thumb,3184,2890,2827,3027,2894,3108,2962,11883.205269,8154.356846,7580.283912,9636.516854,8192.839301,10706.382979,8888.614298,0.032705,0.064706,-0.035589,-0.062918,0.025520,0.205976,0.051985
507050,30.1242,10,Thumb_C5_Open,Thumb,open,5,0.1242,Thumb cycle 5: OPEN,3233,2883,2830,3024,2890,3096,2946,12751.972158,8087.623762,7606.324111,9600.000000,8154.356846,10536.936937,8717.493473,0.108205,0.055993,-0.032276,-0.066469,0.020703,0.186889,0.031733
507100,30.1245,10,Thumb_C5_Open,Thumb,open,5,0.1245,Thumb cycle 5: OPEN,3250,2869,2816,3012,2885,3097,2957,13076.923077,7956.443719,7485.848319,9455.955679,8106.611570,10550.901804,8834.622144,0.136445,0.038865,-0.047603,-0.080477,0.014727,0.188462,0.045595
507150,30.1245,10,Thumb_C5_Open,Thumb,open,5,0.1245,Thumb cycle 5: OPEN,3232,2872,2820,3014,2889,3120,2957,12733.256083,7984.300899,7520.000000,9479.740981,8144.776119,10880.000000,8834.622144,0.106579,0.042502,-0.043258,-0.078164,0.019504,0.225532,0.045595
507200,30.1570,10,Thumb_C5_Open,Thumb,open,5,0.1570,Thumb cycle 5: OPEN,3212,2877,2822,3013,2886,3098,2947,12367.836920,8031.034483,7537.156324,9467.837338,8116.129032,10564.894684,8728.048780,0.074822,0.048604,-0.041075,-0.079321,0.015918,0.190038,0.032982
507250,30.2222,10,Thumb_C5_Open,Thumb,open,5,0.2222,Thumb cycle 5: OPEN,3193,2866,2812,3010,2885,3117,2951,12035.698448,7928.722539,7451.909587,9432.258065,8106.611570,10836.196319,8770.454545,0.045958,0.035246,-0.051921,-0.082781,0.014727,0.220598,0.038001
507300,30.4048,10,Thumb_C5_Open,Thumb,open,5,0.4048,Thumb cycle 5: OPEN,3195,2879,2828,3017,2893,3102,2948,12070.000000,8049.835526,7588.950276,9515.584416,8183.194676,10621.148036,8738.622493,0.048939,0.051059,-0.034486,-0.074678,0.024313,0.196375,0.034234
507350,30.4049,10,Thumb_C5_Open,Thumb,open,5,0.4049,Thumb cycle 5: OPEN,3216,2882,2828,3014,2890,3074,2945,12439.590444,8078.153339,7588.950276,9479.740981,8154.356846,10236.630754,8706.956522,0.081058,0.054757,-0.034486,-0.078164,0.020703,0.153062,0.030486
507400,30.4050,10,Thumb_C5_Open,Thumb,open,5,0.4050,Thumb cycle 5: OPEN,3231,2876,2816,2997,2884,3092,2961,12714.583333,8021.657096,7485.848319,9280.327869,8097.109827,10481.355932,8877.777778,0.104956,0.047380,-0.047603,-0.097555,0.013538,0.180628,0.050703
507450,30.4155,10,Thumb_C5_Open,Thumb,open,5,0.4155,Thumb cycle 5: OPEN,3176,2882,2820,3012,2887,3082,2958,11750.163221,8078.153339,7520.000000,9455.955679,8125.662252,10344.323791,8845.382586,0.021143,0.054757,-0.043258,-0.080477,0.017112,0.165193,0.046869
507500,30.4814,10,Thumb_C5_Open,Thumb,open,5,0.4814,Thumb cycle 5: OPEN,3202,2882,2831,3014,2884,3090,2946,12191.265398,8078.153339,7615.031646,9479.740981,8097.109827,10453.731343,8717.493473,0.059477,0.054757,-0.031168,-0.078164,0.013538,0.177517,0.031733
507550,30.6607,10,Thumb_C5_Open,Thumb,open,5,0.6607,Thumb cycle 5: OPEN,3140,2865,2821,3003,2880,3082,2937,11179.057592,7919.512195,7528.571429,9350.000000,8059.259259,10344.323791,8623.316062,-0.028488,0.034043,-0.042168,-0.090780,0.008800,0.165193,0.020587
507600,30.6608,10,Thumb_C5_Open,Thumb,open,5,0.6608,Thumb cycle 5: OPEN,3177,2864,2833,3015,2882,3090,2938,11766.666667,7910.316816,7632.488114,9491.666667,8078.153339,10453.731343,8633.707865,0.022578,0.032842,-0.028947,-0.077004,0.011165,0.177517,0.021817
507650,30.6608,10,Thumb_C5_Open,Thumb,open,5,0.6608,Thumb cycle 5: OPEN,3201,2886,2829,3011,2879,3031,2935,12173.825503,8116.129032,7597.630332,9444.095941,8049.835526,9685.526316,8602.586207,0.057962,0.059715,-0.033382,-0.081630,0.007620,0.090985,0.018133
507700,30.6715,10,Thumb_C5_Open,Thumb,open,5,0.6715,Thumb cycle 5: OPEN,3185,2875,2819,3003,2879,3042,2941,11900.000000,8012.295082,7511.442006,9350.000000,8049.835526,9822.222222,8664.991334,0.034165,0.046158,-0.044347,-0.090780,0.007620,0.106383,0.025519
507750,30.7149,10,Thumb_C5_Open,Thumb,open,5,0.7149,Thumb cycle 5: OPEN,3180,2878,2816,3016,2884,3054,2944,11816.393443,8040.427280,7485.848319,9503.614458,8097.109827,9974.639769,8696.437880,0.026899,0.049831,-0.047603,-0.075842,0.013538,0.123551,0.029241
507800,30.8901,10,Thumb_C5_Open,Thumb,open,5,0.8901,Thumb cycle 5: OPEN,3179,2886,2809,3016,2881,3034,2947,11799.781659,8116.129032,7426.594090,9503.614458,8068.698517,9722.525919,8728.048780,0.025455,0.059715,-0.055142,-0.075842,0.009981,0.095153,0.032982
507850,30.8902,10,Thumb_C5_Open,Thumb,open,5,0.8902,Thumb cycle 5: OPEN,3170,2883,2818,3012,2880,3052,2942,11651.891892,8087.623762,7502.897416,9455.955679,8059.259259,9948.993289,8675.455334,0.012603,0.055993,-0.045434,-0.080477,0.008800,0.120663,0.026758
507900,30.8902,10,Thumb_C5_Open,Thumb,open,5,0.8902,Thumb cycle 5: OPEN,3149,2896,2824,3019,2885,3065,2929,11317.758985,8212.176814,7554.366640,9539.591078,8106.611570,10117.475728,8540.823328,-0.016435,0.072256,-0.038886,-0.072344,0.014727,0.139641,0.010824
507950,30.9223,10,Thumb_C5_Open,Thumb,open,5,0.9223,Thumb cycle 5: OPEN,3162,2903,2823,3017,2878,3041,2929,11522.829582,8280.369128,7545.754717,9515.584416,8040.427280,9809.677419,8540.823328,0.001387,0.081160,-0.039982,-0.074678,0.006442,0.104970,0.010824
508000,30.9550,10,Thumb_C5_Open,Thumb,open,5,0.9550,Thumb cycle 5: OPEN,3205,2869,2810,3008,2874,3023,2973,12243.820225,7956.443719,7435.019455,9408.647654,8002.948403,9587.873134,9009.090909,0.064044,0.038865,-0.054070,-0.085077,0.001751,0.079986,0.066244
508050,31.1499,10,Thumb_C5_Open,Thumb,open,5,1.1499,Thumb cycle 5: OPEN,3401,2868,2829,3020,2881,3044,3323,16661.959654,7947.188264,7597.630332,9551.627907,8068.698517,9847.383444,14634.974093,0.448001,0.037657,-0.033382,-0.071173,0.009981,0.109217,0.732079
508100,31.1500,10,Thumb_C5_Open,Thumb,open,5,1.1500,Thumb cycle 5: OPEN,3405,2886,2841,3023,2877,3099,3334,16778.260870,8116.129032,7702.870813,9587.873134,8031.034483,10578.915663,14895.663601,0.458108,0.059715,-0.019992,-0.067649,0.005267,0.191618,0.762932
508150,31.1500,10,Thumb_C5_Open,Thumb,open,5,1.1500,Thumb cycle 5: OPEN,3440,2875,2823,3011,2875,3117,3321,17856.488550,8012.295082,7545.754717,9444.095941,8012.295082,10836.196319,14588.372093,0.551811,0.046158,-0.039982,-0.081630,0.002921,0.220598,0.726563
508200,31.1722,10,Thumb_C5_Open,Thumb,open,5,1.1722,Thumb cycle 5: OPEN,3400,2875,2833,3024,2883,3108,3315,16633.093525,8012.295082,7632.488114,9600.000000,8087.623762,10706.382979,14450.000000,0.445493,0.046158,-0.028947,-0.066469,0.012350,0.205976,0.710187
508250,31.2269,10,Thumb_C5_Open,Thumb,open,5,1.2269,Thumb cycle 5: OPEN,3377,2890,2802,3039,2881,3157,3311,15991.364903,8154.356846,7367.981439,9784.659091,8068.698517,11443.283582,14358.928571,0.389723,0.064706,-0.062599,-0.048513,0.009981,0.288981,0.699408
508300,31.3963,10,Thumb_C5_Open,Thumb,open,5,1.3963,Thumb cycle 5: OPEN,3325,2909,2816,3033,2879,3167,3297,14681.818182,8339.460371,7485.848319,9710.169492,8049.835526,11603.232759,14047.368421,0.275918,0.088875,-0.047603,-0.055756,0.007620,0.306997,0.662534
508350,31.3964,10,Thumb_C5_Open,Thumb,open,5,1.3964,Thumb cycle 5: OPEN,3294,2970,2830,3043,2889,3204,3270,13982.022472,8976.000000,7606.324111,9834.790875,8144.776119,12226.262626,13476.363636,0.215102,0.171988,-0.032276,-0.043638,0.019504,0.377176,0.594955
508400,31.3964,10,Thumb_C5_Open,Thumb,open,5,1.3964,Thumb cycle 5: OPEN,3354,2991,2829,3035,2883,3219,3236,15389.473684,9211.413043,7597.630332,9734.905660,8087.623762,12493.835616,12808.381839,0.337416,0.202725,-0.033382,-0.053351,0.012350,0.407316,0.515898
508450,31.4174,10,Thumb_C5_Open,Thumb,open,5,1.4174,Thumb cycle 5: OPEN,3377,2970,2809,3041,2881,3176,3211,15991.364903,8976.000000,7426.594090,9809.677419,8068.698517,11750.163221,12350.000000,0.389723,0.171988,-0.055142,-0.046080,0.009981,0.323548,0.461647
508500,31.4608,10,Thumb_C5_Open,Thumb,open,5,1.4608,Thumb cycle 5: OPEN,3271,2950,2818,3041,2885,3178,3158,13496.844660,8759.825328,7502.897416,9809.677419,8106.611570,11783.206107,11459.124867,0.172938,0.143762,-0.045434,-0.046080,0.014727,0.327270,0.356211
508550,31.6548,10,Thumb_C5_Open,Thumb,open,5,1.6548,Thumb cycle 5: OPEN,3272,2949,2819,3039,2884,3160,3160,13517.375456,8749.214660,7511.442006,9784.659091,8097.109827,11490.909091,11490.909091,0.174722,0.142377,-0.044347,-0.048513,0.013538,0.294345,0.359972
508600,31.6549,10,Thumb_C5_Open,Thumb,open,5,1.6549,Thumb cycle 5: OPEN,3408,2948,2802,3019,2874,3161,3182,16866.375546,8738.622493,7367.981439,9539.591078,8002.948403,11506.852248,11849.726177,0.465766,0.140993,-0.062599,-0.072344,0.001751,0.296141,0.402439
508650,31.6549,10,Thumb_C5_Open,Thumb,open,5,1.6549,Thumb cycle 5: OPEN,3231,2926,2817,3035,2884,3139,3151,12714.583333,8510.179641,7494.366197,9734.905660,8097.109827,11163.807531,11348.940678,0.104956,0.111166,-0.046519,-0.053351,0.013538,0.257500,0.343170
508700,31.6765,10,Thumb_C5_Open,Thumb,open,5,1.6765,Thumb cycle 5: OPEN,3228,2924,2817,3035,2887,3127,3140,12658.823529,8489.837746,7494.366197,9734.905660,8125.662252,10983.264463,11179.057592,0.100110,0.108510,-0.046519,-0.053351,0.017112,0.237164,0.323064
508750,31.7193,10,Thumb_C5_Open,Thumb,open,5,1.7193,Thumb cycle 5: OPEN,3243,2922,2811,3028,2878,3119,3125,12941.549296,8469.565217,7443.457944,9648.734770,8040.427280,10865.368852,10953.608247,0.124680,0.105863,-0.052996,-0.061730,0.006442,0.223884,0.296382
508800,31.9115,10,Thumb_C5_Open,Thumb,open,5,1.9115,Thumb cycle 5: OPEN,3218,2918,2817,3029,2881,3090,3144,12475.712657,8429.226848,7494.366197,9660.975610,8068.698517,10453.731343,11240.378549,0.084197,0.100596,-0.046519,-0.060540,0.009981,0.177517,0.330321
508850,31.9115,10,Thumb_C5_Open,Thumb,open,5,1.9115,Thumb cycle 5: OPEN,3479,2927,2829,3036,2884,3101,3120,19202.272727,8520.376712,7597.630332,9747.308782,8097.109827,10607.042254,10880.000000,0.668766,0.112497,-0.033382,-0.052145,0.013538,0.194786,0.287670
508900,31.9116,10,Thumb_C5_Open,Thumb,open,5,1.9116,Thumb cycle 5: OPEN,3404,2928,2801,3024,2876,3099,3119,16749.059334,8530.591260,7359.659969,9600.000000,8021.657096,10578.915663,10865.368852,0.455570,0.113831,-0.063658,-0.066469,0.004093,0.191618,0.285938
508950,31.9333,10,Thumb_C5_Open,Thumb,open,5,1.9333,Thumb cycle 5: OPEN,3237,2912,2815,3042,2883,3100,3118,12827.272727,8369.230769,7477.343750,9822.222222,8087.623762,10592.964824,10850.767656,0.114749,0.092762,-0.048685,-0.044860,0.012350,0.193200,0.284210
509000,31.9770,10,Thumb_C5_Open,Thumb,open,5,1.9770,Thumb cycle 5: OPEN,3223,2914,2810,3031,2881,3088,3105,12566.743119,8389.161727,7435.019455,9685.526316,8068.698517,10426.216485,10663.636364,0.092108,0.095365,-0.054070,-0.058153,0.009981,0.174417,0.262063
509050,32.0167,11,Thumb_C5_Bend,Thumb,bend,5,0.0167,Thumb cycle 5: BEND Thumb,3193,2886,2828,3021,2874,3089,3118,12035.698448,8116.129032,7588.950276,9563.687151,8002.948403,10439.960239,10850.767656,0.045958,0.059715,-0.034486,-0.070001,0.001751,0.175965,0.284210
509100,32.1705,11,Thumb_C5_Bend,Thumb,bend,5,0.1705,Thumb cycle 5: BEND Thumb,3299,2889,2833,3029,2880,3086,3111,14091.206030,8144.776119,7632.488114,9660.975610,8059.259259,10398.810704,10749.390244,0.224591,0.063456,-0.028947,-0.060540,0.008800,0.171330,0.272212
509150,32.1706,11,Thumb_C5_Bend,Thumb,bend,5,0.1706,Thumb cycle 5: BEND Thumb,3168,2906,2833,3022,2879,3069,3106,11619.417476,8309.840202,7632.488114,9575.768872,8049.835526,10170.175439,10677.856421,0.009781,0.085008,-0.028947,-0.068826,0.007620,0.145577,0.263746
509200,32.1706,11,Thumb_C5_Bend,Thumb,bend,5,0.1706,Thumb cycle 5: BEND Thumb,3265,2897,2821,3015,2874,3088,3115,13374.698795,8221.869783,7528.571429,9491.666667,8002.948403,10426.216485,10807.142857,0.162323,0.073522,-0.042168,-0.077004,0.001751,0.174417,0.279047
509250,32.2133,11,Thumb_C5_Bend,Thumb,bend,5,0.2133,Thumb cycle 5: BEND Thumb,3173,2896,2832,3020,2875,3089,3118,11700.867679,8212.176814,7623.752969,9551.627907,8012.295082,10439.960239,10850.767656,0.016859,0.072256,-0.030058,-0.071173,0.002921,0.175965,0.284210
509300,32.2788,11,Thumb_C5_Bend,Thumb,bend,5,0.2788,Thumb cycle 5: BEND Thumb,3173,2894,2834,3014,2878,3077,3124,11700.867679,8192.839301,7641.237113,9479.740981,8040.427280,10276.817289,10938.825953,0.016859,0.069731,-0.027834,-0.078164,0.006442,0.157589,0.294632
509350,32.4104,11,Thumb_C5_Bend,Thumb,bend,5,0.4104,Thumb cycle 5: BEND Thumb,3162,2893,2817,3003,2875,3079,3127,11522.829582,8183.194676,7494.366197,9350.000000,8012.295082,10303.740157,10983.264463,0.001387,0.068472,-0.046519,-0.090780,0.002921,0.160622,0.299891
509400,32.4104,11,Thumb_C5_Bend,Thumb,bend,5,0.4104,Thumb cycle 5: BEND Thumb,3201,2891,2822,3007,2879,3067,3105,12173.825503,8163.953488,7537.156324,9396.875000,8049.835526,10143.774319,10663.636364,0.057962,0.065960,-0.041075,-0.086222,0.007620,0.142603,0.262063
509450,32.4105,11,Thumb_C5_Bend,Thumb,bend,5,0.4105,Thumb cycle 5: BEND Thumb,3173,2888,2817,3005,2871,3054,3101,11700.867679,8135.211268,7494.366197,9373.394495,7975.000000,9974.639769,10607.042254,0.016859,0.062207,-0.046519,-0.088505,-0.001747,0.123551,0.255365
509500,32.4763,11,Thumb_C5_Bend,Thumb,bend,5,0.4763,Thumb cycle 5: BEND Thumb,3159,2877,2804,2995,2869,3057,3100,11475.000000,8031.034483,7384.663052,9257.272727,7956.443719,10013.294798,10592.964824,-0.002770,0.048604,-0.060477,-0.099797,-0.004070,0.127906,0.253699
509550,32.5197,11,Thumb_C5_Bend,Thumb,bend,5,0.5197,Thumb cycle 5: BEND Thumb,3162,2889,2814,3004,2875,3052,3112,11522.829582,8144.776119,7468.852459,9361.686526,8012.295082,9948.993289,10763.784334,0.001387,0.063456,-0.049766,-0.089644,0.002921,0.120663,0.273916
509600,32.6681,11,Thumb_C5_Bend,Thumb,bend,5,0.6681,Thumb cycle 5: BEND Thumb,3145,2892,2817,3005,2873,3040,3095,11255.789474,8173.566085,7494.366197,9373.394495,7993.617021,9797.156398,10523.000000,-0.021820,0.067215,-0.046519,-0.088505,0.000583,0.103560,0.245418
509650,32.6682,11,Thumb_C5_Bend,Thumb,bend,5,0.6682,Thumb cycle 5: BEND Thumb,3134,2878,2815,3001,2863,3053,3101,11088.033299,8040.427280,7477.343750,9326.691042,7901.136364,9961.804223,10607.042254,-0.036399,0.049831,-0.048685,-0.093047,-0.010993,0.122106,0.255365
509700,32.6786,11,Thumb_C5_Bend,Thumb,bend,5,0.6786,Thumb cycle 5: BEND Thumb,3271,2872,2832,3014,2874,3045,3089,13496.844660,7984.300899,7623.752969,9479.740981,8002.948403,9860.000000,10439.960239,0.172938,0.042502,-0.030058,-0.078164,0.001751,0.110638,0.235590
509750,32.7115,11,Thumb_C5_Bend,Thumb,bend,5,0.7115,Thumb cycle 5: BEND Thumb,3612,2883,2836,3011,2872,3052,3057,25426.086957,8087.623762,7658.776807,9444.095941,7984.300899,9948.993289,10013.294798,1.209644,0.055993,-0.025602,-0.081630,-0.000583,0.120663,0.185094
509800,32.7656,11,Thumb_C5_Bend,Thumb,bend,5,0.7656,Thumb cycle 5: BEND Thumb,3607,2870,2839,2999,2871,3062,3075,25130.737705,7965.714286,7685.191083,9303.467153,7975.000000,10078.218780,10250.000000,1.183977,0.040076,-0.022242,-0.095305,-0.001747,0.135219,0.213108
509850,32.9239,11,Thumb_C5_Bend,Thumb,bend,5,0.9239,Thumb cycle 5: BEND Thumb,3584,2886,2849,3003,2872,3059,3060,23846.575342,8116.129032,7774.157303,9350.000000,7984.300899,10039.189189,10052.173913,1.072377,0.059715,-0.010923,-0.090780,-0.000583,0.130822,0.189695
509900,32.9240,11,Thumb_C5_Bend,Thumb,bend,5,0.9240,Thumb cycle 5: BEND Thumb,3440,2896,2852,2992,2875,3072,3074,17856.488550,8212.176814,7801.126307,9222.846782,8012.295082,10209.970674,10236.630754,0.551811,0.072256,-0.007492,-0.103145,0.002921,0.150059,0.211526
509950,32.9240,11,Thumb_C5_Bend,Thumb,bend,5,0.9240,Thumb cycle 5: BEND Thumb,3558,2886,2840,2992,2865,3097,3079,22527.374302,8116.129032,7694.023904,9222.846782,7919.512195,10550.901804,10303.740157,0.957733,0.059715,-0.021118,-0.103145,-0.008693,0.188462,0.219468
510000,32.9667,11,Thumb_C5_Bend,Thumb,bend,5,0.9667,Thumb cycle 5: BEND Thumb,3512,2905,2841,3008,2875,3038,3083,20481.646655,8300.000000,7702.870813,9408.647654,8012.295082,9772.185430,10357.905138,0.779950,0.083723,-0.019992,-0.085077,0.002921,0.100747,0.225879
510050,33.0436,11,Thumb_C5_Bend,Thumb,bend,5,1.0436,Thumb cycle 5: BEND Thumb,3968,2914,2855,3021,2879,3108,3074,106229.921260,8389.161727,7828.225806,9563.687151,8049.835526,10706.382979,10236.630754,8.231870,0.095365,-0.004044,-0.070001,0.007620,0.205976,0.211526
510100,33.1829,11,Thumb_C5_Bend,Thumb,bend,5,1.1829,Thumb cycle 5: BEND Thumb,3579,2913,2867,3020,2872,3103,3234,23582.558140,8379.187817,7937.947883,9551.627907,7984.300899,10635.282258,12770.731707,1.049433,0.094062,0.009916,-0.071173,-0.000583,0.197967,0.511442
510150,33.1830,11,Thumb_C5_Bend,Thumb,bend,5,1.1830,Thumb cycle 5: BEND Thumb,3401,2930,2856,3020,2887,3121,3193,16661.959654,8551.072961,7837.288136,9551.627907,8125.662252,10894.661191,12035.698448,0.448001,0.116505,-0.002891,-0.071173,0.017112,0.227183,0.424449
510200,33.1940,11,Thumb_C5_Bend,Thumb,bend,5,1.1940,Thumb cycle 5: BEND Thumb,3475,2938,2835,3022,2883,3119,3074,19056.451613,8633.707865,7650.000000,9575.768872,8087.623762,10865.368852,10236.630754,0.656094,0.127295,-0.026719,-0.068826,0.012350,0.223884,0.211526
510250,33.2375,11,Thumb_C5_Bend,Thumb,bend,5,1.2375,Thumb cycle 5: BEND Thumb,3420,2945,2832,3019,2882,3142,3024,17226.666667,8706.956522,7623.752969,9539.591078,8078.153339,11209.653725,9600.000000,0.497077,0.136859,-0.030058,-0.072344,0.011165,0.262664,0.136179
510300,33.2699,11,Thumb_C5_Bend,Thumb,bend,5,1.2699,Thumb cycle 5: BEND Thumb,3351,2967,2860,3033,2886,3223,3032,15313.709677,8943.085106,7873.684211,9710.169492,8116.129032,12566.743119,9697.836312,0.330832,0.167690,0.001740,-0.055756,0.015918,0.415528,0.147758
510350,33.4378,11,Thumb_C5_Bend,Thumb,bend,5,1.4378,Thumb cycle 5: BEND Thumb,3338,2950,2862,3036,2888,3238,3025,14992.338177,8759.825328,7891.970803,9747.308782,8135.211268,12846.207701,9612.149533,0.302903,0.143762,0.004066,-0.052145,0.018307,0.447007,0.137617
510400,33.4378,11,Thumb_C5_Bend,Thumb,bend,5,1.4378,Thumb cycle 5: BEND Thumb,3327,2935,2865,3023,2880,3291,3019,14728.906250,8602.586207,7919.512195,9587.873134,8059.259259,13917.164179,9539.591078,0.280010,0.123231,0.007570,-0.067649,0.008800,0.567641,0.129030
510450,33.4379,11,Thumb_C5_Bend,Thumb,bend,5,1.4379,Thumb cycle 5: BEND Thumb,3316,2934,2865,3027,2888,3277,3018,14472.913992,8592.248062,7919.512195,9636.516854,8135.211268,13620.782396,9527.576602,0.257763,0.121882,0.007570,-0.062918,0.018307,0.534256,0.127608
510500,33.4594,11,Thumb_C5_Bend,Thumb,bend,5,1.4594,Thumb cycle 5: BEND Thumb,3281,2927,2862,3024,2887,3247,2993,13704.422604,8520.376712,7891.970803,9600.000000,8125.662252,13018.632075,9234.301270,0.190978,0.112497,0.004066,-0.066469,0.017112,0.466429,0.092898
510550,33.5357,11,Thumb_C5_Bend,Thumb,bend,5,1.5357,Thumb cycle 5: BEND Thumb,3243,2918,2854,3014,2884,3215,3005,12941.549296,8429.226848,7819.178082,9479.740981,8097.109827,12421.590909,9373.394495,0.124680,0.100596,-0.005195,-0.078164,0.013538,0.399178,0.109360
510600,33.6864,11,Thumb_C5_Bend,Thumb,bend,5,1.6864,Thumb cycle 5: BEND Thumb,3221,2909,2842,3015,2889,3179,3013,12530.205950,8339.460371,7711.731844,9491.666667,8144.776119,11799.781659,9467.837338,0.088933,0.088875,-0.018865,-0.077004,0.019504,0.329137,0.120538
510650,33.6865,11,Thumb_C5_Bend,Thumb,bend,5,1.6865,Thumb cycle 5: BEND Thumb,3215,2920,2826,3009,2884,3181,2993,12421.590909,8449.361702,7571.631206,9420.441989,8097.109827,11833.041575,9234.301270,0.079494,0.103225,-0.036689,-0.083930,0.013538,0.332883,0.092898
510700,33.6865,11,Thumb_C5_Bend,Thumb,bend,5,1.6865,Thumb cycle 5: BEND Thumb,3191,2911,2808,3003,2890,3197,2993,12001.548673,8359.290541,7418.181818,9350.000000,8154.356846,12104.454343,9234.301270,0.042990,0.091464,-0.056212,-0.090780,0.020703,0.363455,0.092898
510750,33.7185,11,Thumb_C5_Bend,Thumb,bend,5,1.7185,Thumb cycle 5: BEND Thumb,3200,2918,2819,3017,2887,3179,2990,12156.424581,8429.226848,7511.442006,9515.584416,8125.662252,11799.781659,9200.000000,0.056449,0.100596,-0.044347,-0.074678,0.017112,0.329137,0.088839
510800,33.7950,11,Thumb_C5_Bend,Thumb,bend,5,1.7950,Thumb cycle 5: BEND Thumb,3196,2909,2830,3015,2882,3173,2988,12087.208009,8339.460371,7606.324111,9491.666667,8078.153339,11700.867679,9177.235772,0.050434,0.088875,-0.032276,-0.077004,0.011165,0.317995,0.086144
510850,33.9560,11,Thumb_C5_Bend,Thumb,bend,5,1.9560,Thumb cycle 5: BEND Thumb,3230,2913,2817,3004,2878,3168,2992,12695.953757,8379.187817,7494.366197,9361.686526,8040.427280,11619.417476,9222.846782,0.103337,0.094062,-0.046519,-0.089644,0.006442,0.308820,0.091543
510900,33.9560,11,Thumb_C5_Bend,Thumb,bend,5,1.9560,Thumb cycle 5: BEND Thumb,3230,2916,2830,3011,2887,3185,2968,12695.953757,8409.160305,7606.324111,9444.095941,8125.662252,11900.000000,8954.037267,0.103337,0.097976,-0.032276,-0.081630,0.017112,0.340426,0.059728
510950,33.9561,11,Thumb_C5_Bend,Thumb,bend,5,1.9561,Thumb cycle 5: BEND Thumb,3212,2908,2831,3007,2889,3145,2920,12367.836920,8329.570345,7615.031646,9396.875000,8144.776119,11255.789474,8449.361702,0.074822,0.087584,-0.031168,-0.086222,0.019504,0.267861,-0.000001
511000,33.9884,11,Thumb_C5_Bend,Thumb,bend,5,1.9884,Thumb cycle 5: BEND Thumb,3215,2903,2820,3002,2886,3141,2988,12421.590909,8280.369128,7520.000000,9338.334858,8116.129032,11194.339623,9177.235772,0.079494,0.081160,-0.043258,-0.091914,0.015918,0.260939,0.086144
511050,34.0273,12,Index_Prep_Open,Index,prep_open,0,0.0273,OPEN HAND - prepare for Index,3197,2892,2830,3009,2884,3137,2978,12104.454343,8173.566085,7606.324111,9420.441989,8097.109827,11133.402923,9064.637422,0.051933,0.067215,-0.032276,-0.083930,0.013538,0.254075,0.072818
511100,34.2168,12,Index_Prep_Open,Index,prep_open,0,0.2168,OPEN HAND - prepare for Index,3201,2901,2823,3010,2890,3149,2969,12173.825503,8260.804020,7545.754717,9432.258065,8154.356846,11317.758985,8965.008881,0.057962,0.078605,-0.039982,-0.082781,0.020703,0.274841,0.061027
511150,34.2168,12,Index_Prep_Open,Index,prep_open,0,0.2168,OPEN HAND - prepare for Index,3189,2896,2813,3000,2883,3143,2972,11967.549669,8212.176814,7460.374415,9315.068493,8087.623762,11225.000000,8998.040962,0.040035,0.072256,-0.050844,-0.094177,0.012350,0.264393,0.064936
511200,34.2169,12,Index_Prep_Open,Index,prep_open,0,0.2169,OPEN HAND - prepare for Index,3181,2900,2821,3004,2884,3126,3004,11833.041575,8251.046025,7528.571429,9361.686526,8097.109827,10968.421053,9361.686526,0.028346,0.077331,-0.042168,-0.089644,0.013538,0.235492,0.107974
511250,34.2273,12,Index_Prep_Open,Index,prep_open,0,0.2273,OPEN HAND - prepare for Index,3157,2901,2814,3006,2886,3126,2975,11443.283582,8260.804020,7468.852459,9385.123967,8116.129032,10968.421053,9031.250000,-0.005526,0.078605,-0.049766,-0.087365,0.015918,0.235492,0.068867
511300,34.2606,12,Index_Prep_Open,Index,prep_open,0,0.2606,OPEN HAND - prepare for Index,3155,2891,2803,3001,2876,3150,2974,11411.702128,8163.953488,7376.315789,9326.691042,8021.657096,11333.333333,9020.160571,-0.008270,0.065960,-0.061539,-0.093047,0.004093,0.276596,0.067554
511350,34.4590,12,Index_Prep_Open,Index,prep_open,0,0.4590,OPEN HAND - prepare for Index,3151,2894,2827,3007,2888,3111,2960,11348.940678,8192.839301,7580.283912,9396.875000,8135.211268,10749.390244,8866.960352,-0.013725,0.069731,-0.035589,-0.086222,0.018307,0.210820,0.049423
511400,34.4591,12,Index_Prep_Open,Index,prep_open,0,0.4591,OPEN HAND - prepare for Index,3175,2895,2821,3004,2887,3087,2965,11733.695652,8202.500000,7528.571429,9361.686526,8125.662252,10412.500000,8921.238938,0.019712,0.070993,-0.042168,-0.089644,0.017112,0.172872,0.055847
511450,34.4591,12,Index_Prep_Open,Index,prep_open,0,0.4591,OPEN HAND - prepare for Index,3146,2888,2806,2995,2877,3090,2981,11271.232877,8135.211268,7401.396431,9257.272727,8031.034483,10453.731343,9098.204668,-0.020478,0.062207,-0.058348,-0.099797,0.005267,0.177517,0.076791
511500,34.4702,12,Index_Prep_Open,Index,prep_open,0,0.4702,OPEN HAND - prepare for Index,3154,2898,2822,3003,2886,3051,2952,11395.961743,8231.578947,7537.156324,9350.000000,8116.129032,9936.206897,8781.102362,-0.009638,0.074789,-0.041075,-0.090780,0.015918,0.119222,0.039261
511550,34.5356,12,Index_Prep_Open,Index,prep_open,0,0.5356,OPEN HAND - prepare for Index,3180,2905,2819,3006,2883,3077,3013,11816.393443,8300.000000,7511.442006,9385.123967,8087.623762,10276.817289,9467.837338,0.026899,0.083723,-0.044347,-0.087365,0.012350,0.157589,0.120538
511600,34.5676,12,Index_Prep_Open,Index,prep_open,0,0.5676,OPEN HAND - prepare for Index,3175,2889,2810,2997,2869,3090,2991,11733.695652,8144.776119,7435.019455,9280.327869,7956.443719,10453.731343,9211.413043,0.019712,0.063456,-0.054070,-0.097555,-0.004070,0.177517,0.090189
511650,34.7097,12,Index_Prep_Open,Index,prep_open,0,0.7097,OPEN HAND - prepare for Index,3144,2893,2828,3005,2881,3094,2976,11240.378549,8183.194676,7588.950276,9373.394495,8068.698517,10509.090909,9042.359249,-0.023159,0.068472,-0.034486,-0.088505,0.009981,0.183752,0.070181
511700,34.7098,12,Index_Prep_Open,Index,prep_open,0,0.7098,OPEN HAND - prepare for Index,3135,2900,2825,3008,2879,3084,2964,11103.125000,8251.046025,7562.992126,9408.647654,8049.835526,10371.513353,8910.344828,-0.035087,0.077331,-0.037788,-0.085077,0.007620,0.168256,0.054557
511750,34.7308,12,Index_Prep_Open,Index,prep_open,0,0.7308,OPEN HAND - prepare for Index,3106,2891,2811,2997,2869,3099,2959,10677.856421,8163.953488,7443.457944,9280.327869,7956.443719,10578.915663,8856.161972,-0.072045,0.065960,-0.052996,-0.097555,-0.004070,0.191618,0.048145
511800,34.7959,12,Index_Prep_Open,Index,prep_open,0,0.7959,OPEN HAND - prepare for Index,3112,2887,2822,3005,2877,3134,2962,10763.784334,8125.662252,7537.156324,9373.394495,8031.034483,11088.033299,8888.614298,-0.064578,0.060960,-0.041075,-0.088505,0.005267,0.248965,0.051985
511850,34.8288,12,Index_Prep_Open,Index,prep_open,0,0.8288,OPEN HAND - prepare for Index,3118,2890,2821,3004,2878,3083,2970,10850.767656,8154.356846,7528.571429,9361.686526,8040.427280,10357.905138,8976.000000,-0.057018,0.064706,-0.042168,-0.089644,0.006442,0.166723,0.062328
511900,34.9642,12,Index_Prep_Open,Index,prep_open,0,0.9642,OPEN HAND - prepare for Index,3147,2873,2810,2999,2869,3114,3045,11286.708861,7993.617021,7435.019455,9303.467153,7956.443719,10792.660550,9860.000000,-0.019133,0.043719,-0.054070,-0.095305,-0.004070,0.215694,0.166951
511950,34.9643,12,Index_Prep_Open,Index,prep_open,0,0.9643,OPEN HAND - prepare for Index,3203,2870,2821,3008,2881,3086,3059,12208.744395,7965.714286,7528.571429,9408.647654,8068.698517,10398.810704,10039.189189,0.060996,0.040076,-0.042168,-0.085077,0.009981,0.171330,0.188158
512000,34.9858,12,Index_Prep_Open,Index,prep_open,0,0.9858,OPEN HAND - prepare for Index,3235,2872,2822,3008,2879,3091,3075,12789.534884,7984.300899,7537.156324,9408.647654,8049.835526,10467.529880,10250.000000,0.111470,0.042502,-0.041075,-0.085077,0.007620,0.179071,0.213108
512050,35.0175,12,Index_Prep_Open,Index,prep_open,0,1.0175,OPEN HAND - prepare for Index,3189,2865,2809,3001,2871,3053,3068,11967.549669,7919.512195,7426.594090,9326.691042,7975.000000,9961.804223,10156.962025,0.040035,0.034043,-0.055142,-0.093047,-0.001747,0.122106,0.202097
512100,35.0606,12,Index_Prep_Open,Index,prep_open,0,1.0606,OPEN HAND - prepare for Index,3282,2865,2817,3012,2880,3079,3185,13725.461255,7919.512195,7494.366197,9455.955679,8059.259259,10303.740157,11900.000000,0.192806,0.034043,-0.046519,-0.080477,0.008800,0.160622,0.408389
512150,35.2240,12,Index_Prep_Open,Index,prep_open,0,1.2240,OPEN HAND - prepare for Index,3412,2906,2823,3010,2879,3134,3448,16985.065886,8309.840202,7545.754717,9432.258065,8049.835526,11088.033299,18119.319938,0.476081,0.085008,-0.039982,-0.082781,0.007620,0.248965,1.144458
512200,35.2241,12,Index_Prep_Open,Index,prep_open,0,1.2241,OPEN HAND - prepare for Index,3568,2954,2825,3037,2868,3177,3247,23019.354839,8802.453988,7562.992126,9759.735350,7947.188264,11766.666667,13018.632075,1.000488,0.149328,-0.037788,-0.050936,-0.005229,0.325407,0.540781
512250,35.2351,12,Index_Prep_Open,Index,prep_open,0,1.2351,OPEN HAND - prepare for Index,3423,2969,2847,3030,2881,3178,3271,17318.750000,8965.008881,7756.250000,9673.239437,8068.698517,11783.206107,13496.844660,0.505079,0.170553,-0.013201,-0.059347,0.009981,0.327270,0.597379
512300,35.2883,12,Index_Prep_Open,Index,prep_open,0,1.2883,OPEN HAND - prepare for Index,3479,2972,2858,3042,2883,3203,3248,19202.272727,8998.040962,7855.456750,9822.222222,8087.623762,12208.744395,13038.016529,0.668766,0.174866,-0.000579,-0.044860,0.012350,0.375203,0.543076
512350,35.3102,12,Index_Prep_Open,Index,prep_open,0,1.3102,OPEN HAND - prepare for Index,3534,2973,2858,3027,2870,3186,3279,21418.181818,9009.090909,7855.456750,9636.516854,7965.714286,11916.831683,13662.500000,0.861339,0.176308,-0.000579,-0.062918,-0.002910,0.342321,0.616984
512400,35.4721,12,Index_Prep_Open,Index,prep_open,0,1.4721,OPEN HAND - prepare for Index,3429,2961,2854,3050,2885,3212,3214,17505.405405,8877.777778,7819.178082,9923.444976,8106.611570,12367.836920,12403.632236,0.521300,0.159163,-0.005195,-0.035017,0.014727,0.393123,0.467995
512450,35.4722,12,Index_Prep_Open,Index,prep_open,0,1.4722,OPEN HAND - prepare for Index,3388,2989,2841,3038,2871,3223,3215,16293.069307,9188.607595,7702.870813,9772.185430,7975.000000,12566.743119,12421.590909,0.415943,0.199748,-0.019992,-0.049726,-0.001747,0.415528,0.470120
512500,35.4722,12,Index_Prep_Open,Index,prep_open,0,1.4722,OPEN HAND - prepare for Index,3368,3015,2821,3033,2862,3223,3204,15751.306740,9491.666667,7528.571429,9710.169492,7891.970803,12566.743119,12226.262626,0.368861,0.239318,-0.042168,-0.055756,-0.012140,0.415528,0.447003
512550,35.5259,12,Index_Prep_Open,Index,prep_open,0,1.5259,OPEN HAND - prepare for Index,3373,3019,2834,3046,2875,3182,3162,15883.933518,9539.591078,7641.237113,9872.640610,8012.295082,11849.726177,11522.829582,0.380387,0.245575,-0.027834,-0.039957,0.002921,0.334763,0.363750
512600,35.5803,12,Index_Prep_Open,Index,prep_open,0,1.5803,OPEN HAND - prepare for Index,3339,3044,2824,3038,2870,3158,3147,15016.666667,9847.383444,7554.366640,9772.185430,7965.714286,11459.124867,11286.708861,0.305018,0.285763,-0.038886,-0.049726,-0.002910,0.290765,0.335805
512650,35.6015,12,Index_Prep_Open,Index,prep_open,0,1.6015,OPEN HAND - prepare for Index,3414,3019,2820,3023,2863,3163,3142,17044.933921,9539.591078,7520.000000,9587.873134,7901.136364,11538.841202,11209.653725,0.481283,0.245575,-0.043258,-0.067649,-0.010993,0.299744,0.326685
512700,35.7385,12,Index_Prep_Open,Index,prep_open,0,1.7385,OPEN HAND - prepare for Index,3411,3055,2824,3029,2865,3138,3152,16955.263158,9987.500000,7554.366640,9660.975610,7919.512195,11148.589342,11364.581124,0.473491,0.304058,-0.038886,-0.060540,-0.008693,0.255786,0.345021
512750,35.7386,12,Index_Prep_Open,Index,prep_open,0,1.7386,OPEN HAND - prepare for Index,3406,3051,2824,3039,2865,3150,3152,16807.547170,9936.206897,7554.366640,9784.659091,7919.512195,11333.333333,11364.581124,0.460653,0.297361,-0.038886,-0.048513,-0.008693,0.276596,0.345021
512800,35.7714,12,Index_Prep_Open,Index,prep_open,0,1.7714,OPEN HAND - prepare for Index,3386,3012,2821,3034,2862,3180,3171,16237.517630,9455.955679,7528.571429,9722.525919,7891.970803,11816.393443,11668.181818,0.411115,0.234655,-0.042168,-0.054555,-0.012140,0.331008,0.380953
512850,35.8147,12,Index_Prep_Open,Index,prep_open,0,1.8147,OPEN HAND - prepare for Index,3344,3044,2821,3038,2867,3163,3154,15139.280959,9847.383444,7528.571429,9772.185430,7937.947883,11538.841202,11395.961743,0.315673,0.285763,-0.042168,-0.049726,-0.006385,0.299744,0.348735
512900,35.9953,12,Index_Prep_Open,Index,prep_open,0,1.9953,OPEN HAND - prepare for Index,3313,3024,2833,3036,2870,3142,3137,14404.347826,9600.000000,7632.488114,9747.308782,7965.714286,11209.653725,11133.402923,0.251804,0.253463,-0.028947,-0.052145,-0.002910,0.262664,0.317661
512950,35.9954,12,Index_Prep_Open,Index,prep_open,0,1.9954,OPEN HAND - prepare for Index,3311,3016,2837,3024,2859,3156,3150,14358.928571,9503.614458,7667.567568,9600.000000,7864.563107,11427.476038,11333.333333,0.247857,0.240878,-0.024484,-0.066469,-0.015571,0.287200,0.341323
513000,35.9954,12,Index_Prep_Open,Index,prep_open,0,1.9954,OPEN HAND - prepare for Index,3402,3020,2839,3023,2868,3148,3119,16690.909091,9551.627907,7685.191083,9587.873134,7947.188264,11302.217529,10865.368852,0.450517,0.247147,-0.022242,-0.067649,-0.005229,0.273091,0.285938
513050,36.0273,12,Index_Prep_Open,Index,prep_open,0,2.0273,OPEN HAND - prepare for Index,3309,3002,2836,3026,2864,3150,3149,14313.740458,9338.334858,7658.776807,9624.321796,7910.316816,11333.333333,11317.758985,0.243930,0.219297,-0.025602,-0.064104,-0.009844,0.276596,0.339480
513100,36.0928,12,Index_Prep_Open,Index,prep_open,0,2.0928,OPEN HAND - prepare for Index,3334,3019,2845,3023,2864,3134,3157,14895.663601,9539.591078,7738.400000,9587.873134,7910.316816,11088.033299,11443.283582,0.294502,0.245575,-0.015472,-0.067649,-0.009844,0.248965,0.354336
513150,36.1139,12,Index_Prep_Open,Index,prep_open,0,2.1139,OPEN HAND - prepare for Index,3340,3035,2847,3027,2870,3152,3136,15041.059603,9734.905660,7756.250000,9636.516854,7965.714286,11364.581124,11118.248175,0.307137,0.271077,-0.013201,-0.062918,-0.002910,0.280116,0.315867
513200,36.2462,12,Index_Prep_Open,Index,prep_open,0,2.2462,OPEN HAND - prepare for Index,3349,3027,2861,3025,2870,3139,3136,15263.538874,9636.516854,7882.820097,9612.149533,7965.714286,11163.807531,11118.248175,0.326472,0.258231,0.002902,-0.065288,-0.002910,0.257500,0.315867
513250,36.2463,12,Index_Prep_Open,Index,prep_open,0,2.2463,OPEN HAND - prepare for Index,3280,3039,2856,3017,2865,3132,3120,13683.435583,9784.659091,7837.288136,9515.584416,7919.512195,11057.943925,10880.000000,0.189154,0.277573,-0.002891,-0.074678,-0.008693,0.245576,0.287670
513300,36.2680,12,Index_Prep_Open,Index,prep_open,0,2.2680,OPEN HAND - prepare for Index,3346,3024,2852,3031,2870,3129,3140,15188.785047,9600.000000,7801.126307,9685.526316,7965.714286,11013.043478,11179.057592,0.319975,0.253463,-0.007492,-0.058153,-0.002910,0.240518,0.323064
513350,36.3119,12,Index_Prep_Open,Index,prep_open,0,2.3119,OPEN HAND - prepare for Index,3333,3011,2838,3026,2874,3134,3125,14871.653543,9444.095941,7676.372315,9624.321796,8002.948403,11088.033299,10953.608247,0.292415,0.233106,-0.023364,-0.064104,0.001751,0.248965,0.296382
513400,36.3556,12,Index_Prep_Open,Index,prep_open,0,2.3556,OPEN HAND - prepare for Index,3295,3014,2832,3018,2871,3139,3110,14003.750000,9479.740981,7623.752969,9527.576602,7975.000000,11163.807531,10735.025381,0.216990,0.237761,-0.030058,-0.073512,-0.001747,0.257500,0.270512
513450,36.5075,12,Index_Prep_Open,Index,prep_open,0,2.5075,OPEN HAND - prepare for Index,3297,3020,2863,3021,2869,3114,3107,14047.368421,9551.627907,7901.136364,9563.687151,7956.443719,10792.660550,10692.105263,0.220781,0.247147,0.005232,-0.070001,-0.004070,0.215694,0.265432
513500,36.5075,12,Index_Prep_Open,Index,prep_open,0,2.5075,OPEN HAND - prepare for Index,3298,3010,2854,3023,2867,3116,3108,14069.259724,9432.258065,7819.178082,9587.873134,7937.947883,10821.654750,10706.382979,0.222684,0.231561,-0.005195,-0.067649,-0.006385,0.218960,0.267122
513550,36.5178,12,Index_Prep_Open,Index,prep_open,0,2.5178,OPEN HAND - prepare for Index,3316,3005,2845,3022,2863,3124,3113,14472.913992,9373.394495,7738.400000,9575.768872,7901.136364,10938.825953,10778.207739,0.257763,0.223875,-0.015472,-0.068826,-0.010993,0.232158,0.275623
513600,36.5719,12,Index_Prep_Open,Index,prep_open,0,2.5719,OPEN HAND - prepare for Index,3279,3003,2846,3026,2866,3112,3106,13662.500000,9350.000000,7747.317854,9624.321796,7928.722539,10763.784334,10677.856421,0.187334,0.220820,-0.014337,-0.064104,-0.007540,0.212441,0.263746
513650,36.6160,12,Index_Prep_Open,Index,prep_open,0,2.6160,OPEN HAND - prepare for Index,3266,3001,2842,3030,2866,3087,3087,13394.933655,9326.691042,7711.731844,9673.239437,7928.722539,10412.500000,10412.500000,0.164081,0.217777,-0.018865,-0.059347,-0.007540,0.172872,0.232340
513700,36.7602,12,Index_Prep_Open,Index,prep_open,0,2.7602,OPEN HAND - prepare for Index,3269,2997,2836,3023,2862,3097,3101,13455.932203,9280.327869,7658.776807,9587.873134,7891.970803,10550.901804,10607.042254,0.169383,0.211723,-0.025602,-0.067649,-0.012140,0.188462,0.255365
513750,36.7603,12,Index_Prep_Open,Index,prep_open,0,2.7603,OPEN HAND - prepare for Index,3251,2985,2838,3029,2864,3095,3083,13096.445498,9143.243243,7676.372315,9660.975610,7910.316816,10523.000000,10357.905138,0.138141,0.193824,-0.023364,-0.060540,-0.009844,0.185319,0.225879
513800,36.7603,12,Index_Prep_Open,Index,prep_open,0,2.7603,OPEN HAND - prepare for Index,3235,2995,2840,3029,2865,3065,3086,12789.534884,9257.272727,7694.023904,9660.975610,7919.512195,10117.475728,10398.810704,0.111470,0.208713,-0.021118,-0.060540,-0.008693,0.139641,0.230720
513850,36.8258,12,Index_Prep_Open,Index,prep_open,0,2.8258,OPEN HAND - prepare for Index,3235,2998,2829,3025,2860,3083,3070,12789.534884,9291.886964,7597.630332,9612.149533,7873.684211,10357.905138,10183.414634,0.111470,0.213233,-0.033382,-0.065288,-0.014429,0.166723,0.205228
513900,36.8689,12,Index_Prep_Open,Index,prep_open,0,2.8689,OPEN HAND - prepare for Index,3220,3003,2836,3040,2866,3070,3094,12512.000000,9350.000000,7658.776807,9797.156398,7928.722539,10183.414634,10509.090909,0.087350,0.220820,-0.025602,-0.047297,-0.007540,0.147068,0.243772
513950,37.0156,12,Index_Prep_Open,Index,prep_open,0,3.0156,OPEN HAND - prepare for Index,3226,3006,2838,3034,2864,3072,3081,12621.864212,9385.123967,7676.372315,9722.525919,7910.316816,10209.970674,10330.769231,0.096898,0.225407,-0.023364,-0.054555,-0.009844,0.150059,0.222667
514000,37.0157,12,Index_Prep_Open,Index,prep_open,0,3.0157,OPEN HAND - prepare for Index,3214,2988,2832,3020,2859,3091,3085,12403.632236,9177.235772,7623.752969,9551.627907,7864.563107,10467.529880,10385.148515,0.077933,0.198263,-0.030058,-0.071173,-0.015571,0.179071,0.229103
514050,37.0157,12,Index_Prep_Open,Index,prep_open,0,3.0157,OPEN HAND - prepare for Index,3204,2975,2851,3021,2865,3088,3070,12226.262626,9031.250000,7792.122186,9563.687151,7919.512195,10426.216485,10183.414634,0.062519,0.179202,-0.008637,-0.070001,-0.008693,0.174417,0.205228
514100,37.0593,12,Index_Prep_Open,Index,prep_open,0,3.0593,OPEN HAND - prepare for Index,3214,2962,2846,3013,2864,3071,3088,12403.632236,8888.614298,7747.317854,9467.837338,7910.316816,10196.679688,10426.216485,0.077933,0.160578,-0.014337,-0.079321,-0.009844,0.148562,0.233964
514150,37.1239,12,Index_Prep_Open,Index,prep_open,0,3.1239,OPEN HAND - prepare for Index,3239,2975,2848,3006,2860,3075,3086,12865.186916,9031.250000,7765.196472,9385.123967,7873.684211,10250.000000,10398.810704,0.118044,0.179202,-0.012063,-0.087365,-0.014429,0.154568,0.230720
514200,37.2767,12,Index_Prep_Open,Index,prep_open,0,3.2767,OPEN HAND - prepare for Index,3220,2966,2865,3019,2863,3086,3057,12512.000000,8932.152347,7919.512195,9539.591078,7901.136364,10398.810704,10013.294798,0.087350,0.166263,0.007570,-0.072344,-0.010993,0.171330,0.185094
514250,37.2767,12,Index_Prep_Open,Index,prep_open,0,3.2767,OPEN HAND - prepare for Index,3242,2976,2862,3020,2863,3061,3051,12922.391559,9042.359249,7891.970803,9551.627907,7901.136364,10065.183752,9936.206897,0.123015,0.180652,0.004066,-0.071173,-0.010993,0.133750,0.175970
514300,37.2767,12,Index_Prep_Open,Index,prep_open,0,3.2767,OPEN HAND - prepare for Index,3217,2974,2846,3008,2859,3062,3060,12457.630979,9020.160571,7747.317854,9408.647654,7864.563107,10078.218780,10052.173913,0.082626,0.177754,-0.014337,-0.085077,-0.015571,0.135219,0.189695
514350,37.3203,12,Index_Prep_Open,Index,prep_open,0,3.3203,OPEN HAND - prepare for Index,3215,2970,2853,3017,2862,3072,3069,12421.590909,8976.000000,7810.144928,9515.584416,7891.970803,10209.970674,10170.175439,0.079494,0.171988,-0.006344,-0.074678,-0.012140,0.150059,0.203661
514400,37.3751,12,Index_Prep_Open,Index,prep_open,0,3.3751,OPEN HAND - prepare for Index,3244,2959,2838,3014,2861,3054,3056,12960.752056,8856.161972,7676.372315,9479.740981,7882.820097,9974.639769,10000.384986,0.126349,0.156341,-0.023364,-0.078164,-0.013286,0.123551,0.183566
514450,37.5212,12,Index_Prep_Open,Index,prep_open,0,3.5212,OPEN HAND - prepare for Index,3229,2981,2827,3005,2857,3062,3069,12677.367206,9098.204668,7580.283912,9373.394495,7846.365105,10078.218780,10170.175439,0.101722,0.187944,-0.035589,-0.088505,-0.017849,0.135219,0.203661
514500,37.5212,12,Index_Prep_Open,Index,prep_open,0,3.5212,OPEN HAND - prepare for Index,3226,2990,2830,3013,2861,3065,3051,12621.864212,9200.000000,7606.324111,9467.837338,7882.820097,10117.475728,9936.206897,0.096898,0.201235,-0.032276,-0.079321,-0.013286,0.139641,0.175970
514550,37.5212,12,Index_Prep_Open,Index,prep_open,0,3.5212,OPEN HAND - prepare for Index,3216,2981,2833,3010,2860,3044,3052,12439.590444,9098.204668,7632.488114,9432.258065,7873.684211,9847.383444,9948.993289,0.081058,0.187944,-0.028947,-0.082781,-0.014429,0.109217,0.177483
514600,37.5868,12,Index_Prep_Open,Index,prep_open,0,3.5868,OPEN HAND - prepare for Index,3219,2972,2817,3000,2856,3064,3055,12493.835616,8998.040962,7494.366197,9315.068493,7837.288136,10104.364694,9987.500000,0.085772,0.174866,-0.046519,-0.094177,-0.018985,0.138164,0.182041
514650,37.6297,12,Index_Prep_Open,Index,prep_open,0,3.6297,OPEN HAND - prepare for Index,3195,2977,2821,3013,2862,3057,3061,12070.000000,9053.488372,7528.571429,9467.837338,7891.970803,10013.294798,10065.183752,0.048939,0.182105,-0.042168,-0.079321,-0.012140,0.127906,0.191235
514700,37.7826,12,Index_Prep_Open,Index,prep_open,0,3.7826,OPEN HAND - prepare for Index,3203,2974,2820,3011,2862,3055,3047,12208.744395,9020.160571,7520.000000,9444.095941,7891.970803,9987.500000,9885.305344,0.060996,0.177754,-0.043258,-0.081630,-0.012140,0.125000,0.169946
514750,37.7827,12,Index_Prep_Open,Index,prep_open,0,3.7827,OPEN HAND - prepare for Index,3187,2985,2800,3001,2854,3057,3052,11933.700441,9143.243243,7351.351351,9326.691042,7819.178082,10013.294798,9948.993289,0.037094,0.193824,-0.064715,-0.093047,-0.021252,0.127906,0.177483
514800,37.7827,12,Index_Prep_Open,Index,prep_open,0,3.7827,OPEN HAND - prepare for Index,3200,2973,2817,3009,2862,3056,3032,12156.424581,9009.090909,7494.366197,9420.441989,7891.970803,10000.384986,9697.836312,0.056449,0.176308,-0.046519,-0.083930,-0.012140,0.126451,0.147758
514850,37.8159,12,Index_Prep_Open,Index,prep_open,0,3.8159,OPEN HAND - prepare for Index,3202,2965,2815,3008,2860,3038,3033,12191.265398,8921.238938,7477.343750,9408.647654,7873.684211,9772.185430,9710.169492,0.059477,0.164838,-0.048685,-0.085077,-0.014429,0.100747,0.149218
514900,37.8599,12,Index_Prep_Open,Index,prep_open,0,3.8599,OPEN HAND - prepare for Index,3198,2956,2799,2997,2856,3049,3028,12121.739130,8823.880597,7343.055556,9280.327869,7837.288136,9910.707457,9648.734770,0.053435,0.152126,-0.065770,-0.097555,-0.018985,0.116350,0.141947
514950,38.0318,13,Index_C1_Open,Index,open,1,0.0318,Index cycle 1: OPEN,3189,2960,2808,3007,2860,3037,3027,11967.549669,8866.960352,7418.181818,9396.875000,7873.684211,9759.735350,9636.516854,0.040035,0.157750,-0.056212,-0.086222,-0.014429,0.099344,0.140501
515000,38.0321,13,Index_C1_Open,Index,open,1,0.0321,Index cycle 1: OPEN,3170,2955,2803,3008,2859,3034,3015,11651.891892,8813.157895,7376.315789,9408.647654,7864.563107,9722.525919,9491.666667,0.012603,0.150726,-0.061539,-0.085077,-0.015571,0.095153,0.123358
515050,38.0322,13,Index_C1_Open,Index,open,1,0.0322,Index cycle 1: OPEN,3179,2972,2797,3004,2852,3041,3038,11799.781659,8998.040962,7326.502311,9361.686526,7801.126307,9809.677419,9772.185430,0.025455,0.174866,-0.067876,-0.089644,-0.023512,0.104970,0.156558
515100,38.0644,13,Index_C1_Open,Index,open,1,0.0644,Index cycle 1: OPEN,3159,2963,2812,3012,2861,3039,3026,11475.000000,8899.469965,7451.909587,9455.955679,7882.820097,9784.659091,9624.321796,-0.002770,0.161995,-0.051921,-0.080477,-0.013286,0.102152,0.139058
515150,38.1070,13,Index_C1_Open,Index,open,1,0.1070,Index cycle 1: OPEN,3160,2961,2816,3009,2863,3030,3017,11490.909091,8877.777778,7485.848319,9420.441989,7901.136364,9673.239437,9515.584416,-0.001387,0.159163,-0.047603,-0.083930,-0.010993,0.089601,0.126189
515200,38.2920,13,Index_C1_Open,Index,open,1,0.2920,Index cycle 1: OPEN,3163,2955,2817,3002,2857,3041,3029,11538.841202,8813.157895,7494.366197,9338.334858,7846.365105,9809.677419,9660.975610,0.002779,0.150726,-0.046519,-0.091914,-0.017849,0.104970,0.143396
515250,38.2921,13,Index_C1_Open,Index,open,1,0.2921,Index cycle 1: OPEN,3139,2969,2834,3014,2861,3041,3019,11163.807531,8965.008881,7641.237113,9479.740981,7882.820097,9809.677419,9539.591078,-0.029814,0.170553,-0.027834,-0.078164,-0.013286,0.104970,0.129030
515300,38.2922,13,Index_C1_Open,Index,open,1,0.2922,Index cycle 1: OPEN,3151,2972,2837,3024,2859,3022,3012,11348.940678,8998.040962,7667.567568,9600.000000,7864.563107,9575.768872,9455.955679,-0.013725,0.174866,-0.024484,-0.066469,-0.015571,0.078622,0.119131
515350,38.3242,13,Index_C1_Open,Index,open,1,0.3242,Index cycle 1: OPEN,3137,2974,2829,3012,2856,3031,3023,11133.402923,9020.160571,7597.630332,9455.955679,7837.288136,9685.526316,9587.873134,-0.032456,0.177754,-0.033382,-0.080477,-0.018985,0.090985,0.134744
515400,38.3684,13,Index_C1_Open,Index,open,1,0.3684,Index cycle 1: OPEN,3128,2985,2839,3021,2863,3028,3024,10998.138573,9143.243243,7685.191083,9563.687151,7901.136364,9648.734770,9600.000000,-0.044211,0.193824,-0.022242,-0.070001,-0.010993,0.086841,0.136179
515450,38.5313,13,Index_C1_Open,Index,open,1,0.5313,Index cycle 1: OPEN,3130,2950,2838,3012,2860,3024,3019,11027.979275,8759.825328,7676.372315,9455.955679,7873.684211,9600.000000,9539.591078,-0.041618,0.143762,-0.023364,-0.080477,-0.014429,0.081352,0.129030
515500,38.5314,13,Index_C1_Open,Index,open,1,0.5314,Index cycle 1: OPEN,3192,2941,2832,3008,2854,3030,3023,12018.604651,8664.991334,7623.752969,9408.647654,7819.178082,9673.239437,9587.873134,0.044472,0.131380,-0.030058,-0.085077,-0.021252,0.089601,0.134744
515550,38.5416,13,Index_C1_Open,Index,open,1,0.5416,Index cycle 1: OPEN,3129,2939,2842,3015,2857,3025,3030,11013.043478,8644.117647,7711.731844,9491.666667,7846.365105,9612.149533,9673.239437,-0.042916,0.128654,-0.018865,-0.077004,-0.017849,0.082720,0.144847
515600,38.5636,13,Index_C1_Open,Index,open,1,0.5636,Index cycle 1: OPEN,3133,2925,2838,3014,2853,3000,3028,11072.972973,8500.000000,7676.372315,9479.740981,7810.144928,9315.068493,9648.734770,-0.037708,0.109837,-0.023364,-0.078164,-0.022383,0.049257,0.141947
515650,38.6076,13,Index_C1_Open,Index,open,1,0.6076,Index cycle 1: OPEN,3120,2923,2827,3006,2853,3020,3038,10880.000000,8479.692833,7580.283912,9385.123967,7810.144928,9551.627907,9772.185430,-0.054478,0.107185,-0.035589,-0.087365,-0.022383,0.075903,0.156558
515700,38.6616,13,Index_C1_Open,Index,open,1,0.6616,Index cycle 1: OPEN,3105,2921,2842,3007,2860,3021,3032,10663.636364,8459.454855,7711.731844,9396.875000,7873.684211,9563.687151,9697.836312,-0.073281,0.104543,-0.018865,-0.086222,-0.014429,0.077261,0.147758
515750,38.7918,13,Index_C1_Open,Index,open,1,0.7918,Index cycle 1: OPEN,3134,2925,2842,3004,2856,3019,3025,11088.033299,8500.000000,7711.731844,9361.686526,7837.288136,9539.591078,9612.149533,-0.036399,0.109837,-0.018865,-0.089644,-0.018985,0.074547,0.137617
515800,38.7919,13,Index_C1_Open,Index,open,1,0.7919,Index cycle 1: OPEN,3143,2915,2828,2994,2852,3021,3042,11225.000000,8399.152542,7588.950276,9245.776567,7801.126307,9563.687151,9822.222222,-0.024496,0.096669,-0.034486,-0.100915,-0.023512,0.077261,0.162480
515850,38.8130,13,Index_C1_Open,Index,open,1,0.8130,Index cycle 1: OPEN,3137,2917,2843,2997,2859,3001,3038,11133.402923,8419.185059,7720.607029,9280.327869,7864.563107,9326.691042,9772.185430,-0.032456,0.099285,-0.017736,-0.097555,-0.015571,0.050566,0.156558
515900,38.8673,13,Index_C1_Open,Index,open,1,0.8673,Index cycle 1: OPEN,3158,2921,2838,2996,2859,2993,3045,11459.124867,8459.454855,7676.372315,9268.789809,7864.563107,9234.301270,9860.000000,-0.004149,0.104543,-0.023364,-0.098677,-0.015571,0.040159,0.166951
515950,39.0544,13,Index_C1_Open,Index,open,1,1.0544,Index cycle 1: OPEN,3159,2917,2830,2984,2852,3012,3049,11475.000000,8419.185059,7606.324111,9131.953195,7801.126307,9455.955679,9910.707457,-0.002770,0.099285,-0.032276,-0.111984,-0.023512,0.065126,0.172952
516000,39.0545,13,Index_C1_Open,Index,open,1,1.0545,Index cycle 1: OPEN,3185,2906,2835,2996,2860,3008,3041,11900.000000,8309.840202,7650.000000,9268.789809,7873.684211,9408.647654,9809.677419,0.034165,0.085008,-0.026719,-0.098677,-0.014429,0.059798,0.160995
516050,39.0545,13,Index_C1_Open,Index,open,1,1.0545,Index cycle 1: OPEN,3162,2912,2836,2994,2858,3001,3024,11522.829582,8369.230769,7658.776807,9245.776567,7855.456750,9326.691042,9600.000000,0.001387,0.092762,-0.025602,-0.100915,-0.016711,0.050566,0.136179
516100,39.0865,13,Index_C1_Open,Index,open,1,1.0865,Index cycle 1: OPEN,3153,2889,2827,2984,2851,3006,3034,11380.254777,8144.776119,7580.283912,9131.953195,7792.122186,9385.123967,9722.525919,-0.011003,0.063456,-0.035589,-0.111984,-0.024639,0.057148,0.150681
516150,39.1185,13,Index_C1_Open,Index,open,1,1.1185,Index cycle 1: OPEN,3150,2904,2837,2995,2862,3006,3026,11333.333333,8290.176322,7667.567568,9257.272727,7891.970803,9385.123967,9624.321796,-0.015081,0.082440,-0.024484,-0.099797,-0.012140,0.057148,0.139058
516200,39.1726,13,Index_C1_Open,Index,open,1,1.1726,Index cycle 1: OPEN,3150,2910,2832,2992,2859,2996,3022,11333.333333,8349.367089,7623.752969,9222.846782,7864.563107,9268.789809,9575.768872,-0.015081,0.090169,-0.030058,-0.103145,-0.015571,0.044044,0.133312
516250,39.3072,13,Index_C1_Open,Index,open,1,1.3072,Index cycle 1: OPEN,3135,2897,2831,2991,2856,3010,3041,11103.125000,8221.869783,7615.031646,9211.413043,7837.288136,9432.258065,9809.677419,-0.035087,0.073522,-0.031168,-0.104257,-0.018985,0.062457,0.160995
516300,39.3073,13,Index_C1_Open,Index,open,1,1.3073,Index cycle 1: OPEN,3146,2899,2838,2994,2860,3000,3036,11271.232877,8241.304348,7676.372315,9245.776567,7873.684211,9315.068493,9747.308782,-0.020478,0.076059,-0.023364,-0.100915,-0.014429,0.049257,0.153614
516350,39.3286,13,Index_C1_Open,Index,open,1,1.3286,Index cycle 1: OPEN,3141,2900,2843,2993,2861,2991,3036,11194.339623,8251.046025,7720.607029,9234.301270,7882.820097,9211.413043,9747.308782,-0.027160,0.077331,-0.017736,-0.102031,-0.013286,0.037581,0.153614
516400,39.3717,13,Index_C1_Open,Index,open,1,1.3717,Index cycle 1: OPEN,3149,2895,2831,2985,2856,2996,3031,11317.758985,8202.500000,7615.031646,9143.243243,7837.288136,9268.789809,9685.526316,-0.016435,0.070993,-0.031168,-0.110886,-0.018985,0.044044,0.146302
516450,39.5619,13,Index_C1_Open,Index,open,1,1.5619,Index cycle 1: OPEN,3135,2906,2839,2993,2863,3012,3044,11103.125000,8309.840202,7685.191083,9234.301270,7901.136364,9455.955679,9847.383444,-0.035087,0.085008,-0.022242,-0.102031,-0.010993,0.065126,0.165458
516500,39.5620,13,Index_C1_Open,Index,open,1,1.5620,Index cycle 1: OPEN,3148,2909,2844,2992,2859,2994,3036,11302.217529,8339.460371,7729.496403,9222.846782,7864.563107,9245.776567,9747.308782,-0.017785,0.088875,-0.016605,-0.103145,-0.015571,0.041452,0.153614
516550,39.5620,13,Index_C1_Open,Index,open,1,1.5620,Index cycle 1: OPEN,3139,2900,2837,2991,2856,2992,3044,11163.807531,8251.046025,7667.567568,9211.413043,7837.288136,9222.846782,9847.383444,-0.029814,0.077331,-0.024484,-0.104257,-0.018985,0.038869,0.165458
516600,39.5731,13,Index_C1_Open,Index,open,1,1.5731,Index cycle 1: OPEN,3134,2893,2850,2996,2862,2994,3027,11088.033299,8183.194676,7783.132530,9268.789809,7891.970803,9245.776567,9636.516854,-0.036399,0.068472,-0.009781,-0.098677,-0.012140,0.041452,0.140501
516650,39.6166,13,Index_C1_Open,Index,open,1,1.6166,Index cycle 1: OPEN,3131,2907,2844,2997,2861,2988,3015,11042.946058,8319.696970,7729.496403,9280.327869,7882.820097,9177.235772,9491.666667,-0.040317,0.086295,-0.016605,-0.097555,-0.013286,0.033731,0.123358
516700,39.6716,13,Index_C1_Open,Index,open,1,1.6716,Index cycle 1: OPEN,3136,2897,2829,2989,2855,2995,3010,11118.248175,8221.869783,7597.630332,9188.607595,7828.225806,9257.272727,9432.258065,-0.033773,0.073522,-0.033382,-0.106474,-0.020119,0.042747,0.116327
516750,39.8185,13,Index_C1_Open,Index,open,1,1.8185,Index cycle 1: OPEN,3127,2906,2851,2996,2860,2991,3023,10983.264463,8309.840202,7792.122186,9268.789809,7873.684211,9211.413043,9587.873134,-0.045504,0.085008,-0.008637,-0.098677,-0.014429,0.037581,0.134744
516800,39.8185,13,Index_C1_Open,Index,open,1,1.8185,Index cycle 1: OPEN,3130,2932,2843,3001,2860,2972,3007,11027.979275,8571.625107,7720.607029,9326.691042,7873.684211,8998.040962,9396.875000,-0.041618,0.119189,-0.017736,-0.093047,-0.014429,0.013547,0.112139
516850,39.8407,13,Index_C1_Open,Index,open,1,1.8407,Index cycle 1: OPEN,3143,2928,2824,2993,2855,2976,3024,11225.000000,8530.591260,7554.366640,9234.301270,7828.225806,9042.359249,9600.000000,-0.024496,0.113831,-0.038886,-0.102031,-0.020119,0.018539,0.136179
516900,39.8823,13,Index_C1_Open,Index,open,1,1.8823,Index cycle 1: OPEN,3153,2939,2841,3006,2862,2971,3019,11380.254777,8644.117647,7702.870813,9385.123967,7891.970803,8987.010676,9539.591078,-0.011003,0.128654,-0.019992,-0.087365,-0.012140,0.012304,0.129030
516950,39.9252,13,Index_C1_Open,Index,open,1,1.9252,Index cycle 1: OPEN,3136,2934,2839,3001,2859,2970,3008,11118.248175,8592.248062,7685.191083,9326.691042,7864.563107,8976.000000,9408.647654,-0.033773,0.121882,-0.022242,-0.093047,-0.015571,0.011064,0.113532
517000,40.0761,14,Index_C1_Bend,Index,bend,1,0.0761,Index cycle 1: BEND Index,3127,2909,2828,2991,2852,2980,3018,10983.264463,8339.460371,7588.950276,9211.413043,7801.126307,9086.995516,9527.576602,-0.045504,0.088875,-0.034486,-0.104257,-0.023512,0.023566,0.127608
517050,40.0764,14,Index_C1_Bend,Index,bend,1,0.0764,Index cycle 1: BEND Index,3117,2915,2836,3001,2859,2975,3020,10836.196319,8399.152542,7658.776807,9326.691042,7864.563107,9031.250000,9551.627907,-0.058285,0.096669,-0.025602,-0.093047,-0.015571,0.017287,0.130454
517100,40.0765,14,Index_C1_Bend,Index,bend,1,0.0765,Index cycle 1: BEND Index,3121,2917,2833,3003,2855,2961,3018,10894.661191,8419.185059,7632.488114,9350.000000,7828.225806,8877.777778,9527.576602,-0.053204,0.099285,-0.028947,-0.090780,-0.020119,0.000000,0.127608
517150,40.1201,14,Index_C1_Bend,Index,bend,1,0.1201,Index cycle 1: BEND Index,3122,2926,2822,2995,2853,2973,3023,10909.352518,8510.179641,7537.156324,9257.272727,7810.144928,9009.090909,9587.873134,-0.051927,0.111166,-0.041075,-0.099797,-0.022383,0.014791,0.134744
517200,40.1631,14,Index_C1_Bend,Index,bend,1,0.1631,Index cycle 1: BEND Index,3122,2938,2833,3006,2858,2966,3019,10909.352518,8633.707865,7632.488114,9385.123967,7855.456750,8932.152347,9539.591078,-0.051927,0.127295,-0.028947,-0.087365,-0.016711,0.006125,0.129030
517250,40.3477,14,Index_C1_Bend,Index,bend,1,0.3477,Index cycle 1: BEND Index,3148,2950,2833,3005,2860,2959,3013,11302.217529,8759.825328,7632.488114,9373.394495,7873.684211,8856.161972,9467.837338,-0.017785,0.143762,-0.028947,-0.088505,-0.014429,-0.002435,0.120538
517300,40.3478,14,Index_C1_Bend,Index,bend,1,0.3478,Index cycle 1: BEND Index,3131,2944,2823,3004,2852,2978,3033,11042.946058,8696.437880,7545.754717,9361.686526,7801.126307,9064.637422,9710.169492,-0.040317,0.135485,-0.039982,-0.089644,-0.023512,0.021048,0.149218
517350,40.3478,14,Index_C1_Bend,Index,bend,1,0.3478,Index cycle 1: BEND Index,3146,2961,2835,3008,2858,2973,3039,11271.232877,8877.777778,7650.000000,9408.647654,7855.456750,9009.090909,9784.659091,-0.020478,0.159163,-0.026719,-0.085077,-0.016711,0.014791,0.158034
517400,40.3800,14,Index_C1_Bend,Index,bend,1,0.3800,Index cycle 1: BEND Index,3141,2943,2833,3003,2855,2975,3020,11194.339623,8685.937500,7632.488114,9350.000000,7828.225806,9031.250000,9551.627907,-0.027160,0.134114,-0.028947,-0.090780,-0.020119,0.017287,0.130454
517450,40.4347,14,Index_C1_Bend,Index,bend,1,0.4347,Index cycle 1: BEND Index,3152,2935,2827,2996,2855,2986,3023,11364.581124,8602.586207,7580.283912,9268.789809,7828.225806,9154.553652,9587.873134,-0.012366,0.123231,-0.035589,-0.098677,-0.020119,0.031176,0.134744
517500,40.5867,14,Index_C1_Bend,Index,bend,1,0.5867,Index cycle 1: BEND Index,3134,2936,2830,3004,2858,2986,3024,11088.033299,8612.942192,7606.324111,9361.686526,7855.456750,9154.553652,9600.000000,-0.036399,0.124584,-0.032276,-0.089644,-0.016711,0.031176,0.136179
517550,40.5868,14,Index_C1_Bend,Index,bend,1,0.5868,Index cycle 1: BEND Index,3154,2933,2830,3004,2858,2969,3017,11395.961743,8581.927711,7606.324111,9361.686526,7855.456750,8965.008881,9515.584416,-0.009638,0.120534,-0.032276,-0.089644,-0.016711,0.009826,0.126189
517600,40.5868,14,Index_C1_Bend,Index,bend,1,0.5868,Index cycle 1: BEND Index,3165,2928,2824,2995,2852,2974,3017,11570.967742,8530.591260,7554.366640,9257.272727,7801.126307,9020.160571,9515.584416,0.005570,0.113831,-0.038886,-0.099797,-0.023512,0.016038,0.126189
517650,40.6295,14,Index_C1_Bend,Index,bend,1,0.6295,Index cycle 1: BEND Index,3168,2936,2829,3001,2859,2965,3015,11619.417476,8612.942192,7597.630332,9326.691042,7864.563107,8921.238938,9491.666667,0.009781,0.124584,-0.033382,-0.093047,-0.015571,0.004895,0.123358
517700,40.6729,14,Index_C1_Bend,Index,bend,1,0.6729,Index cycle 1: BEND Index,3168,2938,2827,3000,2857,2959,3007,11619.417476,8633.707865,7580.283912,9315.068493,7846.365105,8856.161972,9396.875000,0.009781,0.127295,-0.035589,-0.094177,-0.017849,-0.002435,0.112139
517750,40.8462,14,Index_C1_Bend,Index,bend,1,0.8462,Index cycle 1: BEND Index,3164,2928,2820,2993,2848,2974,3007,11554.887218,8530.591260,7520.000000,9234.301270,7765.196472,9020.160571,9396.875000,0.004173,0.113831,-0.043258,-0.102031,-0.028009,0.016038,0.112139
517800,40.8462,14,Index_C1_Bend,Index,bend,1,0.8462,Index cycle 1: BEND Index,3163,2940,2834,2991,2858,2974,3011,11538.841202,8654.545455,7641.237113,9211.413043,7855.456750,9020.160571,9444.095941,0.002779,0.130016,-0.027834,-0.104257,-0.016711,0.016038,0.117728
517850,40.8463,14,Index_C1_Bend,Index,bend,1,0.8463,Index cycle 1: BEND Index,3182,2941,2836,2983,2856,2973,2998,11849.726177,8664.991334,7658.776807,9120.683453,7837.288136,9009.090909,9291.886964,0.029796,0.131380,-0.025602,-0.113080,-0.018985,0.014791,0.099714
517900,40.8570,14,Index_C1_Bend,Index,bend,1,0.8570,Index cycle 1: BEND Index,3150,2943,2826,2973,2850,2977,3010,11333.333333,8685.937500,7571.631206,9009.090909,7783.132530,9053.488372,9432.258065,-0.015081,0.134114,-0.036689,-0.123931,-0.025764,0.019792,0.116327
517950,40.9110,14,Index_C1_Bend,Index,bend,1,0.9110,Index cycle 1: BEND Index,3136,2959,2838,2985,2857,2975,3005,11118.248175,8856.161972,7676.372315,9143.243243,7846.365105,9031.250000,9373.394495,-0.033773,0.156341,-0.023364,-0.110886,-0.017849,0.017287,0.109360
518000,41.0912,14,Index_C1_Bend,Index,bend,1,1.0912,Index cycle 1: BEND Index,3141,2964,2835,2985,2857,2962,2992,11194.339623,8910.344828,7650.000000,9143.243243,7846.365105,8888.614298,9222.846782,-0.027160,0.163415,-0.026719,-0.110886,-0.017849,0.001221,0.091543
518050,41.0913,14,Index_C1_Bend,Index,bend,1,1.0913,Index cycle 1: BEND Index,3133,2963,2827,2976,2853,2976,2996,11072.972973,8899.469965,7580.283912,9042.359249,7810.144928,9042.359249,9268.789809,-0.037708,0.161995,-0.035589,-0.120696,-0.022383,0.018539,0.096980
518100,41.0913,14,Index_C1_Bend,Index,bend,1,1.0913,Index cycle 1: BEND Index,3114,2960,2832,2989,2860,3003,2995,10792.660550,8866.960352,7623.752969,9188.607595,7873.684211,9350.000000,9257.272727,-0.062068,0.157750,-0.030058,-0.106474,-0.014429,0.053191,0.095617
518150,41.1456,14,Index_C1_Bend,Index,bend,1,1.1456,Index cycle 1: BEND Index,3120,2994,2845,2990,2855,2996,2983,10880.000000,9245.776567,7738.400000,9200.000000,7828.225806,9268.789809,9120.683453,-0.054478,0.207212,-0.015472,-0.105367,-0.020119,0.044044,0.079451
518200,41.1562,14,Index_C1_Bend,Index,bend,1,1.1562,Index cycle 1: BEND Index,3108,3023,2847,2982,2852,3003,2990,10706.382979,9587.873134,7756.250000,9109.433962,7801.126307,9350.000000,9200.000000,-0.069566,0.251879,-0.013201,-0.114173,-0.023512,0.053191,0.088839
518250,41.2331,14,Index_C1_Bend,Index,bend,1,1.2331,Index cycle 1: BEND Index,3107,3095,2864,3003,2857,2988,2992,10692.105263,10523.000000,7910.316816,9350.000000,7846.365105,9177.235772,9222.846782,-0.070807,0.373978,0.006400,-0.090780,-0.017849,0.033731,0.091543
518300,41.3500,14,Index_C1_Bend,Index,bend,1,1.3500,Index cycle 1: BEND Index,3099,3173,2874,2991,2858,2992,2981,10578.915663,11700.867679,8002.948403,9211.413043,7855.456750,9222.846782,9098.204668,-0.080643,0.527771,0.018186,-0.104257,-0.016711,0.038869,0.076791
518350,41.3501,14,Index_C1_Bend,Index,bend,1,1.3501,Index cycle 1: BEND Index,3094,3112,2863,2988,2855,3009,2990,10509.090909,10763.784334,7901.136364,9177.235772,7828.225806,9420.441989,9200.000000,-0.086712,0.405417,0.005232,-0.107580,-0.020119,0.061126,0.088839
518400,41.3605,14,Index_C1_Bend,Index,bend,1,1.3605,Index cycle 1: BEND Index,3164,3263,2878,2990,2860,3009,2987,11554.887218,13334.375000,8040.427280,9200.000000,7873.684211,9420.441989,9165.884477,0.004173,0.741056,0.022954,-0.105367,-0.014429,0.061126,0.084801
518450,41.4264,14,Index_C1_Bend,Index,bend,1,1.4264,Index cycle 1: BEND Index,3211,3369,2905,2985,2860,3035,2992,12350.000000,15777.685950,8300.000000,9143.243243,7873.684211,9734.905660,9222.846782,0.073272,1.060077,0.055978,-0.110886,-0.014429,0.096548,0.091543
518500,41.4596,14,Index_C1_Bend,Index,bend,1,1.4596,Index cycle 1: BEND Index,3183,3370,2873,2997,2851,3016,2994,11866.447368,15804.137931,7993.617021,9280.327869,7792.122186,9503.614458,9245.776567,0.031249,1.063531,0.016998,-0.097555,-0.024639,0.070495,0.094256
518550,41.6064,14,Index_C1_Bend,Index,bend,1,1.6064,Index cycle 1: BEND Index,3216,3347,2924,3053,2863,3043,2983,12439.590444,15213.636364,8489.837746,9961.804223,7901.136364,9834.790875,9120.683453,0.081058,0.986430,0.080131,-0.031287,-0.010993,0.107799,0.079451
518600,41.6065,14,Index_C1_Bend,Index,bend,1,1.6065,Index cycle 1: BEND Index,3284,3367,2916,3078,2861,3087,2980,13767.694205,15725.000000,8409.160305,10290.265487,7882.820097,10412.500000,9086.995516,0.196476,1.053198,0.069866,0.000654,-0.013286,0.172872,0.075464
518650,41.6065,14,Index_C1_Bend,Index,bend,1,1.6065,Index cycle 1: BEND Index,3219,3321,2928,3128,2855,3104,2996,12493.835616,14588.372093,8530.591260,10998.138573,7828.225806,10649.445005,9268.789809,0.085772,0.904790,0.085316,0.069489,-0.020119,0.199562,0.096980
518700,41.6604,14,Index_C1_Bend,Index,bend,1,1.6604,Index cycle 1: BEND Index,3248,3413,2929,3154,2863,3112,2986,13038.016529,17014.956012,8540.823328,11395.961743,7901.136364,10763.784334,9154.553652,0.133064,1.221626,0.086617,0.108175,-0.010993,0.212441,0.083460
518750,41.7157,14,Index_C1_Bend,Index,bend,1,1.7157,Index cycle 1: BEND Index,3311,3300,2933,3151,2865,3138,2989,14358.928571,14113.207547,8581.927711,11348.940678,7919.512195,11148.589342,9188.607595,0.247857,0.842748,0.091847,0.103602,-0.008693,0.255786,0.087490
518800,41.8727,14,Index_C1_Bend,Index,bend,1,1.8727,Index cycle 1: BEND Index,3296,3297,2912,3134,2857,3121,2995,14025.531915,14047.368421,8369.230769,11088.033299,7846.365105,10894.661191,9257.272727,0.218883,0.834151,0.064786,0.078231,-0.017849,0.227183,0.095617
518850,41.8728,14,Index_C1_Bend,Index,bend,1,1.8728,Index cycle 1: BEND Index,3307,3229,2926,3140,2864,3143,2986,14268.781726,12677.367206,8510.179641,11179.057592,7910.316816,11225.000000,9154.553652,0.240023,0.655272,0.082719,0.087082,-0.009844,0.264393,0.083460
518900,41.8728,14,Index_C1_Bend,Index,bend,1,1.8728,Index cycle 1: BEND Index,3330,3312,2930,3178,2864,3103,2992,14800.000000,14381.609195,8551.072961,11783.206107,7910.316816,10635.282258,9222.846782,0.286188,0.877793,0.087921,0.145832,-0.009844,0.197967,0.091543
518950,41.9379,14,Index_C1_Bend,Index,bend,1,1.9379,Index cycle 1: BEND Index,3209,3354,2913,3136,2856,3111,3000,12314.446953,15389.473684,8379.187817,11118.248175,7837.288136,10749.390244,9315.068493,0.070182,1.009389,0.066053,0.081169,-0.018985,0.210820,0.102457
519000,41.9808,14,Index_C1_Bend,Index,bend,1,1.9808,Index cycle 1: BEND Index,3196,3363,2922,3158,2863,3112,2959,12087.208009,15620.491803,8469.565217,11459.124867,7901.136364,10763.784334,8856.161972,0.050434,1.039553,0.077551,0.114317,-0.010993,0.212441,0.048145
519050,42.1552,15,Index_C2_Open,Index,open,2,0.1552,Index cycle 2: OPEN,3201,3289,2914,3179,2862,3047,2951,12173.825503,13874.193548,8389.161727,11799.781659,7891.970803,9885.305344,8770.454545,0.057962,0.811540,0.067322,0.147443,-0.012140,0.113489,0.038001
519100,42.1553,15,Index_C2_Open,Index,open,2,0.1553,Index cycle 2: OPEN,3211,3248,2913,3149,2854,3077,3005,12350.000000,13038.016529,8379.187817,11317.758985,7819.178082,10276.817289,9373.394495,0.073272,0.702361,0.066053,0.100570,-0.021252,0.157589,0.109360
519150,42.1554,15,Index_C2_Open,Index,open,2,0.1554,Index cycle 2: OPEN,3224,3293,2910,3195,2864,3056,2995,12585.074627,13960.349127,8349.367089,12070.000000,7910.316816,10000.384986,9257.272727,0.093701,0.822789,0.062259,0.173720,-0.009844,0.126451,0.095617
519200,42.1773,15,Index_C2_Open,Index,open,2,0.1773,Index cycle 2: OPEN,3255,3263,2914,3187,2864,3054,2987,13175.000000,13334.375000,8389.161727,11933.700441,7910.316816,9974.639769,9165.884477,0.144968,0.741056,0.067322,0.160466,-0.009844,0.123551,0.084801
519250,42.2314,15,Index_C2_Open,Index,open,2,0.2314,Index cycle 2: OPEN,3245,3255,2926,3166,2857,3060,2997,12980.000000,13175.000000,8510.179641,11587.082885,7846.365105,10052.173913,9280.327869,0.128022,0.720247,0.082719,0.126760,-0.017849,0.132285,0.098346
519300,42.3899,15,Index_C2_Open,Index,open,2,0.3899,Index cycle 2: OPEN,3213,3266,2929,3153,2863,3042,2992,12385.714286,13394.933655,8540.823328,11380.254777,7901.136364,9822.222222,9222.846782,0.076376,0.748964,0.086617,0.106647,-0.010993,0.106383,0.091543
519350,42.3900,15,Index_C2_Open,Index,open,2,0.3900,Index cycle 2: OPEN,3212,3247,2915,3159,2863,3047,2984,12367.836920,13018.632075,8399.152542,11475.000000,7901.136364,9885.305344,9131.953195,0.074822,0.699830,0.068593,0.115861,-0.010993,0.113489,0.080785
519400,42.3900,15,Index_C2_Open,Index,open,2,0.3900,Index cycle 2: OPEN,3183,3312,2909,3153,2854,3054,2994,11866.447368,14381.609195,8339.460371,11380.254777,7819.178082,9974.639769,9245.776567,0.031249,0.877793,0.060999,0.106647,-0.021252,0.123551,0.094256
519450,42.4107,15,Index_C2_Open,Index,open,2,0.4107,Index cycle 2: OPEN,3164,3416,2918,3179,2863,3057,2981,11554.887218,17105.154639,8429.226848,11799.781659,7901.136364,10013.294798,9098.204668,0.004173,1.233404,0.072419,0.147443,-0.010993,0.127906,0.076791
519500,42.4766,15,Index_C2_Open,Index,open,2,0.4766,Index cycle 2: OPEN,3134,3381,2931,3181,2860,3061,2975,11088.033299,16100.000000,8561.340206,11833.041575,7873.684211,10065.183752,9031.250000,-0.036399,1.102161,0.089228,0.150678,-0.014429,0.133750,0.068867
519550,42.6397,15,Index_C2_Open,Index,open,2,0.6397,Index cycle 2: OPEN,3132,3312,2919,3172,2853,3058,2978,11057.943925,14381.609195,8439.285714,11684.507042,7810.144928,10026.229508,9064.637422,-0.039014,0.877793,0.073699,0.136234,-0.022383,0.129363,0.072818
519600,42.6397,15,Index_C2_Open,Index,open,2,0.6397,Index cycle 2: OPEN,3110,3354,2930,3181,2863,3087,2977,10735.025381,15389.473684,8551.072961,11833.041575,7901.136364,10412.500000,9053.488372,-0.067077,1.009389,0.087921,0.150678,-0.010993,0.172872,0.071499
519650,42.6397,15,Index_C2_Open,Index,open,2,0.6397,Index cycle 2: OPEN,3173,3432,2917,3177,2861,3051,2963,11700.867679,17600.000000,8419.185059,11766.666667,7882.820097,9936.206897,8899.469965,0.016859,1.298015,0.071142,0.144223,-0.013286,0.119222,0.053270
519700,42.6717,15,Index_C2_Open,Index,open,2,0.6717,Index cycle 2: OPEN,3153,3459,2916,3230,2855,3089,2977,11380.254777,18491.509434,8409.160305,12695.953757,7828.225806,10439.960239,9053.488372,-0.011003,1.414419,0.069866,0.234590,-0.020119,0.175965,0.071499
519750,42.7153,15,Index_C2_Open,Index,open,2,0.7153,Index cycle 2: OPEN,3156,3410,2929,3270,2862,3066,2975,11427.476038,16925.547445,8540.823328,13476.363636,7891.970803,10130.612245,9031.250000,-0.006900,1.209952,0.086617,0.310479,-0.012140,0.141120,0.068867
519800,42.9108,15,Index_C2_Open,Index,open,2,0.9108,Index cycle 2: OPEN,3130,3496,2897,3204,2860,3053,2968,11027.979275,19843.739566,8221.869783,12226.262626,7873.684211,9961.804223,8954.037267,-0.041618,1.590978,0.046038,0.188916,-0.014429,0.122106,0.059728
519850,42.9109,15,Index_C2_Open,Index,open,2,0.9109,Index cycle 2: OPEN,3130,3378,2867,3215,2855,3086,2971,11027.979275,16018.410042,7937.947883,12421.590909,7828.225806,10398.810704,8987.010676,-0.041618,1.091508,0.009916,0.207910,-0.020119,0.171330,0.063631
519900,42.9109,15,Index_C2_Open,Index,open,2,0.9109,Index cycle 2: OPEN,3145,3272,2878,3212,2863,3076,2969,11255.789474,13517.375456,8040.427280,12367.836920,7901.136364,10263.395486,8965.008881,-0.021820,0.764951,0.022954,0.202683,-0.010993,0.156077,0.061027
519950,42.9109,15,Index_C2_Open,Index,open,2,0.9109,Index cycle 2: OPEN,3154,3281,2865,3193,2860,3059,2959,11395.961743,13704.422604,7919.512195,12035.698448,7873.684211,10039.189189,8856.161972,-0.009638,0.789373,0.007570,0.170385,-0.014429,0.130822,0.048145
520000,42.9769,15,Index_C2_Open,Index,open,2,0.9769,Index cycle 2: OPEN,3158,3492,2868,3184,2851,3104,2969,11459.124867,19689.552239,7947.188264,11883.205269,7792.122186,10649.445005,8965.008881,-0.004149,1.570846,0.011091,0.155556,-0.024639,0.199562,0.061027
520050,43.0206,15,Index_C2_Open,Index,open,2,1.0206,Index cycle 2: OPEN,3151,3576,2907,3238,2859,3126,2976,11348.940678,23426.589595,8319.696970,12846.207701,7864.563107,10968.421053,9042.359249,-0.013725,2.058787,0.058484,0.249201,-0.015571,0.235492,0.070181
520100,43.1558,15,Index_C2_Open,Index,open,2,1.1558,Index cycle 2: OPEN,3188,3516,2923,3204,2861,3083,2969,11950.606395,20646.632124,8479.692833,12226.262626,7882.820097,10357.905138,8965.008881,0.038563,1.695811,0.078840,0.188916,-0.013286,0.166723,0.061027
520150,43.1559,15,Index_C2_Open,Index,open,2,1.1559,Index cycle 2: OPEN,3204,3401,2913,3184,2854,3140,2992,12226.262626,16661.959654,8379.187817,11883.205269,7819.178082,11179.057592,9222.846782,0.062519,1.175536,0.066053,0.155556,-0.021252,0.259218,0.091543
520200,43.1666,15,Index_C2_Open,Index,open,2,1.1666,Index cycle 2: OPEN,3211,3416,2945,3189,2862,3100,2985,12350.000000,17105.154639,8706.956522,11967.549669,7891.970803,10592.964824,9143.243243,0.073272,1.233404,0.107754,0.163758,-0.012140,0.193200,0.082121
520250,43.2323,15,Index_C2_Open,Index,open,2,1.2323,Index cycle 2: OPEN,3196,3366,2935,3190,2861,3124,2969,12087.208009,15698.765432,8602.586207,11984.530387,7882.820097,10938.825953,8965.008881,0.050434,1.049773,0.094475,0.165409,-0.013286,0.232158,0.061027
520300,43.2755,15,Index_C2_Open,Index,open,2,1.2755,Index cycle 2: OPEN,3178,3325,2916,3172,2850,3131,2976,11783.206107,14681.818182,8409.160305,11684.507042,7783.132530,11042.946058,9042.359249,0.024015,0.916991,0.069866,0.136234,-0.025764,0.243886,0.070181
520350,43.4203,15,Index_C2_Open,Index,open,2,1.4203,Index cycle 2: OPEN,3183,3298,2920,3185,2863,3128,2968,11866.447368,14069.259724,8449.361702,11900.000000,7901.136364,10998.138573,8954.037267,0.031249,0.837010,0.074981,0.157189,-0.010993,0.238839,0.059728
520400,43.4204,15,Index_C2_Open,Index,open,2,1.4204,Index cycle 2: OPEN,3191,3318,2928,3175,2863,3111,2960,12001.548673,14518.918919,8530.591260,11733.695652,7901.136364,10749.390244,8866.960352,0.042990,0.895721,0.085316,0.141017,-0.010993,0.210820,0.049423
520450,43.4204,15,Index_C2_Open,Index,open,2,1.4204,Index cycle 2: OPEN,3176,3304,2913,3170,2854,3101,2970,11750.163221,14201.769912,8379.187817,11651.891892,7819.178082,10607.042254,8976.000000,0.021143,0.854311,0.066053,0.133062,-0.021252,0.194786,0.062328
520500,43.4636,15,Index_C2_Open,Index,open,2,1.4636,Index cycle 2: OPEN,3164,3253,2907,3182,2862,3117,2968,11554.887218,13135.629454,8319.696970,11849.726177,7891.970803,10836.196319,8954.037267,0.004173,0.715106,0.058484,0.152300,-0.012140,0.220598,0.059728
520550,43.5291,15,Index_C2_Open,Index,open,2,1.5291,Index cycle 2: OPEN,3152,3236,2917,3184,2861,3101,2958,11364.581124,12808.381839,8419.185059,11883.205269,7882.820097,10607.042254,8845.382586,-0.012366,0.672378,0.071142,0.155556,-0.013286,0.194786,0.046869
520600,43.6772,15,Index_C2_Open,Index,open,2,1.6772,Index cycle 2: OPEN,3141,3236,2891,3154,2859,3089,2964,11194.339623,12808.381839,8163.953488,11395.961743,7864.563107,10439.960239,8910.344828,-0.027160,0.672378,0.038670,0.108175,-0.015571,0.175965,0.054557
520650,43.6773,15,Index_C2_Open,Index,open,2,1.6773,Index cycle 2: OPEN,3132,3189,2899,3151,2862,3093,2961,11057.943925,11967.549669,8241.304348,11348.940678,7891.970803,10495.209581,8877.777778,-0.039014,0.562591,0.048511,0.103602,-0.012140,0.182189,0.050703
520700,43.6773,15,Index_C2_Open,Index,open,2,1.6773,Index cycle 2: OPEN,3220,3160,2890,3153,2860,3086,2959,12512.000000,11490.909091,8154.356846,11380.254777,7873.684211,10398.810704,8856.161972,0.087350,0.500357,0.037449,0.106647,-0.014429,0.171330,0.048145
520750,43.7104,15,Index_C2_Open,Index,open,2,1.7104,Index cycle 2: OPEN,3201,3158,2870,3152,2851,3078,2970,12173.825503,11459.124867,7965.714286,11364.581124,7792.122186,10290.265487,8976.000000,0.057962,0.496207,0.013448,0.105123,-0.024639,0.159104,0.062328
520800,43.7647,15,Index_C2_Open,Index,open,2,1.7647,Index cycle 2: OPEN,3205,3137,2881,3153,2860,3063,2989,12243.820225,11133.402923,8068.698517,11380.254777,7873.684211,10091.279070,9188.607595,0.064044,0.453678,0.026551,0.106647,-0.014429,0.136690,0.087490
520850,43.9233,15,Index_C2_Open,Index,open,2,1.9233,Index cycle 2: OPEN,3134,3096,2870,3145,2861,3045,2968,11088.033299,10536.936937,7965.714286,11255.789474,7882.820097,9860.000000,8954.037267,-0.036399,0.375798,0.013448,0.094544,-0.013286,0.110638,0.059728
520900,43.9233,15,Index_C2_Open,Index,open,2,1.9233,Index cycle 2: OPEN,3154,3116,2877,3141,2857,3065,2967,11395.961743,10821.654750,8031.034483,11194.339623,7846.365105,10117.475728,8943.085106,-0.009638,0.412973,0.021759,0.088569,-0.017849,0.139641,0.058432
520950,43.9234,15,Index_C2_Open,Index,open,2,1.9234,Index cycle 2: OPEN,3118,3145,2889,3138,2860,3056,2966,10850.767656,11255.789474,8144.776119,11148.589342,7873.684211,10000.384986,8932.152347,-0.057018,0.469658,0.036230,0.084120,-0.014429,0.126451,0.057138
521000,43.9667,15,Index_C2_Open,Index,open,2,1.9667,Index cycle 2: OPEN,3126,3143,2874,3141,2860,3055,2962,10968.421053,11225.000000,8002.948403,11194.339623,7873.684211,9987.500000,8888.614298,-0.046794,0.465637,0.018186,0.088569,-0.014429,0.125000,0.051985
521050,44.1788,16,Index_C2_Bend,Index,bend,2,0.1788,Index cycle 2: BEND Index,3116,3139,2869,3133,2851,3062,2967,10821.654750,11163.807531,7956.443719,11072.972973,7792.122186,10078.218780,8943.085106,-0.059548,0.457648,0.012269,0.076767,-0.024639,0.135219,0.058432
521100,44.1789,16,Index_C2_Bend,Index,bend,2,0.1789,Index cycle 2: BEND Index,3119,3115,2864,3145,2860,3067,2963,10865.368852,10807.142857,7910.316816,11255.789474,7873.684211,10143.774319,8899.469965,-0.055749,0.411078,0.006400,0.094544,-0.014429,0.142603,0.053270
521150,44.1789,16,Index_C2_Bend,Index,bend,2,0.1789,Index cycle 2: BEND Index,3139,3102,2871,3153,2858,3054,2956,11163.807531,10621.148036,7975.000000,11380.254777,7855.456750,9974.639769,8823.880597,-0.029814,0.386793,0.014630,0.106647,-0.016711,0.123551,0.044324
521200,44.1789,16,Index_C2_Bend,Index,bend,2,0.1789,Index cycle 2: BEND Index,3128,3093,2869,3155,2853,3063,2963,10998.138573,10495.209581,7956.443719,11411.702128,7810.144928,10091.279070,8899.469965,-0.044211,0.370349,0.012269,0.109705,-0.022383,0.136690,0.053270
521250,44.2108,16,Index_C2_Bend,Index,bend,2,0.2108,Index cycle 2: BEND Index,3103,3073,2869,3153,2859,3056,2959,10635.282258,10223.287671,7956.443719,11380.254777,7864.563107,10000.384986,8856.161972,-0.075745,0.334845,0.012269,0.106647,-0.015571,0.126451,0.048145
521300,44.2759,16,Index_C2_Bend,Index,bend,2,0.2759,Index cycle 2: BEND Index,3109,3085,2870,3136,2858,3039,2948,10720.689655,10385.148515,7965.714286,11118.248175,7855.456750,9784.659091,8738.622493,-0.068323,0.355979,0.013448,0.081169,-0.016711,0.102152,0.034234
521350,44.4023,16,Index_C2_Bend,Index,bend,2,0.4023,Index cycle 2: BEND Index,3102,3069,2863,3123,2848,3046,2961,10621.148036,10170.175439,7901.136364,10924.074074,7765.196472,9872.640610,8877.777778,-0.076973,0.327910,0.005232,0.062287,-0.028009,0.112062,0.050703
521400,44.4024,16,Index_C2_Bend,Index,bend,2,0.4024,Index cycle 2: BEND Index,3098,3064,2872,3120,2856,3043,2960,10564.894684,10104.364694,7984.300899,10880.000000,7837.288136,9834.790875,8866.960352,-0.081862,0.319317,0.015813,0.058001,-0.018985,0.107799,0.049423
521450,44.4239,16,Index_C2_Bend,Index,bend,2,0.4239,Index cycle 2: BEND Index,3098,3089,2863,3113,2854,3032,2952,10564.894684,10439.960239,7901.136364,10778.207739,7819.178082,9697.836312,8781.102362,-0.081862,0.363136,0.005232,0.048103,-0.021252,0.092372,0.039261
521500,44.4893,16,Index_C2_Bend,Index,bend,2,0.4893,Index cycle 2: BEND Index,3093,3090,2855,3111,2848,3047,2959,10495.209581,10453.731343,7828.225806,10749.390244,7765.196472,9885.305344,8856.161972,-0.087918,0.364934,-0.004044,0.045300,-0.028009,0.113489,0.048145
521550,44.5323,16,Index_C2_Bend,Index,bend,2,0.5323,Index cycle 2: BEND Index,3094,3100,2877,3111,2858,3048,2964,10509.090909,10592.964824,8031.034483,10749.390244,7855.456750,9897.994269,8910.344828,-0.086712,0.383113,0.021759,0.045300,-0.016711,0.114918,0.054557
521600,44.6712,16,Index_C2_Bend,Index,bend,2,0.6712,Index cycle 2: BEND Index,3107,3132,2871,3107,2856,3049,2959,10692.105263,11057.943925,7975.000000,10692.105263,7837.288136,9910.707457,8856.161972,-0.070807,0.443825,0.014630,0.039730,-0.018985,0.116350,0.048145
521650,44.6713,16,Index_C2_Bend,Index,bend,2,0.6713,Index cycle 2: BEND Index,3101,3108,2844,3097,2855,3048,2964,10607.042254,10706.382979,7729.496403,10550.901804,7828.225806,9897.994269,8910.344828,-0.078199,0.397922,-0.016605,0.025999,-0.020119,0.114918,0.054557
521700,44.6713,16,Index_C2_Bend,Index,bend,2,0.6713,Index cycle 2: BEND Index,3084,3103,2856,3101,2857,3050,2962,10371.513353,10635.282258,7837.288136,10607.042254,7846.365105,9923.444976,8888.614298,-0.098668,0.388639,-0.002891,0.031458,-0.017849,0.117785,0.051985
521750,44.7260,16,Index_C2_Bend,Index,bend,2,0.7260,Index cycle 2: BEND Index,3094,3070,2862,3112,2857,3046,2955,10509.090909,10183.414634,7891.970803,10763.784334,7846.365105,9872.640610,8813.157895,-0.086712,0.329639,0.004066,0.046700,-0.017849,0.112062,0.043055
521800,44.7914,16,Index_C2_Bend,Index,bend,2,0.7914,Index cycle 2: BEND Index,3093,3092,2852,3094,2851,3052,2967,10495.209581,10481.355932,7801.126307,10509.090909,7792.122186,9948.993289,8943.085106,-0.087918,0.368541,-0.007492,0.021933,-0.024639,0.120663,0.058432
521850,44.9535,16,Index_C2_Bend,Index,bend,2,0.9535,Index cycle 2: BEND Index,3078,3059,2864,3099,2859,3031,2961,10290.265487,10039.189189,7910.316816,10578.915663,7864.563107,9685.526316,8877.777778,-0.105728,0.310807,0.006400,0.028723,-0.015571,0.090985,0.050703
521900,44.9535,16,Index_C2_Bend,Index,bend,2,0.9535,Index cycle 2: BEND Index,3088,3117,2862,3096,2859,3029,2956,10426.216485,10836.196319,7891.970803,10536.936937,7864.563107,9660.975610,8823.880597,-0.093914,0.414872,0.004066,0.024641,-0.015571,0.088220,0.044324
521950,44.9536,16,Index_C2_Bend,Index,bend,2,0.9536,Index cycle 2: BEND Index,3091,3097,2856,3087,2846,3048,2964,10467.529880,10550.901804,7837.288136,10412.500000,7747.317854,9897.994269,8910.344828,-0.090323,0.377621,-0.002891,0.012540,-0.030247,0.114918,0.054557
522000,44.9640,16,Index_C2_Bend,Index,bend,2,0.9640,Index cycle 2: BEND Index,3088,3086,2870,3105,2861,3043,2965,10426.216485,10398.810704,7965.714286,10663.636364,7882.820097,9834.790875,8921.238938,-0.093914,0.357763,0.013448,0.036961,-0.013286,0.107799,0.055847
522050,45.0280,16,Index_C2_Bend,Index,bend,2,1.0280,Index cycle 2: BEND Index,3093,3127,2870,3103,2860,3050,2976,10495.209581,10983.264463,7965.714286,10635.282258,7873.684211,9923.444976,9042.359249,-0.087918,0.434074,0.013448,0.034204,-0.014429,0.117785,0.070181
522100,45.0712,16,Index_C2_Bend,Index,bend,2,1.0712,Index cycle 2: BEND Index,3115,3124,2868,3087,2852,3071,2983,10807.142857,10938.825953,7947.188264,10412.500000,7801.126307,10196.679688,9120.683453,-0.060809,0.428272,0.011091,0.012540,-0.023512,0.148562,0.079451
522150,45.2052,16,Index_C2_Bend,Index,bend,2,1.2052,Index cycle 2: BEND Index,3189,3232,2898,3146,2860,3104,2979,11967.549669,12733.256083,8231.578947,11271.232877,7873.684211,10649.445005,9075.806452,0.040035,0.662569,0.047273,0.096046,-0.014429,0.199562,0.074140
522200,45.2053,16,Index_C2_Bend,Index,bend,2,1.2053,Index cycle 2: BEND Index,3158,3351,2893,3128,2861,3078,2969,11459.124867,15313.709677,8183.194676,10998.138573,7882.820097,10290.265487,8965.008881,-0.004149,0.999496,0.041118,0.069489,-0.013286,0.159104,0.061027
522250,45.2382,16,Index_C2_Bend,Index,bend,2,1.2382,Index cycle 2: BEND Index,3152,3365,2902,3092,2851,3168,2977,11364.581124,15672.602740,8270.578374,10481.355932,7792.122186,11619.417476,9053.488372,-0.012366,1.046357,0.052235,0.019236,-0.024639,0.308820,0.071499
522300,45.2809,16,Index_C2_Bend,Index,bend,2,1.2809,Index cycle 2: BEND Index,3173,3481,2933,3106,2861,3089,2988,11700.867679,19275.895765,8581.927711,10677.856421,7882.820097,10439.960239,9177.235772,0.016859,1.516835,0.091847,0.038344,-0.013286,0.175965,0.086144
522350,45.3246,16,Index_C2_Bend,Index,bend,2,1.3246,Index cycle 2: BEND Index,3171,3165,2928,3162,2864,3071,2967,11668.181818,11570.967742,8530.591260,11522.829582,7910.316816,10196.679688,8943.085106,0.014019,0.510810,0.085316,0.120512,-0.009844,0.148562,0.058432
522400,45.4598,16,Index_C2_Bend,Index,bend,2,1.4598,Index cycle 2: BEND Index,3219,3360,2930,3266,2859,3061,2969,12493.835616,15542.857143,8551.072961,13394.933655,7864.563107,10065.183752,8965.008881,0.085772,1.029416,0.087921,0.302560,-0.015571,0.133750,0.061027
522450,45.4598,16,Index_C2_Bend,Index,bend,2,1.4598,Index cycle 2: BEND Index,3230,3314,2957,3288,2868,3064,2978,12695.953757,14427.144686,8834.622144,13852.788104,7947.188264,10104.364694,9064.637422,0.103337,0.883738,0.123996,0.347083,-0.005229,0.138164,0.072818
522500,45.4927,16,Index_C2_Bend,Index,bend,2,1.4927,Index cycle 2: BEND Index,3326,3260,2950,3296,2869,3116,2965,14705.331599,13274.251497,8759.825328,14025.531915,7956.443719,10821.654750,8921.238938,0.277961,0.733206,0.114480,0.363882,-0.004070,0.218960,0.055847
522550,45.5252,16,Index_C2_Bend,Index,bend,2,1.5252,Index cycle 2: BEND Index,3225,3293,2987,3291,2865,3149,2960,12603.448276,13960.349127,9165.884477,13917.164179,7919.512195,11317.758985,8866.960352,0.095298,0.822789,0.166142,0.353344,-0.008693,0.274841,0.049423
522600,45.5682,16,Index_C2_Bend,Index,bend,2,1.5682,Index cycle 2: BEND Index,3317,3161,2944,3224,2870,3064,2976,14495.886889,11506.852248,8696.437880,12585.074627,7965.714286,10104.364694,9042.359249,0.259759,0.502439,0.106416,0.223807,-0.002910,0.138164,0.070181
522650,45.7138,16,Index_C2_Bend,Index,bend,2,1.7138,Index cycle 2: BEND Index,3239,3142,2944,3255,2866,3086,2960,12865.186916,11209.653725,8696.437880,13175.000000,7928.722539,10398.810704,8866.960352,0.118044,0.463634,0.106416,0.281173,-0.007540,0.171330,0.049423
522700,45.7139,16,Index_C2_Bend,Index,bend,2,1.7139,Index cycle 2: BEND Index,3228,3179,2947,3260,2862,3099,2973,12658.823529,11799.781659,8728.048780,13274.251497,7891.970803,10578.915663,9009.090909,0.100110,0.540686,0.110437,0.290825,-0.012140,0.191618,0.066244
522750,45.7139,16,Index_C2_Bend,Index,bend,2,1.7139,Index cycle 2: BEND Index,3219,3150,2945,3243,2866,3070,2972,12493.835616,11333.333333,8706.956522,12941.549296,7928.722539,10183.414634,8998.040962,0.085772,0.479782,0.107754,0.258472,-0.007540,0.147068,0.064936
522800,45.7896,16,Index_C2_Bend,Index,bend,2,1.7896,Index cycle 2: BEND Index,3206,3130,2937,3216,2866,3063,2958,12261.417323,11027.979275,8623.316062,12439.590444,7928.722539,10091.279070,8845.382586,0.065574,0.439913,0.097113,0.209660,-0.007540,0.136690,0.046869
522850,45.8226,16,Index_C2_Bend,Index,bend,2,1.8226,Index cycle 2: BEND Index,3204,3133,2904,3122,2861,3061,2966,12226.262626,11072.972973,8290.176322,10909.352518,7882.820097,10065.183752,8932.152347,0.062519,0.445787,0.054728,0.060856,-0.013286,0.133750,0.057138
522900,45.9713,16,Index_C2_Bend,Index,bend,2,1.9713,Index cycle 2: BEND Index,3197,3110,2914,3106,2865,3057,2967,12104.454343,10735.025381,8389.161727,10677.856421,7919.512195,10013.294798,8943.085106,0.051933,0.401662,0.067322,0.038344,-0.008693,0.127906,0.058432
522950,45.9713,16,Index_C2_Bend,Index,bend,2,1.9713,Index cycle 2: BEND Index,3190,3131,2922,3133,2864,3044,2952,11984.530387,11042.946058,8469.565217,11072.972973,7910.316816,9847.383444,8781.102362,0.041511,0.441867,0.077551,0.076767,-0.009844,0.109217,0.039261
523000,45.9714,16,Index_C2_Bend,Index,bend,2,1.9714,Index cycle 2: BEND Index,3182,3102,2910,3115,2859,3074,2940,11849.726177,10621.148036,8349.367089,10807.142857,7864.563107,10236.630754,8654.545455,0.029796,0.386793,0.062259,0.050916,-0.015571,0.153062,0.024283
523050,46.0223,17,Index_C3_Open,Index,open,3,0.0223,Index cycle 3: OPEN,3183,3099,2932,3128,2865,3084,2954,11866.447368,10578.915663,8571.625107,10998.138573,7919.512195,10371.513353,8802.453988,0.031249,0.381279,0.090536,0.069489,-0.008693,0.168256,0.041788
523100,46.0863,17,Index_C3_Open,Index,open,3,0.0863,Index cycle 3: OPEN,3188,3110,2937,3142,2863,3086,2947,11950.606395,10735.025381,8623.316062,11209.653725,7901.136364,10398.810704,8728.048780,0.038563,0.401662,0.097113,0.090058,-0.010993,0.171330,0.032982
523150,46.2297,17,Index_C3_Open,Index,open,3,0.2297,Index cycle 3: OPEN,3165,3097,2908,3123,2852,3065,2953,11570.967742,10550.901804,8329.570345,10924.074074,7801.126307,10117.475728,8791.768827,0.005570,0.377621,0.059740,0.062287,-0.023512,0.139641,0.040524
523200,46.2298,17,Index_C3_Open,Index,open,3,0.2298,Index cycle 3: OPEN,3144,3087,2899,3198,2863,3061,2946,11240.378549,10412.500000,8241.304348,12121.739130,7901.136364,10065.183752,8717.493473,-0.023159,0.359550,0.048511,0.178751,-0.010993,0.133750,0.031733
523250,46.2298,17,Index_C3_Open,Index,open,3,0.2298,Index cycle 3: OPEN,3174,3069,2901,3183,2863,3061,2938,11717.263844,10170.175439,8260.804020,11866.447368,7901.136364,10065.183752,8633.707865,0.018284,0.327910,0.050992,0.153926,-0.010993,0.133750,0.021817
523300,46.2730,17,Index_C3_Open,Index,open,3,0.2730,Index cycle 3: OPEN,3169,3127,2897,3167,2858,3076,2979,11635.637149,10983.264463,8221.869783,11603.232759,7855.456750,10263.395486,9075.806452,0.011191,0.434074,0.046038,0.128330,-0.016711,0.156077,0.074140
523350,46.3165,17,Index_C3_Open,Index,open,3,0.3165,Index cycle 3: OPEN,3182,3117,2899,3182,2865,3067,2969,11849.726177,10836.196319,8241.304348,11849.726177,7919.512195,10143.774319,8965.008881,0.029796,0.414872,0.048511,0.152300,-0.008693,0.142603,0.061027
523400,46.4405,17,Index_C3_Open,Index,open,3,0.4405,Index cycle 3: OPEN,3187,3110,2885,3190,2864,3060,2970,11933.700441,10735.025381,8106.611570,11984.530387,7910.316816,10052.173913,8976.000000,0.037094,0.401662,0.031374,0.165409,-0.009844,0.132285,0.062328
523450,46.4406,17,Index_C3_Open,Index,open,3,0.4406,Index cycle 3: OPEN,3228,3111,2871,3174,2857,3067,2969,12658.823529,10749.390244,7975.000000,11717.263844,7846.365105,10143.774319,8965.008881,0.100110,0.403537,0.014630,0.139419,-0.017849,0.142603,0.061027
523500,46.4619,17,Index_C3_Open,Index,open,3,0.4619,Index cycle 3: OPEN,3311,3117,2896,3176,2864,3078,2982,14358.928571,10836.196319,8212.176814,11750.163221,7910.316816,10290.265487,9109.433962,0.247857,0.414872,0.044805,0.142618,-0.009844,0.159104,0.078120
523550,46.5271,17,Index_C3_Open,Index,open,3,0.5271,Index cycle 3: OPEN,3244,3145,2886,3183,2862,3049,2974,12960.752056,11255.789474,8116.129032,11866.447368,7891.970803,9910.707457,9020.160571,0.126349,0.469658,0.032585,0.153926,-0.012140,0.116350,0.067554
523600,46.5604,17,Index_C3_Open,Index,open,3,0.5604,Index cycle 3: OPEN,3292,3159,2868,3162,2852,3062,2967,13938.729763,11475.000000,7947.188264,11522.829582,7801.126307,10078.218780,8943.085106,0.211340,0.498280,0.011091,0.120512,-0.023512,0.135219,0.058432
523650,46.7114,17,Index_C3_Open,Index,open,3,0.7114,Index cycle 3: OPEN,3268,3121,2879,3185,2862,3077,2951,13435.550181,10894.661191,8049.835526,11900.000000,7891.970803,10276.817289,8770.454545,0.167611,0.422505,0.024151,0.157189,-0.012140,0.157589,0.038001
523700,46.7223,17,Index_C3_Open,Index,open,3,0.7223,Index cycle 3: OPEN,3285,3151,2878,3204,2863,3086,2960,13788.888889,11348.940678,8040.427280,12226.262626,7901.136364,10398.810704,8866.960352,0.198318,0.481820,0.022954,0.188916,-0.010993,0.171330,0.049423
523750,46.7653,17,Index_C3_Open,Index,open,3,0.7653,Index cycle 3: OPEN,3167,3162,2864,3210,2857,3088,2990,11603.232759,11522.829582,7910.316816,12332.203390,7846.365105,10426.216485,9200.000000,0.008374,0.504525,0.006400,0.199218,-0.017849,0.174417,0.088839
523800,46.7868,17,Index_C3_Open,Index,open,3,0.7868,Index cycle 3: OPEN,3119,3170,2871,3201,2862,3055,2974,10865.368852,11651.891892,7975.000000,12173.825503,7891.970803,9987.500000,9020.160571,-0.055749,0.521376,0.014630,0.183816,-0.012140,0.125000,0.067554
523850,46.8303,17,Index_C3_Open,Index,open,3,0.8303,Index cycle 3: OPEN,3121,3186,2866,3185,2861,3056,2976,10894.661191,11916.831683,7928.722539,11900.000000,7882.820097,10000.384986,9042.359249,-0.053204,0.555969,0.008742,0.157189,-0.013286,0.126451,0.070181
523900,46.9896,17,Index_C3_Open,Index,open,3,0.9896,Index cycle 3: OPEN,3227,3117,2936,3169,2853,3072,2972,12640.322581,10836.196319,8612.942192,11635.637149,7810.144928,10209.970674,8998.040962,0.098502,0.414872,0.095793,0.131482,-0.022383,0.150059,0.064936
523950,46.9897,17,Index_C3_Open,Index,open,3,0.9897,Index cycle 3: OPEN,3240,3464,2956,3163,2862,3119,2959,12884.210526,18664.976228,8823.880597,11538.841202,7891.970803,10865.368852,8856.161972,0.119697,1.437068,0.122630,0.122069,-0.012140,0.223884,0.048145
524000,46.9897,17,Index_C3_Open,Index,open,3,0.9897,Index cycle 3: OPEN,3147,3291,2977,3215,2864,3119,2959,11286.708861,13917.164179,9053.488372,12421.590909,7910.316816,10865.368852,8856.161972,-0.019133,0.817151,0.151842,0.207910,-0.009844,0.223884,0.048145
524050,47.0109,17,Index_C3_Open,Index,open,3,1.0109,Index cycle 3: OPEN,3144,3409,2957,3189,2860,3141,2961,11240.378549,16895.918367,8834.622144,11967.549669,7873.684211,11194.339623,8877.777778,-0.023159,1.206084,0.123996,0.163758,-0.014429,0.260939,0.050703
524100,47.0655,17,Index_C3_Open,Index,open,3,1.0655,Index cycle 3: OPEN,3181,3346,2959,3186,2864,3122,2959,11833.041575,15188.785047,8856.161972,11916.831683,7910.316816,10909.352518,8856.161972,0.028346,0.983185,0.126737,0.158826,-0.009844,0.228838,0.048145
524150,47.2441,17,Index_C3_Open,Index,open,3,1.2441,Index cycle 3: OPEN,3169,3307,2938,3192,2863,3143,2963,11635.637149,14268.781726,8633.707865,12018.604651,7901.136364,11225.000000,8899.469965,0.011191,0.863061,0.098435,0.168722,-0.010993,0.264393,0.053270
524200,47.2441,17,Index_C3_Open,Index,open,3,1.2441,Index cycle 3: OPEN,3161,3295,2917,3186,2852,3178,2964,11506.852248,14003.750000,8419.185059,11916.831683,7801.126307,11783.206107,8910.344828,-0.000001,0.828456,0.071142,0.158826,-0.023512,0.327270,0.054557
524250,47.2441,17,Index_C3_Open,Index,open,3,1.2441,Index cycle 3: OPEN,3148,3256,2927,3215,2861,3152,2960,11302.217529,13194.755662,8520.376712,12421.590909,7882.820097,11364.581124,8866.960352,-0.017785,0.722827,0.084016,0.207910,-0.013286,0.280116,0.049423
524300,47.3096,17,Index_C3_Open,Index,open,3,1.3096,Index cycle 3: OPEN,3150,3244,2938,3211,2859,3149,2954,11333.333333,12960.752056,8633.707865,12350.000000,7864.563107,11317.758985,8802.453988,-0.015081,0.692273,0.098435,0.200948,-0.015571,0.274841,0.041788
524350,47.3303,17,Index_C3_Open,Index,open,3,1.3303,Index cycle 3: OPEN,3144,3203,2902,3193,2850,3141,2963,11240.378549,12208.744395,8270.578374,12035.698448,7783.132530,11194.339623,8899.469965,-0.023159,0.594084,0.052235,0.170385,-0.025764,0.260939,0.053270
524400,47.5016,17,Index_C3_Open,Index,open,3,1.5016,Index cycle 3: OPEN,3204,3191,2908,3217,2859,3134,2961,12226.262626,12001.548673,8329.570345,12457.630979,7864.563107,11088.033299,8877.777778,0.062519,0.567031,0.059740,0.211414,-0.015571,0.248965,0.050703
524450,47.5016,17,Index_C3_Open,Index,open,3,1.5016,Index cycle 3: OPEN,3132,3191,2901,3233,2854,3144,2949,11057.943925,12001.548673,8260.804020,12751.972158,7819.178082,11240.378549,8749.214660,-0.039014,0.567031,0.050992,0.240037,-0.021252,0.266125,0.035487
524500,47.5016,17,Index_C3_Open,Index,open,3,1.5016,Index cycle 3: OPEN,3119,3162,2894,3206,2846,3116,2961,10865.368852,11522.829582,8192.839301,12261.417323,7747.317854,10821.654750,8877.777778,-0.055749,0.504525,0.042345,0.192334,-0.030247,0.218960,0.050703
524550,47.5118,17,Index_C3_Open,Index,open,3,1.5118,Index cycle 3: OPEN,3083,3154,2897,3206,2855,3091,2959,10357.905138,11395.961743,8221.869783,12261.417323,7828.225806,10467.529880,8856.161972,-0.099850,0.487960,0.046038,0.192334,-0.020119,0.179071,0.048145
524600,47.5662,17,Index_C3_Open,Index,open,3,1.5662,Index cycle 3: OPEN,3198,3123,2882,3190,2853,3088,2951,12121.739130,10924.074074,8078.153339,11984.530387,7810.144928,10426.216485,8770.454545,0.053435,0.426346,0.027754,0.165409,-0.022383,0.174417,0.038001
524650,47.6105,17,Index_C3_Open,Index,open,3,1.6105,Index cycle 3: OPEN,3200,3135,2878,3181,2849,3094,2959,12156.424581,11103.125000,8040.427280,11833.041575,7774.157303,10509.090909,8856.161972,0.056449,0.449724,0.022954,0.150678,-0.026887,0.183752,0.048145
524700,47.7568,17,Index_C3_Open,Index,open,3,1.7568,Index cycle 3: OPEN,3055,3122,2897,3198,2855,3086,2955,9987.500000,10909.352518,8221.869783,12121.739130,7828.225806,10398.810704,8813.157895,-0.132040,0.424424,0.046038,0.178751,-0.020119,0.171330,0.043055
524750,47.7569,17,Index_C3_Open,Index,open,3,1.7569,Index cycle 3: OPEN,3090,3118,2898,3186,2854,3079,2939,10453.731343,10850.767656,8231.578947,11916.831683,7819.178082,10303.740157,8644.117647,-0.091523,0.416774,0.047273,0.158826,-0.021252,0.160622,0.023049
524800,47.7569,17,Index_C3_Open,Index,open,3,1.7569,Index cycle 3: OPEN,3096,3103,2883,3169,2846,3088,2951,10536.936937,10635.282258,8087.623762,11635.637149,7747.317854,10426.216485,8770.454545,-0.084292,0.388639,0.028958,0.131482,-0.030247,0.174417,0.038001
524850,47.8330,17,Index_C3_Open,Index,open,3,1.8330,Index cycle 3: OPEN,3077,3096,2898,3186,2857,3086,2947,10276.817289,10536.936937,8231.578947,11916.831683,7846.365105,10398.810704,8728.048780,-0.106897,0.375798,0.047273,0.158826,-0.017849,0.171330,0.032982
524900,48.0224,18,Index_C3_Bend,Index,bend,3,0.0224,Index cycle 3: BEND Index,3121,3088,2889,3187,2855,3062,2931,10894.661191,10426.216485,8144.776119,11933.700441,7828.225806,10078.218780,8561.340206,-0.053204,0.361341,0.036230,0.160466,-0.020119,0.135219,0.013252
524950,48.0228,18,Index_C3_Bend,Index,bend,3,0.0228,Index cycle 3: BEND Index,3139,3059,2883,3196,2847,3066,2946,11163.807531,10039.189189,8087.623762,12087.208009,7756.250000,10130.612245,8717.493473,-0.029814,0.310807,0.028958,0.175394,-0.029129,0.141120,0.031733
525000,48.0228,18,Index_C3_Bend,Index,bend,3,0.0228,Index cycle 3: BEND Index,3070,3067,2893,3199,2856,3063,2952,10183.414634,10143.774319,8183.194676,12139.062500,7837.288136,10091.279070,8781.102362,-0.115014,0.324463,0.041118,0.180436,-0.018985,0.136690,0.039261
525050,48.0339,18,Index_C3_Bend,Index,bend,3,0.0339,Index cycle 3: BEND Index,3094,3040,2900,3205,2855,3054,2941,10509.090909,9797.156398,8251.046025,12243.820225,7828.225806,9974.639769,8664.991334,-0.086712,0.279205,0.049750,0.190623,-0.020119,0.123551,0.025519
525100,48.0878,18,Index_C3_Bend,Index,bend,3,0.0878,Index cycle 3: BEND Index,3087,3045,2878,3211,2847,3053,2946,10412.500000,9860.000000,8040.427280,12350.000000,7756.250000,9961.804223,8717.493473,-0.095106,0.287411,0.022954,0.200948,-0.029129,0.122106,0.031733
525150,48.1204,18,Index_C3_Bend,Index,bend,3,0.1204,Index cycle 3: BEND Index,3055,3029,2880,3210,2855,3059,2941,9987.500000,9660.975610,8059.259259,12332.203390,7828.225806,10039.189189,8664.991334,-0.132040,0.261424,0.025350,0.199218,-0.020119,0.130822,0.025519
525200,48.2782,18,Index_C3_Bend,Index,bend,3,0.2782,Index cycle 3: BEND Index,3140,3033,2877,3190,2854,3033,2937,11179.057592,9710.169492,8031.034483,11984.530387,7819.178082,9710.169492,8623.316062,-0.028488,0.267847,0.021759,0.165409,-0.021252,0.093761,0.020587
525250,48.2783,18,Index_C3_Bend,Index,bend,3,0.2783,Index cycle 3: BEND Index,3055,3036,2880,3199,2845,3058,2947,9987.500000,9747.308782,8059.259259,12139.062500,7738.400000,10026.229508,8728.048780,-0.132040,0.272697,0.025350,0.180436,-0.031363,0.129363,0.032982
525300,48.2783,18,Index_C3_Bend,Index,bend,3,0.2783,Index cycle 3: BEND Index,3039,3028,2889,3214,2855,3044,2942,9784.659091,9648.734770,8144.776119,12403.632236,7828.225806,9847.383444,8675.455334,-0.149668,0.259826,0.036230,0.206163,-0.020119,0.109217,0.026758
525350,48.3215,18,Index_C3_Bend,Index,bend,3,0.3215,Index cycle 3: BEND Index,3106,3044,2881,3226,2854,3045,2933,10677.856421,9847.383444,8068.698517,12621.864212,7819.178082,9860.000000,8581.927711,-0.072045,0.285763,0.026551,0.227385,-0.021252,0.110638,0.015688
525400,48.3765,18,Index_C3_Bend,Index,bend,3,0.3765,Index cycle 3: BEND Index,3039,3043,2868,3215,2845,3054,2938,9784.659091,9834.790875,7947.188264,12421.590909,7738.400000,9974.639769,8633.707865,-0.149668,0.284119,0.011091,0.207910,-0.031363,0.123551,0.021817
525450,48.5218,18,Index_C3_Bend,Index,bend,3,0.5218,Index cycle 3: BEND Index,3025,3027,2872,3222,2852,3050,2941,9612.149533,9636.516854,7984.300899,12548.453608,7801.126307,9923.444976,8664.991334,-0.164660,0.258231,0.015813,0.220246,-0.023512,0.117785,0.025519
525500,48.5218,18,Index_C3_Bend,Index,bend,3,0.5218,Index cycle 3: BEND Index,3037,3054,2866,3174,2853,3046,2929,9759.735350,9974.639769,7928.722539,11717.263844,7810.144928,9872.640610,8540.823328,-0.151834,0.302379,0.008742,0.139419,-0.022383,0.112062,0.010824
525550,48.5219,18,Index_C3_Bend,Index,bend,3,0.5219,Index cycle 3: BEND Index,3031,3028,2863,3191,2847,3047,2945,9685.526316,9648.734770,7901.136364,12001.548673,7756.250000,9885.305344,8706.956522,-0.158283,0.259826,0.005232,0.167064,-0.029129,0.113489,0.030486
525600,48.5658,18,Index_C3_Bend,Index,bend,3,0.5658,Index cycle 3: BEND Index,3029,3021,2877,3204,2854,3054,2944,9660.975610,9563.687151,8031.034483,12226.262626,7819.178082,9974.639769,8696.437880,-0.160417,0.248721,0.021759,0.188916,-0.021252,0.123551,0.029241
525650,48.6203,18,Index_C3_Bend,Index,bend,3,0.6203,Index cycle 3: BEND Index,3079,3026,2879,3196,2855,3033,2936,10303.740157,9624.321796,8049.835526,12087.208009,7828.225806,9710.169492,8612.942192,-0.104557,0.256638,0.024151,0.175394,-0.020119,0.093761,0.019359
525700,48.7744,18,Index_C3_Bend,Index,bend,3,0.7744,Index cycle 3: BEND Index,3087,3018,2873,3173,2844,3039,2953,10412.500000,9527.576602,7993.617021,11700.867679,7729.496403,9784.659091,8791.768827,-0.095106,0.244006,0.016998,0.137825,-0.032478,0.102152,0.040524
525750,48.7744,18,Index_C3_Bend,Index,bend,3,0.7744,Index cycle 3: BEND Index,3025,3011,2895,3180,2852,3029,2945,9612.149533,9444.095941,8202.500000,11816.393443,7801.126307,9660.975610,8706.956522,-0.164660,0.233106,0.043574,0.149059,-0.023512,0.088220,0.030486
525800,48.7853,18,Index_C3_Bend,Index,bend,3,0.7853,Index cycle 3: BEND Index,3026,3006,2884,3154,2852,3006,2930,9624.321796,9385.123967,8097.109827,11395.961743,7801.126307,9385.123967,8551.072961,-0.163602,0.225407,0.030165,0.108175,-0.023512,0.057148,0.012037
525850,48.8173,18,Index_C3_Bend,Index,bend,3,0.8173,Index cycle 3: BEND Index,3033,3000,2873,3158,2846,3012,2939,9710.169492,9315.068493,7993.617021,11459.124867,7747.317854,9455.955679,8644.117647,-0.156142,0.216259,0.016998,0.114317,-0.030247,0.065126,0.023049
525900,48.8602,18,Index_C3_Bend,Index,bend,3,0.8602,Index cycle 3: BEND Index,3031,3017,2881,3137,2851,3006,2940,9685.526316,9515.584416,8068.698517,11133.402923,7792.122186,9385.123967,8654.545455,-0.158283,0.242441,0.026551,0.082643,-0.024639,0.057148,0.024283
525950,49.0296,18,Index_C3_Bend,Index,bend,3,1.0296,Index cycle 3: BEND Index,3053,3028,2884,3136,2850,2982,2925,9961.804223,9648.734770,8097.109827,11118.248175,7783.132530,9109.433962,8500.000000,-0.134273,0.259826,0.030165,0.081169,-0.025764,0.026094,0.005992
526000,49.0297,18,Index_C3_Bend,Index,bend,3,1.0297,Index cycle 3: BEND Index,3031,3021,2878,3132,2844,3036,2937,9685.526316,9563.687151,8040.427280,11057.943925,7729.496403,9747.308782,8623.316062,-0.158283,0.248721,0.022954,0.075305,-0.032478,0.097945,0.020587
526050,49.0297,18,Index_C3_Bend,Index,bend,3,1.0297,Index cycle 3: BEND Index,3025,3043,2870,3159,2854,3049,2938,9612.149533,9834.790875,7965.714286,11475.000000,7819.178082,9910.707457,8633.707865,-0.164660,0.284119,0.013448,0.115861,-0.021252,0.116350,0.021817
526100,49.0952,18,Index_C3_Bend,Index,bend,3,1.0952,Index cycle 3: BEND Index,3035,3146,2880,3182,2854,3040,2939,9734.905660,11271.232877,8059.259259,11849.726177,7819.178082,9797.156398,8644.117647,-0.153992,0.471674,0.025350,0.152300,-0.021252,0.103560,0.023049
526150,49.1160,18,Index_C3_Bend,Index,bend,3,1.1160,Index cycle 3: BEND Index,3035,3167,2873,3170,2845,3050,2934,9734.905660,11603.232759,7993.617021,11651.891892,7738.400000,9923.444976,8592.248062,-0.153992,0.515023,0.016998,0.133062,-0.031363,0.117785,0.016910
526200,49.2867,18,Index_C3_Bend,Index,bend,3,1.2867,Index cycle 3: BEND Index,3026,3182,2883,3171,2855,3050,2932,9624.321796,11849.726177,8087.623762,11668.181818,7828.225806,9923.444976,8571.625107,-0.163602,0.547207,0.028958,0.134646,-0.020119,0.117785,0.014469
526250,49.2868,18,Index_C3_Bend,Index,bend,3,1.2868,Index cycle 3: BEND Index,3055,3297,2896,3128,2862,3037,2925,9987.500000,14047.368421,8212.176814,10998.138573,7891.970803,9759.735350,8500.000000,-0.132040,0.834151,0.044805,0.069489,-0.012140,0.099344,0.005992
526300,49.2975,18,Index_C3_Bend,Index,bend,3,1.2975,Index cycle 3: BEND Index,3059,3433,2884,3128,2854,3054,2940,10039.189189,17631.722054,8097.109827,10998.138573,7819.178082,9974.639769,8654.545455,-0.127548,1.302157,0.030165,0.069489,-0.021252,0.123551,0.024283
526350,49.3300,18,Index_C3_Bend,Index,bend,3,1.3300,Index cycle 3: BEND Index,3062,3330,2909,3160,2864,3032,2938,10078.218780,14800.000000,8339.460371,11490.909091,7910.316816,9697.836312,8633.707865,-0.124156,0.932422,0.060999,0.117408,-0.009844,0.092372,0.021817
526400,49.3629,18,Index_C3_Bend,Index,bend,3,1.3629,Index cycle 3: BEND Index,3068,3154,2920,3148,2865,3054,2938,10156.962025,11395.961743,8449.361702,11302.217529,7919.512195,9974.639769,8633.707865,-0.117313,0.487960,0.074981,0.099059,-0.008693,0.123551,0.021817
526450,49.5395,18,Index_C3_Bend,Index,bend,3,1.5395,Index cycle 3: BEND Index,3086,3121,2914,3148,2859,3073,2947,10398.810704,10894.661191,8389.161727,11302.217529,7864.563107,10223.287671,8728.048780,-0.096295,0.422505,0.067322,0.099059,-0.015571,0.151559,0.032982
526500,49.5396,18,Index_C3_Bend,Index,bend,3,1.5396,Index cycle 3: BEND Index,3111,3120,2941,3267,2862,3088,2949,10749.390244,10880.000000,8664.991334,13415.217391,7891.970803,10426.216485,8749.214660,-0.065828,0.420591,0.102415,0.304533,-0.012140,0.174417,0.035487
526550,49.5396,18,Index_C3_Bend,Index,bend,3,1.5396,Index cycle 3: BEND Index,3210,3125,2936,3219,2859,3138,2954,12332.203390,10953.608247,8612.942192,12493.835616,7864.563107,11148.589342,8802.453988,0.071725,0.430202,0.095793,0.214935,-0.015571,0.255786,0.041788
526600,49.5607,18,Index_C3_Bend,Index,bend,3,1.5607,Index cycle 3: BEND Index,3157,3133,2909,3217,2852,3123,2952,11443.283582,11072.972973,8339.460371,12457.630979,7801.126307,10924.074074,8781.102362,-0.005526,0.445787,0.060999,0.211414,-0.023512,0.230496,0.039261
526650,49.6258,18,Index_C3_Bend,Index,bend,3,1.6258,Index cycle 3: BEND Index,3176,3270,2942,3218,2860,3133,2952,11750.163221,13476.363636,8675.455334,12475.712657,7873.684211,11072.972973,8781.102362,0.021143,0.759596,0.103746,0.213173,-0.014429,0.247269,0.039261
526700,49.7976,18,Index_C3_Bend,Index,bend,3,1.7976,Index cycle 3: BEND Index,3188,3271,2968,3182,2858,3130,2952,11950.606395,13496.844660,8954.037267,11849.726177,7855.456750,11027.979275,8781.102362,0.038563,0.762270,0.139189,0.152300,-0.016711,0.242200,0.039261
526750,49.7977,18,Index_C3_Bend,Index,bend,3,1.7977,Index cycle 3: BEND Index,3117,3289,2936,3139,2853,3143,2957,10836.196319,13874.193548,8612.942192,11163.807531,7810.144928,11225.000000,8834.622144,-0.058285,0.811540,0.095793,0.085600,-0.022383,0.264393,0.045595
526800,49.7977,18,Index_C3_Bend,Index,bend,3,1.7977,Index cycle 3: BEND Index,3101,3221,2980,3165,2856,3121,2953,10607.042254,12530.205950,9086.995516,11570.967742,7837.288136,10894.661191,8791.768827,-0.078199,0.636057,0.156105,0.125193,-0.018985,0.227183,0.040524
526850,49.8301,18,Index_C3_Bend,Index,bend,3,1.8301,Index cycle 3: BEND Index,3104,3216,2952,3169,2855,3092,2946,10649.445005,12439.590444,8781.102362,11635.637149,7828.225806,10481.355932,8717.493473,-0.074514,0.624225,0.117187,0.131482,-0.020119,0.180628,0.031733
526900,49.8738,18,Index_C3_Bend,Index,bend,3,1.8738,Index cycle 3: BEND Index,3118,3215,2950,3148,2848,3094,2949,10850.767656,12421.590909,8759.825328,11302.217529,7765.196472,10509.090909,8749.214660,-0.057018,0.621875,0.114480,0.099059,-0.028009,0.183752,0.035487
526950,49.9177,18,Index_C3_Bend,Index,bend,3,1.9177,Index cycle 3: BEND Index,3086,3176,2949,3146,2854,3059,2944,10398.810704,11750.163221,8749.214660,11271.232877,7819.178082,10039.189189,8696.437880,-0.096295,0.534207,0.113130,0.096046,-0.021252,0.130822,0.029241
527000,50.0639,19,Index_C4_Open,Index,open,4,0.0639,Index cycle 4: OPEN,3074,3158,2933,3116,2856,3044,2937,10236.630754,11459.124867,8581.927711,10821.654750,7837.288136,9847.383444,8623.316062,-0.110390,0.496207,0.091847,0.052328,-0.018985,0.109217,0.020587
527050,50.0642,19,Index_C4_Open,Index,open,4,0.0642,Index cycle 4: OPEN,3085,3141,2923,3099,2846,3057,2947,10385.148515,11194.339623,8479.692833,10578.915663,7747.317854,10013.294798,8728.048780,-0.097483,0.461634,0.078840,0.028723,-0.030247,0.127906,0.032982
527100,50.0755,19,Index_C4_Open,Index,open,4,0.0755,Index cycle 4: OPEN,3153,3173,2916,3127,2855,3045,2950,11380.254777,11700.867679,8409.160305,10983.264463,7828.225806,9860.000000,8759.825328,-0.011003,0.527771,0.069866,0.068043,-0.020119,0.110638,0.036743
527150,50.1407,19,Index_C4_Open,Index,open,4,0.1407,Index cycle 4: OPEN,3111,3132,2926,3122,2855,3033,2937,10749.390244,11057.943925,8510.179641,10909.352518,7828.225806,9710.169492,8623.316062,-0.065828,0.443825,0.082719,0.060856,-0.020119,0.093761,0.020587
527200,50.3118,19,Index_C4_Open,Index,open,4,0.3118,Index cycle 4: OPEN,3182,3157,2897,3114,2844,3061,2944,11849.726177,11443.283582,8221.869783,10792.660550,7729.496403,10065.183752,8696.437880,0.029796,0.494138,0.046038,0.049508,-0.032478,0.133750,0.029241
527250,50.3119,19,Index_C4_Open,Index,open,4,0.3119,Index cycle 4: OPEN,3111,3117,2922,3108,2853,3046,2937,10749.390244,10836.196319,8469.565217,10706.382979,7810.144928,9872.640610,8623.316062,-0.065828,0.414872,0.077551,0.041118,-0.022383,0.112062,0.020587
527300,50.3119,19,Index_C4_Open,Index,open,4,0.3119,Index cycle 4: OPEN,3161,3105,2926,3117,2851,3029,2928,11506.852248,10663.636364,8510.179641,10836.196319,7792.122186,9660.975610,8530.591260,-0.000001,0.392341,0.082719,0.053742,-0.024639,0.088220,0.009613
527350,50.3331,19,Index_C4_Open,Index,open,4,0.3331,Index cycle 4: OPEN,3173,3077,2914,3105,2846,3023,2938,11700.867679,10276.817289,8389.161727,10663.636364,7747.317854,9587.873134,8633.707865,0.016859,0.341834,0.067322,0.036961,-0.030247,0.079986,0.021817
527400,50.3658,19,Index_C4_Open,Index,open,4,0.3658,Index cycle 4: OPEN,3162,3085,2911,3091,2853,3008,2939,11522.829582,10385.148515,8359.290541,10467.529880,7810.144928,9408.647654,8644.117647,0.001387,0.355979,0.063522,0.017892,-0.022383,0.059798,0.023049
527450,50.4314,19,Index_C4_Open,Index,open,4,0.4314,Index cycle 4: OPEN,3152,3094,2926,3129,2850,2998,2930,11364.581124,10509.090909,8510.179641,11013.043478,7783.132530,9291.886964,8551.072961,-0.012366,0.372162,0.082719,0.070939,-0.025764,0.046646,0.012037
527500,50.5620,19,Index_C4_Open,Index,open,4,0.5620,Index cycle 4: OPEN,3209,3091,2895,3142,2841,3029,2942,12314.446953,10467.529880,8202.500000,11209.653725,7702.870813,9660.975610,8675.455334,0.070182,0.366735,0.043574,0.090058,-0.035810,0.088220,0.026758
527550,50.5621,19,Index_C4_Open,Index,open,4,0.5621,Index cycle 4: OPEN,3201,3092,2899,3107,2851,3020,2937,12173.825503,10481.355932,8241.304348,10692.105263,7792.122186,9551.627907,8623.316062,0.057962,0.368541,0.048511,0.039730,-0.024639,0.075903,0.020587
527600,50.5621,19,Index_C4_Open,Index,open,4,0.5621,Index cycle 4: OPEN,3108,3082,2897,3086,2851,2976,2925,10706.382979,10344.323791,8221.869783,10398.810704,7792.122186,9042.359249,8500.000000,-0.069566,0.350648,0.046038,0.011209,-0.024639,0.018539,0.005992
527650,50.6276,19,Index_C4_Open,Index,open,4,0.6276,Index cycle 4: OPEN,3173,3074,2895,3071,2842,2984,2930,11700.867679,10236.630754,8202.500000,10196.679688,7711.731844,9131.953195,8551.072961,0.016859,0.336587,0.043574,-0.008447,-0.034701,0.028631,0.012037
527700,50.6815,19,Index_C4_Open,Index,open,4,0.6815,Index cycle 4: OPEN,3136,3082,2919,3076,2851,2991,2927,11118.248175,10344.323791,8439.285714,10263.395486,7792.122186,9211.413043,8520.376712,-0.033773,0.350648,0.073699,-0.001959,-0.024639,0.037581,0.008404
527750,50.8094,19,Index_C4_Open,Index,open,4,0.8094,Index cycle 4: OPEN,3135,3087,2906,3070,2850,2971,2923,11103.125000,10412.500000,8309.840202,10183.414634,7783.132530,8987.010676,8479.692833,-0.035087,0.359550,0.057230,-0.009737,-0.025764,0.012304,0.003589
527800,50.8095,19,Index_C4_Open,Index,open,4,0.8095,Index cycle 4: OPEN,3103,3093,2897,3132,2843,2973,2939,10635.282258,10495.209581,8221.869783,11057.943925,7720.607029,9009.090909,8644.117647,-0.075745,0.370349,0.046038,0.075305,-0.033590,0.014791,0.023049
527850,50.8206,19,Index_C4_Open,Index,open,4,0.8206,Index cycle 4: OPEN,3079,3086,2901,3097,2852,3007,2944,10303.740157,10398.810704,8260.804020,10550.901804,7801.126307,9396.875000,8696.437880,-0.104557,0.357763,0.050992,0.025999,-0.023512,0.058472,0.029241
527900,50.8755,19,Index_C4_Open,Index,open,4,0.8755,Index cycle 4: OPEN,3071,3122,2900,3048,2848,2965,2932,10196.679688,10909.352518,8251.046025,9897.994269,7765.196472,8921.238938,8571.625107,-0.113862,0.424424,0.049750,-0.037492,-0.028009,0.004895,0.014469
527950,50.9190,19,Index_C4_Open,Index,open,4,0.9190,Index cycle 4: OPEN,3058,3130,2918,3055,2841,2996,2948,10026.229508,11027.979275,8429.226848,9987.500000,7702.870813,9268.789809,8738.622493,-0.128674,0.439913,0.072419,-0.028788,-0.035810,0.044044,0.034234
528000,51.0745,19,Index_C4_Open,Index,open,4,1.0745,Index cycle 4: OPEN,3059,3151,2967,3102,2850,3049,2947,10039.189189,11348.940678,8943.085106,10621.148036,7783.132530,9910.707457,8728.048780,-0.127548,0.481820,0.137796,0.032830,-0.025764,0.116350,0.032982
528050,51.0746,19,Index_C4_Open,Index,open,4,1.0746,Index cycle 4: OPEN,3121,3218,2931,3097,2852,3090,2937,10894.661191,12475.712657,8561.340206,10550.901804,7801.126307,10453.731343,8623.316062,-0.053204,0.628942,0.089228,0.025999,-0.023512,0.177517,0.020587
528100,51.0746,19,Index_C4_Open,Index,open,4,1.0746,Index cycle 4: OPEN,3121,3262,2948,3090,2842,3076,2939,10894.661191,13314.285714,8738.622493,10453.731343,7711.731844,10263.395486,8644.117647,-0.053204,0.738433,0.111783,0.016550,-0.034701,0.156077,0.023049
528150,51.1178,19,Index_C4_Open,Index,open,4,1.1178,Index cycle 4: OPEN,3172,3279,2941,3101,2852,3091,2928,11684.507042,13662.500000,8664.991334,10607.042254,7801.126307,10467.529880,8530.591260,0.015438,0.783899,0.102415,0.031458,-0.023512,0.179071,0.009613
528200,51.1933,19,Index_C4_Open,Index,open,4,1.1933,Index cycle 4: OPEN,3191,3284,2945,3115,2851,3070,2930,12001.548673,13767.694205,8706.956522,10807.142857,7792.122186,10183.414634,8551.072961,0.042990,0.797635,0.107754,0.050916,-0.024639,0.147068,0.012037
528250,51.3301,19,Index_C4_Open,Index,open,4,1.3301,Index cycle 4: OPEN,3091,3259,2927,3098,2837,3086,2942,10467.529880,13254.306220,8520.376712,10564.894684,7667.567568,10398.810704,8675.455334,-0.090323,0.730602,0.084016,0.027360,-0.040229,0.171330,0.026758
528300,51.3302,19,Index_C4_Open,Index,open,4,1.3302,Index cycle 4: OPEN,3061,3240,2931,3117,2850,3088,2937,10065.183752,12884.210526,8561.340206,10836.196319,7783.132530,10426.216485,8623.316062,-0.125289,0.682279,0.089228,0.053742,-0.025764,0.174417,0.020587
528350,51.3302,19,Index_C4_Open,Index,open,4,1.3302,Index cycle 4: OPEN,3056,3216,2920,3143,2846,3065,2924,10000.384986,12439.590444,8449.361702,11225.000000,7747.317854,10117.475728,8489.837746,-0.130920,0.624225,0.074981,0.091550,-0.030247,0.139641,0.004789
528400,51.3838,19,Index_C4_Open,Index,open,4,1.3838,Index cycle 4: OPEN,3082,3205,2908,3143,2839,3062,2929,10344.323791,12243.820225,8329.570345,11225.000000,7685.191083,10078.218780,8540.823328,-0.101031,0.598664,0.059740,0.091550,-0.038023,0.135219,0.010824
528450,51.4168,19,Index_C4_Open,Index,open,4,1.4168,Index cycle 4: OPEN,3105,3180,2931,3152,2847,3046,2944,10663.636364,11816.393443,8561.340206,11364.581124,7756.250000,9872.640610,8696.437880,-0.073281,0.542855,0.089228,0.105123,-0.029129,0.112062,0.029241
528500,51.5849,19,Index_C4_Open,Index,open,4,1.5849,Index cycle 4: OPEN,3068,3161,2917,3135,2847,3037,2939,10156.962025,11506.852248,8419.185059,11103.125000,7756.250000,9759.735350,8644.117647,-0.117313,0.502439,0.071142,0.079699,-0.029129,0.099344,0.023049
528550,51.5849,19,Index_C4_Open,Index,open,4,1.5849,Index cycle 4: OPEN,3086,3138,2896,3116,2838,3037,2943,10398.810704,11148.589342,8212.176814,10821.654750,7676.372315,9759.735350,8685.937500,-0.096295,0.455661,0.044805,0.052328,-0.039127,0.099344,0.027998
528600,51.5849,19,Index_C4_Open,Index,open,4,1.5849,Index cycle 4: OPEN,3082,3128,2920,3119,2846,3047,2935,10344.323791,10998.138573,8449.361702,10865.368852,7747.317854,9885.305344,8602.586207,-0.101031,0.436016,0.074981,0.056579,-0.030247,0.113489,0.018133
528650,51.6279,19,Index_C4_Open,Index,open,4,1.6279,Index cycle 4: OPEN,3012,3090,2898,3117,2845,3016,2924,9455.955679,10453.731343,8231.578947,10836.196319,7738.400000,9503.614458,8489.837746,-0.178234,0.364934,0.047273,0.053742,-0.031363,0.070495,0.004789
528700,51.7045,19,Index_C4_Open,Index,open,4,1.7045,Index cycle 4: OPEN,3007,3094,2868,3131,2837,3025,2937,9396.875000,10509.090909,7947.188264,11042.946058,7667.567568,9612.149533,8623.316062,-0.183368,0.372162,0.011091,0.073847,-0.040229,0.082720,0.020587
528750,51.8421,19,Index_C4_Open,Index,open,4,1.8421,Index cycle 4: OPEN,2994,3078,2880,3151,2848,3012,2936,9245.776567,10290.265487,8059.259259,11348.940678,7765.196472,9455.955679,8612.942192,-0.196499,0.343590,0.025350,0.103602,-0.028009,0.065126,0.019359
528800,51.8421,19,Index_C4_Open,Index,open,4,1.8421,Index cycle 4: OPEN,3001,3089,2864,3123,2848,3021,2929,9326.691042,10439.960239,7910.316816,10924.074074,7765.196472,9563.687151,8540.823328,-0.189468,0.363136,0.006400,0.062287,-0.028009,0.077261,0.010824
528850,51.8422,19,Index_C4_Open,Index,open,4,1.8422,Index cycle 4: OPEN,3004,3070,2862,3112,2837,3033,2941,9361.686526,10183.414634,7891.970803,10763.784334,7667.567568,9710.169492,8664.991334,-0.186426,0.329639,0.004066,0.046700,-0.040229,0.093761,0.025519
528900,51.8632,19,Index_C4_Open,Index,open,4,1.8632,Index cycle 4: OPEN,3002,3088,2876,3128,2845,3024,2933,9338.334858,10426.216485,8021.657096,10998.138573,7738.400000,9600.000000,8581.927711,-0.188456,0.361341,0.020566,0.069489,-0.031363,0.081352,0.015688
528950,51.9277,19,Index_C4_Open,Index,open,4,1.9277,Index cycle 4: OPEN,3070,3078,2867,3112,2844,3010,2926,10183.414634,10290.265487,7937.947883,10763.784334,7729.496403,9432.258065,8510.179641,-0.115014,0.343590,0.009916,0.046700,-0.032478,0.062457,0.007197
529000,51.9606,19,Index_C4_Open,Index,open,4,1.9606,Index cycle 4: OPEN,3086,3052,2851,3111,2836,3002,2932,10398.810704,9948.993289,7792.122186,10749.390244,7658.776807,9338.334858,8571.625107,-0.096295,0.299030,-0.008637,0.045300,-0.041330,0.051878,0.014469
529050,52.1023,20,Index_C4_Bend,Index,bend,4,0.1023,Index cycle 4: BEND Index,3111,3038,2858,3105,2845,2997,2932,10749.390244,9772.185430,7855.456750,10663.636364,7738.400000,9280.327869,8571.625107,-0.065828,0.275945,-0.000579,0.036961,-0.031363,0.045344,0.014469
529100,52.1027,20,Index_C4_Bend,Index,bend,4,0.1027,Index cycle 4: BEND Index,3033,3031,2863,3090,2844,2992,2924,9710.169492,9685.526316,7901.136364,10453.731343,7729.496403,9222.846782,8489.837746,-0.156142,0.264630,0.005232,0.016550,-0.032478,0.038869,0.004789
529150,52.1132,20,Index_C4_Bend,Index,bend,4,0.1132,Index cycle 4: BEND Index,2997,3036,2864,3075,2836,2999,2931,9280.327869,9747.308782,7910.316816,10250.000000,7658.776807,9303.467153,8561.340206,-0.193497,0.272697,0.006400,-0.003262,-0.041330,0.047950,0.013252
529200,52.1779,20,Index_C4_Bend,Index,bend,4,0.1779,Index cycle 4: BEND Index,2991,3029,2891,3070,2846,3004,2933,9211.413043,9660.975610,8163.953488,10183.414634,7747.317854,9361.686526,8581.927711,-0.199486,0.261424,0.038670,-0.009737,-0.030247,0.054508,0.015688
529250,52.3522,20,Index_C4_Bend,Index,bend,4,0.3522,Index cycle 4: BEND Index,3029,3021,2873,3073,2843,2988,2923,9660.975610,9563.687151,7993.617021,10223.287671,7720.607029,9177.235772,8479.692833,-0.160417,0.248721,0.016998,-0.005859,-0.033590,0.033731,0.003589
529300,52.3523,20,Index_C4_Bend,Index,bend,4,0.3523,Index cycle 4: BEND Index,2998,3018,2851,3060,2838,2994,2930,9291.886964,9527.576602,7792.122186,10052.173913,7676.372315,9245.776567,8551.072961,-0.192492,0.244006,-0.008637,-0.022499,-0.039127,0.041452,0.012037
529350,52.3523,20,Index_C4_Bend,Index,bend,4,0.3523,Index cycle 4: BEND Index,2978,2998,2876,3072,2846,3005,2925,9064.637422,9291.886964,8021.657096,10209.970674,7747.317854,9373.394495,8500.000000,-0.212241,0.213233,0.020566,-0.007154,-0.030247,0.055827,0.005992
529400,52.3632,20,Index_C4_Bend,Index,bend,4,0.3632,Index cycle 4: BEND Index,2988,2996,2888,3063,2845,2992,2920,9177.235772,9268.789809,8135.211268,10091.279070,7738.400000,9222.846782,8449.361702,-0.202456,0.210217,0.035013,-0.018696,-0.031363,0.038869,-0.000001
529450,52.4074,20,Index_C4_Bend,Index,bend,4,0.4074,Index cycle 4: BEND Index,2999,3012,2868,3070,2834,2992,2931,9303.467153,9455.955679,7947.188264,10183.414634,7641.237113,9222.846782,8561.340206,-0.191486,0.234655,0.011091,-0.009737,-0.043525,0.038869,0.013252
529500,52.4615,20,Index_C4_Bend,Index,bend,4,0.4615,Index cycle 4: BEND Index,2990,3020,2881,3083,2845,2997,2928,9200.000000,9551.627907,8068.698517,10357.905138,7738.400000,9280.327869,8530.591260,-0.200478,0.247147,0.026551,0.007231,-0.031363,0.045344,0.009613
529550,52.5908,20,Index_C4_Bend,Index,bend,4,0.5908,Index cycle 4: BEND Index,2999,2987,2885,3124,2846,2987,2923,9303.467153,9165.884477,8106.611570,10938.825953,7747.317854,9165.884477,8479.692833,-0.191486,0.196781,0.031374,0.063722,-0.030247,0.032453,0.003589
529600,52.5908,20,Index_C4_Bend,Index,bend,4,0.5908,Index cycle 4: BEND Index,3007,2990,2878,3112,2832,2996,2930,9396.875000,9200.000000,8040.427280,10763.784334,7623.752969,9268.789809,8551.072961,-0.183368,0.201235,0.022954,0.046700,-0.045714,0.044044,0.012037
529650,52.6119,20,Index_C4_Bend,Index,bend,4,0.6119,Index cycle 4: BEND Index,3011,2973,2895,3084,2842,2990,2927,9444.095941,9009.090909,8202.500000,10371.513353,7711.731844,9200.000000,8520.376712,-0.179265,0.176308,0.043574,0.008555,-0.034701,0.036295,0.008404
529700,52.6671,20,Index_C4_Bend,Index,bend,4,0.6671,Index cycle 4: BEND Index,3006,2973,2894,3103,2844,2974,2918,9385.123967,9009.090909,8192.839301,10635.282258,7729.496403,9020.160571,8429.226848,-0.184389,0.176308,0.042345,0.034204,-0.032478,0.016038,-0.002384
529750,52.7106,20,Index_C4_Bend,Index,bend,4,0.7106,Index cycle 4: BEND Index,3009,2965,2871,3115,2837,2987,2924,9420.441989,8921.238938,7975.000000,10807.142857,7667.567568,9165.884477,8489.837746,-0.181320,0.164838,0.014630,0.050916,-0.040229,0.032453,0.004789
529800,52.8528,20,Index_C4_Bend,Index,bend,4,0.8528,Index cycle 4: BEND Index,3003,2954,2883,3126,2848,2984,2923,9350.000000,8802.453988,8087.623762,10968.421053,7765.196472,9131.953195,8479.692833,-0.187442,0.149328,0.028958,0.066600,-0.028009,0.028631,0.003589
529850,52.8529,20,Index_C4_Bend,Index,bend,4,0.8529,Index cycle 4: BEND Index,3043,2958,2877,3131,2845,2972,2919,9834.790875,8845.382586,8031.034483,11042.946058,7738.400000,8998.040962,8439.285714,-0.145311,0.154933,0.021759,0.073847,-0.031363,0.013547,-0.001194
529900,52.8529,20,Index_C4_Bend,Index,bend,4,0.8529,Index cycle 4: BEND Index,2981,2952,2865,3120,2833,2981,2926,9098.204668,8781.102362,7919.512195,10880.000000,7632.488114,9098.204668,8510.179641,-0.209324,0.146540,0.007570,0.058001,-0.044620,0.024829,0.007197
529950,52.9183,20,Index_C4_Bend,Index,bend,4,0.9183,Index cycle 4: BEND Index,2968,2963,2881,3096,2843,2988,2928,8954.037267,8899.469965,8068.698517,10536.936937,7720.607029,9177.235772,8530.591260,-0.221853,0.161995,0.026551,0.024641,-0.033590,0.033731,0.009613
530000,52.9728,20,Index_C4_Bend,Index,bend,4,0.9728,Index cycle 4: BEND Index,2981,2993,2864,3057,2841,2977,2916,9098.204668,9234.301270,7910.316816,10013.294798,7702.870813,9053.488372,8409.160305,-0.209324,0.205714,0.006400,-0.026280,-0.035810,0.019792,-0.004759
530050,53.1057,20,Index_C4_Bend,Index,bend,4,1.1057,Index cycle 4: BEND Index,3009,2995,2855,3076,2834,3001,2928,9420.441989,9257.272727,7828.225806,10263.395486,7641.237113,9326.691042,8530.591260,-0.181320,0.208713,-0.004044,-0.001959,-0.043525,0.050566,0.009613
530100,53.1058,20,Index_C4_Bend,Index,bend,4,1.1058,Index cycle 4: BEND Index,3048,3097,2864,3086,2845,3010,2925,9897.994269,10550.901804,7910.316816,10398.810704,7738.400000,9432.258065,8500.000000,-0.139819,0.377621,0.006400,0.011209,-0.031363,0.062457,0.005992
530150,53.1169,20,Index_C4_Bend,Index,bend,4,1.1169,Index cycle 4: BEND Index,3009,3089,2870,3147,2848,2996,2919,9420.441989,10439.960239,7965.714286,11286.708861,7765.196472,9268.789809,8439.285714,-0.181320,0.363136,0.013448,0.097551,-0.028009,0.044044,-0.001194
530200,53.1717,20,Index_C4_Bend,Index,bend,4,1.1717,Index cycle 4: BEND Index,3023,3173,2866,3125,2836,2991,2927,9587.873134,11700.867679,7928.722539,10953.608247,7658.776807,9211.413043,8520.376712,-0.166770,0.527771,0.008742,0.065159,-0.041330,0.037581,0.008404
530250,53.2156,20,Index_C4_Bend,Index,bend,4,1.2156,Index cycle 4: BEND Index,3023,3230,2893,3131,2844,3000,2925,9587.873134,12695.953757,8183.194676,11042.946058,7729.496403,9315.068493,8500.000000,-0.166770,0.657698,0.041118,0.073847,-0.032478,0.049257,0.005992
530300,53.3614,20,Index_C4_Bend,Index,bend,4,1.3614,Index cycle 4: BEND Index,3056,3335,2928,3126,2838,2997,2921,10000.384986,14919.736842,8530.591260,10968.421053,7676.372315,9280.327869,8459.454855,-0.130920,0.948056,0.085316,0.066600,-0.039127,0.045344,0.001194
530350,53.3615,20,Index_C4_Bend,Index,bend,4,1.3615,Index cycle 4: BEND Index,3025,3281,2904,3110,2833,3008,2929,9612.149533,13704.422604,8290.176322,10735.025381,7632.488114,9408.647654,8540.823328,-0.164660,0.789373,0.054728,0.043904,-0.044620,0.059798,0.010824
530400,53.3836,20,Index_C4_Bend,Index,bend,4,1.3836,Index cycle 4: BEND Index,3015,3466,2902,3150,2844,2989,2919,9491.666667,18735.135135,8270.578374,11333.333333,7729.496403,9188.607595,8439.285714,-0.175130,1.446228,0.052235,0.102085,-0.032478,0.035012,-0.001194
530450,53.4267,20,Index_C4_Bend,Index,bend,4,1.4267,Index cycle 4: BEND Index,3025,3357,2888,3186,2840,3013,2912,9612.149533,15465.853659,8135.211268,11916.831683,7694.023904,9467.837338,8369.230769,-0.164660,1.019362,0.035013,0.158826,-0.036918,0.066465,-0.009485
530500,53.4708,20,Index_C4_Bend,Index,bend,4,1.4708,Index cycle 4: BEND Index,3022,3062,2897,3184,2831,3058,2916,9575.768872,10078.218780,8221.869783,11883.205269,7615.031646,10026.229508,8409.160305,-0.167822,0.315903,0.046038,0.155556,-0.046806,0.129363,-0.004759
530550,53.6103,20,Index_C4_Bend,Index,bend,4,1.6103,Index cycle 4: BEND Index,3017,3108,2896,3170,2842,3102,2915,9515.584416,10706.382979,8212.176814,11651.891892,7711.731844,10621.148036,8399.152542,-0.173052,0.397922,0.044805,0.133062,-0.034701,0.196375,-0.005943
530600,53.6103,20,Index_C4_Bend,Index,bend,4,1.6103,Index cycle 4: BEND Index,3021,3219,2897,3149,2840,3040,2907,9563.687151,12493.835616,8221.869783,11317.758985,7694.023904,9797.156398,8319.696970,-0.168871,0.631308,0.046038,0.100570,-0.036918,0.103560,-0.015347
530650,53.6211,20,Index_C4_Bend,Index,bend,4,1.6211,Index cycle 4: BEND Index,3017,3213,2883,3176,2834,3057,2925,9515.584416,12385.714286,8087.623762,11750.163221,7641.237113,10013.294798,8500.000000,-0.173052,0.617191,0.028958,0.142618,-0.043525,0.127906,0.005992
530700,53.6647,20,Index_C4_Bend,Index,bend,4,1.6647,Index cycle 4: BEND Index,3014,3244,2887,3159,2841,3057,2916,9479.740981,12960.752056,8125.662252,11475.000000,7702.870813,10013.294798,8409.160305,-0.176167,0.692273,0.033798,0.115861,-0.035810,0.127906,-0.004759
530750,53.7410,20,Index_C4_Bend,Index,bend,4,1.7410,Index cycle 4: BEND Index,3023,3211,2887,3170,2841,3041,2909,9587.873134,12350.000000,8125.662252,11651.891892,7702.870813,9809.677419,8339.460371,-0.166770,0.612528,0.033798,0.133062,-0.035810,0.104970,-0.013008
530800,53.8844,20,Index_C4_Bend,Index,bend,4,1.8844,Index cycle 4: BEND Index,3021,3199,2873,3148,2835,3059,2915,9563.687151,12139.062500,7993.617021,11302.217529,7650.000000,10039.189189,8399.152542,-0.168871,0.584986,0.016998,0.099059,-0.042428,0.130822,-0.005943
530850,53.8845,20,Index_C4_Bend,Index,bend,4,1.8845,Index cycle 4: BEND Index,3006,3161,2895,3133,2845,3028,2910,9385.123967,11506.852248,8202.500000,11072.972973,7738.400000,9648.734770,8349.367089,-0.184389,0.502439,0.043574,0.076767,-0.031363,0.086841,-0.011836
530900,53.8845,20,Index_C4_Bend,Index,bend,4,1.8845,Index cycle 4: BEND Index,3005,3135,2895,3118,2841,3007,2906,9373.394495,11103.125000,8202.500000,10850.767656,7702.870813,9396.875000,8309.840202,-0.185409,0.449724,0.043574,0.055159,-0.035810,0.058472,-0.016514
530950,53.9162,20,Index_C4_Bend,Index,bend,4,1.9162,Index cycle 4: BEND Index,2996,3134,2899,3103,2834,2979,2919,9268.789809,11088.033299,8241.304348,10635.282258,7641.237113,9075.806452,8439.285714,-0.194499,0.447754,0.048511,0.034204,-0.043525,0.022306,-0.001194
531000,53.9709,20,Index_C4_Bend,Index,bend,4,1.9709,Index cycle 4: BEND Index,2990,3138,2924,3102,2841,3022,2918,9200.000000,11148.589342,8489.837746,10621.148036,7702.870813,9575.768872,8429.226848,-0.200478,0.455661,0.080131,0.032830,-0.035810,0.078622,-0.002384
531050,54.1335,21,Index_C5_Open,Index,open,5,0.1335,Index cycle 5: OPEN,2998,3119,2915,3100,2842,3018,2907,9291.886964,10865.368852,8399.152542,10592.964824,7711.731844,9527.576602,8319.696970,-0.192492,0.418681,0.068593,0.030089,-0.034701,0.073194,-0.015347
531100,54.1338,21,Index_C5_Open,Index,open,5,0.1338,Index cycle 5: OPEN,3004,3122,2887,3089,2835,3022,2918,9361.686526,10909.352518,8125.662252,10439.960239,7650.000000,9575.768872,8429.226848,-0.186426,0.424424,0.033798,0.015211,-0.042428,0.078622,-0.002384
531150,54.1339,21,Index_C5_Open,Index,open,5,0.1339,Index cycle 5: OPEN,2994,3090,2895,3094,2843,3003,2918,9245.776567,10453.731343,8202.500000,10509.090909,7720.607029,9350.000000,8429.226848,-0.196499,0.364934,0.043574,0.021933,-0.033590,0.053191,-0.002384
531200,54.1770,21,Index_C5_Open,Index,open,5,0.1770,Index cycle 5: OPEN,3005,3112,2900,3072,2841,3000,2909,9373.394495,10763.784334,8251.046025,10209.970674,7702.870813,9315.068493,8339.460371,-0.185409,0.405417,0.049750,-0.007154,-0.035810,0.049257,-0.013008
531250,54.2208,21,Index_C5_Open,Index,open,5,0.2208,Index cycle 5: OPEN,3005,3105,2884,3063,2832,3014,2916,9373.394495,10663.636364,8097.109827,10091.279070,7623.752969,9479.740981,8409.160305,-0.185409,0.392341,0.030165,-0.018696,-0.045714,0.067806,-0.004759
531300,54.3995,21,Index_C5_Open,Index,open,5,0.3995,Index cycle 5: OPEN,2996,3096,2890,3063,2841,3011,2914,9268.789809,10536.936937,8154.356846,10091.279070,7702.870813,9444.095941,8389.161727,-0.194499,0.375798,0.037449,-0.018696,-0.035810,0.063791,-0.007126
531350,54.3996,21,Index_C5_Open,Index,open,5,0.3996,Index cycle 5: OPEN,3007,3106,2879,3068,2839,2995,2906,9396.875000,10677.856421,8049.835526,10156.962025,7685.191083,9257.272727,8309.840202,-0.183368,0.394197,0.024151,-0.012309,-0.038023,0.042747,-0.016514
531400,54.3996,21,Index_C5_Open,Index,open,5,0.3996,Index cycle 5: OPEN,2998,3101,2894,3074,2832,2994,2914,9291.886964,10607.042254,8192.839301,10236.630754,7623.752969,9245.776567,8389.161727,-0.192492,0.384951,0.042345,-0.004562,-0.045714,0.041452,-0.007126
531450,54.3996,21,Index_C5_Open,Index,open,5,0.3996,Index cycle 5: OPEN,2996,3095,2901,3070,2839,2997,2916,9268.789809,10523.000000,8260.804020,10183.414634,7685.191083,9280.327869,8409.160305,-0.194499,0.373978,0.050992,-0.009737,-0.038023,0.045344,-0.004759
531500,54.4760,21,Index_C5_Open,Index,open,5,0.4760,Index cycle 5: OPEN,2999,3090,2890,3069,2838,2994,2901,9303.467153,10453.731343,8154.356846,10170.175439,7676.372315,9245.776567,8260.804020,-0.191486,0.364934,0.037449,-0.011024,-0.039127,0.041452,-0.022317
531550,54.6239,21,Index_C5_Open,Index,open,5,0.6239,Index cycle 5: OPEN,2997,3067,2879,3066,2831,2998,2910,9280.327869,10143.774319,8049.835526,10130.612245,7615.031646,9291.886964,8349.367089,-0.193497,0.324463,0.024151,-0.014871,-0.046806,0.046646,-0.011836
531600,54.6240,21,Index_C5_Open,Index,open,5,0.6240,Index cycle 5: OPEN,3014,3039,2893,3072,2837,2980,2906,9479.740981,9784.659091,8183.194676,10209.970674,7667.567568,9086.995516,8309.840202,-0.176167,0.277573,0.041118,-0.007154,-0.040229,0.023566,-0.016514
531650,54.6241,21,Index_C5_Open,Index,open,5,0.6241,Index cycle 5: OPEN,3027,3029,2883,3031,2837,2968,2900,9636.516854,9660.975610,8087.623762,9685.526316,7667.567568,8954.037267,8251.046025,-0.162542,0.261424,0.028958,-0.058153,-0.040229,0.008590,-0.023472
531700,54.6570,21,Index_C5_Open,Index,open,5,0.6570,Index cycle 5: OPEN,3026,3025,2873,3051,2830,2976,2910,9624.321796,9612.149533,7993.617021,9936.206897,7606.324111,9042.359249,8349.367089,-0.163602,0.255049,0.016998,-0.033776,-0.047895,0.018539,-0.011836
531750,54.7335,21,Index_C5_Open,Index,open,5,0.7335,Index cycle 5: OPEN,3021,3049,2882,3063,2836,2972,2909,9563.687151,9910.707457,8078.153339,10091.279070,7658.776807,8998.040962,8339.460371,-0.168871,0.294031,0.027754,-0.018696,-0.041330,0.013547,-0.013008
531800,54.8787,21,Index_C5_Open,Index,open,5,0.8787,Index cycle 5: OPEN,3033,3135,2922,3052,2835,2964,2895,9710.169492,11103.125000,8469.565217,9948.993289,7650.000000,8910.344828,8202.500000,-0.156142,0.449724,0.077551,-0.032532,-0.042428,0.003668,-0.029218
531850,54.8788,21,Index_C5_Open,Index,open,5,0.8788,Index cycle 5: OPEN,3039,3145,2890,3027,2828,2984,2899,9784.659091,11255.789474,8154.356846,9636.516854,7588.950276,9131.953195,8241.304348,-0.149668,0.469658,0.037449,-0.062918,-0.050070,0.028631,-0.024625
531900,54.8788,21,Index_C5_Open,Index,open,5,0.8788,Index cycle 5: OPEN,3042,3127,2868,3056,2836,2986,2906,9822.222222,10983.264463,7947.188264,10000.384986,7658.776807,9154.553652,8309.840202,-0.146404,0.434074,0.011091,-0.027535,-0.041330,0.031176,-0.016514
531950,54.9217,21,Index_C5_Open,Index,open,5,0.9217,Index cycle 5: OPEN,3059,3124,2879,3070,2835,2977,2904,10039.189189,10938.825953,8049.835526,10183.414634,7650.000000,9053.488372,8290.176322,-0.127548,0.428272,0.024151,-0.009737,-0.042428,0.019792,-0.018841
532000,54.9539,21,Index_C5_Open,Index,open,5,0.9539,Index cycle 5: OPEN,3061,3135,2850,3053,2828,2963,2928,10065.183752,11103.125000,7783.132530,9961.804223,7588.950276,8899.469965,8530.591260,-0.125289,0.449724,-0.009781,-0.031287,-0.050070,0.002443,0.009613
532050,55.1604,21,Index_C5_Open,Index,open,5,1.1604,Index cycle 5: OPEN,3037,3224,2895,3110,2835,3028,2928,9759.735350,12585.074627,8202.500000,10735.025381,7650.000000,9648.734770,8530.591260,-0.151834,0.643221,0.043574,0.043904,-0.042428,0.086841,0.009613
532100,55.1605,21,Index_C5_Open,Index,open,5,1.1605,Index cycle 5: OPEN,3034,3215,2909,3044,2837,3013,2919,9722.525919,12421.590909,8339.460371,9847.383444,7667.567568,9467.837338,8439.285714,-0.155068,0.621875,0.060999,-0.042413,-0.040229,0.066465,-0.001194
532150,55.1605,21,Index_C5_Open,Index,open,5,1.1605,Index cycle 5: OPEN,3036,3186,2933,3046,2829,3035,2926,9747.308782,11916.831683,8581.927711,9872.640610,7597.630332,9734.905660,8510.179641,-0.152914,0.555969,0.091847,-0.039957,-0.048984,0.096548,0.007197
532200,55.1822,21,Index_C5_Open,Index,open,5,1.1822,Index cycle 5: OPEN,3021,3196,2945,3069,2837,3021,2927,9563.687151,12087.208009,8706.956522,10170.175439,7667.567568,9563.687151,8520.376712,-0.168871,0.578215,0.107754,-0.011024,-0.040229,0.077261,0.008404
532250,55.2155,21,Index_C5_Open,Index,open,5,1.2155,Index cycle 5: OPEN,3063,3214,2918,3064,2831,3011,2928,10091.279070,12403.632236,8429.226848,10104.364694,7615.031646,9444.095941,8530.591260,-0.123021,0.619530,0.072419,-0.017424,-0.046806,0.063791,0.009613
532300,55.4012,21,Index_C5_Open,Index,open,5,1.4012,Index cycle 5: OPEN,3060,3176,2884,3017,2836,2992,2937,10052.173913,11750.163221,8097.109827,9515.584416,7658.776807,9222.846782,8623.316062,-0.126420,0.534207,0.030165,-0.074678,-0.041330,0.038869,0.020587
532350,55.4013,21,Index_C5_Open,Index,open,5,1.4013,Index cycle 5: OPEN,3038,3188,2904,3062,2839,3013,2940,9772.185430,11950.606395,8290.176322,10078.218780,7685.191083,9467.837338,8654.545455,-0.150752,0.560379,0.054728,-0.019966,-0.038023,0.066465,0.024283
532400,55.4013,21,Index_C5_Open,Index,open,5,1.4013,Index cycle 5: OPEN,3051,3177,2893,3056,2840,2994,2928,9936.206897,11766.666667,8183.194676,10000.384986,7694.023904,9245.776567,8530.591260,-0.136498,0.536362,0.041118,-0.027535,-0.036918,0.041452,0.009613
532450,55.4233,21,Index_C5_Open,Index,open,5,1.4233,Index cycle 5: OPEN,3045,3148,2874,3051,2837,3002,2929,9860.000000,11302.217529,8002.948403,9936.206897,7667.567568,9338.334858,8540.823328,-0.143121,0.475720,0.018186,-0.033776,-0.040229,0.051878,0.010824
532500,55.4663,21,Index_C5_Open,Index,open,5,1.4663,Index cycle 5: OPEN,3030,3156,2893,3043,2842,2995,2930,9673.239437,11427.476038,8183.194676,9834.790875,7711.731844,9257.272727,8551.072961,-0.159351,0.492075,0.041118,-0.043638,-0.034701,0.042747,0.012037
532550,55.5099,21,Index_C5_Open,Index,open,5,1.5099,Index cycle 5: OPEN,3041,3114,2888,3052,2837,2983,2927,9809.677419,10792.660550,8135.211268,9948.993289,7667.567568,9120.683453,8520.376712,-0.147494,0.409187,0.035013,-0.032532,-0.040229,0.027361,0.008404
532600,55.6548,21,Index_C5_Open,Index,open,5,1.6548,Index cycle 5: OPEN,3056,3074,2873,3046,2830,2989,2934,10000.384986,10236.630754,7993.617021,9872.640610,7606.324111,9188.607595,8592.248062,-0.130920,0.336587,0.016998,-0.039957,-0.047895,0.035012,0.016910
532650,55.6548,21,Index_C5_Open,Index,open,5,1.6548,Index cycle 5: OPEN,3065,3052,2895,3050,2840,2987,2940,10117.475728,9948.993289,8202.500000,9923.444976,7694.023904,9165.884477,8654.545455,-0.120745,0.299030,0.043574,-0.035017,-0.036918,0.032453,0.024283
532700,55.6870,21,Index_C5_Open,Index,open,5,1.6870,Index cycle 5: OPEN,3065,3052,2896,3040,2835,2982,2935,10117.475728,9948.993289,8212.176814,9797.156398,7650.000000,9109.433962,8602.586207,-0.120745,0.299030,0.044805,-0.047297,-0.042428,0.026094,0.018133
532750,55.7300,21,Index_C5_Open,Index,open,5,1.7300,Index cycle 5: OPEN,3067,3072,2878,3058,2830,2980,2944,10143.774319,10209.970674,8040.427280,10026.229508,7606.324111,9086.995516,8696.437880,-0.118459,0.333106,0.022954,-0.025022,-0.047895,0.023566,0.029241
532800,55.9214,21,Index_C5_Open,Index,open,5,1.9214,Index cycle 5: OPEN,3057,3035,2883,3066,2838,2987,2933,10013.294798,9734.905660,8087.623762,10130.612245,7676.372315,9165.884477,8581.927711,-0.129799,0.271077,0.028958,-0.014871,-0.039127,0.032453,0.015688
532850,55.9215,21,Index_C5_Open,Index,open,5,1.9215,Index cycle 5: OPEN,3059,3071,2881,3087,2836,2982,2941,10039.189189,10196.679688,8068.698517,10412.500000,7658.776807,9109.433962,8664.991334,-0.127548,0.331371,0.026551,0.012540,-0.041330,0.026094,0.025519
532900,55.9215,21,Index_C5_Open,Index,open,5,1.9215,Index cycle 5: OPEN,3091,3065,2870,3072,2831,2974,2953,10467.529880,10117.475728,7965.714286,10209.970674,7615.031646,9020.160571,8791.768827,-0.090323,0.321029,0.013448,-0.007154,-0.046806,0.016038,0.040524
532950,55.9216,21,Index_C5_Open,Index,open,5,1.9216,Index cycle 5: OPEN,3100,3042,2884,3100,2838,2966,2967,10592.964824,9822.222222,8097.109827,10592.964824,7676.372315,8932.152347,8943.085106,-0.079423,0.282478,0.030165,0.030089,-0.039127,0.006125,0.058432
533000,55.9762,21,Index_C5_Open,Index,open,5,1.9762,Index cycle 5: OPEN,3088,3013,2881,3101,2837,2947,2957,10426.216485,9467.837338,8068.698517,10607.042254,7667.567568,8728.048780,8834.622144,-0.093914,0.236206,0.026551,0.031458,-0.040229,-0.016866,0.045595
533050,56.0280,22,Index_C5_Bend,Index,bend,5,0.0280,Index cycle 5: BEND Index,3072,2994,2865,3103,2829,2954,2977,10209.970674,9245.776567,7919.512195,10635.282258,7597.630332,8802.453988,9053.488372,-0.112706,0.207212,0.007570,0.034204,-0.048984,-0.008485,0.071499
533100,56.1535,22,Index_C5_Bend,Index,bend,5,0.1535,Index cycle 5: BEND Index,3059,2985,2878,3094,2836,2947,2952,10039.189189,9143.243243,8040.427280,10509.090909,7658.776807,8728.048780,8781.102362,-0.127548,0.193824,0.022954,0.021933,-0.041330,-0.016866,0.039261
533150,56.1536,22,Index_C5_Bend,Index,bend,5,0.1536,Index cycle 5: BEND Index,3064,2989,2879,3090,2837,2952,2936,10104.364694,9188.607595,8049.835526,10453.731343,7667.567568,8781.102362,8612.942192,-0.121884,0.199748,0.024151,0.016550,-0.040229,-0.010890,0.019359
533200,56.1759,22,Index_C5_Bend,Index,bend,5,0.1759,Index cycle 5: BEND Index,3059,2975,2867,3087,2832,2944,2947,10039.189189,9031.250000,7937.947883,10412.500000,7623.752969,8696.437880,8728.048780,-0.127548,0.179202,0.009916,0.012540,-0.045714,-0.020426,0.032982
533250,56.2196,22,Index_C5_Bend,Index,bend,5,0.2196,Index cycle 5: BEND Index,3044,2963,2878,3101,2837,2941,2948,9847.383444,8899.469965,8040.427280,10607.042254,7667.567568,8664.991334,8738.622493,-0.144217,0.161995,0.022954,0.031458,-0.040229,-0.023968,0.034234
533300,56.2738,22,Index_C5_Bend,Index,bend,5,0.2738,Index cycle 5: BEND Index,3049,2966,2878,3083,2836,2923,2942,9910.707457,8932.152347,8040.427280,10357.905138,7658.776807,8479.692833,8675.455334,-0.138714,0.166263,0.022954,0.007231,-0.041330,-0.044841,0.026758
533350,56.4403,22,Index_C5_Bend,Index,bend,5,0.4403,Index cycle 5: BEND Index,3044,2965,2870,3061,2831,2935,2951,9847.383444,8921.238938,7965.714286,10065.183752,7615.031646,8602.586207,8770.454545,-0.144217,0.164838,0.013448,-0.021234,-0.046806,-0.030998,0.038001
533400,56.4404,22,Index_C5_Bend,Index,bend,5,0.4404,Index cycle 5: BEND Index,3038,2949,2885,3058,2837,2929,2943,9772.185430,8749.214660,8106.611570,10026.229508,7667.567568,8540.823328,8685.937500,-0.150752,0.142377,0.031374,-0.025022,-0.040229,-0.037955,0.027998
533450,56.4405,22,Index_C5_Bend,Index,bend,5,0.4405,Index cycle 5: BEND Index,3044,2952,2883,3087,2836,2928,2939,9847.383444,8781.102362,8087.623762,10412.500000,7658.776807,8530.591260,8644.117647,-0.144217,0.146540,0.028958,0.012540,-0.041330,-0.039107,0.023049
533500,56.4507,22,Index_C5_Bend,Index,bend,5,0.4507,Index cycle 5: BEND Index,3038,2945,2866,3056,2830,2949,2947,9772.185430,8706.956522,7928.722539,10000.384986,7606.324111,8749.214660,8728.048780,-0.150752,0.136859,0.008742,-0.027535,-0.047895,-0.014481,0.032982
533550,56.5264,22,Index_C5_Bend,Index,bend,5,0.5264,Index cycle 5: BEND Index,3042,2944,2865,3080,2836,2945,2946,9822.222222,8696.437880,7919.512195,10317.241379,7658.776807,8706.956522,8717.493473,-0.146404,0.135485,0.007570,0.003277,-0.041330,-0.019241,0.031733
533600,56.6815,22,Index_C5_Bend,Index,bend,5,0.6815,Index cycle 5: BEND Index,3068,2949,2862,3128,2834,2939,2950,10156.962025,8749.214660,7891.970803,10998.138573,7641.237113,8644.117647,8759.825328,-0.117313,0.142377,0.004066,0.069489,-0.043525,-0.026320,0.036743
533650,56.6815,22,Index_C5_Bend,Index,bend,5,0.6815,Index cycle 5: BEND Index,3065,2953,2853,3069,2830,2940,2965,10117.475728,8791.768827,7810.144928,10170.175439,7606.324111,8654.545455,8921.238938,-0.120745,0.147933,-0.006344,-0.011024,-0.047895,-0.025145,0.055847
533700,56.6816,22,Index_C5_Bend,Index,bend,5,0.6816,Index cycle 5: BEND Index,3059,2956,2864,3059,2835,2938,2964,10039.189189,8823.880597,7910.316816,10039.189189,7650.000000,8633.707865,8910.344828,-0.127548,0.152126,0.006400,-0.023761,-0.042428,-0.027492,0.054557
533750,56.7253,22,Index_C5_Bend,Index,bend,5,0.7253,Index cycle 5: BEND Index,3069,2974,2850,3055,2835,2936,2959,10170.175439,9020.160571,7783.132530,9987.500000,7650.000000,8612.942192,8856.161972,-0.116165,0.177754,-0.009781,-0.028788,-0.042428,-0.029831,0.048145
533800,56.7691,22,Index_C5_Bend,Index,bend,5,0.7691,Index cycle 5: BEND Index,3062,2950,2843,3035,2829,2939,2953,10078.218780,8759.825328,7720.607029,9734.905660,7597.630332,8644.117647,8791.768827,-0.124156,0.143762,-0.017736,-0.053351,-0.048984,-0.026320,0.040524
533850,56.9218,22,Index_C5_Bend,Index,bend,5,0.9218,Index cycle 5: BEND Index,3067,2962,2863,3065,2835,2955,2950,10143.774319,8888.614298,7901.136364,10117.475728,7650.000000,8813.157895,8759.825328,-0.118459,0.160578,0.005232,-0.016149,-0.042428,-0.007279,0.036743
533900,56.9219,22,Index_C5_Bend,Index,bend,5,0.9219,Index cycle 5: BEND Index,3074,2964,2861,3056,2835,2935,2942,10236.630754,8910.344828,7882.820097,10000.384986,7650.000000,8602.586207,8675.455334,-0.110390,0.163415,0.002902,-0.027535,-0.042428,-0.030998,0.026758
533950,56.9551,22,Index_C5_Bend,Index,bend,5,0.9551,Index cycle 5: BEND Index,3071,2955,2845,3053,2829,2942,2960,10196.679688,8813.157895,7738.400000,9961.804223,7597.630332,8675.455334,8866.960352,-0.113862,0.150726,-0.015472,-0.031287,-0.048984,-0.022790,0.049423
534000,56.9759,22,Index_C5_Bend,Index,bend,5,0.9759,Index cycle 5: BEND Index,3051,2944,2857,3039,2837,2944,2972,9936.206897,8696.437880,7846.365105,9784.659091,7667.567568,8696.437880,8998.040962,-0.136498,0.135485,-0.001736,-0.048513,-0.040229,-0.020426,0.064936
534050,57.0412,22,Index_C5_Bend,Index,bend,5,1.0412,Index cycle 5: BEND Index,3049,2946,2851,3023,2836,2926,2961,9910.707457,8717.493473,7792.122186,9587.873134,7658.776807,8510.179641,8877.777778,-0.138714,0.138235,-0.008637,-0.067649,-0.041330,-0.041407,0.050703
534100,57.1911,22,Index_C5_Bend,Index,bend,5,1.1911,Index cycle 5: BEND Index,3055,2939,2838,3025,2830,2935,2975,9987.500000,8644.117647,7676.372315,9612.149533,7606.324111,8602.586207,9031.250000,-0.132040,0.128654,-0.023364,-0.065288,-0.047895,-0.030998,0.068867
534150,57.1912,22,Index_C5_Bend,Index,bend,5,1.1912,Index cycle 5: BEND Index,3048,2992,2858,3080,2836,2923,2952,9897.994269,9222.846782,7855.456750,10317.241379,7658.776807,8479.692833,8781.102362,-0.139819,0.204218,-0.000579,0.003277,-0.041330,-0.044841,0.039261
534200,57.1912,22,Index_C5_Bend,Index,bend,5,1.1912,Index cycle 5: BEND Index,3048,3006,2845,3071,2836,2914,2953,9897.994269,9385.123967,7738.400000,10196.679688,7658.776807,8389.161727,8791.768827,-0.139819,0.225407,-0.015472,-0.008447,-0.041330,-0.055038,0.040524
534250,57.2341,22,Index_C5_Bend,Index,bend,5,1.2341,Index cycle 5: BEND Index,3050,3015,2842,3070,2829,2942,2961,9923.444976,9491.666667,7711.731844,10183.414634,7597.630332,8675.455334,8877.777778,-0.137607,0.239318,-0.018865,-0.009737,-0.048984,-0.022790,0.050703
534300,57.2672,22,Index_C5_Bend,Index,bend,5,1.2672,Index cycle 5: BEND Index,3041,3057,2853,3077,2838,2990,2956,9809.677419,10013.294798,7810.144928,10276.817289,7676.372315,9200.000000,8823.880597,-0.147494,0.307426,-0.006344,-0.000654,-0.039127,0.036295,0.044324
534350,57.4599,22,Index_C5_Bend,Index,bend,5,1.4599,Index cycle 5: BEND Index,3046,3037,2856,3059,2834,2981,2944,9872.640610,9759.735350,7837.288136,10039.189189,7641.237113,9098.204668,8696.437880,-0.142022,0.274319,-0.002891,-0.023761,-0.043525,0.024829,0.029241
534400,57.4600,22,Index_C5_Bend,Index,bend,5,1.4600,Index cycle 5: BEND Index,3048,3063,2829,3049,2828,3001,2939,9897.994269,10091.279070,7597.630332,9910.707457,7588.950276,9326.691042,8644.117647,-0.139819,0.317609,-0.033382,-0.036255,-0.050070,0.050566,0.023049
534450,57.4600,22,Index_C5_Bend,Index,bend,5,1.4600,Index cycle 5: BEND Index,3052,3192,2879,3082,2838,2988,2940,9948.993289,12018.604651,8049.835526,10344.323791,7676.372315,9177.235772,8654.545455,-0.135387,0.569258,0.024151,0.005911,-0.039127,0.033731,0.024283
534500,57.4915,22,Index_C5_Bend,Index,bend,5,1.4915,Index cycle 5: BEND Index,3047,3230,2877,3092,2836,2972,2937,9885.305344,12695.953757,8031.034483,10481.355932,7658.776807,8998.040962,8623.316062,-0.140921,0.657698,0.021759,0.019236,-0.041330,0.013547,0.020587
534550,57.5019,22,Index_C5_Bend,Index,bend,5,1.5019,Index cycle 5: BEND Index,3031,3236,2855,3076,2829,2975,2949,9685.526316,12808.381839,7828.225806,10263.395486,7597.630332,9031.250000,8749.214660,-0.158283,0.672378,-0.004044,-0.001959,-0.048984,0.017287,0.035487
534600,57.5671,22,Index_C5_Bend,Index,bend,5,1.5671,Index cycle 5: BEND Index,3020,3196,2861,3087,2835,2971,2938,9551.627907,12087.208009,7882.820097,10412.500000,7650.000000,8987.010676,8633.707865,-0.169919,0.578215,0.002902,0.012540,-0.042428,0.012304,0.021817
534650,57.7017,22,Index_C5_Bend,Index,bend,5,1.7017,Index cycle 5: BEND Index,3022,3165,2858,3080,2835,2946,2931,9575.768872,11570.967742,7855.456750,10317.241379,7650.000000,8717.493473,8561.340206,-0.167822,0.510810,-0.000579,0.003277,-0.042428,-0.018055,0.013252
534700,57.7018,22,Index_C5_Bend,Index,bend,5,1.7018,Index cycle 5: BEND Index,3023,3104,2832,3083,2830,2967,2938,9587.873134,10649.445005,7623.752969,10357.905138,7606.324111,8943.085106,8633.707865,-0.166770,0.390488,-0.030058,0.007231,-0.047895,0.007356,0.021817
534750,57.7344,22,Index_C5_Bend,Index,bend,5,1.7344,Index cycle 5: BEND Index,3008,3124,2845,3114,2833,2945,2938,9408.647654,10938.825953,7738.400000,10792.660550,7632.488114,8706.956522,8633.707865,-0.182345,0.428272,-0.015472,0.049508,-0.044620,-0.019241,0.021817
534800,57.7556,22,Index_C5_Bend,Index,bend,5,1.7556,Index cycle 5: BEND Index,3016,3179,2856,3099,2837,2988,2929,9503.614458,11799.781659,7837.288136,10578.915663,7667.567568,9177.235772,8540.823328,-0.174092,0.540686,-0.002891,0.028723,-0.040229,0.033731,0.010824
534850,57.9669,22,Index_C5_Bend,Index,bend,5,1.9669,Index cycle 5: BEND Index,3015,3193,2862,3132,2826,3022,2939,9491.666667,12035.698448,7891.970803,11057.943925,7571.631206,9575.768872,8644.117647,-0.175130,0.571490,0.004066,0.075305,-0.052238,0.078622,0.023049
534900,57.9670,22,Index_C5_Bend,Index,bend,5,1.9670,Index cycle 5: BEND Index,3006,3160,2845,3135,2831,2997,2934,9385.123967,11490.909091,7738.400000,11103.125000,7615.031646,9280.327869,8592.248062,-0.184389,0.500357,-0.015472,0.079699,-0.046806,0.045344,0.016910
534950,57.9670,22,Index_C5_Bend,Index,bend,5,1.9670,Index cycle 5: BEND Index,3015,3175,2847,3149,2831,3008,2923,9491.666667,11733.695652,7756.250000,11317.758985,7615.031646,9408.647654,8479.692833,-0.175130,0.532057,-0.013201,0.100570,-0.046806,0.059798,0.003589
535000,57.9670,22,Index_C5_Bend,Index,bend,5,1.9670,Index cycle 5: BEND Index,3016,3213,2837,3107,2822,3009,2936,9503.614458,12385.714286,7667.567568,10692.105263,7537.156324,9420.441989,8612.942192,-0.174092,0.617191,-0.024484,0.039730,-0.056553,0.061126,0.019359
535050,58.0177,23,Middle_Prep_Open,Middle,prep_open,0,0.0177,OPEN HAND - prepare for Middle,3004,3202,2867,3101,2830,2995,2929,9361.686526,12191.265398,7937.947883,10607.042254,7606.324111,9257.272727,8540.823328,-0.186426,0.591802,0.009916,0.031458,-0.047895,0.042747,0.010824
535100,58.0622,23,Middle_Prep_Open,Middle,prep_open,0,0.0622,OPEN HAND - prepare for Middle,3011,3204,2862,3092,2830,2998,2923,9444.095941,12226.262626,7891.970803,10481.355932,7606.324111,9291.886964,8479.692833,-0.179265,0.596371,0.004066,0.019236,-0.047895,0.046646,0.003589
535150,58.2391,23,Middle_Prep_Open,Middle,prep_open,0,0.2391,OPEN HAND - prepare for Middle,3011,3166,2841,3078,2823,3004,2937,9444.095941,11587.082885,7702.870813,10290.265487,7545.754717,9361.686526,8623.316062,-0.179265,0.512914,-0.019992,0.000654,-0.055477,0.054508,0.020587
535200,58.2392,23,Middle_Prep_Open,Middle,prep_open,0,0.2392,OPEN HAND - prepare for Middle,3000,3169,2848,3103,2831,2996,2937,9315.068493,11635.637149,7765.196472,10635.282258,7615.031646,9268.789809,8623.316062,-0.190478,0.519254,-0.012063,0.034204,-0.046806,0.044044,0.020587
535250,58.2614,23,Middle_Prep_Open,Middle,prep_open,0,0.2614,OPEN HAND - prepare for Middle,3010,3168,2863,3120,2833,2990,2926,9432.258065,11619.417476,7901.136364,10880.000000,7632.488114,9200.000000,8510.179641,-0.180293,0.517136,0.005232,0.058001,-0.044620,0.036295,0.007197
535300,58.2615,23,Middle_Prep_Open,Middle,prep_open,0,0.2615,OPEN HAND - prepare for Middle,3009,3156,2842,3091,2825,2991,2932,9420.441989,11427.476038,7711.731844,10467.529880,7562.992126,9211.413043,8571.625107,-0.181320,0.492075,-0.018865,0.017892,-0.053319,0.037581,0.014469
535350,58.3161,23,Middle_Prep_Open,Middle,prep_open,0,0.3161,OPEN HAND - prepare for Middle,2997,3139,2842,3092,2833,3005,2929,9280.327869,11163.807531,7711.731844,10481.355932,7632.488114,9373.394495,8540.823328,-0.193497,0.457648,-0.018865,0.019236,-0.044620,0.055827,0.010824
535400,58.5625,23,Middle_Prep_Open,Middle,prep_open,0,0.5625,OPEN HAND - prepare for Middle,3005,3117,2858,3101,2832,2987,2922,9373.394495,10836.196319,7855.456750,10607.042254,7623.752969,9165.884477,8469.565217,-0.185409,0.414872,-0.000579,0.031458,-0.045714,0.032453,0.002390
535450,58.5626,23,Middle_Prep_Open,Middle,prep_open,0,0.5626,OPEN HAND - prepare for Middle,3001,3118,2847,3089,2827,2992,2927,9326.691042,10850.767656,7756.250000,10439.960239,7580.283912,9222.846782,8520.376712,-0.189468,0.416774,-0.013201,0.015211,-0.051155,0.038869,0.008404
535500,58.5627,23,Middle_Prep_Open,Middle,prep_open,0,0.5627,OPEN HAND - prepare for Middle,2994,3115,2859,3089,2832,2989,2930,9245.776567,10807.142857,7864.563107,10439.960239,7623.752969,9188.607595,8551.072961,-0.196499,0.411078,0.000579,0.015211,-0.045714,0.035012,0.012037
535550,58.5627,23,Middle_Prep_Open,Middle,prep_open,0,0.5627,OPEN HAND - prepare for Middle,2999,3094,2852,3083,2831,2968,2917,9303.467153,10509.090909,7801.126307,10357.905138,7615.031646,8954.037267,8419.185059,-0.191486,0.372162,-0.007492,0.007231,-0.046806,0.008590,-0.003572
535600,58.5628,23,Middle_Prep_Open,Middle,prep_open,0,0.5628,OPEN HAND - prepare for Middle,3003,3087,2850,3073,2825,2982,2919,9350.000000,10412.500000,7783.132530,10223.287671,7562.992126,9109.433962,8439.285714,-0.187442,0.359550,-0.009781,-0.005859,-0.053319,0.026094,-0.001194
535650,58.7447,23,Middle_Prep_Open,Middle,prep_open,0,0.7447,OPEN HAND - prepare for Middle,2993,3090,2852,3077,2831,2982,2922,9234.301270,10453.731343,7801.126307,10276.817289,7615.031646,9109.433962,8469.565217,-0.197497,0.364934,-0.007492,-0.000654,-0.046806,0.026094,0.002390
535700,58.7448,23,Middle_Prep_Open,Middle,prep_open,0,0.7448,OPEN HAND - prepare for Middle,3004,3085,2848,3083,2830,2985,2914,9361.686526,10385.148515,7765.196472,10357.905138,7606.324111,9143.243243,8389.161727,-0.186426,0.355979,-0.012063,0.007231,-0.047895,0.029902,-0.007126
535750,58.7448,23,Middle_Prep_Open,Middle,prep_open,0,0.7448,OPEN HAND - prepare for Middle,3007,3089,2831,3072,2826,2990,2927,9396.875000,10439.960239,7615.031646,10209.970674,7571.631206,9200.000000,8520.376712,-0.183368,0.363136,-0.031168,-0.007154,-0.052238,0.036295,0.008404
535800,58.7665,23,Middle_Prep_Open,Middle,prep_open,0,0.7665,OPEN HAND - prepare for Middle,2994,3075,2848,3088,2832,2984,2924,9245.776567,10250.000000,7765.196472,10426.216485,7623.752969,9131.953195,8489.837746,-0.196499,0.338333,-0.012063,0.013874,-0.045714,0.028631,0.004789
535850,58.8326,23,Middle_Prep_Open,Middle,prep_open,0,0.8326,OPEN HAND - prepare for Middle,3008,3083,2855,3073,2831,2987,2914,9408.647654,10357.905138,7828.225806,10223.287671,7615.031646,9165.884477,8389.161727,-0.182345,0.352422,-0.004044,-0.005859,-0.046806,0.032453,-0.007126
535900,58.9834,23,Middle_Prep_Open,Middle,prep_open,0,0.9834,OPEN HAND - prepare for Middle,3001,3055,2863,3063,2824,2992,2924,9326.691042,9987.500000,7901.136364,10091.279070,7554.366640,9222.846782,8489.837746,-0.189468,0.304058,0.005232,-0.018696,-0.054399,0.038869,0.004789
535950,58.9835,23,Middle_Prep_Open,Middle,prep_open,0,0.9835,OPEN HAND - prepare for Middle,2992,3044,2865,3068,2831,2989,2923,9222.846782,9847.383444,7919.512195,10156.962025,7615.031646,9188.607595,8479.692833,-0.198492,0.285763,0.007570,-0.012309,-0.046806,0.035012,0.003589
536000,58.9835,23,Middle_Prep_Open,Middle,prep_open,0,0.9835,OPEN HAND - prepare for Middle,2998,3049,2875,3068,2837,2975,2917,9291.886964,9910.707457,8012.295082,10156.962025,7667.567568,9031.250000,8419.185059,-0.192492,0.294031,0.019375,-0.012309,-0.040229,0.017287,-0.003572
536050,59.0274,23,Middle_Prep_Open,Middle,prep_open,0,1.0274,OPEN HAND - prepare for Middle,2996,3034,2851,3054,2830,2980,2926,9268.789809,9722.525919,7792.122186,9974.639769,7606.324111,9086.995516,8510.179641,-0.194499,0.269461,-0.008637,-0.030038,-0.047895,0.023566,0.007197
536100,59.0709,23,Middle_Prep_Open,Middle,prep_open,0,1.0709,OPEN HAND - prepare for Middle,2996,3001,2856,3073,2836,2981,2925,9268.789809,9326.691042,7837.288136,10223.287671,7658.776807,9098.204668,8500.000000,-0.194499,0.217777,-0.002891,-0.005859,-0.041330,0.024829,0.005992
536150,59.2430,23,Middle_Prep_Open,Middle,prep_open,0,1.2430,OPEN HAND - prepare for Middle,3010,3018,2862,3067,2838,2938,2914,9432.258065,9527.576602,7891.970803,10143.774319,7676.372315,8633.707865,8389.161727,-0.180293,0.244006,0.004066,-0.013591,-0.039127,-0.027492,-0.007126
536200,59.2431,23,Middle_Prep_Open,Middle,prep_open,0,1.2431,OPEN HAND - prepare for Middle,3011,3026,2854,3057,2828,2939,2921,9444.095941,9624.321796,7819.178082,10013.294798,7588.950276,8644.117647,8459.454855,-0.179265,0.256638,-0.005195,-0.026280,-0.050070,-0.026320,0.001194
536250,59.2431,23,Middle_Prep_Open,Middle,prep_open,0,1.2431,OPEN HAND - prepare for Middle,2997,3138,2905,3058,2835,2940,2914,9280.327869,11148.589342,8300.000000,10026.229508,7650.000000,8654.545455,8389.161727,-0.193497,0.455661,0.055978,-0.025022,-0.042428,-0.025145,-0.007126
536300,59.2861,23,Middle_Prep_Open,Middle,prep_open,0,1.2861,OPEN HAND - prepare for Middle,3001,3193,2885,3079,2830,2931,2904,9326.691042,12035.698448,8106.611570,10303.740157,7606.324111,8561.340206,8290.176322,-0.189468,0.571490,0.031374,0.001964,-0.047895,-0.035644,-0.018841
536350,59.3406,23,Middle_Prep_Open,Middle,prep_open,0,1.3406,OPEN HAND - prepare for Middle,2996,3187,2887,3060,2821,2923,2925,9268.789809,11933.700441,8125.662252,10052.173913,7528.571429,8479.692833,8500.000000,-0.194499,0.558172,0.033798,-0.022499,-0.057628,-0.044841,0.005992
536400,59.3616,23,Middle_Prep_Open,Middle,prep_open,0,1.3616,OPEN HAND - prepare for Middle,2995,3157,2893,3083,2831,2988,2928,9257.272727,11443.283582,8183.194676,10357.905138,7615.031646,9177.235772,8530.591260,-0.195500,0.494138,0.041118,0.007231,-0.046806,0.033731,0.009613
536450,59.5014,23,Middle_Prep_Open,Middle,prep_open,0,1.5014,OPEN HAND - prepare for Middle,3022,3164,2936,3082,2835,2980,2923,9575.768872,11554.887218,8612.942192,10344.323791,7650.000000,9086.995516,8479.692833,-0.167822,0.508710,0.095793,0.005911,-0.042428,0.023566,0.003589
536500,59.5015,23,Middle_Prep_Open,Middle,prep_open,0,1.5015,OPEN HAND - prepare for Middle,3040,3230,2926,3073,2833,2928,2956,9797.156398,12695.953757,8510.179641,10223.287671,7632.488114,8530.591260,8823.880597,-0.148582,0.657698,0.082719,-0.005859,-0.044620,-0.039107,0.044324
536550,59.5116,23,Middle_Prep_Open,Middle,prep_open,0,1.5116,OPEN HAND - prepare for Middle,3052,3254,2943,3071,2840,2946,2952,9948.993289,13155.291320,8685.937500,10196.679688,7694.023904,8717.493473,8781.102362,-0.135387,0.717674,0.105080,-0.008447,-0.036918,-0.018055,0.039261
536600,59.5761,23,Middle_Prep_Open,Middle,prep_open,0,1.5761,OPEN HAND - prepare for Middle,3052,3158,2913,3089,2842,2961,2940,9948.993289,11459.124867,8379.187817,10439.960239,7711.731844,8877.777778,8654.545455,-0.135387,0.496207,0.066053,0.015211,-0.034701,0.000000,0.024283
536650,59.6200,23,Middle_Prep_Open,Middle,prep_open,0,1.6200,OPEN HAND - prepare for Middle,3014,3130,2901,3090,2834,3012,2942,9479.740981,11027.979275,8260.804020,10453.731343,7641.237113,9455.955679,8675.455334,-0.176167,0.439913,0.050992,0.016550,-0.043525,0.065126,0.026758
536700,59.7586,23,Middle_Prep_Open,Middle,prep_open,0,1.7586,OPEN HAND - prepare for Middle,3003,3150,2910,3076,2844,3017,2947,9350.000000,11333.333333,8349.367089,10263.395486,7729.496403,9515.584416,8728.048780,-0.187442,0.479782,0.062259,-0.001959,-0.032478,0.071843,0.032982
536750,59.7586,23,Middle_Prep_Open,Middle,prep_open,0,1.7586,OPEN HAND - prepare for Middle,3012,3136,2888,3089,2842,3028,2951,9455.955679,11118.248175,8135.211268,10439.960239,7711.731844,9648.734770,8770.454545,-0.178234,0.451699,0.035013,0.015211,-0.034701,0.086841,0.038001
536800,59.7586,23,Middle_Prep_Open,Middle,prep_open,0,1.7586,OPEN HAND - prepare for Middle,3012,3134,2878,3068,2829,3033,2953,9455.955679,11088.033299,8040.427280,10156.962025,7597.630332,9710.169492,8791.768827,-0.178234,0.447754,0.022954,-0.012309,-0.048984,0.093761,0.040524
536850,59.8127,23,Middle_Prep_Open,Middle,prep_open,0,1.8127,OPEN HAND - prepare for Middle,2996,3083,2875,3085,2842,3026,2958,9268.789809,10357.905138,8012.295082,10385.148515,7711.731844,9624.321796,8845.382586,-0.194499,0.352422,0.019375,0.009881,-0.034701,0.084091,0.046869
536900,59.8780,23,Middle_Prep_Open,Middle,prep_open,0,1.8780,OPEN HAND - prepare for Middle,3004,3052,2870,3084,2843,3007,2953,9361.686526,9948.993289,7965.714286,10371.513353,7720.607029,9396.875000,8791.768827,-0.186426,0.299030,0.013448,0.008555,-0.033590,0.058472,0.040524
536950,59.9896,23,Middle_Prep_Open,Middle,prep_open,0,1.9896,OPEN HAND - prepare for Middle,3009,3054,2865,3070,2835,2998,2958,9420.441989,9974.639769,7919.512195,10183.414634,7650.000000,9291.886964,8845.382586,-0.181320,0.302379,0.007570,-0.009737,-0.042428,0.046646,0.046869
537000,59.9897,23,Middle_Prep_Open,Middle,prep_open,0,1.9897,OPEN HAND - prepare for Middle,2996,3039,2882,3073,2844,3010,2961,9268.789809,9784.659091,8078.153339,10223.287671,7729.496403,9432.258065,8877.777778,-0.194499,0.277573,0.027754,-0.005859,-0.032478,0.062457,0.050703
537050,60.0214,23,Middle_Prep_Open,Middle,prep_open,0,2.0214,OPEN HAND - prepare for Middle,3003,3053,2888,3067,2845,3009,2955,9350.000000,9961.804223,8135.211268,10143.774319,7738.400000,9420.441989,8813.157895,-0.187442,0.300703,0.035013,-0.013591,-0.031363,0.061126,0.043055
537100,60.0760,23,Middle_Prep_Open,Middle,prep_open,0,2.0760,OPEN HAND - prepare for Middle,3002,3046,2873,3059,2833,3015,2954,9338.334858,9872.640610,7993.617021,10039.189189,7632.488114,9491.666667,8802.453988,-0.188456,0.289061,0.016998,-0.023761,-0.044620,0.069149,0.041788
537150,60.1194,23,Middle_Prep_Open,Middle,prep_open,0,2.1194,OPEN HAND - prepare for Middle,2990,3038,2883,3090,2845,3014,2944,9200.000000,9772.185430,8087.623762,10453.731343,7738.400000,9479.740981,8696.437880,-0.200478,0.275945,0.028958,0.016550,-0.031363,0.067806,0.029241
537200,60.2563,23,Middle_Prep_Open,Middle,prep_open,0,2.2563,OPEN HAND - prepare for Middle,2998,3033,2882,3104,2845,3010,2937,9291.886964,9710.169492,8078.153339,10649.445005,7738.400000,9432.258065,8623.316062,-0.192492,0.267847,0.027754,0.035581,-0.031363,0.062457,0.020587
537250,60.2564,23,Middle_Prep_Open,Middle,prep_open,0,2.2564,OPEN HAND - prepare for Middle,2991,3045,2867,3084,2832,3025,2952,9211.413043,9860.000000,7937.947883,10371.513353,7623.752969,9612.149533,8781.102362,-0.199486,0.287411,0.009916,0.008555,-0.045714,0.082720,0.039261
537300,60.2673,23,Middle_Prep_Open,Middle,prep_open,0,2.2673,OPEN HAND - prepare for Middle,2974,3021,2877,3097,2845,2998,2947,9020.160571,9563.687151,8031.034483,10550.901804,7738.400000,9291.886964,8728.048780,-0.216106,0.248721,0.021759,0.025999,-0.031363,0.046646,0.032982
537350,60.3204,23,Middle_Prep_Open,Middle,prep_open,0,2.3204,OPEN HAND - prepare for Middle,2980,3011,2889,3106,2845,2997,2932,9086.995516,9444.095941,8144.776119,10677.856421,7738.400000,9280.327869,8571.625107,-0.210298,0.233106,0.036230,0.038344,-0.031363,0.045344,0.014469
537400,60.3526,23,Middle_Prep_Open,Middle,prep_open,0,2.3526,OPEN HAND - prepare for Middle,2975,2990,2851,3089,2836,2992,2940,9031.250000,9200.000000,7792.122186,10439.960239,7658.776807,9222.846782,8654.545455,-0.215143,0.201235,-0.008637,0.015211,-0.041330,0.038869,0.024283
537450,60.5209,23,Middle_Prep_Open,Middle,prep_open,0,2.5209,OPEN HAND - prepare for Middle,2965,2970,2862,3090,2844,3009,2937,8921.238938,8976.000000,7891.970803,10453.731343,7729.496403,9420.441989,8623.316062,-0.224703,0.171988,0.004066,0.016550,-0.032478,0.061126,0.020587
537500,60.5210,23,Middle_Prep_Open,Middle,prep_open,0,2.5210,OPEN HAND - prepare for Middle,2977,2970,2860,3087,2842,2979,2930,9053.488372,8976.000000,7873.684211,10412.500000,7711.731844,9075.806452,8551.072961,-0.213210,0.171988,0.001740,0.012540,-0.034701,0.022306,0.012037
537550,60.5312,23,Middle_Prep_Open,Middle,prep_open,0,2.5312,OPEN HAND - prepare for Middle,2977,2980,2854,3087,2834,2993,2943,9053.488372,9086.995516,7819.178082,10412.500000,7641.237113,9234.301270,8685.937500,-0.213210,0.186480,-0.005195,0.012540,-0.043525,0.040159,0.027998
537600,60.5853,23,Middle_Prep_Open,Middle,prep_open,0,2.5853,OPEN HAND - prepare for Middle,2968,2973,2865,3090,2843,3010,2928,8954.037267,9009.090909,7919.512195,10453.731343,7720.607029,9432.258065,8530.591260,-0.221853,0.176308,0.007570,0.016550,-0.033590,0.062457,0.009613
537650,60.6287,23,Middle_Prep_Open,Middle,prep_open,0,2.6287,OPEN HAND - prepare for Middle,2971,2971,2859,3089,2845,2999,2927,8987.010676,8987.010676,7864.563107,10439.960239,7738.400000,9303.467153,8520.376712,-0.218987,0.173425,0.000579,0.015211,-0.031363,0.047950,0.008404
537700,60.7805,23,Middle_Prep_Open,Middle,prep_open,0,2.7805,OPEN HAND - prepare for Middle,2969,2979,2846,3086,2834,3013,2939,8965.008881,9075.806452,7747.317854,10398.810704,7641.237113,9467.837338,8644.117647,-0.220899,0.185019,-0.014337,0.011209,-0.043525,0.066465,0.023049
537750,60.7806,23,Middle_Prep_Open,Middle,prep_open,0,2.7806,OPEN HAND - prepare for Middle,2963,2954,2853,3081,2843,3000,2930,8899.469965,8802.453988,7810.144928,10330.769231,7720.607029,9315.068493,8551.072961,-0.226595,0.149328,-0.006344,0.004593,-0.033590,0.049257,0.012037
537800,60.7806,23,Middle_Prep_Open,Middle,prep_open,0,2.7806,OPEN HAND - prepare for Middle,2978,2960,2853,3087,2840,3003,2928,9064.637422,8866.960352,7810.144928,10412.500000,7694.023904,9350.000000,8530.591260,-0.212241,0.157750,-0.006344,0.012540,-0.036918,0.053191,0.009613
537850,60.8242,23,Middle_Prep_Open,Middle,prep_open,0,2.8242,OPEN HAND - prepare for Middle,2977,2960,2839,3087,2832,2999,2928,9053.488372,8866.960352,7685.191083,10412.500000,7623.752969,9303.467153,8530.591260,-0.213210,0.157750,-0.022242,0.012540,-0.045714,0.047950,0.009613
537900,60.8779,23,Middle_Prep_Open,Middle,prep_open,0,2.8779,OPEN HAND - prepare for Middle,2970,2954,2843,3090,2839,3000,2927,8976.000000,8802.453988,7720.607029,10453.731343,7685.191083,9315.068493,8520.376712,-0.219944,0.149328,-0.017736,0.016550,-0.038023,0.049257,0.008404
537950,61.0380,23,Middle_Prep_Open,Middle,prep_open,0,3.0380,OPEN HAND - prepare for Middle,2975,2957,2835,3087,2839,2987,2917,9031.250000,8834.622144,7650.000000,10412.500000,7685.191083,9165.884477,8419.185059,-0.215143,0.153528,-0.026719,0.012540,-0.038023,0.032453,-0.003572
538000,61.0380,23,Middle_Prep_Open,Middle,prep_open,0,3.0380,OPEN HAND - prepare for Middle,2975,2940,2830,3075,2832,3001,2926,9031.250000,8654.545455,7606.324111,10250.000000,7623.752969,9326.691042,8510.179641,-0.215143,0.130016,-0.032276,-0.003262,-0.045714,0.050566,0.007197
538050,61.0381,23,Middle_Prep_Open,Middle,prep_open,0,3.0381,OPEN HAND - prepare for Middle,2968,2930,2836,3083,2840,3001,2926,8954.037267,8551.072961,7658.776807,10357.905138,7694.023904,9326.691042,8510.179641,-0.221853,0.116505,-0.025602,0.007231,-0.036918,0.050566,0.007197
538100,61.0597,23,Middle_Prep_Open,Middle,prep_open,0,3.0597,OPEN HAND - prepare for Middle,2976,2927,2833,3083,2841,3001,2920,9042.359249,8520.376712,7632.488114,10357.905138,7702.870813,9326.691042,8449.361702,-0.214177,0.112497,-0.028947,0.007231,-0.035810,0.050566,-0.000001
538150,61.1254,23,Middle_Prep_Open,Middle,prep_open,0,3.1254,OPEN HAND - prepare for Middle,2975,2926,2822,3067,2830,2994,2928,9031.250000,8510.179641,7537.156324,10143.774319,7606.324111,9245.776567,8530.591260,-0.215143,0.111166,-0.041075,-0.013591,-0.047895,0.041452,0.009613
538200,61.2976,23,Middle_Prep_Open,Middle,prep_open,0,3.2976,OPEN HAND - prepare for Middle,2967,2917,2826,3075,2840,2995,2934,8943.085106,8419.185059,7571.631206,10250.000000,7694.023904,9257.272727,8592.248062,-0.222805,0.099285,-0.036689,-0.003262,-0.036918,0.042747,0.016910
538250,61.2976,23,Middle_Prep_Open,Middle,prep_open,0,3.2976,OPEN HAND - prepare for Middle,2976,2926,2824,3070,2837,2992,2928,9042.359249,8510.179641,7554.366640,10183.414634,7667.567568,9222.846782,8530.591260,-0.214177,0.111166,-0.038886,-0.009737,-0.040229,0.038869,0.009613
538300,61.2977,23,Middle_Prep_Open,Middle,prep_open,0,3.2977,OPEN HAND - prepare for Middle,2971,2916,2820,3078,2830,3002,2934,8987.010676,8409.160305,7520.000000,10290.265487,7606.324111,9338.334858,8592.248062,-0.218987,0.097976,-0.043258,0.000654,-0.047895,0.051878,0.016910
538350,61.3198,23,Middle_Prep_Open,Middle,prep_open,0,3.3198,OPEN HAND - prepare for Middle,2969,2914,2828,3086,2841,3013,2933,8965.008881,8389.161727,7588.950276,10398.810704,7702.870813,9467.837338,8581.927711,-0.220899,0.095365,-0.034486,0.011209,-0.035810,0.066465,0.015688
538400,61.3745,23,Middle_Prep_Open,Middle,prep_open,0,3.3745,OPEN HAND - prepare for Middle,2981,2919,2824,3085,2839,2996,2924,9098.204668,8439.285714,7554.366640,10385.148515,7685.191083,9268.789809,8489.837746,-0.209324,0.101909,-0.038886,0.009881,-0.038023,0.044044,0.004789
538450,61.5527,23,Middle_Prep_Open,Middle,prep_open,0,3.5527,OPEN HAND - prepare for Middle,2977,2917,2818,3068,2831,2998,2941,9053.488372,8419.185059,7502.897416,10156.962025,7615.031646,9291.886964,8664.991334,-0.213210,0.099285,-0.045434,-0.012309,-0.046806,0.046646,0.025519
538500,61.5528,23,Middle_Prep_Open,Middle,prep_open,0,3.5528,OPEN HAND - prepare for Middle,2965,2913,2827,3092,2842,2999,2928,8921.238938,8379.187817,7580.283912,10481.355932,7711.731844,9303.467153,8530.591260,-0.224703,0.094062,-0.035589,0.019236,-0.034701,0.047950,0.009613
538550,61.5528,23,Middle_Prep_Open,Middle,prep_open,0,3.5528,OPEN HAND - prepare for Middle,2973,2920,2826,3098,2839,2990,2926,9009.090909,8449.361702,7571.631206,10564.894684,7685.191083,9200.000000,8510.179641,-0.217068,0.103225,-0.036689,0.027360,-0.038023,0.036295,0.007197
538600,61.5528,23,Middle_Prep_Open,Middle,prep_open,0,3.5528,OPEN HAND - prepare for Middle,2977,2915,2816,3100,2835,2997,2941,9053.488372,8399.152542,7485.848319,10592.964824,7650.000000,9280.327869,8664.991334,-0.213210,0.096669,-0.047603,0.030089,-0.042428,0.045344,0.025519
538650,61.6181,23,Middle_Prep_Open,Middle,prep_open,0,3.6181,OPEN HAND - prepare for Middle,2966,2934,2864,3087,2843,3007,2939,8932.152347,8592.248062,7910.316816,10412.500000,7720.607029,9396.875000,8644.117647,-0.223755,0.121882,0.006400,0.012540,-0.033590,0.058472,0.023049
538700,61.8138,23,Middle_Prep_Open,Middle,prep_open,0,3.8138,OPEN HAND - prepare for Middle,2976,2933,2867,3079,2845,3021,2928,9042.359249,8581.927711,7937.947883,10303.740157,7738.400000,9563.687151,8530.591260,-0.214177,0.120534,0.009916,0.001964,-0.031363,0.077261,0.009613
538750,61.8139,23,Middle_Prep_Open,Middle,prep_open,0,3.8139,OPEN HAND - prepare for Middle,2974,2941,2860,3068,2836,3011,2933,9020.160571,8664.991334,7873.684211,10156.962025,7658.776807,9444.095941,8581.927711,-0.216106,0.131380,0.001740,-0.012309,-0.041330,0.063791,0.015688
538800,61.8139,23,Middle_Prep_Open,Middle,prep_open,0,3.8139,OPEN HAND - prepare for Middle,2957,2908,2875,3070,2843,3007,2938,8834.622144,8329.570345,8012.295082,10183.414634,7720.607029,9396.875000,8633.707865,-0.232231,0.087584,0.019375,-0.009737,-0.033590,0.058472,0.021817
538850,61.8463,23,Middle_Prep_Open,Middle,prep_open,0,3.8463,OPEN HAND - prepare for Middle,2968,2911,2869,3071,2846,3013,2929,8954.037267,8359.290541,7956.443719,10196.679688,7747.317854,9467.837338,8540.823328,-0.221853,0.091464,0.012269,-0.008447,-0.030247,0.066465,0.010824
538900,61.8670,23,Middle_Prep_Open,Middle,prep_open,0,3.8670,OPEN HAND - prepare for Middle,2967,2910,2862,3064,2833,3028,2929,8943.085106,8349.367089,7891.970803,10104.364694,7632.488114,9648.734770,8540.823328,-0.222805,0.090169,0.004066,-0.017424,-0.044620,0.086841,0.010824
538950,61.9317,23,Middle_Prep_Open,Middle,prep_open,0,3.9317,OPEN HAND - prepare for Middle,2958,2911,2867,3068,2843,3029,2928,8845.382586,8359.290541,7937.947883,10156.962025,7720.607029,9660.975610,8530.591260,-0.231295,0.091464,0.009916,-0.012309,-0.033590,0.088220,0.009613
539000,62.0804,24,Middle_C1_Open,Middle,open,1,0.0804,Middle cycle 1: OPEN,2975,2911,2862,3060,2841,3021,2917,9031.250000,8359.290541,7891.970803,10052.173913,7702.870813,9563.687151,8419.185059,-0.215143,0.091464,0.004066,-0.022499,-0.035810,0.077261,-0.003572
539050,62.0808,24,Middle_C1_Open,Middle,open,1,0.0808,Middle cycle 1: OPEN,2968,2898,2837,3061,2832,3016,2927,8954.037267,8231.578947,7667.567568,10065.183752,7623.752969,9503.614458,8520.376712,-0.221853,0.074789,-0.024484,-0.021234,-0.045714,0.070495,0.008404
539100,62.0916,24,Middle_C1_Open,Middle,open,1,0.0916,Middle cycle 1: OPEN,2960,2893,2859,3066,2842,3013,2927,8866.960352,8183.194676,7864.563107,10130.612245,7711.731844,9467.837338,8520.376712,-0.229420,0.068472,0.000579,-0.014871,-0.034701,0.066465,0.008404
539150,62.1461,24,Middle_C1_Open,Middle,open,1,0.1461,Middle cycle 1: OPEN,2968,2901,2845,3070,2840,2985,2915,8954.037267,8260.804020,7738.400000,10183.414634,7694.023904,9143.243243,8399.152542,-0.221853,0.078605,-0.015472,-0.009737,-0.036918,0.029902,-0.005943
539200,62.1668,24,Middle_C1_Open,Middle,open,1,0.1668,Middle cycle 1: OPEN,2971,2899,2846,3067,2835,3021,2925,8987.010676,8241.304348,7747.317854,10143.774319,7650.000000,9563.687151,8500.000000,-0.218987,0.076059,-0.014337,-0.013591,-0.042428,0.077261,0.005992
539250,62.3265,24,Middle_C1_Open,Middle,open,1,0.3265,Middle cycle 1: OPEN,2962,2898,2859,3069,2842,3018,2923,8888.614298,8231.578947,7864.563107,10170.175439,7711.731844,9527.576602,8479.692833,-0.227538,0.074789,0.000579,-0.011024,-0.034701,0.073194,0.003589
539300,62.3266,24,Middle_C1_Open,Middle,open,1,0.3266,Middle cycle 1: OPEN,2969,2905,2875,3078,2841,3015,2914,8965.008881,8300.000000,8012.295082,10290.265487,7702.870813,9491.666667,8389.161727,-0.220899,0.083723,0.019375,0.000654,-0.035810,0.069149,-0.007126
539350,62.3266,24,Middle_C1_Open,Middle,open,1,0.3266,Middle cycle 1: OPEN,2968,2896,2862,3051,2834,3024,2928,8954.037267,8212.176814,7891.970803,9936.206897,7641.237113,9600.000000,8530.591260,-0.221853,0.072256,0.004066,-0.033776,-0.043525,0.081352,0.009613
539400,62.3703,24,Middle_C1_Open,Middle,open,1,0.3703,Middle cycle 1: OPEN,2957,2896,2868,3068,2845,3025,2919,8834.622144,8212.176814,7947.188264,10156.962025,7738.400000,9612.149533,8439.285714,-0.232231,0.072256,0.011091,-0.012309,-0.031363,0.082720,-0.001194
539450,62.4245,24,Middle_C1_Open,Middle,open,1,0.4245,Middle cycle 1: OPEN,2964,2888,2864,3075,2841,3002,2906,8910.344828,8135.211268,7910.316816,10250.000000,7702.870813,9338.334858,8309.840202,-0.225650,0.062207,0.006400,-0.003262,-0.035810,0.051878,-0.016514
539500,62.5797,24,Middle_C1_Open,Middle,open,1,0.5797,Middle cycle 1: OPEN,2965,2883,2853,3053,2835,3028,2927,8921.238938,8087.623762,7810.144928,9961.804223,7650.000000,9648.734770,8520.376712,-0.224703,0.055993,-0.006344,-0.031287,-0.042428,0.086841,0.008404
539550,62.5798,24,Middle_C1_Open,Middle,open,1,0.5798,Middle cycle 1: OPEN,2952,2880,2865,3074,2844,3005,2919,8781.102362,8059.259259,7919.512195,10236.630754,7729.496403,9373.394495,8439.285714,-0.236882,0.052290,0.007570,-0.004562,-0.032478,0.055827,-0.001194
539600,62.5798,24,Middle_C1_Open,Middle,open,1,0.5798,Middle cycle 1: OPEN,2962,2881,2852,3059,2842,3004,2908,8888.614298,8068.698517,7801.126307,10039.189189,7711.731844,9361.686526,8329.570345,-0.227538,0.053522,-0.007492,-0.023761,-0.034701,0.054508,-0.014179
539650,62.6011,24,Middle_C1_Open,Middle,open,1,0.6011,Middle cycle 1: OPEN,2964,2880,2833,3052,2835,3036,2920,8910.344828,8059.259259,7632.488114,9948.993289,7650.000000,9747.308782,8449.361702,-0.225650,0.052290,-0.028947,-0.032532,-0.042428,0.097945,-0.000001
539700,62.6555,24,Middle_C1_Open,Middle,open,1,0.6555,Middle cycle 1: OPEN,2957,2875,2835,3058,2843,3023,2915,8834.622144,8012.295082,7650.000000,10026.229508,7720.607029,9587.873134,8399.152542,-0.232231,0.046158,-0.026719,-0.025022,-0.033590,0.079986,-0.005943
539750,62.8303,24,Middle_C1_Open,Middle,open,1,0.8303,Middle cycle 1: OPEN,2969,2894,2839,3064,2845,2992,2910,8965.008881,8192.839301,7685.191083,10104.364694,7738.400000,9222.846782,8349.367089,-0.220899,0.069731,-0.022242,-0.017424,-0.031363,0.038869,-0.011836
539800,62.8304,24,Middle_C1_Open,Middle,open,1,0.8304,Middle cycle 1: OPEN,2979,2881,2834,3082,2838,3009,2915,9075.806452,8068.698517,7641.237113,10344.323791,7676.372315,9420.441989,8399.152542,-0.211271,0.053522,-0.027834,0.005911,-0.039127,0.061126,-0.005943
539850,62.8304,24,Middle_C1_Open,Middle,open,1,0.8304,Middle cycle 1: OPEN,2964,2872,2852,3081,2847,3015,2919,8910.344828,7984.300899,7801.126307,10330.769231,7756.250000,9491.666667,8439.285714,-0.225650,0.042502,-0.007492,0.004593,-0.029129,0.069149,-0.001194
539900,62.8634,24,Middle_C1_Open,Middle,open,1,0.8634,Middle cycle 1: OPEN,2973,2877,2861,3079,2844,3006,2906,9009.090909,8031.034483,7882.820097,10303.740157,7729.496403,9385.123967,8309.840202,-0.217068,0.048604,0.002902,0.001964,-0.032478,0.057148,-0.016514
539950,62.9179,24,Middle_C1_Open,Middle,open,1,0.9179,Middle cycle 1: OPEN,2974,2873,2856,3071,2834,3005,2916,9020.160571,7993.617021,7837.288136,10196.679688,7641.237113,9373.394495,8409.160305,-0.216106,0.043719,-0.002891,-0.008447,-0.043525,0.055827,-0.004759
540000,62.9507,24,Middle_C1_Open,Middle,open,1,0.9507,Middle cycle 1: OPEN,2965,2878,2863,3071,2845,3026,2918,8921.238938,8040.427280,7901.136364,10196.679688,7738.400000,9624.321796,8429.226848,-0.224703,0.049831,0.005232,-0.008447,-0.031363,0.084091,-0.002384
540050,63.0909,24,Middle_C1_Open,Middle,open,1,1.0909,Middle cycle 1: OPEN,2974,2877,2855,3055,2844,3002,2905,9020.160571,8031.034483,7828.225806,9987.500000,7729.496403,9338.334858,8300.000000,-0.216106,0.048604,-0.004044,-0.028788,-0.032478,0.051878,-0.017678
540100,63.0909,24,Middle_C1_Open,Middle,open,1,1.0909,Middle cycle 1: OPEN,2978,2870,2841,3046,2838,2994,2919,9064.637422,7965.714286,7702.870813,9872.640610,7676.372315,9245.776567,8439.285714,-0.212241,0.040076,-0.019992,-0.039957,-0.039127,0.041452,-0.001194
540150,63.1120,24,Middle_C1_Open,Middle,open,1,1.1120,Middle cycle 1: OPEN,2971,2862,2857,3055,2842,3019,2919,8987.010676,7891.970803,7846.365105,9987.500000,7711.731844,9539.591078,8439.285714,-0.218987,0.030447,-0.001736,-0.028788,-0.034701,0.074547,-0.001194
540200,63.1773,24,Middle_C1_Open,Middle,open,1,1.1773,Middle cycle 1: OPEN,2979,2864,2848,3054,2841,2991,2908,9075.806452,7910.316816,7765.196472,9974.639769,7702.870813,9211.413043,8329.570345,-0.211271,0.032842,-0.012063,-0.030038,-0.035810,0.037581,-0.014179
540250,63.2101,24,Middle_C1_Open,Middle,open,1,1.2101,Middle cycle 1: OPEN,2978,2864,2836,3062,2834,3004,2921,9064.637422,7910.316816,7658.776807,10078.218780,7641.237113,9361.686526,8459.454855,-0.212241,0.032842,-0.025602,-0.019966,-0.043525,0.054508,0.001194
540300,63.3491,24,Middle_C1_Open,Middle,open,1,1.3491,Middle cycle 1: OPEN,2966,2862,2845,3066,2844,2996,2919,8932.152347,7891.970803,7738.400000,10130.612245,7729.496403,9268.789809,8439.285714,-0.223755,0.030447,-0.015472,-0.014871,-0.032478,0.044044,-0.001194
540350,63.3491,24,Middle_C1_Open,Middle,open,1,1.3491,Middle cycle 1: OPEN,2973,2864,2838,3046,2844,2965,2910,9009.090909,7910.316816,7676.372315,9872.640610,7729.496403,8921.238938,8349.367089,-0.217068,0.032842,-0.023364,-0.039957,-0.032478,0.004895,-0.011836
540400,63.3811,24,Middle_C1_Open,Middle,open,1,1.3811,Middle cycle 1: OPEN,2976,2859,2825,3033,2837,2985,2917,9042.359249,7864.563107,7562.992126,9710.169492,7667.567568,9143.243243,8419.185059,-0.214177,0.026868,-0.037788,-0.055756,-0.040229,0.029902,-0.003572
540450,63.4031,24,Middle_C1_Open,Middle,open,1,1.4031,Middle cycle 1: OPEN,2967,2858,2831,3046,2842,2985,2918,8943.085106,7855.456750,7615.031646,9872.640610,7711.731844,9143.243243,8429.226848,-0.222805,0.025679,-0.031168,-0.039957,-0.034701,0.029902,-0.002384
540500,63.4573,24,Middle_C1_Open,Middle,open,1,1.4573,Middle cycle 1: OPEN,2970,2868,2828,3054,2845,2965,2907,8976.000000,7947.188264,7588.950276,9974.639769,7738.400000,8921.238938,8319.696970,-0.219944,0.037657,-0.034486,-0.030038,-0.031363,0.004895,-0.015347
540550,63.5998,24,Middle_C1_Open,Middle,open,1,1.5998,Middle cycle 1: OPEN,2972,2871,2805,3045,2836,2978,2921,8998.040962,7975.000000,7393.023256,9860.000000,7658.776807,9064.637422,8459.454855,-0.218029,0.041288,-0.059413,-0.041186,-0.041330,0.021048,0.001194
540600,63.5999,24,Middle_C1_Open,Middle,open,1,1.5999,Middle cycle 1: OPEN,2960,2868,2816,3049,2845,2971,2920,8866.960352,7947.188264,7485.848319,9910.707457,7738.400000,8987.010676,8449.361702,-0.229420,0.037657,-0.047603,-0.036255,-0.031363,0.012304,-0.000001
540650,63.6106,24,Middle_C1_Open,Middle,open,1,1.6106,Middle cycle 1: OPEN,2974,2873,2809,3039,2843,2976,2911,9020.160571,7993.617021,7426.594090,9784.659091,7720.607029,9042.359249,8359.290541,-0.216106,0.043719,-0.055142,-0.048513,-0.033590,0.018539,-0.010661
540700,63.6750,24,Middle_C1_Open,Middle,open,1,1.6750,Middle cycle 1: OPEN,2980,2866,2797,3027,2832,2973,2928,9086.995516,7928.722539,7326.502311,9636.516854,7623.752969,9009.090909,8530.591260,-0.210298,0.035246,-0.067876,-0.062918,-0.045714,0.014791,0.009613
540750,63.6963,24,Middle_C1_Open,Middle,open,1,1.6963,Middle cycle 1: OPEN,2963,2868,2807,3027,2843,2976,2919,8899.469965,7947.188264,7409.782609,9636.516854,7720.607029,9042.359249,8439.285714,-0.226595,0.037657,-0.057281,-0.062918,-0.033590,0.018539,-0.001194
540800,63.8685,24,Middle_C1_Open,Middle,open,1,1.8685,Middle cycle 1: OPEN,2977,2875,2805,3028,2842,2974,2916,9053.488372,8012.295082,7393.023256,9648.734770,7711.731844,9020.160571,8409.160305,-0.213210,0.046158,-0.059413,-0.061730,-0.034701,0.016038,-0.004759
540850,63.8685,24,Middle_C1_Open,Middle,open,1,1.8685,Middle cycle 1: OPEN,2987,2873,2799,3032,2834,3006,2923,9165.884477,7993.617021,7343.055556,9697.836312,7641.237113,9385.123967,8479.692833,-0.203442,0.043719,-0.065770,-0.056956,-0.043525,0.057148,0.003589
540900,63.8686,24,Middle_C1_Open,Middle,open,1,1.8686,Middle cycle 1: OPEN,2975,2862,2814,3037,2840,3000,2924,9031.250000,7891.970803,7468.852459,9759.735350,7694.023904,9315.068493,8489.837746,-0.215143,0.030447,-0.049766,-0.050936,-0.036918,0.049257,0.004789
540950,63.9127,24,Middle_C1_Open,Middle,open,1,1.9127,Middle cycle 1: OPEN,2985,2873,2814,3044,2838,2982,2915,9143.243243,7993.617021,7468.852459,9847.383444,7676.372315,9109.433962,8399.152542,-0.205410,0.043719,-0.049766,-0.042413,-0.039127,0.026094,-0.005943
541000,63.9564,24,Middle_C1_Open,Middle,open,1,1.9564,Middle cycle 1: OPEN,2982,2868,2806,3037,2833,3005,2922,9109.433962,7947.188264,7401.396431,9759.735350,7632.488114,9373.394495,8469.565217,-0.208348,0.037657,-0.058348,-0.050936,-0.044620,0.055827,0.002390
541050,64.1366,25,Middle_C1_Bend,Middle,bend,1,0.1366,Middle cycle 1: BEND Middle,2978,2865,2823,3040,2844,2976,2923,9064.637422,7919.512195,7545.754717,9797.156398,7729.496403,9042.359249,8479.692833,-0.212241,0.034043,-0.039982,-0.047297,-0.032478,0.018539,0.003589
541100,64.1370,25,Middle_C1_Bend,Middle,bend,1,0.1370,Middle cycle 1: BEND Middle,2983,2875,2813,3029,2843,2961,2921,9120.683453,8012.295082,7460.374415,9660.975610,7720.607029,8877.777778,8459.454855,-0.207371,0.046158,-0.050844,-0.060540,-0.033590,0.000000,0.001194
541150,64.1370,25,Middle_C1_Bend,Middle,bend,1,0.1370,Middle cycle 1: BEND Middle,2984,2881,2805,3023,2834,2968,2930,9131.953195,8068.698517,7393.023256,9587.873134,7641.237113,8954.037267,8551.072961,-0.206391,0.053522,-0.059413,-0.067649,-0.043525,0.008590,0.012037
541200,64.1793,25,Middle_C1_Bend,Middle,bend,1,0.1793,Middle cycle 1: BEND Middle,2973,2864,2822,3037,2843,2966,2927,9009.090909,7910.316816,7537.156324,9759.735350,7720.607029,8932.152347,8520.376712,-0.217068,0.032842,-0.041075,-0.050936,-0.033590,0.006125,0.008404
541250,64.2124,25,Middle_C1_Bend,Middle,bend,1,0.2124,Middle cycle 1: BEND Middle,2977,2871,2814,3036,2843,2975,2919,9053.488372,7975.000000,7468.852459,9747.308782,7720.607029,9031.250000,8439.285714,-0.213210,0.041288,-0.049766,-0.052145,-0.033590,0.017287,-0.001194
541300,64.3993,25,Middle_C1_Bend,Middle,bend,1,0.3993,Middle cycle 1: BEND Middle,2976,2877,2802,3027,2834,2981,2925,9042.359249,8031.034483,7367.981439,9636.516854,7641.237113,9098.204668,8500.000000,-0.214177,0.048604,-0.062599,-0.062918,-0.043525,0.024829,0.005992
541350,64.3994,25,Middle_C1_Bend,Middle,bend,1,0.3994,Middle cycle 1: BEND Middle,2964,2870,2813,3035,2843,2977,2929,8910.344828,7965.714286,7460.374415,9734.905660,7720.607029,9053.488372,8540.823328,-0.225650,0.040076,-0.050844,-0.053351,-0.033590,0.019792,0.010824
541400,64.3994,25,Middle_C1_Bend,Middle,bend,1,0.3994,Middle cycle 1: BEND Middle,2976,2869,2823,3037,2841,2972,2926,9042.359249,7956.443719,7545.754717,9759.735350,7702.870813,8998.040962,8510.179641,-0.214177,0.038865,-0.039982,-0.050936,-0.035810,0.013547,0.007197
541450,64.4213,25,Middle_C1_Bend,Middle,bend,1,0.4213,Middle cycle 1: BEND Middle,2988,2868,2815,3022,2833,2989,2927,9177.235772,7947.188264,7477.343750,9575.768872,7632.488114,9188.607595,8520.376712,-0.202456,0.037657,-0.048685,-0.068826,-0.044620,0.035012,0.008404
541500,64.4755,25,Middle_C1_Bend,Middle,bend,1,0.4755,Middle cycle 1: BEND Middle,2991,2865,2817,3033,2842,2992,2930,9211.413043,7919.512195,7494.366197,9710.169492,7711.731844,9222.846782,8551.072961,-0.199486,0.034043,-0.046519,-0.055756,-0.034701,0.038869,0.012037
541550,64.6430,25,Middle_C1_Bend,Middle,bend,1,0.6430,Middle cycle 1: BEND Middle,2998,2882,2813,3030,2839,2976,2919,9291.886964,8078.153339,7460.374415,9673.239437,7685.191083,9042.359249,8439.285714,-0.192492,0.054757,-0.050844,-0.059347,-0.038023,0.018539,-0.001194
541600,64.6430,25,Middle_C1_Bend,Middle,bend,1,0.6430,Middle cycle 1: BEND Middle,2993,2877,2803,3019,2832,2983,2924,9234.301270,8031.034483,7376.315789,9539.591078,7623.752969,9120.683453,8489.837746,-0.197497,0.048604,-0.061539,-0.072344,-0.045714,0.027361,0.004789
541650,64.6431,25,Middle_C1_Bend,Middle,bend,1,0.6431,Middle cycle 1: BEND Middle,2992,2867,2825,3027,2844,2979,2929,9222.846782,7937.947883,7562.992126,9636.516854,7729.496403,9075.806452,8540.823328,-0.198492,0.036450,-0.037788,-0.062918,-0.032478,0.022306,0.010824
541700,64.6759,25,Middle_C1_Bend,Middle,bend,1,0.6759,Middle cycle 1: BEND Middle,3002,2877,2817,3034,2841,2964,2917,9338.334858,8031.034483,7494.366197,9722.525919,7702.870813,8910.344828,8419.185059,-0.188456,0.048604,-0.046519,-0.054555,-0.035810,0.003668,-0.003572
541750,64.7092,25,Middle_C1_Bend,Middle,bend,1,0.7092,Middle cycle 1: BEND Middle,2999,2874,2820,3019,2833,2981,2924,9303.467153,8002.948403,7520.000000,9539.591078,7632.488114,9098.204668,8489.837746,-0.191486,0.044937,-0.043258,-0.072344,-0.044620,0.024829,0.004789
541800,64.8877,25,Middle_C1_Bend,Middle,bend,1,0.8877,Middle cycle 1: BEND Middle,2980,2865,2834,3023,2841,2981,2931,9086.995516,7919.512195,7641.237113,9587.873134,7702.870813,9098.204668,8561.340206,-0.210298,0.034043,-0.027834,-0.067649,-0.035810,0.024829,0.013252
541850,64.8878,25,Middle_C1_Bend,Middle,bend,1,0.8878,Middle cycle 1: BEND Middle,2991,2880,2831,3025,2839,2965,2925,9211.413043,8059.259259,7615.031646,9612.149533,7685.191083,8921.238938,8500.000000,-0.199486,0.052290,-0.031168,-0.065288,-0.038023,0.004895,0.005992
541900,64.8878,25,Middle_C1_Bend,Middle,bend,1,0.8878,Middle cycle 1: BEND Middle,2984,2874,2813,3014,2834,2983,2933,9131.953195,8002.948403,7460.374415,9479.740981,7641.237113,9120.683453,8581.927711,-0.206391,0.044937,-0.050844,-0.078164,-0.043525,0.027361,0.015688
541950,64.9190,25,Middle_C1_Bend,Middle,bend,1,0.9190,Middle cycle 1: BEND Middle,2975,2866,2831,3025,2839,2989,2939,9031.250000,7928.722539,7615.031646,9612.149533,7685.191083,9188.607595,8644.117647,-0.215143,0.035246,-0.031168,-0.065288,-0.038023,0.035012,0.023049
542000,64.9631,25,Middle_C1_Bend,Middle,bend,1,0.9631,Middle cycle 1: BEND Middle,2988,2873,2830,3064,2839,2984,2921,9177.235772,7993.617021,7606.324111,10104.364694,7685.191083,9131.953195,8459.454855,-0.202456,0.043719,-0.032276,-0.017424,-0.038023,0.028631,0.001194
542050,65.1508,25,Middle_C1_Bend,Middle,bend,1,1.1508,Middle cycle 1: BEND Middle,2985,2876,2823,3024,2832,2995,2929,9143.243243,8021.657096,7545.754717,9600.000000,7623.752969,9257.272727,8540.823328,-0.205410,0.047380,-0.039982,-0.066469,-0.045714,0.042747,0.010824
542100,65.1509,25,Middle_C1_Bend,Middle,bend,1,1.1509,Middle cycle 1: BEND Middle,2974,2867,2839,3015,2841,2985,2931,9020.160571,7937.947883,7685.191083,9491.666667,7702.870813,9143.243243,8561.340206,-0.216106,0.036450,-0.022242,-0.077004,-0.035810,0.029902,0.013252
542150,65.1509,25,Middle_C1_Bend,Middle,bend,1,1.1509,Middle cycle 1: BEND Middle,2981,2871,2837,3019,2838,2964,2921,9098.204668,7975.000000,7667.567568,9539.591078,7676.372315,8910.344828,8459.454855,-0.209324,0.041288,-0.024484,-0.072344,-0.039127,0.003668,0.001194
542200,65.1612,25,Middle_C1_Bend,Middle,bend,1,1.1612,Middle cycle 1: BEND Middle,2978,2868,2824,3006,2831,2975,2921,9064.637422,7947.188264,7554.366640,9385.123967,7615.031646,9031.250000,8459.454855,-0.212241,0.037657,-0.038886,-0.087365,-0.046806,0.017287,0.001194
542250,65.2161,25,Middle_C1_Bend,Middle,bend,1,1.2161,Middle cycle 1: BEND Middle,2971,2861,2833,3022,2839,2987,2928,8987.010676,7882.820097,7632.488114,9575.768872,7685.191083,9165.884477,8530.591260,-0.218987,0.029252,-0.028947,-0.068826,-0.038023,0.032453,0.009613
542300,65.3937,25,Middle_C1_Bend,Middle,bend,1,1.3937,Middle cycle 1: BEND Middle,2980,2885,2875,3051,2840,3009,2927,9086.995516,8106.611570,8012.295082,9936.206897,7694.023904,9420.441989,8520.376712,-0.210298,0.058472,0.019375,-0.033776,-0.036918,0.061126,0.008404
542350,65.3937,25,Middle_C1_Bend,Middle,bend,1,1.3937,Middle cycle 1: BEND Middle,2980,2885,2919,3071,2832,3022,2932,9086.995516,8106.611570,8439.285714,10196.679688,7623.752969,9575.768872,8571.625107,-0.210298,0.058472,0.073699,-0.008447,-0.045714,0.078622,0.014469
542400,65.3938,25,Middle_C1_Bend,Middle,bend,1,1.3938,Middle cycle 1: BEND Middle,2970,2873,2932,3085,2843,3017,2928,8976.000000,7993.617021,8571.625107,10385.148515,7720.607029,9515.584416,8530.591260,-0.219944,0.043719,0.090536,0.009881,-0.033590,0.071843,0.009613
542450,65.4258,25,Middle_C1_Bend,Middle,bend,1,1.4258,Middle cycle 1: BEND Middle,2973,2886,2941,3139,2848,3023,2925,9009.090909,8116.129032,8664.991334,11163.807531,7765.196472,9587.873134,8500.000000,-0.217068,0.059715,0.102415,0.085600,-0.028009,0.079986,0.005992
542500,65.4581,25,Middle_C1_Bend,Middle,bend,1,1.4581,Middle cycle 1: BEND Middle,2970,2865,2923,3167,2848,3073,2937,8976.000000,7919.512195,8479.692833,11603.232759,7765.196472,10223.287671,8623.316062,-0.219944,0.034043,0.078840,0.128330,-0.028009,0.151559,0.020587
542550,65.5126,25,Middle_C1_Bend,Middle,bend,1,1.5126,Middle cycle 1: BEND Middle,2973,2881,2962,3252,2856,3068,2935,9009.090909,8068.698517,8888.614298,13116.014235,7837.288136,10156.962025,8602.586207,-0.217068,0.053522,0.130866,0.275437,-0.018985,0.144088,0.018133
542600,65.6447,25,Middle_C1_Bend,Middle,bend,1,1.6447,Middle cycle 1: BEND Middle,3003,2873,2951,3282,2863,3063,2934,9350.000000,7993.617021,8770.454545,13725.461255,7901.136364,10091.279070,8592.248062,-0.187442,0.043719,0.115833,0.334702,-0.010993,0.136690,0.016910
542650,65.6448,25,Middle_C1_Bend,Middle,bend,1,1.6448,Middle cycle 1: BEND Middle,3007,2886,2905,3297,2850,3099,2932,9396.875000,8116.129032,8300.000000,14047.368421,7783.132530,10578.915663,8571.625107,-0.183368,0.059715,0.055978,0.366005,-0.025764,0.191618,0.014469
542700,65.6660,25,Middle_C1_Bend,Middle,bend,1,1.6660,Middle cycle 1: BEND Middle,2996,2913,2936,3248,2862,3145,2925,9268.789809,8379.187817,8612.942192,13038.016529,7891.970803,11255.789474,8500.000000,-0.194499,0.094062,0.095793,0.267853,-0.012140,0.267861,0.005992
542750,65.7093,25,Middle_C1_Bend,Middle,bend,1,1.7093,Middle cycle 1: BEND Middle,2998,2959,2947,3317,2866,3094,2911,9291.886964,8856.161972,8728.048780,14495.886889,7928.722539,10509.090909,8359.290541,-0.192492,0.156341,0.110437,0.409620,-0.007540,0.183752,-0.010661
542800,65.9041,25,Middle_C1_Bend,Middle,bend,1,1.9041,Middle cycle 1: BEND Middle,2995,2960,2910,3272,2864,3100,2916,9257.272727,8866.960352,8349.367089,13517.375456,7910.316816,10592.964824,8409.160305,-0.195500,0.157750,0.062259,0.314467,-0.009844,0.193200,-0.004759
542850,65.9042,25,Middle_C1_Bend,Middle,bend,1,1.9042,Middle cycle 1: BEND Middle,2985,2963,2951,3281,2876,3145,2914,9143.243243,8899.469965,8770.454545,13704.422604,8021.657096,11255.789474,8389.161727,-0.205410,0.161995,0.115833,0.332656,0.004093,0.267861,-0.007126
542900,65.9042,25,Middle_C1_Bend,Middle,bend,1,1.9042,Middle cycle 1: BEND Middle,2994,2960,2946,3234,2876,3102,2895,9245.776567,8866.960352,8717.493473,12770.731707,8021.657096,10621.148036,8202.500000,-0.196499,0.157750,0.109094,0.241861,0.004093,0.196375,-0.029218
542950,65.9253,25,Middle_C1_Bend,Middle,bend,1,1.9253,Middle cycle 1: BEND Middle,2993,2945,2924,3259,2870,3141,2898,9234.301270,8706.956522,8489.837746,13254.306220,7965.714286,11194.339623,8231.578947,-0.197497,0.136859,0.080131,0.288885,-0.002910,0.260939,-0.025776
543000,65.9689,25,Middle_C1_Bend,Middle,bend,1,1.9689,Middle cycle 1: BEND Middle,2973,2929,2937,3239,2872,3115,2899,9009.090909,8540.823328,8623.316062,12865.186916,7984.300899,10807.142857,8241.304348,-0.217068,0.115167,0.097113,0.251046,-0.000583,0.217325,-0.024625
543050,66.0220,26,Middle_C2_Open,Middle,open,2,0.0220,Middle cycle 2: OPEN,2975,2960,2928,3252,2874,3103,2887,9031.250000,8866.960352,8530.591260,13116.014235,8002.948403,10635.282258,8125.662252,-0.215143,0.157750,0.085316,0.275437,0.001751,0.197967,-0.038311
543100,66.1627,26,Middle_C2_Open,Middle,open,2,0.1627,Middle cycle 2: OPEN,2971,2938,2913,3204,2863,3123,2895,8987.010676,8633.707865,8379.187817,12226.262626,7901.136364,10924.074074,8202.500000,-0.218987,0.127295,0.066053,0.188916,-0.010993,0.230496,-0.029218
543150,66.1628,26,Middle_C2_Open,Middle,open,2,0.1628,Middle cycle 2: OPEN,2958,2932,2926,3179,2867,3102,2890,8845.382586,8571.625107,8510.179641,11799.781659,7937.947883,10621.148036,8154.356846,-0.231295,0.119189,0.082719,0.147443,-0.006385,0.196375,-0.034915
543200,66.1628,26,Middle_C2_Open,Middle,open,2,0.1628,Middle cycle 2: OPEN,2967,2946,2896,3185,2877,3105,2879,8943.085106,8717.493473,8212.176814,11900.000000,8031.034483,10663.636364,8049.835526,-0.222805,0.138235,0.044805,0.157189,0.005267,0.201161,-0.047286
543250,66.2067,26,Middle_C2_Open,Middle,open,2,0.2067,Middle cycle 2: OPEN,2968,2955,2889,3213,2867,3101,2893,8954.037267,8813.157895,8144.776119,12385.714286,7937.947883,10607.042254,8183.194676,-0.221853,0.150726,0.036230,0.204421,-0.006385,0.194786,-0.031502
543300,66.2612,26,Middle_C2_Open,Middle,open,2,0.2612,Middle cycle 2: OPEN,2963,2940,2905,3247,2878,3083,2885,8899.469965,8654.545455,8300.000000,13018.632075,8040.427280,10357.905138,8106.611570,-0.226595,0.130016,0.055978,0.265968,0.006442,0.166723,-0.040566
543350,66.4037,26,Middle_C2_Open,Middle,open,2,0.4037,Middle cycle 2: OPEN,2972,2969,2908,3228,2875,3067,2876,8998.040962,8965.008881,8329.570345,12658.823529,8012.295082,10143.774319,8021.657096,-0.218029,0.170553,0.059740,0.230979,0.002921,0.142603,-0.050621
543400,66.4038,26,Middle_C2_Open,Middle,open,2,0.4038,Middle cycle 2: OPEN,2976,2954,2882,3226,2864,3060,2886,9042.359249,8802.453988,8078.153339,12621.864212,7910.316816,10052.173913,8116.129032,-0.214177,0.149328,0.027754,0.227385,-0.009844,0.132285,-0.039440
543450,66.4142,26,Middle_C2_Open,Middle,open,2,0.4142,Middle cycle 2: OPEN,2973,2952,2920,3228,2873,3067,2880,9009.090909,8781.102362,8449.361702,12658.823529,7993.617021,10143.774319,8059.259259,-0.217068,0.146540,0.074981,0.230979,0.000583,0.142603,-0.046170
543500,66.4574,26,Middle_C2_Open,Middle,open,2,0.4574,Middle cycle 2: OPEN,2993,2946,2910,3227,2879,3036,2873,9234.301270,8717.493473,8349.367089,12640.322581,8049.835526,9747.308782,7993.617021,-0.197497,0.138235,0.062259,0.229180,0.007620,0.097945,-0.053939
543550,66.5226,26,Middle_C2_Open,Middle,open,2,0.5226,Middle cycle 2: OPEN,2993,2939,2892,3231,2867,3065,2898,9234.301270,8644.117647,8173.566085,12714.583333,7937.947883,10117.475728,8231.578947,-0.197497,0.128654,0.039893,0.236401,-0.006385,0.139641,-0.025776
543600,66.6529,26,Middle_C2_Open,Middle,open,2,0.6529,Middle cycle 2: OPEN,2985,2933,2899,3250,2873,3041,2898,9143.243243,8581.927711,8241.304348,13076.923077,7993.617021,9809.677419,8231.578947,-0.205410,0.120534,0.048511,0.271636,0.000583,0.104970,-0.025776
543650,66.6530,26,Middle_C2_Open,Middle,open,2,0.6530,Middle cycle 2: OPEN,2979,2932,2889,3215,2873,3031,2876,9075.806452,8571.625107,8144.776119,12421.590909,7993.617021,9685.526316,8021.657096,-0.211271,0.119189,0.036230,0.207910,0.000583,0.090985,-0.050621
543700,66.6856,26,Middle_C2_Open,Middle,open,2,0.6856,Middle cycle 2: OPEN,2977,2927,2866,3156,2862,3030,2887,9053.488372,8520.376712,7928.722539,11427.476038,7891.970803,9673.239437,8125.662252,-0.213210,0.112497,0.008742,0.111239,-0.012140,0.089601,-0.038311
543750,66.7178,26,Middle_C2_Open,Middle,open,2,0.7178,Middle cycle 2: OPEN,2979,2929,2891,3152,2872,3020,2886,9075.806452,8540.823328,8163.953488,11364.581124,7984.300899,9551.627907,8116.129032,-0.211271,0.115167,0.038670,0.105123,-0.000583,0.075903,-0.039440
543800,66.7608,26,Middle_C2_Open,Middle,open,2,0.7608,Middle cycle 2: OPEN,2992,2926,2900,3172,2871,3019,2880,9222.846782,8510.179641,8251.046025,11684.507042,7975.000000,9539.591078,8059.259259,-0.198492,0.111166,0.049750,0.136234,-0.001747,0.074547,-0.046170
543850,66.9198,26,Middle_C2_Open,Middle,open,2,0.9198,Middle cycle 2: OPEN,2998,2926,2885,3203,2865,3015,2889,9291.886964,8510.179641,8106.611570,12208.744395,7919.512195,9491.666667,8144.776119,-0.192492,0.111166,0.031374,0.187212,-0.008693,0.069149,-0.036049
543900,66.9198,26,Middle_C2_Open,Middle,open,2,0.9198,Middle cycle 2: OPEN,2994,2904,2892,3188,2872,3026,2884,9245.776567,8290.176322,8173.566085,11950.606395,7984.300899,9624.321796,8097.109827,-0.196499,0.082440,0.039893,0.162110,-0.000583,0.084091,-0.041691
543950,66.9199,26,Middle_C2_Open,Middle,open,2,0.9199,Middle cycle 2: OPEN,2998,2926,2889,3202,2871,3016,2882,9291.886964,8510.179641,8144.776119,12191.265398,7975.000000,9503.614458,8078.153339,-0.192492,0.111166,0.036230,0.185512,-0.001747,0.070495,-0.043934
544000,66.9520,26,Middle_C2_Open,Middle,open,2,0.9520,Middle cycle 2: OPEN,2996,2921,2875,3157,2863,3056,2891,9268.789809,8459.454855,8012.295082,11443.283582,7901.136364,10000.384986,8163.953488,-0.194499,0.104543,0.019375,0.112777,-0.010993,0.126451,-0.033780
544050,66.9953,26,Middle_C2_Open,Middle,open,2,0.9953,Middle cycle 2: OPEN,2984,2878,2904,3210,2870,3093,2890,9131.953195,8040.427280,8290.176322,12332.203390,7965.714286,10495.209581,8154.356846,-0.206391,0.049831,0.054728,0.199218,-0.002910,0.182189,-0.034915
544100,67.1827,26,Middle_C2_Open,Middle,open,2,1.1827,Middle cycle 2: OPEN,2983,2898,2921,3243,2875,3139,2881,9120.683453,8231.578947,8459.454855,12941.549296,8012.295082,11163.807531,8068.698517,-0.207371,0.074789,0.076265,0.258472,0.002921,0.257500,-0.045053
544150,67.1827,26,Middle_C2_Open,Middle,open,2,1.1827,Middle cycle 2: OPEN,2980,2919,2915,3250,2866,3156,2885,9086.995516,8439.285714,8399.152542,13076.923077,7928.722539,11427.476038,8106.611570,-0.210298,0.101909,0.068593,0.271636,-0.007540,0.287200,-0.040566
544200,67.1827,26,Middle_C2_Open,Middle,open,2,1.1827,Middle cycle 2: OPEN,2966,2910,2951,3214,2881,3171,2889,8932.152347,8349.367089,8770.454545,12403.632236,8068.698517,11668.181818,8144.776119,-0.223755,0.090169,0.115833,0.206163,0.009981,0.314313,-0.036049
544250,67.2152,26,Middle_C2_Open,Middle,open,2,1.2152,Middle cycle 2: OPEN,2972,2928,2944,3209,2877,3134,2880,8998.040962,8530.591260,8696.437880,12314.446953,8031.034483,11088.033299,8059.259259,-0.218029,0.113831,0.106416,0.197491,0.005267,0.248965,-0.046170
544300,67.2701,26,Middle_C2_Open,Middle,open,2,1.2701,Middle cycle 2: OPEN,2968,2912,2948,3203,2871,3149,2891,8954.037267,8369.230769,8738.622493,12208.744395,7975.000000,11317.758985,8163.953488,-0.221853,0.092762,0.111783,0.187212,-0.001747,0.274841,-0.033780
544350,67.4333,26,Middle_C2_Open,Middle,open,2,1.4333,Middle cycle 2: OPEN,2958,2897,2960,3221,2878,3147,2892,8845.382586,8221.869783,8866.960352,12530.205950,8040.427280,11286.708861,8173.566085,-0.231295,0.073522,0.128111,0.218472,0.006442,0.271344,-0.032642
544400,67.4334,26,Middle_C2_Open,Middle,open,2,1.4334,Middle cycle 2: OPEN,2967,2903,2977,3217,2874,3121,2888,8943.085106,8280.369128,9053.488372,12457.630979,8002.948403,10894.661191,8135.211268,-0.222805,0.081160,0.151842,0.211414,0.001751,0.227183,-0.037181
544450,67.4334,26,Middle_C2_Open,Middle,open,2,1.4334,Middle cycle 2: OPEN,2964,2895,2958,3198,2863,3127,2900,8910.344828,8202.500000,8845.382586,12121.739130,7901.136364,10983.264463,8251.046025,-0.225650,0.070993,0.125365,0.178751,-0.010993,0.237164,-0.023472
544500,67.4759,26,Middle_C2_Open,Middle,open,2,1.4759,Middle cycle 2: OPEN,2953,2884,2959,3189,2875,3126,2895,8791.768827,8097.109827,8856.161972,11967.549669,8012.295082,10968.421053,8202.500000,-0.235955,0.057232,0.126737,0.163758,0.002921,0.235492,-0.029218
544550,67.5075,26,Middle_C2_Open,Middle,open,2,1.5075,Middle cycle 2: OPEN,2960,2886,2955,3198,2874,3143,2883,8866.960352,8116.129032,8813.157895,12121.739130,8002.948403,11225.000000,8087.623762,-0.229420,0.059715,0.121265,0.178751,0.001751,0.264393,-0.042813
544600,67.5509,26,Middle_C2_Open,Middle,open,2,1.5509,Middle cycle 2: OPEN,2959,2875,2932,3174,2866,3141,2891,8856.161972,8012.295082,8571.625107,11717.263844,7928.722539,11194.339623,8163.953488,-0.230359,0.046158,0.090536,0.139419,-0.007540,0.260939,-0.033780
544650,67.6941,26,Middle_C2_Open,Middle,open,2,1.6941,Middle cycle 2: OPEN,2953,2866,2931,3146,2879,3122,2890,8791.768827,7928.722539,8561.340206,11271.232877,8049.835526,10909.352518,8154.356846,-0.235955,0.035246,0.089228,0.096046,0.007620,0.228838,-0.034915
544700,67.6942,26,Middle_C2_Open,Middle,open,2,1.6942,Middle cycle 2: OPEN,2959,2875,2953,3147,2878,3088,2881,8856.161972,8012.295082,8791.768827,11286.708861,8040.427280,10426.216485,8068.698517,-0.230359,0.046158,0.118544,0.097551,0.006442,0.174417,-0.045053
544750,67.7043,26,Middle_C2_Open,Middle,open,2,1.7043,Middle cycle 2: OPEN,2958,2885,2955,3164,2871,3122,2890,8845.382586,8106.611570,8813.157895,11554.887218,7975.000000,10909.352518,8154.356846,-0.231295,0.058472,0.121265,0.123629,-0.001747,0.228838,-0.034915
544800,67.7479,26,Middle_C2_Open,Middle,open,2,1.7479,Middle cycle 2: OPEN,2948,2902,2975,3188,2876,3135,2888,8738.622493,8270.578374,9031.250000,11950.606395,8021.657096,11103.125000,8135.211268,-0.240573,0.079881,0.149013,0.162110,0.004093,0.250665,-0.037181
544850,67.9449,26,Middle_C2_Open,Middle,open,2,1.9449,Middle cycle 2: OPEN,2955,2894,2947,3163,2873,3149,2879,8813.157895,8192.839301,8728.048780,11538.841202,7993.617021,11317.758985,8049.835526,-0.234096,0.069731,0.110437,0.122069,0.000583,0.274841,-0.047286
544900,67.9450,26,Middle_C2_Open,Middle,open,2,1.9450,Middle cycle 2: OPEN,2949,2873,2946,3139,2864,3166,2887,8749.214660,7993.617021,8717.493473,11163.807531,7910.316816,11587.082885,8125.662252,-0.239653,0.043719,0.109094,0.085600,-0.009844,0.305178,-0.038311
544950,67.9450,26,Middle_C2_Open,Middle,open,2,1.9450,Middle cycle 2: OPEN,2942,2863,2955,3156,2870,3149,2888,8675.455334,7901.136364,8813.157895,11427.476038,7965.714286,11317.758985,8135.211268,-0.246063,0.031644,0.121265,0.111239,-0.002910,0.274841,-0.037181
545000,67.9771,26,Middle_C2_Open,Middle,open,2,1.9771,Middle cycle 2: OPEN,2951,2869,2901,3163,2873,3123,2875,8770.454545,7956.443719,8260.804020,11538.841202,7993.617021,10924.074074,8012.295082,-0.237807,0.038865,0.050992,0.122069,0.000583,0.230496,-0.051729
545050,68.0277,27,Middle_C2_Bend,Middle,bend,2,0.0277,Middle cycle 2: BEND Middle,2949,2866,2878,3156,2863,3131,2889,8749.214660,7928.722539,8040.427280,11427.476038,7901.136364,11042.946058,8144.776119,-0.239653,0.035246,0.022954,0.111239,-0.010993,0.243886,-0.036049
545100,68.0602,27,Middle_C2_Bend,Middle,bend,2,0.0602,Middle cycle 2: BEND Middle,2938,2851,2899,3166,2873,3152,2886,8633.707865,7792.122186,8241.304348,11587.082885,7993.617021,11364.581124,8116.129032,-0.249691,0.017410,0.048511,0.126760,0.000583,0.280116,-0.039440
545150,68.2138,27,Middle_C2_Bend,Middle,bend,2,0.2138,Middle cycle 2: BEND Middle,2949,2866,2888,3182,2874,3141,2880,8749.214660,7928.722539,8135.211268,11849.726177,8002.948403,11194.339623,8059.259259,-0.239653,0.035246,0.035013,0.152300,0.001751,0.260939,-0.046170
545200,68.2139,27,Middle_C2_Bend,Middle,bend,2,0.2139,Middle cycle 2: BEND Middle,2946,2878,2865,3165,2866,3141,2886,8717.493473,8040.427280,7919.512195,11570.967742,7928.722539,11194.339623,8116.129032,-0.242410,0.049831,0.007570,0.125193,-0.007540,0.260939,-0.039440
545250,68.2139,27,Middle_C2_Bend,Middle,bend,2,0.2139,Middle cycle 2: BEND Middle,2932,2859,2879,3183,2873,3118,2887,8571.625107,7864.563107,8049.835526,11866.447368,7993.617021,10850.767656,8125.662252,-0.255086,0.026868,0.024151,0.153926,0.000583,0.222239,-0.038311
545300,68.2793,27,Middle_C2_Bend,Middle,bend,2,0.2793,Middle cycle 2: BEND Middle,2942,2864,2879,3178,2874,3112,2877,8675.455334,7910.316816,8049.835526,11783.206107,8002.948403,10763.784334,8031.034483,-0.246063,0.032842,0.024151,0.145832,0.001751,0.212441,-0.049511
545350,68.3007,27,Middle_C2_Bend,Middle,bend,2,0.3007,Middle cycle 2: BEND Middle,2945,2862,2883,3160,2862,3094,2885,8706.956522,7891.970803,8087.623762,11490.909091,7891.970803,10509.090909,8106.611570,-0.243325,0.030447,0.028958,0.117408,-0.012140,0.183752,-0.040566
545400,68.4506,27,Middle_C2_Bend,Middle,bend,2,0.4506,Middle cycle 2: BEND Middle,2933,2854,2887,3149,2874,3108,2882,8581.927711,7819.178082,8125.662252,11317.758985,8002.948403,10706.382979,8078.153339,-0.254191,0.020943,0.033798,0.100570,0.001751,0.205976,-0.043934
545450,68.4507,27,Middle_C2_Bend,Middle,bend,2,0.4507,Middle cycle 2: BEND Middle,2944,2861,2891,3159,2871,3091,2884,8696.437880,7882.820097,8163.953488,11475.000000,7975.000000,10467.529880,8097.109827,-0.244239,0.029252,0.038670,0.115861,-0.001747,0.179071,-0.041691
545500,68.5051,27,Middle_C2_Bend,Middle,bend,2,0.5051,Middle cycle 2: BEND Middle,2942,2859,2878,3151,2863,3071,2886,8675.455334,7864.563107,8040.427280,11348.940678,7901.136364,10196.679688,8116.129032,-0.246063,0.026868,0.022954,0.103602,-0.010993,0.148562,-0.039440
545550,68.5379,27,Middle_C2_Bend,Middle,bend,2,0.5379,Middle cycle 2: BEND Middle,2932,2852,2882,3181,2868,3052,2886,8571.625107,7801.126307,8078.153339,11833.041575,7947.188264,9948.993289,8116.129032,-0.255086,0.018586,0.027754,0.150678,-0.005229,0.120663,-0.039440
545600,68.5696,27,Middle_C2_Bend,Middle,bend,2,0.5696,Middle cycle 2: BEND Middle,2947,2858,2872,3180,2869,3063,2878,8728.048780,7855.456750,7984.300899,11816.393443,7956.443719,10091.279070,8040.427280,-0.241492,0.025679,0.015813,0.149059,-0.004070,0.136690,-0.048399
545650,68.7065,27,Middle_C2_Bend,Middle,bend,2,0.7065,Middle cycle 2: BEND Middle,2947,2855,2871,3181,2863,3078,2886,8728.048780,7828.225806,7975.000000,11833.041575,7901.136364,10290.265487,8116.129032,-0.241492,0.022124,0.014630,0.150678,-0.010993,0.159104,-0.039440
545700,68.7065,27,Middle_C2_Bend,Middle,bend,2,0.7065,Middle cycle 2: BEND Middle,2941,2848,2854,3177,2869,3094,2880,8664.991334,7765.196472,7819.178082,11766.666667,7956.443719,10509.090909,8059.259259,-0.246972,0.013894,-0.005195,0.144223,-0.004070,0.183752,-0.046170
545750,68.7066,27,Middle_C2_Bend,Middle,bend,2,0.7066,Middle cycle 2: BEND Middle,2946,2860,2855,3194,2865,3074,2872,8717.493473,7873.684211,7828.225806,12052.830189,7919.512195,10236.630754,7984.300899,-0.242410,0.028059,-0.004044,0.172051,-0.008693,0.153062,-0.055042
545800,68.7610,27,Middle_C2_Bend,Middle,bend,2,0.7610,Middle cycle 2: BEND Middle,2940,2859,2840,3170,2860,3082,2880,8654.545455,7864.563107,7694.023904,11651.891892,7873.684211,10344.323791,8059.259259,-0.247880,0.026868,-0.021118,0.133062,-0.014429,0.165193,-0.046170
545850,68.8051,27,Middle_C2_Bend,Middle,bend,2,0.8051,Middle cycle 2: BEND Middle,2928,2834,2848,3170,2865,3065,2879,8530.591260,7641.237113,7765.196472,11651.891892,7919.512195,10117.475728,8049.835526,-0.258652,-0.002291,-0.012063,0.133062,-0.008693,0.139641,-0.047286
545900,68.9706,27,Middle_C2_Bend,Middle,bend,2,0.9706,Middle cycle 2: BEND Middle,2937,2832,2848,3174,2865,3055,2865,8623.316062,7623.752969,7765.196472,11717.263844,7919.512195,9987.500000,7919.512195,-0.250594,-0.004574,-0.012063,0.139419,-0.008693,0.125000,-0.062710
545950,68.9706,27,Middle_C2_Bend,Middle,bend,2,0.9706,Middle cycle 2: BEND Middle,2944,2838,2846,3166,2858,3082,2876,8696.437880,7676.372315,7747.317854,11587.082885,7855.456750,10344.323791,8021.657096,-0.244239,0.002297,-0.014337,0.126760,-0.016711,0.165193,-0.050621
546000,68.9706,27,Middle_C2_Bend,Middle,bend,2,0.9706,Middle cycle 2: BEND Middle,2949,2845,2871,3190,2866,3092,2879,8749.214660,7738.400000,7975.000000,11984.530387,7928.722539,10481.355932,8049.835526,-0.239653,0.010395,0.014630,0.165409,-0.007540,0.180628,-0.047286
546050,69.0149,27,Middle_C2_Bend,Middle,bend,2,1.0149,Middle cycle 2: BEND Middle,2957,2864,2903,3201,2869,3030,2869,8834.622144,7910.316816,8280.369128,12173.825503,7956.443719,9673.239437,7956.443719,-0.232231,0.032842,0.053481,0.183816,-0.004070,0.089601,-0.058339
546100,69.0590,27,Middle_C2_Bend,Middle,bend,2,1.0590,Middle cycle 2: BEND Middle,2947,2835,2860,3195,2859,3082,2879,8728.048780,7650.000000,7873.684211,12070.000000,7864.563107,10344.323791,8049.835526,-0.241492,-0.001147,0.001740,0.173720,-0.015571,0.165193,-0.047286
546150,69.2234,27,Middle_C2_Bend,Middle,bend,2,1.2234,Middle cycle 2: BEND Middle,2942,2840,2913,3244,2867,3126,2879,8675.455334,7694.023904,8379.187817,12960.752056,7937.947883,10968.421053,8049.835526,-0.246063,0.004601,0.066053,0.260339,-0.006385,0.235492,-0.047286
546200,69.2235,27,Middle_C2_Bend,Middle,bend,2,1.2235,Middle cycle 2: BEND Middle,2964,2863,2871,3219,2876,3153,2880,8910.344828,7901.136364,7975.000000,12493.835616,8021.657096,11380.254777,8059.259259,-0.225650,0.031644,0.014630,0.214935,0.004093,0.281881,-0.046170
546250,69.2235,27,Middle_C2_Bend,Middle,bend,2,1.2235,Middle cycle 2: BEND Middle,2966,2913,2858,3243,2875,3215,2886,8932.152347,8379.187817,7855.456750,12941.549296,8012.295082,12421.590909,8116.129032,-0.223755,0.094062,-0.000579,0.258472,0.002921,0.399178,-0.039440
546300,69.2554,27,Middle_C2_Bend,Middle,bend,2,1.2554,Middle cycle 2: BEND Middle,2960,2926,2865,3280,2876,3181,2892,8866.960352,8510.179641,7919.512195,13683.435583,8021.657096,11833.041575,8173.566085,-0.229420,0.111166,0.007570,0.330615,0.004093,0.332883,-0.032642
546350,69.3099,27,Middle_C2_Bend,Middle,bend,2,1.3099,Middle cycle 2: BEND Middle,2975,2991,2864,3214,2877,3114,2879,9031.250000,9211.413043,7910.316816,12403.632236,8031.034483,10792.660550,8049.835526,-0.215143,0.202725,0.006400,0.206163,0.005267,0.215694,-0.047286
546400,69.4748,27,Middle_C2_Bend,Middle,bend,2,1.4748,Middle cycle 2: BEND Middle,2981,3052,2849,3214,2868,3134,2888,9098.204668,9948.993289,7774.157303,12403.632236,7947.188264,11088.033299,8135.211268,-0.209324,0.299030,-0.010923,0.206163,-0.005229,0.248965,-0.037181
546450,69.4749,27,Middle_C2_Bend,Middle,bend,2,1.4749,Middle cycle 2: BEND Middle,2968,3103,2841,3201,2874,3154,2887,8954.037267,10635.282258,7702.870813,12173.825503,8002.948403,11395.961743,8125.662252,-0.221853,0.388639,-0.019992,0.183816,0.001751,0.283650,-0.038311
546500,69.4749,27,Middle_C2_Bend,Middle,bend,2,1.4749,Middle cycle 2: BEND Middle,2969,3126,2837,3177,2874,3120,2874,8965.008881,10968.421053,7667.567568,11766.666667,8002.948403,10880.000000,8002.948403,-0.220899,0.432136,-0.024484,0.144223,0.001751,0.225532,-0.052835
546550,69.5077,27,Middle_C2_Bend,Middle,bend,2,1.5077,Middle cycle 2: BEND Middle,2966,3115,2825,3166,2864,3138,2884,8932.152347,10807.142857,7562.992126,11587.082885,7910.316816,11148.589342,8097.109827,-0.223755,0.411078,-0.037788,0.126760,-0.009844,0.255786,-0.041691
546600,69.5619,27,Middle_C2_Bend,Middle,bend,2,1.5619,Middle cycle 2: BEND Middle,2955,3131,2843,3177,2868,3133,2883,8813.157895,11042.946058,7720.607029,11766.666667,7947.188264,11072.972973,8087.623762,-0.234096,0.441867,-0.017736,0.144223,-0.005229,0.247269,-0.042813
546650,69.7308,27,Middle_C2_Bend,Middle,bend,2,1.7308,Middle cycle 2: BEND Middle,2961,3123,2839,3184,2872,3107,2874,8877.777778,10924.074074,7685.191083,11883.205269,7984.300899,10692.105263,8002.948403,-0.228480,0.426346,-0.022242,0.155556,-0.000583,0.204367,-0.052835
546700,69.7309,27,Middle_C2_Bend,Middle,bend,2,1.7309,Middle cycle 2: BEND Middle,2961,3115,2823,3182,2867,3084,2882,8877.777778,10807.142857,7545.754717,11849.726177,7937.947883,10371.513353,8078.153339,-0.228480,0.411078,-0.039982,0.152300,-0.006385,0.168256,-0.043934
546750,69.7309,27,Middle_C2_Bend,Middle,bend,2,1.7309,Middle cycle 2: BEND Middle,2952,3091,2836,3203,2873,3079,2880,8781.102362,10467.529880,7658.776807,12208.744395,7993.617021,10303.740157,8059.259259,-0.236882,0.366735,-0.025602,0.187212,0.000583,0.160622,-0.046170
546800,69.7641,27,Middle_C2_Bend,Middle,bend,2,1.7641,Middle cycle 2: BEND Middle,2960,3103,2831,3209,2877,3077,2866,8866.960352,10635.282258,7615.031646,12314.446953,8031.034483,10276.817289,7928.722539,-0.229420,0.388639,-0.031168,0.197491,0.005267,0.157589,-0.061620
546850,69.8082,27,Middle_C2_Bend,Middle,bend,2,1.8082,Middle cycle 2: BEND Middle,2956,3088,2811,3194,2865,3073,2876,8823.880597,10426.216485,7443.457944,12052.830189,7919.512195,10223.287671,8021.657096,-0.233164,0.361341,-0.052996,0.172051,-0.008693,0.151559,-0.050621
546900,69.9848,27,Middle_C2_Bend,Middle,bend,2,1.9848,Middle cycle 2: BEND Middle,2947,3056,2829,3193,2877,3068,2880,8728.048780,10000.384986,7597.630332,12035.698448,8031.034483,10156.962025,8059.259259,-0.241492,0.305741,-0.033382,0.170385,0.005267,0.144088,-0.046170
546950,69.9849,27,Middle_C2_Bend,Middle,bend,2,1.9849,Middle cycle 2: BEND Middle,2956,3063,2816,3176,2875,3054,2869,8823.880597,10091.279070,7485.848319,11750.163221,8012.295082,9974.639769,7956.443719,-0.233164,0.317609,-0.047603,0.142618,0.002921,0.123551,-0.058339
547000,69.9849,27,Middle_C2_Bend,Middle,bend,2,1.9849,Middle cycle 2: BEND Middle,2956,3063,2816,3186,2868,3089,2878,8823.880597,10091.279070,7485.848319,11916.831683,7947.188264,10439.960239,8040.427280,-0.233164,0.317609,-0.047603,0.158826,-0.005229,0.175965,-0.048399
547050,69.9950,27,Middle_C2_Bend,Middle,bend,2,1.9950,Middle cycle 2: BEND Middle,2945,3038,2827,3183,2880,3082,2876,8706.956522,9772.185430,7580.283912,11866.447368,8059.259259,10344.323791,8021.657096,-0.243325,0.275945,-0.035589,0.153926,0.008800,0.165193,-0.050621
547100,70.0659,28,Middle_C3_Open,Middle,open,3,0.0659,Middle cycle 3: OPEN,2958,3071,2825,3132,2875,3072,2864,8845.382586,10196.679688,7562.992126,11057.943925,8012.295082,10209.970674,7910.316816,-0.231295,0.331371,-0.037788,0.075305,0.002921,0.150059,-0.063798
547150,70.2536,28,Middle_C3_Open,Middle,open,3,0.2536,Middle cycle 3: OPEN,2957,3075,2818,3122,2869,3063,2874,8834.622144,10250.000000,7502.897416,10909.352518,7956.443719,10091.279070,8002.948403,-0.232231,0.338333,-0.045434,0.060856,-0.004070,0.136690,-0.052835
547200,70.2537,28,Middle_C3_Open,Middle,open,3,0.2537,Middle cycle 3: OPEN,2945,3058,2832,3172,2878,3082,2873,8706.956522,10026.229508,7623.752969,11684.507042,8040.427280,10344.323791,7993.617021,-0.243325,0.309115,-0.030058,0.136234,0.006442,0.165193,-0.053939
547250,70.2537,28,Middle_C3_Open,Middle,open,3,0.2537,Middle cycle 3: OPEN,2956,3040,2826,3159,2880,3057,2866,8823.880597,9797.156398,7571.631206,11475.000000,8059.259259,10013.294798,7928.722539,-0.233164,0.279205,-0.036689,0.115861,0.008800,0.127906,-0.061620
547300,70.2759,28,Middle_C3_Open,Middle,open,3,0.2759,Middle cycle 3: OPEN,2956,3048,2803,3175,2868,3066,2870,8823.880597,9897.994269,7376.315789,11733.695652,7947.188264,10130.612245,7965.714286,-0.233164,0.292372,-0.061539,0.141017,-0.005229,0.141120,-0.057242
547350,70.3299,28,Middle_C3_Open,Middle,open,3,0.3299,Middle cycle 3: OPEN,2946,3053,2823,3147,2876,3056,2871,8717.493473,9961.804223,7545.754717,11286.708861,8021.657096,10000.384986,7975.000000,-0.242410,0.300703,-0.039982,0.097551,0.004093,0.126451,-0.056143
547400,70.4911,28,Middle_C3_Open,Middle,open,3,0.4911,Middle cycle 3: OPEN,2955,3051,2830,3130,2873,3026,2865,8813.157895,9936.206897,7606.324111,11027.979275,7993.617021,9624.321796,7919.512195,-0.234096,0.297361,-0.032276,0.072391,0.000583,0.084091,-0.062710
547450,70.4912,28,Middle_C3_Open,Middle,open,3,0.4912,Middle cycle 3: OPEN,2953,3043,2816,3109,2867,3033,2878,8791.768827,9834.790875,7485.848319,10720.689655,7937.947883,9710.169492,8040.427280,-0.235955,0.284119,-0.047603,0.042510,-0.006385,0.093761,-0.048399
547500,70.4912,28,Middle_C3_Open,Middle,open,3,0.4912,Middle cycle 3: OPEN,2940,3025,2823,3123,2878,3032,2876,8654.545455,9612.149533,7545.754717,10924.074074,8040.427280,9697.836312,8021.657096,-0.247880,0.255049,-0.039982,0.062287,0.006442,0.092372,-0.050621
547550,70.5451,28,Middle_C3_Open,Middle,open,3,0.5451,Middle cycle 3: OPEN,2951,3024,2829,3114,2873,3029,2863,8770.454545,9600.000000,7597.630332,10792.660550,7993.617021,9660.975610,7901.136364,-0.237807,0.253463,-0.033382,0.049508,0.000583,0.088220,-0.064885
547600,70.5559,28,Middle_C3_Open,Middle,open,3,0.5559,Middle cycle 3: OPEN,2952,3027,2806,3098,2865,3041,2877,8781.102362,9636.516854,7401.396431,10564.894684,7919.512195,9809.677419,8031.034483,-0.236882,0.258231,-0.058348,0.027360,-0.008693,0.104970,-0.049511
547650,70.5995,28,Middle_C3_Open,Middle,open,3,0.5995,Middle cycle 3: OPEN,2945,3021,2821,3102,2877,3025,2871,8706.956522,9563.687151,7528.571429,10621.148036,8031.034483,9612.149533,7975.000000,-0.243325,0.248721,-0.042168,0.032830,0.005267,0.082720,-0.056143
547700,70.7454,28,Middle_C3_Open,Middle,open,3,0.7454,Middle cycle 3: OPEN,2952,3020,2812,3055,2876,3000,2863,8781.102362,9551.627907,7451.909587,9987.500000,8021.657096,9315.068493,7901.136364,-0.236882,0.247147,-0.051921,-0.028788,0.004093,0.049257,-0.064885
547750,70.7455,28,Middle_C3_Open,Middle,open,3,0.7455,Middle cycle 3: OPEN,2952,3028,2804,3044,2867,3018,2878,8781.102362,9648.734770,7384.663052,9847.383444,7937.947883,9527.576602,8040.427280,-0.236882,0.259826,-0.060477,-0.042413,-0.006385,0.073194,-0.048399
547800,70.7455,28,Middle_C3_Open,Middle,open,3,0.7455,Middle cycle 3: OPEN,2941,3011,2822,3087,2878,3007,2871,8664.991334,9444.095941,7537.156324,10412.500000,8040.427280,9396.875000,7975.000000,-0.246972,0.233106,-0.041075,0.012540,0.006442,0.058472,-0.056143
547850,70.8220,28,Middle_C3_Open,Middle,open,3,0.8220,Middle cycle 3: OPEN,2951,3012,2817,3103,2875,2995,2865,8770.454545,9455.955679,7494.366197,10635.282258,8012.295082,9257.272727,7919.512195,-0.237807,0.234655,-0.046519,0.034204,0.002921,0.042747,-0.062710
547900,70.8548,28,Middle_C3_Open,Middle,open,3,0.8548,Middle cycle 3: OPEN,2950,3012,2816,3125,2865,3052,2879,8759.825328,9455.955679,7485.848319,10953.608247,7919.512195,9948.993289,8049.835526,-0.238731,0.234655,-0.047603,0.065159,-0.008693,0.120663,-0.047286
547950,71.0118,28,Middle_C3_Open,Middle,open,3,1.0118,Middle cycle 3: OPEN,2943,3011,2845,3153,2875,3046,2879,8685.937500,9444.095941,7738.400000,11380.254777,8012.295082,9872.640610,8049.835526,-0.245152,0.233106,-0.015472,0.106647,0.002921,0.112062,-0.047286
548000,71.0118,28,Middle_C3_Open,Middle,open,3,1.0118,Middle cycle 3: OPEN,2948,3021,2844,3154,2878,3097,2869,8738.622493,9563.687151,7729.496403,11395.961743,8040.427280,10550.901804,7956.443719,-0.240573,0.248721,-0.016605,0.108175,0.006442,0.188462,-0.058339
548050,71.0445,28,Middle_C3_Open,Middle,open,3,1.0445,Middle cycle 3: OPEN,2949,3029,2829,3177,2868,3103,2884,8749.214660,9660.975610,7597.630332,11766.666667,7947.188264,10635.282258,8097.109827,-0.239653,0.261424,-0.033382,0.144223,-0.005229,0.197967,-0.041691
548100,71.0655,28,Middle_C3_Open,Middle,open,3,1.0655,Middle cycle 3: OPEN,2950,3008,2867,3133,2875,3092,2885,8759.825328,9408.647654,7937.947883,11072.972973,8012.295082,10481.355932,8106.611570,-0.238731,0.228478,0.009916,0.076767,0.002921,0.180628,-0.040566
548150,71.2602,28,Middle_C3_Open,Middle,open,3,1.2602,Middle cycle 3: OPEN,2962,3029,2870,3141,2878,3130,2872,8888.614298,9660.975610,7965.714286,11194.339623,8040.427280,11027.979275,7984.300899,-0.227538,0.261424,0.013448,0.088569,0.006442,0.242200,-0.055042
548200,71.2602,28,Middle_C3_Open,Middle,open,3,1.2602,Middle cycle 3: OPEN,2975,3034,2867,3153,2866,3091,2881,9031.250000,9722.525919,7937.947883,11380.254777,7928.722539,10467.529880,8068.698517,-0.215143,0.269461,0.009916,0.106647,-0.007540,0.179071,-0.045053
548250,71.2602,28,Middle_C3_Open,Middle,open,3,1.2602,Middle cycle 3: OPEN,2984,3029,2929,3218,2876,3065,2884,9131.953195,9660.975610,8540.823328,12475.712657,8021.657096,10117.475728,8097.109827,-0.206391,0.261424,0.086617,0.213173,0.004093,0.139641,-0.041691
548300,71.2603,28,Middle_C3_Open,Middle,open,3,1.2603,Middle cycle 3: OPEN,3013,3061,2969,3211,2872,3118,2881,9467.837338,10065.183752,8965.008881,12350.000000,7984.300899,10850.767656,8068.698517,-0.177201,0.314201,0.140585,0.200948,-0.000583,0.222239,-0.045053
548350,71.3032,28,Middle_C3_Open,Middle,open,3,1.3032,Middle cycle 3: OPEN,3006,3100,2967,3147,2862,3147,2895,9385.123967,10592.964824,8943.085106,11286.708861,7891.970803,11286.708861,8202.500000,-0.184389,0.383113,0.137796,0.097551,-0.012140,0.271344,-0.029218
548400,71.3467,28,Middle_C3_Open,Middle,open,3,1.3467,Middle cycle 3: OPEN,2990,3129,2938,3191,2865,3156,2895,9200.000000,11013.043478,8633.707865,12001.548673,7919.512195,11427.476038,8202.500000,-0.200478,0.437962,0.098435,0.167064,-0.008693,0.287200,-0.029218
548450,71.5234,28,Middle_C3_Open,Middle,open,3,1.5234,Middle cycle 3: OPEN,2998,3101,2945,3151,2864,3143,2895,9291.886964,10607.042254,8706.956522,11348.940678,7910.316816,11225.000000,8202.500000,-0.192492,0.384951,0.107754,0.103602,-0.009844,0.264393,-0.029218
548500,71.5235,28,Middle_C3_Open,Middle,open,3,1.5235,Middle cycle 3: OPEN,3022,3085,2926,3125,2860,3120,2894,9575.768872,10385.148515,8510.179641,10953.608247,7873.684211,10880.000000,8192.839301,-0.167822,0.355979,0.082719,0.065159,-0.014429,0.225532,-0.030361
548550,71.5235,28,Middle_C3_Open,Middle,open,3,1.5235,Middle cycle 3: OPEN,3004,3060,2915,3137,2867,3100,2926,9361.686526,10052.173913,8399.152542,11133.402923,7937.947883,10592.964824,8510.179641,-0.186426,0.312503,0.068593,0.082643,-0.006385,0.193200,0.007197
548600,71.5780,28,Middle_C3_Open,Middle,open,3,1.5780,Middle cycle 3: OPEN,2992,3042,2916,3164,2866,3112,2905,9222.846782,9822.222222,8409.160305,11554.887218,7928.722539,10763.784334,8300.000000,-0.198492,0.282478,0.069866,0.123629,-0.007540,0.212441,-0.017678
548650,71.6209,28,Middle_C3_Open,Middle,open,3,1.6209,Middle cycle 3: OPEN,2987,3042,2919,3126,2862,3110,2917,9165.884477,9822.222222,8439.285714,10968.421053,7891.970803,10735.025381,8419.185059,-0.203442,0.282478,0.073699,0.066600,-0.012140,0.209202,-0.003572
548700,71.7764,28,Middle_C3_Open,Middle,open,3,1.7764,Middle cycle 3: OPEN,2974,3036,2932,3153,2867,3098,2924,9020.160571,9747.308782,8571.625107,11380.254777,7937.947883,10564.894684,8489.837746,-0.216106,0.272697,0.090536,0.106647,-0.006385,0.190038,0.004789
548750,71.7764,28,Middle_C3_Open,Middle,open,3,1.7764,Middle cycle 3: OPEN,2983,3037,2926,3148,2865,3098,2904,9120.683453,9759.735350,8510.179641,11302.217529,7919.512195,10564.894684,8290.176322,-0.207371,0.274319,0.082719,0.099059,-0.008693,0.190038,-0.018841
548800,71.7765,28,Middle_C3_Open,Middle,open,3,1.7765,Middle cycle 3: OPEN,2982,3022,2899,3104,2861,3100,2915,9109.433962,9575.768872,8241.304348,10649.445005,7882.820097,10592.964824,8399.152542,-0.208348,0.250299,0.048511,0.035581,-0.013286,0.193200,-0.005943
548850,71.7978,28,Middle_C3_Open,Middle,open,3,1.7978,Middle cycle 3: OPEN,2965,3013,2913,3120,2863,3084,2915,8921.238938,9467.837338,8379.187817,10880.000000,7901.136364,10371.513353,8399.152542,-0.224703,0.236206,0.066053,0.058001,-0.010993,0.168256,-0.005943
548900,71.8642,28,Middle_C3_Open,Middle,open,3,1.8642,Middle cycle 3: OPEN,2976,3009,2924,3130,2861,3086,2906,9042.359249,9420.441989,8489.837746,11027.979275,7882.820097,10398.810704,8309.840202,-0.214177,0.230018,0.080131,0.072391,-0.013286,0.171330,-0.016514
548950,72.0345,29,Middle_C3_Bend,Middle,bend,3,0.0345,Middle cycle 3: BEND Middle,2977,3005,2922,3111,2858,3097,2914,9053.488372,9373.394495,8469.565217,10749.390244,7855.456750,10550.901804,8389.161727,-0.213210,0.223875,0.077551,0.045300,-0.016711,0.188462,-0.007126
549000,72.0348,29,Middle_C3_Bend,Middle,bend,3,0.0348,Middle cycle 3: BEND Middle,2962,2991,2940,3107,2865,3085,2911,8888.614298,9211.413043,8654.545455,10692.105263,7919.512195,10385.148515,8359.290541,-0.227538,0.202725,0.101086,0.039730,-0.008693,0.169791,-0.010661
549050,72.0349,29,Middle_C3_Bend,Middle,bend,3,0.0349,Middle cycle 3: BEND Middle,2969,2993,2928,3093,2863,3073,2902,8965.008881,9234.301270,8530.591260,10495.209581,7901.136364,10223.287671,8270.578374,-0.220899,0.205714,0.085316,0.020583,-0.010993,0.151559,-0.021160
549100,72.0568,29,Middle_C3_Bend,Middle,bend,3,0.0568,Middle cycle 3: BEND Middle,2967,2993,2901,3082,2856,3096,2911,8943.085106,9234.301270,8260.804020,10344.323791,7837.288136,10536.936937,8359.290541,-0.222805,0.205714,0.050992,0.005911,-0.018985,0.186889,-0.010661
549150,72.1006,29,Middle_C3_Bend,Middle,bend,3,0.1006,Middle cycle 3: BEND Middle,2954,2977,2907,3088,2865,3061,2909,8802.453988,9053.488372,8319.696970,10426.216485,7919.512195,10065.183752,8339.460371,-0.235026,0.182105,0.058484,0.013874,-0.008693,0.133750,-0.013008
549200,72.3039,29,Middle_C3_Bend,Middle,bend,3,0.3039,Middle cycle 3: BEND Middle,2966,2984,2908,3069,2863,3080,2897,8932.152347,9131.953195,8329.570345,10170.175439,7901.136364,10317.241379,8221.869783,-0.223755,0.192350,0.059740,-0.011024,-0.010993,0.162142,-0.026925
549250,72.3039,29,Middle_C3_Bend,Middle,bend,3,0.3039,Middle cycle 3: BEND Middle,2960,2989,2900,3067,2854,3071,2911,8866.960352,9188.607595,8251.046025,10143.774319,7819.178082,10196.679688,8359.290541,-0.229420,0.199748,0.049750,-0.013591,-0.021252,0.148562,-0.010661
549300,72.3040,29,Middle_C3_Bend,Middle,bend,3,0.3040,Middle cycle 3: BEND Middle,2948,2980,2905,3082,2864,3070,2913,8738.622493,9086.995516,8300.000000,10344.323791,7910.316816,10183.414634,8379.187817,-0.240573,0.186480,0.055978,0.005911,-0.009844,0.147068,-0.008306
549350,72.3151,29,Middle_C3_Bend,Middle,bend,3,0.3151,Middle cycle 3: BEND Middle,2957,2989,2914,3061,2864,3093,2905,8834.622144,9188.607595,8389.161727,10065.183752,7910.316816,10495.209581,8300.000000,-0.232231,0.199748,0.067322,-0.021234,-0.009844,0.182189,-0.017678
549400,72.3596,29,Middle_C3_Bend,Middle,bend,3,0.3596,Middle cycle 3: BEND Middle,2953,2985,2902,3070,2860,3090,2914,8791.768827,9143.243243,8270.578374,10183.414634,7873.684211,10453.731343,8389.161727,-0.235955,0.193824,0.052235,-0.009737,-0.014429,0.177517,-0.007126
549450,72.5492,29,Middle_C3_Bend,Middle,bend,3,0.5492,Middle cycle 3: BEND Middle,2944,2976,2912,3122,2865,3088,2913,8696.437880,9042.359249,8369.230769,10909.352518,7919.512195,10426.216485,8379.187817,-0.244239,0.180652,0.064786,0.060856,-0.008693,0.174417,-0.008306
549500,72.5493,29,Middle_C3_Bend,Middle,bend,3,0.5493,Middle cycle 3: BEND Middle,2953,2982,2908,3117,2866,3072,2902,8791.768827,9109.433962,8329.570345,10836.196319,7928.722539,10209.970674,8270.578374,-0.235955,0.189410,0.059740,0.053742,-0.007540,0.150059,-0.021160
549550,72.5494,29,Middle_C3_Bend,Middle,bend,3,0.5494,Middle cycle 3: BEND Middle,2955,2975,2908,3105,2859,3098,2912,8813.157895,9031.250000,8329.570345,10663.636364,7864.563107,10564.894684,8369.230769,-0.234096,0.179202,0.059740,0.036961,-0.015571,0.190038,-0.009485
549600,72.5821,29,Middle_C3_Bend,Middle,bend,3,0.5821,Middle cycle 3: BEND Middle,2945,2962,2910,3091,2865,3075,2910,8706.956522,8888.614298,8349.367089,10467.529880,7919.512195,10250.000000,8349.367089,-0.243325,0.160578,0.062259,0.017892,-0.008693,0.154568,-0.011836
549650,72.6260,29,Middle_C3_Bend,Middle,bend,3,0.6260,Middle cycle 3: BEND Middle,2953,2970,2895,3075,2864,3072,2899,8791.768827,8976.000000,8202.500000,10250.000000,7910.316816,10209.970674,8241.304348,-0.235955,0.171988,0.043574,-0.003262,-0.009844,0.150059,-0.024625
549700,72.8028,29,Middle_C3_Bend,Middle,bend,3,0.8028,Middle cycle 3: BEND Middle,2958,2977,2877,3066,2859,3073,2908,8845.382586,9053.488372,8031.034483,10130.612245,7864.563107,10223.287671,8329.570345,-0.231295,0.182105,0.021759,-0.014871,-0.015571,0.151559,-0.014179
549750,72.8029,29,Middle_C3_Bend,Middle,bend,3,0.8029,Middle cycle 3: BEND Middle,2948,2961,2884,3077,2864,3090,2907,8738.622493,8877.777778,8097.109827,10276.817289,7910.316816,10453.731343,8319.696970,-0.240573,0.159163,0.030165,-0.000654,-0.009844,0.177517,-0.015347
549800,72.8029,29,Middle_C3_Bend,Middle,bend,3,0.8029,Middle cycle 3: BEND Middle,2959,2964,2880,3083,2864,3086,2898,8856.161972,8910.344828,8059.259259,10357.905138,7910.316816,10398.810704,8231.578947,-0.230359,0.163415,0.025350,0.007231,-0.009844,0.171330,-0.025776
549850,72.8029,29,Middle_C3_Bend,Middle,bend,3,0.8029,Middle cycle 3: BEND Middle,2954,2969,2891,3062,2856,3075,2911,8802.453988,8965.008881,8163.953488,10078.218780,7837.288136,10250.000000,8359.290541,-0.235026,0.170553,0.038670,-0.019966,-0.018985,0.154568,-0.010661
549900,72.8679,29,Middle_C3_Bend,Middle,bend,3,0.8679,Middle cycle 3: BEND Middle,2941,2959,2890,3089,2865,3079,2911,8664.991334,8856.161972,8154.356846,10439.960239,7919.512195,10303.740157,8359.290541,-0.246972,0.156341,0.037449,0.015211,-0.008693,0.160622,-0.010661
549950,72.9119,29,Middle_C3_Bend,Middle,bend,3,0.9119,Middle cycle 3: BEND Middle,2952,2957,2900,3087,2863,3056,2900,8781.102362,8834.622144,8251.046025,10412.500000,7901.136364,10000.384986,8251.046025,-0.236882,0.153528,0.049750,0.012540,-0.010993,0.126451,-0.023472
550000,73.0501,29,Middle_C3_Bend,Middle,bend,3,1.0501,Middle cycle 3: BEND Middle,2948,2952,2891,3064,2853,3054,2909,8738.622493,8781.102362,8163.953488,10104.364694,7810.144928,9974.639769,8339.460371,-0.240573,0.146540,0.038670,-0.017424,-0.022383,0.123551,-0.013008
550050,73.0501,29,Middle_C3_Bend,Middle,bend,3,1.0501,Middle cycle 3: BEND Middle,2942,2941,2900,3047,2863,3066,2909,8675.455334,8664.991334,8251.046025,9885.305344,7901.136364,10130.612245,8339.460371,-0.246063,0.131380,0.049750,-0.038726,-0.010993,0.141120,-0.013008
550100,73.0609,29,Middle_C3_Bend,Middle,bend,3,1.0609,Middle cycle 3: BEND Middle,2955,2958,2940,3055,2864,3074,2897,8813.157895,8845.382586,8654.545455,9987.500000,7910.316816,10236.630754,8221.869783,-0.234096,0.154933,0.101086,-0.028788,-0.009844,0.153062,-0.026925
550150,73.1265,29,Middle_C3_Bend,Middle,bend,3,1.1265,Middle cycle 3: BEND Middle,2955,2968,2913,3049,2853,3073,2908,8813.157895,8954.037267,8379.187817,9910.707457,7810.144928,10223.287671,8329.570345,-0.234096,0.169120,0.066053,-0.036255,-0.022383,0.151559,-0.014179
550200,73.1703,29,Middle_C3_Bend,Middle,bend,3,1.1703,Middle cycle 3: BEND Middle,2946,2973,2935,3160,2866,3102,2908,8717.493473,9009.090909,8602.586207,11490.909091,7928.722539,10621.148036,8329.570345,-0.242410,0.176308,0.094475,0.117408,-0.007540,0.196375,-0.014179
550250,73.3157,29,Middle_C3_Bend,Middle,bend,3,1.3157,Middle cycle 3: BEND Middle,2960,2972,2934,3184,2863,3118,2900,8866.960352,8998.040962,8592.248062,11883.205269,7901.136364,10850.767656,8251.046025,-0.229420,0.174866,0.093160,0.155556,-0.010993,0.222239,-0.023472
550300,73.3157,29,Middle_C3_Bend,Middle,bend,3,1.3157,Middle cycle 3: BEND Middle,2963,2979,2862,3118,2862,3144,2908,8899.469965,9075.806452,7891.970803,10850.767656,7891.970803,11240.378549,8329.570345,-0.226595,0.185019,0.004066,0.055159,-0.012140,0.266125,-0.014179
550350,73.3157,29,Middle_C3_Bend,Middle,bend,3,1.3157,Middle cycle 3: BEND Middle,2961,2964,2902,3160,2869,3111,2905,8877.777778,8910.344828,8270.578374,11490.909091,7956.443719,10749.390244,8300.000000,-0.228480,0.163415,0.052235,0.117408,-0.004070,0.210820,-0.017678
550400,73.3698,29,Middle_C3_Bend,Middle,bend,3,1.3698,Middle cycle 3: BEND Middle,2971,2956,2942,3168,2870,3095,2896,8987.010676,8823.880597,8675.455334,11619.417476,7965.714286,10523.000000,8212.176814,-0.218987,0.152126,0.103746,0.129904,-0.002910,0.185319,-0.028072
550450,73.4022,29,Middle_C3_Bend,Middle,bend,3,1.4022,Middle cycle 3: BEND Middle,2969,2950,2912,3140,2870,3125,2907,8965.008881,8759.825328,8369.230769,11179.057592,7965.714286,10953.608247,8319.696970,-0.220899,0.143762,0.064786,0.087082,-0.002910,0.233823,-0.015347
550500,73.5679,29,Middle_C3_Bend,Middle,bend,3,1.5679,Middle cycle 3: BEND Middle,2963,2946,2909,3167,2883,3132,2904,8899.469965,8717.493473,8339.460371,11603.232759,8087.623762,11057.943925,8290.176322,-0.226595,0.138235,0.060999,0.128330,0.012350,0.245576,-0.018841
550550,73.5679,29,Middle_C3_Bend,Middle,bend,3,1.5679,Middle cycle 3: BEND Middle,2972,2949,2920,3133,2894,3151,2896,8998.040962,8749.214660,8449.361702,11072.972973,8192.839301,11348.940678,8212.176814,-0.218029,0.142377,0.074981,0.076767,0.025520,0.278354,-0.028072
550600,73.5680,29,Middle_C3_Bend,Middle,bend,3,1.5680,Middle cycle 3: BEND Middle,2961,2935,2893,3097,2879,3138,2906,8877.777778,8602.586207,8183.194676,10550.901804,8049.835526,11148.589342,8309.840202,-0.228480,0.123231,0.041118,0.025999,0.007620,0.255786,-0.016514
550650,73.6007,29,Middle_C3_Bend,Middle,bend,3,1.6007,Middle cycle 3: BEND Middle,2948,2930,2900,3138,2896,3128,2900,8738.622493,8551.072961,8251.046025,11148.589342,8212.176814,10998.138573,8251.046025,-0.240573,0.116505,0.049750,0.084120,0.027941,0.238839,-0.023472
550700,73.6661,29,Middle_C3_Bend,Middle,bend,3,1.6661,Middle cycle 3: BEND Middle,2966,2955,3035,3128,2898,3110,2896,8932.152347,8813.157895,9734.905660,10998.138573,8231.578947,10735.025381,8212.176814,-0.223755,0.150726,0.238536,0.069489,0.030369,0.209202,-0.028072
550750,73.8167,29,Middle_C3_Bend,Middle,bend,3,1.8167,Middle cycle 3: BEND Middle,2962,2955,2935,3132,2882,3093,2904,8888.614298,8813.157895,8602.586207,11057.943925,8078.153339,10495.209581,8290.176322,-0.227538,0.150726,0.094475,0.075305,0.011165,0.182189,-0.018841
550800,73.8167,29,Middle_C3_Bend,Middle,bend,3,1.8167,Middle cycle 3: BEND Middle,2953,2941,2949,3149,2895,3096,2902,8791.768827,8664.991334,8749.214660,11317.758985,8202.500000,10536.936937,8270.578374,-0.235955,0.131380,0.113130,0.100570,0.026730,0.186889,-0.021160
550850,73.8168,29,Middle_C3_Bend,Middle,bend,3,1.8168,Middle cycle 3: BEND Middle,2963,2943,2894,3159,2894,3102,2897,8899.469965,8685.937500,8192.839301,11475.000000,8192.839301,10621.148036,8221.869783,-0.226595,0.134114,0.042345,0.115861,0.025520,0.196375,-0.026925
550900,73.8810,29,Middle_C3_Bend,Middle,bend,3,1.8810,Middle cycle 3: BEND Middle,2961,2933,2881,3145,2884,3098,2906,8877.777778,8581.927711,8068.698517,11255.789474,8097.109827,10564.894684,8309.840202,-0.228480,0.120534,0.026551,0.094544,0.013538,0.190038,-0.016514
550950,73.9030,29,Middle_C3_Bend,Middle,bend,3,1.9030,Middle cycle 3: BEND Middle,2956,2935,2895,3136,2897,3035,2909,8823.880597,8602.586207,8202.500000,11118.248175,8221.869783,9734.905660,8339.460371,-0.233164,0.123231,0.043574,0.081169,0.029154,0.096548,-0.013008
551000,74.0860,30,Middle_C4_Open,Middle,open,4,0.0860,Middle cycle 4: OPEN,2964,2956,2896,3170,2895,3026,2896,8910.344828,8823.880597,8212.176814,11651.891892,8202.500000,9624.321796,8212.176814,-0.225650,0.152126,0.044805,0.133062,0.026730,0.084091,-0.028072
551050,74.0863,30,Middle_C4_Open,Middle,open,4,0.0863,Middle cycle 4: OPEN,2962,2941,2888,3096,2882,3065,2909,8888.614298,8664.991334,8135.211268,10536.936937,8078.153339,10117.475728,8339.460371,-0.227538,0.131380,0.035013,0.024641,0.011165,0.139641,-0.013008
551100,74.0863,30,Middle_C4_Open,Middle,open,4,0.0863,Middle cycle 4: OPEN,2955,2946,2885,3092,2898,3032,2908,8813.157895,8717.493473,8106.611570,10481.355932,8231.578947,9697.836312,8329.570345,-0.234096,0.138235,0.031374,0.019236,0.030369,0.092372,-0.014179
551150,74.1407,30,Middle_C4_Open,Middle,open,4,0.1407,Middle cycle 4: OPEN,2961,2957,2893,3084,2894,3023,2899,8877.777778,8834.622144,8183.194676,10371.513353,8192.839301,9587.873134,8241.304348,-0.228480,0.153528,0.041118,0.008555,0.025520,0.079986,-0.024625
551200,74.1731,30,Middle_C4_Open,Middle,open,4,0.1731,Middle cycle 4: OPEN,2963,2949,2896,3167,2881,3025,2910,8899.469965,8749.214660,8212.176814,11603.232759,8068.698517,9612.149533,8349.367089,-0.226595,0.142377,0.044805,0.128330,0.009981,0.082720,-0.011836
551250,74.3570,30,Middle_C4_Open,Middle,open,4,0.3570,Middle cycle 4: OPEN,2949,2958,2902,3119,2895,3024,2909,8749.214660,8845.382586,8270.578374,10865.368852,8202.500000,9600.000000,8339.460371,-0.239653,0.154933,0.052235,0.056579,0.026730,0.081352,-0.013008
551300,74.3571,30,Middle_C4_Open,Middle,open,4,0.3571,Middle cycle 4: OPEN,2965,2977,2896,3112,2898,3048,2901,8921.238938,9053.488372,8212.176814,10763.784334,8231.578947,9897.994269,8260.804020,-0.224703,0.182105,0.044805,0.046700,0.030369,0.114918,-0.022317
551350,74.3571,30,Middle_C4_Open,Middle,open,4,0.3571,Middle cycle 4: OPEN,2964,2977,2922,3117,2879,3056,2912,8910.344828,9053.488372,8469.565217,10836.196319,8049.835526,10000.384986,8369.230769,-0.225650,0.182105,0.077551,0.053742,0.007620,0.126451,-0.009485
551400,74.3571,30,Middle_C4_Open,Middle,open,4,0.3571,Middle cycle 4: OPEN,2953,2968,2907,3107,2897,3067,2913,8791.768827,8954.037267,8319.696970,10692.105263,8221.869783,10143.774319,8379.187817,-0.235955,0.169120,0.058484,0.039730,0.029154,0.142603,-0.008306
551450,74.4124,30,Middle_C4_Open,Middle,open,4,0.4124,Middle cycle 4: OPEN,2962,2979,2895,3102,2889,3043,2901,8888.614298,9075.806452,8202.500000,10621.148036,8144.776119,9834.790875,8260.804020,-0.227538,0.185019,0.043574,0.032830,0.019504,0.107799,-0.022317
551500,74.5872,30,Middle_C4_Open,Middle,open,4,0.5872,Middle cycle 4: OPEN,2964,2976,2865,3161,2876,3041,2911,8910.344828,9042.359249,7919.512195,11506.852248,8021.657096,9809.677419,8359.290541,-0.225650,0.180652,0.007570,0.118958,0.004093,0.104970,-0.010661
551550,74.5873,30,Middle_C4_Open,Middle,open,4,0.5873,Middle cycle 4: OPEN,2956,2973,2876,3177,2885,3046,2907,8823.880597,9009.090909,8021.657096,11766.666667,8106.611570,9872.640610,8319.696970,-0.233164,0.176308,0.020566,0.144223,0.014727,0.112062,-0.015347
551600,74.5873,30,Middle_C4_Open,Middle,open,4,0.5873,Middle cycle 4: OPEN,2964,2990,2871,3169,2893,3027,2896,8910.344828,9200.000000,7975.000000,11635.637149,8183.194676,9636.516854,8212.176814,-0.225650,0.201235,0.014630,0.131482,0.024313,0.085465,-0.028072
551650,74.6094,30,Middle_C4_Open,Middle,open,4,0.6094,Middle cycle 4: OPEN,2964,2974,2864,3147,2882,3052,2905,8910.344828,9020.160571,7910.316816,11286.708861,8078.153339,9948.993289,8300.000000,-0.225650,0.177754,0.006400,0.097551,0.011165,0.120663,-0.017678
551700,74.6863,30,Middle_C4_Open,Middle,open,4,0.6863,Middle cycle 4: OPEN,2955,2963,2872,3187,2889,3050,2907,8813.157895,8899.469965,7984.300899,11933.700441,8144.776119,9923.444976,8319.696970,-0.234096,0.161995,0.015813,0.160466,0.019504,0.117785,-0.015347
551750,74.8351,30,Middle_C4_Open,Middle,open,4,0.8351,Middle cycle 4: OPEN,2960,2960,2866,3136,2893,3043,2896,8866.960352,8866.960352,7928.722539,11118.248175,8183.194676,9834.790875,8212.176814,-0.229420,0.157750,0.008742,0.081169,0.024313,0.107799,-0.028072
551800,74.8351,30,Middle_C4_Open,Middle,open,4,0.8351,Middle cycle 4: OPEN,2964,2957,2872,3157,2881,3051,2903,8910.344828,8834.622144,7984.300899,11443.283582,8068.698517,9936.206897,8280.369128,-0.225650,0.153528,0.015813,0.112777,0.009981,0.119222,-0.020002
551850,74.8352,30,Middle_C4_Open,Middle,open,4,0.8352,Middle cycle 4: OPEN,2956,2947,2857,3203,2891,3068,2908,8823.880597,8728.048780,7846.365105,12208.744395,8163.953488,10156.962025,8329.570345,-0.233164,0.139613,-0.001736,0.187212,0.021905,0.144088,-0.014179
551900,74.8795,30,Middle_C4_Open,Middle,open,4,0.8795,Middle cycle 4: OPEN,2959,2952,2865,3158,2890,3036,2896,8856.161972,8781.102362,7919.512195,11459.124867,8154.356846,9747.308782,8212.176814,-0.230359,0.146540,0.007570,0.114317,0.020703,0.097945,-0.028072
551950,74.9226,30,Middle_C4_Open,Middle,open,4,0.9226,Middle cycle 4: OPEN,2954,2940,2880,3198,2879,3066,2905,8802.453988,8654.545455,8059.259259,12121.739130,8049.835526,10130.612245,8300.000000,-0.235026,0.130016,0.025350,0.178751,0.007620,0.141120,-0.017678
552000,74.9558,30,Middle_C4_Open,Middle,open,4,0.9558,Middle cycle 4: OPEN,2942,2951,2904,3223,2891,3067,2905,8675.455334,8770.454545,8290.176322,12566.743119,8163.953488,10143.774319,8300.000000,-0.246063,0.145150,0.054728,0.222025,0.021905,0.142603,-0.017678
552050,75.0962,30,Middle_C4_Open,Middle,open,4,1.0962,Middle cycle 4: OPEN,2941,2964,3055,3215,2885,3046,2895,8664.991334,8910.344828,9987.500000,12421.590909,8106.611570,9872.640610,8202.500000,-0.246972,0.163415,0.270673,0.207910,0.014727,0.112062,-0.029218
552100,75.0963,30,Middle_C4_Open,Middle,open,4,1.0963,Middle cycle 4: OPEN,2941,2965,3024,3195,2871,3064,2898,8664.991334,8921.238938,9600.000000,12070.000000,7975.000000,10104.364694,8231.578947,-0.246972,0.164838,0.221373,0.173720,-0.001747,0.138164,-0.025776
552150,75.1286,30,Middle_C4_Open,Middle,open,4,1.1286,Middle cycle 4: OPEN,2931,2934,2954,3180,2879,3117,2896,8561.340206,8592.248062,8802.453988,11816.393443,8049.835526,10836.196319,8212.176814,-0.255980,0.121882,0.119904,0.149059,0.007620,0.220598,-0.028072
552200,75.1610,30,Middle_C4_Open,Middle,open,4,1.1610,Middle cycle 4: OPEN,2938,2951,2971,3248,2876,3089,2886,8633.707865,8770.454545,8987.010676,13038.016529,8021.657096,10439.960239,8116.129032,-0.249691,0.145150,0.143384,0.267853,0.004093,0.175965,-0.039440
552250,75.2149,30,Middle_C4_Open,Middle,open,4,1.2149,Middle cycle 4: OPEN,2928,2955,2976,3171,2879,3104,2909,8530.591260,8813.157895,9042.359249,11668.181818,8049.835526,10649.445005,8339.460371,-0.258652,0.150726,0.150426,0.134646,0.007620,0.199562,-0.013008
552300,75.3580,30,Middle_C4_Open,Middle,open,4,1.3580,Middle cycle 4: OPEN,2929,2944,3026,3224,2893,3110,2913,8540.823328,8696.437880,9624.321796,12585.074627,8183.194676,10735.025381,8379.187817,-0.257763,0.135485,0.224467,0.223807,0.024313,0.209202,-0.008306
552350,75.3580,30,Middle_C4_Open,Middle,open,4,1.3580,Middle cycle 4: OPEN,2938,2931,2996,3205,2892,3091,2899,8633.707865,8561.340206,9268.789809,12243.820225,8173.566085,10467.529880,8241.304348,-0.249691,0.117846,0.179234,0.190623,0.023108,0.179071,-0.024625
552400,75.3683,30,Middle_C4_Open,Middle,open,4,1.3683,Middle cycle 4: OPEN,2941,2930,3001,3221,2879,3097,2910,8664.991334,8551.072961,9326.691042,12530.205950,8049.835526,10550.901804,8349.367089,-0.246972,0.116505,0.186600,0.218472,0.007620,0.188462,-0.011836
552450,75.4007,30,Middle_C4_Open,Middle,open,4,1.4007,Middle cycle 4: OPEN,2937,2927,3036,3210,2887,3087,2903,8623.316062,8520.376712,9747.308782,12332.203390,8125.662252,10412.500000,8280.369128,-0.250594,0.112497,0.240114,0.199218,0.017112,0.172872,-0.020002
552500,75.6049,30,Middle_C4_Open,Middle,open,4,1.6049,Middle cycle 4: OPEN,2948,2929,3056,3225,2893,3080,2893,8738.622493,8540.823328,10000.384986,12603.448276,8183.194676,10317.241379,8183.194676,-0.240573,0.115167,0.272312,0.225594,0.024313,0.162142,-0.031502
552550,75.6049,30,Middle_C4_Open,Middle,open,4,1.6049,Middle cycle 4: OPEN,2949,2936,2984,3195,2879,3069,2901,8749.214660,8612.942192,9131.953195,12070.000000,8049.835526,10170.175439,8260.804020,-0.239653,0.124584,0.161825,0.173720,0.007620,0.145577,-0.022317
552600,75.6050,30,Middle_C4_Open,Middle,open,4,1.6050,Middle cycle 4: OPEN,2940,2933,3007,3214,2887,3062,2899,8654.545455,8581.927711,9396.875000,12403.632236,8125.662252,10078.218780,8241.304348,-0.247880,0.120534,0.195530,0.206163,0.017112,0.135219,-0.024625
552650,75.6161,30,Middle_C4_Open,Middle,open,4,1.6161,Middle cycle 4: OPEN,2952,2936,2988,3184,2884,3068,2893,8781.102362,8612.942192,9177.235772,11883.205269,8097.109827,10156.962025,8183.194676,-0.236882,0.124584,0.167586,0.155556,0.013538,0.144088,-0.031502
552700,75.6706,30,Middle_C4_Open,Middle,open,4,1.6706,Middle cycle 4: OPEN,2948,2949,2955,3181,2879,3049,2902,8738.622493,8749.214660,8813.157895,11833.041575,8049.835526,9910.707457,8270.578374,-0.240573,0.142377,0.121265,0.150678,0.007620,0.116350,-0.021160
552750,75.7142,30,Middle_C4_Open,Middle,open,4,1.7142,Middle cycle 4: OPEN,2942,2939,3024,3189,2890,3033,2900,8675.455334,8644.117647,9600.000000,11967.549669,8154.356846,9710.169492,8251.046025,-0.246063,0.128654,0.221373,0.163758,0.020703,0.093761,-0.023472
552800,75.8677,30,Middle_C4_Open,Middle,open,4,1.8677,Middle cycle 4: OPEN,2953,2949,2975,3215,2886,3017,2884,8791.768827,8749.214660,9031.250000,12421.590909,8116.129032,9515.584416,8097.109827,-0.235955,0.142377,0.149013,0.207910,0.015918,0.071843,-0.041691
552850,75.8678,30,Middle_C4_Open,Middle,open,4,1.8678,Middle cycle 4: OPEN,2949,2951,2939,3208,2879,3047,2899,8749.214660,8770.454545,8644.117647,12296.730552,8049.835526,9885.305344,8241.304348,-0.239653,0.145150,0.099759,0.195768,0.007620,0.113489,-0.024625
552900,75.8678,30,Middle_C4_Open,Middle,open,4,1.8678,Middle cycle 4: OPEN,2941,2943,2935,3182,2888,3018,2896,8664.991334,8685.937500,8602.586207,11849.726177,8135.211268,9527.576602,8212.176814,-0.246972,0.134114,0.094475,0.152300,0.018307,0.073194,-0.028072
552950,75.9118,30,Middle_C4_Open,Middle,open,4,1.9118,Middle cycle 4: OPEN,2950,2951,2923,3205,2893,3010,2882,8759.825328,8770.454545,8479.692833,12243.820225,8183.194676,9432.258065,8078.153339,-0.238731,0.145150,0.078840,0.190623,0.024313,0.062457,-0.043934
553000,76.1304,31,Middle_C4_Bend,Middle,bend,4,0.1304,Middle cycle 4: BEND Middle,2945,2941,2927,3181,2882,3026,2889,8706.956522,8664.991334,8520.376712,11833.041575,8078.153339,9624.321796,8144.776119,-0.243325,0.131380,0.084016,0.150678,0.011165,0.084091,-0.036049
553050,76.1308,31,Middle_C4_Bend,Middle,bend,4,0.1308,Middle cycle 4: BEND Middle,2937,2946,2929,3195,2892,3000,2888,8623.316062,8717.493473,8540.823328,12070.000000,8173.566085,9315.068493,8135.211268,-0.250594,0.138235,0.086617,0.173720,0.023108,0.049257,-0.037181
553100,76.1308,31,Middle_C4_Bend,Middle,bend,4,0.1308,Middle cycle 4: BEND Middle,2951,2946,2941,3185,2890,2965,2876,8770.454545,8717.493473,8664.991334,11900.000000,8154.356846,8921.238938,8021.657096,-0.237807,0.138235,0.102415,0.157189,0.020703,0.004895,-0.050621
553150,76.1309,31,Middle_C4_Bend,Middle,bend,4,0.1309,Middle cycle 4: BEND Middle,2957,2944,2930,3189,2879,2980,2887,8834.622144,8696.437880,8551.072961,11967.549669,8049.835526,9086.995516,8125.662252,-0.232231,0.135485,0.087921,0.163758,0.007620,0.023566,-0.038311
553200,76.1961,31,Middle_C4_Bend,Middle,bend,4,0.1961,Middle cycle 4: BEND Middle,2950,2936,2931,3171,2887,2983,2886,8759.825328,8612.942192,8561.340206,11668.181818,8125.662252,9120.683453,8116.129032,-0.238731,0.124584,0.089228,0.134646,0.017112,0.027361,-0.039440
553250,76.3842,31,Middle_C4_Bend,Middle,bend,4,0.3842,Middle cycle 4: BEND Middle,2960,2961,2928,3173,2887,2978,2881,8866.960352,8877.777778,8530.591260,11700.867679,8125.662252,9064.637422,8068.698517,-0.229420,0.159163,0.085316,0.137825,0.017112,0.021048,-0.045053
553300,76.3843,31,Middle_C4_Bend,Middle,bend,4,0.3843,Middle cycle 4: BEND Middle,2958,2948,2919,3205,2875,2992,2887,8845.382586,8738.622493,8439.285714,12243.820225,8012.295082,9222.846782,8125.662252,-0.231295,0.140993,0.073699,0.190623,0.002921,0.038869,-0.038311
553350,76.3843,31,Middle_C4_Bend,Middle,bend,4,0.3843,Middle cycle 4: BEND Middle,2938,2942,2933,3167,2880,3001,2883,8633.707865,8675.455334,8581.927711,11603.232759,8059.259259,9326.691042,8087.623762,-0.249691,0.132746,0.091847,0.128330,0.008800,0.050566,-0.042813
553400,76.3844,31,Middle_C4_Bend,Middle,bend,4,0.3844,Middle cycle 4: BEND Middle,2952,2945,2901,3157,2881,2997,2876,8781.102362,8706.956522,8260.804020,11443.283582,8068.698517,9280.327869,8021.657096,-0.236882,0.136859,0.050992,0.112777,0.009981,0.045344,-0.050621
553450,76.4057,31,Middle_C4_Bend,Middle,bend,4,0.4057,Middle cycle 4: BEND Middle,2946,2955,2868,3153,2868,2992,2884,8717.493473,8813.157895,7947.188264,11380.254777,7947.188264,9222.846782,8097.109827,-0.242410,0.150726,0.011091,0.106647,-0.005229,0.038869,-0.041691
553500,76.4497,31,Middle_C4_Bend,Middle,bend,4,0.4497,Middle cycle 4: BEND Middle,2932,2941,2934,3152,2879,2994,2880,8571.625107,8664.991334,8592.248062,11364.581124,8049.835526,9245.776567,8059.259259,-0.255086,0.131380,0.093160,0.105123,0.007620,0.041452,-0.046170
553550,76.6306,31,Middle_C4_Bend,Middle,bend,4,0.6306,Middle cycle 4: BEND Middle,2939,2951,2937,3141,2880,2988,2876,8644.117647,8770.454545,8623.316062,11194.339623,8059.259259,9177.235772,8021.657096,-0.248786,0.145150,0.097113,0.088569,0.008800,0.033731,-0.050621
553600,76.6307,31,Middle_C4_Bend,Middle,bend,4,0.6307,Middle cycle 4: BEND Middle,2934,2964,2936,3130,2872,2991,2887,8592.248062,8910.344828,8612.942192,11027.979275,7984.300899,9211.413043,8125.662252,-0.253294,0.163415,0.095793,0.072391,-0.000583,0.037581,-0.038311
553650,76.6307,31,Middle_C4_Bend,Middle,bend,4,0.6307,Middle cycle 4: BEND Middle,2925,2960,2935,3126,2880,2992,2884,8500.000000,8866.960352,8602.586207,10968.421053,8059.259259,9222.846782,8097.109827,-0.261311,0.157750,0.094475,0.066600,0.008800,0.038869,-0.041691
553700,76.6639,31,Middle_C4_Bend,Middle,bend,4,0.6639,Middle cycle 4: BEND Middle,2937,2963,2938,3123,2882,2977,2872,8623.316062,8899.469965,8633.707865,10924.074074,8078.153339,9053.488372,7984.300899,-0.250594,0.161995,0.098435,0.062287,0.011165,0.019792,-0.055042
553750,76.7071,31,Middle_C4_Bend,Middle,bend,4,0.7071,Middle cycle 4: BEND Middle,2937,2966,2911,3115,2872,2970,2884,8623.316062,8932.152347,8359.290541,10807.142857,7984.300899,8976.000000,8097.109827,-0.250594,0.166263,0.063522,0.050916,-0.000583,0.011064,-0.041691
553800,76.8834,31,Middle_C4_Bend,Middle,bend,4,0.8834,Middle cycle 4: BEND Middle,2932,2947,2895,3115,2883,2967,2880,8571.625107,8728.048780,8202.500000,10807.142857,8087.623762,8943.085106,8059.259259,-0.255086,0.139613,0.043574,0.050916,0.012350,0.007356,-0.046170
553850,76.8834,31,Middle_C4_Bend,Middle,bend,4,0.8834,Middle cycle 4: BEND Middle,2944,2961,2890,3110,2881,2959,2871,8696.437880,8877.777778,8154.356846,10735.025381,8068.698517,8856.161972,7975.000000,-0.244239,0.159163,0.037449,0.043904,0.009981,-0.002435,-0.056143
553900,76.8835,31,Middle_C4_Bend,Middle,bend,4,0.8835,Middle cycle 4: BEND Middle,2947,2971,2881,3096,2871,2966,2880,8728.048780,8987.010676,8068.698517,10536.936937,7975.000000,8932.152347,8059.259259,-0.241492,0.173425,0.026551,0.024641,-0.001747,0.006125,-0.046170
553950,76.9153,31,Middle_C4_Bend,Middle,bend,4,0.9153,Middle cycle 4: BEND Middle,2947,2964,2887,3097,2881,2961,2879,8728.048780,8910.344828,8125.662252,10550.901804,8068.698517,8877.777778,8049.835526,-0.241492,0.163415,0.033798,0.025999,0.009981,0.000000,-0.047286
554000,76.9590,31,Middle_C4_Bend,Middle,bend,4,0.9590,Middle cycle 4: BEND Middle,2947,2962,2906,3101,2879,2965,2873,8728.048780,8888.614298,8309.840202,10607.042254,8049.835526,8921.238938,7993.617021,-0.241492,0.160578,0.057230,0.031458,0.007620,0.004895,-0.053939
554050,77.1391,31,Middle_C4_Bend,Middle,bend,4,1.1391,Middle cycle 4: BEND Middle,2954,2976,2894,3088,2869,2988,2885,8802.453988,9042.359249,8192.839301,10426.216485,7956.443719,9177.235772,8106.611570,-0.235026,0.180652,0.042345,0.013874,-0.004070,0.033731,-0.040566
554100,77.1391,31,Middle_C4_Bend,Middle,bend,4,1.1391,Middle cycle 4: BEND Middle,2948,2957,2967,3129,2878,2996,2883,8738.622493,8834.622144,8943.085106,11013.043478,8040.427280,9268.789809,8087.623762,-0.240573,0.153528,0.137796,0.070939,0.006442,0.044044,-0.042813
554150,77.1391,31,Middle_C4_Bend,Middle,bend,4,1.1391,Middle cycle 4: BEND Middle,2959,2975,2938,3172,2875,2999,2876,8856.161972,9031.250000,8633.707865,11684.507042,8012.295082,9303.467153,8021.657096,-0.230359,0.179202,0.098435,0.136234,0.002921,0.047950,-0.050621
554200,77.1606,31,Middle_C4_Bend,Middle,bend,4,1.1606,Middle cycle 4: BEND Middle,2957,2983,2942,3227,2874,3003,2883,8834.622144,9120.683453,8675.455334,12640.322581,8002.948403,9350.000000,8087.623762,-0.232231,0.190879,0.103746,0.229180,0.001751,0.053191,-0.042813
554250,77.2144,31,Middle_C4_Bend,Middle,bend,4,1.2144,Middle cycle 4: BEND Middle,2956,2950,2911,3177,2880,3029,2879,8823.880597,8759.825328,8359.290541,11766.666667,8059.259259,9660.975610,8049.835526,-0.233164,0.143762,0.063522,0.144223,0.008800,0.088220,-0.047286
554300,77.3890,31,Middle_C4_Bend,Middle,bend,4,1.3890,Middle cycle 4: BEND Middle,2961,2959,2912,3207,2875,3056,2870,8877.777778,8856.161972,8369.230769,12279.054054,8012.295082,10000.384986,7965.714286,-0.228480,0.156341,0.064786,0.194049,0.002921,0.126451,-0.057242
554350,77.3891,31,Middle_C4_Bend,Middle,bend,4,1.3891,Middle cycle 4: BEND Middle,2962,2950,2890,3214,2874,3054,2883,8888.614298,8759.825328,8154.356846,12403.632236,8002.948403,9974.639769,8087.623762,-0.227538,0.143762,0.037449,0.206163,0.001751,0.123551,-0.042813
554400,77.3891,31,Middle_C4_Bend,Middle,bend,4,1.3891,Middle cycle 4: BEND Middle,2957,2938,2895,3241,2880,3058,2882,8834.622144,8633.707865,8202.500000,12903.278689,8059.259259,10026.229508,8078.153339,-0.232231,0.127295,0.043574,0.254750,0.008800,0.129363,-0.043934
554450,77.4444,31,Middle_C4_Bend,Middle,bend,4,1.4444,Middle cycle 4: BEND Middle,2960,2962,2930,3215,2886,3091,2874,8866.960352,8888.614298,8551.072961,12421.590909,8116.129032,10467.529880,8002.948403,-0.229420,0.160578,0.087921,0.207910,0.015918,0.179071,-0.052835
554500,77.4652,31,Middle_C4_Bend,Middle,bend,4,1.4652,Middle cycle 4: BEND Middle,2950,2961,3113,3148,2875,3071,2882,8759.825328,8877.777778,10778.207739,11302.217529,8012.295082,10196.679688,8078.153339,-0.238731,0.159163,0.371272,0.099059,0.002921,0.148562,-0.043934
554550,77.6656,31,Middle_C4_Bend,Middle,bend,4,1.6656,Middle cycle 4: BEND Middle,2952,2946,3048,3143,2876,3059,2883,8781.102362,8717.493473,9897.994269,11225.000000,8021.657096,10039.189189,8087.623762,-0.236882,0.138235,0.259285,0.091550,0.004093,0.130822,-0.042813
554600,77.6656,31,Middle_C4_Bend,Middle,bend,4,1.6656,Middle cycle 4: BEND Middle,2958,2940,2956,3129,2878,3016,2875,8845.382586,8654.545455,8823.880597,11013.043478,8040.427280,9503.614458,8012.295082,-0.231295,0.130016,0.122630,0.070939,0.006442,0.070495,-0.051729
554650,77.6657,31,Middle_C4_Bend,Middle,bend,4,1.6657,Middle cycle 4: BEND Middle,2959,2933,2967,3128,2862,3049,2884,8856.161972,8581.927711,8943.085106,10998.138573,7891.970803,9910.707457,8097.109827,-0.230359,0.120534,0.137796,0.069489,-0.012140,0.116350,-0.041691
554700,77.6657,31,Middle_C4_Bend,Middle,bend,4,1.6657,Middle cycle 4: BEND Middle,2950,2925,3033,3127,2871,3041,2884,8759.825328,8500.000000,9710.169492,10983.264463,7975.000000,9809.677419,8097.109827,-0.238731,0.109837,0.235389,0.068043,-0.001747,0.104970,-0.041691
554750,77.7418,31,Middle_C4_Bend,Middle,bend,4,1.7418,Middle cycle 4: BEND Middle,2963,2945,3063,3180,2876,3044,2875,8899.469965,8706.956522,10091.279070,11816.393443,8021.657096,9847.383444,8012.295082,-0.226595,0.136859,0.283876,0.149059,0.004093,0.109217,-0.051729
554800,77.7521,31,Middle_C4_Bend,Middle,bend,4,1.7521,Middle cycle 4: BEND Middle,2964,2935,2893,3154,2864,3013,2886,8910.344828,8602.586207,8183.194676,11395.961743,7910.316816,9467.837338,8116.129032,-0.225650,0.123231,0.041118,0.108175,-0.009844,0.066465,-0.039440
554850,77.8549,31,Middle_C4_Bend,Middle,bend,4,1.8549,Middle cycle 4: BEND Middle,2951,2932,2874,3183,2881,3030,2885,8770.454545,8571.625107,8002.948403,11866.447368,8068.698517,9673.239437,8106.611570,-0.237807,0.119189,0.018186,0.153926,0.009981,0.089601,-0.040566
554900,77.8768,31,Middle_C4_Bend,Middle,bend,4,1.8768,Middle cycle 4: BEND Middle,2961,2950,2866,3173,2871,3014,2874,8877.777778,8759.825328,7928.722539,11700.867679,7975.000000,9479.740981,8002.948403,-0.228480,0.143762,0.008742,0.137825,-0.001747,0.067806,-0.052835
554950,77.9204,31,Middle_C4_Bend,Middle,bend,4,1.9204,Middle cycle 4: BEND Middle,2954,2951,2875,3187,2866,3019,2886,8802.453988,8770.454545,8012.295082,11933.700441,7928.722539,9539.591078,8116.129032,-0.235026,0.145150,0.019375,0.160466,-0.007540,0.074547,-0.039440
555000,78.0179,32,Middle_C5_Open,Middle,open,5,0.0179,Middle cycle 5: OPEN,2943,2939,2887,3164,2885,3022,2884,8685.937500,8644.117647,8125.662252,11554.887218,8106.611570,9575.768872,8097.109827,-0.245152,0.128654,0.033798,0.123629,0.014727,0.078622,-0.041691
555050,78.1486,32,Middle_C5_Open,Middle,open,5,0.1486,Middle cycle 5: OPEN,2949,2943,2872,3161,2884,3012,2875,8749.214660,8685.937500,7984.300899,11506.852248,8097.109827,9455.955679,8012.295082,-0.239653,0.134114,0.015813,0.118958,0.013538,0.065126,-0.051729
555100,78.1487,32,Middle_C5_Open,Middle,open,5,0.1487,Middle cycle 5: OPEN,2949,2952,2856,3198,2873,2995,2884,8749.214660,8781.102362,7837.288136,12121.739130,7993.617021,9257.272727,8097.109827,-0.239653,0.146540,-0.002891,0.178751,0.000583,0.042747,-0.041691
555150,78.1487,32,Middle_C5_Open,Middle,open,5,0.1487,Middle cycle 5: OPEN,2941,2940,2877,3170,2880,3006,2882,8664.991334,8654.545455,8031.034483,11651.891892,8059.259259,9385.123967,8078.153339,-0.246972,0.130016,0.021759,0.133062,0.008800,0.057148,-0.043934
555200,78.1693,32,Middle_C5_Open,Middle,open,5,0.1693,Middle cycle 5: OPEN,2946,2944,2863,3162,2873,3000,2873,8717.493473,8696.437880,7901.136364,11522.829582,7993.617021,9315.068493,7993.617021,-0.242410,0.135485,0.005232,0.120512,0.000583,0.049257,-0.053939
555250,78.2236,32,Middle_C5_Open,Middle,open,5,0.2236,Middle cycle 5: OPEN,2947,2935,2858,3150,2864,3017,2884,8728.048780,8602.586207,7855.456750,11333.333333,7910.316816,9515.584416,8097.109827,-0.241492,0.123231,-0.000579,0.102085,-0.009844,0.071843,-0.041691
555300,78.2669,32,Middle_C5_Open,Middle,open,5,0.2669,Middle cycle 5: OPEN,2936,2929,2920,3138,2872,3016,2882,8612.942192,8540.823328,8449.361702,11148.589342,7984.300899,9503.614458,8078.153339,-0.251496,0.115167,0.074981,0.084120,-0.000583,0.070495,-0.043934
555350,78.4083,32,Middle_C5_Open,Middle,open,5,0.4083,Middle cycle 5: OPEN,2951,2938,2899,3166,2874,2980,2875,8770.454545,8633.707865,8241.304348,11587.082885,8002.948403,9086.995516,8012.295082,-0.237807,0.127295,0.048511,0.126760,0.001751,0.023566,-0.051729
555400,78.4084,32,Middle_C5_Open,Middle,open,5,0.4084,Middle cycle 5: OPEN,2950,2930,2867,3173,2864,2979,2884,8759.825328,8551.072961,7937.947883,11700.867679,7910.316816,9075.806452,8097.109827,-0.238731,0.116505,0.009916,0.137825,-0.009844,0.022306,-0.041691
555450,78.4193,32,Middle_C5_Open,Middle,open,5,0.4193,Middle cycle 5: OPEN,2942,2925,2858,3132,2870,2978,2883,8675.455334,8500.000000,7855.456750,11057.943925,7965.714286,9064.637422,8087.623762,-0.246063,0.109837,-0.000579,0.075305,-0.002910,0.021048,-0.042813
555500,78.4740,32,Middle_C5_Open,Middle,open,5,0.4740,Middle cycle 5: OPEN,2952,2927,2921,3134,2869,3005,2876,8781.102362,8520.376712,8459.454855,11088.033299,7956.443719,9373.394495,8021.657096,-0.236882,0.112497,0.076265,0.078231,-0.004070,0.055827,-0.050621
555550,78.5173,32,Middle_C5_Open,Middle,open,5,0.5173,Middle cycle 5: OPEN,2949,2927,2831,3153,2864,3003,2887,8749.214660,8520.376712,7615.031646,11380.254777,7910.316816,9350.000000,8125.662252,-0.239653,0.112497,-0.031168,0.106647,-0.009844,0.053191,-0.038311
555600,78.6492,32,Middle_C5_Open,Middle,open,5,0.6492,Middle cycle 5: OPEN,2944,2917,2852,3148,2871,3018,2886,8696.437880,8419.185059,7801.126307,11302.217529,7975.000000,9527.576602,8116.129032,-0.244239,0.099285,-0.007492,0.099059,-0.001747,0.073194,-0.039440
555650,78.6493,32,Middle_C5_Open,Middle,open,5,0.6493,Middle cycle 5: OPEN,2955,2927,2955,3126,2873,3016,2875,8813.157895,8520.376712,8813.157895,10968.421053,7993.617021,9503.614458,8012.295082,-0.234096,0.112497,0.121265,0.066600,0.000583,0.070495,-0.051729
555700,78.6712,32,Middle_C5_Open,Middle,open,5,0.6712,Middle cycle 5: OPEN,2952,2927,2836,3201,2865,3014,2889,8781.102362,8520.376712,7658.776807,12173.825503,7919.512195,9479.740981,8144.776119,-0.236882,0.112497,-0.025602,0.183816,-0.008693,0.067806,-0.036049
555750,78.7253,32,Middle_C5_Open,Middle,open,5,0.7253,Middle cycle 5: OPEN,2940,2927,2842,3181,2873,3015,2889,8654.545455,8520.376712,7711.731844,11833.041575,7993.617021,9491.666667,8144.776119,-0.247880,0.112497,-0.018865,0.150678,0.000583,0.069149,-0.036049
555800,78.9093,32,Middle_C5_Open,Middle,open,5,0.9093,Middle cycle 5: OPEN,2948,2925,2953,3169,2872,2993,2881,8738.622493,8500.000000,8791.768827,11635.637149,7984.300899,9234.301270,8068.698517,-0.240573,0.109837,0.118544,0.131482,-0.000583,0.040159,-0.045053
555850,78.9093,32,Middle_C5_Open,Middle,open,5,0.9093,Middle cycle 5: OPEN,2937,2919,2822,3138,2860,2984,2891,8623.316062,8439.285714,7537.156324,11148.589342,7873.684211,9131.953195,8163.953488,-0.250594,0.101909,-0.041075,0.084120,-0.014429,0.028631,-0.033780
555900,78.9093,32,Middle_C5_Open,Middle,open,5,0.9093,Middle cycle 5: OPEN,2930,2915,2834,3145,2867,3002,2888,8551.072961,8399.152542,7641.237113,11255.789474,7937.947883,9338.334858,8135.211268,-0.256872,0.096669,-0.027834,0.094544,-0.006385,0.051878,-0.037181
555950,78.9094,32,Middle_C5_Open,Middle,open,5,0.9094,Middle cycle 5: OPEN,2939,2947,2841,3209,2866,2986,2880,8644.117647,8728.048780,7702.870813,12314.446953,7928.722539,9154.553652,8059.259259,-0.248786,0.139613,-0.019992,0.197491,-0.007540,0.031176,-0.046170
556000,78.9527,32,Middle_C5_Open,Middle,open,5,0.9527,Middle cycle 5: OPEN,2943,2971,2940,3252,2861,2984,2889,8685.937500,8987.010676,8654.545455,13116.014235,7882.820097,9131.953195,8144.776119,-0.245152,0.173425,0.101086,0.275437,-0.013286,0.028631,-0.036049
556050,78.9962,32,Middle_C5_Open,Middle,open,5,0.9962,Middle cycle 5: OPEN,2941,2968,3064,3269,2867,2996,2889,8664.991334,8954.037267,10104.364694,13455.932203,7937.947883,9268.789809,8144.776119,-0.246972,0.169120,0.285541,0.308492,-0.006385,0.044044,-0.036049
556100,79.1642,32,Middle_C5_Open,Middle,open,5,1.1642,Middle cycle 5: OPEN,2957,2985,2908,3230,2872,3038,2879,8834.622144,9143.243243,8329.570345,12695.953757,7984.300899,9772.185430,8049.835526,-0.232231,0.193824,0.059740,0.234590,-0.000583,0.100747,-0.047286
556150,79.1643,32,Middle_C5_Open,Middle,open,5,1.1643,Middle cycle 5: OPEN,2961,2995,2908,3241,2865,3042,2886,8877.777778,9257.272727,8329.570345,12903.278689,7919.512195,9822.222222,8116.129032,-0.228480,0.208713,0.059740,0.254750,-0.008693,0.106383,-0.039440
556200,79.1643,32,Middle_C5_Open,Middle,open,5,1.1643,Middle cycle 5: OPEN,2956,2984,2943,3282,2881,3042,2887,8823.880597,9131.953195,8685.937500,13725.461255,8068.698517,9822.222222,8125.662252,-0.233164,0.192350,0.105080,0.334702,0.009981,0.106383,-0.038311
556250,79.2079,32,Middle_C5_Open,Middle,open,5,1.2079,Middle cycle 5: OPEN,2964,2995,2999,3294,2871,3093,2877,8910.344828,9257.272727,9303.467153,13982.022472,7975.000000,10495.209581,8031.034483,-0.225650,0.208713,0.183646,0.359651,-0.001747,0.182189,-0.049511
556300,79.2514,32,Middle_C5_Open,Middle,open,5,1.2514,Middle cycle 5: OPEN,2962,2980,2983,3230,2864,3073,2887,8888.614298,9086.995516,9120.683453,12695.953757,7910.316816,10223.287671,8125.662252,-0.227538,0.186480,0.160391,0.234590,-0.009844,0.151559,-0.038311
556350,79.4291,32,Middle_C5_Open,Middle,open,5,1.4291,Middle cycle 5: OPEN,2967,2963,3062,3221,2873,3048,2882,8943.085106,8899.469965,10078.218780,12530.205950,7993.617021,9897.994269,8078.153339,-0.222805,0.161995,0.282215,0.218472,0.000583,0.114918,-0.043934
556400,79.4292,32,Middle_C5_Open,Middle,open,5,1.4292,Middle cycle 5: OPEN,2965,2950,3031,3199,2872,3022,2877,8921.238938,8759.825328,9685.526316,12139.062500,7984.300899,9575.768872,8031.034483,-0.224703,0.143762,0.232254,0.180436,-0.000583,0.078622,-0.049511
556450,79.4399,32,Middle_C5_Open,Middle,open,5,1.4399,Middle cycle 5: OPEN,2967,2956,3002,3307,2864,3026,2885,8943.085106,8823.880597,9338.334858,14268.781726,7910.316816,9624.321796,8106.611570,-0.222805,0.152126,0.188082,0.387536,-0.009844,0.084091,-0.040566
556500,79.4507,32,Middle_C5_Open,Middle,open,5,1.4507,Middle cycle 5: OPEN,2954,2936,2995,3191,2871,3021,2884,8802.453988,8612.942192,9257.272727,12001.548673,7975.000000,9563.687151,8097.109827,-0.235026,0.124584,0.177769,0.167064,-0.001747,0.077261,-0.041691
556550,79.5162,32,Middle_C5_Open,Middle,open,5,1.5162,Middle cycle 5: OPEN,2955,2965,3049,3251,2869,3035,2875,8813.157895,8921.238938,9910.707457,13096.445498,7956.443719,9734.905660,8012.295082,-0.234096,0.164838,0.260903,0.273535,-0.004070,0.096548,-0.051729
556600,79.6737,32,Middle_C5_Open,Middle,open,5,1.6737,Middle cycle 5: OPEN,2946,2968,3006,3252,2862,3064,2882,8717.493473,8954.037267,9385.123967,13116.014235,7891.970803,10104.364694,8078.153339,-0.242410,0.169120,0.194035,0.275437,-0.012140,0.138164,-0.043934
556650,79.6737,32,Middle_C5_Open,Middle,open,5,1.6737,Middle cycle 5: OPEN,2937,2960,3017,3266,2870,3067,2883,8623.316062,8866.960352,9515.584416,13394.933655,7965.714286,10143.774319,8087.623762,-0.250594,0.157750,0.210633,0.302560,-0.002910,0.142603,-0.042813
556700,79.6738,32,Middle_C5_Open,Middle,open,5,1.6738,Middle cycle 5: OPEN,2946,2959,3027,3202,2873,3060,2875,8717.493473,8856.161972,9636.516854,12191.265398,7993.617021,10052.173913,8012.295082,-0.242410,0.156341,0.226018,0.185512,0.000583,0.132285,-0.051729
556750,79.7068,32,Middle_C5_Open,Middle,open,5,1.7068,Middle cycle 5: OPEN,2947,2960,3013,3227,2862,3055,2882,8728.048780,8866.960352,9467.837338,12640.322581,7891.970803,9987.500000,8078.153339,-0.241492,0.157750,0.204558,0.229180,-0.012140,0.125000,-0.043934
556800,79.7508,32,Middle_C5_Open,Middle,open,5,1.7508,Middle cycle 5: OPEN,2934,2955,2992,3238,2871,3036,2881,8592.248062,8813.157895,9222.846782,12846.207701,7975.000000,9747.308782,8068.698517,-0.253294,0.150726,0.173389,0.249201,-0.001747,0.097945,-0.045053
556850,79.9358,32,Middle_C5_Open,Middle,open,5,1.9358,Middle cycle 5: OPEN,2945,2974,2996,3225,2867,3030,2870,8706.956522,9020.160571,9268.789809,12603.448276,7937.947883,9673.239437,7965.714286,-0.243325,0.177754,0.179234,0.225594,-0.006385,0.089601,-0.057242
556900,79.9359,32,Middle_C5_Open,Middle,open,5,1.9359,Middle cycle 5: OPEN,2942,2978,2981,3196,2862,3031,2882,8675.455334,9064.637422,9098.204668,12087.208009,7891.970803,9685.526316,8078.153339,-0.246063,0.183561,0.157531,0.175394,-0.012140,0.090985,-0.043934
556950,79.9359,32,Middle_C5_Open,Middle,open,5,1.9359,Middle cycle 5: OPEN,2928,2983,2998,3209,2867,3029,2881,8530.591260,9120.683453,9291.886964,12314.446953,7937.947883,9660.975610,8068.698517,-0.258652,0.190879,0.182172,0.197491,-0.006385,0.088220,-0.045053
557000,79.9573,32,Middle_C5_Open,Middle,open,5,1.9573,Middle cycle 5: OPEN,2938,2996,2989,3200,2864,3023,2869,8633.707865,9268.789809,9188.607595,12156.424581,7910.316816,9587.873134,7956.443719,-0.249691,0.210217,0.169033,0.182124,-0.009844,0.079986,-0.058339
557050,80.0071,33,Middle_C5_Bend,Middle,bend,5,0.0071,Middle cycle 5: BEND Middle,2941,2989,2960,3218,2859,3021,2882,8664.991334,9188.607595,8866.960352,12475.712657,7864.563107,9563.687151,8078.153339,-0.246972,0.199748,0.128111,0.213173,-0.015571,0.077261,-0.043934
557100,80.0516,33,Middle_C5_Bend,Middle,bend,5,0.0516,Middle cycle 5: BEND Middle,2935,2969,2945,3216,2864,3025,2880,8602.586207,8965.008881,8706.956522,12439.590444,7910.316816,9612.149533,8059.259259,-0.252396,0.170553,0.107754,0.209660,-0.009844,0.082720,-0.046170
557150,80.2012,33,Middle_C5_Bend,Middle,bend,5,0.2012,Middle cycle 5: BEND Middle,2940,2985,2945,3201,2865,3009,2870,8654.545455,9143.243243,8706.956522,12173.825503,7919.512195,9420.441989,7965.714286,-0.247880,0.193824,0.107754,0.183816,-0.008693,0.061126,-0.057242
557200,80.2013,33,Middle_C5_Bend,Middle,bend,5,0.2013,Middle cycle 5: BEND Middle,2939,2978,2944,3122,2859,3018,2881,8644.117647,9064.637422,8696.437880,10909.352518,7864.563107,9527.576602,8068.698517,-0.248786,0.183561,0.106416,0.060856,-0.015571,0.073194,-0.045053
557250,80.2013,33,Middle_C5_Bend,Middle,bend,5,0.2013,Middle cycle 5: BEND Middle,2928,2963,2990,3163,2866,3006,2879,8530.591260,8899.469965,9200.000000,11538.841202,7928.722539,9385.123967,8049.835526,-0.258652,0.161995,0.170482,0.122069,-0.007540,0.057148,-0.047286
557300,80.2559,33,Middle_C5_Bend,Middle,bend,5,0.2559,Middle cycle 5: BEND Middle,2933,2963,2978,3183,2867,3006,2866,8581.927711,8899.469965,9064.637422,11866.447368,7937.947883,9385.123967,7928.722539,-0.254191,0.161995,0.153260,0.153926,-0.006385,0.057148,-0.061620
557350,80.3096,33,Middle_C5_Bend,Middle,bend,5,0.3096,Middle cycle 5: BEND Middle,2931,2957,2959,3155,2858,3018,2878,8561.340206,8834.622144,8856.161972,11411.702128,7855.456750,9527.576602,8040.427280,-0.255980,0.153528,0.126737,0.109705,-0.016711,0.073194,-0.048399
557400,80.4429,33,Middle_C5_Bend,Middle,bend,5,0.4429,Middle cycle 5: BEND Middle,2923,2948,2978,3157,2865,3018,2880,8479.692833,8738.622493,9064.637422,11443.283582,7919.512195,9527.576602,8059.259259,-0.263076,0.140993,0.153260,0.112777,-0.008693,0.073194,-0.046170
557450,80.4430,33,Middle_C5_Bend,Middle,bend,5,0.4430,Middle cycle 5: BEND Middle,2930,2945,2961,3153,2864,3005,2866,8551.072961,8706.956522,8877.777778,11380.254777,7910.316816,9373.394495,7928.722539,-0.256872,0.136859,0.129487,0.106647,-0.009844,0.055827,-0.061620
557500,80.4648,33,Middle_C5_Bend,Middle,bend,5,0.4648,Middle cycle 5: BEND Middle,2929,2945,2959,3159,2858,3007,2876,8540.823328,8706.956522,8856.161972,11475.000000,7855.456750,9396.875000,8021.657096,-0.257763,0.136859,0.126737,0.115861,-0.016711,0.058472,-0.050621
557550,80.5196,33,Middle_C5_Bend,Middle,bend,5,0.5196,Middle cycle 5: BEND Middle,2921,2933,2946,3189,2865,3000,2875,8459.454855,8581.927711,8717.493473,11967.549669,7919.512195,9315.068493,8012.295082,-0.264834,0.120534,0.109094,0.163758,-0.008693,0.049257,-0.051729
557600,80.5639,33,Middle_C5_Bend,Middle,bend,5,0.5639,Middle cycle 5: BEND Middle,2928,2940,2949,3174,2864,2991,2862,8530.591260,8654.545455,8749.214660,11717.263844,7910.316816,9211.413043,7891.970803,-0.258652,0.130016,0.113130,0.139419,-0.009844,0.037581,-0.065969
557650,80.6985,33,Middle_C5_Bend,Middle,bend,5,0.6985,Middle cycle 5: BEND Middle,2927,2927,2941,3177,2857,2997,2879,8520.376712,8520.376712,8664.991334,11766.666667,7846.365105,9280.327869,8049.835526,-0.259540,0.112497,0.102415,0.144223,-0.017849,0.045344,-0.047286
557700,80.6986,33,Middle_C5_Bend,Middle,bend,5,0.6986,Middle cycle 5: BEND Middle,2916,2923,2954,3209,2863,2989,2878,8409.160305,8479.692833,8802.453988,12314.446953,7901.136364,9188.607595,8040.427280,-0.269205,0.107185,0.119904,0.197491,-0.010993,0.035012,-0.048399
557750,80.7091,33,Middle_C5_Bend,Middle,bend,5,0.7091,Middle cycle 5: BEND Middle,2923,2926,2951,3179,2858,2967,2869,8479.692833,8510.179641,8770.454545,11799.781659,7855.456750,8943.085106,7956.443719,-0.263076,0.111166,0.115833,0.147443,-0.016711,0.007356,-0.058339
557800,80.7528,33,Middle_C5_Bend,Middle,bend,5,0.7528,Middle cycle 5: BEND Middle,2922,2929,2924,3215,2849,2972,2879,8469.565217,8540.823328,8489.837746,12421.590909,7774.157303,8998.040962,8049.835526,-0.263956,0.115167,0.080131,0.207910,-0.026887,0.013547,-0.047286
557850,80.7958,33,Middle_C5_Bend,Middle,bend,5,0.7958,Middle cycle 5: BEND Middle,2912,2930,2931,3232,2864,2977,2878,8369.230769,8551.072961,8561.340206,12733.256083,7910.316816,9053.488372,8040.427280,-0.272675,0.116505,0.089228,0.238217,-0.009844,0.019792,-0.048399
557900,80.9539,33,Middle_C5_Bend,Middle,bend,5,0.9539,Middle cycle 5: BEND Middle,2923,2930,2949,3205,2864,3023,2868,8479.692833,8551.072961,8749.214660,12243.820225,7910.316816,9587.873134,7947.188264,-0.263076,0.116505,0.113130,0.190623,-0.009844,0.079986,-0.059434
557950,80.9539,33,Middle_C5_Bend,Middle,bend,5,0.9539,Middle cycle 5: BEND Middle,2921,2937,2938,3224,2860,3010,2877,8459.454855,8623.316062,8633.707865,12585.074627,7873.684211,9432.258065,8031.034483,-0.264834,0.125938,0.098435,0.223807,-0.014429,0.062457,-0.049511
558000,80.9539,33,Middle_C5_Bend,Middle,bend,5,0.9539,Middle cycle 5: BEND Middle,2913,2927,2976,3195,2865,3019,2876,8379.187817,8520.376712,9042.359249,12070.000000,7919.512195,9539.591078,8021.657096,-0.271810,0.112497,0.150426,0.173720,-0.008693,0.074547,-0.050621
558050,81.0077,33,Middle_C5_Bend,Middle,bend,5,1.0077,Middle cycle 5: BEND Middle,2922,2929,2964,3188,2863,2989,2865,8469.565217,8540.823328,8910.344828,11950.606395,7901.136364,9188.607595,7919.512195,-0.263956,0.115167,0.133630,0.162110,-0.010993,0.035012,-0.062710
558100,81.0511,33,Middle_C5_Bend,Middle,bend,5,1.0511,Middle cycle 5: BEND Middle,2920,2926,2958,3205,2858,3014,2877,8449.361702,8510.179641,8845.382586,12243.820225,7855.456750,9479.740981,8031.034483,-0.265712,0.111166,0.125365,0.190623,-0.016711,0.067806,-0.049511
558150,81.2079,33,Middle_C5_Bend,Middle,bend,5,1.2079,Middle cycle 5: BEND Middle,2908,2928,2992,3265,2864,2997,2875,8329.570345,8530.591260,9222.846782,13374.698795,7910.316816,9280.327869,8012.295082,-0.276122,0.113831,0.173389,0.300593,-0.009844,0.045344,-0.051729
558200,81.2079,33,Middle_C5_Bend,Middle,bend,5,1.2079,Middle cycle 5: BEND Middle,2920,2936,3019,3262,2864,3043,2869,8449.361702,8612.942192,9539.591078,13314.285714,7910.316816,9834.790875,7956.443719,-0.265712,0.124584,0.213687,0.294718,-0.009844,0.107799,-0.058339
558250,81.2079,33,Middle_C5_Bend,Middle,bend,5,1.2079,Middle cycle 5: BEND Middle,2920,2941,3013,3223,2853,3005,2880,8449.361702,8664.991334,9467.837338,12566.743119,7810.144928,9373.394495,8059.259259,-0.265712,0.131380,0.204558,0.222025,-0.022383,0.055827,-0.046170
558300,81.2950,33,Middle_C5_Bend,Middle,bend,5,1.2950,Middle cycle 5: BEND Middle,2921,2953,3053,3257,2859,3046,2878,8459.454855,8791.768827,9961.804223,13214.558473,7864.563107,9872.640610,8040.427280,-0.264834,0.147933,0.267404,0.285020,-0.015571,0.112062,-0.048399
558350,81.3172,33,Middle_C5_Bend,Middle,bend,5,1.3172,Middle cycle 5: BEND Middle,2929,2949,3008,3243,2856,3032,2866,8540.823328,8749.214660,9408.647654,12941.549296,7837.288136,9697.836312,7928.722539,-0.257763,0.142377,0.197027,0.258472,-0.018985,0.092372,-0.061620
558400,81.4661,33,Middle_C5_Bend,Middle,bend,5,1.4661,Middle cycle 5: BEND Middle,2938,2930,2990,3186,2852,3056,2879,8633.707865,8551.072961,9200.000000,11916.831683,7801.126307,10000.384986,8049.835526,-0.249691,0.116505,0.170482,0.158826,-0.023512,0.126451,-0.047286
558450,81.4662,33,Middle_C5_Bend,Middle,bend,5,1.4662,Middle cycle 5: BEND Middle,2929,2910,2965,3260,2880,3031,2883,8540.823328,8349.367089,8921.238938,13274.251497,8059.259259,9685.526316,8087.623762,-0.257763,0.090169,0.135016,0.290825,0.008800,0.090985,-0.042813
558500,81.4662,33,Middle_C5_Bend,Middle,bend,5,1.4662,Middle cycle 5: BEND Middle,2942,2921,2962,3262,2895,3029,2871,8675.455334,8459.454855,8888.614298,13314.285714,8202.500000,9660.975610,7975.000000,-0.246063,0.104543,0.130866,0.294718,0.026730,0.088220,-0.056143
558550,81.5099,33,Middle_C5_Bend,Middle,bend,5,1.5099,Middle cycle 5: BEND Middle,2951,2919,3001,3196,2889,3041,2881,8770.454545,8439.285714,9326.691042,12087.208009,8144.776119,9809.677419,8068.698517,-0.237807,0.101909,0.186600,0.175394,0.019504,0.104970,-0.045053
558600,81.5542,33,Middle_C5_Bend,Middle,bend,5,1.5542,Middle cycle 5: BEND Middle,2936,2906,3126,3258,2892,3034,2884,8612.942192,8309.840202,10968.421053,13234.408602,8173.566085,9722.525919,8097.109827,-0.251496,0.085008,0.395472,0.286950,0.023108,0.095153,-0.041691
558650,81.7323,33,Middle_C5_Bend,Middle,bend,5,1.7323,Middle cycle 5: BEND Middle,2951,2916,3225,3222,2895,3066,2876,8770.454545,8409.160305,12603.448276,12548.453608,8202.500000,10130.612245,8021.657096,-0.237807,0.097976,0.603490,0.220246,0.026730,0.141120,-0.050621
558700,81.7324,33,Middle_C5_Bend,Middle,bend,5,1.7324,Middle cycle 5: BEND Middle,2951,2908,3167,3173,2880,3060,2885,8770.454545,8329.570345,11603.232759,11700.867679,8059.259259,10052.173913,8106.611570,-0.237807,0.087584,0.476236,0.137825,0.008800,0.132285,-0.040566
558750,81.7324,33,Middle_C5_Bend,Middle,bend,5,1.7324,Middle cycle 5: BEND Middle,2944,2928,2928,3204,2896,3039,2888,8696.437880,8530.591260,8530.591260,12226.262626,8212.176814,9784.659091,8135.211268,-0.244239,0.113831,0.085316,0.188916,0.027941,0.102152,-0.037181
558800,81.7654,33,Middle_C5_Bend,Middle,bend,5,1.7654,Middle cycle 5: BEND Middle,2950,2932,2942,3200,2894,3048,2880,8759.825328,8571.625107,8675.455334,12156.424581,8192.839301,9897.994269,8059.259259,-0.238731,0.119189,0.103746,0.182124,0.025520,0.114918,-0.046170
558850,81.8096,33,Middle_C5_Bend,Middle,bend,5,1.8096,Middle cycle 5: BEND Middle,2951,2929,3150,3173,2897,3031,2888,8770.454545,8540.823328,11333.333333,11700.867679,8221.869783,9685.526316,8135.211268,-0.237807,0.115167,0.441898,0.137825,0.029154,0.090985,-0.037181
558900,81.9781,33,Middle_C5_Bend,Middle,bend,5,1.9781,Middle cycle 5: BEND Middle,2945,2918,2924,3196,2900,3056,2889,8706.956522,8429.226848,8489.837746,12087.208009,8251.046025,10000.384986,8144.776119,-0.243325,0.100596,0.080131,0.175394,0.032806,0.126451,-0.036049
558950,81.9782,33,Middle_C5_Bend,Middle,bend,5,1.9782,Middle cycle 5: BEND Middle,2955,2925,3010,3185,2904,3029,2875,8813.157895,8500.000000,9432.258065,11900.000000,8290.176322,9660.975610,8012.295082,-0.234096,0.109837,0.200031,0.157189,0.037704,0.088220,-0.051729
559000,81.9893,33,Middle_C5_Bend,Middle,bend,5,1.9893,Middle cycle 5: BEND Middle,2956,2921,2945,3241,2894,3028,2886,8823.880597,8459.454855,8706.956522,12903.278689,8192.839301,9648.734770,8116.129032,-0.233164,0.104543,0.107754,0.254750,0.025520,0.086841,-0.039440
559050,82.0169,34,Ring_Prep_Open,Ring,prep_open,0,0.0169,OPEN HAND - prepare for Ring,2937,2919,2885,3213,2908,3031,2884,8623.316062,8439.285714,8106.611570,12385.714286,8329.570345,9685.526316,8097.109827,-0.250594,0.101909,0.031374,0.204421,0.042635,0.090985,-0.041691
559100,82.0713,34,Ring_Prep_Open,Ring,prep_open,0,0.0713,OPEN HAND - prepare for Ring,2955,2922,2887,3189,2917,3023,2875,8813.157895,8469.565217,8125.662252,11967.549669,8419.185059,9587.873134,8012.295082,-0.234096,0.105863,0.033798,0.163758,0.053853,0.079986,-0.051729
559150,82.2424,34,Ring_Prep_Open,Ring,prep_open,0,0.2424,OPEN HAND - prepare for Ring,2951,2918,2883,3162,2909,3029,2884,8770.454545,8429.226848,8087.623762,11522.829582,8339.460371,9660.975610,8097.109827,-0.237807,0.100596,0.028958,0.120512,0.043873,0.088220,-0.041691
559200,82.2425,34,Ring_Prep_Open,Ring,prep_open,0,0.2425,OPEN HAND - prepare for Ring,2943,2915,2895,3178,2910,3018,2881,8685.937500,8399.152542,8202.500000,11783.206107,8349.367089,9527.576602,8068.698517,-0.245152,0.096669,0.043574,0.145832,0.045113,0.073194,-0.045053
559250,82.2425,34,Ring_Prep_Open,Ring,prep_open,0,0.2425,OPEN HAND - prepare for Ring,2954,2924,2897,3195,2898,3018,2873,8802.453988,8489.837746,8221.869783,12070.000000,8231.578947,9527.576602,7993.617021,-0.235026,0.108510,0.046038,0.173720,0.030369,0.073194,-0.053939
559300,82.2750,34,Ring_Prep_Open,Ring,prep_open,0,0.2750,OPEN HAND - prepare for Ring,2948,2927,2876,3201,2904,3025,2884,8738.622493,8520.376712,8021.657096,12173.825503,8290.176322,9612.149533,8097.109827,-0.240573,0.112497,0.020566,0.183816,0.037704,0.082720,-0.041691
559350,82.2964,34,Ring_Prep_Open,Ring,prep_open,0,0.2964,OPEN HAND - prepare for Ring,2941,2913,2898,3257,2898,3043,2884,8664.991334,8379.187817,8231.578947,13214.558473,8231.578947,9834.790875,8097.109827,-0.246972,0.094062,0.047273,0.285020,0.030369,0.107799,-0.041691
559400,82.4849,34,Ring_Prep_Open,Ring,prep_open,0,0.4849,OPEN HAND - prepare for Ring,2950,2910,2906,3211,2901,3010,2873,8759.825328,8349.367089,8309.840202,12350.000000,8260.804020,9432.258065,7993.617021,-0.238731,0.090169,0.057230,0.200948,0.034028,0.062457,-0.053939
559450,82.4850,34,Ring_Prep_Open,Ring,prep_open,0,0.4850,OPEN HAND - prepare for Ring,2946,2910,2913,3151,2887,3008,2882,8717.493473,8349.367089,8379.187817,11348.940678,8125.662252,9408.647654,8078.153339,-0.242410,0.090169,0.066053,0.103602,0.017112,0.059798,-0.043934
559500,82.4851,34,Ring_Prep_Open,Ring,prep_open,0,0.4851,OPEN HAND - prepare for Ring,2930,2904,2935,3197,2895,3018,2883,8551.072961,8290.176322,8602.586207,12104.454343,8202.500000,9527.576602,8087.623762,-0.256872,0.082440,0.094475,0.177071,0.026730,0.073194,-0.042813
559550,82.5064,34,Ring_Prep_Open,Ring,prep_open,0,0.5064,OPEN HAND - prepare for Ring,2944,2926,2886,3198,2894,3022,2874,8696.437880,8510.179641,8116.129032,12121.739130,8192.839301,9575.768872,8002.948403,-0.244239,0.111166,0.032585,0.178751,0.025520,0.078622,-0.052835
559600,82.5498,34,Ring_Prep_Open,Ring,prep_open,0,0.5498,OPEN HAND - prepare for Ring,2938,2926,2896,3177,2884,3010,2884,8633.707865,8510.179641,8212.176814,11766.666667,8097.109827,9432.258065,8097.109827,-0.249691,0.111166,0.044805,0.144223,0.013538,0.062457,-0.041691
559650,82.6044,34,Ring_Prep_Open,Ring,prep_open,0,0.6044,OPEN HAND - prepare for Ring,2923,2922,2997,3157,2891,3018,2883,8479.692833,8469.565217,9280.327869,11443.283582,8163.953488,9527.576602,8087.623762,-0.263076,0.105863,0.180702,0.112777,0.021905,0.073194,-0.042813
559700,82.7365,34,Ring_Prep_Open,Ring,prep_open,0,0.7365,OPEN HAND - prepare for Ring,2932,2923,2886,3155,2894,3010,2873,8571.625107,8479.692833,8116.129032,11411.702128,8192.839301,9432.258065,7993.617021,-0.255086,0.107185,0.032585,0.109705,0.025520,0.062457,-0.053939
559750,82.7366,34,Ring_Prep_Open,Ring,prep_open,0,0.7366,OPEN HAND - prepare for Ring,2931,2908,2912,3138,2886,3012,2884,8561.340206,8329.570345,8369.230769,11148.589342,8116.129032,9455.955679,8097.109827,-0.255980,0.087584,0.064786,0.084120,0.015918,0.065126,-0.041691
559800,82.7469,34,Ring_Prep_Open,Ring,prep_open,0,0.7469,OPEN HAND - prepare for Ring,2924,2908,2878,3144,2892,3006,2883,8489.837746,8329.570345,8040.427280,11240.378549,8173.566085,9385.123967,8087.623762,-0.262194,0.087584,0.022954,0.093045,0.023108,0.057148,-0.042813
559850,82.8237,34,Ring_Prep_Open,Ring,prep_open,0,0.8237,OPEN HAND - prepare for Ring,2934,2921,2894,3119,2894,2992,2875,8592.248062,8459.454855,8192.839301,10865.368852,8192.839301,9222.846782,8012.295082,-0.253294,0.104543,0.042345,0.056579,0.025520,0.038869,-0.051729
559900,82.8557,34,Ring_Prep_Open,Ring,prep_open,0,0.8557,OPEN HAND - prepare for Ring,2935,2913,2966,3109,2890,2997,2885,8602.586207,8379.187817,8932.152347,10720.689655,8154.356846,9280.327869,8106.611570,-0.252396,0.094062,0.136405,0.042510,0.020703,0.045344,-0.040566
559950,82.9989,34,Ring_Prep_Open,Ring,prep_open,0,0.9989,OPEN HAND - prepare for Ring,2925,2902,2939,3119,2892,2994,2885,8500.000000,8270.578374,8644.117647,10865.368852,8173.566085,9245.776567,8106.611570,-0.261311,0.079881,0.099759,0.056579,0.023108,0.041452,-0.040566
560000,82.9990,34,Ring_Prep_Open,Ring,prep_open,0,0.9990,OPEN HAND - prepare for Ring,2936,2903,3001,3152,2888,2993,2872,8612.942192,8280.369128,9326.691042,11364.581124,8135.211268,9234.301270,7984.300899,-0.251496,0.081160,0.186600,0.105123,0.018307,0.040159,-0.055042
560050,83.0205,34,Ring_Prep_Open,Ring,prep_open,0,1.0205,OPEN HAND - prepare for Ring,2939,2901,2980,3154,2889,2992,2887,8644.117647,8260.804020,9086.995516,11395.961743,8144.776119,9222.846782,8125.662252,-0.248786,0.078605,0.156105,0.108175,0.019504,0.038869,-0.038311
560100,83.0537,34,Ring_Prep_Open,Ring,prep_open,0,1.0537,OPEN HAND - prepare for Ring,2927,2904,2897,3209,2895,2994,2885,8520.376712,8290.176322,8221.869783,12314.446953,8202.500000,9245.776567,8106.611570,-0.259540,0.082440,0.046038,0.197491,0.026730,0.041452,-0.040566
560150,83.1069,34,Ring_Prep_Open,Ring,prep_open,0,1.1069,OPEN HAND - prepare for Ring,2934,2914,2902,3232,2890,3014,2876,8592.248062,8389.161727,8270.578374,12733.256083,8154.356846,9479.740981,8021.657096,-0.253294,0.095365,0.052235,0.238217,0.020703,0.067806,-0.050621
560200,83.2390,34,Ring_Prep_Open,Ring,prep_open,0,1.2390,OPEN HAND - prepare for Ring,2950,2926,2935,3238,2891,3051,2884,8759.825328,8510.179641,8602.586207,12846.207701,8163.953488,9936.206897,8097.109827,-0.238731,0.111166,0.094475,0.249201,0.021905,0.119222,-0.041691
560250,83.2501,34,Ring_Prep_Open,Ring,prep_open,0,1.2501,OPEN HAND - prepare for Ring,2946,2914,2985,3233,2901,3030,2882,8717.493473,8389.161727,9143.243243,12751.972158,8260.804020,9673.239437,8078.153339,-0.242410,0.095365,0.163261,0.240037,0.034028,0.089601,-0.043934
560300,83.2711,34,Ring_Prep_Open,Ring,prep_open,0,1.2711,OPEN HAND - prepare for Ring,2960,2910,2944,3194,2903,3016,2879,8866.960352,8349.367089,8696.437880,12052.830189,8280.369128,9503.614458,8049.835526,-0.229420,0.090169,0.106416,0.172051,0.036477,0.070495,-0.047286
560350,83.3037,34,Ring_Prep_Open,Ring,prep_open,0,1.3037,OPEN HAND - prepare for Ring,2979,2926,2969,3157,2894,3000,2901,9075.806452,8510.179641,8965.008881,11443.283582,8192.839301,9315.068493,8260.804020,-0.211271,0.111166,0.140585,0.112777,0.025520,0.049257,-0.022317
560400,83.3474,34,Ring_Prep_Open,Ring,prep_open,0,1.3474,OPEN HAND - prepare for Ring,2970,2925,2974,3189,2899,3015,2902,8976.000000,8500.000000,9020.160571,11967.549669,8241.304348,9491.666667,8270.578374,-0.219944,0.109837,0.147602,0.163758,0.031587,0.069149,-0.021160
560450,83.4967,34,Ring_Prep_Open,Ring,prep_open,0,1.4967,OPEN HAND - prepare for Ring,2977,2931,3023,3195,2905,3020,2898,9053.488372,8561.340206,9587.873134,12070.000000,8300.000000,9551.627907,8231.578947,-0.213210,0.117846,0.219830,0.173720,0.038934,0.075903,-0.025776
560500,83.4968,34,Ring_Prep_Open,Ring,prep_open,0,1.4968,OPEN HAND - prepare for Ring,2963,2931,3015,3137,2883,3034,2917,8899.469965,8561.340206,9491.666667,11133.402923,8087.623762,9722.525919,8419.185059,-0.226595,0.117846,0.207590,0.082643,0.012350,0.095153,-0.003572
560550,83.5190,34,Ring_Prep_Open,Ring,prep_open,0,1.5190,OPEN HAND - prepare for Ring,2949,2913,2998,3159,2890,3041,2908,8749.214660,8379.187817,9291.886964,11475.000000,8154.356846,9809.677419,8329.570345,-0.239653,0.094062,0.182172,0.115861,0.020703,0.104970,-0.014179
560600,83.5739,34,Ring_Prep_Open,Ring,prep_open,0,1.5739,OPEN HAND - prepare for Ring,2958,2914,2974,3137,2890,3021,2896,8845.382586,8389.161727,9020.160571,11133.402923,8154.356846,9563.687151,8212.176814,-0.231295,0.095365,0.147602,0.082643,0.020703,0.077261,-0.028072
560650,83.6069,34,Ring_Prep_Open,Ring,prep_open,0,1.6069,OPEN HAND - prepare for Ring,2958,2909,2972,3133,2875,3041,2917,8845.382586,8339.460371,8998.040962,11072.972973,8012.295082,9809.677419,8419.185059,-0.231295,0.088875,0.144787,0.076767,0.002921,0.104970,-0.003572
560700,83.7613,34,Ring_Prep_Open,Ring,prep_open,0,1.7613,OPEN HAND - prepare for Ring,2957,2903,2957,3184,2884,3023,2908,8834.622144,8280.369128,8834.622144,11883.205269,8097.109827,9587.873134,8329.570345,-0.232231,0.081160,0.123996,0.155556,0.013538,0.079986,-0.014179
560750,83.7613,34,Ring_Prep_Open,Ring,prep_open,0,1.7613,OPEN HAND - prepare for Ring,2969,2915,2949,3167,2879,3037,2887,8965.008881,8399.152542,8749.214660,11603.232759,8049.835526,9759.735350,8125.662252,-0.220899,0.096669,0.113130,0.128330,0.007620,0.099344,-0.038311
560800,83.7613,34,Ring_Prep_Open,Ring,prep_open,0,1.7613,OPEN HAND - prepare for Ring,2960,2922,2917,3146,2875,3033,2894,8866.960352,8469.565217,8419.185059,11271.232877,8012.295082,9710.169492,8192.839301,-0.229420,0.105863,0.071142,0.096046,0.002921,0.093761,-0.030361
560850,83.8046,34,Ring_Prep_Open,Ring,prep_open,0,1.8046,OPEN HAND - prepare for Ring,2955,2921,2935,3183,2888,3055,2893,8813.157895,8459.454855,8602.586207,11866.447368,8135.211268,9987.500000,8183.194676,-0.234096,0.104543,0.094475,0.153926,0.018307,0.125000,-0.031502
560900,83.8595,34,Ring_Prep_Open,Ring,prep_open,0,1.8595,OPEN HAND - prepare for Ring,2963,2931,2937,3200,2893,3052,2891,8899.469965,8561.340206,8623.316062,12156.424581,8183.194676,9948.993289,8163.953488,-0.226595,0.117846,0.097113,0.182124,0.024313,0.120663,-0.033780
560950,84.0069,34,Ring_Prep_Open,Ring,prep_open,0,2.0069,OPEN HAND - prepare for Ring,2960,2936,2960,3187,2886,3025,2901,8866.960352,8612.942192,8866.960352,11933.700441,8116.129032,9612.149533,8260.804020,-0.229420,0.124584,0.128111,0.160466,0.015918,0.082720,-0.022317
561000,84.0070,34,Ring_Prep_Open,Ring,prep_open,0,2.0070,OPEN HAND - prepare for Ring,2956,2928,2971,3179,2888,3062,2901,8823.880597,8530.591260,8987.010676,11799.781659,8135.211268,10078.218780,8260.804020,-0.233164,0.113831,0.143384,0.147443,0.018307,0.135219,-0.022317
561050,84.0070,34,Ring_Prep_Open,Ring,prep_open,0,2.0070,OPEN HAND - prepare for Ring,2961,2931,2967,3189,2891,3050,2891,8877.777778,8561.340206,8943.085106,11967.549669,8163.953488,9923.444976,8163.953488,-0.228480,0.117846,0.137796,0.163758,0.021905,0.117785,-0.033780
561100,84.0732,34,Ring_Prep_Open,Ring,prep_open,0,2.0732,OPEN HAND - prepare for Ring,2959,2944,2993,3153,2880,3053,2896,8856.161972,8696.437880,9234.301270,11380.254777,8059.259259,9961.804223,8212.176814,-0.230359,0.135485,0.174846,0.106647,0.008800,0.122106,-0.028072
561150,84.1163,34,Ring_Prep_Open,Ring,prep_open,0,2.1163,OPEN HAND - prepare for Ring,2952,2952,2957,3180,2891,3041,2895,8781.102362,8781.102362,8834.622144,11816.393443,8163.953488,9809.677419,8202.500000,-0.236882,0.146540,0.123996,0.149059,0.021905,0.104970,-0.029218
561200,84.2698,34,Ring_Prep_Open,Ring,prep_open,0,2.2698,OPEN HAND - prepare for Ring,2961,2955,2951,3148,2891,3021,2886,8877.777778,8813.157895,8770.454545,11302.217529,8163.953488,9563.687151,8116.129032,-0.228480,0.150726,0.115833,0.099059,0.021905,0.077261,-0.039440
561250,84.2699,34,Ring_Prep_Open,Ring,prep_open,0,2.2699,OPEN HAND - prepare for Ring,2964,2951,2969,3133,2879,3027,2882,8910.344828,8770.454545,8965.008881,11072.972973,8049.835526,9636.516854,8078.153339,-0.225650,0.145150,0.140585,0.076767,0.007620,0.085465,-0.043934
561300,84.2699,34,Ring_Prep_Open,Ring,prep_open,0,2.2699,OPEN HAND - prepare for Ring,2959,2945,2961,3133,2889,3018,2877,8856.161972,8706.956522,8877.777778,11072.972973,8144.776119,9527.576602,8031.034483,-0.230359,0.136859,0.129487,0.076767,0.019504,0.073194,-0.049511
561350,84.3466,34,Ring_Prep_Open,Ring,prep_open,0,2.3466,OPEN HAND - prepare for Ring,2966,2951,2945,3132,2888,3004,2865,8932.152347,8770.454545,8706.956522,11057.943925,8135.211268,9361.686526,7919.512195,-0.223755,0.145150,0.107754,0.075305,0.018307,0.054508,-0.062710
561400,84.3574,34,Ring_Prep_Open,Ring,prep_open,0,2.3574,OPEN HAND - prepare for Ring,2962,2937,2947,3137,2878,3014,2872,8888.614298,8623.316062,8728.048780,11133.402923,8040.427280,9479.740981,7984.300899,-0.227538,0.125938,0.110437,0.082643,0.006442,0.067806,-0.055042
561450,84.5150,34,Ring_Prep_Open,Ring,prep_open,0,2.5150,OPEN HAND - prepare for Ring,2951,2926,2944,3144,2887,3002,2869,8770.454545,8510.179641,8696.437880,11240.378549,8125.662252,9338.334858,7956.443719,-0.237807,0.111166,0.106416,0.093045,0.017112,0.051878,-0.058339
561500,84.5151,34,Ring_Prep_Open,Ring,prep_open,0,2.5151,OPEN HAND - prepare for Ring,2957,2936,2933,3137,2887,2991,2863,8834.622144,8612.942192,8581.927711,11133.402923,8125.662252,9211.413043,7901.136364,-0.232231,0.124584,0.091847,0.082643,0.017112,0.037581,-0.064885
561550,84.5151,34,Ring_Prep_Open,Ring,prep_open,0,2.5151,OPEN HAND - prepare for Ring,2949,2932,2940,3130,2877,2989,2873,8749.214660,8571.625107,8654.545455,11027.979275,8031.034483,9188.607595,7993.617021,-0.239653,0.119189,0.101086,0.072391,0.005267,0.035012,-0.053939
561600,84.5476,34,Ring_Prep_Open,Ring,prep_open,0,2.5476,OPEN HAND - prepare for Ring,2941,2924,2938,3174,2886,3001,2868,8664.991334,8489.837746,8633.707865,11717.263844,8116.129032,9326.691042,7947.188264,-0.246972,0.108510,0.098435,0.139419,0.015918,0.050566,-0.059434
561650,84.6139,34,Ring_Prep_Open,Ring,prep_open,0,2.6139,OPEN HAND - prepare for Ring,2949,2925,2979,3098,2882,3023,2862,8749.214660,8500.000000,9075.806452,10564.894684,8078.153339,9587.873134,7891.970803,-0.239653,0.109837,0.154681,0.027360,0.011165,0.079986,-0.065969
561700,84.7735,34,Ring_Prep_Open,Ring,prep_open,0,2.7735,OPEN HAND - prepare for Ring,2946,2924,2955,3134,2874,3045,2870,8717.493473,8489.837746,8813.157895,11088.033299,8002.948403,9860.000000,7965.714286,-0.242410,0.108510,0.121265,0.078231,0.001751,0.110638,-0.057242
561750,84.7735,34,Ring_Prep_Open,Ring,prep_open,0,2.7735,OPEN HAND - prepare for Ring,2931,2906,2961,3139,2880,3045,2868,8561.340206,8309.840202,8877.777778,11163.807531,8059.259259,9860.000000,7947.188264,-0.255980,0.085008,0.129487,0.085600,0.008800,0.110638,-0.059434
561800,84.7735,34,Ring_Prep_Open,Ring,prep_open,0,2.7735,OPEN HAND - prepare for Ring,2945,2917,2961,3138,2881,3016,2859,8706.956522,8419.185059,8877.777778,11148.589342,8068.698517,9503.614458,7864.563107,-0.243325,0.099285,0.129487,0.084120,0.009981,0.070495,-0.069213
561850,84.8062,34,Ring_Prep_Open,Ring,prep_open,0,2.8062,OPEN HAND - prepare for Ring,2941,2915,2925,3135,2873,3007,2869,8664.991334,8399.152542,8500.000000,11103.125000,7993.617021,9396.875000,7956.443719,-0.246972,0.096669,0.081424,0.079699,0.000583,0.058472,-0.058339
561900,84.8502,34,Ring_Prep_Open,Ring,prep_open,0,2.8502,OPEN HAND - prepare for Ring,2930,2914,2932,3131,2877,3013,2870,8551.072961,8389.161727,8571.625107,11042.946058,8031.034483,9467.837338,7965.714286,-0.256872,0.095365,0.090536,0.073847,0.005267,0.066465,-0.057242
561950,85.0287,34,Ring_Prep_Open,Ring,prep_open,0,3.0287,OPEN HAND - prepare for Ring,2940,2932,2929,3116,2874,2990,2863,8654.545455,8571.625107,8540.823328,10821.654750,8002.948403,9200.000000,7901.136364,-0.247880,0.119189,0.086617,0.052328,0.001751,0.036295,-0.064885
562000,85.0288,34,Ring_Prep_Open,Ring,prep_open,0,3.0288,OPEN HAND - prepare for Ring,2940,2924,2928,3102,2872,3006,2876,8654.545455,8489.837746,8530.591260,10621.148036,7984.300899,9385.123967,8021.657096,-0.247880,0.108510,0.085316,0.032830,-0.000583,0.057148,-0.050621
562050,85.0288,34,Ring_Prep_Open,Ring,prep_open,0,3.0288,OPEN HAND - prepare for Ring,2929,2916,2947,3106,2879,3007,2876,8540.823328,8409.160305,8728.048780,10677.856421,8049.835526,9396.875000,8021.657096,-0.257763,0.097976,0.110437,0.038344,0.007620,0.058472,-0.050621
562100,85.0723,34,Ring_Prep_Open,Ring,prep_open,0,3.0723,OPEN HAND - prepare for Ring,2938,2929,2946,3103,2873,3005,2867,8633.707865,8540.823328,8717.493473,10635.282258,7993.617021,9373.394495,7937.947883,-0.249691,0.115167,0.109094,0.034204,0.000583,0.055827,-0.060528
562150,85.1156,34,Ring_Prep_Open,Ring,prep_open,0,3.1156,OPEN HAND - prepare for Ring,2941,2927,2921,3087,2866,3009,2878,8664.991334,8520.376712,8459.454855,10412.500000,7928.722539,9420.441989,8040.427280,-0.246972,0.112497,0.076265,0.012540,-0.007540,0.061126,-0.048399
562200,85.2912,34,Ring_Prep_Open,Ring,prep_open,0,3.2912,OPEN HAND - prepare for Ring,2937,2909,2951,3116,2875,3010,2875,8623.316062,8339.460371,8770.454545,10821.654750,8012.295082,9432.258065,8012.295082,-0.250594,0.088875,0.115833,0.052328,0.002921,0.062457,-0.051729
562250,85.2913,34,Ring_Prep_Open,Ring,prep_open,0,3.2913,OPEN HAND - prepare for Ring,2943,2913,2961,3080,2877,2987,2864,8685.937500,8379.187817,8877.777778,10317.241379,8031.034483,9165.884477,7910.316816,-0.245152,0.094062,0.129487,0.003277,0.005267,0.032453,-0.063798
562300,85.2913,34,Ring_Prep_Open,Ring,prep_open,0,3.2913,OPEN HAND - prepare for Ring,2940,2919,2925,3070,2869,2998,2872,8654.545455,8439.285714,8500.000000,10183.414634,7956.443719,9291.886964,7984.300899,-0.247880,0.101909,0.081424,-0.009737,-0.004070,0.046646,-0.055042
562350,85.3023,34,Ring_Prep_Open,Ring,prep_open,0,3.3023,OPEN HAND - prepare for Ring,2934,2904,2930,3094,2880,2998,2873,8592.248062,8290.176322,8551.072961,10509.090909,8059.259259,9291.886964,7993.617021,-0.253294,0.082440,0.087921,0.021933,0.008800,0.046646,-0.053939
562400,85.3789,34,Ring_Prep_Open,Ring,prep_open,0,3.3789,OPEN HAND - prepare for Ring,2939,2930,2924,3094,2878,2986,2867,8644.117647,8551.072961,8489.837746,10509.090909,8040.427280,9154.553652,7937.947883,-0.248786,0.116505,0.080131,0.021933,0.006442,0.031176,-0.060528
562450,85.5385,34,Ring_Prep_Open,Ring,prep_open,0,3.5385,OPEN HAND - prepare for Ring,2935,2926,2897,3088,2865,2987,2879,8602.586207,8510.179641,8221.869783,10426.216485,7919.512195,9165.884477,8049.835526,-0.252396,0.111166,0.046038,0.013874,-0.008693,0.032453,-0.047286
562500,85.5385,34,Ring_Prep_Open,Ring,prep_open,0,3.5385,OPEN HAND - prepare for Ring,2926,2915,2910,3090,2877,2988,2879,8510.179641,8399.152542,8349.367089,10453.731343,8031.034483,9177.235772,8049.835526,-0.260426,0.096669,0.062259,0.016550,0.005267,0.033731,-0.047286
562550,85.5385,34,Ring_Prep_Open,Ring,prep_open,0,3.5385,OPEN HAND - prepare for Ring,2931,2920,2898,3104,2875,2969,2864,8561.340206,8449.361702,8231.578947,10649.445005,8012.295082,8965.008881,7910.316816,-0.255980,0.103225,0.047273,0.035581,0.002921,0.009826,-0.063798
562600,85.5814,34,Ring_Prep_Open,Ring,prep_open,0,3.5814,OPEN HAND - prepare for Ring,2928,2918,2883,3069,2869,2979,2873,8530.591260,8429.226848,8087.623762,10170.175439,7956.443719,9075.806452,7993.617021,-0.258652,0.100596,0.028958,-0.011024,-0.004070,0.022306,-0.053939
562650,85.6139,34,Ring_Prep_Open,Ring,prep_open,0,3.6139,OPEN HAND - prepare for Ring,2921,2910,2896,3071,2875,2985,2875,8459.454855,8349.367089,8212.176814,10196.679688,8012.295082,9143.243243,8012.295082,-0.264834,0.090169,0.044805,-0.008447,0.002921,0.029902,-0.051729
562700,85.6573,34,Ring_Prep_Open,Ring,prep_open,0,3.6573,OPEN HAND - prepare for Ring,2929,2920,2895,3086,2872,2987,2866,8540.823328,8449.361702,8202.500000,10398.810704,7984.300899,9165.884477,7928.722539,-0.257763,0.103225,0.043574,0.011209,-0.000583,0.032453,-0.061620
562750,85.7914,34,Ring_Prep_Open,Ring,prep_open,0,3.7914,OPEN HAND - prepare for Ring,2930,2927,2867,3077,2865,3009,2875,8551.072961,8520.376712,7937.947883,10276.817289,7919.512195,9420.441989,8012.295082,-0.256872,0.112497,0.009916,-0.000654,-0.008693,0.061126,-0.051729
562800,85.7915,34,Ring_Prep_Open,Ring,prep_open,0,3.7915,OPEN HAND - prepare for Ring,2926,2926,2877,3092,2875,3009,2873,8510.179641,8510.179641,8031.034483,10481.355932,8012.295082,9420.441989,7993.617021,-0.260426,0.111166,0.021759,0.019236,0.002921,0.061126,-0.053939
562850,85.8237,34,Ring_Prep_Open,Ring,prep_open,0,3.8237,OPEN HAND - prepare for Ring,2927,2964,2888,3091,2876,2996,2864,8520.376712,8910.344828,8135.211268,10467.529880,8021.657096,9268.789809,7910.316816,-0.259540,0.163415,0.035013,0.017892,0.004093,0.044044,-0.063798
562900,85.8568,34,Ring_Prep_Open,Ring,prep_open,0,3.8568,OPEN HAND - prepare for Ring,2928,2955,2883,3094,2866,3008,2874,8530.591260,8813.157895,8087.623762,10509.090909,7928.722539,9408.647654,8002.948403,-0.258652,0.150726,0.028958,0.021933,-0.007540,0.059798,-0.052835
562950,85.9003,34,Ring_Prep_Open,Ring,prep_open,0,3.9003,OPEN HAND - prepare for Ring,2922,2942,2887,3102,2880,3014,2874,8469.565217,8675.455334,8125.662252,10621.148036,8059.259259,9479.740981,8002.948403,-0.263956,0.132746,0.033798,0.032830,0.008800,0.067806,-0.052835
563000,86.0561,35,Ring_C1_Open,Ring,open,1,0.0561,Ring cycle 1: OPEN,2929,2949,2885,3115,2879,3003,2863,8540.823328,8749.214660,8106.611570,10807.142857,8049.835526,9350.000000,7901.136364,-0.257763,0.142377,0.031374,0.050916,0.007620,0.053191,-0.064885
563050,86.0563,35,Ring_C1_Open,Ring,open,1,0.0563,Ring cycle 1: OPEN,2929,2956,2892,3087,2866,3013,2870,8540.823328,8823.880597,8173.566085,10412.500000,7928.722539,9467.837338,7965.714286,-0.257763,0.152126,0.039893,0.012540,-0.007540,0.066465,-0.057242
563100,86.0674,35,Ring_C1_Open,Ring,open,1,0.0674,Ring cycle 1: OPEN,2920,2961,2892,3084,2874,3015,2872,8449.361702,8877.777778,8173.566085,10371.513353,8002.948403,9491.666667,7984.300899,-0.265712,0.159163,0.039893,0.008555,0.001751,0.069149,-0.055042
563150,86.1104,35,Ring_C1_Open,Ring,open,1,0.1104,Ring cycle 1: OPEN,2931,3001,2928,3089,2878,2990,2866,8561.340206,9326.691042,8530.591260,10439.960239,8040.427280,9200.000000,7928.722539,-0.255980,0.217777,0.085316,0.015211,0.006442,0.036295,-0.061620
563200,86.1538,35,Ring_C1_Open,Ring,open,1,0.1538,Ring cycle 1: OPEN,2927,2975,2894,3079,2868,2994,2876,8520.376712,9031.250000,8192.839301,10303.740157,7947.188264,9245.776567,8021.657096,-0.259540,0.179202,0.042345,0.001964,-0.005229,0.041452,-0.050621
563250,86.3107,35,Ring_C1_Open,Ring,open,1,0.3107,Ring cycle 1: OPEN,2919,2968,2905,3068,2874,2987,2876,8439.285714,8954.037267,8300.000000,10156.962025,8002.948403,9165.884477,8021.657096,-0.266587,0.169120,0.055978,-0.012309,0.001751,0.032453,-0.050621
563300,86.3108,35,Ring_C1_Open,Ring,open,1,0.3108,Ring cycle 1: OPEN,2929,2955,2890,3068,2877,2969,2863,8540.823328,8813.157895,8154.356846,10156.962025,8031.034483,8965.008881,7901.136364,-0.257763,0.150726,0.037449,-0.012309,0.005267,0.009826,-0.064885
563350,86.3108,35,Ring_C1_Open,Ring,open,1,0.3108,Ring cycle 1: OPEN,2927,2945,2887,3056,2871,2963,2871,8520.376712,8706.956522,8125.662252,10000.384986,7975.000000,8899.469965,7975.000000,-0.259540,0.136859,0.033798,-0.027535,-0.001747,0.002443,-0.056143
563400,86.3552,35,Ring_C1_Open,Ring,open,1,0.3552,Ring cycle 1: OPEN,2919,2928,2885,3062,2878,2960,2869,8439.285714,8530.591260,8106.611570,10078.218780,8040.427280,8866.960352,7956.443719,-0.266587,0.113831,0.031374,-0.019966,0.006442,-0.001218,-0.058339
563450,86.4208,35,Ring_C1_Open,Ring,open,1,0.4208,Ring cycle 1: OPEN,2928,2949,2893,3059,2877,2950,2864,8530.591260,8749.214660,8183.194676,10039.189189,8031.034483,8759.825328,7910.316816,-0.258652,0.142377,0.041118,-0.023761,0.005267,-0.013286,-0.063798
563500,86.5538,35,Ring_C1_Open,Ring,open,1,0.5538,Ring cycle 1: OPEN,2925,2940,2856,3073,2862,2953,2871,8500.000000,8654.545455,7837.288136,10223.287671,7891.970803,8791.768827,7975.000000,-0.261311,0.130016,-0.002891,-0.005859,-0.012140,-0.009688,-0.056143
563550,86.5538,35,Ring_C1_Open,Ring,open,1,0.5538,Ring cycle 1: OPEN,2914,2929,2901,3091,2874,2959,2868,8389.161727,8540.823328,8260.804020,10467.529880,8002.948403,8856.161972,7947.188264,-0.270943,0.115167,0.050992,0.017892,0.001751,-0.002435,-0.059434
563600,86.5649,35,Ring_C1_Open,Ring,open,1,0.5649,Ring cycle 1: OPEN,2925,2933,2901,3088,2873,2947,2859,8500.000000,8581.927711,8260.804020,10426.216485,7993.617021,8728.048780,7864.563107,-0.261311,0.120534,0.050992,0.013874,0.000583,-0.016866,-0.069213
563650,86.6196,35,Ring_C1_Open,Ring,open,1,0.6196,Ring cycle 1: OPEN,2924,2928,2887,3055,2865,2952,2870,8489.837746,8530.591260,8125.662252,9987.500000,7919.512195,8781.102362,7965.714286,-0.262194,0.113831,0.033798,-0.028788,-0.008693,-0.010890,-0.057242
563700,86.6628,35,Ring_C1_Open,Ring,open,1,0.6628,Ring cycle 1: OPEN,2911,2929,2904,3085,2878,2958,2869,8359.290541,8540.823328,8290.176322,10385.148515,8040.427280,8845.382586,7956.443719,-0.273539,0.115167,0.054728,0.009881,0.006442,-0.003649,-0.058339
563750,86.8102,35,Ring_C1_Open,Ring,open,1,0.8102,Ring cycle 1: OPEN,2922,2946,2921,3094,2875,2971,2864,8469.565217,8717.493473,8459.454855,10509.090909,8012.295082,8987.010676,7910.316816,-0.263956,0.138235,0.076265,0.021933,0.002921,0.012304,-0.063798
563800,86.8102,35,Ring_C1_Open,Ring,open,1,0.8102,Ring cycle 1: OPEN,2923,2940,2887,3129,2871,2973,2873,8479.692833,8654.545455,8125.662252,11013.043478,7975.000000,9009.090909,7993.617021,-0.263076,0.130016,0.033798,0.070939,-0.001747,0.014791,-0.053939
563850,86.8102,35,Ring_C1_Open,Ring,open,1,0.8102,Ring cycle 1: OPEN,2917,2930,2917,3101,2878,2956,2873,8419.185059,8551.072961,8419.185059,10607.042254,8040.427280,8823.880597,7993.617021,-0.268334,0.116505,0.071142,0.031458,0.006442,-0.006071,-0.053939
563900,86.8645,35,Ring_C1_Open,Ring,open,1,0.8645,Ring cycle 1: OPEN,2924,2933,2898,3077,2872,2941,2862,8489.837746,8581.927711,8231.578947,10276.817289,7984.300899,8664.991334,7891.970803,-0.262194,0.120534,0.047273,-0.000654,-0.000583,-0.023968,-0.065969
563950,86.9193,35,Ring_C1_Open,Ring,open,1,0.9193,Ring cycle 1: OPEN,2918,2940,2919,3100,2867,2959,2870,8429.226848,8654.545455,8439.285714,10592.964824,7937.947883,8856.161972,7965.714286,-0.267461,0.130016,0.073699,0.030089,-0.006385,-0.002435,-0.057242
564000,87.0650,35,Ring_C1_Open,Ring,open,1,1.0650,Ring cycle 1: OPEN,2905,2933,2933,3056,2874,2973,2867,8300.000000,8581.927711,8581.927711,10000.384986,8002.948403,9009.090909,7937.947883,-0.278692,0.120534,0.091847,-0.027535,0.001751,0.014791,-0.060528
564050,87.0651,35,Ring_C1_Open,Ring,open,1,1.0651,Ring cycle 1: OPEN,2922,2926,2924,3088,2876,2988,2867,8469.565217,8510.179641,8489.837746,10426.216485,8021.657096,9177.235772,7937.947883,-0.263956,0.111166,0.080131,0.013874,0.004093,0.033731,-0.060528
564100,87.0976,35,Ring_C1_Open,Ring,open,1,1.0976,Ring cycle 1: OPEN,2916,2924,2883,3050,2865,2962,2872,8409.160305,8489.837746,8087.623762,9923.444976,7919.512195,8888.614298,7984.300899,-0.269205,0.108510,0.028958,-0.035017,-0.008693,0.001221,-0.055042
564150,87.1298,35,Ring_C1_Open,Ring,open,1,1.1298,Ring cycle 1: OPEN,2909,2909,2894,3079,2875,2957,2870,8339.460371,8339.460371,8192.839301,10303.740157,8012.295082,8834.622144,7965.714286,-0.275262,0.088875,0.042345,0.001964,0.002921,-0.004861,-0.057242
564200,87.1621,35,Ring_C1_Open,Ring,open,1,1.1621,Ring cycle 1: OPEN,2918,2914,2869,3061,2876,2949,2863,8429.226848,8389.161727,7956.443719,10065.183752,8021.657096,8749.214660,7901.136364,-0.267461,0.095365,0.012269,-0.021234,0.004093,-0.014481,-0.064885
564250,87.3227,35,Ring_C1_Open,Ring,open,1,1.3227,Ring cycle 1: OPEN,2917,2919,2839,3066,2865,2949,2869,8419.185059,8439.285714,7685.191083,10130.612245,7919.512195,8749.214660,7956.443719,-0.268334,0.101909,-0.022242,-0.014871,-0.008693,-0.014481,-0.058339
564300,87.3228,35,Ring_C1_Open,Ring,open,1,1.3228,Ring cycle 1: OPEN,2905,2902,2861,3083,2870,2969,2868,8300.000000,8270.578374,7882.820097,10357.905138,7965.714286,8965.008881,7947.188264,-0.278692,0.079881,0.002902,0.007231,-0.002910,0.009826,-0.059434
564350,87.3228,35,Ring_C1_Open,Ring,open,1,1.3228,Ring cycle 1: OPEN,2912,2913,2862,3069,2870,2964,2861,8369.230769,8379.187817,7891.970803,10170.175439,7965.714286,8910.344828,7882.820097,-0.272675,0.094062,0.004066,-0.011024,-0.002910,0.003668,-0.067052
564400,87.3557,35,Ring_C1_Open,Ring,open,1,1.3557,Ring cycle 1: OPEN,2914,2913,2849,3061,2862,2952,2870,8389.161727,8379.187817,7774.157303,10065.183752,7891.970803,8781.102362,7965.714286,-0.270943,0.094062,-0.010923,-0.021234,-0.012140,-0.010890,-0.057242
564450,87.3996,35,Ring_C1_Open,Ring,open,1,1.3996,Ring cycle 1: OPEN,2900,2907,2854,3064,2868,2953,2868,8251.046025,8319.696970,7819.178082,10104.364694,7947.188264,8791.768827,7947.188264,-0.282946,0.086295,-0.005195,-0.017424,-0.005229,-0.009688,-0.059434
564500,87.5824,35,Ring_C1_Open,Ring,open,1,1.5824,Ring cycle 1: OPEN,2911,2918,2856,3058,2867,2946,2864,8359.290541,8429.226848,7837.288136,10026.229508,7937.947883,8717.493473,7910.316816,-0.273539,0.100596,-0.002891,-0.025022,-0.006385,-0.018055,-0.063798
564550,87.5825,35,Ring_C1_Open,Ring,open,1,1.5825,Ring cycle 1: OPEN,2911,2928,2848,3043,2860,2948,2875,8359.290541,8530.591260,7765.196472,9834.790875,7873.684211,8738.622493,8012.295082,-0.273539,0.113831,-0.012063,-0.043638,-0.014429,-0.015675,-0.051729
564600,87.5825,35,Ring_C1_Open,Ring,open,1,1.5825,Ring cycle 1: OPEN,2900,2926,2858,3056,2866,2940,2871,8251.046025,8510.179641,7855.456750,10000.384986,7928.722539,8654.545455,7975.000000,-0.282946,0.111166,-0.000579,-0.027535,-0.007540,-0.025145,-0.056143
564650,87.6147,35,Ring_C1_Open,Ring,open,1,1.6147,Ring cycle 1: OPEN,2907,2943,2859,3054,2867,2929,2862,8319.696970,8685.937500,7864.563107,9974.639769,7937.947883,8540.823328,7891.970803,-0.276980,0.134114,0.000579,-0.030038,-0.006385,-0.037955,-0.065969
564700,87.6799,35,Ring_C1_Open,Ring,open,1,1.6799,Ring cycle 1: OPEN,2906,2946,2853,3044,2858,2941,2871,8309.840202,8717.493473,7810.144928,9847.383444,7855.456750,8664.991334,7975.000000,-0.277837,0.138235,-0.006344,-0.042413,-0.016711,-0.023968,-0.056143
564750,87.7019,35,Ring_C1_Open,Ring,open,1,1.7019,Ring cycle 1: OPEN,2898,2933,2855,3049,2865,2933,2868,8231.578947,8581.927711,7828.225806,9910.707457,7919.512195,8581.927711,7947.188264,-0.284638,0.120534,-0.004044,-0.036255,-0.008693,-0.033325,-0.059434
564800,87.8392,35,Ring_C1_Open,Ring,open,1,1.8392,Ring cycle 1: OPEN,2908,2957,2858,3038,2864,2928,2861,8329.570345,8834.622144,7855.456750,9772.185430,7910.316816,8530.591260,7882.820097,-0.276122,0.153528,-0.000579,-0.049726,-0.009844,-0.039107,-0.067052
564850,87.8393,35,Ring_C1_Open,Ring,open,1,1.8393,Ring cycle 1: OPEN,2907,2934,2851,3034,2855,2925,2867,8319.696970,8592.248062,7792.122186,9722.525919,7828.225806,8500.000000,7937.947883,-0.276980,0.121882,-0.008637,-0.054555,-0.020119,-0.042553,-0.060528
564900,87.8721,35,Ring_C1_Open,Ring,open,1,1.8721,Ring cycle 1: OPEN,2897,2922,2855,3036,2866,2927,2866,8221.869783,8469.565217,7828.225806,9747.308782,7928.722539,8520.376712,7928.722539,-0.285482,0.105863,-0.004044,-0.052145,-0.007540,-0.040258,-0.061620
564950,87.9154,35,Ring_C1_Open,Ring,open,1,1.9154,Ring cycle 1: OPEN,2906,2928,2858,3027,2865,2919,2857,8309.840202,8530.591260,7855.456750,9636.516854,7919.512195,8439.285714,7846.365105,-0.277837,0.113831,-0.000579,-0.062918,-0.008693,-0.049392,-0.071367
565000,87.9588,35,Ring_C1_Open,Ring,open,1,1.9588,Ring cycle 1: OPEN,2904,2932,2844,3023,2858,2926,2866,8290.176322,8571.625107,7729.496403,9587.873134,7855.456750,8510.179641,7928.722539,-0.279545,0.119189,-0.016605,-0.067649,-0.016711,-0.041407,-0.061620
565050,88.1056,36,Ring_C1_Bend,Ring,bend,1,0.1056,Ring cycle 1: BEND Ring,2895,2928,2863,3046,2866,2925,2864,8202.500000,8530.591260,7901.136364,9872.640610,7928.722539,8500.000000,7910.316816,-0.287165,0.113831,0.005232,-0.039957,-0.007540,-0.042553,-0.063798
565100,88.1059,36,Ring_C1_Bend,Ring,bend,1,0.1059,Ring cycle 1: BEND Ring,2900,2926,2874,3053,2866,2914,2856,8251.046025,8510.179641,8002.948403,9961.804223,7928.722539,8389.161727,7837.288136,-0.282946,0.111166,0.018186,-0.031287,-0.007540,-0.055038,-0.072441
565150,88.1171,36,Ring_C1_Bend,Ring,bend,1,0.1171,Ring cycle 1: BEND Ring,2902,2924,2854,3041,2858,2926,2864,8270.578374,8489.837746,7819.178082,9809.677419,7855.456750,8510.179641,7910.316816,-0.281249,0.108510,-0.005195,-0.046080,-0.016711,-0.041407,-0.063798
565200,88.1498,36,Ring_C1_Bend,Ring,bend,1,0.1498,Ring cycle 1: BEND Ring,2895,2919,2863,3048,2865,2911,2864,8202.500000,8439.285714,7901.136364,9897.994269,7919.512195,8359.290541,7910.316816,-0.287165,0.101909,0.005232,-0.037492,-0.008693,-0.058403,-0.063798
565250,88.3657,36,Ring_C1_Bend,Ring,bend,1,0.3657,Ring cycle 1: BEND Ring,2903,2927,2872,3040,2865,2904,2857,8280.369128,8520.376712,7984.300899,9797.156398,7919.512195,8290.176322,7846.365105,-0.280398,0.112497,0.015813,-0.047297,-0.008693,-0.066188,-0.071367
565300,88.3658,36,Ring_C1_Bend,Ring,bend,1,0.3658,Ring cycle 1: BEND Ring,2905,2926,2867,3027,2863,2909,2864,8300.000000,8510.179641,7937.947883,9636.516854,7901.136364,8339.460371,7910.316816,-0.278692,0.111166,0.009916,-0.062918,-0.010993,-0.060637,-0.063798
565350,88.3659,36,Ring_C1_Bend,Ring,bend,1,0.3659,Ring cycle 1: BEND Ring,2896,2910,2878,3057,2868,2908,2863,8212.176814,8349.367089,8040.427280,10013.294798,7947.188264,8329.570345,7901.136364,-0.286324,0.090169,0.022954,-0.026280,-0.005229,-0.061751,-0.064885
565400,88.3659,36,Ring_C1_Bend,Ring,bend,1,0.3659,Ring cycle 1: BEND Ring,2903,2920,2878,3057,2865,2905,2852,8280.369128,8449.361702,8040.427280,10013.294798,7919.512195,8300.000000,7801.126307,-0.280398,0.103225,0.022954,-0.026280,-0.008693,-0.065081,-0.076721
565450,88.4310,36,Ring_C1_Bend,Ring,bend,1,0.4310,Ring cycle 1: BEND Ring,2905,2928,2868,3046,2858,2911,2863,8300.000000,8530.591260,7947.188264,9872.640610,7855.456750,8359.290541,7901.136364,-0.278692,0.113831,0.011091,-0.039957,-0.016711,-0.058403,-0.064885
565500,88.4530,36,Ring_C1_Bend,Ring,bend,1,0.4530,Ring cycle 1: BEND Ring,2897,2921,2881,3056,2866,2908,2861,8221.869783,8459.454855,8068.698517,10000.384986,7928.722539,8329.570345,7882.820097,-0.285482,0.104543,0.026551,-0.027535,-0.007540,-0.061751,-0.067052
565550,88.6139,36,Ring_C1_Bend,Ring,bend,1,0.6139,Ring cycle 1: BEND Ring,2914,2926,2866,3040,2864,2905,2854,8389.161727,8510.179641,7928.722539,9797.156398,7910.316816,8300.000000,7819.178082,-0.270943,0.111166,0.008742,-0.047297,-0.009844,-0.065081,-0.074585
565600,88.6139,36,Ring_C1_Bend,Ring,bend,1,0.6139,Ring cycle 1: BEND Ring,2915,2919,2849,3027,2859,2906,2863,8399.152542,8439.285714,7774.157303,9636.516854,7864.563107,8309.840202,7901.136364,-0.270075,0.101909,-0.010923,-0.062918,-0.015571,-0.063973,-0.064885
565650,88.6140,36,Ring_C1_Bend,Ring,bend,1,0.6140,Ring cycle 1: BEND Ring,2904,2910,2865,3048,2868,2906,2861,8290.176322,8349.367089,7919.512195,9897.994269,7947.188264,8309.840202,7882.820097,-0.279545,0.090169,0.007570,-0.037492,-0.005229,-0.063973,-0.067052
565700,88.6799,36,Ring_C1_Bend,Ring,bend,1,0.6799,Ring cycle 1: BEND Ring,2914,2917,2865,3052,2863,2897,2852,8389.161727,8419.185059,7919.512195,9948.993289,7901.136364,8221.869783,7801.126307,-0.270943,0.099285,0.007570,-0.032532,-0.010993,-0.073882,-0.076721
565750,88.7013,36,Ring_C1_Bend,Ring,bend,1,0.7013,Ring cycle 1: BEND Ring,2913,2927,2846,3059,2858,2903,2862,8379.187817,8520.376712,7747.317854,10039.189189,7855.456750,8280.369128,7891.970803,-0.271810,0.112497,-0.014337,-0.023761,-0.016711,-0.067293,-0.065969
565800,88.8676,36,Ring_C1_Bend,Ring,bend,1,0.8676,Ring cycle 1: BEND Ring,2905,2923,2857,3084,2864,2910,2862,8300.000000,8479.692833,7846.365105,10371.513353,7910.316816,8349.367089,7891.970803,-0.278692,0.107185,-0.001736,0.008555,-0.009844,-0.059521,-0.065969
565850,88.8677,36,Ring_C1_Bend,Ring,bend,1,0.8677,Ring cycle 1: BEND Ring,2913,2925,2856,3090,2866,2899,2852,8379.187817,8500.000000,7837.288136,10453.731343,7928.722539,8241.304348,7801.126307,-0.271810,0.109837,-0.002891,0.016550,-0.007540,-0.071693,-0.076721
565900,88.8677,36,Ring_C1_Bend,Ring,bend,1,0.8677,Ring cycle 1: BEND Ring,2910,2926,2865,3061,2857,2900,2863,8349.367089,8510.179641,7919.512195,10065.183752,7846.365105,8251.046025,7901.136364,-0.274402,0.111166,0.007570,-0.021234,-0.017849,-0.070596,-0.064885
565950,88.9632,36,Ring_C1_Bend,Ring,bend,1,0.9632,Ring cycle 1: BEND Ring,2902,2924,2872,3086,2867,2903,2863,8270.578374,8489.837746,7984.300899,10398.810704,7937.947883,8280.369128,7901.136364,-0.281249,0.108510,0.015813,0.011209,-0.006385,-0.067293,-0.064885
566000,88.9633,36,Ring_C1_Bend,Ring,bend,1,0.9633,Ring cycle 1: BEND Ring,2915,2923,2866,3081,2869,2893,2855,8399.152542,8479.692833,7928.722539,10330.769231,7956.443719,8183.194676,7828.225806,-0.270075,0.107185,0.008742,0.004593,-0.004070,-0.078238,-0.073514
566050,89.1218,36,Ring_C1_Bend,Ring,bend,1,1.1218,Ring cycle 1: BEND Ring,2916,2918,2851,3056,2859,2900,2862,8409.160305,8429.226848,7792.122186,10000.384986,7864.563107,8251.046025,7891.970803,-0.269205,0.100596,-0.008637,-0.027535,-0.015571,-0.070596,-0.065969
566100,89.1219,36,Ring_C1_Bend,Ring,bend,1,1.1219,Ring cycle 1: BEND Ring,2902,2915,2882,3072,2866,2901,2861,8270.578374,8399.152542,8078.153339,10209.970674,7928.722539,8260.804020,7882.820097,-0.281249,0.096669,0.027754,-0.007154,-0.007540,-0.069496,-0.067052
566150,89.1219,36,Ring_C1_Bend,Ring,bend,1,1.1219,Ring cycle 1: BEND Ring,2911,2926,2876,3070,2866,2899,2849,8359.290541,8510.179641,8021.657096,10183.414634,7928.722539,8241.304348,7774.157303,-0.273539,0.111166,0.020566,-0.009737,-0.007540,-0.071693,-0.079913
566200,89.1547,36,Ring_C1_Bend,Ring,bend,1,1.1547,Ring cycle 1: BEND Ring,2911,2934,2879,3086,2856,2924,2859,8359.290541,8592.248062,8049.835526,10398.810704,7837.288136,8489.837746,7864.563107,-0.273539,0.121882,0.024151,0.011209,-0.018985,-0.043698,-0.069213
566250,89.2313,36,Ring_C1_Bend,Ring,bend,1,1.2313,Ring cycle 1: BEND Ring,2899,2921,2891,3131,2874,2934,2857,8241.304348,8459.454855,8163.953488,11042.946058,8002.948403,8592.248062,7846.365105,-0.283793,0.104543,0.038670,0.073847,0.001751,-0.032162,-0.071367
566300,89.3859,36,Ring_C1_Bend,Ring,bend,1,1.3859,Ring cycle 1: BEND Ring,2907,2919,2916,3166,2870,3028,2846,8319.696970,8439.285714,8409.160305,11587.082885,7965.714286,9648.734770,7747.317854,-0.276980,0.101909,0.069866,0.126760,-0.002910,0.086841,-0.083089
566350,89.3859,36,Ring_C1_Bend,Ring,bend,1,1.3859,Ring cycle 1: BEND Ring,2906,2920,2926,3306,2878,3112,2856,8309.840202,8449.361702,8510.179641,14246.387833,8040.427280,10763.784334,7837.288136,-0.277837,0.103225,0.082719,0.385358,0.006442,0.212441,-0.072441
566400,89.3860,36,Ring_C1_Bend,Ring,bend,1,1.3860,Ring cycle 1: BEND Ring,2896,2906,2936,3389,2891,3142,2853,8212.176814,8309.840202,8612.942192,16320.963173,8163.953488,11209.653725,7810.144928,-0.286324,0.085008,0.095793,0.587096,0.021905,0.262664,-0.075654
566450,89.4072,36,Ring_C1_Bend,Ring,bend,1,1.4072,Ring cycle 1: BEND Ring,2905,2904,2916,3438,2942,3152,2843,8300.000000,8290.176322,8409.160305,17791.780822,8675.455334,11364.581124,7720.607029,-0.278692,0.082440,0.069866,0.730122,0.085931,0.280116,-0.086251
566500,89.4729,36,Ring_C1_Bend,Ring,bend,1,1.4729,Ring cycle 1: BEND Ring,2908,2913,2915,3420,2929,3166,2851,8329.570345,8379.187817,8399.152542,17226.666667,8540.823328,11587.082885,7792.122186,-0.276122,0.094062,0.068593,0.675169,0.069078,0.305178,-0.077787
566550,89.6328,36,Ring_C1_Bend,Ring,bend,1,1.6328,Ring cycle 1: BEND Ring,2905,2900,2959,3390,2936,3161,2863,8300.000000,8251.046025,8856.161972,16348.936170,8612.942192,11506.852248,7901.136364,-0.278692,0.077331,0.126737,0.589816,0.078106,0.296141,-0.064885
566600,89.6329,36,Ring_C1_Bend,Ring,bend,1,1.6329,Ring cycle 1: BEND Ring,2915,2909,2915,3395,2942,3167,2880,8399.152542,8339.460371,8399.152542,16490.000000,8675.455334,11603.232759,8059.259259,-0.270075,0.088875,0.068593,0.603533,0.085931,0.306997,-0.046170
566650,89.6329,36,Ring_C1_Bend,Ring,bend,1,1.6329,Ring cycle 1: BEND Ring,2928,2912,2935,3455,2960,3228,2890,8530.591260,8369.230769,8602.586207,18354.687500,8866.960352,12658.823529,8154.356846,-0.258652,0.092762,0.094475,0.784861,0.109902,0.425900,-0.034915
566700,89.6544,36,Ring_C1_Bend,Ring,bend,1,1.6544,Ring cycle 1: BEND Ring,2927,2911,2958,3418,2993,3207,2887,8520.376712,8359.290541,8845.382586,17165.731167,9234.301270,12279.054054,8125.662252,-0.259540,0.091464,0.125365,0.669243,0.155883,0.383122,-0.038311
566750,89.7194,36,Ring_C1_Bend,Ring,bend,1,1.7194,Ring cycle 1: BEND Ring,2943,2930,2941,3383,2985,3233,2886,8685.937500,8551.072961,8664.991334,16154.775281,9143.243243,12751.972158,8116.129032,-0.245152,0.116505,0.102415,0.570935,0.144485,0.436392,-0.039440
566800,89.8678,36,Ring_C1_Bend,Ring,bend,1,1.8678,Ring cycle 1: BEND Ring,2938,2916,2928,3414,2975,3261,2906,8633.707865,8409.160305,8530.591260,17044.933921,9031.250000,13294.244604,8309.840202,-0.249691,0.097976,0.085316,0.657497,0.130466,0.497474,-0.016514
566850,89.8679,36,Ring_C1_Bend,Ring,bend,1,1.8679,Ring cycle 1: BEND Ring,2928,2909,2920,3407,2980,3250,2897,8530.591260,8339.460371,8449.361702,16836.918605,9086.995516,13076.923077,8221.869783,-0.258652,0.088875,0.074981,0.637269,0.137444,0.472995,-0.026925
566900,89.8679,36,Ring_C1_Bend,Ring,bend,1,1.8679,Ring cycle 1: BEND Ring,2938,2919,2900,3340,2965,3222,2893,8633.707865,8439.285714,8251.046025,15041.059603,8921.238938,12548.453608,8183.194676,-0.249691,0.101909,0.049750,0.462634,0.116696,0.413468,-0.031502
566950,89.9113,36,Ring_C1_Bend,Ring,bend,1,1.9113,Ring cycle 1: BEND Ring,2937,2910,2870,3313,2961,3155,2900,8623.316062,8349.367089,7965.714286,14404.347826,8877.777778,11411.702128,8251.046025,-0.250594,0.090169,0.013448,0.400719,0.111256,0.285423,-0.023472
567000,89.9656,36,Ring_C1_Bend,Ring,bend,1,1.9656,Ring cycle 1: BEND Ring,2928,2905,2887,3294,2968,3172,2897,8530.591260,8300.000000,8125.662252,13982.022472,8954.037267,11684.507042,8221.869783,-0.258652,0.083723,0.033798,0.359651,0.120802,0.316152,-0.026925
567050,90.1202,37,Ring_C2_Open,Ring,open,2,0.1202,Ring cycle 2: OPEN,2935,2902,2872,3300,2974,3156,2893,8602.586207,8270.578374,7984.300899,14113.207547,9020.160571,11427.476038,8183.194676,-0.252396,0.079881,0.015813,0.372407,0.129078,0.287200,-0.031502
567100,90.1203,37,Ring_C2_Open,Ring,open,2,0.1203,Ring cycle 2: OPEN,2929,2902,2857,3307,2953,3149,2905,8540.823328,8270.578374,7846.365105,14268.781726,8791.768827,11317.758985,8300.000000,-0.257763,0.079881,-0.001736,0.387536,0.100490,0.274841,-0.017678
567150,90.1310,37,Ring_C2_Open,Ring,open,2,0.1310,Ring cycle 2: OPEN,2920,2901,2863,3289,2962,3172,2902,8449.361702,8260.804020,7901.136364,13874.193548,8888.614298,11684.507042,8270.578374,-0.265712,0.078605,0.005232,0.349165,0.112612,0.316152,-0.021160
567200,90.1643,37,Ring_C2_Open,Ring,open,2,0.1643,Ring cycle 2: OPEN,2933,2910,2868,3323,2965,3173,2900,8581.927711,8349.367089,7947.188264,14634.974093,8921.238938,11700.867679,8251.046025,-0.254191,0.090169,0.011091,0.423145,0.116696,0.317995,-0.023472
567250,90.2304,37,Ring_C2_Open,Ring,open,2,0.2304,Ring cycle 2: OPEN,2929,2910,2854,3305,2954,3190,2910,8540.823328,8349.367089,7819.178082,14224.050633,8802.453988,11984.530387,8349.367089,-0.257763,0.090169,-0.005195,0.383186,0.101827,0.349947,-0.011836
567300,90.2525,37,Ring_C2_Open,Ring,open,2,0.2525,Ring cycle 2: OPEN,2922,2902,2866,3324,2961,3161,2899,8469.565217,8270.578374,7928.722539,14658.365759,8877.777778,11506.852248,8241.304348,-0.263956,0.079881,0.008742,0.425420,0.111256,0.296141,-0.024625
567350,90.3825,37,Ring_C2_Open,Ring,open,2,0.3825,Ring cycle 2: OPEN,2923,2909,2883,3302,2966,3176,2883,8479.692833,8339.460371,8087.623762,14157.377049,8932.152347,11750.163221,8087.623762,-0.263076,0.088875,0.028958,0.376702,0.118062,0.323548,-0.042813
567400,90.3826,37,Ring_C2_Open,Ring,open,2,0.3826,Ring cycle 2: OPEN,2924,2904,2865,3308,2962,3180,2894,8489.837746,8290.176322,7919.512195,14291.232529,8888.614298,11816.393443,8192.839301,-0.262194,0.082440,0.007570,0.389719,0.112612,0.331008,-0.030361
567450,90.4047,37,Ring_C2_Open,Ring,open,2,0.4047,Ring cycle 2: OPEN,2911,2892,2865,3317,2953,3158,2893,8359.290541,8173.566085,7919.512195,14495.886889,8791.768827,11459.124867,8183.194676,-0.273539,0.067215,0.007570,0.409620,0.100490,0.290765,-0.031502
567500,90.4697,37,Ring_C2_Open,Ring,open,2,0.4697,Ring cycle 2: OPEN,2919,2897,2866,3302,2946,3152,2882,8439.285714,8221.869783,7928.722539,14157.377049,8717.493473,11364.581124,8078.153339,-0.266587,0.073522,0.008742,0.376702,0.091193,0.280116,-0.043934
567550,90.5023,37,Ring_C2_Open,Ring,open,2,0.5023,Ring cycle 2: OPEN,2918,2898,2852,3295,2941,3110,2891,8429.226848,8231.578947,7801.126307,14003.750000,8664.991334,10735.025381,8163.953488,-0.267461,0.074789,-0.007492,0.361763,0.084621,0.209202,-0.033780
567600,90.6525,37,Ring_C2_Open,Ring,open,2,0.6525,Ring cycle 2: OPEN,2910,2885,2852,3286,2944,3121,2890,8349.367089,8106.611570,7801.126307,13810.135970,8696.437880,10894.661191,8154.356846,-0.274402,0.058472,-0.007492,0.342936,0.088557,0.227183,-0.034915
567650,90.6526,37,Ring_C2_Open,Ring,open,2,0.6526,Ring cycle 2: OPEN,2915,2894,2851,3307,2943,3096,2879,8399.152542,8192.839301,7792.122186,14268.781726,8685.937500,10536.936937,8049.835526,-0.270075,0.069731,-0.008637,0.387536,0.087243,0.186889,-0.047286
567700,90.6526,37,Ring_C2_Open,Ring,open,2,0.6526,Ring cycle 2: OPEN,2914,2893,2852,3282,2930,3122,2889,8389.161727,8183.194676,7801.126307,13725.461255,8551.072961,10909.352518,8144.776119,-0.270943,0.068472,-0.007492,0.334702,0.070361,0.228838,-0.036049
567750,90.6961,37,Ring_C2_Open,Ring,open,2,0.6961,Ring cycle 2: OPEN,2904,2892,2858,3288,2942,3106,2890,8290.176322,8173.566085,7855.456750,13852.788104,8675.455334,10677.856421,8154.356846,-0.279545,0.067215,-0.000579,0.347083,0.085931,0.202762,-0.034915
567800,90.7719,37,Ring_C2_Open,Ring,open,2,0.7719,Ring cycle 2: OPEN,2915,2902,2853,3269,2932,3117,2881,8399.152542,8270.578374,7810.144928,13455.932203,8571.625107,10836.196319,8068.698517,-0.270075,0.079881,-0.006344,0.308492,0.072934,0.220598,-0.045053
567850,90.9130,37,Ring_C2_Open,Ring,open,2,0.9130,Ring cycle 2: OPEN,2912,2906,2847,3253,2930,3118,2891,8369.230769,8309.840202,7756.250000,13135.629454,8551.072961,10850.767656,8163.953488,-0.272675,0.085008,-0.013201,0.277345,0.070361,0.222239,-0.033780
567900,90.9131,37,Ring_C2_Open,Ring,open,2,0.9131,Ring cycle 2: OPEN,2903,2897,2905,3289,2938,3164,2892,8280.369128,8221.869783,8300.000000,13874.193548,8633.707865,11554.887218,8173.566085,-0.280398,0.073522,0.055978,0.349165,0.080705,0.301552,-0.032642
567950,90.9339,37,Ring_C2_Open,Ring,open,2,0.9339,Ring cycle 2: OPEN,2914,2900,2885,3290,2940,3155,2878,8389.161727,8251.046025,8106.611570,13895.652174,8654.545455,11411.702128,8040.427280,-0.270943,0.077331,0.031374,0.351252,0.083313,0.285423,-0.048399
568000,90.9551,37,Ring_C2_Open,Ring,open,2,0.9551,Ring cycle 2: OPEN,2908,2903,2943,3304,2935,3194,2887,8329.570345,8280.369128,8685.937500,14201.769912,8602.586207,12052.830189,8125.662252,-0.276122,0.081160,0.105080,0.381019,0.076809,0.357640,-0.038311
568050,90.9989,37,Ring_C2_Open,Ring,open,2,0.9989,Ring cycle 2: OPEN,2900,2896,2924,3336,2947,3224,2884,8251.046025,8212.176814,8489.837746,14943.873518,8728.048780,12585.074627,8097.109827,-0.282946,0.072256,0.080131,0.453184,0.092514,0.417593,-0.041691
568100,91.1677,37,Ring_C2_Open,Ring,open,2,1.1677,Ring cycle 2: OPEN,2903,2891,2928,3386,2956,3136,2876,8280.369128,8163.953488,8530.591260,16237.517630,8823.880597,11118.248175,8021.657096,-0.280398,0.065960,0.085316,0.578981,0.104509,0.252368,-0.050621
568150,91.1678,37,Ring_C2_Open,Ring,open,2,1.1678,Ring cycle 2: OPEN,2909,2890,3005,3516,2949,3181,2883,8339.460371,8154.356846,9373.394495,20646.632124,8749.214660,11833.041575,8087.623762,-0.275262,0.064706,0.192542,1.007736,0.095163,0.332883,-0.042813
568200,91.1678,37,Ring_C2_Open,Ring,open,2,1.1678,Ring cycle 2: OPEN,2895,2877,3030,3542,2943,3102,2880,8202.500000,8031.034483,9673.239437,21777.215190,8685.937500,10621.148036,8059.259259,-0.287165,0.048604,0.230690,1.117677,0.087243,0.196375,-0.046170
568250,91.2219,37,Ring_C2_Open,Ring,open,2,1.2219,Ring cycle 2: OPEN,2902,2883,3000,3536,2941,3116,2863,8270.578374,8087.623762,9315.068493,21506.976744,8664.991334,10821.654750,7901.136364,-0.281249,0.055993,0.185122,1.091398,0.084621,0.218960,-0.064885
568300,91.2548,37,Ring_C2_Open,Ring,open,2,1.2548,Ring cycle 2: OPEN,2899,2884,2976,3411,2929,3180,2875,8241.304348,8097.109827,9042.359249,16955.263158,8540.823328,11816.393443,8012.295082,-0.283793,0.057232,0.150426,0.648777,0.069078,0.331008,-0.051729
568350,91.4349,37,Ring_C2_Open,Ring,open,2,1.4349,Ring cycle 2: OPEN,2894,2882,2970,3423,2934,3175,2871,8192.839301,8078.153339,8976.000000,17318.750000,8592.248062,11733.695652,7975.000000,-0.288004,0.054757,0.141983,0.684123,0.075515,0.321693,-0.056143
568400,91.4350,37,Ring_C2_Open,Ring,open,2,1.4350,Ring cycle 2: OPEN,2899,2881,2946,3501,2934,3202,2862,8241.304348,8068.698517,8717.493473,20039.393939,8592.248062,12191.265398,7891.970803,-0.283793,0.053522,0.109094,0.948686,0.075515,0.373234,-0.065969
568450,91.4350,37,Ring_C2_Open,Ring,open,2,1.4350,Ring cycle 2: OPEN,2896,2888,2959,3407,2925,3181,2871,8212.176814,8135.211268,8856.161972,16836.918605,8500.000000,11833.041575,7975.000000,-0.286324,0.062207,0.126737,0.637269,0.063968,0.332883,-0.056143
568500,91.4451,37,Ring_C2_Open,Ring,open,2,1.4451,Ring cycle 2: OPEN,2885,2872,2942,3354,2932,3180,2874,8106.611570,7984.300899,8675.455334,15389.473684,8571.625107,11816.393443,8002.948403,-0.295498,0.042502,0.103746,0.496515,0.072934,0.331008,-0.052835
568550,91.5110,37,Ring_C2_Open,Ring,open,2,1.5110,Ring cycle 2: OPEN,2895,2870,2957,3338,2928,3187,2864,8202.500000,7965.714286,8834.622144,14992.338177,8530.591260,11933.700441,7910.316816,-0.287165,0.040076,0.123996,0.457896,0.067798,0.344222,-0.063798
568600,91.6819,37,Ring_C2_Open,Ring,open,2,1.6819,Ring cycle 2: OPEN,2892,2865,2904,3307,2914,3177,2873,8173.566085,7919.512195,8290.176322,14268.781726,8389.161727,11766.666667,7993.617021,-0.289679,0.034043,0.054728,0.387536,0.050094,0.325407,-0.053939
568650,91.6819,37,Ring_C2_Open,Ring,open,2,1.6819,Ring cycle 2: OPEN,2884,2857,2937,3249,2919,3164,2869,8097.109827,7846.365105,8623.316062,13057.446809,8439.285714,11554.887218,7956.443719,-0.296324,0.024492,0.097113,0.269742,0.056369,0.301552,-0.058339
568700,91.6820,37,Ring_C2_Open,Ring,open,2,1.6820,Ring cycle 2: OPEN,2896,2865,2954,3278,2920,3166,2860,8212.176814,7919.512195,8802.453988,13641.615667,8449.361702,11587.082885,7873.684211,-0.286324,0.034043,0.119904,0.326548,0.057630,0.305178,-0.068134
568750,91.7137,37,Ring_C2_Open,Ring,open,2,1.7137,Ring cycle 2: OPEN,2896,2862,2936,3388,2916,3161,2866,8212.176814,7891.970803,8612.942192,16293.069307,8409.160305,11506.852248,7928.722539,-0.286324,0.030447,0.095793,0.584383,0.052598,0.296141,-0.061620
568800,91.7460,37,Ring_C2_Open,Ring,open,2,1.7460,Ring cycle 2: OPEN,2888,2853,2951,3318,2918,3142,2867,8135.211268,7810.144928,8770.454545,14518.918919,8429.226848,11209.653725,7937.947883,-0.293013,0.019763,0.115833,0.411860,0.055110,0.262664,-0.060528
568850,91.9492,37,Ring_C2_Open,Ring,open,2,1.9492,Ring cycle 2: OPEN,2896,2858,2922,3342,2921,3104,2859,8212.176814,7855.456750,8469.565217,15090.039841,8459.454855,10649.445005,7864.563107,-0.286324,0.025679,0.077551,0.467397,0.058893,0.199562,-0.069213
568900,91.9493,37,Ring_C2_Open,Ring,open,2,1.9493,Ring cycle 2: OPEN,2898,2857,2906,3298,2911,3117,2868,8231.578947,7846.365105,8309.840202,14069.259724,8359.290541,10836.196319,7947.188264,-0.284638,0.024492,0.057230,0.368134,0.046355,0.220598,-0.059434
568950,91.9493,37,Ring_C2_Open,Ring,open,2,1.9493,Ring cycle 2: OPEN,2891,2851,2910,3172,2921,3110,2868,8163.953488,7792.122186,8349.367089,11684.507042,8459.454855,10735.025381,7947.188264,-0.290515,0.017410,0.062259,0.136234,0.058893,0.209202,-0.059434
569000,91.9595,37,Ring_C2_Open,Ring,open,2,1.9595,Ring cycle 2: OPEN,2898,2858,2904,3381,2914,3126,2862,8231.578947,7855.456750,8290.176322,16100.000000,8389.161727,10968.421053,7891.970803,-0.284638,0.025679,0.054728,0.565609,0.050094,0.235492,-0.065969
569050,92.0096,38,Ring_C2_Bend,Ring,bend,2,0.0096,Ring cycle 2: BEND Ring,2895,2862,2926,3322,2906,3112,2867,8202.500000,7891.970803,8510.179641,14611.642950,8309.840202,10763.784334,7937.947883,-0.287165,0.030447,0.082719,0.420877,0.040166,0.212441,-0.060528
569100,92.2046,38,Ring_C2_Bend,Ring,bend,2,0.2046,Ring cycle 2: BEND Ring,2888,2852,2908,3298,2918,3092,2865,8135.211268,7801.126307,8329.570345,14069.259724,8429.226848,10481.355932,7919.512195,-0.293013,0.018586,0.059740,0.368134,0.055110,0.180628,-0.062710
569150,92.2047,38,Ring_C2_Bend,Ring,bend,2,0.2047,Ring cycle 2: BEND Ring,2897,2855,2913,3249,2914,3046,2858,8221.869783,7828.225806,8379.187817,13057.446809,8389.161727,9872.640610,7855.456750,-0.285482,0.022124,0.066053,0.269742,0.050094,0.112062,-0.070291
569200,92.2048,38,Ring_C2_Bend,Ring,bend,2,0.2048,Ring cycle 2: BEND Ring,2896,2854,2922,3193,2909,3055,2866,8212.176814,7819.178082,8469.565217,12035.698448,8339.460371,9987.500000,7928.722539,-0.286324,0.020943,0.077551,0.170385,0.043873,0.125000,-0.061620
569250,92.2156,38,Ring_C2_Bend,Ring,bend,2,0.2156,Ring cycle 2: BEND Ring,2886,2845,2926,3219,2916,3066,2864,8116.129032,7738.400000,8510.179641,12493.835616,8409.160305,10130.612245,7910.316816,-0.294671,0.010395,0.082719,0.214935,0.052598,0.141120,-0.063798
569300,92.2594,38,Ring_C2_Bend,Ring,bend,2,0.2594,Ring cycle 2: BEND Ring,2898,2858,2904,3241,2914,3037,2857,8231.578947,7855.456750,8290.176322,12903.278689,8389.161727,9759.735350,7846.365105,-0.284638,0.025679,0.054728,0.254750,0.050094,0.099344,-0.071367
569350,92.3033,38,Ring_C2_Bend,Ring,bend,2,0.3033,Ring cycle 2: BEND Ring,2899,2859,2904,3213,2905,3039,2868,8241.304348,7864.563107,8290.176322,12385.714286,8300.000000,9784.659091,7947.188264,-0.283793,0.026868,0.054728,0.204421,0.038934,0.102152,-0.059434
569400,92.4493,38,Ring_C2_Bend,Ring,bend,2,0.4493,Ring cycle 2: BEND Ring,2892,2861,2906,3238,2913,3045,2865,8173.566085,7882.820097,8309.840202,12846.207701,8379.187817,9860.000000,7919.512195,-0.289679,0.029252,0.057230,0.249201,0.048846,0.110638,-0.062710
569450,92.4494,38,Ring_C2_Bend,Ring,bend,2,0.4494,Ring cycle 2: BEND Ring,2898,2862,2895,3214,2909,3084,2859,8231.578947,7891.970803,8202.500000,12403.632236,8339.460371,10371.513353,7864.563107,-0.284638,0.030447,0.043574,0.206163,0.043873,0.168256,-0.069213
569500,92.4714,38,Ring_C2_Bend,Ring,bend,2,0.4714,Ring cycle 2: BEND Ring,2901,2864,2871,3190,2901,3065,2866,8260.804020,7910.316816,7975.000000,11984.530387,8260.804020,10117.475728,7928.722539,-0.282098,0.032842,0.014630,0.165409,0.034028,0.139641,-0.061620
569550,92.5036,38,Ring_C2_Bend,Ring,bend,2,0.5036,Ring cycle 2: BEND Ring,2895,2877,2896,3248,2908,3054,2866,8202.500000,8031.034483,8212.176814,13038.016529,8329.570345,9974.639769,7928.722539,-0.287165,0.048604,0.044805,0.267853,0.042635,0.123551,-0.061620
569600,92.5691,38,Ring_C2_Bend,Ring,bend,2,0.5691,Ring cycle 2: BEND Ring,2907,2887,2899,3231,2911,3042,2860,8319.696970,8125.662252,8241.304348,12714.583333,8359.290541,9822.222222,7873.684211,-0.276980,0.060960,0.048511,0.236401,0.046355,0.106383,-0.068134
569650,92.7049,38,Ring_C2_Bend,Ring,bend,2,0.7049,Ring cycle 2: BEND Ring,2905,2885,2893,3207,2903,3052,2869,8300.000000,8106.611570,8183.194676,12279.054054,8280.369128,9948.993289,7956.443719,-0.278692,0.058472,0.041118,0.194049,0.036477,0.120663,-0.058339
569700,92.7050,38,Ring_C2_Bend,Ring,bend,2,0.7050,Ring cycle 2: BEND Ring,2899,2883,2917,3213,2909,3066,2866,8241.304348,8087.623762,8419.185059,12385.714286,8339.460371,10130.612245,7928.722539,-0.283793,0.055993,0.071142,0.204421,0.043873,0.141120,-0.061620
569750,92.7050,38,Ring_C2_Bend,Ring,bend,2,0.7050,Ring cycle 2: BEND Ring,2911,2887,2929,3208,2911,3064,2861,8359.290541,8125.662252,8540.823328,12296.730552,8359.290541,10104.364694,7882.820097,-0.273539,0.060960,0.086617,0.195768,0.046355,0.138164,-0.067052
569800,92.7592,38,Ring_C2_Bend,Ring,bend,2,0.7592,Ring cycle 2: BEND Ring,2914,2890,2910,3202,2897,3091,2868,8389.161727,8154.356846,8349.367089,12191.265398,8221.869783,10467.529880,7947.188264,-0.270943,0.064706,0.062259,0.185512,0.029154,0.179071,-0.059434
569850,92.8035,38,Ring_C2_Bend,Ring,bend,2,0.8035,Ring cycle 2: BEND Ring,2908,2877,2928,3254,2907,3080,2869,8329.570345,8031.034483,8530.591260,13155.291320,8319.696970,10317.241379,7956.443719,-0.276122,0.048604,0.085316,0.279257,0.041399,0.162142,-0.058339
569900,92.9706,38,Ring_C2_Bend,Ring,bend,2,0.9706,Ring cycle 2: BEND Ring,2917,2891,2936,3422,2906,3061,2864,8419.185059,8163.953488,8612.942192,17287.964339,8309.840202,10065.183752,7910.316816,-0.268334,0.065960,0.095793,0.681129,0.040166,0.133750,-0.063798
569950,92.9706,38,Ring_C2_Bend,Ring,bend,2,0.9706,Ring cycle 2: BEND Ring,2912,2892,2969,3457,2902,3062,2869,8369.230769,8173.566085,8965.008881,18422.884013,8270.578374,10078.218780,7956.443719,-0.272675,0.067215,0.140585,0.791492,0.035251,0.135219,-0.058339
570000,92.9707,38,Ring_C2_Bend,Ring,bend,2,0.9707,Ring cycle 2: BEND Ring,2899,2878,2995,3501,2925,3105,2864,8241.304348,8040.427280,9257.272727,20039.393939,8500.000000,10663.636364,7910.316816,-0.283793,0.049831,0.177769,0.948686,0.063968,0.201161,-0.063798
570050,93.0144,38,Ring_C2_Bend,Ring,bend,2,1.0144,Ring cycle 2: BEND Ring,2912,2882,2969,3401,2930,3044,2859,8369.230769,8078.153339,8965.008881,16661.959654,8551.072961,9847.383444,7864.563107,-0.272675,0.054757,0.140585,0.620255,0.070361,0.109217,-0.069213
570100,93.0693,38,Ring_C2_Bend,Ring,bend,2,1.0693,Ring cycle 2: BEND Ring,2913,2885,2999,3510,2918,3120,2868,8379.187817,8106.611570,9303.467153,20400.000000,8429.226848,10880.000000,7947.188264,-0.271810,0.058472,0.183646,0.983752,0.055110,0.225532,-0.059434
570150,93.2172,38,Ring_C2_Bend,Ring,bend,2,1.2172,Ring cycle 2: BEND Ring,2897,2886,3046,3420,2934,3122,2867,8221.869783,8116.129032,9872.640610,17226.666667,8592.248062,10909.352518,7937.947883,-0.285482,0.059715,0.256060,0.675169,0.075515,0.228838,-0.060528
570200,93.2173,38,Ring_C2_Bend,Ring,bend,2,1.2173,Ring cycle 2: BEND Ring,2908,2905,3000,3377,2975,3216,2867,8329.570345,8300.000000,9315.068493,15991.364903,9031.250000,12439.590444,7937.947883,-0.276122,0.083723,0.185122,0.555045,0.130466,0.401205,-0.060528
570250,93.2173,38,Ring_C2_Bend,Ring,bend,2,1.2173,Ring cycle 2: BEND Ring,2904,2915,2986,3316,2953,3147,2881,8290.176322,8399.152542,9154.553652,14472.913992,8791.768827,11286.708861,8068.698517,-0.279545,0.096669,0.164700,0.407386,0.100490,0.271344,-0.045053
570300,93.2502,38,Ring_C2_Bend,Ring,bend,2,1.2502,Ring cycle 2: BEND Ring,2894,2907,2972,3353,2953,3175,2884,8192.839301,8319.696970,8998.040962,15364.150943,8791.768827,11733.695652,8097.109827,-0.288004,0.086295,0.144787,0.494053,0.100490,0.321693,-0.041691
570350,93.3045,38,Ring_C2_Bend,Ring,bend,2,1.3045,Ring cycle 2: BEND Ring,2906,2909,2947,3332,2947,3163,2879,8309.840202,8339.460371,8728.048780,14847.706422,8728.048780,11538.841202,8049.835526,-0.277837,0.088875,0.110437,0.443832,0.092514,0.299744,-0.047286
570400,93.4788,38,Ring_C2_Bend,Ring,bend,2,1.4788,Ring cycle 2: BEND Ring,2902,2911,2909,3386,2939,3152,2880,8270.578374,8359.290541,8339.460371,16237.517630,8644.117647,11364.581124,8059.259259,-0.281249,0.091464,0.060999,0.578981,0.082008,0.280116,-0.046170
570450,93.4789,38,Ring_C2_Bend,Ring,bend,2,1.4789,Ring cycle 2: BEND Ring,2892,2907,2911,3390,2927,3143,2881,8173.566085,8319.696970,8359.290541,16348.936170,8520.376712,11225.000000,8068.698517,-0.289679,0.086295,0.063522,0.589816,0.066519,0.264393,-0.045053
570500,93.4895,38,Ring_C2_Bend,Ring,bend,2,1.4895,Ring cycle 2: BEND Ring,2897,2915,2918,3376,2924,3190,2874,8221.869783,8399.152542,8429.226848,15964.394993,8489.837746,11984.530387,8002.948403,-0.285482,0.096669,0.072419,0.552422,0.062696,0.349947,-0.052835
570550,93.4996,38,Ring_C2_Bend,Ring,bend,2,1.4996,Ring cycle 2: BEND Ring,2897,2914,2906,3351,2918,3179,2886,8221.869783,8389.161727,8309.840202,15313.709677,8429.226848,11799.781659,8116.129032,-0.285482,0.095365,0.057230,0.489147,0.055110,0.329137,-0.039440
570600,93.5545,38,Ring_C2_Bend,Ring,bend,2,1.5545,Ring cycle 2: BEND Ring,2892,2901,2912,3333,2921,3194,2881,8173.566085,8260.804020,8369.230769,14871.653543,8459.454855,12052.830189,8068.698517,-0.289679,0.078605,0.064786,0.446161,0.058893,0.357640,-0.045053
570650,93.7233,38,Ring_C2_Bend,Ring,bend,2,1.7233,Ring cycle 2: BEND Ring,2898,2908,2913,3352,2914,3163,2880,8231.578947,8329.570345,8379.187817,15338.896366,8389.161727,11538.841202,8059.259259,-0.284638,0.087584,0.066053,0.491597,0.050094,0.299744,-0.046170
570700,93.7233,38,Ring_C2_Bend,Ring,bend,2,1.7233,Ring cycle 2: BEND Ring,2896,2903,2901,3345,2911,3175,2887,8212.176814,8280.369128,8260.804020,15164.000000,8359.290541,11733.695652,8125.662252,-0.286324,0.081160,0.050992,0.474589,0.046355,0.321693,-0.038311
570750,93.7233,38,Ring_C2_Bend,Ring,bend,2,1.7233,Ring cycle 2: BEND Ring,2890,2894,2920,3303,2919,3220,2884,8154.356846,8192.839301,8449.361702,14179.545455,8439.285714,12512.000000,8097.109827,-0.291349,0.069731,0.074981,0.378858,0.056369,0.409362,-0.041691
570800,93.7553,38,Ring_C2_Bend,Ring,bend,2,1.7553,Ring cycle 2: BEND Ring,2896,2901,2922,3313,2915,3169,2872,8212.176814,8260.804020,8469.565217,14404.347826,8399.152542,11635.637149,7984.300899,-0.286324,0.078605,0.077551,0.400719,0.051345,0.310647,-0.055042
570850,93.8098,38,Ring_C2_Bend,Ring,bend,2,1.8098,Ring cycle 2: BEND Ring,2896,2900,2909,3293,2909,3171,2883,8212.176814,8251.046025,8339.460371,13960.349127,8339.460371,11668.181818,8087.623762,-0.286324,0.077331,0.060999,0.357543,0.043873,0.314313,-0.042813
570900,93.9863,38,Ring_C2_Bend,Ring,bend,2,1.9863,Ring cycle 2: BEND Ring,2885,2893,2916,3320,2912,3173,2883,8106.611570,8183.194676,8409.160305,14565.161290,8369.230769,11700.867679,8087.623762,-0.295498,0.068472,0.069866,0.416357,0.047600,0.317995,-0.042813
570950,93.9863,38,Ring_C2_Bend,Ring,bend,2,1.9863,Ring cycle 2: BEND Ring,2895,2897,2898,3319,2909,3150,2873,8202.500000,8221.869783,8231.578947,14542.010309,8339.460371,11333.333333,7993.617021,-0.287165,0.073522,0.047273,0.414105,0.043873,0.276596,-0.053939
571000,93.9863,38,Ring_C2_Bend,Ring,bend,2,1.9863,Ring cycle 2: BEND Ring,2895,2898,2876,3304,2901,3153,2881,8202.500000,8231.578947,8021.657096,14201.769912,8260.804020,11380.254777,8068.698517,-0.287165,0.074789,0.020566,0.381019,0.034028,0.281881,-0.045053
571050,94.0257,39,Ring_C3_Open,Ring,open,3,0.0257,Ring cycle 3: OPEN,2889,2893,2894,3310,2919,3137,2879,8144.776119,8183.194676,8192.839301,14336.305732,8439.285714,11133.402923,8049.835526,-0.292181,0.068472,0.042345,0.394102,0.056369,0.254075,-0.047286
571100,94.0797,39,Ring_C3_Open,Ring,open,3,0.0797,Ring cycle 3: OPEN,2895,2897,2896,3317,2927,3152,2870,8202.500000,8221.869783,8212.176814,14495.886889,8520.376712,11364.581124,7965.714286,-0.287165,0.073522,0.044805,0.409620,0.066519,0.280116,-0.057242
571150,94.1006,39,Ring_C3_Open,Ring,open,3,0.1006,Ring cycle 3: OPEN,2894,2896,2886,3312,2923,3166,2880,8192.839301,8212.176814,8116.129032,14381.609195,8479.692833,11587.082885,8059.259259,-0.288004,0.072256,0.032585,0.398507,0.061427,0.305178,-0.046170
571200,94.2508,39,Ring_C3_Open,Ring,open,3,0.2508,Ring cycle 3: OPEN,2885,2884,2898,3307,2933,3149,2880,8106.611570,8097.109827,8231.578947,14268.781726,8581.927711,11317.758985,8059.259259,-0.295498,0.057232,0.047273,0.387536,0.074224,0.274841,-0.046170
571250,94.2508,39,Ring_C3_Open,Ring,open,3,0.2508,Ring cycle 3: OPEN,2894,2895,2899,3286,2918,3130,2868,8192.839301,8202.500000,8241.304348,13810.135970,8429.226848,11027.979275,7947.188264,-0.288004,0.070993,0.048511,0.342936,0.055110,0.242200,-0.059434
571300,94.2509,39,Ring_C3_Open,Ring,open,3,0.2509,Ring cycle 3: OPEN,2893,2897,2896,3275,2918,3152,2880,8183.194676,8221.869783,8212.176814,13579.268293,8429.226848,11364.581124,8059.259259,-0.288843,0.073522,0.044805,0.320486,0.055110,0.280116,-0.046170
571350,94.3265,39,Ring_C3_Open,Ring,open,3,0.3265,Ring cycle 3: OPEN,2883,2888,2888,3306,2923,3140,2880,8087.623762,8135.211268,8135.211268,14246.387833,8479.692833,11179.057592,8059.259259,-0.297148,0.062207,0.035013,0.385358,0.061427,0.259218,-0.046170
571400,94.5073,39,Ring_C3_Open,Ring,open,3,0.5073,Ring cycle 3: OPEN,2895,2892,2881,3289,2918,3126,2866,8202.500000,8173.566085,8068.698517,13874.193548,8429.226848,10968.421053,7928.722539,-0.287165,0.067215,0.026551,0.349165,0.055110,0.235492,-0.061620
571450,94.5074,39,Ring_C3_Open,Ring,open,3,0.5074,Ring cycle 3: OPEN,2891,2889,2868,3302,2911,3140,2878,8163.953488,8144.776119,7947.188264,14157.377049,8359.290541,11179.057592,8040.427280,-0.290515,0.063456,0.011091,0.376702,0.046355,0.259218,-0.048399
571500,94.5074,39,Ring_C3_Open,Ring,open,3,0.5074,Ring cycle 3: OPEN,2881,2878,2879,3306,2922,3174,2877,8068.698517,8040.427280,8049.835526,14246.387833,8469.565217,11717.263844,8031.034483,-0.298793,0.049831,0.024151,0.385358,0.060159,0.319842,-0.049511
571550,94.5074,39,Ring_C3_Open,Ring,open,3,0.5074,Ring cycle 3: OPEN,2893,2886,2896,3377,2928,3160,2868,8183.194676,8116.129032,8212.176814,15991.364903,8530.591260,11490.909091,7947.188264,-0.288843,0.059715,0.044805,0.555045,0.067798,0.294345,-0.059434
571600,94.5728,39,Ring_C3_Open,Ring,open,3,0.5728,Ring cycle 3: OPEN,2890,2897,2875,3304,2926,3144,2877,8154.356846,8221.869783,8012.295082,14201.769912,8510.179641,11240.378549,8031.034483,-0.291349,0.073522,0.019375,0.381019,0.065243,0.266125,-0.049511
571650,94.6167,39,Ring_C3_Open,Ring,open,3,0.6167,Ring cycle 3: OPEN,2881,2886,2903,3319,2931,3122,2873,8068.698517,8116.129032,8280.369128,14542.010309,8561.340206,10909.352518,7993.617021,-0.298793,0.059715,0.053481,0.414105,0.071647,0.228838,-0.053939
571700,94.7522,39,Ring_C3_Open,Ring,open,3,0.7522,Ring cycle 3: OPEN,2891,2896,2863,3332,2929,3150,2864,8163.953488,8212.176814,7901.136364,14847.706422,8540.823328,11333.333333,7910.316816,-0.290515,0.072256,0.005232,0.443832,0.069078,0.276596,-0.063798
571750,94.7523,39,Ring_C3_Open,Ring,open,3,0.7523,Ring cycle 3: OPEN,2891,2888,2846,3341,2919,3119,2876,8163.953488,8135.211268,7747.317854,15065.517241,8439.285714,10865.368852,8021.657096,-0.290515,0.062207,-0.014337,0.465013,0.056369,0.223884,-0.050621
571800,94.7627,39,Ring_C3_Open,Ring,open,3,0.7627,Ring cycle 3: OPEN,2878,2885,2865,3347,2932,3103,2872,8040.427280,8106.611570,7919.512195,15213.636364,8571.625107,10635.282258,7984.300899,-0.301250,0.058472,0.007570,0.479416,0.072934,0.197967,-0.055042
571850,94.8285,39,Ring_C3_Open,Ring,open,3,0.8285,Ring cycle 3: OPEN,2891,2888,2920,3315,2927,3104,2864,8163.953488,8135.211268,8449.361702,14450.000000,8520.376712,10649.445005,7910.316816,-0.290515,0.062207,0.074981,0.405158,0.066519,0.199562,-0.063798
571900,94.8719,39,Ring_C3_Open,Ring,open,3,0.8719,Ring cycle 3: OPEN,2891,2880,2909,3297,2922,3198,2875,8163.953488,8059.259259,8339.460371,14047.368421,8469.565217,12121.739130,8012.295082,-0.290515,0.052290,0.060999,0.366005,0.060159,0.365402,-0.051729
571950,94.9845,39,Ring_C3_Open,Ring,open,3,0.9845,Ring cycle 3: OPEN,2881,2875,2898,3305,2940,3202,2868,8068.698517,8012.295082,8231.578947,14224.050633,8654.545455,12191.265398,7947.188264,-0.298793,0.046158,0.047273,0.383186,0.083313,0.373234,-0.059434
572000,94.9846,39,Ring_C3_Open,Ring,open,3,0.9846,Ring cycle 3: OPEN,2894,2873,2937,3290,2919,3067,2860,8192.839301,7993.617021,8623.316062,13895.652174,8439.285714,10143.774319,7873.684211,-0.288004,0.043719,0.097113,0.351252,0.056369,0.142603,-0.068134
572050,95.0167,39,Ring_C3_Open,Ring,open,3,1.0167,Ring cycle 3: OPEN,2891,2865,2917,3310,2918,3142,2864,8163.953488,7919.512195,8419.185059,14336.305732,8429.226848,11209.653725,7910.316816,-0.290515,0.034043,0.071142,0.394102,0.055110,0.262664,-0.063798
572100,95.0598,39,Ring_C3_Open,Ring,open,3,1.0598,Ring cycle 3: OPEN,2881,2865,2990,3411,2952,3192,2865,8068.698517,7919.512195,9200.000000,16955.263158,8781.102362,12018.604651,7919.512195,-0.298793,0.034043,0.170482,0.648777,0.099155,0.353785,-0.062710
572150,95.1142,39,Ring_C3_Open,Ring,open,3,1.1142,Ring cycle 3: OPEN,2895,2871,3034,3598,2945,3183,2864,8202.500000,7975.000000,9722.525919,24614.084507,8706.956522,11866.447368,7910.316816,-0.287165,0.041288,0.236961,1.393542,0.089874,0.336646,-0.063798
572200,95.2511,39,Ring_C3_Open,Ring,open,3,1.2511,Ring cycle 3: OPEN,2906,2889,2984,3522,2940,3178,2880,8309.840202,8144.776119,9131.953195,20898.429319,8654.545455,11783.206107,8059.259259,-0.277837,0.063456,0.161825,1.032221,0.083313,0.327270,-0.046170
572250,95.2511,39,Ring_C3_Open,Ring,open,3,1.2511,Ring cycle 3: OPEN,2916,2894,2950,3457,2938,3208,2873,8409.160305,8192.839301,8759.825328,18422.884013,8633.707865,12296.730552,7993.617021,-0.269205,0.069731,0.114480,0.791492,0.080705,0.385114,-0.053939
572300,95.2621,39,Ring_C3_Open,Ring,open,3,1.2621,Ring cycle 3: OPEN,2927,2896,2938,3362,2942,3183,2861,8520.376712,8212.176814,8633.707865,15594.542974,8675.455334,11866.447368,7882.820097,-0.259540,0.072256,0.098435,0.516456,0.085931,0.336646,-0.067052
572350,95.3492,39,Ring_C3_Open,Ring,open,3,1.3492,Ring cycle 3: OPEN,2921,2900,2913,3348,2925,3174,2868,8459.454855,8251.046025,8379.187817,15238.554217,8500.000000,11717.263844,7947.188264,-0.264834,0.077331,0.066053,0.481839,0.063968,0.319842,-0.059434
572400,95.3594,39,Ring_C3_Open,Ring,open,3,1.3594,Ring cycle 3: OPEN,2917,2895,2959,3432,2931,3183,2865,8419.185059,8202.500000,8856.161972,17600.000000,8561.340206,11866.447368,7919.512195,-0.268334,0.070993,0.126737,0.711473,0.071647,0.336646,-0.062710
572450,95.5249,39,Ring_C3_Open,Ring,open,3,1.5249,Ring cycle 3: OPEN,2923,2899,2916,3367,2932,3134,2861,8479.692833,8241.304348,8409.160305,15725.000000,8571.625107,11088.033299,7882.820097,-0.263076,0.076059,0.069866,0.529142,0.072934,0.248965,-0.067052
572500,95.5249,39,Ring_C3_Open,Ring,open,3,1.5249,Ring cycle 3: OPEN,2921,2896,2897,3309,2924,3147,2874,8459.454855,8212.176814,8221.869783,14313.740458,8489.837746,11286.708861,8002.948403,-0.264834,0.072256,0.046038,0.391908,0.062696,0.271344,-0.052835
572550,95.5249,39,Ring_C3_Open,Ring,open,3,1.5249,Ring cycle 3: OPEN,2913,2895,2899,3318,2935,3107,2870,8379.187817,8202.500000,8241.304348,14518.918919,8602.586207,10692.105263,7965.714286,-0.271810,0.070993,0.048511,0.411860,0.076809,0.204367,-0.057242
572600,95.5798,39,Ring_C3_Open,Ring,open,3,1.5798,Ring cycle 3: OPEN,2919,2894,2895,3309,2934,3084,2863,8439.285714,8192.839301,8202.500000,14313.740458,8592.248062,10371.513353,7901.136364,-0.266587,0.069731,0.043574,0.391908,0.075515,0.168256,-0.064885
572650,95.6012,39,Ring_C3_Open,Ring,open,3,1.6012,Ring cycle 3: OPEN,2918,2888,2896,3297,2924,3043,2874,8429.226848,8135.211268,8212.176814,14047.368421,8489.837746,9834.790875,8002.948403,-0.267461,0.062207,0.044805,0.366005,0.062696,0.107799,-0.052835
572700,95.7786,39,Ring_C3_Open,Ring,open,3,1.7786,Ring cycle 3: OPEN,2910,2891,2910,3333,2934,3054,2879,8349.367089,8163.953488,8349.367089,14871.653543,8592.248062,9974.639769,8049.835526,-0.274402,0.065960,0.062259,0.446161,0.075515,0.123551,-0.047286
572750,95.7787,39,Ring_C3_Open,Ring,open,3,1.7787,Ring cycle 3: OPEN,2916,2896,2903,3333,2933,3040,2867,8409.160305,8212.176814,8280.369128,14871.653543,8581.927711,9797.156398,7937.947883,-0.269205,0.072256,0.053481,0.446161,0.074224,0.103560,-0.060528
572800,95.7787,39,Ring_C3_Open,Ring,open,3,1.7787,Ring cycle 3: OPEN,2913,2893,2869,3272,2923,3046,2877,8379.187817,8183.194676,7956.443719,13517.375456,8479.692833,9872.640610,8031.034483,-0.271810,0.068472,0.012269,0.314467,0.061427,0.112062,-0.049511
572850,95.8326,39,Ring_C3_Open,Ring,open,3,1.8326,Ring cycle 3: OPEN,2904,2886,2884,3216,2927,3041,2874,8290.176322,8116.129032,8097.109827,12439.590444,8520.376712,9809.677419,8002.948403,-0.279545,0.059715,0.030165,0.209660,0.066519,0.104970,-0.052835
572900,95.8658,39,Ring_C3_Open,Ring,open,3,1.8658,Ring cycle 3: OPEN,2912,2896,2890,3221,2927,3034,2865,8369.230769,8212.176814,8154.356846,12530.205950,8520.376712,9722.525919,7919.512195,-0.272675,0.072256,0.037449,0.218472,0.066519,0.095153,-0.062710
572950,96.0383,40,Ring_C3_Bend,Ring,bend,3,0.0383,Ring cycle 3: BEND Ring,2912,2895,2879,3272,2919,3048,2877,8369.230769,8202.500000,8049.835526,13517.375456,8439.285714,9897.994269,8031.034483,-0.272675,0.070993,0.024151,0.314467,0.056369,0.114918,-0.049511
573000,96.0386,40,Ring_C3_Bend,Ring,bend,3,0.0386,Ring cycle 3: BEND Ring,2909,2882,2879,3297,2929,3097,2880,8339.460371,8078.153339,8049.835526,14047.368421,8540.823328,10550.901804,8059.259259,-0.275262,0.054757,0.024151,0.366005,0.069078,0.188462,-0.046170
573050,96.0386,40,Ring_C3_Bend,Ring,bend,3,0.0386,Ring cycle 3: BEND Ring,2918,2895,2867,3387,2924,3061,2866,8429.226848,8202.500000,7937.947883,16265.254237,8489.837746,10065.183752,7928.722539,-0.267461,0.070993,0.009916,0.581678,0.062696,0.133750,-0.061620
573100,96.0602,40,Ring_C3_Bend,Ring,bend,3,0.0602,Ring cycle 3: BEND Ring,2920,2890,2865,3364,2914,3052,2874,8449.361702,8154.356846,7919.512195,15646.511628,8389.161727,9948.993289,8002.948403,-0.265712,0.064706,0.007570,0.521510,0.050094,0.120663,-0.052835
573150,96.1241,40,Ring_C3_Bend,Ring,bend,3,0.1241,Ring cycle 3: BEND Ring,2904,2881,2873,3245,2926,3050,2873,8290.176322,8068.698517,7993.617021,12980.000000,8510.179641,9923.444976,7993.617021,-0.279545,0.053522,0.016998,0.262211,0.065243,0.117785,-0.053939
573200,96.2889,40,Ring_C3_Bend,Ring,bend,3,0.2889,Ring cycle 3: BEND Ring,2913,2885,2888,3247,2925,3006,2865,8379.187817,8106.611570,8135.211268,13018.632075,8500.000000,9385.123967,7919.512195,-0.271810,0.058472,0.035013,0.265968,0.063968,0.057148,-0.062710
573250,96.2890,40,Ring_C3_Bend,Ring,bend,3,0.2890,Ring cycle 3: BEND Ring,2918,2897,2881,3237,2914,3020,2878,8429.226848,8221.869783,8068.698517,12827.272727,8389.161727,9551.627907,8040.427280,-0.267461,0.073522,0.026551,0.247359,0.050094,0.075903,-0.048399
573300,96.2890,40,Ring_C3_Bend,Ring,bend,3,0.2890,Ring cycle 3: BEND Ring,2910,2882,2894,3244,2917,3019,2875,8349.367089,8078.153339,8192.839301,12960.752056,8419.185059,9539.591078,8012.295082,-0.274402,0.054757,0.042345,0.260339,0.053853,0.074547,-0.051729
573350,96.3214,40,Ring_C3_Bend,Ring,bend,3,0.3214,Ring cycle 3: BEND Ring,2916,2895,2896,3232,2914,3013,2864,8409.160305,8202.500000,8212.176814,12733.256083,8389.161727,9467.837338,7910.316816,-0.269205,0.070993,0.044805,0.238217,0.050094,0.066465,-0.063798
573400,96.3543,40,Ring_C3_Bend,Ring,bend,3,0.3543,Ring cycle 3: BEND Ring,2914,2897,2886,3263,2904,2995,2878,8389.161727,8221.869783,8116.129032,13334.375000,8290.176322,9257.272727,8040.427280,-0.270943,0.073522,0.032585,0.296671,0.037704,0.042747,-0.048399
573450,96.3976,40,Ring_C3_Bend,Ring,bend,3,0.3976,Ring cycle 3: BEND Ring,2906,2892,2884,3264,2911,2991,2874,8309.840202,8173.566085,8097.109827,13354.512635,8359.290541,9211.413043,8002.948403,-0.277837,0.067215,0.030165,0.298630,0.046355,0.037581,-0.052835
573500,96.5381,40,Ring_C3_Bend,Ring,bend,3,0.5381,Ring cycle 3: BEND Ring,2917,2903,2887,3252,2907,2999,2865,8419.185059,8280.369128,8125.662252,13116.014235,8319.696970,9303.467153,7919.512195,-0.268334,0.081160,0.033798,0.275437,0.041399,0.047950,-0.062710
573550,96.5382,40,Ring_C3_Bend,Ring,bend,3,0.5382,Ring cycle 3: BEND Ring,2917,2905,2878,3213,2897,3018,2873,8419.185059,8300.000000,8040.427280,12385.714286,8221.869783,9527.576602,7993.617021,-0.268334,0.083723,0.022954,0.204421,0.029154,0.073194,-0.053939
573600,96.5486,40,Ring_C3_Bend,Ring,bend,3,0.5486,Ring cycle 3: BEND Ring,2909,2891,2900,3236,2910,3005,2872,8339.460371,8163.953488,8251.046025,12808.381839,8349.367089,9373.394495,7984.300899,-0.275262,0.065960,0.049750,0.245522,0.045113,0.055827,-0.055042
573650,96.6363,40,Ring_C3_Bend,Ring,bend,3,0.6363,Ring cycle 3: BEND Ring,2919,2895,2902,3241,2907,3012,2865,8439.285714,8202.500000,8270.578374,12903.278689,8319.696970,9455.955679,7919.512195,-0.266587,0.070993,0.052235,0.254750,0.041399,0.065126,-0.062710
573700,96.6586,40,Ring_C3_Bend,Ring,bend,3,0.6586,Ring cycle 3: BEND Ring,2917,2894,2898,3247,2900,3026,2871,8419.185059,8192.839301,8231.578947,13018.632075,8251.046025,9624.321796,7975.000000,-0.268334,0.069731,0.047273,0.265968,0.032806,0.084091,-0.056143
573750,96.7947,40,Ring_C3_Bend,Ring,bend,3,0.7947,Ring cycle 3: BEND Ring,2907,2885,2912,3278,2906,3058,2874,8319.696970,8106.611570,8369.230769,13641.615667,8309.840202,10026.229508,8002.948403,-0.276980,0.058472,0.064786,0.326548,0.040166,0.129363,-0.052835
573800,96.7947,40,Ring_C3_Bend,Ring,bend,3,0.7947,Ring cycle 3: BEND Ring,2912,2896,2915,3243,2905,3046,2865,8369.230769,8212.176814,8399.152542,12941.549296,8300.000000,9872.640610,7919.512195,-0.272675,0.072256,0.068593,0.258472,0.038934,0.112062,-0.062710
573850,96.8056,40,Ring_C3_Bend,Ring,bend,3,0.8056,Ring cycle 3: BEND Ring,2911,2897,2906,3221,2899,3036,2877,8359.290541,8221.869783,8309.840202,12530.205950,8241.304348,9747.308782,8031.034483,-0.273539,0.073522,0.057230,0.218472,0.031587,0.097945,-0.049511
573900,96.8596,40,Ring_C3_Bend,Ring,bend,3,0.8596,Ring cycle 3: BEND Ring,2904,2889,2918,3302,2907,3054,2876,8290.176322,8144.776119,8429.226848,14157.377049,8319.696970,9974.639769,8021.657096,-0.279545,0.063456,0.072419,0.376702,0.041399,0.123551,-0.050621
573950,96.9139,40,Ring_C3_Bend,Ring,bend,3,0.9139,Ring cycle 3: BEND Ring,2917,2896,2921,3316,2911,3088,2865,8419.185059,8212.176814,8459.454855,14472.913992,8359.290541,10426.216485,7919.512195,-0.268334,0.072256,0.076265,0.407386,0.046355,0.174417,-0.062710
574000,97.0566,40,Ring_C3_Bend,Ring,bend,3,1.0566,Ring cycle 3: BEND Ring,2914,2893,2963,3431,2907,3117,2873,8389.161727,8183.194676,8899.469965,17568.373494,8319.696970,10836.196319,7993.617021,-0.270943,0.068472,0.132247,0.708397,0.041399,0.220598,-0.053939
574050,97.0567,40,Ring_C3_Bend,Ring,bend,3,1.0567,Ring cycle 3: BEND Ring,2920,2890,2927,3519,2922,3095,2869,8449.361702,8154.356846,8520.376712,20771.875000,8469.565217,10523.000000,7956.443719,-0.265712,0.064706,0.084016,1.019915,0.060159,0.185319,-0.058339
574100,97.0567,40,Ring_C3_Bend,Ring,bend,3,1.0567,Ring cycle 3: BEND Ring,2931,2891,2902,3466,2924,3121,2862,8561.340206,8163.953488,8270.578374,18735.135135,8489.837746,10894.661191,7891.970803,-0.255980,0.065960,0.052235,0.821856,0.062696,0.227183,-0.065969
574150,97.0996,40,Ring_C3_Bend,Ring,bend,3,1.0996,Ring cycle 3: BEND Ring,2936,2896,2912,3421,2915,3037,2877,8612.942192,8212.176814,8369.230769,17257.270030,8399.152542,9759.735350,8031.034483,-0.251496,0.072256,0.064786,0.678145,0.051345,0.099344,-0.049511
574200,97.1646,40,Ring_C3_Bend,Ring,bend,3,1.1646,Ring cycle 3: BEND Ring,2926,2884,2976,3450,2918,3142,2871,8510.179641,8097.109827,9042.359249,18186.046512,8429.226848,11209.653725,7975.000000,-0.260426,0.057232,0.150426,0.768461,0.055110,0.262664,-0.056143
574250,97.3023,40,Ring_C3_Bend,Ring,bend,3,1.3023,Ring cycle 3: BEND Ring,2934,2901,2964,3444,2925,3114,2862,8592.248062,8260.804020,8910.344828,17987.096774,8500.000000,10792.660550,7891.970803,-0.253294,0.078605,0.133630,0.749115,0.063968,0.215694,-0.065969
574300,97.3024,40,Ring_C3_Bend,Ring,bend,3,1.3024,Ring cycle 3: BEND Ring,2930,2905,2916,3405,2916,3155,2866,8551.072961,8300.000000,8409.160305,16778.260870,8409.160305,11411.702128,7928.722539,-0.256872,0.083723,0.069866,0.631564,0.052598,0.285423,-0.061620
574350,97.3346,40,Ring_C3_Bend,Ring,bend,3,1.3346,Ring cycle 3: BEND Ring,2914,2897,2919,3382,2941,3146,2864,8389.161727,8221.869783,8439.285714,16127.349229,8664.991334,11271.232877,7910.316816,-0.270943,0.073522,0.073699,0.568268,0.084621,0.269601,-0.063798
574400,97.3555,40,Ring_C3_Bend,Ring,bend,3,1.3555,Ring cycle 3: BEND Ring,2921,2902,2910,3365,2929,3120,2865,8459.454855,8270.578374,8349.367089,15672.602740,8540.823328,10880.000000,7919.512195,-0.264834,0.079881,0.062259,0.524047,0.069078,0.225532,-0.062710
574450,97.4207,40,Ring_C3_Bend,Ring,bend,3,1.4207,Ring cycle 3: BEND Ring,2915,2889,2892,3356,2921,3079,2879,8399.152542,8144.776119,8173.566085,15440.324763,8459.454855,10303.740157,8049.835526,-0.270075,0.063456,0.039893,0.501460,0.058893,0.160622,-0.047286
574500,97.5622,40,Ring_C3_Bend,Ring,bend,3,1.5622,Ring cycle 3: BEND Ring,2906,2881,2932,3347,2926,3090,2877,8309.840202,8068.698517,8571.625107,15213.636364,8510.179641,10453.731343,8031.034483,-0.277837,0.053522,0.090536,0.479416,0.065243,0.177517,-0.049511
574550,97.5622,40,Ring_C3_Bend,Ring,bend,3,1.5622,Ring cycle 3: BEND Ring,2912,2889,2921,3373,2927,3054,2864,8369.230769,8144.776119,8459.454855,15883.933518,8520.376712,9974.639769,7910.316816,-0.272675,0.063456,0.076265,0.544598,0.066519,0.123551,-0.063798
574600,97.5622,40,Ring_C3_Bend,Ring,bend,3,1.5622,Ring cycle 3: BEND Ring,2909,2891,2892,3393,2917,3124,2878,8339.460371,8163.953488,8173.566085,16433.333333,8419.185059,10938.825953,8040.427280,-0.275262,0.065960,0.039893,0.598023,0.053853,0.232158,-0.048399
574650,97.5945,40,Ring_C3_Bend,Ring,bend,3,1.5945,Ring cycle 3: BEND Ring,2898,2884,2904,3398,2914,3106,2878,8231.578947,8097.109827,8290.176322,16575.609756,8389.161727,10677.856421,8040.427280,-0.284638,0.057232,0.054728,0.611858,0.050094,0.202762,-0.048399
574700,97.6607,40,Ring_C3_Bend,Ring,bend,3,1.6607,Ring cycle 3: BEND Ring,2912,2894,2903,3343,2913,3106,2871,8369.230769,8192.839301,8280.369128,15114.627660,8379.187817,10677.856421,7975.000000,-0.272675,0.069731,0.053481,0.469788,0.048846,0.202762,-0.056143
574750,97.8142,40,Ring_C3_Bend,Ring,bend,3,1.8142,Ring cycle 3: BEND Ring,2912,2898,2881,3325,2905,3118,2884,8369.230769,8231.578947,8068.698517,14681.818182,8300.000000,10850.767656,8097.109827,-0.272675,0.074789,0.026551,0.427701,0.038934,0.222239,-0.041691
574800,97.8143,40,Ring_C3_Bend,Ring,bend,3,1.8143,Ring cycle 3: BEND Ring,2899,2897,2898,3323,2908,3134,2880,8241.304348,8221.869783,8231.578947,14634.974093,8329.570345,11088.033299,8059.259259,-0.283793,0.073522,0.047273,0.423145,0.042635,0.248965,-0.046170
574850,97.8353,40,Ring_C3_Bend,Ring,bend,3,1.8353,Ring cycle 3: BEND Ring,2913,2911,2894,3327,2910,3128,2879,8379.187817,8359.290541,8192.839301,14728.906250,8349.367089,10998.138573,8049.835526,-0.271810,0.091464,0.042345,0.432280,0.045113,0.238839,-0.047286
574900,97.8573,40,Ring_C3_Bend,Ring,bend,3,1.8573,Ring cycle 3: BEND Ring,2908,2909,2899,3332,2902,3121,2885,8329.570345,8339.460371,8241.304348,14847.706422,8270.578374,10894.661191,8106.611570,-0.276122,0.088875,0.048511,0.443832,0.035251,0.227183,-0.040566
574950,97.9109,40,Ring_C3_Bend,Ring,bend,3,1.9109,Ring cycle 3: BEND Ring,2899,2902,2907,3323,2910,3118,2890,8241.304348,8270.578374,8319.696970,14634.974093,8349.367089,10850.767656,8154.356846,-0.283793,0.079881,0.058484,0.423145,0.045113,0.222239,-0.034915
575000,98.0661,41,Ring_C4_Open,Ring,open,4,0.0661,Ring cycle 4: OPEN,2907,2910,2898,3330,2901,3107,2878,8319.696970,8349.367089,8231.578947,14800.000000,8260.804020,10692.105263,8040.427280,-0.276980,0.090169,0.047273,0.439193,0.034028,0.204367,-0.048399
575050,98.0664,41,Ring_C4_Open,Ring,open,4,0.0664,Ring cycle 4: OPEN,2903,2916,2887,3314,2888,3107,2887,8280.369128,8409.160305,8125.662252,14427.144686,8135.211268,10692.105263,8125.662252,-0.280398,0.097976,0.033798,0.402935,0.018307,0.204367,-0.038311
575100,98.0664,41,Ring_C4_Open,Ring,open,4,0.0664,Ring cycle 4: OPEN,2896,2912,2906,3318,2894,3114,2884,8212.176814,8369.230769,8309.840202,14518.918919,8192.839301,10792.660550,8097.109827,-0.286324,0.092762,0.057230,0.411860,0.025520,0.215694,-0.041691
575150,98.1104,41,Ring_C4_Open,Ring,open,4,0.1104,Ring cycle 4: OPEN,2905,2907,2922,3295,2897,3092,2875,8300.000000,8319.696970,8469.565217,14003.750000,8221.869783,10481.355932,8012.295082,-0.278692,0.086295,0.077551,0.361763,0.029154,0.180628,-0.051729
575200,98.1645,41,Ring_C4_Open,Ring,open,4,0.1645,Ring cycle 4: OPEN,2905,2901,2897,3273,2887,3092,2884,8300.000000,8260.804020,8221.869783,13537.956204,8125.662252,10481.355932,8097.109827,-0.278692,0.078605,0.046038,0.316468,0.017112,0.180628,-0.041691
575250,98.3275,41,Ring_C4_Open,Ring,open,4,0.3275,Ring cycle 4: OPEN,2895,2903,2899,3280,2899,3087,2885,8202.500000,8280.369128,8241.304348,13683.435583,8241.304348,10412.500000,8106.611570,-0.287165,0.081160,0.048511,0.330615,0.031587,0.172872,-0.040566
575300,98.3275,41,Ring_C4_Open,Ring,open,4,0.3275,Ring cycle 4: OPEN,2906,2917,2887,3293,2896,3054,2877,8309.840202,8419.185059,8125.662252,13960.349127,8212.176814,9974.639769,8031.034483,-0.277837,0.099285,0.033798,0.357543,0.027941,0.123551,-0.049511
575350,98.3276,41,Ring_C4_Open,Ring,open,4,0.3276,Ring cycle 4: OPEN,2908,2904,2874,3282,2888,3095,2885,8329.570345,8290.176322,8002.948403,13725.461255,8135.211268,10523.000000,8106.611570,-0.276122,0.082440,0.018186,0.334702,0.018307,0.185319,-0.040566
575400,98.3492,41,Ring_C4_Open,Ring,open,4,0.3492,Ring cycle 4: OPEN,2901,2898,2878,3284,2896,3049,2885,8260.804020,8231.578947,8040.427280,13767.694205,8212.176814,9910.707457,8106.611570,-0.282098,0.074789,0.022954,0.338809,0.027941,0.116350,-0.040566
575450,98.4149,41,Ring_C4_Open,Ring,open,4,0.4149,Ring cycle 4: OPEN,2912,2918,2895,3308,2895,3033,2872,8369.230769,8429.226848,8202.500000,14291.232529,8202.500000,9710.169492,7984.300899,-0.272675,0.100596,0.043574,0.389719,0.026730,0.093761,-0.055042
575500,98.5625,41,Ring_C4_Open,Ring,open,4,0.5625,Ring cycle 4: OPEN,2908,2912,2879,3290,2884,3023,2889,8329.570345,8369.230769,8049.835526,13895.652174,8097.109827,9587.873134,8144.776119,-0.276122,0.092762,0.024151,0.351252,0.013538,0.079986,-0.036049
575550,98.5626,41,Ring_C4_Open,Ring,open,4,0.5626,Ring cycle 4: OPEN,2898,2902,2893,3276,2893,3077,2886,8231.578947,8270.578374,8183.194676,13600.000000,8183.194676,10276.817289,8116.129032,-0.284638,0.079881,0.041118,0.322502,0.024313,0.157589,-0.039440
575600,98.5626,41,Ring_C4_Open,Ring,open,4,0.5626,Ring cycle 4: OPEN,2908,2915,2889,3261,2890,3052,2878,8329.570345,8399.152542,8144.776119,13294.244604,8154.356846,9948.993289,8040.427280,-0.276122,0.096669,0.036230,0.292769,0.020703,0.120663,-0.048399
575650,98.6066,41,Ring_C4_Open,Ring,open,4,0.6066,Ring cycle 4: OPEN,2904,2897,2873,3254,2883,3059,2886,8290.176322,8221.869783,7993.617021,13155.291320,8087.623762,10039.189189,8116.129032,-0.279545,0.073522,0.016998,0.279257,0.012350,0.130822,-0.039440
575700,98.6505,41,Ring_C4_Open,Ring,open,4,0.6505,Ring cycle 4: OPEN,2896,2896,2881,3252,2896,3068,2884,8212.176814,8212.176814,8068.698517,13116.014235,8212.176814,10156.962025,8097.109827,-0.286324,0.072256,0.026551,0.275437,0.027941,0.144088,-0.041691
575750,98.8198,41,Ring_C4_Open,Ring,open,4,0.8198,Ring cycle 4: OPEN,2902,2897,2881,3253,2893,3059,2879,8270.578374,8221.869783,8068.698517,13135.629454,8183.194676,10039.189189,8049.835526,-0.281249,0.073522,0.026551,0.277345,0.024313,0.130822,-0.047286
575800,98.8198,41,Ring_C4_Open,Ring,open,4,0.8198,Ring cycle 4: OPEN,2904,2893,2863,3249,2888,3053,2882,8290.176322,8183.194676,7901.136364,13057.446809,8135.211268,9961.804223,8078.153339,-0.279545,0.068472,0.005232,0.269742,0.018307,0.122106,-0.043934
575850,98.8198,41,Ring_C4_Open,Ring,open,4,0.8198,Ring cycle 4: OPEN,2896,2891,2880,3263,2893,3049,2882,8212.176814,8163.953488,8059.259259,13334.375000,8183.194676,9910.707457,8078.153339,-0.286324,0.065960,0.025350,0.296671,0.024313,0.116350,-0.043934
575900,98.8640,41,Ring_C4_Open,Ring,open,4,0.8640,Ring cycle 4: OPEN,2903,2902,2880,3262,2885,3034,2872,8280.369128,8270.578374,8059.259259,13314.285714,8106.611570,9722.525919,7984.300899,-0.280398,0.079881,0.025350,0.294718,0.014727,0.095153,-0.055042
575950,98.9189,41,Ring_C4_Open,Ring,open,4,0.9189,Ring cycle 4: OPEN,2906,2897,2869,3254,2879,3064,2882,8309.840202,8221.869783,7956.443719,13155.291320,8049.835526,10104.364694,8078.153339,-0.277837,0.073522,0.012269,0.279257,0.007620,0.138164,-0.043934
576000,99.0904,41,Ring_C4_Open,Ring,open,4,1.0904,Ring cycle 4: OPEN,2907,2888,2900,3277,2899,3110,2880,8319.696970,8135.211268,8251.046025,13620.782396,8241.304348,10735.025381,8059.259259,-0.276980,0.062207,0.049750,0.324523,0.031587,0.209202,-0.046170
576050,99.0904,41,Ring_C4_Open,Ring,open,4,1.0904,Ring cycle 4: OPEN,2915,2890,2953,3275,2895,3054,2872,8399.152542,8154.356846,8791.768827,13579.268293,8202.500000,9974.639769,7984.300899,-0.270075,0.064706,0.118544,0.320486,0.026730,0.123551,-0.055042
576100,99.0905,41,Ring_C4_Open,Ring,open,4,1.0905,Ring cycle 4: OPEN,2910,2882,2929,3336,2891,3122,2880,8349.367089,8078.153339,8540.823328,14943.873518,8163.953488,10909.352518,8059.259259,-0.274402,0.054757,0.086617,0.453184,0.021905,0.228838,-0.046170
576150,99.1115,41,Ring_C4_Open,Ring,open,4,1.1115,Ring cycle 4: OPEN,2907,2876,2900,3392,2904,3126,2874,8319.696970,8021.657096,8251.046025,16405.120910,8290.176322,10968.421053,8002.948403,-0.276980,0.047380,0.049750,0.595279,0.037704,0.235492,-0.052835
576200,99.1549,41,Ring_C4_Open,Ring,open,4,1.1549,Ring cycle 4: OPEN,2922,2883,2913,3446,2914,3138,2866,8469.565217,8087.623762,8379.187817,18053.004622,8389.161727,11148.589342,7928.722539,-0.263956,0.055993,0.066053,0.755524,0.050094,0.255786,-0.061620
576250,99.3385,41,Ring_C4_Open,Ring,open,4,1.3385,Ring cycle 4: OPEN,2923,2879,2887,3571,2904,3140,2880,8479.692833,8049.835526,8125.662252,23170.610687,8290.176322,11179.057592,8059.259259,-0.263076,0.051059,0.033798,1.253174,0.037704,0.259218,-0.046170
576300,99.3386,41,Ring_C4_Open,Ring,open,4,1.3386,Ring cycle 4: OPEN,2915,2864,2928,3577,2907,3181,2885,8399.152542,7910.316816,8530.591260,23478.378378,8319.696970,11833.041575,8106.611570,-0.270075,0.032842,0.085316,1.283102,0.041399,0.332883,-0.040566
576350,99.3386,41,Ring_C4_Open,Ring,open,4,1.3386,Ring cycle 4: OPEN,2927,2866,2868,3416,2910,3164,2877,8520.376712,7928.722539,7947.188264,17105.154639,8349.367089,11554.887218,8031.034483,-0.259540,0.035246,0.011091,0.663353,0.045113,0.301552,-0.049511
576400,99.3707,41,Ring_C4_Open,Ring,open,4,1.3707,Ring cycle 4: OPEN,2929,2867,2880,3390,2895,3139,2879,8540.823328,7937.947883,8059.259259,16348.936170,8202.500000,11163.807531,8049.835526,-0.257763,0.036450,0.025350,0.589816,0.026730,0.257500,-0.047286
576450,99.4144,41,Ring_C4_Open,Ring,open,4,1.4144,Ring cycle 4: OPEN,2920,2864,2859,3410,2905,3172,2880,8449.361702,7910.316816,7864.563107,16925.547445,8300.000000,11684.507042,8059.259259,-0.265712,0.032842,0.000579,0.645887,0.038934,0.316152,-0.046170
576500,99.6017,41,Ring_C4_Open,Ring,open,4,1.6017,Ring cycle 4: OPEN,2933,2877,2874,3325,2898,3092,2870,8581.927711,8031.034483,8002.948403,14681.818182,8231.578947,10481.355932,7965.714286,-0.254191,0.048604,0.018186,0.427701,0.030369,0.180628,-0.057242
576550,99.6017,41,Ring_C4_Open,Ring,open,4,1.6017,Ring cycle 4: OPEN,2934,2874,2863,3356,2897,3191,2881,8592.248062,8002.948403,7901.136364,15440.324763,8221.869783,12001.548673,8068.698517,-0.253294,0.044937,0.005232,0.501460,0.029154,0.351864,-0.045053
576600,99.6018,41,Ring_C4_Open,Ring,open,4,1.6018,Ring cycle 4: OPEN,2927,2865,2883,3354,2910,3168,2877,8520.376712,7919.512195,8087.623762,15389.473684,8349.367089,11619.417476,8031.034483,-0.259540,0.034043,0.028958,0.496515,0.045113,0.308820,-0.049511
576650,99.6232,41,Ring_C4_Open,Ring,open,4,1.6232,Ring cycle 4: OPEN,2933,2877,2861,3344,2906,3191,2865,8581.927711,8031.034483,7882.820097,15139.280959,8309.840202,12001.548673,7919.512195,-0.254191,0.048604,0.002902,0.472186,0.040166,0.351864,-0.062710
576700,99.6559,41,Ring_C4_Open,Ring,open,4,1.6559,Ring cycle 4: OPEN,2930,2871,2843,3385,2901,3158,2874,8551.072961,7975.000000,7720.607029,16209.859155,8260.804020,11459.124867,8002.948403,-0.256872,0.041288,-0.017736,0.576292,0.034028,0.290765,-0.052835
576750,99.7100,41,Ring_C4_Open,Ring,open,4,1.7100,Ring cycle 4: OPEN,2924,2866,2851,3411,2910,3151,2879,8489.837746,7928.722539,7792.122186,16955.263158,8349.367089,11348.940678,8049.835526,-0.262194,0.035246,-0.008637,0.648777,0.045113,0.278354,-0.047286
576800,99.8515,41,Ring_C4_Open,Ring,open,4,1.8515,Ring cycle 4: OPEN,2943,2882,2862,3374,2911,3123,2874,8685.937500,8078.153339,7891.970803,15910.679612,8359.290541,10924.074074,8002.948403,-0.245152,0.054757,0.004066,0.547198,0.046355,0.230496,-0.052835
576850,99.8516,41,Ring_C4_Open,Ring,open,4,1.8516,Ring cycle 4: OPEN,2931,2887,2847,3356,2901,3092,2879,8561.340206,8125.662252,7756.250000,15440.324763,8260.804020,10481.355932,8049.835526,-0.255980,0.060960,-0.013201,0.501460,0.034028,0.180628,-0.047286
576900,99.8618,41,Ring_C4_Open,Ring,open,4,1.8618,Ring cycle 4: OPEN,2924,2864,2859,3268,2914,3050,2873,8489.837746,7910.316816,7864.563107,13435.550181,8389.161727,9923.444976,7993.617021,-0.262194,0.032842,0.000579,0.306510,0.050094,0.117785,-0.053939
576950,99.9053,41,Ring_C4_Open,Ring,open,4,1.9053,Ring cycle 4: OPEN,2932,2879,2862,3224,2911,3052,2863,8571.625107,8049.835526,7891.970803,12585.074627,8359.290541,9948.993289,7901.136364,-0.255086,0.051059,0.004066,0.223807,0.046355,0.120663,-0.064885
577000,99.9597,41,Ring_C4_Open,Ring,open,4,1.9597,Ring cycle 4: OPEN,2932,2878,2844,3200,2904,3038,2870,8571.625107,8040.427280,7729.496403,12156.424581,8290.176322,9772.185430,7965.714286,-0.255086,0.049831,-0.016605,0.182124,0.037704,0.100747,-0.057242
577050,100.0895,42,Ring_C4_Bend,Ring,bend,4,0.0895,Ring cycle 4: BEND Ring,2922,2867,2861,3201,2909,3037,2869,8469.565217,7937.947883,7882.820097,12173.825503,8339.460371,9759.735350,7956.443719,-0.263956,0.036450,0.002902,0.183816,0.043873,0.099344,-0.058339
577100,100.0899,42,Ring_C4_Bend,Ring,bend,4,0.0899,Ring cycle 4: BEND Ring,2929,2880,2860,3196,2899,3046,2863,8540.823328,8059.259259,7873.684211,12087.208009,8241.304348,9872.640610,7901.136364,-0.257763,0.052290,0.001740,0.175394,0.031587,0.112062,-0.064885
577150,100.1120,42,Ring_C4_Bend,Ring,bend,4,0.1120,Ring cycle 4: BEND Ring,2931,2882,2856,3247,2896,3020,2870,8561.340206,8078.153339,7837.288136,13018.632075,8212.176814,9551.627907,7965.714286,-0.255980,0.054757,-0.002891,0.265968,0.027941,0.075903,-0.057242
577200,100.1662,42,Ring_C4_Bend,Ring,bend,4,0.1662,Ring cycle 4: BEND Ring,2922,2878,2883,3271,2906,3045,2870,8469.565217,8040.427280,8087.623762,13496.844660,8309.840202,9860.000000,7965.714286,-0.263956,0.049831,0.028958,0.312470,0.040166,0.110638,-0.057242
577250,100.3671,42,Ring_C4_Bend,Ring,bend,4,0.3671,Ring cycle 4: BEND Ring,2931,2886,2868,3200,2908,3042,2862,8561.340206,8116.129032,7947.188264,12156.424581,8329.570345,9822.222222,7891.970803,-0.255980,0.059715,0.011091,0.182124,0.042635,0.106383,-0.065969
577300,100.3672,42,Ring_C4_Bend,Ring,bend,4,0.3672,Ring cycle 4: BEND Ring,2929,2878,2885,3227,2899,3044,2874,8540.823328,8040.427280,8106.611570,12640.322581,8241.304348,9847.383444,8002.948403,-0.257763,0.049831,0.031374,0.229180,0.031587,0.109217,-0.052835
577350,100.3672,42,Ring_C4_Bend,Ring,bend,4,0.3672,Ring cycle 4: BEND Ring,2923,2866,2879,3237,2903,3044,2870,8479.692833,7928.722539,8049.835526,12827.272727,8280.369128,9847.383444,7965.714286,-0.263076,0.035246,0.024151,0.247359,0.036477,0.109217,-0.057242
577400,100.3783,42,Ring_C4_Bend,Ring,bend,4,0.3783,Ring cycle 4: BEND Ring,2932,2872,2867,3249,2906,3014,2864,8571.625107,7984.300899,7937.947883,13057.446809,8309.840202,9479.740981,7910.316816,-0.255086,0.042502,0.009916,0.269742,0.040166,0.067806,-0.063798
577450,100.4322,42,Ring_C4_Bend,Ring,bend,4,0.4322,Ring cycle 4: BEND Ring,2933,2866,2830,3252,2896,3016,2874,8581.927711,7928.722539,7606.324111,13116.014235,8212.176814,9503.614458,8002.948403,-0.254191,0.035246,-0.032276,0.275437,0.027941,0.070495,-0.052835
577500,100.4755,42,Ring_C4_Bend,Ring,bend,4,0.4755,Ring cycle 4: BEND Ring,2925,2853,2822,3278,2907,3019,2867,8500.000000,7810.144928,7537.156324,13641.615667,8319.696970,9539.591078,7937.947883,-0.261311,0.019763,-0.041075,0.326548,0.041399,0.074547,-0.060528
577550,100.6235,42,Ring_C4_Bend,Ring,bend,4,0.6235,Ring cycle 4: BEND Ring,2933,2862,2831,3279,2902,3019,2862,8581.927711,7891.970803,7615.031646,13662.500000,8270.578374,9539.591078,7891.970803,-0.254191,0.030447,-0.031168,0.328579,0.035251,0.074547,-0.065969
577600,100.6236,42,Ring_C4_Bend,Ring,bend,4,0.6236,Ring cycle 4: BEND Ring,2938,2859,2835,3264,2893,3041,2871,8633.707865,7864.563107,7650.000000,13354.512635,8183.194676,9809.677419,7975.000000,-0.249691,0.026868,-0.026719,0.298630,0.024313,0.104970,-0.056143
577650,100.6236,42,Ring_C4_Bend,Ring,bend,4,0.6236,Ring cycle 4: BEND Ring,2928,2850,2852,3247,2905,3008,2869,8530.591260,7783.132530,7801.126307,13018.632075,8300.000000,9408.647654,7956.443719,-0.258652,0.016236,-0.007492,0.265968,0.038934,0.059798,-0.058339
577700,100.6561,42,Ring_C4_Bend,Ring,bend,4,0.6561,Ring cycle 4: BEND Ring,2941,2855,2854,3247,2901,3014,2863,8664.991334,7828.225806,7819.178082,13018.632075,8260.804020,9479.740981,7901.136364,-0.246972,0.022124,-0.005195,0.265968,0.034028,0.067806,-0.064885
577750,100.7214,42,Ring_C4_Bend,Ring,bend,4,0.7214,Ring cycle 4: BEND Ring,2939,2854,2842,3252,2899,3019,2875,8644.117647,7819.178082,7711.731844,13116.014235,8241.304348,9539.591078,8012.295082,-0.248786,0.020943,-0.018865,0.275437,0.031587,0.074547,-0.051729
577800,100.8790,42,Ring_C4_Bend,Ring,bend,4,0.8790,Ring cycle 4: BEND Ring,2936,2842,2849,3213,2908,3018,2877,8612.942192,7711.731844,7774.157303,12385.714286,8329.570345,9527.576602,8031.034483,-0.251496,0.006913,-0.010923,0.204421,0.042635,0.073194,-0.049511
577850,100.8791,42,Ring_C4_Bend,Ring,bend,4,0.8791,Ring cycle 4: BEND Ring,2942,2853,2846,3264,2904,2999,2868,8675.455334,7810.144928,7747.317854,13354.512635,8290.176322,9303.467153,7947.188264,-0.246063,0.019763,-0.014337,0.298630,0.037704,0.047950,-0.059434
577900,100.8791,42,Ring_C4_Bend,Ring,bend,4,0.8791,Ring cycle 4: BEND Ring,2945,2850,2824,3231,2896,3012,2876,8706.956522,7783.132530,7554.366640,12714.583333,8212.176814,9455.955679,8021.657096,-0.243325,0.016236,-0.038886,0.236401,0.027941,0.065126,-0.050621
577950,100.9331,42,Ring_C4_Bend,Ring,bend,4,0.9331,Ring cycle 4: BEND Ring,2931,2845,2852,3298,2901,3034,2879,8561.340206,7738.400000,7801.126307,14069.259724,8260.804020,9722.525919,8049.835526,-0.255980,0.010395,-0.007492,0.368134,0.034028,0.095153,-0.047286
578000,100.9771,42,Ring_C4_Bend,Ring,bend,4,0.9771,Ring cycle 4: BEND Ring,2936,2851,2850,3319,2902,3103,2865,8612.942192,7792.122186,7783.132530,14542.010309,8270.578374,10635.282258,7919.512195,-0.251496,0.017410,-0.009781,0.414105,0.035251,0.197967,-0.062710
578050,101.1424,42,Ring_C4_Bend,Ring,bend,4,1.1424,Ring cycle 4: BEND Ring,2935,2849,2879,3433,2897,3034,2877,8602.586207,7774.157303,8049.835526,17631.722054,8221.869783,9722.525919,8031.034483,-0.252396,0.015064,0.024151,0.714557,0.029154,0.095153,-0.049511
578100,101.1425,42,Ring_C4_Bend,Ring,bend,4,1.1425,Ring cycle 4: BEND Ring,2951,2840,2894,3421,2905,3026,2875,8770.454545,7694.023904,8192.839301,17257.270030,8300.000000,9624.321796,8012.295082,-0.237807,0.004601,0.042345,0.678145,0.038934,0.084091,-0.051729
578150,101.1425,42,Ring_C4_Bend,Ring,bend,4,1.1425,Ring cycle 4: BEND Ring,2945,2855,2868,3525,2912,3024,2865,8706.956522,7828.225806,7947.188264,21026.315789,8369.230769,9600.000000,7919.512195,-0.243325,0.022124,0.011091,1.044657,0.047600,0.081352,-0.062710
578200,101.1748,42,Ring_C4_Bend,Ring,bend,4,1.1748,Ring cycle 4: BEND Ring,2948,2861,2898,3429,2905,3084,2875,8738.622493,7882.820097,8231.578947,17505.405405,8300.000000,10371.513353,8012.295082,-0.240573,0.029252,0.047273,0.702274,0.038934,0.168256,-0.051729
578250,101.1963,42,Ring_C4_Bend,Ring,bend,4,1.1963,Ring cycle 4: BEND Ring,2943,2859,2884,3405,2913,3159,2873,8685.937500,7864.563107,8097.109827,16778.260870,8379.187817,11475.000000,7993.617021,-0.245152,0.026868,0.030165,0.631564,0.048846,0.292553,-0.053939
578300,101.3903,42,Ring_C4_Bend,Ring,bend,4,1.3903,Ring cycle 4: BEND Ring,2956,2874,2879,3343,2908,3155,2867,8823.880597,8002.948403,8049.835526,15114.627660,8329.570345,11411.702128,7937.947883,-0.233164,0.044937,0.024151,0.469788,0.042635,0.285423,-0.060528
578350,101.3903,42,Ring_C4_Bend,Ring,bend,4,1.3903,Ring cycle 4: BEND Ring,2951,2866,2843,3296,2900,3146,2881,8770.454545,7928.722539,7720.607029,14025.531915,8251.046025,11271.232877,8068.698517,-0.237807,0.035246,-0.017736,0.363882,0.032806,0.269601,-0.045053
578400,101.3904,42,Ring_C4_Bend,Ring,bend,4,1.3904,Ring cycle 4: BEND Ring,2938,2859,2906,3303,2898,3126,2882,8633.707865,7864.563107,8309.840202,14179.545455,8231.578947,10968.421053,8078.153339,-0.249691,0.026868,0.057230,0.378858,0.030369,0.235492,-0.043934
578450,101.4230,42,Ring_C4_Bend,Ring,bend,4,1.4230,Ring cycle 4: BEND Ring,2951,2863,2906,3314,2896,3148,2881,8770.454545,7901.136364,8309.840202,14427.144686,8212.176814,11302.217529,8068.698517,-0.237807,0.031644,0.057230,0.402935,0.027941,0.273091,-0.045053
578500,101.4561,42,Ring_C4_Bend,Ring,bend,4,1.4561,Ring cycle 4: BEND Ring,2950,2867,2895,3344,2893,3133,2894,8759.825328,7937.947883,8202.500000,15139.280959,8183.194676,11072.972973,8192.839301,-0.238731,0.036450,0.043574,0.472186,0.024313,0.247269,-0.030361
578550,101.5103,42,Ring_C4_Bend,Ring,bend,4,1.5103,Ring cycle 4: BEND Ring,2944,2875,2886,3316,2913,3222,2894,8696.437880,8012.295082,8116.129032,14472.913992,8379.187817,12548.453608,8192.839301,-0.244239,0.046158,0.032585,0.407386,0.048846,0.413468,-0.030361
578600,101.6508,42,Ring_C4_Bend,Ring,bend,4,1.6508,Ring cycle 4: BEND Ring,2953,2871,2867,3321,2903,3215,2878,8791.768827,7975.000000,7937.947883,14588.372093,8280.369128,12421.590909,8040.427280,-0.235955,0.041288,0.009916,0.418614,0.036477,0.399178,-0.048399
578650,101.6509,42,Ring_C4_Bend,Ring,bend,4,1.6509,Ring cycle 4: BEND Ring,2946,2866,2857,3339,2907,3162,2893,8717.493473,7928.722539,7846.365105,15016.666667,8319.696970,11522.829582,8183.194676,-0.242410,0.035246,-0.001736,0.460262,0.041399,0.297941,-0.031502
578700,101.6612,42,Ring_C4_Bend,Ring,bend,4,1.6612,Ring cycle 4: BEND Ring,2938,2870,2854,3323,2902,3211,2891,8633.707865,7965.714286,7819.178082,14634.974093,8270.578374,12350.000000,8163.953488,-0.249691,0.040076,-0.005195,0.423145,0.035251,0.391114,-0.033780
578750,101.7267,42,Ring_C4_Bend,Ring,bend,4,1.7267,Ring cycle 4: BEND Ring,2947,2868,2844,3293,2899,3192,2881,8728.048780,7947.188264,7729.496403,13960.349127,8241.304348,12018.604651,8068.698517,-0.241492,0.037657,-0.016605,0.357543,0.031587,0.353785,-0.045053
578800,101.7589,42,Ring_C4_Bend,Ring,bend,4,1.7589,Ring cycle 4: BEND Ring,2941,2876,2843,3299,2896,3167,2893,8664.991334,8021.657096,7720.607029,14091.206030,8212.176814,11603.232759,8183.194676,-0.246972,0.047380,-0.017736,0.370268,0.027941,0.306997,-0.031502
578850,101.9111,42,Ring_C4_Bend,Ring,bend,4,1.9111,Ring cycle 4: BEND Ring,2927,2864,2873,3287,2901,3121,2890,8520.376712,7910.316816,7993.617021,13831.435644,8260.804020,10894.661191,8154.356846,-0.259540,0.032842,0.016998,0.345007,0.034028,0.227183,-0.034915
578900,101.9111,42,Ring_C4_Bend,Ring,bend,4,1.9111,Ring cycle 4: BEND Ring,2936,2868,2863,3310,2898,3116,2878,8612.942192,7947.188264,7901.136364,14336.305732,8231.578947,10821.654750,8040.427280,-0.251496,0.037657,0.005232,0.394102,0.030369,0.218960,-0.048399
578950,101.9112,42,Ring_C4_Bend,Ring,bend,4,1.9112,Ring cycle 4: BEND Ring,2932,2871,2872,3283,2891,3119,2888,8571.625107,7975.000000,7984.300899,13746.551724,8163.953488,10865.368852,8135.211268,-0.255086,0.041288,0.015813,0.336753,0.021905,0.223884,-0.037181
579000,101.9544,42,Ring_C4_Bend,Ring,bend,4,1.9544,Ring cycle 4: BEND Ring,2924,2862,2885,3311,2906,3109,2886,8489.837746,7891.970803,8106.611570,14358.928571,8309.840202,10720.689655,8116.129032,-0.262194,0.030447,0.031374,0.396302,0.040166,0.207587,-0.039440
579050,102.0159,43,Ring_C5_Open,Ring,open,5,0.0159,Ring cycle 5: OPEN,2934,2863,2873,3314,2898,3061,2878,8592.248062,7901.136364,7993.617021,14427.144686,8231.578947,10065.183752,8040.427280,-0.253294,0.031644,0.016998,0.402935,0.030369,0.133750,-0.048399
579100,102.1806,43,Ring_C5_Open,Ring,open,5,0.1806,Ring cycle 5: OPEN,2936,2867,2873,3289,2900,3063,2889,8612.942192,7937.947883,7993.617021,13874.193548,8251.046025,10091.279070,8144.776119,-0.251496,0.036450,0.016998,0.349165,0.032806,0.136690,-0.036049
579150,102.1806,43,Ring_C5_Open,Ring,open,5,0.1806,Ring cycle 5: OPEN,2929,2863,2872,3288,2906,3094,2892,8540.823328,7901.136364,7984.300899,13852.788104,8309.840202,10509.090909,8173.566085,-0.257763,0.031644,0.015813,0.347083,0.040166,0.183752,-0.032642
579200,102.1807,43,Ring_C5_Open,Ring,open,5,0.1807,Ring cycle 5: OPEN,2940,2873,2877,3277,2912,3073,2880,8654.545455,7993.617021,8031.034483,13620.782396,8369.230769,10223.287671,8059.259259,-0.247880,0.043719,0.021759,0.324523,0.047600,0.151559,-0.046170
579250,102.2022,43,Ring_C5_Open,Ring,open,5,0.2022,Ring cycle 5: OPEN,2937,2871,2827,3271,2902,3097,2893,8623.316062,7975.000000,7580.283912,13496.844660,8270.578374,10550.901804,8183.194676,-0.250594,0.041288,-0.035589,0.312470,0.035251,0.188462,-0.031502
579300,102.2451,43,Ring_C5_Open,Ring,open,5,0.2451,Ring cycle 5: OPEN,2926,2866,2850,3285,2910,3090,2891,8510.179641,7928.722539,7783.132530,13788.888889,8349.367089,10453.731343,8163.953488,-0.260426,0.035246,-0.009781,0.340870,0.045113,0.177517,-0.033780
579350,102.4199,43,Ring_C5_Open,Ring,open,5,0.4199,Ring cycle 5: OPEN,2933,2878,2835,3262,2907,3102,2880,8581.927711,8040.427280,7650.000000,13314.285714,8319.696970,10621.148036,8059.259259,-0.254191,0.049831,-0.026719,0.294718,0.041399,0.196375,-0.046170
579400,102.4199,43,Ring_C5_Open,Ring,open,5,0.4199,Ring cycle 5: OPEN,2936,2879,2823,3273,2897,3085,2893,8612.942192,8049.835526,7545.754717,13537.956204,8221.869783,10385.148515,8183.194676,-0.251496,0.051059,-0.039982,0.316468,0.029154,0.169791,-0.031502
579450,102.4200,43,Ring_C5_Open,Ring,open,5,0.4200,Ring cycle 5: OPEN,2925,2871,2838,3280,2910,3089,2887,8500.000000,7975.000000,7676.372315,13683.435583,8349.367089,10439.960239,8125.662252,-0.261311,0.041288,-0.023364,0.330615,0.045113,0.175965,-0.038311
579500,102.4638,43,Ring_C5_Open,Ring,open,5,0.4638,Ring cycle 5: OPEN,2935,2880,2862,3273,2908,3071,2876,8602.586207,8059.259259,7891.970803,13537.956204,8329.570345,10196.679688,8021.657096,-0.252396,0.052290,0.004066,0.316468,0.042635,0.148562,-0.050621
579550,102.6659,43,Ring_C5_Open,Ring,open,5,0.6659,Ring cycle 5: OPEN,2934,2877,2846,3265,2897,3081,2884,8592.248062,8031.034483,7747.317854,13374.698795,8221.869783,10330.769231,8097.109827,-0.253294,0.048604,-0.014337,0.300593,0.029154,0.163666,-0.041691
579600,102.6659,43,Ring_C5_Open,Ring,open,5,0.6659,Ring cycle 5: OPEN,2925,2865,2850,3256,2919,3064,2882,8500.000000,7919.512195,7783.132530,13194.755662,8439.285714,10104.364694,8078.153339,-0.261311,0.034043,-0.009781,0.283095,0.056369,0.138164,-0.043934
579650,102.6660,43,Ring_C5_Open,Ring,open,5,0.6660,Ring cycle 5: OPEN,2928,2873,2838,3263,2910,3052,2874,8530.591260,7993.617021,7676.372315,13334.375000,8349.367089,9948.993289,8002.948403,-0.258652,0.043719,-0.023364,0.296671,0.045113,0.120663,-0.052835
579700,102.6660,43,Ring_C5_Open,Ring,open,5,0.6660,Ring cycle 5: OPEN,2925,2870,2835,3275,2901,3015,2881,8500.000000,7965.714286,7650.000000,13579.268293,8260.804020,9491.666667,8068.698517,-0.261311,0.040076,-0.026719,0.320486,0.034028,0.069149,-0.045053
579750,102.6986,43,Ring_C5_Open,Ring,open,5,0.6986,Ring cycle 5: OPEN,2914,2858,2837,3284,2911,3052,2878,8389.161727,7855.456750,7667.567568,13767.694205,8359.290541,9948.993289,8040.427280,-0.270943,0.025679,-0.024484,0.338809,0.046355,0.120663,-0.048399
579800,102.7643,43,Ring_C5_Open,Ring,open,5,0.7643,Ring cycle 5: OPEN,2925,2863,2829,3274,2909,3006,2866,8500.000000,7901.136364,7597.630332,13558.587089,8339.460371,9385.123967,7928.722539,-0.261311,0.031644,-0.033382,0.318474,0.043873,0.057148,-0.061620
579850,102.9286,43,Ring_C5_Open,Ring,open,5,0.9286,Ring cycle 5: OPEN,2924,2857,2831,3256,2907,3064,2880,8489.837746,7846.365105,7615.031646,13194.755662,8319.696970,10104.364694,8059.259259,-0.262194,0.024492,-0.031168,0.283095,0.041399,0.138164,-0.046170
579900,102.9287,43,Ring_C5_Open,Ring,open,5,0.9287,Ring cycle 5: OPEN,2919,2848,2868,3342,2924,3199,2882,8439.285714,7765.196472,7947.188264,15090.039841,8489.837746,12139.062500,8078.153339,-0.266587,0.013894,0.011091,0.467397,0.062696,0.367354,-0.043934
579950,102.9287,43,Ring_C5_Open,Ring,open,5,0.9287,Ring cycle 5: OPEN,2928,2862,2890,3374,2910,3168,2866,8530.591260,7891.970803,8154.356846,15910.679612,8349.367089,11619.417476,7928.722539,-0.258652,0.030447,0.037449,0.547198,0.045113,0.308820,-0.061620
580000,102.9718,43,Ring_C5_Open,Ring,open,5,0.9718,Ring cycle 5: OPEN,2935,2857,2884,3391,2903,3227,2888,8602.586207,7846.365105,8097.109827,16376.988636,8280.369128,12640.322581,8135.211268,-0.252396,0.024492,0.030165,0.592544,0.036477,0.423816,-0.037181
580050,103.0044,43,Ring_C5_Open,Ring,open,5,1.0044,Ring cycle 5: OPEN,2924,2861,2865,3467,2909,3153,2880,8489.837746,7882.820097,7919.512195,18770.382166,8339.460371,11380.254777,8059.259259,-0.262194,0.029252,0.007570,0.825284,0.043873,0.281881,-0.046170
580100,103.1759,43,Ring_C5_Open,Ring,open,5,1.1759,Ring cycle 5: OPEN,2939,2865,2873,3510,2901,3129,2880,8644.117647,7919.512195,7993.617021,20400.000000,8260.804020,11013.043478,8059.259259,-0.248786,0.034043,0.016998,0.983752,0.034028,0.240518,-0.046170
580150,103.1760,43,Ring_C5_Open,Ring,open,5,1.1760,Ring cycle 5: OPEN,2943,2863,2851,3459,2902,3160,2896,8685.937500,7901.136364,7792.122186,18491.509434,8270.578374,11490.909091,8212.176814,-0.245152,0.031644,-0.008637,0.798166,0.035251,0.294345,-0.028072
580200,103.1760,43,Ring_C5_Open,Ring,open,5,1.1760,Ring cycle 5: OPEN,2933,2848,2863,3506,2913,3199,2896,8581.927711,7765.196472,7901.136364,20238.370119,8379.187817,12139.062500,8212.176814,-0.254191,0.013894,0.005232,0.968035,0.048846,0.367354,-0.028072
580250,103.2088,43,Ring_C5_Open,Ring,open,5,1.2088,Ring cycle 5: OPEN,2942,2856,2864,3309,2908,3177,2894,8675.455334,7837.288136,7910.316816,14313.740458,8329.570345,11766.666667,8192.839301,-0.246063,0.023307,0.006400,0.391908,0.042635,0.325407,-0.030361
580300,103.2742,43,Ring_C5_Open,Ring,open,5,1.2742,Ring cycle 5: OPEN,2949,2862,2863,3361,2895,3204,2901,8749.214660,7891.970803,7901.136364,15568.664850,8202.500000,12226.262626,8260.804020,-0.239653,0.030447,0.005232,0.513940,0.026730,0.377176,-0.022317
580350,103.4360,43,Ring_C5_Open,Ring,open,5,1.4360,Ring cycle 5: OPEN,2935,2844,2843,3383,2907,3163,2896,8602.586207,7729.496403,7720.607029,16154.775281,8319.696970,11538.841202,8212.176814,-0.252396,0.009233,-0.017736,0.570935,0.041399,0.299744,-0.028072
580400,103.4361,43,Ring_C5_Open,Ring,open,5,1.4361,Ring cycle 5: OPEN,2942,2856,2820,3321,2901,3100,2890,8675.455334,7837.288136,7520.000000,14588.372093,8260.804020,10592.964824,8154.356846,-0.246063,0.023307,-0.043258,0.418614,0.034028,0.193200,-0.034915
580450,103.4361,43,Ring_C5_Open,Ring,open,5,1.4361,Ring cycle 5: OPEN,2941,2853,2815,3333,2896,3116,2895,8664.991334,7810.144928,7477.343750,14871.653543,8212.176814,10821.654750,8202.500000,-0.246972,0.019763,-0.048685,0.446161,0.027941,0.218960,-0.029218
580500,103.4463,43,Ring_C5_Open,Ring,open,5,1.4463,Ring cycle 5: OPEN,2927,2847,2831,3277,2900,3112,2892,8520.376712,7756.250000,7615.031646,13620.782396,8251.046025,10763.784334,8173.566085,-0.259540,0.012726,-0.031168,0.324523,0.032806,0.212441,-0.032642
580550,103.5125,43,Ring_C5_Open,Ring,open,5,1.5125,Ring cycle 5: OPEN,2939,2857,2823,3377,2901,3102,2882,8644.117647,7846.365105,7545.754717,15991.364903,8260.804020,10621.148036,8078.153339,-0.248786,0.024492,-0.039982,0.555045,0.034028,0.196375,-0.043934
580600,103.6849,43,Ring_C5_Open,Ring,open,5,1.6849,Ring cycle 5: OPEN,2939,2850,2817,3291,2896,3076,2892,8644.117647,7783.132530,7494.366197,13917.164179,8212.176814,10263.395486,8173.566085,-0.248786,0.016236,-0.046519,0.353344,0.027941,0.156077,-0.032642
580650,103.6850,43,Ring_C5_Open,Ring,open,5,1.6850,Ring cycle 5: OPEN,2926,2843,2834,3363,2902,3143,2888,8510.179641,7720.607029,7641.237113,15620.491803,8270.578374,11225.000000,8135.211268,-0.260426,0.008072,-0.027834,0.518980,0.035251,0.264393,-0.037181
580700,103.6850,43,Ring_C5_Open,Ring,open,5,1.6850,Ring cycle 5: OPEN,2938,2850,2831,3293,2904,3120,2879,8633.707865,7783.132530,7615.031646,13960.349127,8290.176322,10880.000000,8049.835526,-0.249691,0.016236,-0.031168,0.357543,0.037704,0.225532,-0.047286
580750,103.7070,43,Ring_C5_Open,Ring,open,5,1.7070,Ring cycle 5: OPEN,2941,2853,2816,3230,2897,3127,2889,8664.991334,7810.144928,7485.848319,12695.953757,8221.869783,10983.264463,8144.776119,-0.246972,0.019763,-0.047603,0.234590,0.029154,0.237164,-0.036049
580800,103.7506,43,Ring_C5_Open,Ring,open,5,1.7506,Ring cycle 5: OPEN,2934,2847,2823,3196,2906,3086,2885,8592.248062,7756.250000,7545.754717,12087.208009,8309.840202,10398.810704,8106.611570,-0.253294,0.012726,-0.039982,0.175394,0.040166,0.171330,-0.040566
580850,103.8049,43,Ring_C5_Open,Ring,open,5,1.8049,Ring cycle 5: OPEN,2942,2848,2812,3187,2902,3076,2876,8675.455334,7765.196472,7451.909587,11933.700441,8270.578374,10263.395486,8021.657096,-0.246063,0.013894,-0.051921,0.160466,0.035251,0.156077,-0.050621
580900,103.9445,43,Ring_C5_Open,Ring,open,5,1.9445,Ring cycle 5: OPEN,2941,2846,2800,3146,2895,3079,2884,8664.991334,7747.317854,7351.351351,11271.232877,8202.500000,10303.740157,8097.109827,-0.246972,0.011560,-0.064715,0.096046,0.026730,0.160622,-0.041691
580950,103.9445,43,Ring_C5_Open,Ring,open,5,1.9445,Ring cycle 5: OPEN,2930,2838,2815,3150,2906,3050,2882,8551.072961,7676.372315,7477.343750,11333.333333,8309.840202,9923.444976,8078.153339,-0.256872,0.002297,-0.048685,0.102085,0.040166,0.117785,-0.043934
581000,103.9546,43,Ring_C5_Open,Ring,open,5,1.9546,Ring cycle 5: OPEN,2945,2850,2815,3259,2905,3057,2871,8706.956522,7783.132530,7477.343750,13254.306220,8300.000000,10013.294798,7975.000000,-0.243325,0.016236,-0.048685,0.288885,0.038934,0.127906,-0.056143
581050,104.0271,44,Ring_C5_Bend,Ring,bend,5,0.0271,Ring cycle 5: BEND Ring,2944,2850,2805,3232,2894,3054,2882,8696.437880,7783.132530,7393.023256,12733.256083,8192.839301,9974.639769,8078.153339,-0.244239,0.016236,-0.059413,0.238217,0.025520,0.123551,-0.043934
581100,104.2134,44,Ring_C5_Bend,Ring,bend,5,0.2134,Ring cycle 5: BEND Ring,2938,2844,2824,3212,2906,3050,2880,8633.707865,7729.496403,7554.366640,12367.836920,8309.840202,9923.444976,8059.259259,-0.249691,0.009233,-0.038886,0.202683,0.040166,0.117785,-0.046170
581150,104.2135,44,Ring_C5_Bend,Ring,bend,5,0.2135,Ring cycle 5: BEND Ring,2947,2852,2821,3223,2909,3032,2873,8728.048780,7801.126307,7528.571429,12566.743119,8339.460371,9697.836312,7993.617021,-0.241492,0.018586,-0.042168,0.222025,0.043873,0.092372,-0.053939
581200,104.2135,44,Ring_C5_Bend,Ring,bend,5,0.2135,Ring cycle 5: BEND Ring,2943,2847,2799,3261,2903,3032,2880,8685.937500,7756.250000,7343.055556,13294.244604,8280.369128,9697.836312,8059.259259,-0.245152,0.012726,-0.065770,0.292769,0.036477,0.092372,-0.046170
581250,104.2135,44,Ring_C5_Bend,Ring,bend,5,0.2135,Ring cycle 5: BEND Ring,2933,2838,2797,3273,2909,3006,2878,8581.927711,7676.372315,7326.502311,13537.956204,8339.460371,9385.123967,8040.427280,-0.254191,0.002297,-0.067876,0.316468,0.043873,0.057148,-0.048399
581300,104.2563,44,Ring_C5_Bend,Ring,bend,5,0.2563,Ring cycle 5: BEND Ring,2943,2845,2796,3277,2907,3002,2866,8685.937500,7738.400000,7318.244804,13620.782396,8319.696970,9338.334858,7928.722539,-0.245152,0.010395,-0.068927,0.324523,0.041399,0.051878,-0.061620
581350,104.4512,44,Ring_C5_Bend,Ring,bend,5,0.4512,Ring cycle 5: BEND Ring,2941,2842,2778,3266,2897,2995,2877,8664.991334,7711.731844,7171.753986,13394.933655,8221.869783,9257.272727,8031.034483,-0.246972,0.006913,-0.087564,0.302560,0.029154,0.042747,-0.049511
581400,104.4513,44,Ring_C5_Bend,Ring,bend,5,0.4513,Ring cycle 5: BEND Ring,2934,2835,2789,3225,2903,2991,2877,8592.248062,7650.000000,7260.796325,12603.448276,8280.369128,9211.413043,8031.034483,-0.253294,-0.001147,-0.076236,0.225594,0.036477,0.037581,-0.049511
581450,104.4513,44,Ring_C5_Bend,Ring,bend,5,0.4513,Ring cycle 5: BEND Ring,2943,2845,2788,3285,2903,3014,2868,8685.937500,7738.400000,7252.639633,13788.888889,8280.369128,9479.740981,7947.188264,-0.245152,0.010395,-0.077273,0.340870,0.036477,0.067806,-0.059434
581500,104.4513,44,Ring_C5_Bend,Ring,bend,5,0.4513,Ring cycle 5: BEND Ring,2943,2842,2789,3265,2897,3030,2878,8685.937500,7711.731844,7260.796325,13374.698795,8221.869783,9673.239437,8040.427280,-0.245152,0.006913,-0.076236,0.300593,0.029154,0.089601,-0.048399
581550,104.5058,44,Ring_C5_Bend,Ring,bend,5,0.5058,Ring cycle 5: BEND Ring,2931,2834,2816,3335,2906,3086,2877,8561.340206,7641.237113,7485.848319,14919.736842,8309.840202,10398.810704,8031.034483,-0.255980,-0.002291,-0.047603,0.450836,0.040166,0.171330,-0.049511
581600,104.5599,44,Ring_C5_Bend,Ring,bend,5,0.5599,Ring cycle 5: BEND Ring,2939,2843,2795,3259,2902,3043,2868,8644.117647,7720.607029,7310.000000,13254.306220,8270.578374,9834.790875,7947.188264,-0.248786,0.008072,-0.069976,0.288885,0.035251,0.107799,-0.059434
581650,104.7068,44,Ring_C5_Bend,Ring,bend,5,0.7068,Ring cycle 5: BEND Ring,2941,2838,2801,3229,2896,3036,2877,8664.991334,7676.372315,7359.659969,12677.367206,8212.176814,9747.308782,8031.034483,-0.246972,0.002297,-0.063658,0.232782,0.027941,0.097945,-0.049511
581700,104.7069,44,Ring_C5_Bend,Ring,bend,5,0.7069,Ring cycle 5: BEND Ring,2929,2826,2804,3312,2903,3031,2875,8540.823328,7571.631206,7384.663052,14381.609195,8280.369128,9685.526316,8012.295082,-0.257763,-0.011379,-0.060477,0.398507,0.036477,0.090985,-0.051729
581750,104.7069,44,Ring_C5_Bend,Ring,bend,5,0.7069,Ring cycle 5: BEND Ring,2938,2834,2806,3263,2900,2981,2866,8633.707865,7641.237113,7401.396431,13334.375000,8251.046025,9098.204668,7928.722539,-0.249691,-0.002291,-0.058348,0.296671,0.032806,0.024829,-0.061620
581800,104.7503,44,Ring_C5_Bend,Ring,bend,5,0.7503,Ring cycle 5: BEND Ring,2937,2830,2790,3272,2891,3018,2876,8623.316062,7606.324111,7268.965517,13517.375456,8163.953488,9527.576602,8021.657096,-0.250594,-0.006850,-0.075196,0.314467,0.021905,0.073194,-0.050621
581850,104.8156,44,Ring_C5_Bend,Ring,bend,5,0.8156,Ring cycle 5: BEND Ring,2930,2825,2797,3241,2899,2988,2876,8551.072961,7562.992126,7326.502311,12903.278689,8241.304348,9177.235772,8021.657096,-0.256872,-0.012507,-0.067876,0.254750,0.031587,0.033731,-0.050621
581900,104.9741,44,Ring_C5_Bend,Ring,bend,5,0.9741,Ring cycle 5: BEND Ring,2939,2832,2799,3216,2897,2981,2865,8644.117647,7623.752969,7343.055556,12439.590444,8221.869783,9098.204668,7919.512195,-0.248786,-0.004574,-0.065770,0.209660,0.029154,0.024829,-0.062710
581950,104.9742,44,Ring_C5_Bend,Ring,bend,5,0.9742,Ring cycle 5: BEND Ring,2938,2831,2801,3271,2894,3045,2878,8633.707865,7615.031646,7359.659969,13496.844660,8192.839301,9860.000000,8040.427280,-0.249691,-0.005713,-0.063658,0.312470,0.025520,0.110638,-0.048399
582000,104.9742,44,Ring_C5_Bend,Ring,bend,5,0.9742,Ring cycle 5: BEND Ring,2931,2824,2849,3447,2894,3030,2875,8561.340206,7554.366640,7774.157303,18086.111111,8192.839301,9673.239437,8012.295082,-0.255980,-0.013634,-0.010923,0.758743,0.025520,0.089601,-0.051729
582050,105.0066,44,Ring_C5_Bend,Ring,bend,5,1.0066,Ring cycle 5: BEND Ring,2941,2833,2858,3381,2901,3059,2864,8664.991334,7632.488114,7855.456750,16100.000000,8260.804020,10039.189189,7910.316816,-0.246972,-0.003433,-0.000579,0.565609,0.034028,0.130822,-0.063798
582100,105.0601,44,Ring_C5_Bend,Ring,bend,5,1.0601,Ring cycle 5: BEND Ring,2933,2833,2840,3377,2894,3051,2873,8581.927711,7632.488114,7694.023904,15991.364903,8192.839301,9936.206897,7993.617021,-0.254191,-0.003433,-0.021118,0.555045,0.025520,0.119222,-0.053939
582150,105.2203,44,Ring_C5_Bend,Ring,bend,5,1.2203,Ring cycle 5: BEND Ring,2927,2827,2857,3327,2902,3129,2878,8520.376712,7580.283912,7846.365105,14728.906250,8270.578374,11013.043478,8040.427280,-0.259540,-0.010250,-0.001736,0.432280,0.035251,0.240518,-0.048399
582200,105.2203,44,Ring_C5_Bend,Ring,bend,5,1.2203,Ring cycle 5: BEND Ring,2951,2837,2880,3337,2911,3157,2866,8770.454545,7667.567568,8059.259259,14968.073879,8359.290541,11443.283582,7928.722539,-0.237807,0.001147,0.025350,0.455537,0.046355,0.288981,-0.061620
582250,105.2203,44,Ring_C5_Bend,Ring,bend,5,1.2203,Ring cycle 5: BEND Ring,2948,2831,2852,3333,2906,3149,2872,8738.622493,7615.031646,7801.126307,14871.653543,8309.840202,11317.758985,7984.300899,-0.240573,-0.005713,-0.007492,0.446161,0.040166,0.274841,-0.055042
582300,105.2632,44,Ring_C5_Bend,Ring,bend,5,1.2632,Ring cycle 5: BEND Ring,2936,2819,2869,3300,2918,3175,2870,8612.942192,7511.442006,7956.443719,14113.207547,8429.226848,11733.695652,7965.714286,-0.251496,-0.019238,0.012269,0.372407,0.055110,0.321693,-0.057242
582350,105.3061,44,Ring_C5_Bend,Ring,bend,5,1.3061,Ring cycle 5: BEND Ring,2934,2833,2876,3348,2909,3180,2870,8592.248062,7632.488114,8021.657096,15238.554217,8339.460371,11816.393443,7965.714286,-0.253294,-0.003433,0.020566,0.481839,0.043873,0.331008,-0.057242
582400,105.4814,44,Ring_C5_Bend,Ring,bend,5,1.4814,Ring cycle 5: BEND Ring,2936,2835,2874,3336,2905,3187,2881,8612.942192,7650.000000,8002.948403,14943.873518,8300.000000,11933.700441,8068.698517,-0.251496,-0.001147,0.018186,0.453184,0.038934,0.344222,-0.045053
582450,105.4814,44,Ring_C5_Bend,Ring,bend,5,1.4814,Ring cycle 5: BEND Ring,2935,2842,2853,3333,2922,3214,2884,8602.586207,7711.731844,7810.144928,14871.653543,8469.565217,12403.632236,8097.109827,-0.252396,0.006913,-0.006344,0.446161,0.060159,0.397155,-0.041691
582500,105.4815,44,Ring_C5_Bend,Ring,bend,5,1.4815,Ring cycle 5: BEND Ring,2946,2880,2835,3335,2948,3205,2879,8717.493473,8059.259259,7650.000000,14919.736842,8738.622493,12243.820225,8049.835526,-0.242410,0.052290,-0.026719,0.450836,0.093837,0.379154,-0.047286
582550,105.5030,44,Ring_C5_Bend,Ring,bend,5,1.5030,Ring cycle 5: BEND Ring,2929,2869,2849,3319,2932,3241,2883,8540.823328,7956.443719,7774.157303,14542.010309,8571.625107,12903.278689,8087.623762,-0.257763,0.038865,-0.010923,0.414105,0.072934,0.453436,-0.042813
582600,105.5685,44,Ring_C5_Bend,Ring,bend,5,1.5685,Ring cycle 5: BEND Ring,2926,2860,2834,3300,2934,3190,2882,8510.179641,7873.684211,7641.237113,14113.207547,8592.248062,11984.530387,8078.153339,-0.260426,0.028059,-0.027834,0.372407,0.075515,0.349947,-0.043934
582650,105.7342,44,Ring_C5_Bend,Ring,bend,5,1.7342,Ring cycle 5: BEND Ring,2932,2864,2820,3259,2926,3174,2869,8571.625107,7910.316816,7520.000000,13254.306220,8510.179641,11717.263844,7956.443719,-0.255086,0.032842,-0.043258,0.288885,0.065243,0.319842,-0.058339
582700,105.7343,44,Ring_C5_Bend,Ring,bend,5,1.7343,Ring cycle 5: BEND Ring,2935,2859,2791,3267,2900,3153,2879,8602.586207,7864.563107,7277.147239,13415.217391,8251.046025,11380.254777,8049.835526,-0.252396,0.026868,-0.074155,0.304533,0.032806,0.281881,-0.047286
582750,105.7343,44,Ring_C5_Bend,Ring,bend,5,1.7343,Ring cycle 5: BEND Ring,2926,2852,2798,3298,2920,3143,2877,8510.179641,7801.126307,7334.772552,14069.259724,8449.361702,11225.000000,8031.034483,-0.260426,0.018586,-0.066824,0.368134,0.057630,0.264393,-0.049511
582800,105.7556,44,Ring_C5_Bend,Ring,bend,5,1.7556,Ring cycle 5: BEND Ring,2937,2856,2799,3276,2914,3165,2863,8623.316062,7837.288136,7343.055556,13600.000000,8389.161727,11570.967742,7901.136364,-0.250594,0.023307,-0.065770,0.322502,0.050094,0.303363,-0.064885
582850,105.8208,44,Ring_C5_Bend,Ring,bend,5,1.8208,Ring cycle 5: BEND Ring,2927,2852,2798,3243,2898,3107,2876,8520.376712,7801.126307,7334.772552,12941.549296,8231.578947,10692.105263,8021.657096,-0.259540,0.018586,-0.066824,0.258472,0.030369,0.204367,-0.050621
582900,105.9815,44,Ring_C5_Bend,Ring,bend,5,1.9815,Ring cycle 5: BEND Ring,2920,2839,2798,3263,2916,3135,2864,8449.361702,7685.191083,7334.772552,13334.375000,8409.160305,11103.125000,7910.316816,-0.265712,0.003448,-0.066824,0.296671,0.052598,0.250665,-0.063798
582950,105.9816,44,Ring_C5_Bend,Ring,bend,5,1.9816,Ring cycle 5: BEND Ring,2927,2845,2813,3250,2912,3119,2856,8520.376712,7738.400000,7460.374415,13076.923077,8369.230769,10865.368852,7837.288136,-0.259540,0.010395,-0.050844,0.271636,0.047600,0.223884,-0.072441
583000,105.9816,44,Ring_C5_Bend,Ring,bend,5,1.9816,Ring cycle 5: BEND Ring,2926,2845,2802,3225,2899,3128,2864,8510.179641,7738.400000,7367.981439,12603.448276,8241.304348,10998.138573,7910.316816,-0.260426,0.010395,-0.062599,0.225594,0.031587,0.238839,-0.063798
583050,106.0091,45,Pinky_Prep_Open,Pinky,prep_open,0,0.0091,OPEN HAND - prepare for Pinky,2914,2830,2818,3217,2911,3107,2863,8389.161727,7606.324111,7502.897416,12457.630979,8359.290541,10692.105263,7901.136364,-0.270943,-0.006850,-0.045434,0.211414,0.046355,0.204367,-0.064885
583100,106.0853,45,Pinky_Prep_Open,Pinky,prep_open,0,0.0853,OPEN HAND - prepare for Pinky,2924,2833,2801,3230,2905,3067,2856,8489.837746,7632.488114,7359.659969,12695.953757,8300.000000,10143.774319,7837.288136,-0.262194,-0.003433,-0.063658,0.234590,0.038934,0.142603,-0.072441
583150,106.2574,45,Pinky_Prep_Open,Pinky,prep_open,0,0.2574,OPEN HAND - prepare for Pinky,2921,2830,2803,3230,2898,3037,2870,8459.454855,7606.324111,7376.315789,12695.953757,8231.578947,9759.735350,7965.714286,-0.264834,-0.006850,-0.061539,0.234590,0.030369,0.099344,-0.057242
583200,106.2575,45,Pinky_Prep_Open,Pinky,prep_open,0,0.2575,OPEN HAND - prepare for Pinky,2921,2818,2828,3221,2906,3030,2866,8459.454855,7502.897416,7588.950276,12530.205950,8309.840202,9673.239437,7928.722539,-0.264834,-0.020354,-0.034486,0.218472,0.040166,0.089601,-0.061620
583250,106.2575,45,Pinky_Prep_Open,Pinky,prep_open,0,0.2575,OPEN HAND - prepare for Pinky,2928,2823,2804,3222,2906,3070,2863,8530.591260,7545.754717,7384.663052,12548.453608,8309.840202,10183.414634,7901.136364,-0.258652,-0.014758,-0.060477,0.220246,0.040166,0.147068,-0.064885
583300,106.2899,45,Pinky_Prep_Open,Pinky,prep_open,0,0.2899,OPEN HAND - prepare for Pinky,2927,2822,2780,3216,2899,3074,2869,8520.376712,7537.156324,7187.832700,12439.590444,8241.304348,10236.630754,7956.443719,-0.259540,-0.015881,-0.085519,0.209660,0.031587,0.153062,-0.058339
583350,106.3006,45,Pinky_Prep_Open,Pinky,prep_open,0,0.3006,OPEN HAND - prepare for Pinky,2920,2814,2780,3231,2905,3091,2865,8449.361702,7468.852459,7187.832700,12714.583333,8300.000000,10467.529880,7919.512195,-0.265712,-0.024799,-0.085519,0.236401,0.038934,0.179071,-0.062710
583400,106.4934,45,Pinky_Prep_Open,Pinky,prep_open,0,0.4934,OPEN HAND - prepare for Pinky,2926,2819,2804,3220,2898,3063,2858,8510.179641,7511.442006,7384.663052,12512.000000,8231.578947,10091.279070,7855.456750,-0.260426,-0.019238,-0.060477,0.216701,0.030369,0.136690,-0.070291
583450,106.4935,45,Pinky_Prep_Open,Pinky,prep_open,0,0.4935,OPEN HAND - prepare for Pinky,2923,2818,2795,3197,2894,3068,2868,8479.692833,7502.897416,7310.000000,12104.454343,8192.839301,10156.962025,7947.188264,-0.263076,-0.020354,-0.069976,0.177071,0.025520,0.144088,-0.059434
583500,106.4935,45,Pinky_Prep_Open,Pinky,prep_open,0,0.4935,OPEN HAND - prepare for Pinky,2914,2809,2796,3215,2902,3065,2866,8389.161727,7426.594090,7318.244804,12421.590909,8270.578374,10117.475728,7928.722539,-0.270943,-0.030317,-0.068927,0.207910,0.035251,0.139641,-0.061620
583550,106.5036,45,Pinky_Prep_Open,Pinky,prep_open,0,0.5036,OPEN HAND - prepare for Pinky,2925,2820,2801,3209,2900,3061,2860,8500.000000,7520.000000,7359.659969,12314.446953,8251.046025,10065.183752,7873.684211,-0.261311,-0.018121,-0.063658,0.197491,0.032806,0.133750,-0.068134
583600,106.5693,45,Pinky_Prep_Open,Pinky,prep_open,0,0.5693,OPEN HAND - prepare for Pinky,2926,2817,2789,3202,2896,3042,2868,8510.179641,7494.366197,7260.796325,12191.265398,8212.176814,9822.222222,7947.188264,-0.260426,-0.021468,-0.076236,0.185512,0.027941,0.106383,-0.059434
583650,106.6025,45,Pinky_Prep_Open,Pinky,prep_open,0,0.6025,OPEN HAND - prepare for Pinky,2917,2806,2798,3198,2901,3043,2865,8419.185059,7401.396431,7334.772552,12121.739130,8260.804020,9834.790875,7919.512195,-0.268334,-0.033607,-0.066824,0.178751,0.034028,0.107799,-0.062710
583700,106.7554,45,Pinky_Prep_Open,Pinky,prep_open,0,0.7554,OPEN HAND - prepare for Pinky,2927,2813,2795,3205,2901,3008,2856,8520.376712,7460.374415,7310.000000,12243.820225,8260.804020,9408.647654,7837.288136,-0.259540,-0.025906,-0.069976,0.190623,0.034028,0.059798,-0.072441
583750,106.7555,45,Pinky_Prep_Open,Pinky,prep_open,0,0.7555,OPEN HAND - prepare for Pinky,2926,2816,2798,3196,2897,3002,2866,8510.179641,7485.848319,7334.772552,12087.208009,8221.869783,9338.334858,7928.722539,-0.260426,-0.022580,-0.066824,0.175394,0.029154,0.051878,-0.061620
583800,106.7555,45,Pinky_Prep_Open,Pinky,prep_open,0,0.7555,OPEN HAND - prepare for Pinky,2918,2807,2807,3206,2904,2994,2864,8429.226848,7409.782609,7409.782609,12261.417323,8290.176322,9245.776567,7910.316816,-0.267461,-0.032512,-0.057281,0.192334,0.037704,0.041452,-0.063798
583850,106.8205,45,Pinky_Prep_Open,Pinky,prep_open,0,0.8205,OPEN HAND - prepare for Pinky,2927,2815,2801,3217,2906,2982,2854,8520.376712,7477.343750,7359.659969,12457.630979,8309.840202,9109.433962,7819.178082,-0.259540,-0.023690,-0.063658,0.211414,0.040166,0.026094,-0.074585
583900,106.9996,45,Pinky_Prep_Open,Pinky,prep_open,0,0.9996,OPEN HAND - prepare for Pinky,2926,2818,2797,3208,2896,2994,2864,8510.179641,7502.897416,7326.502311,12296.730552,8212.176814,9245.776567,7910.316816,-0.260426,-0.020354,-0.067876,0.195768,0.027941,0.041452,-0.063798
583950,106.9997,45,Pinky_Prep_Open,Pinky,prep_open,0,0.9997,OPEN HAND - prepare for Pinky,2916,2807,2793,3212,2901,3022,2866,8409.160305,7409.782609,7293.548387,12367.836920,8260.804020,9575.768872,7928.722539,-0.269205,-0.032512,-0.072069,0.202683,0.034028,0.078622,-0.061620
584000,106.9997,45,Pinky_Prep_Open,Pinky,prep_open,0,0.9997,OPEN HAND - prepare for Pinky,2928,2820,2781,3206,2899,3052,2861,8530.591260,7520.000000,7195.890411,12261.417323,8241.304348,9948.993289,7882.820097,-0.258652,-0.018121,-0.084493,0.192334,0.031587,0.120663,-0.067052
584050,106.9997,45,Pinky_Prep_Open,Pinky,prep_open,0,0.9997,OPEN HAND - prepare for Pinky,2927,2819,2783,3199,2891,3035,2867,8520.376712,7511.442006,7212.042683,12139.062500,8163.953488,9734.905660,7937.947883,-0.259540,-0.019238,-0.082438,0.180436,0.021905,0.096548,-0.060528
584100,107.0550,45,Pinky_Prep_Open,Pinky,prep_open,0,1.0550,OPEN HAND - prepare for Pinky,2917,2812,2781,3187,2898,3059,2864,8419.185059,7451.909587,7195.890411,11933.700441,8231.578947,10039.189189,7910.316816,-0.268334,-0.027011,-0.084493,0.160466,0.030369,0.130822,-0.063798
584150,107.1099,45,Pinky_Prep_Open,Pinky,prep_open,0,1.1099,OPEN HAND - prepare for Pinky,2926,2820,2784,3190,2897,3041,2856,8510.179641,7520.000000,7220.137300,11984.530387,8221.869783,9809.677419,7837.288136,-0.260426,-0.018121,-0.081409,0.165409,0.029154,0.104970,-0.072441
584200,107.2668,45,Pinky_Prep_Open,Pinky,prep_open,0,1.2668,OPEN HAND - prepare for Pinky,2925,2830,2784,3181,2892,3048,2865,8500.000000,7606.324111,7220.137300,11833.041575,8173.566085,9897.994269,7919.512195,-0.261311,-0.006850,-0.081409,0.150678,0.023108,0.114918,-0.062710
584250,107.2668,45,Pinky_Prep_Open,Pinky,prep_open,0,1.2668,OPEN HAND - prepare for Pinky,2918,2820,2796,3191,2903,3073,2867,8429.226848,7520.000000,7318.244804,12001.548673,8280.369128,10223.287671,7937.947883,-0.267461,-0.018121,-0.068927,0.167064,0.036477,0.151559,-0.060528
584300,107.2778,45,Pinky_Prep_Open,Pinky,prep_open,0,1.2778,OPEN HAND - prepare for Pinky,2936,2833,2812,3217,2899,3135,2878,8612.942192,7632.488114,7451.909587,12457.630979,8241.304348,11103.125000,8040.427280,-0.251496,-0.003433,-0.051921,0.211414,0.031587,0.250665,-0.048399
584350,107.3204,45,Pinky_Prep_Open,Pinky,prep_open,0,1.3204,OPEN HAND - prepare for Pinky,2956,2842,2840,3312,2899,3169,2909,8823.880597,7711.731844,7694.023904,14381.609195,8241.304348,11635.637149,8339.460371,-0.233164,0.006913,-0.021118,0.398507,0.031587,0.310647,-0.013008
584400,107.3533,45,Pinky_Prep_Open,Pinky,prep_open,0,1.3533,OPEN HAND - prepare for Pinky,2939,2832,2861,3303,2908,3189,2898,8644.117647,7623.752969,7882.820097,14179.545455,8329.570345,11967.549669,8231.578947,-0.248786,-0.004574,0.002902,0.378858,0.042635,0.348034,-0.025776
584450,107.5128,45,Pinky_Prep_Open,Pinky,prep_open,0,1.5128,OPEN HAND - prepare for Pinky,2950,2843,2858,3380,2909,3194,2865,8759.825328,7720.607029,7855.456750,16072.727273,8339.460371,12052.830189,7919.512195,-0.238731,0.008072,-0.000579,0.562956,0.043873,0.357640,-0.062710
584500,107.5128,45,Pinky_Prep_Open,Pinky,prep_open,0,1.5128,OPEN HAND - prepare for Pinky,2941,2840,2913,3441,2897,3198,2867,8664.991334,7694.023904,8379.187817,17888.990826,8221.869783,12121.739130,7937.947883,-0.246972,0.004601,0.066053,0.739575,0.029154,0.365402,-0.060528
584550,107.5236,45,Pinky_Prep_Open,Pinky,prep_open,0,1.5236,OPEN HAND - prepare for Pinky,2934,2832,2867,3454,2908,3244,2875,8592.248062,7623.752969,7937.947883,18320.748830,8329.570345,12960.752056,8012.295082,-0.253294,-0.004574,0.009916,0.781560,0.042635,0.459909,-0.051729
584600,107.5560,45,Pinky_Prep_Open,Pinky,prep_open,0,1.5560,OPEN HAND - prepare for Pinky,2946,2837,2863,3472,2915,3211,2863,8717.493473,7667.567568,7901.136364,18948.314607,8399.152542,12350.000000,7901.136364,-0.242410,0.001147,0.005232,0.842587,0.051345,0.391114,-0.064885
584650,107.5994,45,Pinky_Prep_Open,Pinky,prep_open,0,1.5994,OPEN HAND - prepare for Pinky,2944,2841,2830,3419,2898,3154,2884,8696.437880,7702.870813,7606.324111,17196.153846,8231.578947,11395.961743,8097.109827,-0.244239,0.005756,-0.032276,0.672202,0.030369,0.283650,-0.041691
584700,107.7732,45,Pinky_Prep_Open,Pinky,prep_open,0,1.7732,OPEN HAND - prepare for Pinky,2939,2832,2849,3388,2910,3160,2881,8644.117647,7623.752969,7774.157303,16293.069307,8349.367089,11490.909091,8068.698517,-0.248786,-0.004574,-0.010923,0.584383,0.045113,0.294345,-0.045053
584750,107.7733,45,Pinky_Prep_Open,Pinky,prep_open,0,1.7733,OPEN HAND - prepare for Pinky,2938,2842,2841,3368,2902,3146,2863,8633.707865,7711.731844,7702.870813,15751.306740,8270.578374,11271.232877,7901.136364,-0.249691,0.006913,-0.019992,0.531701,0.035251,0.269601,-0.064885
584800,107.7733,45,Pinky_Prep_Open,Pinky,prep_open,0,1.7733,OPEN HAND - prepare for Pinky,2932,2837,2822,3338,2898,3147,2876,8571.625107,7667.567568,7537.156324,14992.338177,8231.578947,11286.708861,8021.657096,-0.255086,0.001147,-0.041075,0.457896,0.030369,0.271344,-0.050621
584850,107.8164,45,Pinky_Prep_Open,Pinky,prep_open,0,1.8164,OPEN HAND - prepare for Pinky,2926,2831,2825,3261,2908,3120,2869,8510.179641,7615.031646,7562.992126,13294.244604,8329.570345,10880.000000,7956.443719,-0.260426,-0.005713,-0.037788,0.292769,0.042635,0.225532,-0.058339
584900,107.8603,45,Pinky_Prep_Open,Pinky,prep_open,0,1.8603,OPEN HAND - prepare for Pinky,2937,2833,2829,3300,2908,3128,2863,8623.316062,7632.488114,7597.630332,14113.207547,8329.570345,10998.138573,7901.136364,-0.250594,-0.003433,-0.033382,0.372407,0.042635,0.238839,-0.064885
584950,108.0042,45,Pinky_Prep_Open,Pinky,prep_open,0,2.0042,OPEN HAND - prepare for Pinky,2935,2834,2812,3242,2905,3113,2869,8602.586207,7641.237113,7451.909587,12922.391559,8300.000000,10778.207739,7956.443719,-0.252396,-0.002291,-0.051921,0.256609,0.038934,0.214066,-0.058339
585000,108.0043,45,Pinky_Prep_Open,Pinky,prep_open,0,2.0043,OPEN HAND - prepare for Pinky,2922,2825,2821,3217,2907,3127,2867,8469.565217,7562.992126,7528.571429,12457.630979,8319.696970,10983.264463,7937.947883,-0.263956,-0.012507,-0.042168,0.211414,0.041399,0.237164,-0.060528
585050,108.0366,45,Pinky_Prep_Open,Pinky,prep_open,0,2.0366,OPEN HAND - prepare for Pinky,2928,2835,2818,3195,2907,3121,2859,8530.591260,7650.000000,7502.897416,12070.000000,8319.696970,10894.661191,7864.563107,-0.258652,-0.001147,-0.045434,0.173720,0.041399,0.227183,-0.069213
585100,108.0588,45,Pinky_Prep_Open,Pinky,prep_open,0,2.0588,OPEN HAND - prepare for Pinky,2926,2832,2812,3206,2899,3106,2870,8510.179641,7623.752969,7451.909587,12261.417323,8241.304348,10677.856421,7965.714286,-0.260426,-0.004574,-0.051921,0.192334,0.031587,0.202762,-0.057242
585150,108.1030,45,Pinky_Prep_Open,Pinky,prep_open,0,2.1030,OPEN HAND - prepare for Pinky,2916,2818,2847,3218,2907,3073,2858,8409.160305,7502.897416,7756.250000,12475.712657,8319.696970,10223.287671,7855.456750,-0.269205,-0.020354,-0.013201,0.213173,0.041399,0.151559,-0.070291
585200,108.2779,45,Pinky_Prep_Open,Pinky,prep_open,0,2.2779,OPEN HAND - prepare for Pinky,2922,2826,2832,3217,2901,3096,2847,8469.565217,7571.631206,7623.752969,12457.630979,8260.804020,10536.936937,7756.250000,-0.263956,-0.011379,-0.030058,0.211414,0.034028,0.186889,-0.082032
585250,108.2779,45,Pinky_Prep_Open,Pinky,prep_open,0,2.2779,OPEN HAND - prepare for Pinky,2919,2824,2822,3226,2896,3087,2854,8439.285714,7554.366640,7537.156324,12621.864212,8212.176814,10412.500000,7819.178082,-0.266587,-0.013634,-0.041075,0.227385,0.027941,0.172872,-0.074585
585300,108.2780,45,Pinky_Prep_Open,Pinky,prep_open,0,2.2780,OPEN HAND - prepare for Pinky,2909,2814,2815,3212,2906,3074,2853,8339.460371,7468.852459,7477.343750,12367.836920,8309.840202,10236.630754,7810.144928,-0.275262,-0.024799,-0.048685,0.202683,0.040166,0.153062,-0.075654
585350,108.3214,45,Pinky_Prep_Open,Pinky,prep_open,0,2.3214,OPEN HAND - prepare for Pinky,2920,2826,2804,3209,2904,3064,2843,8449.361702,7571.631206,7384.663052,12314.446953,8290.176322,10104.364694,7720.607029,-0.265712,-0.011379,-0.060477,0.197491,0.037704,0.138164,-0.086251
585400,108.3980,45,Pinky_Prep_Open,Pinky,prep_open,0,2.3980,OPEN HAND - prepare for Pinky,2919,2821,2808,3207,2896,3060,2857,8439.285714,7528.571429,7418.181818,12279.054054,8212.176814,10052.173913,7846.365105,-0.266587,-0.017002,-0.056212,0.194049,0.027941,0.132285,-0.071367
585450,108.3981,45,Pinky_Prep_Open,Pinky,prep_open,0,2.3981,OPEN HAND - prepare for Pinky,2907,2809,2803,3203,2907,3071,2857,8319.696970,7426.594090,7376.315789,12208.744395,8319.696970,10196.679688,7846.365105,-0.276980,-0.030317,-0.061539,0.187212,0.041399,0.148562,-0.071367
585500,108.5397,45,Pinky_Prep_Open,Pinky,prep_open,0,2.5397,OPEN HAND - prepare for Pinky,2919,2821,2801,3184,2909,3072,2845,8439.285714,7528.571429,7359.659969,11883.205269,8339.460371,10209.970674,7738.400000,-0.266587,-0.017002,-0.063658,0.155556,0.043873,0.150059,-0.084145
585550,108.5397,45,Pinky_Prep_Open,Pinky,prep_open,0,2.5397,OPEN HAND - prepare for Pinky,2919,2821,2788,3184,2899,3086,2857,8439.285714,7528.571429,7252.639633,11883.205269,8241.304348,10398.810704,7846.365105,-0.266587,-0.017002,-0.077273,0.155556,0.031587,0.171330,-0.071367
585600,108.5505,45,Pinky_Prep_Open,Pinky,prep_open,0,2.5505,OPEN HAND - prepare for Pinky,2911,2812,2794,3185,2906,3077,2854,8359.290541,7451.909587,7301.767871,11900.000000,8309.840202,10276.817289,7819.178082,-0.273539,-0.027011,-0.071023,0.157189,0.040166,0.157589,-0.074585
585650,108.6269,45,Pinky_Prep_Open,Pinky,prep_open,0,2.6269,OPEN HAND - prepare for Pinky,2926,2821,2817,3187,2904,3049,2844,8510.179641,7528.571429,7494.366197,11933.700441,8290.176322,9910.707457,7729.496403,-0.260426,-0.017002,-0.046519,0.160466,0.037704,0.116350,-0.085199
585700,108.6589,45,Pinky_Prep_Open,Pinky,prep_open,0,2.6589,OPEN HAND - prepare for Pinky,2925,2826,2787,3171,2899,3038,2855,8500.000000,7571.631206,7244.495413,11668.181818,8241.304348,9772.185430,7828.225806,-0.261311,-0.011379,-0.078310,0.134646,0.031587,0.100747,-0.073514
585750,108.7998,45,Pinky_Prep_Open,Pinky,prep_open,0,2.7998,OPEN HAND - prepare for Pinky,2909,2813,2785,3157,2907,3090,2853,8339.460371,7460.374415,7228.244275,11443.283582,8319.696970,10453.731343,7810.144928,-0.275262,-0.025906,-0.080377,0.112777,0.041399,0.177517,-0.075654
585800,108.7998,45,Pinky_Prep_Open,Pinky,prep_open,0,2.7998,OPEN HAND - prepare for Pinky,2921,2817,2802,3177,2908,3065,2844,8459.454855,7494.366197,7367.981439,11766.666667,8329.570345,10117.475728,7729.496403,-0.264834,-0.021468,-0.062599,0.144223,0.042635,0.139641,-0.085199
585850,108.7999,45,Pinky_Prep_Open,Pinky,prep_open,0,2.7999,OPEN HAND - prepare for Pinky,2922,2820,2788,3154,2894,3036,2854,8469.565217,7520.000000,7252.639633,11395.961743,8192.839301,9747.308782,7819.178082,-0.263956,-0.018121,-0.077273,0.108175,0.025520,0.097945,-0.074585
585900,108.8537,45,Pinky_Prep_Open,Pinky,prep_open,0,2.8537,OPEN HAND - prepare for Pinky,2912,2808,2794,3157,2895,3019,2852,8369.230769,7418.181818,7301.767871,11443.283582,8202.500000,9539.591078,7801.126307,-0.272675,-0.031415,-0.071023,0.112777,0.026730,0.074547,-0.076721
585950,108.9082,45,Pinky_Prep_Open,Pinky,prep_open,0,2.9082,OPEN HAND - prepare for Pinky,2917,2817,2786,3152,2896,3026,2843,8419.185059,7494.366197,7236.363636,11364.581124,8212.176814,9624.321796,7720.607029,-0.268334,-0.021468,-0.079344,0.105123,0.027941,0.084091,-0.086251
586000,109.0625,45,Pinky_Prep_Open,Pinky,prep_open,0,3.0625,OPEN HAND - prepare for Pinky,2918,2818,2791,3154,2890,3013,2857,8429.226848,7502.897416,7277.147239,11395.961743,8154.356846,9467.837338,7846.365105,-0.267461,-0.020354,-0.074155,0.108175,0.020703,0.066465,-0.071367
586050,109.0625,45,Pinky_Prep_Open,Pinky,prep_open,0,3.0625,OPEN HAND - prepare for Pinky,2910,2811,2796,3185,2896,3009,2859,8349.367089,7443.457944,7318.244804,11900.000000,8212.176814,9420.441989,7864.563107,-0.274402,-0.028115,-0.068927,0.157189,0.027941,0.061126,-0.069213
586100,109.0625,45,Pinky_Prep_Open,Pinky,prep_open,0,3.0625,OPEN HAND - prepare for Pinky,2921,2821,2789,3182,2895,3019,2846,8459.454855,7528.571429,7260.796325,11849.726177,8202.500000,9539.591078,7747.317854,-0.264834,-0.017002,-0.076236,0.152300,0.026730,0.074547,-0.083089
586150,109.1056,45,Pinky_Prep_Open,Pinky,prep_open,0,3.1056,OPEN HAND - prepare for Pinky,2918,2818,2777,3165,2886,3005,2858,8429.226848,7502.897416,7163.732929,11570.967742,8116.129032,9373.394495,7855.456750,-0.267461,-0.020354,-0.088585,0.125193,0.015918,0.055827,-0.070291
586200,109.1713,45,Pinky_Prep_Open,Pinky,prep_open,0,3.1713,OPEN HAND - prepare for Pinky,2907,2811,2792,3157,2894,3006,2857,8319.696970,7443.457944,7285.341520,11443.283582,8192.839301,9385.123967,7846.365105,-0.276980,-0.028115,-0.073113,0.112777,0.025520,0.057148,-0.071367
586250,109.3122,45,Pinky_Prep_Open,Pinky,prep_open,0,3.3122,OPEN HAND - prepare for Pinky,2922,2816,2783,3154,2890,2995,2845,8469.565217,7485.848319,7212.042683,11395.961743,8154.356846,9257.272727,7738.400000,-0.263956,-0.022580,-0.082438,0.108175,0.020703,0.042747,-0.084145
586300,109.3122,45,Pinky_Prep_Open,Pinky,prep_open,0,3.3122,OPEN HAND - prepare for Pinky,2920,2815,2773,3144,2884,2992,2855,8449.361702,7477.343750,7131.770045,11240.378549,8097.109827,9222.846782,7828.225806,-0.265712,-0.023690,-0.092651,0.093045,0.013538,0.038869,-0.073514
586350,109.3122,45,Pinky_Prep_Open,Pinky,prep_open,0,3.3122,OPEN HAND - prepare for Pinky,2910,2809,2780,3151,2894,3005,2854,8349.367089,7426.594090,7187.832700,11348.940678,8192.839301,9373.394495,7819.178082,-0.274402,-0.030317,-0.085519,0.103602,0.025520,0.055827,-0.074585
586400,109.3556,45,Pinky_Prep_Open,Pinky,prep_open,0,3.3556,OPEN HAND - prepare for Pinky,2922,2818,2783,3152,2889,2984,2845,8469.565217,7502.897416,7212.042683,11364.581124,8144.776119,9131.953195,7738.400000,-0.263956,-0.020354,-0.082438,0.105123,0.019504,0.028631,-0.084145
586450,109.4100,45,Pinky_Prep_Open,Pinky,prep_open,0,3.4100,OPEN HAND - prepare for Pinky,2922,2816,2779,3137,2882,3006,2855,8469.565217,7485.848319,7179.787234,11133.402923,8078.153339,9385.123967,7828.225806,-0.263956,-0.022580,-0.086542,0.082643,0.011165,0.057148,-0.073514
586500,109.5740,45,Pinky_Prep_Open,Pinky,prep_open,0,3.5740,OPEN HAND - prepare for Pinky,2910,2810,2779,3151,2893,3002,2851,8349.367089,7435.019455,7179.787234,11348.940678,8183.194676,9338.334858,7792.122186,-0.274402,-0.029217,-0.086542,0.103602,0.024313,0.051878,-0.077787
586550,109.5740,45,Pinky_Prep_Open,Pinky,prep_open,0,3.5740,OPEN HAND - prepare for Pinky,2924,2817,2784,3141,2887,3008,2841,8489.837746,7494.366197,7220.137300,11194.339623,8125.662252,9408.647654,7702.870813,-0.262194,-0.021468,-0.081409,0.088569,0.017112,0.059798,-0.088350
586600,109.5740,45,Pinky_Prep_Open,Pinky,prep_open,0,3.5740,OPEN HAND - prepare for Pinky,2922,2813,2760,3102,2877,3000,2852,8469.565217,7460.374415,7029.213483,10621.148036,8031.034483,9315.068493,7801.126307,-0.263956,-0.025906,-0.105699,0.032830,0.005267,0.049257,-0.076721
586650,109.5954,45,Pinky_Prep_Open,Pinky,prep_open,0,3.5954,OPEN HAND - prepare for Pinky,2914,2802,2769,3099,2889,2989,2852,8389.161727,7367.981439,7100.000000,10578.915663,8144.776119,9188.607595,7801.126307,-0.270943,-0.037970,-0.096693,0.028723,0.019504,0.035012,-0.076721
586700,109.6720,45,Pinky_Prep_Open,Pinky,prep_open,0,3.6720,OPEN HAND - prepare for Pinky,2925,2810,2766,3094,2884,3000,2840,8500.000000,7435.019455,7076.297968,10509.090909,8097.109827,9315.068493,7694.023904,-0.261311,-0.029217,-0.099709,0.021933,0.013538,0.049257,-0.089397
586750,109.8261,45,Pinky_Prep_Open,Pinky,prep_open,0,3.8261,OPEN HAND - prepare for Pinky,2921,2808,2752,3084,2878,3010,2853,8459.454855,7418.181818,6967.088608,10371.513353,8040.427280,9432.258065,7810.144928,-0.264834,-0.031415,-0.113603,0.008555,0.006442,0.062457,-0.075654
586800,109.8262,45,Pinky_Prep_Open,Pinky,prep_open,0,3.8262,OPEN HAND - prepare for Pinky,2913,2799,2760,3087,2891,2987,2851,8379.187817,7343.055556,7029.213483,10412.500000,8163.953488,9165.884477,7792.122186,-0.271810,-0.041224,-0.105699,0.012540,0.021905,0.032453,-0.077787
586850,109.8262,45,Pinky_Prep_Open,Pinky,prep_open,0,3.8262,OPEN HAND - prepare for Pinky,2924,2806,2762,3108,2887,2985,2842,8489.837746,7401.396431,7044.861215,10706.382979,8125.662252,9143.243243,7711.731844,-0.262194,-0.033607,-0.103708,0.041118,0.017112,0.029902,-0.087301
586900,109.8595,45,Pinky_Prep_Open,Pinky,prep_open,0,3.8595,OPEN HAND - prepare for Pinky,2921,2806,2756,3095,2880,2984,2850,8459.454855,7401.396431,6998.058252,10523.000000,8059.259259,9131.953195,7783.132530,-0.264834,-0.033607,-0.109663,0.023286,0.008800,0.028631,-0.078851
586950,109.9140,45,Pinky_Prep_Open,Pinky,prep_open,0,3.9140,OPEN HAND - prepare for Pinky,2904,2800,2763,3102,2888,2997,2848,8290.176322,7351.351351,7052.702703,10621.148036,8135.211268,9280.327869,7765.196472,-0.279545,-0.040141,-0.102711,0.032830,0.018307,0.045344,-0.080973
587000,110.0868,46,Pinky_C1_Open,Pinky,open,1,0.0868,Pinky cycle 1: OPEN,2915,2806,2761,3092,2891,3000,2838,8399.152542,7401.396431,7037.031484,10481.355932,8163.953488,9315.068493,7676.372315,-0.270075,-0.033607,-0.104705,0.019236,0.021905,0.049257,-0.091486
587050,110.0872,46,Pinky_C1_Open,Pinky,open,1,0.0872,Pinky cycle 1: OPEN,2921,2804,2759,3095,2881,2998,2849,8459.454855,7384.663052,7021.407186,10523.000000,8068.698517,9291.886964,7774.157303,-0.264834,-0.035792,-0.106692,0.023286,0.009981,0.046646,-0.079913
587100,110.0872,46,Pinky_C1_Open,Pinky,open,1,0.0872,Pinky cycle 1: OPEN,2907,2801,2769,3103,2891,3002,2855,8319.696970,7359.659969,7100.000000,10635.282258,8163.953488,9338.334858,7828.225806,-0.276980,-0.039056,-0.096693,0.034204,0.021905,0.051878,-0.073514
587150,110.1306,46,Pinky_C1_Open,Pinky,open,1,0.1306,Pinky cycle 1: OPEN,2922,2809,2781,3117,2891,2987,2848,8469.565217,7426.594090,7195.890411,10836.196319,8163.953488,9165.884477,7765.196472,-0.263956,-0.030317,-0.084493,0.053742,0.021905,0.032453,-0.080973
587200,110.1522,46,Pinky_C1_Open,Pinky,open,1,0.1522,Pinky cycle 1: OPEN,2927,2804,2764,3124,2881,2985,2859,8520.376712,7384.663052,7060.555973,10938.825953,8068.698517,9143.243243,7864.563107,-0.259540,-0.035792,-0.101712,0.063722,0.009981,0.029902,-0.069213
587250,110.1957,46,Pinky_C1_Open,Pinky,open,1,0.1957,Pinky cycle 1: OPEN,2926,2798,2784,3123,2891,2986,2857,8510.179641,7334.772552,7220.137300,10924.074074,8163.953488,9154.553652,7846.365105,-0.260426,-0.042306,-0.081409,0.062287,0.021905,0.031176,-0.071367
587300,110.3498,46,Pinky_C1_Open,Pinky,open,1,0.3498,Pinky cycle 1: OPEN,2932,2806,2771,3129,2888,2992,2862,8571.625107,7401.396431,7115.861027,11013.043478,8135.211268,9222.846782,7891.970803,-0.255086,-0.033607,-0.094675,0.070939,0.018307,0.038869,-0.065969
587350,110.3499,46,Pinky_C1_Open,Pinky,open,1,0.3499,Pinky cycle 1: OPEN,2928,2802,2761,3134,2881,3025,2867,8530.591260,7367.981439,7037.031484,11088.033299,8068.698517,9612.149533,7937.947883,-0.258652,-0.037970,-0.104705,0.078231,0.009981,0.082720,-0.060528
587400,110.3499,46,Pinky_C1_Open,Pinky,open,1,0.3499,Pinky cycle 1: OPEN,2921,2793,2767,3129,2893,3022,2884,8459.454855,7293.548387,7084.186747,11013.043478,8183.194676,9575.768872,8097.109827,-0.264834,-0.047688,-0.098705,0.070939,0.024313,0.078622,-0.041691
587450,110.4045,46,Pinky_C1_Open,Pinky,open,1,0.4045,Pinky cycle 1: OPEN,2934,2811,2772,3130,2888,2997,2876,8592.248062,7443.457944,7123.809524,11027.979275,8135.211268,9280.327869,8021.657096,-0.253294,-0.028115,-0.093664,0.072391,0.018307,0.045344,-0.050621
587500,110.5546,46,Pinky_C1_Open,Pinky,open,1,0.5546,Pinky cycle 1: OPEN,2932,2813,2756,3130,2877,2998,2893,8571.625107,7460.374415,6998.058252,11027.979275,8031.034483,9291.886964,8183.194676,-0.255086,-0.025906,-0.109663,0.072391,0.005267,0.046646,-0.031502
587550,110.5547,46,Pinky_C1_Open,Pinky,open,1,0.5547,Pinky cycle 1: OPEN,2922,2802,2775,3146,2886,3006,2889,8469.565217,7367.981439,7147.727273,11271.232877,8116.129032,9385.123967,8144.776119,-0.263956,-0.037970,-0.090621,0.096046,0.015918,0.057148,-0.036049
587600,110.5547,46,Pinky_C1_Open,Pinky,open,1,0.5547,Pinky cycle 1: OPEN,2933,2805,2777,3150,2893,2999,2874,8581.927711,7393.023256,7163.732929,11333.333333,8183.194676,9303.467153,8002.948403,-0.254191,-0.034700,-0.088585,0.102085,0.024313,0.047950,-0.052835
587650,110.6199,46,Pinky_C1_Open,Pinky,open,1,0.6199,Pinky cycle 1: OPEN,2931,2807,2782,3141,2884,3003,2888,8561.340206,7409.782609,7203.960396,11194.339623,8097.109827,9350.000000,8135.211268,-0.255980,-0.032512,-0.083467,0.088569,0.013538,0.053191,-0.037181
587700,110.6749,46,Pinky_C1_Open,Pinky,open,1,0.6749,Pinky cycle 1: OPEN,2924,2801,2782,3147,2895,3046,2883,8489.837746,7359.659969,7203.960396,11286.708861,8202.500000,9872.640610,8087.623762,-0.262194,-0.039056,-0.083467,0.097551,0.026730,0.112062,-0.042813
587750,110.8256,46,Pinky_C1_Open,Pinky,open,1,0.8256,Pinky cycle 1: OPEN,2932,2810,2779,3138,2893,3052,2876,8571.625107,7435.019455,7179.787234,11148.589342,8183.194676,9948.993289,8021.657096,-0.255086,-0.029217,-0.086542,0.084120,0.024313,0.120663,-0.050621
587800,110.8257,46,Pinky_C1_Open,Pinky,open,1,0.8257,Pinky cycle 1: OPEN,2936,2806,2769,3130,2888,3009,2885,8612.942192,7401.396431,7100.000000,11027.979275,8135.211268,9420.441989,8106.611570,-0.251496,-0.033607,-0.096693,0.072391,0.018307,0.061126,-0.040566
587850,110.8258,46,Pinky_C1_Open,Pinky,open,1,0.8258,Pinky cycle 1: OPEN,2926,2805,2789,3134,2896,3069,2885,8510.179641,7393.023256,7260.796325,11088.033299,8212.176814,10170.175439,8106.611570,-0.260426,-0.034700,-0.076236,0.078231,0.027941,0.145577,-0.040566
587900,110.8802,46,Pinky_C1_Open,Pinky,open,1,0.8802,Pinky cycle 1: OPEN,2935,2817,2802,3130,2897,3056,2871,8602.586207,7494.366197,7367.981439,11027.979275,8221.869783,10000.384986,7975.000000,-0.252396,-0.021468,-0.062599,0.072391,0.029154,0.126451,-0.056143
587950,110.9018,46,Pinky_C1_Open,Pinky,open,1,0.9018,Pinky cycle 1: OPEN,2935,2814,2801,3126,2890,3060,2880,8602.586207,7468.852459,7359.659969,10968.421053,8154.356846,10052.173913,8059.259259,-0.252396,-0.024799,-0.063658,0.066600,0.020703,0.132285,-0.046170
588000,110.9663,46,Pinky_C1_Open,Pinky,open,1,0.9663,Pinky cycle 1: OPEN,2923,2804,2799,3108,2898,3054,2874,8479.692833,7384.663052,7343.055556,10706.382979,8231.578947,9974.639769,8002.948403,-0.263076,-0.035792,-0.065770,0.041118,0.030369,0.123551,-0.052835
588050,111.1061,46,Pinky_C1_Open,Pinky,open,1,1.1061,Pinky cycle 1: OPEN,2932,2812,2780,3061,2903,3098,2867,8571.625107,7451.909587,7187.832700,10065.183752,8280.369128,10564.894684,7937.947883,-0.255086,-0.027011,-0.085519,-0.021234,0.036477,0.190038,-0.060528
588100,111.1061,46,Pinky_C1_Open,Pinky,open,1,1.1061,Pinky cycle 1: OPEN,2936,2806,2760,3053,2896,3056,2878,8612.942192,7401.396431,7029.213483,9961.804223,8212.176814,10000.384986,8040.427280,-0.251496,-0.033607,-0.105699,-0.031287,0.027941,0.126451,-0.048399
588150,111.1062,46,Pinky_C1_Open,Pinky,open,1,1.1062,Pinky cycle 1: OPEN,2927,2797,2780,3034,2900,3084,2887,8520.376712,7326.502311,7187.832700,9722.525919,8251.046025,10371.513353,8125.662252,-0.259540,-0.043386,-0.085519,-0.054555,0.032806,0.168256,-0.038311
588200,111.1716,46,Pinky_C1_Open,Pinky,open,1,1.1716,Pinky cycle 1: OPEN,2934,2804,2803,3033,2899,3066,2875,8592.248062,7384.663052,7376.315789,9710.169492,8241.304348,10130.612245,8012.295082,-0.253294,-0.035792,-0.061539,-0.055756,0.031587,0.141120,-0.051729
588250,111.2043,46,Pinky_C1_Open,Pinky,open,1,1.2043,Pinky cycle 1: OPEN,2944,2804,2790,3027,2892,3074,2896,8696.437880,7384.663052,7268.965517,9636.516854,8173.566085,10236.630754,8212.176814,-0.244239,-0.035792,-0.075196,-0.062918,0.023108,0.153062,-0.028072
588300,111.3757,46,Pinky_C1_Open,Pinky,open,1,1.3757,Pinky cycle 1: OPEN,2953,2795,2800,3040,2898,3069,2892,8791.768827,7310.000000,7351.351351,9797.156398,8231.578947,10170.175439,8173.566085,-0.235955,-0.045540,-0.064715,-0.047297,0.030369,0.145577,-0.032642
588350,111.3758,46,Pinky_C1_Open,Pinky,open,1,1.3758,Pinky cycle 1: OPEN,2959,2801,2803,3038,2902,3076,2879,8856.161972,7359.659969,7376.315789,9772.185430,8270.578374,10263.395486,8049.835526,-0.230359,-0.039056,-0.061539,-0.049726,0.035251,0.156077,-0.047286
588400,111.3758,46,Pinky_C1_Open,Pinky,open,1,1.3758,Pinky cycle 1: OPEN,2945,2799,2793,3025,2895,3049,2887,8706.956522,7343.055556,7293.548387,9612.149533,8202.500000,9910.707457,8125.662252,-0.243325,-0.041224,-0.072069,-0.065288,0.026730,0.116350,-0.038311
588450,111.3974,46,Pinky_C1_Open,Pinky,open,1,1.3974,Pinky cycle 1: OPEN,2936,2794,2799,3030,2899,3053,2885,8612.942192,7301.767871,7343.055556,9673.239437,8241.304348,9961.804223,8106.611570,-0.251496,-0.046615,-0.065770,-0.059347,0.031587,0.122106,-0.040566
588500,111.4744,46,Pinky_C1_Open,Pinky,open,1,1.4744,Pinky cycle 1: OPEN,2930,2799,2794,3024,2895,3034,2866,8551.072961,7343.055556,7301.767871,9600.000000,8202.500000,9722.525919,7928.722539,-0.256872,-0.041224,-0.071023,-0.066469,0.026730,0.095153,-0.061620
588550,111.6486,46,Pinky_C1_Open,Pinky,open,1,1.6486,Pinky cycle 1: OPEN,2926,2795,2783,3019,2886,3026,2876,8510.179641,7310.000000,7212.042683,9539.591078,8116.129032,9624.321796,8021.657096,-0.260426,-0.045540,-0.082438,-0.072344,0.015918,0.084091,-0.050621
588600,111.6487,46,Pinky_C1_Open,Pinky,open,1,1.6487,Pinky cycle 1: OPEN,2916,2782,2792,3032,2893,3043,2870,8409.160305,7203.960396,7285.341520,9697.836312,8183.194676,9834.790875,7965.714286,-0.269205,-0.059386,-0.073113,-0.056956,0.024313,0.107799,-0.057242
588650,111.6487,46,Pinky_C1_Open,Pinky,open,1,1.6487,Pinky cycle 1: OPEN,2928,2794,2795,3048,2893,3056,2863,8530.591260,7301.767871,7310.000000,9897.994269,8183.194676,10000.384986,7901.136364,-0.258652,-0.046615,-0.069976,-0.037492,0.024313,0.126451,-0.064885
588700,111.6598,46,Pinky_C1_Open,Pinky,open,1,1.6598,Pinky cycle 1: OPEN,2927,2798,2785,3024,2887,3048,2872,8520.376712,7334.772552,7228.244275,9600.000000,8125.662252,9897.994269,7984.300899,-0.259540,-0.042306,-0.080377,-0.066469,0.017112,0.114918,-0.055042
588750,111.7241,46,Pinky_C1_Open,Pinky,open,1,1.7241,Pinky cycle 1: OPEN,2915,2785,2792,3029,2894,3040,2868,8399.152542,7228.244275,7285.341520,9660.975610,8192.839301,9797.156398,7947.188264,-0.270075,-0.056215,-0.073113,-0.060540,0.025520,0.103560,-0.059434
588800,111.8838,46,Pinky_C1_Open,Pinky,open,1,1.8838,Pinky cycle 1: OPEN,2926,2789,2790,3023,2896,3043,2862,8510.179641,7260.796325,7268.965517,9587.873134,8212.176814,9834.790875,7891.970803,-0.260426,-0.051965,-0.075196,-0.067649,0.027941,0.107799,-0.065969
588850,111.8839,46,Pinky_C1_Open,Pinky,open,1,1.8839,Pinky cycle 1: OPEN,2925,2795,2788,3014,2883,3022,2869,8500.000000,7310.000000,7252.639633,9479.740981,8087.623762,9575.768872,7956.443719,-0.261311,-0.045540,-0.077273,-0.078164,0.012350,0.078622,-0.058339
588900,111.8839,46,Pinky_C1_Open,Pinky,open,1,1.8839,Pinky cycle 1: OPEN,2917,2782,2791,3024,2894,3048,2869,8419.185059,7203.960396,7277.147239,9600.000000,8192.839301,9897.994269,7956.443719,-0.268334,-0.059386,-0.074155,-0.066469,0.025520,0.114918,-0.058339
588950,111.9273,46,Pinky_C1_Open,Pinky,open,1,1.9273,Pinky cycle 1: OPEN,2926,2790,2785,3023,2890,3048,2861,8510.179641,7268.965517,7228.244275,9587.873134,8154.356846,9897.994269,7882.820097,-0.260426,-0.050898,-0.080377,-0.067649,0.020703,0.114918,-0.067052
589000,111.9923,46,Pinky_C1_Open,Pinky,open,1,1.9923,Pinky cycle 1: OPEN,2925,2785,2780,3013,2879,3043,2873,8500.000000,7228.244275,7187.832700,9467.837338,8049.835526,9834.790875,7993.617021,-0.261311,-0.056215,-0.085519,-0.079321,0.007620,0.107799,-0.053939
589050,112.1628,47,Pinky_C1_Bend,Pinky,bend,1,0.1628,Pinky cycle 1: BEND Pinky,2911,2777,2783,3018,2890,3031,2869,8359.290541,7163.732929,7212.042683,9527.576602,8154.356846,9685.526316,7956.443719,-0.273539,-0.064638,-0.082438,-0.073512,0.020703,0.090985,-0.058339
589100,112.1629,47,Pinky_C1_Bend,Pinky,bend,1,0.1629,Pinky cycle 1: BEND Pinky,2927,2787,2785,3013,2890,3026,2861,8520.376712,7244.495413,7228.244275,9467.837338,8154.356846,9624.321796,7882.820097,-0.259540,-0.054093,-0.080377,-0.079321,0.020703,0.084091,-0.067052
589150,112.1630,47,Pinky_C1_Bend,Pinky,bend,1,0.1630,Pinky cycle 1: BEND Pinky,2928,2787,2771,3011,2880,3019,2869,8530.591260,7244.495413,7115.861027,9444.095941,8059.259259,9539.591078,7956.443719,-0.258652,-0.054093,-0.094675,-0.081630,0.008800,0.074547,-0.058339
589200,112.1630,47,Pinky_C1_Bend,Pinky,bend,1,0.1630,Pinky cycle 1: BEND Pinky,2918,2778,2785,3043,2888,3050,2868,8429.226848,7171.753986,7228.244275,9834.790875,8135.211268,9923.444976,7947.188264,-0.267461,-0.063591,-0.080377,-0.043638,0.018307,0.117785,-0.059434
589250,112.2287,47,Pinky_C1_Bend,Pinky,bend,1,0.2287,Pinky cycle 1: BEND Pinky,2926,2790,2800,3063,2888,3050,2862,8510.179641,7268.965517,7351.351351,10091.279070,8135.211268,9923.444976,7891.970803,-0.260426,-0.050898,-0.064715,-0.018696,0.018307,0.117785,-0.065969
589300,112.2500,47,Pinky_C1_Bend,Pinky,bend,1,0.2500,Pinky cycle 1: BEND Pinky,2927,2786,2810,3072,2878,3086,2870,8520.376712,7236.363636,7435.019455,10209.970674,8040.427280,10398.810704,7965.714286,-0.259540,-0.055155,-0.054070,-0.007154,0.006442,0.171330,-0.057242
589350,112.4115,47,Pinky_C1_Bend,Pinky,bend,1,0.4115,Pinky cycle 1: BEND Pinky,2919,2780,2809,3065,2884,3079,2871,8439.285714,7187.832700,7426.594090,10117.475728,8097.109827,10303.740157,7975.000000,-0.266587,-0.061492,-0.055142,-0.016149,0.013538,0.160622,-0.056143
589400,112.4115,47,Pinky_C1_Bend,Pinky,bend,1,0.4115,Pinky cycle 1: BEND Pinky,2926,2786,2768,3118,2885,3042,2863,8510.179641,7236.363636,7092.087415,10850.767656,8106.611570,9822.222222,7901.136364,-0.260426,-0.055155,-0.097700,0.055159,0.014727,0.106383,-0.064885
589450,112.4116,47,Pinky_C1_Bend,Pinky,bend,1,0.4116,Pinky cycle 1: BEND Pinky,2926,2787,2762,3117,2879,3023,2871,8510.179641,7244.495413,7044.861215,10836.196319,8049.835526,9587.873134,7975.000000,-0.260426,-0.054093,-0.103708,0.053742,0.007620,0.079986,-0.056143
589500,112.4549,47,Pinky_C1_Bend,Pinky,bend,1,0.4549,Pinky cycle 1: BEND Pinky,2914,2776,2770,3122,2891,3015,2869,8389.161727,7155.724033,7107.924528,10909.352518,8163.953488,9491.666667,7956.443719,-0.270943,-0.065684,-0.095685,0.060856,0.021905,0.069149,-0.058339
589550,112.5202,47,Pinky_C1_Bend,Pinky,bend,1,0.5202,Pinky cycle 1: BEND Pinky,2927,2784,2773,3111,2887,3014,2861,8520.376712,7220.137300,7131.770045,10749.390244,8125.662252,9479.740981,7882.820097,-0.259540,-0.057274,-0.092651,0.045300,0.017112,0.067806,-0.067052
589600,112.6614,47,Pinky_C1_Bend,Pinky,bend,1,0.6614,Pinky cycle 1: BEND Pinky,2927,2784,2761,3080,2881,3029,2870,8520.376712,7220.137300,7037.031484,10317.241379,8068.698517,9660.975610,7965.714286,-0.259540,-0.057274,-0.104705,0.003277,0.009981,0.088220,-0.057242
589650,112.6615,47,Pinky_C1_Bend,Pinky,bend,1,0.6615,Pinky cycle 1: BEND Pinky,2916,2775,2761,3088,2886,3046,2868,8409.160305,7147.727273,7037.031484,10426.216485,8116.129032,9872.640610,7947.188264,-0.269205,-0.066728,-0.104705,0.013874,0.015918,0.112062,-0.059434
589700,112.6937,47,Pinky_C1_Bend,Pinky,bend,1,0.6937,Pinky cycle 1: BEND Pinky,2927,2786,2765,3093,2887,3031,2856,8520.376712,7236.363636,7068.421053,10495.209581,8125.662252,9685.526316,7837.288136,-0.259540,-0.055155,-0.100711,0.020583,0.017112,0.090985,-0.072441
589750,112.7044,47,Pinky_C1_Bend,Pinky,bend,1,0.7044,Pinky cycle 1: BEND Pinky,2927,2784,2778,3049,2875,3031,2862,8520.376712,7220.137300,7171.753986,9910.707457,8012.295082,9685.526316,7891.970803,-0.259540,-0.057274,-0.087564,-0.036255,0.002921,0.090985,-0.065969
589800,112.7481,47,Pinky_C1_Bend,Pinky,bend,1,0.7481,Pinky cycle 1: BEND Pinky,2916,2774,2768,3063,2883,3057,2866,8409.160305,7139.742619,7092.087415,10091.279070,8087.623762,10013.294798,7928.722539,-0.269205,-0.067771,-0.097700,-0.018696,0.012350,0.127906,-0.061620
589850,112.9078,47,Pinky_C1_Bend,Pinky,bend,1,0.9078,Pinky cycle 1: BEND Pinky,2927,2784,2762,3095,2879,3022,2859,8520.376712,7220.137300,7044.861215,10523.000000,8049.835526,9575.768872,7864.563107,-0.259540,-0.057274,-0.103708,0.023286,0.007620,0.078622,-0.069213
589900,112.9079,47,Pinky_C1_Bend,Pinky,bend,1,0.9079,Pinky cycle 1: BEND Pinky,2928,2785,2758,3086,2868,3026,2867,8530.591260,7228.244275,7013.612565,10398.810704,7947.188264,9624.321796,7937.947883,-0.258652,-0.056215,-0.107684,0.011209,-0.005229,0.084091,-0.060528
589950,112.9079,47,Pinky_C1_Bend,Pinky,bend,1,0.9079,Pinky cycle 1: BEND Pinky,2919,2775,2766,3085,2879,3025,2864,8439.285714,7147.727273,7076.297968,10385.148515,8049.835526,9612.149533,7910.316816,-0.266587,-0.066728,-0.099709,0.009881,0.007620,0.082720,-0.063798
590000,112.9739,47,Pinky_C1_Bend,Pinky,bend,1,0.9739,Pinky cycle 1: BEND Pinky,2927,2784,2775,3088,2878,3029,2858,8520.376712,7220.137300,7147.727273,10426.216485,8040.427280,9660.975610,7855.456750,-0.259540,-0.057274,-0.090621,0.013874,0.006442,0.088220,-0.070291
590050,113.0068,47,Pinky_C1_Bend,Pinky,bend,1,1.0068,Pinky cycle 1: BEND Pinky,2934,2783,2771,3091,2869,3012,2865,8592.248062,7212.042683,7115.861027,10467.529880,7956.443719,9455.955679,7919.512195,-0.253294,-0.058331,-0.094675,0.017892,-0.004070,0.065126,-0.062710
590100,113.1721,47,Pinky_C1_Bend,Pinky,bend,1,1.1721,Pinky cycle 1: BEND Pinky,2929,2775,2782,3094,2882,3022,2865,8540.823328,7147.727273,7203.960396,10509.090909,8078.153339,9575.768872,7919.512195,-0.257763,-0.066728,-0.083467,0.021933,0.011165,0.078622,-0.062710
590150,113.1722,47,Pinky_C1_Bend,Pinky,bend,1,1.1722,Pinky cycle 1: BEND Pinky,2930,2786,2767,3086,2902,3087,2864,8551.072961,7236.363636,7084.186747,10398.810704,8270.578374,10412.500000,7910.316816,-0.256872,-0.055155,-0.098705,0.011209,0.035251,0.172872,-0.063798
590200,113.1722,47,Pinky_C1_Bend,Pinky,bend,1,1.1722,Pinky cycle 1: BEND Pinky,2946,2789,2756,3180,2926,3148,2895,8717.493473,7260.796325,6998.058252,11816.393443,8510.179641,11302.217529,8202.500000,-0.242410,-0.051965,-0.109663,0.149059,0.065243,0.273091,-0.029218
590250,113.1935,47,Pinky_C1_Bend,Pinky,bend,1,1.1935,Pinky cycle 1: BEND Pinky,2931,2779,2771,3201,3005,3206,2896,8561.340206,7179.787234,7115.861027,12173.825503,9373.394495,12261.417323,8212.176814,-0.255980,-0.062542,-0.094675,0.183816,0.173294,0.381136,-0.028072
590300,113.4263,47,Pinky_C1_Bend,Pinky,bend,1,1.4263,Pinky cycle 1: BEND Pinky,2947,2790,2795,3273,3040,3279,2895,8728.048780,7268.965517,7310.000000,13537.956204,9797.156398,13662.500000,8202.500000,-0.241492,-0.050898,-0.069976,0.316468,0.226337,0.538955,-0.029218
590350,113.4264,47,Pinky_C1_Bend,Pinky,bend,1,1.4264,Pinky cycle 1: BEND Pinky,2959,2798,2784,3225,3037,3228,2896,8856.161972,7334.772552,7220.137300,12603.448276,9759.735350,12658.823529,8212.176814,-0.230359,-0.042306,-0.081409,0.225594,0.221653,0.425900,-0.028072
590400,113.4264,47,Pinky_C1_Bend,Pinky,bend,1,1.4264,Pinky cycle 1: BEND Pinky,2961,2796,2797,3181,3053,3204,2895,8877.777778,7318.244804,7326.502311,11833.041575,9961.804223,12226.262626,8202.500000,-0.228480,-0.044464,-0.067876,0.150678,0.246946,0.377176,-0.029218
590450,113.4264,47,Pinky_C1_Bend,Pinky,bend,1,1.4264,Pinky cycle 1: BEND Pinky,2973,2816,2796,3159,3170,3189,2893,9009.090909,7485.848319,7318.244804,11475.000000,11651.891892,11967.549669,8183.194676,-0.217068,-0.022580,-0.068927,0.115861,0.458499,0.348034,-0.031502
590500,113.4593,47,Pinky_C1_Bend,Pinky,bend,1,1.4593,Pinky cycle 1: BEND Pinky,2979,2821,2786,3107,3181,3205,2906,9075.806452,7528.571429,7236.363636,10692.105263,11833.041575,12243.820225,8309.840202,-0.211271,-0.017002,-0.079344,0.039730,0.481174,0.379154,-0.016514
590550,113.5123,47,Pinky_C1_Bend,Pinky,bend,1,1.5123,Pinky cycle 1: BEND Pinky,2975,2822,2799,3131,3210,3180,2914,9031.250000,7537.156324,7343.055556,11042.946058,12332.203390,11816.393443,8389.161727,-0.215143,-0.015881,-0.065770,0.073847,0.543656,0.331008,-0.007126
590600,113.6758,47,Pinky_C1_Bend,Pinky,bend,1,1.6758,Pinky cycle 1: BEND Pinky,2989,2833,2795,3106,3223,3147,2891,9188.607595,7632.488114,7310.000000,10677.856421,12566.743119,11286.708861,8163.953488,-0.201468,-0.003433,-0.069976,0.038344,0.573014,0.271344,-0.033780
590650,113.6759,47,Pinky_C1_Bend,Pinky,bend,1,1.6759,Pinky cycle 1: BEND Pinky,2993,2833,2768,3121,3242,3127,2912,9234.301270,7632.488114,7092.087415,10894.661191,12922.391559,10983.264463,8369.230769,-0.197497,-0.003433,-0.097700,0.059427,0.617531,0.237164,-0.009485
590700,113.6759,47,Pinky_C1_Bend,Pinky,bend,1,1.6759,Pinky cycle 1: BEND Pinky,2973,2832,2788,3132,3241,3169,2917,9009.090909,7623.752969,7252.639633,11057.943925,12903.278689,11635.637149,8419.185059,-0.217068,-0.004574,-0.077273,0.075305,0.615139,0.310647,-0.003572
590750,113.7086,47,Pinky_C1_Bend,Pinky,bend,1,1.7086,Pinky cycle 1: BEND Pinky,2983,2834,2803,3135,3259,3167,2906,9120.683453,7641.237113,7376.315789,11103.125000,13254.306220,11603.232759,8309.840202,-0.207371,-0.002291,-0.061539,0.079699,0.659078,0.306997,-0.016514
590800,113.7853,47,Pinky_C1_Bend,Pinky,bend,1,1.7853,Pinky cycle 1: BEND Pinky,2984,2830,2789,3094,3318,3129,2914,9131.953195,7606.324111,7260.796325,10509.090909,14518.918919,11013.043478,8389.161727,-0.206391,-0.006850,-0.076236,0.021933,0.817373,0.240518,-0.007126
590850,113.9261,47,Pinky_C1_Bend,Pinky,bend,1,1.9261,Pinky cycle 1: BEND Pinky,2982,2817,2808,3118,3288,3114,2913,9109.433962,7494.366197,7418.181818,10850.767656,13852.788104,10792.660550,8379.187817,-0.208348,-0.021468,-0.056212,0.055159,0.733992,0.215694,-0.008306
590900,113.9261,47,Pinky_C1_Bend,Pinky,bend,1,1.9261,Pinky cycle 1: BEND Pinky,2985,2823,2788,3117,3317,3121,2903,9143.243243,7545.754717,7252.639633,10836.196319,14495.886889,10894.661191,8280.369128,-0.205410,-0.014758,-0.077273,0.053742,0.814490,0.227183,-0.020002
590950,113.9261,47,Pinky_C1_Bend,Pinky,bend,1,1.9261,Pinky cycle 1: BEND Pinky,2980,2828,2781,3085,3319,3112,2906,9086.995516,7588.950276,7195.890411,10385.148515,14542.010309,10763.784334,8309.840202,-0.210298,-0.009118,-0.084493,0.009881,0.820263,0.212441,-0.016514
591000,113.9801,47,Pinky_C1_Bend,Pinky,bend,1,1.9801,Pinky cycle 1: BEND Pinky,2983,2823,2792,3105,3320,3108,2903,9120.683453,7545.754717,7285.341520,10663.636364,14565.161290,10706.382979,8280.369128,-0.207371,-0.014758,-0.073113,0.036961,0.823161,0.205976,-0.020002
591050,114.0312,48,Pinky_C2_Open,Pinky,open,2,0.0312,Pinky cycle 2: OPEN,2989,2826,2811,3083,3338,3092,2895,9188.607595,7571.631206,7443.457944,10357.905138,14992.338177,10481.355932,8202.500000,-0.201468,-0.011379,-0.052996,0.007231,0.876632,0.180628,-0.029218
591100,114.1939,48,Pinky_C2_Open,Pinky,open,2,0.1939,Pinky cycle 2: OPEN,2984,2823,2817,3057,3293,3095,2906,9131.953195,7545.754717,7494.366197,10013.294798,13960.349127,10523.000000,8309.840202,-0.206391,-0.014758,-0.046519,-0.026280,0.747455,0.185319,-0.016514
591150,114.1940,48,Pinky_C2_Open,Pinky,open,2,0.1940,Pinky cycle 2: OPEN,2976,2811,2819,3041,3309,3073,2906,9042.359249,7443.457944,7511.442006,9809.677419,14313.740458,10223.287671,8309.840202,-0.214177,-0.028115,-0.044347,-0.046080,0.791690,0.151559,-0.016514
591200,114.1940,48,Pinky_C2_Open,Pinky,open,2,0.1940,Pinky cycle 2: OPEN,2987,2820,2823,3052,3234,3070,2895,9165.884477,7520.000000,7545.754717,9948.993289,12770.731707,10183.414634,8202.500000,-0.203442,-0.018121,-0.039982,-0.032532,0.598548,0.147068,-0.029218
591250,114.2148,48,Pinky_C2_Open,Pinky,open,2,0.2148,Pinky cycle 2: OPEN,2986,2826,2816,3021,3314,3051,2905,9154.553652,7571.631206,7485.848319,9563.687151,14427.144686,9936.206897,8300.000000,-0.204427,-0.011379,-0.047603,-0.070001,0.805885,0.119222,-0.017678
591300,114.2586,48,Pinky_C2_Open,Pinky,open,2,0.2586,Pinky cycle 2: OPEN,2975,2812,2824,3036,3273,3043,2904,9031.250000,7451.909587,7554.366640,9747.308782,13537.956204,9834.790875,8290.176322,-0.215143,-0.027011,-0.038886,-0.052145,0.694583,0.107799,-0.018841
591350,114.4403,48,Pinky_C2_Open,Pinky,open,2,0.4403,Pinky cycle 2: OPEN,2983,2820,2832,3028,3280,3048,2896,9120.683453,7520.000000,7623.752969,9648.734770,13683.435583,9897.994269,8212.176814,-0.207371,-0.018121,-0.030058,-0.061730,0.712793,0.114918,-0.028072
591400,114.4404,48,Pinky_C2_Open,Pinky,open,2,0.4404,Pinky cycle 2: OPEN,2984,2817,2809,3040,3300,3050,2910,9131.953195,7494.366197,7426.594090,9797.156398,14113.207547,9923.444976,8349.367089,-0.206391,-0.021468,-0.055142,-0.047297,0.766589,0.117785,-0.011836
591450,114.4404,48,Pinky_C2_Open,Pinky,open,2,0.4404,Pinky cycle 2: OPEN,2972,2813,2831,3045,3328,3043,2909,8998.040962,7460.374415,7615.031646,9860.000000,14752.542373,9834.790875,8339.460371,-0.218029,-0.025906,-0.031168,-0.041186,0.846616,0.107799,-0.013008
591500,114.4626,48,Pinky_C2_Open,Pinky,open,2,0.4626,Pinky cycle 2: OPEN,2974,2817,2831,3042,3317,3041,2897,9020.160571,7494.366197,7615.031646,9822.222222,14495.886889,9809.677419,8221.869783,-0.216106,-0.021468,-0.031168,-0.044860,0.814490,0.104970,-0.026925
591550,114.5168,48,Pinky_C2_Open,Pinky,open,2,0.5168,Pinky cycle 2: OPEN,2972,2818,2850,3046,3280,3053,2906,8998.040962,7502.897416,7783.132530,9872.640610,13683.435583,9961.804223,8309.840202,-0.218029,-0.020354,-0.009781,-0.039957,0.712793,0.122106,-0.016514
591600,114.5497,48,Pinky_C2_Open,Pinky,open,2,0.5497,Pinky cycle 2: OPEN,2962,2806,2861,3078,3251,3094,2906,8888.614298,7401.396431,7882.820097,10290.265487,13096.445498,10509.090909,8309.840202,-0.227538,-0.033607,0.002902,0.000654,0.639318,0.183752,-0.016514
591650,114.6709,48,Pinky_C2_Open,Pinky,open,2,0.6709,Pinky cycle 2: OPEN,2974,2819,2848,3064,3282,3068,2899,9020.160571,7511.442006,7765.196472,10104.364694,13725.461255,10156.962025,8241.304348,-0.216106,-0.019238,-0.012063,-0.017424,0.718054,0.144088,-0.024625
591700,114.6812,48,Pinky_C2_Open,Pinky,open,2,0.6812,Pinky cycle 2: OPEN,2973,2813,2858,3043,3270,3062,2914,9009.090909,7460.374415,7855.456750,9834.790875,13476.363636,10078.218780,8389.161727,-0.217068,-0.025906,-0.000579,-0.043638,0.686874,0.135219,-0.007126
591750,114.7137,48,Pinky_C2_Open,Pinky,open,2,0.7137,Pinky cycle 2: OPEN,2963,2801,2868,3056,3252,3060,2914,8899.469965,7359.659969,7947.188264,10000.384986,13116.014235,10052.173913,8389.161727,-0.226595,-0.039056,0.011091,-0.027535,0.641768,0.132285,-0.007126
591800,114.7573,48,Pinky_C2_Open,Pinky,open,2,0.7573,Pinky cycle 2: OPEN,2972,2812,2879,3057,3248,3060,2903,8998.040962,7451.909587,8049.835526,10013.294798,13038.016529,10052.173913,8280.369128,-0.218029,-0.027011,0.024151,-0.026280,0.632004,0.132285,-0.020002
591850,114.8002,48,Pinky_C2_Open,Pinky,open,2,0.8002,Pinky cycle 2: OPEN,2974,2812,2850,3045,3278,3026,2913,9020.160571,7451.909587,7783.132530,9860.000000,13641.615667,9624.321796,8379.187817,-0.216106,-0.027011,-0.009781,-0.041186,0.707559,0.084091,-0.008306
591900,114.9400,48,Pinky_C2_Open,Pinky,open,2,0.9400,Pinky cycle 2: OPEN,2962,2810,2843,3053,3280,3039,2916,8888.614298,7435.019455,7720.607029,9961.804223,13683.435583,9784.659091,8409.160305,-0.227538,-0.029217,-0.017736,-0.031287,0.712793,0.102152,-0.004759
591950,114.9401,48,Pinky_C2_Open,Pinky,open,2,0.9401,Pinky cycle 2: OPEN,2969,2817,2840,3078,3291,3086,2907,8965.008881,7494.366197,7694.023904,10290.265487,13917.164179,10398.810704,8319.696970,-0.220899,-0.021468,-0.021118,0.000654,0.742050,0.171330,-0.015347
592000,114.9502,48,Pinky_C2_Open,Pinky,open,2,0.9502,Pinky cycle 2: OPEN,2980,2812,2844,3102,3276,3224,2914,9086.995516,7451.909587,7729.496403,10621.148036,13600.000000,12585.074627,8389.161727,-0.210298,-0.027011,-0.016605,0.032830,0.702349,0.417593,-0.007126
592050,115.0047,48,Pinky_C2_Open,Pinky,open,2,1.0047,Pinky cycle 2: OPEN,2962,2806,2883,3110,3243,3246,2904,8888.614298,7401.396431,8087.623762,10735.025381,12941.549296,12999.293286,8290.176322,-0.227538,-0.033607,0.028958,0.043904,0.619929,0.464251,-0.018841
592100,115.0596,48,Pinky_C2_Open,Pinky,open,2,1.0596,Pinky cycle 2: OPEN,2965,2814,2861,3129,3137,3195,2895,8921.238938,7468.852459,7882.820097,11013.043478,11133.402923,12070.000000,8202.500000,-0.224703,-0.024799,0.002902,0.070939,0.393599,0.359574,-0.029218
592150,115.2171,48,Pinky_C2_Open,Pinky,open,2,1.2171,Pinky cycle 2: OPEN,2972,2812,2818,3152,3100,3161,2900,8998.040962,7451.909587,7502.897416,11364.581124,10592.964824,11506.852248,8251.046025,-0.218029,-0.027011,-0.045434,0.105123,0.325951,0.296141,-0.023472
592200,115.2172,48,Pinky_C2_Open,Pinky,open,2,1.2172,Pinky cycle 2: OPEN,2952,2805,2858,3150,3101,3205,2906,8781.102362,7393.023256,7855.456750,11333.333333,10607.042254,12243.820225,8309.840202,-0.236882,-0.034700,-0.000579,0.102085,0.327713,0.379154,-0.016514
592250,115.2172,48,Pinky_C2_Open,Pinky,open,2,1.2172,Pinky cycle 2: OPEN,2966,2816,2874,3198,3081,3123,2904,8932.152347,7485.848319,8002.948403,12121.739130,10330.769231,10924.074074,8290.176322,-0.223755,-0.022580,0.018186,0.178751,0.293131,0.230496,-0.018841
592300,115.2605,48,Pinky_C2_Open,Pinky,open,2,1.2605,Pinky cycle 2: OPEN,2958,2811,2871,3211,3053,3152,2910,8845.382586,7443.457944,7975.000000,12350.000000,9961.804223,11364.581124,8349.367089,-0.231295,-0.028115,0.014630,0.200948,0.246946,0.280116,-0.011836
592350,115.3039,48,Pinky_C2_Open,Pinky,open,2,1.3039,Pinky cycle 2: OPEN,2948,2809,2861,3285,3020,3158,2914,8738.622493,7426.594090,7882.820097,13788.888889,9551.627907,11459.124867,8389.161727,-0.240573,-0.030317,0.002902,0.340870,0.195604,0.290765,-0.007126
592400,115.4659,48,Pinky_C2_Open,Pinky,open,2,1.4659,Pinky cycle 2: OPEN,2954,2819,2864,3222,3002,3139,2902,8802.453988,7511.442006,7910.316816,12548.453608,9338.334858,11163.807531,8270.578374,-0.235026,-0.019238,0.006400,0.220246,0.168905,0.257500,-0.021160
592450,115.4659,48,Pinky_C2_Open,Pinky,open,2,1.4659,Pinky cycle 2: OPEN,2949,2813,2868,3124,2987,3161,2912,8749.214660,7460.374415,7947.188264,10938.825953,9165.884477,11506.852248,8369.230769,-0.239653,-0.025906,0.011091,0.063722,0.147319,0.296141,-0.009485
592500,115.4660,48,Pinky_C2_Open,Pinky,open,2,1.4660,Pinky cycle 2: OPEN,2944,2803,2881,3119,3020,3128,2906,8696.437880,7376.315789,8068.698517,10865.368852,9551.627907,10998.138573,8309.840202,-0.244239,-0.036882,0.026551,0.056579,0.195604,0.238839,-0.016514
592550,115.5100,48,Pinky_C2_Open,Pinky,open,2,1.5100,Pinky cycle 2: OPEN,2953,2812,2886,3119,2994,3112,2897,8791.768827,7451.909587,8116.129032,10865.368852,9245.776567,10763.784334,8221.869783,-0.235955,-0.027011,0.032585,0.056579,0.157319,0.212441,-0.026925
592600,115.5750,48,Pinky_C2_Open,Pinky,open,2,1.5750,Pinky cycle 2: OPEN,2955,2803,2845,3102,2988,3063,2904,8813.157895,7376.315789,7738.400000,10621.148036,9177.235772,10091.279070,8290.176322,-0.234096,-0.036882,-0.015472,0.032830,0.148740,0.136690,-0.018841
592650,115.7338,48,Pinky_C2_Open,Pinky,open,2,1.7338,Pinky cycle 2: OPEN,2943,2796,2838,3084,2984,3067,2904,8685.937500,7318.244804,7676.372315,10371.513353,9131.953195,10143.774319,8290.176322,-0.245152,-0.044464,-0.023364,0.008555,0.143072,0.142603,-0.018841
592700,115.7339,48,Pinky_C2_Open,Pinky,open,2,1.7339,Pinky cycle 2: OPEN,2949,2802,2836,3059,2993,3028,2896,8749.214660,7367.981439,7658.776807,10039.189189,9234.301270,9648.734770,8212.176814,-0.239653,-0.037970,-0.025602,-0.023761,0.155883,0.086841,-0.028072
592750,115.7339,48,Pinky_C2_Open,Pinky,open,2,1.7339,Pinky cycle 2: OPEN,2948,2800,2833,3051,2986,3036,2904,8738.622493,7351.351351,7632.488114,9936.206897,9154.553652,9747.308782,8290.176322,-0.240573,-0.040141,-0.028947,-0.033776,0.145901,0.097945,-0.018841
592800,115.7768,48,Pinky_C2_Open,Pinky,open,2,1.7768,Pinky cycle 2: OPEN,2935,2795,2832,3085,2977,3033,2901,8602.586207,7310.000000,7623.752969,10385.148515,9053.488372,9710.169492,8260.804020,-0.252396,-0.045540,-0.030058,0.009881,0.133250,0.093761,-0.022317
592850,115.9828,48,Pinky_C2_Open,Pinky,open,2,1.9828,Pinky cycle 2: OPEN,2944,2801,2832,3062,2972,3027,2896,8696.437880,7359.659969,7623.752969,10078.218780,8998.040962,9636.516854,8212.176814,-0.244239,-0.039056,-0.030058,-0.019966,0.126310,0.085465,-0.028072
592900,115.9829,48,Pinky_C2_Open,Pinky,open,2,1.9829,Pinky cycle 2: OPEN,2937,2800,2817,3037,2967,3023,2897,8623.316062,7351.351351,7494.366197,9759.735350,8943.085106,9587.873134,8221.869783,-0.250594,-0.040141,-0.046519,-0.050936,0.119431,0.079986,-0.026925
592950,115.9829,48,Pinky_C2_Open,Pinky,open,2,1.9829,Pinky cycle 2: OPEN,2929,2791,2833,3050,2983,3028,2899,8540.823328,7277.147239,7632.488114,9923.444976,9120.683453,9648.734770,8241.304348,-0.257763,-0.049830,-0.028947,-0.035017,0.141661,0.086841,-0.024625
593000,115.9829,48,Pinky_C2_Open,Pinky,open,2,1.9829,Pinky cycle 2: OPEN,2939,2796,2831,3056,2963,3022,2894,8644.117647,7318.244804,7615.031646,10000.384986,8899.469965,9575.768872,8192.839301,-0.248786,-0.044464,-0.031168,-0.027535,0.113971,0.078622,-0.030361
593050,116.0106,49,Pinky_C2_Bend,Pinky,bend,2,0.0106,Pinky cycle 2: BEND Pinky,2938,2797,2830,3043,2956,3036,2885,8633.707865,7326.502311,7606.324111,9834.790875,8823.880597,9747.308782,8106.611570,-0.249691,-0.043386,-0.032276,-0.043638,0.104509,0.097945,-0.040566
593100,116.0544,49,Pinky_C2_Bend,Pinky,bend,2,0.0544,Pinky cycle 2: BEND Pinky,2930,2791,2833,3061,2959,3059,2877,8551.072961,7277.147239,7632.488114,10065.183752,8856.161972,10039.189189,8031.034483,-0.256872,-0.049830,-0.028947,-0.021234,0.108550,0.130822,-0.049511
593150,116.2835,49,Pinky_C2_Bend,Pinky,bend,2,0.2835,Pinky cycle 2: BEND Pinky,2938,2798,2815,3050,2948,3051,2865,8633.707865,7334.772552,7477.343750,9923.444976,8738.622493,9936.206897,7919.512195,-0.249691,-0.042306,-0.048685,-0.035017,0.093837,0.119222,-0.062710
593200,116.2835,49,Pinky_C2_Bend,Pinky,bend,2,0.2835,Pinky cycle 2: BEND Pinky,2937,2798,2806,3043,2944,3051,2877,8623.316062,7334.772552,7401.396431,9834.790875,8696.437880,9936.206897,8031.034483,-0.250594,-0.042306,-0.058348,-0.043638,0.088557,0.119222,-0.049511
593250,116.2836,49,Pinky_C2_Bend,Pinky,bend,2,0.2836,Pinky cycle 2: BEND Pinky,2929,2791,2800,3041,2952,3057,2878,8540.823328,7277.147239,7351.351351,9809.677419,8781.102362,10013.294798,8040.427280,-0.257763,-0.049830,-0.064715,-0.046080,0.099155,0.127906,-0.048399
593300,116.2836,49,Pinky_C2_Bend,Pinky,bend,2,0.2836,Pinky cycle 2: BEND Pinky,2938,2800,2807,3028,2945,3057,2866,8633.707865,7351.351351,7409.782609,9648.734770,8706.956522,10013.294798,7928.722539,-0.249691,-0.040141,-0.057281,-0.061730,0.089874,0.127906,-0.061620
593350,116.3055,49,Pinky_C2_Bend,Pinky,bend,2,0.3055,Pinky cycle 2: BEND Pinky,2943,2800,2809,3010,2931,3058,2875,8685.937500,7351.351351,7426.594090,9432.258065,8561.340206,10026.229508,8012.295082,-0.245152,-0.040141,-0.055142,-0.082781,0.071647,0.129363,-0.051729
593400,116.5316,49,Pinky_C2_Bend,Pinky,bend,2,0.5316,Pinky cycle 2: BEND Pinky,2931,2788,2830,3018,2941,3047,2869,8561.340206,7252.639633,7606.324111,9527.576602,8664.991334,9885.305344,7956.443719,-0.255980,-0.053030,-0.032276,-0.073512,0.084621,0.113489,-0.058339
593450,116.5317,49,Pinky_C2_Bend,Pinky,bend,2,0.5317,Pinky cycle 2: BEND Pinky,2943,2800,2818,3019,2940,3053,2864,8685.937500,7351.351351,7502.897416,9539.591078,8654.545455,9961.804223,7910.316816,-0.245152,-0.040141,-0.045434,-0.072344,0.083313,0.122106,-0.063798
593500,116.5318,49,Pinky_C2_Bend,Pinky,bend,2,0.5318,Pinky cycle 2: BEND Pinky,2943,2799,2808,3008,2924,3013,2871,8685.937500,7343.055556,7418.181818,9408.647654,8489.837746,9467.837338,7975.000000,-0.245152,-0.041224,-0.056212,-0.085077,0.062696,0.066465,-0.056143
593550,116.5318,49,Pinky_C2_Bend,Pinky,bend,2,0.5318,Pinky cycle 2: BEND Pinky,2931,2791,2806,3019,2939,3016,2869,8561.340206,7277.147239,7401.396431,9539.591078,8644.117647,9503.614458,7956.443719,-0.255980,-0.049830,-0.058348,-0.072344,0.082008,0.070495,-0.058339
593600,116.5851,49,Pinky_C2_Bend,Pinky,bend,2,0.5851,Pinky cycle 2: BEND Pinky,2946,2802,2811,3025,2940,3019,2865,8717.493473,7367.981439,7443.457944,9612.149533,8654.545455,9539.591078,7919.512195,-0.242410,-0.037970,-0.052996,-0.065288,0.083313,0.074547,-0.062710
593650,116.7495,49,Pinky_C2_Bend,Pinky,bend,2,0.7495,Pinky cycle 2: BEND Pinky,2941,2800,2806,3011,2928,3016,2866,8664.991334,7351.351351,7401.396431,9444.095941,8530.591260,9503.614458,7928.722539,-0.246972,-0.040141,-0.058348,-0.081630,0.067798,0.070495,-0.061620
593700,116.7496,49,Pinky_C2_Bend,Pinky,bend,2,0.7496,Pinky cycle 2: BEND Pinky,2930,2786,2811,3030,2947,3026,2871,8551.072961,7236.363636,7443.457944,9673.239437,8728.048780,9624.321796,7975.000000,-0.256872,-0.055155,-0.052996,-0.059347,0.092514,0.084091,-0.056143
593750,116.7496,49,Pinky_C2_Bend,Pinky,bend,2,0.7496,Pinky cycle 2: BEND Pinky,2940,2798,2809,3036,2966,3050,2872,8654.545455,7334.772552,7426.594090,9747.308782,8932.152347,9923.444976,7984.300899,-0.247880,-0.042306,-0.055142,-0.052145,0.118062,0.117785,-0.055042
593800,116.7497,49,Pinky_C2_Bend,Pinky,bend,2,0.7497,Pinky cycle 2: BEND Pinky,2940,2795,2800,3067,2971,3061,2910,8654.545455,7310.000000,7351.351351,10143.774319,8987.010676,10065.183752,8349.367089,-0.247880,-0.045540,-0.064715,-0.013591,0.124929,0.133750,-0.011836
593850,116.8136,49,Pinky_C2_Bend,Pinky,bend,2,0.8136,Pinky cycle 2: BEND Pinky,2931,2783,2829,3081,2975,3046,2905,8561.340206,7212.042683,7597.630332,10330.769231,9031.250000,9872.640610,8300.000000,-0.255980,-0.058331,-0.033382,0.004593,0.130466,0.112062,-0.017678
593900,116.9942,49,Pinky_C2_Bend,Pinky,bend,2,0.9942,Pinky cycle 2: BEND Pinky,2942,2798,2823,3101,2967,3016,2895,8675.455334,7334.772552,7545.754717,10607.042254,8943.085106,9503.614458,8202.500000,-0.246063,-0.042306,-0.039982,0.031458,0.119431,0.070495,-0.029218
593950,116.9943,49,Pinky_C2_Bend,Pinky,bend,2,0.9943,Pinky cycle 2: BEND Pinky,2939,2795,2807,3082,2955,3000,2904,8644.117647,7310.000000,7409.782609,10344.323791,8813.157895,9315.068493,8290.176322,-0.248786,-0.045540,-0.057281,0.005911,0.103167,0.049257,-0.018841
594000,116.9943,49,Pinky_C2_Bend,Pinky,bend,2,0.9943,Pinky cycle 2: BEND Pinky,2929,2783,2814,3088,2961,2992,2906,8540.823328,7212.042683,7468.852459,10426.216485,8877.777778,9222.846782,8309.840202,-0.257763,-0.058331,-0.049766,0.013874,0.111256,0.038869,-0.016514
594050,117.0045,49,Pinky_C2_Bend,Pinky,bend,2,1.0045,Pinky cycle 2: BEND Pinky,2932,2790,2809,3070,2960,2990,2897,8571.625107,7268.965517,7426.594090,10183.414634,8866.960352,9200.000000,8221.869783,-0.255086,-0.050898,-0.055142,-0.009737,0.109902,0.036295,-0.026925
594100,117.0590,49,Pinky_C2_Bend,Pinky,bend,2,1.0590,Pinky cycle 2: BEND Pinky,2928,2789,2798,3051,2951,2968,2907,8530.591260,7260.796325,7334.772552,9936.206897,8770.454545,8954.037267,8319.696970,-0.258652,-0.051965,-0.066824,-0.033776,0.097822,0.008590,-0.015347
594150,117.1139,49,Pinky_C2_Bend,Pinky,bend,2,1.1139,Pinky cycle 2: BEND Pinky,2934,2781,2822,3219,2979,3069,2904,8592.248062,7195.890411,7537.156324,12493.835616,9075.806452,10170.175439,8290.176322,-0.253294,-0.060440,-0.041075,0.214935,0.136044,0.145577,-0.018841
594200,117.2579,49,Pinky_C2_Bend,Pinky,bend,2,1.2579,Pinky cycle 2: BEND Pinky,2950,2793,2816,3187,3037,3110,2878,8759.825328,7293.548387,7485.848319,11933.700441,9759.735350,10735.025381,8040.427280,-0.238731,-0.047688,-0.047603,0.160466,0.221653,0.209202,-0.048399
594250,117.2580,49,Pinky_C2_Bend,Pinky,bend,2,1.2580,Pinky cycle 2: BEND Pinky,2951,2797,2802,3153,3014,3120,2907,8770.454545,7326.502311,7367.981439,11380.254777,9479.740981,10880.000000,8319.696970,-0.237807,-0.043386,-0.062599,0.106647,0.186605,0.225532,-0.015347
594300,117.2580,49,Pinky_C2_Bend,Pinky,bend,2,1.2580,Pinky cycle 2: BEND Pinky,2931,2783,2817,3144,3177,3121,2896,8561.340206,7212.042683,7494.366197,11240.378549,11766.666667,10894.661191,8212.176814,-0.255980,-0.058331,-0.046519,0.093045,0.472866,0.227183,-0.028072
594350,117.3240,49,Pinky_C2_Bend,Pinky,bend,2,1.3240,Pinky cycle 2: BEND Pinky,2956,2795,2803,3099,3269,3095,2890,8823.880597,7310.000000,7376.315789,10578.915663,13455.932203,10523.000000,8154.356846,-0.233164,-0.045540,-0.061539,0.028723,0.684316,0.185319,-0.034915
594400,117.3678,49,Pinky_C2_Bend,Pinky,bend,2,1.3678,Pinky cycle 2: BEND Pinky,2950,2796,2798,3103,3287,3117,2877,8759.825328,7318.244804,7334.772552,10635.282258,13831.435644,10836.196319,8031.034483,-0.238731,-0.044464,-0.066824,0.034204,0.731319,0.220598,-0.049511
594450,117.5071,49,Pinky_C2_Bend,Pinky,bend,2,1.5071,Pinky cycle 2: BEND Pinky,2943,2791,2800,3106,3287,3129,2884,8685.937500,7277.147239,7351.351351,10677.856421,13831.435644,11013.043478,8097.109827,-0.245152,-0.049830,-0.064715,0.038344,0.731319,0.240518,-0.041691
594500,117.5072,49,Pinky_C2_Bend,Pinky,bend,2,1.5072,Pinky cycle 2: BEND Pinky,2947,2802,2793,3103,3320,3098,2861,8728.048780,7367.981439,7293.548387,10635.282258,14565.161290,10564.894684,7882.820097,-0.241492,-0.037970,-0.072069,0.034204,0.823161,0.190038,-0.067052
594550,117.5072,49,Pinky_C2_Bend,Pinky,bend,2,1.5072,Pinky cycle 2: BEND Pinky,2937,2807,2787,3107,3302,3093,2873,8623.316062,7409.782609,7244.495413,10692.105263,14157.377049,10495.209581,7993.617021,-0.250594,-0.032512,-0.078310,0.039730,0.772118,0.182189,-0.053939
594600,117.5731,49,Pinky_C2_Bend,Pinky,bend,2,1.5731,Pinky cycle 2: BEND Pinky,2927,2799,2797,3106,3295,3087,2871,8520.376712,7343.055556,7326.502311,10677.856421,14003.750000,10412.500000,7975.000000,-0.259540,-0.041224,-0.067876,0.038344,0.752888,0.172872,-0.056143
594650,117.7690,49,Pinky_C2_Bend,Pinky,bend,2,1.7690,Pinky cycle 2: BEND Pinky,2932,2814,2814,3123,3279,3055,2858,8571.625107,7468.852459,7468.852459,10924.074074,13662.500000,9987.500000,7855.456750,-0.255086,-0.024799,-0.049766,0.062287,0.710173,0.125000,-0.070291
594700,117.7690,49,Pinky_C2_Bend,Pinky,bend,2,1.7690,Pinky cycle 2: BEND Pinky,2932,2813,2801,3134,3285,3049,2874,8571.625107,7460.374415,7359.659969,11088.033299,13788.888889,9910.707457,8002.948403,-0.255086,-0.025906,-0.063658,0.078231,0.725993,0.116350,-0.052835
594750,117.7691,49,Pinky_C2_Bend,Pinky,bend,2,1.7691,Pinky cycle 2: BEND Pinky,2927,2806,2788,3119,3313,3067,2876,8520.376712,7401.396431,7252.639633,10865.368852,14404.347826,10143.774319,8021.657096,-0.259540,-0.033607,-0.077273,0.056579,0.803032,0.142603,-0.050621
594800,117.8014,49,Pinky_C2_Bend,Pinky,bend,2,1.8014,Pinky cycle 2: BEND Pinky,2934,2812,2781,3109,3282,3051,2872,8592.248062,7451.909587,7195.890411,10720.689655,13725.461255,9936.206897,7984.300899,-0.253294,-0.027011,-0.084493,0.042510,0.718054,0.119222,-0.055042
594850,117.8236,49,Pinky_C2_Bend,Pinky,bend,2,1.8236,Pinky cycle 2: BEND Pinky,2941,2806,2787,3126,3311,3043,2885,8664.991334,7401.396431,7244.495413,10968.421053,14358.928571,9834.790875,8106.611570,-0.246972,-0.033607,-0.078310,0.066600,0.797347,0.107799,-0.040566
594900,117.8666,49,Pinky_C2_Bend,Pinky,bend,2,1.8666,Pinky cycle 2: BEND Pinky,2929,2796,2779,3082,3156,3014,2889,8540.823328,7318.244804,7179.787234,10344.323791,11427.476038,9479.740981,8144.776119,-0.257763,-0.044464,-0.086542,0.005911,0.430409,0.067806,-0.036049
594950,118.0251,50,Pinky_C3_Open,Pinky,open,3,0.0251,Pinky cycle 3: OPEN,2944,2801,2781,3110,3098,3019,2875,8696.437880,7359.659969,7195.890411,10735.025381,10564.894684,9539.591078,8012.295082,-0.244239,-0.039056,-0.084493,0.043904,0.322437,0.074547,-0.051729
595000,118.0254,50,Pinky_C3_Open,Pinky,open,3,0.0254,Pinky cycle 3: OPEN,2936,2802,2773,3110,3252,3009,2892,8612.942192,7367.981439,7131.770045,10735.025381,13116.014235,9420.441989,8173.566085,-0.251496,-0.037970,-0.092651,0.043904,0.641768,0.061126,-0.032642
595050,118.0255,50,Pinky_C3_Open,Pinky,open,3,0.0255,Pinky cycle 3: OPEN,2927,2792,2767,3094,3276,3014,2893,8520.376712,7285.341520,7084.186747,10509.090909,13600.000000,9479.740981,8183.194676,-0.259540,-0.048760,-0.098705,0.021933,0.702349,0.067806,-0.031502
595100,118.0802,50,Pinky_C3_Open,Pinky,open,3,0.0802,Pinky cycle 3: OPEN,2935,2800,2767,3096,3238,3003,2882,8602.586207,7351.351351,7084.186747,10536.936937,12846.207701,9350.000000,8078.153339,-0.252396,-0.040141,-0.098705,0.024641,0.607995,0.053191,-0.043934
595150,118.1016,50,Pinky_C3_Open,Pinky,open,3,0.1016,Pinky cycle 3: OPEN,2934,2798,2762,3096,3238,3004,2897,8592.248062,7334.772552,7044.861215,10536.936937,12846.207701,9361.686526,8221.869783,-0.253294,-0.042306,-0.103708,0.024641,0.607995,0.054508,-0.026925
595200,118.2852,50,Pinky_C3_Open,Pinky,open,3,0.2852,Pinky cycle 3: OPEN,2929,2791,2766,3121,3261,3000,2896,8540.823328,7277.147239,7076.297968,10894.661191,13294.244604,9315.068493,8212.176814,-0.257763,-0.049830,-0.099709,0.059427,0.664077,0.049257,-0.028072
595250,118.2853,50,Pinky_C3_Open,Pinky,open,3,0.2853,Pinky cycle 3: OPEN,2937,2801,2762,3133,3272,2992,2885,8623.316062,7359.659969,7044.861215,11072.972973,13517.375456,9222.846782,8106.611570,-0.250594,-0.039056,-0.103708,0.076767,0.692007,0.038869,-0.040566
595300,118.2853,50,Pinky_C3_Open,Pinky,open,3,0.2853,Pinky cycle 3: OPEN,2940,2798,2783,3117,3302,2982,2890,8654.545455,7334.772552,7212.042683,10836.196319,14157.377049,9109.433962,8154.356846,-0.247880,-0.042306,-0.082438,0.053742,0.772118,0.026094,-0.034915
595350,118.2955,50,Pinky_C3_Open,Pinky,open,3,0.2955,Pinky cycle 3: OPEN,2927,2791,2778,3107,3290,2989,2894,8520.376712,7277.147239,7171.753986,10692.105263,13895.652174,9188.607595,8192.839301,-0.259540,-0.049830,-0.087564,0.039730,0.739357,0.035012,-0.030361
595400,118.5335,50,Pinky_C3_Open,Pinky,open,3,0.5335,Pinky cycle 3: OPEN,2939,2797,2794,3105,3278,2986,2882,8644.117647,7326.502311,7301.767871,10663.636364,13641.615667,9154.553652,8078.153339,-0.248786,-0.043386,-0.071023,0.036961,0.707559,0.031176,-0.043934
595450,118.5335,50,Pinky_C3_Open,Pinky,open,3,0.5335,Pinky cycle 3: OPEN,2945,2795,2789,3097,3284,2983,2895,8706.956522,7310.000000,7260.796325,10550.901804,13767.694205,9120.683453,8202.500000,-0.243325,-0.045540,-0.076236,0.025999,0.723340,0.027361,-0.029218
595500,118.5336,50,Pinky_C3_Open,Pinky,open,3,0.5336,Pinky cycle 3: OPEN,2939,2785,2795,3088,3222,2993,2892,8644.117647,7228.244275,7310.000000,10426.216485,12548.453608,9234.301270,8173.566085,-0.248786,-0.056215,-0.069976,0.013874,0.570725,0.040159,-0.032642
595550,118.5336,50,Pinky_C3_Open,Pinky,open,3,0.5336,Pinky cycle 3: OPEN,2952,2794,2796,3093,3240,2981,2888,8781.102362,7301.767871,7318.244804,10495.209581,12884.210526,9098.204668,8135.211268,-0.236882,-0.046615,-0.068927,0.020583,0.612752,0.024829,-0.037181
595600,118.5877,50,Pinky_C3_Open,Pinky,open,3,0.5877,Pinky cycle 3: OPEN,2950,2792,2769,3101,3234,3000,2894,8759.825328,7285.341520,7100.000000,10607.042254,12770.731707,9315.068493,8192.839301,-0.238731,-0.048760,-0.096693,0.031458,0.598548,0.049257,-0.030361
595650,118.6205,50,Pinky_C3_Open,Pinky,open,3,0.6205,Pinky cycle 3: OPEN,2938,2781,2769,3137,2991,3027,2897,8633.707865,7195.890411,7100.000000,11133.402923,9211.413043,9636.516854,8221.869783,-0.249691,-0.060440,-0.096693,0.082643,0.153018,0.085465,-0.026925
595700,118.7893,50,Pinky_C3_Open,Pinky,open,3,0.7893,Pinky cycle 3: OPEN,2944,2791,2776,3059,3273,3002,2886,8696.437880,7277.147239,7155.724033,10039.189189,13537.956204,9338.334858,8116.129032,-0.244239,-0.049830,-0.089604,-0.023761,0.694583,0.051878,-0.039440
595750,118.7893,50,Pinky_C3_Open,Pinky,open,3,0.7893,Pinky cycle 3: OPEN,2941,2790,2765,3050,3209,2980,2896,8664.991334,7268.965517,7068.421053,9923.444976,12314.446953,9086.995516,8212.176814,-0.246972,-0.050898,-0.100711,-0.035017,0.541433,0.023566,-0.028072
595800,118.7894,50,Pinky_C3_Open,Pinky,open,3,0.7894,Pinky cycle 3: OPEN,2927,2787,2776,3056,3211,2977,2895,8520.376712,7244.495413,7155.724033,10000.384986,12350.000000,9053.488372,8202.500000,-0.259540,-0.054093,-0.089604,-0.027535,0.545884,0.019792,-0.029218
595850,118.8112,50,Pinky_C3_Open,Pinky,open,3,0.8112,Pinky cycle 3: OPEN,2937,2796,2777,3054,3217,2970,2883,8623.316062,7318.244804,7163.732929,9974.639769,12457.630979,8976.000000,8087.623762,-0.250594,-0.044464,-0.088585,-0.030038,0.559356,0.011064,-0.042813
595900,118.8552,50,Pinky_C3_Open,Pinky,open,3,0.8552,Pinky cycle 3: OPEN,2931,2795,2766,3047,2992,2965,2896,8561.340206,7310.000000,7076.297968,9885.305344,9222.846782,8921.238938,8212.176814,-0.255980,-0.045540,-0.099709,-0.038726,0.154449,0.004895,-0.028072
595950,118.8990,50,Pinky_C3_Open,Pinky,open,3,0.8990,Pinky cycle 3: OPEN,2925,2791,2779,3048,2996,2955,2897,8500.000000,7277.147239,7179.787234,9897.994269,9268.789809,8813.157895,8221.869783,-0.261311,-0.049830,-0.086542,-0.037492,0.160200,-0.007279,-0.026925
596000,119.0510,50,Pinky_C3_Open,Pinky,open,3,1.0510,Pinky cycle 3: OPEN,2933,2797,2792,3111,2997,3015,2889,8581.927711,7326.502311,7285.341520,10749.390244,9280.327869,9491.666667,8144.776119,-0.254191,-0.043386,-0.073113,0.045300,0.161644,0.069149,-0.036049
596050,119.0510,50,Pinky_C3_Open,Pinky,open,3,1.0510,Pinky cycle 3: OPEN,2927,2793,2790,3118,3315,3061,2896,8520.376712,7293.548387,7268.965517,10850.767656,14450.000000,10065.183752,8212.176814,-0.259540,-0.047688,-0.075196,0.055159,0.808746,0.133750,-0.028072
596100,119.0511,50,Pinky_C3_Open,Pinky,open,3,1.0511,Pinky cycle 3: OPEN,2923,2779,2830,3168,3223,3088,2887,8479.692833,7179.787234,7606.324111,11619.417476,12566.743119,10426.216485,8125.662252,-0.263076,-0.062542,-0.032276,0.129904,0.573014,0.174417,-0.038311
596150,119.1381,50,Pinky_C3_Open,Pinky,open,3,1.1381,Pinky cycle 3: OPEN,2933,2783,2825,3132,3083,3201,2904,8581.927711,7212.042683,7562.992126,11057.943925,10357.905138,12173.825503,8290.176322,-0.254191,-0.058331,-0.037788,0.075305,0.296528,0.371269,-0.018841
596200,119.3029,50,Pinky_C3_Open,Pinky,open,3,1.3029,Pinky cycle 3: OPEN,2938,2779,2820,3184,3056,3192,2916,8633.707865,7179.787234,7520.000000,11883.205269,10000.384986,12018.604651,8409.160305,-0.249691,-0.062542,-0.043258,0.155556,0.251776,0.353785,-0.004759
596250,119.3029,50,Pinky_C3_Open,Pinky,open,3,1.3029,Pinky cycle 3: OPEN,2926,2777,2842,3244,3044,3148,2916,8510.179641,7163.732929,7711.731844,12960.752056,9847.383444,11302.217529,8409.160305,-0.260426,-0.064638,-0.018865,0.260339,0.232624,0.273091,-0.004759
596300,119.3030,50,Pinky_C3_Open,Pinky,open,3,1.3030,Pinky cycle 3: OPEN,2931,2787,2838,3305,3030,3177,2907,8561.340206,7244.495413,7676.372315,14224.050633,9673.239437,11766.666667,8319.696970,-0.255980,-0.054093,-0.023364,0.383186,0.210826,0.325407,-0.015347
596350,119.3030,50,Pinky_C3_Open,Pinky,open,3,1.3030,Pinky cycle 3: OPEN,2929,2788,2833,3203,3040,3178,2918,8540.823328,7252.639633,7632.488114,12208.744395,9797.156398,11783.206107,8429.226848,-0.257763,-0.053030,-0.028947,0.187212,0.226337,0.327270,-0.002384
596400,119.3467,50,Pinky_C3_Open,Pinky,open,3,1.3467,Pinky cycle 3: OPEN,2921,2784,2833,3277,3030,3185,2923,8459.454855,7220.137300,7632.488114,13620.782396,9673.239437,11900.000000,8479.692833,-0.264834,-0.057274,-0.028947,0.324523,0.210826,0.340426,0.003589
596450,119.4131,50,Pinky_C3_Open,Pinky,open,3,1.4131,Pinky cycle 3: OPEN,2930,2798,2852,3224,3024,3126,2910,8551.072961,7334.772552,7801.126307,12585.074627,9600.000000,10968.421053,8349.367089,-0.256872,-0.042306,-0.007492,0.223807,0.201658,0.235492,-0.011836
596500,119.5605,50,Pinky_C3_Open,Pinky,open,3,1.5605,Pinky cycle 3: OPEN,2928,2797,2848,3230,3023,3124,2913,8530.591260,7326.502311,7765.196472,12695.953757,9587.873134,10938.825953,8379.187817,-0.258652,-0.043386,-0.012063,0.234590,0.200140,0.232158,-0.008306
596550,119.5606,50,Pinky_C3_Open,Pinky,open,3,1.5606,Pinky cycle 3: OPEN,2914,2784,2839,3228,3028,3105,2913,8389.161727,7220.137300,7685.191083,12658.823529,9648.734770,10663.636364,8379.187817,-0.270943,-0.057274,-0.022242,0.230979,0.207759,0.201161,-0.008306
596600,119.5710,50,Pinky_C3_Open,Pinky,open,3,1.5710,Pinky cycle 3: OPEN,2926,2794,2839,3210,2993,3092,2900,8510.179641,7301.767871,7685.191083,12332.203390,9234.301270,10481.355932,8251.046025,-0.260426,-0.046615,-0.022242,0.199218,0.155883,0.180628,-0.023472
596650,119.6137,50,Pinky_C3_Open,Pinky,open,3,1.6137,Pinky cycle 3: OPEN,2921,2795,2836,3180,2974,3095,2905,8459.454855,7310.000000,7658.776807,11816.393443,9020.160571,10523.000000,8300.000000,-0.264834,-0.045540,-0.025602,0.149059,0.129078,0.185319,-0.017678
596700,119.8151,50,Pinky_C3_Open,Pinky,open,3,1.8151,Pinky cycle 3: OPEN,2912,2782,2838,3173,2989,3067,2902,8369.230769,7203.960396,7676.372315,11700.867679,9188.607595,10143.774319,8270.578374,-0.272675,-0.059386,-0.023364,0.137825,0.150163,0.142603,-0.021160
596750,119.8151,50,Pinky_C3_Open,Pinky,open,3,1.8151,Pinky cycle 3: OPEN,2923,2792,2831,3183,2974,3064,2895,8479.692833,7285.341520,7615.031646,11866.447368,9020.160571,10104.364694,8202.500000,-0.263076,-0.048760,-0.031168,0.153926,0.129078,0.138164,-0.029218
596800,119.8151,50,Pinky_C3_Open,Pinky,open,3,1.8151,Pinky cycle 3: OPEN,2923,2789,2817,3167,2968,3052,2900,8479.692833,7260.796325,7494.366197,11603.232759,8954.037267,9948.993289,8251.046025,-0.263076,-0.051965,-0.046519,0.128330,0.120802,0.120663,-0.023472
596850,119.8152,50,Pinky_C3_Open,Pinky,open,3,1.8152,Pinky cycle 3: OPEN,2908,2780,2837,3174,2973,3054,2900,8329.570345,7187.832700,7667.567568,11717.263844,9009.090909,9974.639769,8251.046025,-0.276122,-0.061492,-0.024484,0.139419,0.127693,0.123551,-0.023472
596900,119.8589,50,Pinky_C3_Open,Pinky,open,3,1.8589,Pinky cycle 3: OPEN,2924,2789,2817,3173,2981,3040,2881,8489.837746,7260.796325,7494.366197,11700.867679,9098.204668,9797.156398,8068.698517,-0.262194,-0.051965,-0.046519,0.137825,0.138847,0.103560,-0.045053
596950,119.9026,50,Pinky_C3_Open,Pinky,open,3,1.9026,Pinky cycle 3: OPEN,2917,2788,2816,3139,2960,3026,2899,8419.185059,7252.639633,7485.848319,11163.807531,8866.960352,9624.321796,8241.304348,-0.268334,-0.053030,-0.047603,0.085600,0.109902,0.084091,-0.024625
597000,120.0742,51,Pinky_C3_Bend,Pinky,bend,3,0.0742,Pinky cycle 3: BEND Pinky,2909,2784,2830,3149,2965,3025,2896,8339.460371,7220.137300,7606.324111,11317.758985,8921.238938,9612.149533,8212.176814,-0.275262,-0.057274,-0.032276,0.100570,0.116696,0.082720,-0.028072
597050,120.0745,51,Pinky_C3_Bend,Pinky,bend,3,0.0745,Pinky cycle 3: BEND Pinky,2922,2793,2819,3146,2970,3027,2875,8469.565217,7293.548387,7511.442006,11271.232877,8976.000000,9636.516854,8012.295082,-0.263956,-0.047688,-0.044347,0.096046,0.123551,0.085465,-0.051729
597100,120.0745,51,Pinky_C3_Bend,Pinky,bend,3,0.0745,Pinky cycle 3: BEND Pinky,2917,2788,2822,3125,2959,3015,2894,8419.185059,7252.639633,7537.156324,10953.608247,8856.161972,9491.666667,8192.839301,-0.268334,-0.053030,-0.041075,0.065159,0.108550,0.069149,-0.030361
597150,120.0961,51,Pinky_C3_Bend,Pinky,bend,3,0.0961,Pinky cycle 3: BEND Pinky,2904,2779,2826,3136,2968,3011,2882,8290.176322,7179.787234,7571.631206,11118.248175,8954.037267,9444.095941,8078.153339,-0.279545,-0.062542,-0.036689,0.081169,0.120802,0.063791,-0.043934
597200,120.1612,51,Pinky_C3_Bend,Pinky,bend,3,0.1612,Pinky cycle 3: BEND Pinky,2915,2790,2836,3137,2965,3002,2872,8399.152542,7268.965517,7658.776807,11133.402923,8921.238938,9338.334858,7984.300899,-0.270075,-0.050898,-0.025602,0.082643,0.116696,0.051878,-0.055042
597250,120.3377,51,Pinky_C3_Bend,Pinky,bend,3,0.3377,Pinky cycle 3: BEND Pinky,2913,2791,2822,3100,2954,2993,2882,8379.187817,7277.147239,7537.156324,10592.964824,8802.453988,9234.301270,8078.153339,-0.271810,-0.049830,-0.041075,0.030089,0.101827,0.040159,-0.043934
597300,120.3378,51,Pinky_C3_Bend,Pinky,bend,3,0.3378,Pinky cycle 3: BEND Pinky,2907,2781,2821,3133,2967,2995,2882,8319.696970,7195.890411,7528.571429,11072.972973,8943.085106,9257.272727,8078.153339,-0.276980,-0.060440,-0.042168,0.076767,0.119431,0.042747,-0.043934
597350,120.3378,51,Pinky_C3_Bend,Pinky,bend,3,0.3378,Pinky cycle 3: BEND Pinky,2913,2793,2816,3125,2959,2994,2874,8379.187817,7293.548387,7485.848319,10953.608247,8856.161972,9245.776567,8002.948403,-0.271810,-0.047688,-0.047603,0.065159,0.108550,0.041452,-0.052835
597400,120.3601,51,Pinky_C3_Bend,Pinky,bend,3,0.3601,Pinky cycle 3: BEND Pinky,2910,2795,2824,3101,2939,2993,2881,8349.367089,7310.000000,7554.366640,10607.042254,8644.117647,9234.301270,8068.698517,-0.274402,-0.045540,-0.038886,0.031458,0.082008,0.040159,-0.045053
597450,120.4151,51,Pinky_C3_Bend,Pinky,bend,3,0.4151,Pinky cycle 3: BEND Pinky,2897,2791,2817,3113,2949,3000,2880,8221.869783,7277.147239,7494.366197,10778.207739,8749.214660,9315.068493,8059.259259,-0.285482,-0.049830,-0.046519,0.048103,0.095163,0.049257,-0.046170
597500,120.5756,51,Pinky_C3_Bend,Pinky,bend,3,0.5756,Pinky cycle 3: BEND Pinky,2909,2803,2822,3110,2944,2992,2867,8339.460371,7376.315789,7537.156324,10735.025381,8696.437880,9222.846782,7937.947883,-0.275262,-0.036882,-0.041075,0.043904,0.088557,0.038869,-0.060528
597550,120.5756,51,Pinky_C3_Bend,Pinky,bend,3,0.5756,Pinky cycle 3: BEND Pinky,2908,2801,2815,3100,2930,2985,2876,8329.570345,7359.659969,7477.343750,10592.964824,8551.072961,9143.243243,8021.657096,-0.276122,-0.039056,-0.048685,0.030089,0.070361,0.029902,-0.050621
597600,120.5757,51,Pinky_C3_Bend,Pinky,bend,3,0.5757,Pinky cycle 3: BEND Pinky,2899,2792,2811,3107,2945,2990,2868,8241.304348,7285.341520,7443.457944,10692.105263,8706.956522,9200.000000,7947.188264,-0.283793,-0.048760,-0.052996,0.039730,0.089874,0.036295,-0.059434
597650,120.6084,51,Pinky_C3_Bend,Pinky,bend,3,0.6084,Pinky cycle 3: BEND Pinky,2909,2802,2819,3110,2944,2987,2864,8339.460371,7367.981439,7511.442006,10735.025381,8696.437880,9165.884477,7910.316816,-0.275262,-0.037970,-0.044347,0.043904,0.088557,0.032453,-0.063798
597700,120.6523,51,Pinky_C3_Bend,Pinky,bend,3,0.6523,Pinky cycle 3: BEND Pinky,2909,2801,2812,3108,2945,2991,2872,8339.460371,7359.659969,7451.909587,10706.382979,8706.956522,9211.413043,7984.300899,-0.275262,-0.039056,-0.051921,0.041118,0.089874,0.037581,-0.055042
597750,120.6957,51,Pinky_C3_Bend,Pinky,bend,3,0.6957,Pinky cycle 3: BEND Pinky,2898,2794,2838,3111,2959,3012,2876,8231.578947,7301.767871,7676.372315,10749.390244,8856.161972,9455.955679,8021.657096,-0.284638,-0.046615,-0.023364,0.045300,0.108550,0.065126,-0.050621
597800,120.8365,51,Pinky_C3_Bend,Pinky,bend,3,0.8365,Pinky cycle 3: BEND Pinky,2912,2800,2828,3117,2944,2993,2875,8369.230769,7351.351351,7588.950276,10836.196319,8696.437880,9234.301270,8012.295082,-0.272675,-0.040141,-0.034486,0.053742,0.088557,0.040159,-0.051729
597850,120.8365,51,Pinky_C3_Bend,Pinky,bend,3,0.8365,Pinky cycle 3: BEND Pinky,2912,2800,2806,3105,2932,3012,2883,8369.230769,7351.351351,7401.396431,10663.636364,8571.625107,9455.955679,8087.623762,-0.272675,-0.040141,-0.058348,0.036961,0.072934,0.065126,-0.042813
597900,120.8470,51,Pinky_C3_Bend,Pinky,bend,3,0.8470,Pinky cycle 3: BEND Pinky,2901,2790,2809,3094,2942,2978,2884,8260.804020,7268.965517,7426.594090,10509.090909,8675.455334,9064.637422,8097.109827,-0.282098,-0.050898,-0.055142,0.021933,0.085931,0.021048,-0.041691
597950,120.9133,51,Pinky_C3_Bend,Pinky,bend,3,0.9133,Pinky cycle 3: BEND Pinky,2915,2800,2814,3107,2929,2989,2874,8399.152542,7351.351351,7468.852459,10692.105263,8540.823328,9188.607595,8002.948403,-0.270075,-0.040141,-0.049766,0.039730,0.069078,0.035012,-0.052835
598000,121.0883,51,Pinky_C3_Bend,Pinky,bend,3,1.0883,Pinky cycle 3: BEND Pinky,2909,2799,2809,3118,2947,2985,2881,8339.460371,7343.055556,7426.594090,10850.767656,8728.048780,9143.243243,8068.698517,-0.275262,-0.041224,-0.055142,0.055159,0.092514,0.029902,-0.045053
598050,121.0884,51,Pinky_C3_Bend,Pinky,bend,3,1.0884,Pinky cycle 3: BEND Pinky,2904,2792,2821,3176,2977,3043,2884,8290.176322,7285.341520,7528.571429,11750.163221,9053.488372,9834.790875,8097.109827,-0.279545,-0.048760,-0.042168,0.142618,0.133250,0.107799,-0.041691
598100,121.0884,51,Pinky_C3_Bend,Pinky,bend,3,1.0884,Pinky cycle 3: BEND Pinky,2917,2797,2835,3205,3030,3030,2875,8419.185059,7326.502311,7650.000000,12243.820225,9673.239437,9673.239437,8012.295082,-0.268334,-0.043386,-0.026719,0.190623,0.210826,0.089601,-0.051729
598150,121.1101,51,Pinky_C3_Bend,Pinky,bend,3,1.1101,Pinky cycle 3: BEND Pinky,2911,2791,2855,3128,3123,3006,2884,8359.290541,7277.147239,7828.225806,10998.138573,10924.074074,9385.123967,8097.109827,-0.273539,-0.049830,-0.004044,0.069489,0.367396,0.057148,-0.041691
598200,121.1534,51,Pinky_C3_Bend,Pinky,bend,3,1.1534,Pinky cycle 3: BEND Pinky,2918,2781,2904,3129,3226,3077,2864,8429.226848,7195.890411,8290.176322,11013.043478,12621.864212,10276.817289,7910.316816,-0.267461,-0.060440,0.054728,0.070939,0.579914,0.157589,-0.063798
598250,121.3374,51,Pinky_C3_Bend,Pinky,bend,3,1.3374,Pinky cycle 3: BEND Pinky,2932,2796,2840,3096,3319,3125,2870,8571.625107,7318.244804,7694.023904,10536.936937,14542.010309,10953.608247,7965.714286,-0.255086,-0.044464,-0.021118,0.024641,0.820263,0.233823,-0.057242
598300,121.3375,51,Pinky_C3_Bend,Pinky,bend,3,1.3375,Pinky cycle 3: BEND Pinky,2929,2794,2860,3065,3302,3090,2880,8540.823328,7301.767871,7873.684211,10117.475728,14157.377049,10453.731343,8059.259259,-0.257763,-0.046615,0.001740,-0.016149,0.772118,0.177517,-0.046170
598350,121.3375,51,Pinky_C3_Bend,Pinky,bend,3,1.3375,Pinky cycle 3: BEND Pinky,2914,2784,2868,3095,3324,3137,2880,8389.161727,7220.137300,7947.188264,10523.000000,14658.365759,11133.402923,8059.259259,-0.270943,-0.057274,0.011091,0.023286,0.834828,0.254075,-0.046170
598400,121.3699,51,Pinky_C3_Bend,Pinky,bend,3,1.3699,Pinky cycle 3: BEND Pinky,2924,2795,2859,3067,3313,3102,2866,8489.837746,7310.000000,7864.563107,10143.774319,14404.347826,10621.148036,7928.722539,-0.262194,-0.045540,0.000579,-0.013591,0.803032,0.196375,-0.061620
598450,121.4026,51,Pinky_C3_Bend,Pinky,bend,3,1.4026,Pinky cycle 3: BEND Pinky,2922,2790,2848,3028,3330,3090,2872,8469.565217,7268.965517,7765.196472,9648.734770,14800.000000,10453.731343,7984.300899,-0.263956,-0.050898,-0.012063,-0.061730,0.852557,0.177517,-0.055042
598500,121.6009,51,Pinky_C3_Bend,Pinky,bend,3,1.6009,Pinky cycle 3: BEND Pinky,2913,2780,2835,3058,3314,3099,2872,8379.187817,7187.832700,7650.000000,10026.229508,14427.144686,10578.915663,7984.300899,-0.271810,-0.061492,-0.026719,-0.025022,0.805885,0.191618,-0.055042
598550,121.6010,51,Pinky_C3_Bend,Pinky,bend,3,1.6010,Pinky cycle 3: BEND Pinky,2924,2789,2842,3075,3306,3076,2858,8489.837746,7260.796325,7711.731844,10250.000000,14246.387833,10263.395486,7855.456750,-0.262194,-0.051965,-0.018865,-0.003262,0.783260,0.156077,-0.070291
598600,121.6010,51,Pinky_C3_Bend,Pinky,bend,3,1.6010,Pinky cycle 3: BEND Pinky,2913,2790,2811,3040,3295,3028,2868,8379.187817,7268.965517,7443.457944,9797.156398,14003.750000,9648.734770,7947.188264,-0.271810,-0.050898,-0.052996,-0.047297,0.752888,0.086841,-0.059434
598650,121.6553,51,Pinky_C3_Bend,Pinky,bend,3,1.6553,Pinky cycle 3: BEND Pinky,2903,2777,2806,3044,3165,3047,2865,8280.369128,7163.732929,7401.396431,9847.383444,11570.967742,9885.305344,7919.512195,-0.280398,-0.064638,-0.058348,-0.042413,0.448370,0.113489,-0.062710
598700,121.6773,51,Pinky_C3_Bend,Pinky,bend,3,1.6773,Pinky cycle 3: BEND Pinky,2922,2785,2802,3048,3012,3068,2856,8469.565217,7228.244275,7367.981439,9897.994269,9455.955679,10156.962025,7837.288136,-0.263956,-0.056215,-0.062599,-0.037492,0.183628,0.144088,-0.072441
598750,121.7105,51,Pinky_C3_Bend,Pinky,bend,3,1.7105,Pinky cycle 3: BEND Pinky,2918,2782,2803,3021,3304,3036,2869,8429.226848,7203.960396,7376.315789,9563.687151,14201.769912,9747.308782,7956.443719,-0.267461,-0.059386,-0.061539,-0.070001,0.777675,0.097945,-0.058339
598800,121.8214,51,Pinky_C3_Bend,Pinky,bend,3,1.8214,Pinky cycle 3: BEND Pinky,2903,2773,2816,3035,3333,3033,2865,8280.369128,7131.770045,7485.848319,9734.905660,14871.653543,9710.169492,7919.512195,-0.280398,-0.068812,-0.047603,-0.053351,0.861526,0.093761,-0.062710
598850,121.8214,51,Pinky_C3_Bend,Pinky,bend,3,1.8214,Pinky cycle 3: BEND Pinky,2913,2779,2812,3018,3321,3021,2852,8379.187817,7179.787234,7451.909587,9527.576602,14588.372093,9563.687151,7801.126307,-0.271810,-0.062542,-0.051921,-0.073512,0.826067,0.077261,-0.076721
598900,121.8542,51,Pinky_C3_Bend,Pinky,bend,3,1.8542,Pinky cycle 3: BEND Pinky,2915,2779,2803,3017,3248,3014,2861,8399.152542,7179.787234,7376.315789,9515.584416,13038.016529,9479.740981,7882.820097,-0.270075,-0.062542,-0.061539,-0.074678,0.632004,0.067806,-0.067052
598950,121.9201,51,Pinky_C3_Bend,Pinky,bend,3,1.9201,Pinky cycle 3: BEND Pinky,2904,2767,2801,3026,3277,3007,2860,8290.176322,7084.186747,7359.659969,9624.321796,13620.782396,9396.875000,7873.684211,-0.279545,-0.075025,-0.063658,-0.064104,0.704951,0.058472,-0.068134
599000,121.9641,51,Pinky_C3_Bend,Pinky,bend,3,1.9641,Pinky cycle 3: BEND Pinky,2912,2778,2809,3024,3274,2994,2848,8369.230769,7171.753986,7426.594090,9600.000000,13558.587089,9245.776567,7765.196472,-0.272675,-0.063591,-0.055142,-0.066469,0.697166,0.041452,-0.080973
599050,122.1061,52,Pinky_C4_Open,Pinky,open,4,0.1061,Pinky cycle 4: OPEN,2908,2781,2805,3010,3278,2994,2859,8329.570345,7195.890411,7393.023256,9432.258065,13641.615667,9245.776567,7864.563107,-0.276122,-0.060440,-0.059413,-0.082781,0.707559,0.041452,-0.069213
599100,122.1065,52,Pinky_C4_Open,Pinky,open,4,0.1065,Pinky cycle 4: OPEN,2897,2770,2830,3011,2997,3009,2856,8221.869783,7107.924528,7606.324111,9444.095941,9280.327869,9420.441989,7837.288136,-0.285482,-0.071925,-0.032276,-0.081630,0.161644,0.061126,-0.072441
599150,122.1287,52,Pinky_C4_Open,Pinky,open,4,0.1287,Pinky cycle 4: OPEN,2908,2777,2795,2996,2982,2993,2843,8329.570345,7163.732929,7310.000000,9268.789809,9109.433962,9234.301270,7720.607029,-0.276122,-0.064638,-0.069976,-0.098677,0.140253,0.040159,-0.086251
599200,122.1500,52,Pinky_C4_Open,Pinky,open,4,0.1500,Pinky cycle 4: OPEN,2905,2771,2794,2975,2973,2988,2860,8300.000000,7115.861027,7301.767871,9031.250000,9009.090909,9177.235772,7873.684211,-0.278692,-0.070889,-0.071023,-0.121776,0.127693,0.033731,-0.068134
599250,122.3709,52,Pinky_C4_Open,Pinky,open,4,0.3709,Pinky cycle 4: OPEN,2894,2768,2822,3017,2981,2987,2879,8192.839301,7092.087415,7537.156324,9515.584416,9098.204668,9165.884477,8049.835526,-0.288004,-0.073993,-0.041075,-0.074678,0.138847,0.032453,-0.047286
599300,122.3710,52,Pinky_C4_Open,Pinky,open,4,0.3710,Pinky cycle 4: OPEN,2904,2775,2847,3013,2981,2990,2870,8290.176322,7147.727273,7756.250000,9467.837338,9098.204668,9200.000000,7965.714286,-0.279545,-0.066728,-0.013201,-0.079321,0.138847,0.036295,-0.057242
599350,122.3710,52,Pinky_C4_Open,Pinky,open,4,0.3710,Pinky cycle 4: OPEN,2905,2778,2836,2999,2962,2992,2880,8300.000000,7171.753986,7658.776807,9303.467153,8888.614298,9222.846782,8059.259259,-0.278692,-0.063591,-0.025602,-0.095305,0.112612,0.038869,-0.046170
599400,122.3711,52,Pinky_C4_Open,Pinky,open,4,0.3711,Pinky cycle 4: OPEN,2895,2769,2834,3010,2975,2991,2883,8202.500000,7100.000000,7641.237113,9432.258065,9031.250000,9211.413043,8087.623762,-0.287165,-0.072960,-0.027834,-0.082781,0.130466,0.037581,-0.042813
599450,122.4253,52,Pinky_C4_Open,Pinky,open,4,0.4253,Pinky cycle 4: OPEN,2908,2778,2835,3004,2967,2992,2877,8329.570345,7171.753986,7650.000000,9361.686526,8943.085106,9222.846782,8031.034483,-0.276122,-0.063591,-0.026719,-0.089644,0.119431,0.038869,-0.049511
599500,122.4691,52,Pinky_C4_Open,Pinky,open,4,0.4691,Pinky cycle 4: OPEN,2905,2775,2825,3007,2958,2997,2893,8300.000000,7147.727273,7562.992126,9396.875000,8845.382586,9280.327869,8183.194676,-0.278692,-0.066728,-0.037788,-0.086222,0.107201,0.045344,-0.031502
599550,122.6090,52,Pinky_C4_Open,Pinky,open,4,0.6090,Pinky cycle 4: OPEN,2896,2763,2821,3032,2969,2991,2886,8212.176814,7052.702703,7528.571429,9697.836312,8965.008881,9211.413043,8116.129032,-0.286324,-0.079135,-0.042168,-0.056956,0.122175,0.037581,-0.039440
599600,122.6091,52,Pinky_C4_Open,Pinky,open,4,0.6091,Pinky cycle 4: OPEN,2906,2773,2815,3026,2963,2998,2872,8309.840202,7131.770045,7477.343750,9624.321796,8899.469965,9291.886964,7984.300899,-0.277837,-0.068812,-0.048685,-0.064104,0.113971,0.046646,-0.055042
599650,122.6199,52,Pinky_C4_Open,Pinky,open,4,0.6199,Pinky cycle 4: OPEN,2908,2773,2807,3025,2954,2996,2884,8329.570345,7131.770045,7409.782609,9612.149533,8802.453988,9268.789809,8097.109827,-0.276122,-0.068812,-0.057281,-0.065288,0.101827,0.044044,-0.041691
599700,122.6528,52,Pinky_C4_Open,Pinky,open,4,0.6528,Pinky cycle 4: OPEN,2896,2762,2812,3019,2960,3002,2886,8212.176814,7044.861215,7451.909587,9539.591078,8866.960352,9338.334858,8116.129032,-0.286324,-0.080159,-0.051921,-0.072344,0.109902,0.051878,-0.039440
599750,122.7178,52,Pinky_C4_Open,Pinky,open,4,0.7178,Pinky cycle 4: OPEN,2902,2774,2821,3013,3013,2995,2874,8270.578374,7139.742619,7528.571429,9467.837338,9467.837338,9257.272727,8002.948403,-0.281249,-0.067771,-0.042168,-0.079321,0.185115,0.042747,-0.052835
599800,122.8684,52,Pinky_C4_Open,Pinky,open,4,0.8684,Pinky cycle 4: OPEN,2904,2774,2806,2967,2955,2998,2884,8290.176322,7139.742619,7401.396431,8943.085106,8813.157895,9291.886964,8097.109827,-0.279545,-0.067771,-0.058348,-0.130350,0.103167,0.046646,-0.041691
599850,122.8685,52,Pinky_C4_Open,Pinky,open,4,0.8685,Pinky cycle 4: OPEN,2896,2769,2816,2986,3195,2997,2885,8212.176814,7100.000000,7485.848319,9154.553652,12070.000000,9280.327869,8106.611570,-0.286324,-0.072960,-0.047603,-0.109786,0.510835,0.045344,-0.040566
599900,122.8795,52,Pinky_C4_Open,Pinky,open,4,0.8795,Pinky cycle 4: OPEN,2904,2782,2780,3000,3023,3007,2876,8290.176322,7203.960396,7187.832700,9315.068493,9587.873134,9396.875000,8021.657096,-0.279545,-0.059386,-0.085519,-0.094177,0.200140,0.058472,-0.050621
599950,122.9228,52,Pinky_C4_Open,Pinky,open,4,0.9228,Pinky cycle 4: OPEN,2903,2780,2802,2998,2960,3013,2887,8280.369128,7187.832700,7367.981439,9291.886964,8866.960352,9467.837338,8125.662252,-0.280398,-0.061492,-0.062599,-0.096431,0.109902,0.066465,-0.038311
600000,122.9766,52,Pinky_C4_Open,Pinky,open,4,0.9766,Pinky cycle 4: OPEN,2897,2771,2815,3031,3222,3044,2888,8221.869783,7115.861027,7477.343750,9685.526316,12548.453608,9847.383444,8135.211268,-0.285482,-0.070889,-0.048685,-0.058153,0.570725,0.109217,-0.037181
600050,123.1258,52,Pinky_C4_Open,Pinky,open,4,1.1258,Pinky cycle 4: OPEN,2906,2786,2815,3138,3212,3063,2872,8309.840202,7236.363636,7477.343750,11148.589342,12367.836920,10091.279070,7984.300899,-0.277837,-0.055155,-0.048685,0.084120,0.548116,0.136690,-0.055042
600100,123.1259,52,Pinky_C4_Open,Pinky,open,4,1.1259,Pinky cycle 4: OPEN,2911,2783,2822,3137,3154,3057,2880,8359.290541,7212.042683,7537.156324,11133.402923,11395.961743,10013.294798,8059.259259,-0.273539,-0.058331,-0.041075,0.082643,0.426464,0.127906,-0.046170
600150,123.1259,52,Pinky_C4_Open,Pinky,open,4,1.1259,Pinky cycle 4: OPEN,2904,2775,2826,3193,3049,3069,2877,8290.176322,7147.727273,7571.631206,12035.698448,9910.707457,10170.175439,8031.034483,-0.279545,-0.066728,-0.036689,0.170385,0.240551,0.145577,-0.049511
600200,123.1687,52,Pinky_C4_Open,Pinky,open,4,1.1687,Pinky cycle 4: OPEN,2908,2785,2826,3164,3008,3059,2865,8329.570345,7228.244275,7571.631206,11554.887218,9408.647654,10039.189189,7919.512195,-0.276122,-0.056215,-0.036689,0.123629,0.177706,0.130822,-0.062710
600250,123.2013,52,Pinky_C4_Open,Pinky,open,4,1.2013,Pinky cycle 4: OPEN,2909,2783,2815,3150,3011,3037,2883,8339.460371,7212.042683,7477.343750,11333.333333,9444.095941,9759.735350,8087.623762,-0.275262,-0.058331,-0.048685,0.102085,0.182144,0.099344,-0.042813
600300,123.4012,52,Pinky_C4_Open,Pinky,open,4,1.4012,Pinky cycle 4: OPEN,2905,2785,2818,3182,3010,3028,2875,8300.000000,7228.244275,7502.897416,11849.726177,9432.258065,9648.734770,8012.295082,-0.278692,-0.056215,-0.045434,0.152300,0.180662,0.086841,-0.051729
600350,123.4013,52,Pinky_C4_Open,Pinky,open,4,1.4013,Pinky cycle 4: OPEN,2917,2793,2818,3188,2982,3051,2865,8419.185059,7293.548387,7502.897416,11950.606395,9109.433962,9936.206897,7919.512195,-0.268334,-0.047688,-0.045434,0.162110,0.140253,0.119222,-0.062710
600400,123.4013,52,Pinky_C4_Open,Pinky,open,4,1.4013,Pinky cycle 4: OPEN,2918,2793,2846,3154,2991,3038,2879,8429.226848,7293.548387,7747.317854,11395.961743,9211.413043,9772.185430,8049.835526,-0.267461,-0.047688,-0.014337,0.108175,0.153018,0.100747,-0.047286
600450,123.4013,52,Pinky_C4_Open,Pinky,open,4,1.4013,Pinky cycle 4: OPEN,2902,2784,2820,3152,2983,3052,2878,8270.578374,7220.137300,7520.000000,11364.581124,9120.683453,9948.993289,8040.427280,-0.281249,-0.057274,-0.043258,0.105123,0.141661,0.120663,-0.048399
600500,123.6385,52,Pinky_C4_Open,Pinky,open,4,1.6385,Pinky cycle 4: OPEN,2916,2793,2824,3170,2977,3045,2861,8409.160305,7293.548387,7554.366640,11651.891892,9053.488372,9860.000000,7882.820097,-0.269205,-0.047688,-0.038886,0.133062,0.133250,0.110638,-0.067052
600550,123.6386,52,Pinky_C4_Open,Pinky,open,4,1.6386,Pinky cycle 4: OPEN,2911,2790,2821,3124,2971,3050,2864,8359.290541,7268.965517,7528.571429,10938.825953,8987.010676,9923.444976,7910.316816,-0.273539,-0.050898,-0.042168,0.063722,0.124929,0.117785,-0.063798
600600,123.6386,52,Pinky_C4_Open,Pinky,open,4,1.6386,Pinky cycle 4: OPEN,2903,2787,2816,3120,2992,3050,2861,8280.369128,7244.495413,7485.848319,10880.000000,9222.846782,9923.444976,7882.820097,-0.280398,-0.054093,-0.047603,0.058001,0.154449,0.117785,-0.067052
600650,123.6387,52,Pinky_C4_Open,Pinky,open,4,1.6387,Pinky cycle 4: OPEN,2907,2795,2810,3133,2978,3041,2852,8319.696970,7310.000000,7435.019455,11072.972973,9064.637422,9809.677419,7801.126307,-0.276980,-0.045540,-0.054070,0.076767,0.134646,0.104970,-0.076721
600700,123.6488,52,Pinky_C4_Open,Pinky,open,4,1.6488,Pinky cycle 4: OPEN,2905,2792,2821,3117,2960,3027,2861,8300.000000,7285.341520,7528.571429,10836.196319,8866.960352,9636.516854,7882.820097,-0.278692,-0.048760,-0.042168,0.053742,0.109902,0.085465,-0.067052
600750,123.7033,52,Pinky_C4_Open,Pinky,open,4,1.7033,Pinky cycle 4: OPEN,2896,2785,2817,3138,2975,3034,2862,8212.176814,7228.244275,7494.366197,11148.589342,9031.250000,9722.525919,7891.970803,-0.286324,-0.056215,-0.046519,0.084120,0.130466,0.095153,-0.065969
600800,123.9048,52,Pinky_C4_Open,Pinky,open,4,1.9048,Pinky cycle 4: OPEN,2907,2797,2811,3108,2966,3027,2850,8319.696970,7326.502311,7443.457944,10706.382979,8932.152347,9636.516854,7783.132530,-0.276980,-0.043386,-0.052996,0.041118,0.118062,0.085465,-0.078851
600850,123.9048,52,Pinky_C4_Open,Pinky,open,4,1.9048,Pinky cycle 4: OPEN,2902,2795,2810,3098,2955,3006,2861,8270.578374,7310.000000,7435.019455,10564.894684,8813.157895,9385.123967,7882.820097,-0.281249,-0.045540,-0.054070,0.027360,0.103167,0.057148,-0.067052
600900,123.9049,52,Pinky_C4_Open,Pinky,open,4,1.9049,Pinky cycle 4: OPEN,2895,2790,2816,3095,2963,3016,2857,8202.500000,7268.965517,7485.848319,10523.000000,8899.469965,9503.614458,7846.365105,-0.287165,-0.050898,-0.047603,0.023286,0.113971,0.070495,-0.071367
600950,123.9271,52,Pinky_C4_Open,Pinky,open,4,1.9271,Pinky cycle 4: OPEN,2907,2794,2810,3124,2963,3015,2847,8319.696970,7301.767871,7435.019455,10938.825953,8899.469965,9491.666667,7756.250000,-0.276980,-0.046615,-0.054070,0.063722,0.113971,0.069149,-0.082032
601000,123.9593,52,Pinky_C4_Open,Pinky,open,4,1.9593,Pinky cycle 4: OPEN,2910,2797,2811,3109,2966,3008,2856,8349.367089,7326.502311,7443.457944,10720.689655,8932.152347,9408.647654,7837.288136,-0.274402,-0.043386,-0.052996,0.042510,0.118062,0.059798,-0.072441
601050,124.0232,53,Pinky_C4_Bend,Pinky,bend,4,0.0232,Pinky cycle 4: BEND Pinky,2905,2786,2815,3120,2926,3011,2855,8300.000000,7236.363636,7477.343750,10880.000000,8510.179641,9444.095941,7828.225806,-0.278692,-0.055155,-0.048685,0.058001,0.065243,0.063791,-0.073514
601100,124.1794,53,Pinky_C4_Bend,Pinky,bend,4,0.1794,Pinky cycle 4: BEND Pinky,2915,2793,2813,3148,2920,3013,2840,8399.152542,7293.548387,7460.374415,11302.217529,8449.361702,9467.837338,7694.023904,-0.270075,-0.047688,-0.050844,0.099059,0.057630,0.066465,-0.089397
601150,124.1794,53,Pinky_C4_Bend,Pinky,bend,4,0.1794,Pinky cycle 4: BEND Pinky,2914,2785,2812,3126,2913,3007,2850,8389.161727,7228.244275,7451.909587,10968.421053,8379.187817,9396.875000,7783.132530,-0.270943,-0.056215,-0.051921,0.066600,0.048846,0.058472,-0.078851
601200,124.1795,53,Pinky_C4_Bend,Pinky,bend,4,0.1795,Pinky cycle 4: BEND Pinky,2904,2778,2811,3134,2925,3007,2851,8290.176322,7171.753986,7443.457944,11088.033299,8500.000000,9396.875000,7792.122186,-0.279545,-0.063591,-0.052996,0.078231,0.063968,0.058472,-0.077787
601250,124.2121,53,Pinky_C4_Bend,Pinky,bend,4,0.2121,Pinky cycle 4: BEND Pinky,2912,2785,2800,3125,2933,3006,2838,8369.230769,7228.244275,7351.351351,10953.608247,8581.927711,9385.123967,7676.372315,-0.272675,-0.056215,-0.064715,0.065159,0.074224,0.057148,-0.091486
601300,124.2563,53,Pinky_C4_Bend,Pinky,bend,4,0.2563,Pinky cycle 4: BEND Pinky,2910,2784,2798,3102,2927,3001,2849,8349.367089,7220.137300,7334.772552,10621.148036,8520.376712,9326.691042,7774.157303,-0.274402,-0.057274,-0.066824,0.032830,0.066519,0.050566,-0.079913
601350,124.4247,53,Pinky_C4_Bend,Pinky,bend,4,0.4247,Pinky cycle 4: BEND Pinky,2904,2773,2801,3093,2933,3011,2849,8290.176322,7131.770045,7359.659969,10495.209581,8581.927711,9444.095941,7774.157303,-0.279545,-0.068812,-0.063658,0.020583,0.074224,0.063791,-0.079913
601400,124.4248,53,Pinky_C4_Bend,Pinky,bend,4,0.4248,Pinky cycle 4: BEND Pinky,2918,2782,2796,3118,2931,3003,2846,8429.226848,7203.960396,7318.244804,10850.767656,8561.340206,9350.000000,7747.317854,-0.267461,-0.059386,-0.068927,0.055159,0.071647,0.053191,-0.083089
601450,124.4358,53,Pinky_C4_Bend,Pinky,bend,4,0.4358,Pinky cycle 4: BEND Pinky,2919,2777,2791,3135,2923,2996,2864,8439.285714,7163.732929,7277.147239,11103.125000,8479.692833,9268.789809,7910.316816,-0.266587,-0.064638,-0.074155,0.079699,0.061427,0.044044,-0.063798
601500,124.4684,53,Pinky_C4_Bend,Pinky,bend,4,0.4684,Pinky cycle 4: BEND Pinky,2901,2770,2796,3133,2928,3009,2854,8260.804020,7107.924528,7318.244804,11072.972973,8530.591260,9420.441989,7819.178082,-0.282098,-0.071925,-0.068927,0.076767,0.067798,0.061126,-0.074585
601550,124.5127,53,Pinky_C4_Bend,Pinky,bend,4,0.5127,Pinky cycle 4: BEND Pinky,2913,2778,2799,3131,2927,3001,2844,8379.187817,7171.753986,7343.055556,11042.946058,8520.376712,9326.691042,7729.496403,-0.271810,-0.063591,-0.065770,0.073847,0.066519,0.050566,-0.085199
601600,124.6747,53,Pinky_C4_Bend,Pinky,bend,4,0.6747,Pinky cycle 4: BEND Pinky,2910,2778,2785,3117,2924,3006,2850,8349.367089,7171.753986,7228.244275,10836.196319,8489.837746,9385.123967,7783.132530,-0.274402,-0.063591,-0.080377,0.053742,0.062696,0.057148,-0.078851
601650,124.6748,53,Pinky_C4_Bend,Pinky,bend,4,0.6748,Pinky cycle 4: BEND Pinky,2903,2769,2800,3119,2926,3004,2849,8280.369128,7100.000000,7351.351351,10865.368852,8510.179641,9361.686526,7774.157303,-0.280398,-0.072960,-0.064715,0.056579,0.065243,0.054508,-0.079913
601700,124.6748,53,Pinky_C4_Bend,Pinky,bend,4,0.6748,Pinky cycle 4: BEND Pinky,2911,2777,2799,3107,2922,3000,2838,8359.290541,7163.732929,7343.055556,10692.105263,8469.565217,9315.068493,7676.372315,-0.273539,-0.064638,-0.065770,0.039730,0.060159,0.049257,-0.091486
601750,124.7082,53,Pinky_C4_Bend,Pinky,bend,4,0.7082,Pinky cycle 4: BEND Pinky,2908,2777,2794,3098,2922,3009,2849,8329.570345,7163.732929,7301.767871,10564.894684,8469.565217,9420.441989,7774.157303,-0.276122,-0.064638,-0.071023,0.027360,0.060159,0.061126,-0.079913
601800,124.7525,53,Pinky_C4_Bend,Pinky,bend,4,0.7525,Pinky cycle 4: BEND Pinky,2906,2768,2798,3107,2926,3003,2847,8309.840202,7092.087415,7334.772552,10692.105263,8510.179641,9350.000000,7756.250000,-0.277837,-0.073993,-0.066824,0.039730,0.065243,0.053191,-0.082032
601850,124.9290,53,Pinky_C4_Bend,Pinky,bend,4,0.9290,Pinky cycle 4: BEND Pinky,2911,2782,2794,3117,2918,2997,2833,8359.290541,7203.960396,7301.767871,10836.196319,8429.226848,9280.327869,7632.488114,-0.273539,-0.059386,-0.071023,0.053742,0.055110,0.045344,-0.096680
601900,124.9291,53,Pinky_C4_Bend,Pinky,bend,4,0.9291,Pinky cycle 4: BEND Pinky,2911,2778,2782,3088,2904,2994,2847,8359.290541,7171.753986,7203.960396,10426.216485,8290.176322,9245.776567,7756.250000,-0.273539,-0.063591,-0.083467,0.013874,0.037704,0.041452,-0.082032
601950,124.9291,53,Pinky_C4_Bend,Pinky,bend,4,0.9291,Pinky cycle 4: BEND Pinky,2900,2769,2815,3125,2940,2992,2855,8251.046025,7100.000000,7477.343750,10953.608247,8654.545455,9222.846782,7828.225806,-0.282946,-0.072960,-0.048685,0.065159,0.083313,0.038869,-0.073514
602000,124.9623,53,Pinky_C4_Bend,Pinky,bend,4,0.9623,Pinky cycle 4: BEND Pinky,2915,2777,2810,3149,2984,3000,2844,8399.152542,7163.732929,7435.019455,11317.758985,9131.953195,9315.068493,7729.496403,-0.270075,-0.064638,-0.054070,0.100570,0.143072,0.049257,-0.085199
602050,125.0060,53,Pinky_C4_Bend,Pinky,bend,4,1.0060,Pinky cycle 4: BEND Pinky,2913,2780,2793,3096,3107,2975,2856,8379.187817,7187.832700,7293.548387,10536.936937,10692.105263,9031.250000,7837.288136,-0.271810,-0.061492,-0.072069,0.024641,0.338360,0.017287,-0.072441
602100,125.1807,53,Pinky_C4_Bend,Pinky,bend,4,1.1807,Pinky cycle 4: BEND Pinky,2903,2763,2814,3093,3135,2956,2853,8280.369128,7052.702703,7468.852459,10495.209581,11103.125000,8823.880597,7810.144928,-0.280398,-0.079135,-0.049766,0.020583,0.389809,-0.006071,-0.075654
602150,125.1808,53,Pinky_C4_Bend,Pinky,bend,4,1.1808,Pinky cycle 4: BEND Pinky,2916,2776,2823,3011,3232,3014,2861,8409.160305,7155.724033,7545.754717,9444.095941,12733.256083,9479.740981,7882.820097,-0.269205,-0.065684,-0.039982,-0.081630,0.593857,0.067806,-0.067052
602200,125.1808,53,Pinky_C4_Bend,Pinky,bend,4,1.1808,Pinky cycle 4: BEND Pinky,2913,2773,2832,3014,3252,3052,2881,8379.187817,7131.770045,7623.752969,9479.740981,13116.014235,9948.993289,8068.698517,-0.271810,-0.068812,-0.030058,-0.078164,0.641768,0.120663,-0.045053
602250,125.2029,53,Pinky_C4_Bend,Pinky,bend,4,1.2029,Pinky cycle 4: BEND Pinky,2906,2765,2834,3015,3266,3032,2862,8309.840202,7068.421053,7641.237113,9491.666667,13394.933655,9697.836312,7891.970803,-0.277837,-0.077083,-0.027834,-0.077004,0.676681,0.092372,-0.065969
602300,125.2577,53,Pinky_C4_Bend,Pinky,bend,4,1.2577,Pinky cycle 4: BEND Pinky,2926,2777,2831,2993,3308,3049,2868,8510.179641,7163.732929,7615.031646,9234.301270,14291.232529,9910.707457,7947.188264,-0.260426,-0.064638,-0.031168,-0.102031,0.788873,0.116350,-0.059434
602350,125.4312,53,Pinky_C4_Bend,Pinky,bend,4,1.4312,Pinky cycle 4: BEND Pinky,2921,2771,2813,3012,3315,3035,2886,8459.454855,7115.861027,7460.374415,9455.955679,14450.000000,9734.905660,8116.129032,-0.264834,-0.070889,-0.050844,-0.080477,0.808746,0.096548,-0.039440
602400,125.4312,53,Pinky_C4_Bend,Pinky,bend,4,1.4312,Pinky cycle 4: BEND Pinky,2914,2765,2808,3009,3287,3047,2877,8389.161727,7068.421053,7418.181818,9420.441989,13831.435644,9885.305344,8031.034483,-0.270943,-0.077083,-0.056212,-0.083930,0.731319,0.113489,-0.049511
602450,125.4312,53,Pinky_C4_Bend,Pinky,bend,4,1.4312,Pinky cycle 4: BEND Pinky,2923,2775,2804,3007,2997,3050,2852,8479.692833,7147.727273,7384.663052,9396.875000,9280.327869,9923.444976,7801.126307,-0.263076,-0.066728,-0.060477,-0.086222,0.161644,0.117785,-0.076721
602500,125.4968,53,Pinky_C4_Bend,Pinky,bend,4,1.4968,Pinky cycle 4: BEND Pinky,2922,2773,2805,3010,3262,3038,2864,8469.565217,7131.770045,7393.023256,9432.258065,13314.285714,9772.185430,7910.316816,-0.263956,-0.068812,-0.059413,-0.082781,0.666586,0.100747,-0.063798
602550,125.5190,53,Pinky_C4_Bend,Pinky,bend,4,1.5190,Pinky cycle 4: BEND Pinky,2908,2761,2804,3026,3332,3080,2863,8329.570345,7037.031484,7384.663052,9624.321796,14847.706422,10317.241379,7901.136364,-0.276122,-0.081182,-0.060477,-0.064104,0.858528,0.162142,-0.064885
602600,125.6914,53,Pinky_C4_Bend,Pinky,bend,4,1.6914,Pinky cycle 4: BEND Pinky,2920,2770,2801,3016,3316,3095,2851,8449.361702,7107.924528,7359.659969,9503.614458,14472.913992,10523.000000,7792.122186,-0.265712,-0.071925,-0.063658,-0.075842,0.811615,0.185319,-0.077787
602650,125.6914,53,Pinky_C4_Bend,Pinky,bend,4,1.6914,Pinky cycle 4: BEND Pinky,2915,2768,2792,3003,2990,3065,2863,8399.152542,7092.087415,7285.341520,9350.000000,9200.000000,10117.475728,7901.136364,-0.270075,-0.073993,-0.073113,-0.090780,0.151589,0.139641,-0.064885
602700,125.6914,53,Pinky_C4_Bend,Pinky,bend,4,1.6914,Pinky cycle 4: BEND Pinky,2907,2757,2809,3007,2973,3024,2862,8319.696970,7005.829596,7426.594090,9396.875000,9009.090909,9600.000000,7891.970803,-0.276980,-0.085256,-0.055142,-0.086222,0.127693,0.081352,-0.065969
602750,125.7135,53,Pinky_C4_Bend,Pinky,bend,4,1.7135,Pinky cycle 4: BEND Pinky,2915,2768,2807,3010,3100,3027,2855,8399.152542,7092.087415,7409.782609,9432.258065,10592.964824,9636.516854,7828.225806,-0.270075,-0.073993,-0.057281,-0.082781,0.325951,0.085465,-0.073514
602800,125.7898,53,Pinky_C4_Bend,Pinky,bend,4,1.7898,Pinky cycle 4: BEND Pinky,2909,2772,2797,3003,2966,2999,2863,8339.460371,7123.809524,7326.502311,9350.000000,8932.152347,9303.467153,7901.136364,-0.275262,-0.069851,-0.067876,-0.090780,0.118062,0.047950,-0.064885
602850,125.9412,53,Pinky_C4_Bend,Pinky,bend,4,1.9412,Pinky cycle 4: BEND Pinky,2903,2760,2801,3012,2969,3017,2863,8280.369128,7029.213483,7359.659969,9455.955679,8965.008881,9515.584416,7901.136364,-0.280398,-0.082202,-0.063658,-0.080477,0.122175,0.071843,-0.064885
602900,125.9413,53,Pinky_C4_Bend,Pinky,bend,4,1.9413,Pinky cycle 4: BEND Pinky,2911,2766,2800,3011,2966,3029,2853,8359.290541,7076.297968,7351.351351,9444.095941,8932.152347,9660.975610,7810.144928,-0.273539,-0.076055,-0.064715,-0.081630,0.118062,0.088220,-0.075654
602950,125.9413,53,Pinky_C4_Bend,Pinky,bend,4,1.9413,Pinky cycle 4: BEND Pinky,2908,2764,2788,2996,3000,3009,2862,8329.570345,7060.555973,7252.639633,9268.789809,9315.068493,9420.441989,7891.970803,-0.276122,-0.078110,-0.077273,-0.098677,0.165993,0.061126,-0.065969
603000,125.9525,53,Pinky_C4_Bend,Pinky,bend,4,1.9525,Pinky cycle 4: BEND Pinky,2897,2760,2798,3000,2966,2997,2863,8221.869783,7029.213483,7334.772552,9315.068493,8932.152347,9280.327869,7901.136364,-0.285482,-0.082202,-0.066824,-0.094177,0.118062,0.045344,-0.064885
603050,126.0144,54,Pinky_C5_Open,Pinky,open,5,0.0144,Pinky cycle 5: OPEN,2908,2767,2805,2973,2979,2975,2848,8329.570345,7084.186747,7393.023256,9009.090909,9075.806452,9031.250000,7765.196472,-0.276122,-0.075025,-0.059413,-0.123931,0.136044,0.017287,-0.080973
603100,126.2132,54,Pinky_C5_Open,Pinky,open,5,0.2132,Pinky cycle 5: OPEN,2904,2767,2789,2965,2952,2957,2862,8290.176322,7084.186747,7260.796325,8921.238938,8781.102362,8834.622144,7891.970803,-0.279545,-0.075025,-0.076236,-0.132474,0.099155,-0.004861,-0.065969
603150,126.2133,54,Pinky_C5_Open,Pinky,open,5,0.2133,Pinky cycle 5: OPEN,2894,2756,2799,2965,2962,2976,2856,8192.839301,6998.058252,7343.055556,8921.238938,8888.614298,9042.359249,7837.288136,-0.288004,-0.086270,-0.065770,-0.132474,0.112612,0.018539,-0.072441
603200,126.2133,54,Pinky_C5_Open,Pinky,open,5,0.2133,Pinky cycle 5: OPEN,2905,2770,2801,2962,2971,2981,2846,8300.000000,7107.924528,7359.659969,8888.614298,8987.010676,9098.204668,7747.317854,-0.278692,-0.071925,-0.063658,-0.135647,0.124929,0.024829,-0.083089
603250,126.2133,54,Pinky_C5_Open,Pinky,open,5,0.2133,Pinky cycle 5: OPEN,2901,2764,2793,2960,2956,2963,2860,8260.804020,7060.555973,7293.548387,8866.960352,8823.880597,8899.469965,7873.684211,-0.282098,-0.078110,-0.072069,-0.137752,0.104509,0.002443,-0.068134
603300,126.2459,54,Pinky_C5_Open,Pinky,open,5,0.2459,Pinky cycle 5: OPEN,2896,2754,2801,2976,2967,2986,2855,8212.176814,6982.550336,7359.659969,9042.359249,8943.085106,9154.553652,7828.225806,-0.286324,-0.088295,-0.063658,-0.120696,0.119431,0.031176,-0.073514
603350,126.3126,54,Pinky_C5_Open,Pinky,open,5,0.3126,Pinky cycle 5: OPEN,2903,2764,2793,2975,2965,2991,2844,8280.369128,7060.555973,7293.548387,9031.250000,8921.238938,9211.413043,7729.496403,-0.280398,-0.078110,-0.072069,-0.121776,0.116696,0.037581,-0.085199
603400,126.4494,54,Pinky_C5_Open,Pinky,open,5,0.4494,Pinky cycle 5: OPEN,2904,2766,2801,2973,2961,2984,2860,8290.176322,7076.297968,7359.659969,9009.090909,8877.777778,9131.953195,7873.684211,-0.279545,-0.076055,-0.063658,-0.123931,0.111256,0.028631,-0.068134
603450,126.4495,54,Pinky_C5_Open,Pinky,open,5,0.4495,Pinky cycle 5: OPEN,2896,2757,2808,2970,2984,2966,2849,8212.176814,7005.829596,7418.181818,8976.000000,9131.953195,8932.152347,7774.157303,-0.286324,-0.085256,-0.056212,-0.127149,0.143072,0.006125,-0.079913
603500,126.4709,54,Pinky_C5_Open,Pinky,open,5,0.4709,Pinky cycle 5: OPEN,2898,2767,2805,2958,2968,2936,2843,8231.578947,7084.186747,7393.023256,8845.382586,8954.037267,8612.942192,7720.607029,-0.284638,-0.075025,-0.059413,-0.139851,0.120802,-0.029831,-0.086251
603550,126.5038,54,Pinky_C5_Open,Pinky,open,5,0.5038,Pinky cycle 5: OPEN,2898,2766,2789,2937,2960,2933,2855,8231.578947,7076.297968,7260.796325,8623.316062,8866.960352,8581.927711,7828.225806,-0.284638,-0.076055,-0.076236,-0.161445,0.109902,-0.033325,-0.073514
603600,126.5581,54,Pinky_C5_Open,Pinky,open,5,0.5581,Pinky cycle 5: OPEN,2891,2756,2791,2944,2970,2913,2847,8163.953488,6998.058252,7277.147239,8696.437880,8976.000000,8379.187817,7756.250000,-0.290515,-0.086270,-0.074155,-0.154334,0.123551,-0.056162,-0.082032
603650,126.7051,54,Pinky_C5_Open,Pinky,open,5,0.7051,Pinky cycle 5: OPEN,2903,2768,2789,2947,2970,2911,2839,8280.369128,7092.087415,7260.796325,8728.048780,8976.000000,8359.290541,7685.191083,-0.280398,-0.073993,-0.076236,-0.151260,0.123551,-0.058403,-0.090442
603700,126.7052,54,Pinky_C5_Open,Pinky,open,5,0.7052,Pinky cycle 5: OPEN,2902,2768,2786,2932,2962,2939,2855,8270.578374,7092.087415,7236.363636,8571.625107,8888.614298,8644.117647,7828.225806,-0.281249,-0.073993,-0.079344,-0.166471,0.112612,-0.026320,-0.073514
603750,126.7052,54,Pinky_C5_Open,Pinky,open,5,0.7052,Pinky cycle 5: OPEN,2894,2760,2795,2943,2973,2967,2850,8192.839301,7029.213483,7310.000000,8685.937500,9009.090909,8943.085106,7783.132530,-0.288004,-0.082202,-0.069976,-0.155355,0.127693,0.007356,-0.078851
603800,126.7706,54,Pinky_C5_Open,Pinky,open,5,0.7706,Pinky cycle 5: OPEN,2899,2766,2800,2958,2969,2955,2840,8241.304348,7076.297968,7351.351351,8845.382586,8965.008881,8813.157895,7694.023904,-0.283793,-0.076055,-0.064715,-0.139851,0.122175,-0.007279,-0.089397
603850,126.9700,54,Pinky_C5_Open,Pinky,open,5,0.9700,Pinky cycle 5: OPEN,2901,2768,2792,2990,3230,2968,2857,8260.804020,7092.087415,7285.341520,9200.000000,12695.953757,8954.037267,7846.365105,-0.282098,-0.073993,-0.073113,-0.105367,0.589188,0.008590,-0.071367
603900,126.9700,54,Pinky_C5_Open,Pinky,open,5,0.9700,Pinky cycle 5: OPEN,2903,2757,2763,3094,3224,3040,2865,8280.369128,7005.829596,7052.702703,10509.090909,12585.074627,9797.156398,7919.512195,-0.280398,-0.085256,-0.102711,0.021933,0.575308,0.103560,-0.062710
603950,126.9701,54,Pinky_C5_Open,Pinky,open,5,0.9701,Pinky cycle 5: OPEN,2908,2765,2818,3143,3160,3032,2857,8329.570345,7068.421053,7502.897416,11225.000000,11490.909091,9697.836312,7846.365105,-0.276122,-0.077083,-0.045434,0.091550,0.438349,0.092372,-0.071367
604000,126.9701,54,Pinky_C5_Open,Pinky,open,5,0.9701,Pinky cycle 5: OPEN,2911,2768,2807,3129,3020,3015,2878,8359.290541,7092.087415,7409.782609,11013.043478,9551.627907,9491.666667,8040.427280,-0.273539,-0.073993,-0.057281,0.070939,0.195604,0.069149,-0.048399
604050,127.0139,54,Pinky_C5_Open,Pinky,open,5,1.0139,Pinky cycle 5: OPEN,2901,2761,2818,3169,3028,3009,2870,8260.804020,7037.031484,7502.897416,11635.637149,9648.734770,9420.441989,7965.714286,-0.282098,-0.081182,-0.045434,0.131482,0.207759,0.061126,-0.057242
604100,127.0793,54,Pinky_C5_Open,Pinky,open,5,1.0793,Pinky cycle 5: OPEN,2911,2777,2785,3127,2998,3002,2859,8359.290541,7163.732929,7228.244275,10983.264463,9291.886964,9338.334858,7864.563107,-0.273539,-0.064638,-0.080377,0.068043,0.163091,0.051878,-0.069213
604150,127.2274,54,Pinky_C5_Open,Pinky,open,5,1.2274,Pinky cycle 5: OPEN,2913,2788,2769,3166,2965,2994,2865,8379.187817,7252.639633,7100.000000,11587.082885,8921.238938,9245.776567,7919.512195,-0.271810,-0.053030,-0.096693,0.126760,0.116696,0.041452,-0.062710
604200,127.2275,54,Pinky_C5_Open,Pinky,open,5,1.2275,Pinky cycle 5: OPEN,2904,2792,2767,3113,2966,3007,2864,8290.176322,7285.341520,7084.186747,10778.207739,8932.152347,9396.875000,7910.316816,-0.279545,-0.048760,-0.098705,0.048103,0.118062,0.058472,-0.063798
604250,127.2275,54,Pinky_C5_Open,Pinky,open,5,1.2275,Pinky cycle 5: OPEN,2912,2807,2777,3122,2965,2984,2852,8369.230769,7409.782609,7163.732929,10909.352518,8921.238938,9131.953195,7801.126307,-0.272675,-0.032512,-0.088585,0.060856,0.116696,0.028631,-0.076721
604300,127.2812,54,Pinky_C5_Open,Pinky,open,5,1.2812,Pinky cycle 5: OPEN,2917,2798,2767,3131,2959,3002,2858,8419.185059,7334.772552,7084.186747,11042.946058,8856.161972,9338.334858,7855.456750,-0.268334,-0.042306,-0.098705,0.073847,0.108550,0.051878,-0.070291
604350,127.3135,54,Pinky_C5_Open,Pinky,open,5,1.3135,Pinky cycle 5: OPEN,2903,2786,2769,3141,2954,3009,2855,8280.369128,7236.363636,7100.000000,11194.339623,8802.453988,9420.441989,7828.225806,-0.280398,-0.055155,-0.096693,0.088569,0.101827,0.061126,-0.073514
604400,127.4685,54,Pinky_C5_Open,Pinky,open,5,1.4685,Pinky cycle 5: OPEN,2916,2783,2784,3094,2970,3011,2841,8409.160305,7212.042683,7220.137300,10509.090909,8976.000000,9444.095941,7702.870813,-0.269205,-0.058331,-0.081409,0.021933,0.123551,0.063791,-0.088350
604450,127.4686,54,Pinky_C5_Open,Pinky,open,5,1.4686,Pinky cycle 5: OPEN,2917,2786,2766,3067,2950,2989,2856,8419.185059,7236.363636,7076.297968,10143.774319,8759.825328,9188.607595,7837.288136,-0.268334,-0.055155,-0.099709,-0.013591,0.096491,0.035012,-0.072441
604500,127.4686,54,Pinky_C5_Open,Pinky,open,5,1.4686,Pinky cycle 5: OPEN,2899,2775,2777,3066,2955,2971,2852,8241.304348,7147.727273,7163.732929,10130.612245,8813.157895,8987.010676,7801.126307,-0.283793,-0.066728,-0.088585,-0.014871,0.103167,0.012304,-0.076721
604550,127.5236,54,Pinky_C5_Open,Pinky,open,5,1.5236,Pinky cycle 5: OPEN,2911,2782,2772,3054,2958,2960,2842,8359.290541,7203.960396,7123.809524,9974.639769,8845.382586,8866.960352,7711.731844,-0.273539,-0.059386,-0.093664,-0.030038,0.107201,-0.001218,-0.087301
604600,127.5674,54,Pinky_C5_Open,Pinky,open,5,1.5674,Pinky cycle 5: OPEN,2907,2779,2771,3039,2957,2967,2856,8319.696970,7179.787234,7115.861027,9784.659091,8834.622144,8943.085106,7837.288136,-0.276980,-0.062542,-0.094675,-0.048513,0.105854,0.007356,-0.072441
604650,127.7396,54,Pinky_C5_Open,Pinky,open,5,1.7396,Pinky cycle 5: OPEN,2901,2779,2768,3038,2952,3000,2853,8260.804020,7179.787234,7092.087415,9772.185430,8781.102362,9315.068493,7810.144928,-0.282098,-0.062542,-0.097700,-0.049726,0.099155,0.049257,-0.075654
604700,127.7396,54,Pinky_C5_Open,Pinky,open,5,1.7396,Pinky cycle 5: OPEN,2915,2801,2764,3040,2951,2978,2849,8399.152542,7359.659969,7060.555973,9797.156398,8770.454545,9064.637422,7774.157303,-0.270075,-0.039056,-0.101712,-0.047297,0.097822,0.021048,-0.079913
604750,127.7397,54,Pinky_C5_Open,Pinky,open,5,1.7397,Pinky cycle 5: OPEN,2916,2804,2752,3029,2944,2971,2863,8409.160305,7384.663052,6967.088608,9660.975610,8696.437880,8987.010676,7901.136364,-0.269205,-0.035792,-0.113603,-0.060540,0.088557,0.012304,-0.064885
604800,127.7826,54,Pinky_C5_Open,Pinky,open,5,1.7826,Pinky cycle 5: OPEN,2905,2802,2759,3038,2959,2982,2875,8300.000000,7367.981439,7021.407186,9772.185430,8856.161972,9109.433962,8012.295082,-0.278692,-0.037970,-0.106692,-0.049726,0.108550,0.026094,-0.051729
604850,127.8039,54,Pinky_C5_Open,Pinky,open,5,1.8039,Pinky cycle 5: OPEN,2920,2805,2740,3037,2961,2959,2866,8449.361702,7393.023256,6875.276753,9759.735350,8877.777778,8856.161972,7928.722539,-0.265712,-0.034700,-0.125284,-0.050936,0.111256,-0.002435,-0.061620
604900,127.9831,54,Pinky_C5_Open,Pinky,open,5,1.9831,Pinky cycle 5: OPEN,2922,2805,2749,3036,2946,2943,2873,8469.565217,7393.023256,6943.982169,9747.308782,8717.493473,8685.937500,7993.617021,-0.263956,-0.034700,-0.116543,-0.052145,0.091193,-0.021609,-0.053939
604950,127.9832,54,Pinky_C5_Open,Pinky,open,5,1.9832,Pinky cycle 5: OPEN,2912,2806,2776,3041,2960,2956,2873,8369.230769,7401.396431,7155.724033,9809.677419,8866.960352,8823.880597,7993.617021,-0.272675,-0.033607,-0.089604,-0.046080,0.109902,-0.006071,-0.053939
605000,127.9832,54,Pinky_C5_Open,Pinky,open,5,1.9832,Pinky cycle 5: OPEN,2921,2805,2790,3055,2954,2952,2859,8459.454855,7393.023256,7268.965517,9987.500000,8802.453988,8781.102362,7864.563107,-0.264834,-0.034700,-0.075196,-0.028788,0.101827,-0.010890,-0.069213
605050,128.0131,55,Pinky_C5_Bend,Pinky,bend,5,0.0131,Pinky cycle 5: BEND Pinky,2919,2809,2778,3061,2955,2938,2862,8439.285714,7426.594090,7171.753986,10065.183752,8813.157895,8633.707865,7891.970803,-0.266587,-0.030317,-0.087564,-0.021234,0.103167,-0.027492,-0.065969
605100,128.0682,55,Pinky_C5_Bend,Pinky,bend,5,0.0682,Pinky cycle 5: BEND Pinky,2899,2805,2770,3057,2963,2939,2856,8241.304348,7393.023256,7107.924528,10013.294798,8899.469965,8644.117647,7837.288136,-0.283793,-0.034700,-0.095685,-0.026280,0.113971,-0.026320,-0.072441
605150,128.2452,55,Pinky_C5_Bend,Pinky,bend,5,0.2452,Pinky cycle 5: BEND Pinky,2907,2805,2773,3087,2956,2948,2844,8319.696970,7393.023256,7131.770045,10412.500000,8823.880597,8738.622493,7729.496403,-0.276980,-0.034700,-0.092651,0.012540,0.104509,-0.015675,-0.085199
605200,128.2453,55,Pinky_C5_Bend,Pinky,bend,5,0.2453,Pinky cycle 5: BEND Pinky,2907,2808,2767,3055,2943,2943,2855,8319.696970,7418.181818,7084.186747,9987.500000,8685.937500,8685.937500,7828.225806,-0.276980,-0.031415,-0.098705,-0.028788,0.087243,-0.021609,-0.073514
605250,128.2453,55,Pinky_C5_Bend,Pinky,bend,5,0.2453,Pinky cycle 5: BEND Pinky,2894,2798,2769,3059,2955,2947,2848,8192.839301,7334.772552,7100.000000,10039.189189,8813.157895,8728.048780,7765.196472,-0.288004,-0.042306,-0.096693,-0.023761,0.103167,-0.016866,-0.080973
605300,128.2778,55,Pinky_C5_Bend,Pinky,bend,5,0.2778,Pinky cycle 5: BEND Pinky,2903,2801,2772,3060,2950,2948,2843,8280.369128,7359.659969,7123.809524,10052.173913,8759.825328,8738.622493,7720.607029,-0.280398,-0.039056,-0.093664,-0.022499,0.096491,-0.015675,-0.086251
605350,128.3212,55,Pinky_C5_Bend,Pinky,bend,5,0.3212,Pinky cycle 5: BEND Pinky,2903,2802,2763,3033,2939,2939,2852,8280.369128,7367.981439,7052.702703,9710.169492,8644.117647,8644.117647,7801.126307,-0.280398,-0.037970,-0.102711,-0.055756,0.082008,-0.026320,-0.076721
605400,128.3545,55,Pinky_C5_Bend,Pinky,bend,5,0.3545,Pinky cycle 5: BEND Pinky,2894,2790,2758,3045,2961,2937,2851,8192.839301,7268.965517,7013.612565,9860.000000,8877.777778,8623.316062,7792.122186,-0.288004,-0.050898,-0.107684,-0.041186,0.111256,-0.028663,-0.077787
605450,128.4912,55,Pinky_C5_Bend,Pinky,bend,5,0.4912,Pinky cycle 5: BEND Pinky,2900,2800,2737,3035,2952,2935,2837,8251.046025,7351.351351,6852.577320,9734.905660,8781.102362,8602.586207,7667.567568,-0.282946,-0.040141,-0.128172,-0.053351,0.099155,-0.030998,-0.092528
605500,128.4913,55,Pinky_C5_Bend,Pinky,bend,5,0.4913,Pinky cycle 5: BEND Pinky,2896,2798,2730,3015,2957,2937,2848,8212.176814,7334.772552,6800.000000,9491.666667,8834.622144,8623.316062,7765.196472,-0.286324,-0.042306,-0.134861,-0.077004,0.105854,-0.028663,-0.080973
605550,128.5127,55,Pinky_C5_Bend,Pinky,bend,5,0.5127,Pinky cycle 5: BEND Pinky,2884,2795,2764,3022,2975,2945,2852,8097.109827,7310.000000,7060.555973,9575.768872,9031.250000,8706.956522,7801.126307,-0.296324,-0.045540,-0.101712,-0.068826,0.130466,-0.019241,-0.076721
605600,128.5786,55,Pinky_C5_Bend,Pinky,bend,5,0.5786,Pinky cycle 5: BEND Pinky,2892,2799,2764,3022,2920,2939,2841,8173.566085,7343.055556,7060.555973,9575.768872,8449.361702,8644.117647,7702.870813,-0.289679,-0.041224,-0.101712,-0.068826,0.057630,-0.026320,-0.088350
605650,128.5999,55,Pinky_C5_Bend,Pinky,bend,5,0.5999,Pinky cycle 5: BEND Pinky,2888,2798,2753,3012,2908,2935,2850,8135.211268,7334.772552,6974.813711,9455.955679,8329.570345,8602.586207,7783.132530,-0.293013,-0.042306,-0.112620,-0.080477,0.042635,-0.030998,-0.078851
605700,128.7441,55,Pinky_C5_Bend,Pinky,bend,5,0.7441,Pinky cycle 5: BEND Pinky,2883,2790,2754,3025,2918,2948,2848,8087.623762,7268.965517,6982.550336,9612.149533,8429.226848,8738.622493,7765.196472,-0.297148,-0.050898,-0.111636,-0.065288,0.055110,-0.015675,-0.080973
605750,128.7442,55,Pinky_C5_Bend,Pinky,bend,5,0.7442,Pinky cycle 5: BEND Pinky,2890,2797,2758,3003,2916,2942,2835,8154.356846,7326.502311,7013.612565,9350.000000,8409.160305,8675.455334,7650.000000,-0.291349,-0.043386,-0.107684,-0.090780,0.052598,-0.022790,-0.094607
605800,128.7551,55,Pinky_C5_Bend,Pinky,bend,5,0.7551,Pinky cycle 5: BEND Pinky,2888,2799,2760,3023,2911,2934,2851,8135.211268,7343.055556,7029.213483,9587.873134,8359.290541,8592.248062,7792.122186,-0.293013,-0.041224,-0.105699,-0.067649,0.046355,-0.032162,-0.077787
605850,128.7989,55,Pinky_C5_Bend,Pinky,bend,5,0.7989,Pinky cycle 5: BEND Pinky,2882,2788,2768,3042,2921,2937,2852,8078.153339,7252.639633,7092.087415,9822.222222,8459.454855,8623.316062,7801.126307,-0.297971,-0.053030,-0.097700,-0.044860,0.058893,-0.028663,-0.076721
605900,129.0027,55,Pinky_C5_Bend,Pinky,bend,5,1.0027,Pinky cycle 5: BEND Pinky,2891,2794,2765,3104,2920,2942,2844,8163.953488,7301.767871,7068.421053,10649.445005,8449.361702,8675.455334,7729.496403,-0.290515,-0.046615,-0.100711,0.035581,0.057630,-0.022790,-0.085199
605950,129.0028,55,Pinky_C5_Bend,Pinky,bend,5,1.0028,Pinky cycle 5: BEND Pinky,2892,2790,2789,3144,2938,2980,2857,8173.566085,7268.965517,7260.796325,11240.378549,8633.707865,9086.995516,7846.365105,-0.289679,-0.050898,-0.076236,0.093045,0.080705,0.023566,-0.071367
606000,129.0028,55,Pinky_C5_Bend,Pinky,bend,5,1.0028,Pinky cycle 5: BEND Pinky,2884,2775,2828,3093,3089,2964,2861,8097.109827,7147.727273,7588.950276,10495.209581,10439.960239,8910.344828,7882.820097,-0.296324,-0.066728,-0.034486,0.020583,0.306799,0.003668,-0.067052
606050,129.0244,55,Pinky_C5_Bend,Pinky,bend,5,1.0244,Pinky cycle 5: BEND Pinky,2895,2781,2821,3034,3181,2941,2845,8202.500000,7195.890411,7528.571429,9722.525919,11833.041575,8664.991334,7738.400000,-0.287165,-0.060440,-0.042168,-0.054555,0.481174,-0.023968,-0.084145
606100,129.0681,55,Pinky_C5_Bend,Pinky,bend,5,1.0681,Pinky cycle 5: BEND Pinky,2902,2785,2805,3018,3299,3015,2852,8270.578374,7228.244275,7393.023256,9527.576602,14091.206030,9491.666667,7801.126307,-0.281249,-0.056215,-0.059413,-0.073512,0.763835,0.069149,-0.076721
606150,129.1109,55,Pinky_C5_Bend,Pinky,bend,5,1.1109,Pinky cycle 5: BEND Pinky,2897,2777,2831,2995,3312,3035,2868,8221.869783,7163.732929,7615.031646,9257.272727,14381.609195,9734.905660,7947.188264,-0.285482,-0.064638,-0.031168,-0.099797,0.800186,0.096548,-0.059434
606200,129.2601,55,Pinky_C5_Bend,Pinky,bend,5,1.2601,Pinky cycle 5: BEND Pinky,2903,2794,2859,2994,3275,3088,2842,8280.369128,7301.767871,7864.563107,9245.776567,13579.268293,10426.216485,7711.731844,-0.280398,-0.046615,0.000579,-0.100915,0.699754,0.174417,-0.087301
606250,129.2601,55,Pinky_C5_Bend,Pinky,bend,5,1.2601,Pinky cycle 5: BEND Pinky,2902,2795,2842,2986,3270,3036,2863,8270.578374,7310.000000,7711.731844,9154.553652,13476.363636,9747.308782,7901.136364,-0.281249,-0.045540,-0.018865,-0.109786,0.686874,0.097945,-0.064885
606300,129.2602,55,Pinky_C5_Bend,Pinky,bend,5,1.2602,Pinky cycle 5: BEND Pinky,2894,2784,2832,2983,3315,3029,2855,8192.839301,7220.137300,7623.752969,9120.683453,14450.000000,9660.975610,7828.225806,-0.288004,-0.057274,-0.030058,-0.113080,0.808746,0.088220,-0.073514
606350,129.3371,55,Pinky_C5_Bend,Pinky,bend,5,1.3371,Pinky cycle 5: BEND Pinky,2907,2793,2845,2985,2970,3027,2840,8319.696970,7293.548387,7738.400000,9143.243243,8976.000000,9636.516854,7694.023904,-0.276980,-0.047688,-0.015472,-0.110886,0.123551,0.085465,-0.089397
606400,129.3699,55,Pinky_C5_Bend,Pinky,bend,5,1.3699,Pinky cycle 5: BEND Pinky,2907,2798,2841,2980,2972,3022,2861,8319.696970,7334.772552,7702.870813,9086.995516,8998.040962,9575.768872,7882.820097,-0.276980,-0.042306,-0.019992,-0.116355,0.126310,0.078622,-0.067052
606450,129.5240,55,Pinky_C5_Bend,Pinky,bend,5,1.5240,Pinky cycle 5: BEND Pinky,2899,2785,2827,2973,2982,3052,2860,8241.304348,7228.244275,7580.283912,9009.090909,9109.433962,9948.993289,7873.684211,-0.283793,-0.056215,-0.035589,-0.123931,0.140253,0.120663,-0.068134
606500,129.5241,55,Pinky_C5_Bend,Pinky,bend,5,1.5241,Pinky cycle 5: BEND Pinky,2907,2796,2836,2992,3011,3024,2839,8319.696970,7318.244804,7658.776807,9222.846782,9444.095941,9600.000000,7685.191083,-0.276980,-0.044464,-0.025602,-0.103145,0.182144,0.081352,-0.090442
606550,129.5241,55,Pinky_C5_Bend,Pinky,bend,5,1.5241,Pinky cycle 5: BEND Pinky,2903,2794,2817,2964,2959,3002,2849,8280.369128,7301.767871,7494.366197,8910.344828,8856.161972,9338.334858,7774.157303,-0.280398,-0.046615,-0.046519,-0.133533,0.108550,0.051878,-0.079913
606600,129.5455,55,Pinky_C5_Bend,Pinky,bend,5,1.5455,Pinky cycle 5: BEND Pinky,2894,2784,2822,2972,2970,3002,2847,8192.839301,7220.137300,7537.156324,8998.040962,8976.000000,9338.334858,7756.250000,-0.288004,-0.057274,-0.041075,-0.125006,0.123551,0.051878,-0.082032
606650,129.7721,55,Pinky_C5_Bend,Pinky,bend,5,1.7721,Pinky cycle 5: BEND Pinky,2899,2791,2814,2989,2974,3005,2833,8241.304348,7277.147239,7468.852459,9188.607595,9020.160571,9373.394495,7632.488114,-0.283793,-0.049830,-0.049766,-0.106474,0.129078,0.055827,-0.096680
606700,129.7722,55,Pinky_C5_Bend,Pinky,bend,5,1.7722,Pinky cycle 5: BEND Pinky,2896,2790,2813,2986,2960,2984,2846,8212.176814,7268.965517,7460.374415,9154.553652,8866.960352,9131.953195,7747.317854,-0.286324,-0.050898,-0.050844,-0.109786,0.109902,0.028631,-0.083089
606750,129.7722,55,Pinky_C5_Bend,Pinky,bend,5,1.7722,Pinky cycle 5: BEND Pinky,2888,2783,2825,3032,2965,2983,2844,8135.211268,7212.042683,7562.992126,9697.836312,8921.238938,9120.683453,7729.496403,-0.293013,-0.058331,-0.037788,-0.056956,0.116696,0.027361,-0.085199
606800,129.7722,55,Pinky_C5_Bend,Pinky,bend,5,1.7722,Pinky cycle 5: BEND Pinky,2897,2789,2816,3021,2964,2982,2832,8221.869783,7260.796325,7485.848319,9563.687151,8910.344828,9109.433962,7623.752969,-0.285482,-0.051965,-0.047603,-0.070001,0.115332,0.026094,-0.097713
606850,129.8151,55,Pinky_C5_Bend,Pinky,bend,5,1.8151,Pinky cycle 5: BEND Pinky,2895,2788,2814,3042,2952,2976,2845,8202.500000,7252.639633,7468.852459,9822.222222,8781.102362,9042.359249,7738.400000,-0.287165,-0.053030,-0.049766,-0.044860,0.099155,0.018539,-0.084145
606900,129.8805,55,Pinky_C5_Bend,Pinky,bend,5,1.8805,Pinky cycle 5: BEND Pinky,2889,2776,2819,3039,2969,2983,2846,8144.776119,7155.724033,7511.442006,9784.659091,8965.008881,9120.683453,7747.317854,-0.292181,-0.065684,-0.044347,-0.048513,0.122175,0.027361,-0.083089
606950,130.0430,56,Final_Open_Recovery,None,final_open,0,0.0430,OPEN HAND - final recovery,2899,2790,2817,2990,3099,2982,2833,8241.304348,7268.965517,7494.366197,9200.000000,10578.915663,9109.433962,7632.488114,-0.283793,-0.050898,-0.046519,-0.105367,0.324192,0.026094,-0.096680
607000,130.0433,56,Final_Open_Recovery,None,final_open,0,0.0433,OPEN HAND - final recovery,2899,2791,2806,2958,3073,2962,2846,8241.304348,7277.147239,7401.396431,8845.382586,10223.287671,8888.614298,7747.317854,-0.283793,-0.049830,-0.058348,-0.139851,0.279677,0.001221,-0.083089
607050,130.0434,56,Final_Open_Recovery,None,final_open,0,0.0434,OPEN HAND - final recovery,2895,2777,2822,2956,2958,2946,2842,8202.500000,7163.732929,7537.156324,8823.880597,8845.382586,8717.493473,7711.731844,-0.287165,-0.064638,-0.041075,-0.141941,0.107201,-0.018055,-0.087301
607100,130.0754,56,Final_Open_Recovery,None,final_open,0,0.0754,OPEN HAND - final recovery,2901,2784,2808,2944,2949,2950,2832,8260.804020,7220.137300,7418.181818,8696.437880,8749.214660,8759.825328,7623.752969,-0.282098,-0.057274,-0.056212,-0.154334,0.095163,-0.013286,-0.097713
607150,130.1087,56,Final_Open_Recovery,None,final_open,0,0.1087,OPEN HAND - final recovery,2899,2783,2801,2940,3059,2914,2842,8241.304348,7212.042683,7359.659969,8654.545455,10039.189189,8389.161727,7711.731844,-0.283793,-0.058331,-0.063658,-0.158408,0.256633,-0.055038,-0.087301
607200,130.2927,56,Final_Open_Recovery,None,final_open,0,0.2927,OPEN HAND - final recovery,2892,2772,2807,2948,2944,2925,2844,8173.566085,7123.809524,7409.782609,8738.622493,8696.437880,8500.000000,7729.496403,-0.289679,-0.069851,-0.057281,-0.150232,0.088557,-0.042553,-0.085199
607250,130.2928,56,Final_Open_Recovery,None,final_open,0,0.2928,OPEN HAND - final recovery,2904,2782,2812,2944,2944,2914,2831,8290.176322,7203.960396,7451.909587,8696.437880,8696.437880,8389.161727,7615.031646,-0.279545,-0.059386,-0.051921,-0.154334,0.088557,-0.055038,-0.098746
607300,130.2929,56,Final_Open_Recovery,None,final_open,0,0.2929,OPEN HAND - final recovery,2902,2780,2794,2932,2960,2915,2843,8270.578374,7187.832700,7301.767871,8571.625107,8866.960352,8399.152542,7720.607029,-0.281249,-0.061492,-0.071023,-0.166471,0.109902,-0.053913,-0.086251
607350,130.3149,56,Final_Open_Recovery,None,final_open,0,0.3149,OPEN HAND - final recovery,2896,2770,2803,2947,3084,2917,2841,8212.176814,7107.924528,7376.315789,8728.048780,10371.513353,8419.185059,7702.870813,-0.286324,-0.071925,-0.061539,-0.151260,0.298231,-0.051656,-0.088350
607400,130.3590,56,Final_Open_Recovery,None,final_open,0,0.3590,OPEN HAND - final recovery,2906,2784,2799,2944,3167,2919,2832,8309.840202,7220.137300,7343.055556,8696.437880,11603.232759,8439.285714,7623.752969,-0.277837,-0.057274,-0.065770,-0.154334,0.452409,-0.049392,-0.097713
607450,130.5279,56,Final_Open_Recovery,None,final_open,0,0.5279,OPEN HAND - final recovery,2901,2783,2800,2933,2940,2907,2845,8260.804020,7212.042683,7351.351351,8581.927711,8654.545455,8319.696970,7738.400000,-0.282098,-0.058331,-0.064715,-0.165470,0.083313,-0.062863,-0.084145
607500,130.5280,56,Final_Open_Recovery,None,final_open,0,0.5280,OPEN HAND - final recovery,2894,2770,2801,2946,2948,2897,2844,8192.839301,7107.924528,7359.659969,8717.493473,8738.622493,8221.869783,7729.496403,-0.288004,-0.071925,-0.063658,-0.152287,0.093837,-0.073882,-0.085199
607550,130.5280,56,Final_Open_Recovery,None,final_open,0,0.5280,OPEN HAND - final recovery,2904,2782,2812,2943,2945,2896,2833,8290.176322,7203.960396,7451.909587,8685.937500,8706.956522,8212.176814,7632.488114,-0.279545,-0.059386,-0.051921,-0.155355,0.089874,-0.074974,-0.096680
607600,130.5820,56,Final_Open_Recovery,None,final_open,0,0.5820,OPEN HAND - final recovery,2902,2784,2803,2942,2942,2897,2845,8270.578374,7220.137300,7376.315789,8675.455334,8675.455334,8221.869783,7738.400000,-0.281249,-0.057274,-0.061539,-0.156375,0.085931,-0.073882,-0.084145
607650,130.6251,56,Final_Open_Recovery,None,final_open,0,0.6251,OPEN HAND - final recovery,2891,2769,2796,2952,2944,2908,2845,8163.953488,7100.000000,7318.244804,8781.102362,8696.437880,8329.570345,7738.400000,-0.290515,-0.072960,-0.068927,-0.146101,0.088557,-0.061751,-0.084145
607700,130.7574,56,Final_Open_Recovery,None,final_open,0,0.7574,OPEN HAND - final recovery,2901,2780,2800,2951,3059,2894,2836,8260.804020,7187.832700,7351.351351,8770.454545,10039.189189,8192.839301,7658.776807,-0.282098,-0.061492,-0.064715,-0.147137,0.256633,-0.077152,-0.093568
607750,130.7574,56,Final_Open_Recovery,None,final_open,0,0.7574,OPEN HAND - final recovery,2903,2777,2796,2954,2929,2883,2847,8280.369128,7163.732929,7318.244804,8802.453988,8540.823328,8087.623762,7756.250000,-0.280398,-0.064638,-0.068927,-0.144025,0.069078,-0.089004,-0.082032
607800,130.7685,56,Final_Open_Recovery,None,final_open,0,0.7685,OPEN HAND - final recovery,2896,2769,2804,2967,2941,2893,2848,8212.176814,7100.000000,7384.663052,8943.085106,8664.991334,8183.194676,7765.196472,-0.286324,-0.072960,-0.060477,-0.130350,0.084621,-0.078238,-0.080973
607850,130.8235,56,Final_Open_Recovery,None,final_open,0,0.8235,OPEN HAND - final recovery,2906,2779,2803,2958,2940,2900,2833,8309.840202,7179.787234,7376.315789,8845.382586,8654.545455,8251.046025,7632.488114,-0.277837,-0.062542,-0.061539,-0.139851,0.083313,-0.070596,-0.096680
607900,130.8667,56,Final_Open_Recovery,None,final_open,0,0.8667,OPEN HAND - final recovery,2905,2780,2799,2943,2928,2893,2844,8300.000000,7187.832700,7343.055556,8685.937500,8530.591260,8183.194676,7729.496403,-0.278692,-0.061492,-0.065770,-0.155355,0.067798,-0.078238,-0.085199
607950,130.8998,56,Final_Open_Recovery,None,final_open,0,0.8998,OPEN HAND - final recovery,2899,2768,2791,2957,2937,2919,2842,8241.304348,7092.087415,7277.147239,8834.622144,8623.316062,8439.285714,7711.731844,-0.283793,-0.073993,-0.074155,-0.140897,0.079404,-0.049392,-0.087301
608000,131.0268,56,Final_Open_Recovery,None,final_open,0,1.0268,OPEN HAND - final recovery,2912,2780,2801,2986,2941,2944,2836,8369.230769,7187.832700,7359.659969,9154.553652,8664.991334,8696.437880,7658.776807,-0.272675,-0.061492,-0.063658,-0.109786,0.084621,-0.020426,-0.093568
608050,131.0268,56,Final_Open_Recovery,None,final_open,0,1.0268,OPEN HAND - final recovery,2914,2783,2799,3013,3274,3001,2852,8389.161727,7212.042683,7343.055556,9467.837338,13558.587089,9326.691042,7801.126307,-0.270943,-0.058331,-0.065770,-0.079321,0.697166,0.050566,-0.076721
608100,131.0485,56,Final_Open_Recovery,None,final_open,0,1.0485,OPEN HAND - final recovery,2898,2769,2798,3193,3253,3037,2848,8231.578947,7100.000000,7334.772552,12035.698448,13135.629454,9759.735350,7765.196472,-0.284638,-0.072960,-0.066824,0.170385,0.644223,0.099344,-0.080973
608150,131.1248,56,Final_Open_Recovery,None,final_open,0,1.1248,OPEN HAND - final recovery,2915,2775,2819,3247,3170,3059,2843,8399.152542,7147.727273,7511.442006,13018.632075,11651.891892,10039.189189,7720.607029,-0.270075,-0.066728,-0.044347,0.265968,0.458499,0.130822,-0.086251
608200,131.2985,56,Final_Open_Recovery,None,final_open,0,1.2985,OPEN HAND - final recovery,2913,2771,2812,3204,3118,3054,2860,8379.187817,7115.861027,7451.909587,12226.262626,10850.767656,9974.639769,7873.684211,-0.271810,-0.070889,-0.051921,0.188916,0.358220,0.123551,-0.068134
608250,131.2986,56,Final_Open_Recovery,None,final_open,0,1.2986,OPEN HAND - final recovery,2902,2766,2818,3216,3039,3054,2862,8270.578374,7076.297968,7502.897416,12439.590444,9784.659091,9974.639769,7891.970803,-0.281249,-0.076055,-0.045434,0.209660,0.224773,0.123551,-0.065969
608300,131.2986,56,Final_Open_Recovery,None,final_open,0,1.2986,OPEN HAND - final recovery,2911,2768,2829,3237,2996,3128,2843,8359.290541,7092.087415,7597.630332,12827.272727,9268.789809,10998.138573,7720.607029,-0.273539,-0.073993,-0.033382,0.247359,0.160200,0.238839,-0.086251
608350,131.3205,56,Final_Open_Recovery,None,final_open,0,1.3205,OPEN HAND - final recovery,2915,2770,2798,3237,2983,3085,2866,8399.152542,7107.924528,7334.772552,12827.272727,9120.683453,10385.148515,7928.722539,-0.270075,-0.071925,-0.066824,0.247359,0.141661,0.169791,-0.061620
608400,131.3645,56,Final_Open_Recovery,None,final_open,0,1.3645,OPEN HAND - final recovery,2908,2759,2782,3198,2991,3056,2861,8329.570345,7021.407186,7203.960396,12121.739130,9211.413043,10000.384986,7882.820097,-0.276122,-0.083222,-0.083467,0.178751,0.153018,0.126451,-0.067052
608450,131.4083,56,Final_Open_Recovery,None,final_open,0,1.4083,OPEN HAND - final recovery,2917,2770,2822,3202,2981,3029,2868,8419.185059,7107.924528,7537.156324,12191.265398,9098.204668,9660.975610,7947.188264,-0.268334,-0.071925,-0.041075,0.185512,0.138847,0.088220,-0.059434
608500,131.5481,56,Final_Open_Recovery,None,final_open,0,1.5481,OPEN HAND - final recovery,2913,2769,2808,3210,2961,3023,2876,8379.187817,7100.000000,7418.181818,12332.203390,8877.777778,9587.873134,8021.657096,-0.271810,-0.072960,-0.056212,0.199218,0.111256,0.079986,-0.050621
608550,131.5482,56,Final_Open_Recovery,None,final_open,0,1.5482,OPEN HAND - final recovery,2908,2760,2809,3215,2969,3061,2873,8329.570345,7029.213483,7426.594090,12421.590909,8965.008881,10065.183752,7993.617021,-0.276122,-0.082202,-0.055142,0.207910,0.122175,0.133750,-0.053939
608600,131.5692,56,Final_Open_Recovery,None,final_open,0,1.5692,OPEN HAND - final recovery,2917,2768,2821,3201,2963,3067,2863,8419.185059,7092.087415,7528.571429,12173.825503,8899.469965,10143.774319,7901.136364,-0.268334,-0.073993,-0.042168,0.183816,0.113971,0.142603,-0.064885
608650,131.6018,56,Final_Open_Recovery,None,final_open,0,1.6018,OPEN HAND - final recovery,2914,2767,2823,3178,2951,3038,2862,8389.161727,7084.186747,7545.754717,11783.206107,8770.454545,9772.185430,7891.970803,-0.270943,-0.075025,-0.039982,0.145832,0.097822,0.100747,-0.065969
608700,131.6454,56,Final_Open_Recovery,None,final_open,0,1.6454,OPEN HAND - final recovery,2902,2759,2818,3174,2956,3045,2859,8270.578374,7021.407186,7502.897416,11717.263844,8823.880597,9860.000000,7864.563107,-0.281249,-0.083222,-0.045434,0.139419,0.104509,0.110638,-0.069213
608750,131.8076,56,Final_Open_Recovery,None,final_open,0,1.8076,OPEN HAND - final recovery,2911,2767,2814,3176,2960,3051,2847,8359.290541,7084.186747,7468.852459,11750.163221,8866.960352,9936.206897,7756.250000,-0.273539,-0.075025,-0.049766,0.142618,0.109902,0.119222,-0.082032
608800,131.8077,56,Final_Open_Recovery,None,final_open,0,1.8077,OPEN HAND - final recovery,2909,2768,2809,3179,2947,3066,2854,8339.460371,7092.087415,7426.594090,11799.781659,8728.048780,10130.612245,7819.178082,-0.275262,-0.073993,-0.055142,0.147443,0.092514,0.141120,-0.074585
608850,131.8188,56,Final_Open_Recovery,None,final_open,0,1.8188,OPEN HAND - final recovery,2901,2761,2813,3161,2962,3073,2855,8260.804020,7037.031484,7460.374415,11506.852248,8888.614298,10223.287671,7828.225806,-0.282098,-0.081182,-0.050844,0.118958,0.112612,0.151559,-0.073514
608900,131.8724,56,Final_Open_Recovery,None,final_open,0,1.8724,OPEN HAND - final recovery,2914,2768,2813,3169,2955,3051,2840,8389.161727,7092.087415,7460.374415,11635.637149,8813.157895,9936.206897,7694.023904,-0.270943,-0.073993,-0.050844,0.131482,0.103167,0.119222,-0.089397
608950,131.9050,56,Final_Open_Recovery,None,final_open,0,1.9050,OPEN HAND - final recovery,2916,2768,2798,3172,2952,3033,2856,8409.160305,7092.087415,7334.772552,11684.507042,8781.102362,9710.169492,7837.288136,-0.269205,-0.073993,-0.066824,0.136234,0.099155,0.093761,-0.072441
609000,132.0675,56,Final_Open_Recovery,None,final_open,0,2.0675,OPEN HAND - final recovery,2905,2759,2811,3172,2964,3057,2856,8300.000000,7021.407186,7443.457944,11684.507042,8910.344828,10013.294798,7837.288136,-0.278692,-0.083222,-0.052996,0.136234,0.115332,0.127906,-0.072441
609050,132.0676,56,Final_Open_Recovery,None,final_open,0,2.0676,OPEN HAND - final recovery,2918,2766,2812,3178,2963,3057,2864,8429.226848,7076.297968,7451.909587,11783.206107,8899.469965,10013.294798,7910.316816,-0.267461,-0.076055,-0.051921,0.145832,0.113971,0.127906,-0.063798
609100,132.0676,56,Final_Open_Recovery,None,final_open,0,2.0676,OPEN HAND - final recovery,2917,2769,2805,3155,2958,3031,2868,8419.185059,7100.000000,7393.023256,11411.702128,8845.382586,9685.526316,7947.188264,-0.268334,-0.072960,-0.059413,0.109705,0.107201,0.090985,-0.059434
609150,132.1109,56,Final_Open_Recovery,None,final_open,0,2.1109,OPEN HAND - final recovery,2912,2757,2798,3183,2959,3039,2865,8369.230769,7005.829596,7334.772552,11866.447368,8856.161972,9784.659091,7919.512195,-0.272675,-0.085256,-0.066824,0.153926,0.108550,0.102152,-0.062710
609200,132.1762,56,Final_Open_Recovery,None,final_open,0,2.1762,OPEN HAND - final recovery,2917,2766,2801,3169,2961,3049,2861,8419.185059,7076.297968,7359.659969,11635.637149,8877.777778,9910.707457,7882.820097,-0.268334,-0.076055,-0.063658,0.131482,0.111256,0.116350,-0.067052
609250,132.3292,56,Final_Open_Recovery,None,final_open,0,2.3292,OPEN HAND - final recovery,2915,2767,2800,3162,2950,3030,2871,8399.152542,7084.186747,7351.351351,11522.829582,8759.825328,9673.239437,7975.000000,-0.270075,-0.075025,-0.064715,0.120512,0.096491,0.089601,-0.056143
609300,132.3292,56,Final_Open_Recovery,None,final_open,0,2.3292,OPEN HAND - final recovery,2905,2756,2794,3161,2951,3030,2878,8300.000000,6998.058252,7301.767871,11506.852248,8770.454545,9673.239437,8040.427280,-0.278692,-0.086270,-0.071023,0.118958,0.097822,0.089601,-0.048399
609350,132.3293,56,Final_Open_Recovery,None,final_open,0,2.3293,OPEN HAND - final recovery,2916,2769,2799,3169,2957,3035,2864,8409.160305,7100.000000,7343.055556,11635.637149,8834.622144,9734.905660,7910.316816,-0.269205,-0.072960,-0.065770,0.131482,0.105854,0.096548,-0.063798
609400,132.3507,56,Final_Open_Recovery,None,final_open,0,2.3507,OPEN HAND - final recovery,2914,2768,2791,3136,2944,3029,2873,8389.161727,7092.087415,7277.147239,11118.248175,8696.437880,9660.975610,7993.617021,-0.270943,-0.073993,-0.074155,0.081169,0.088557,0.088220,-0.053939
609450,132.4161,56,Final_Open_Recovery,None,final_open,0,2.4161,OPEN HAND - final recovery,2908,2755,2790,3163,2958,3025,2872,8329.570345,6990.298507,7268.965517,11538.841202,8845.382586,9612.149533,7984.300899,-0.276122,-0.087283,-0.075196,0.122069,0.107201,0.082720,-0.055042
609500,132.5878,56,Final_Open_Recovery,None,final_open,0,2.5878,OPEN HAND - final recovery,2920,2766,2787,3165,2957,3034,2863,8449.361702,7076.297968,7244.495413,11570.967742,8834.622144,9722.525919,7901.136364,-0.265712,-0.076055,-0.078310,0.125193,0.105854,0.095153,-0.064885
609550,132.5878,56,Final_Open_Recovery,None,final_open,0,2.5878,OPEN HAND - final recovery,2920,2765,2778,3151,2946,3031,2875,8449.361702,7068.421053,7171.753986,11348.940678,8717.493473,9685.526316,8012.295082,-0.265712,-0.077083,-0.087564,0.103602,0.091193,0.090985,-0.051729
609600,132.5878,56,Final_Open_Recovery,None,final_open,0,2.5878,OPEN HAND - final recovery,2912,2758,2782,3151,2948,3034,2872,8369.230769,7013.612565,7203.960396,11348.940678,8738.622493,9722.525919,7984.300899,-0.272675,-0.084239,-0.083467,0.103602,0.093837,0.095153,-0.055042
609650,132.6201,56,Final_Open_Recovery,None,final_open,0,2.6201,OPEN HAND - final recovery,2923,2767,2780,3155,2955,3021,2863,8479.692833,7084.186747,7187.832700,11411.702128,8813.157895,9563.687151,7901.136364,-0.263076,-0.075025,-0.085519,0.109705,0.103167,0.077261,-0.064885
609700,132.6525,56,Final_Open_Recovery,None,final_open,0,2.6525,OPEN HAND - final recovery,2921,2766,2790,3141,2938,3032,2870,8459.454855,7076.297968,7268.965517,11194.339623,8633.707865,9697.836312,7965.714286,-0.264834,-0.076055,-0.075196,0.088569,0.080705,0.092372,-0.057242
609750,132.8474,56,Final_Open_Recovery,None,final_open,0,2.8474,OPEN HAND - final recovery,2915,2756,2792,3131,2944,3035,2867,8399.152542,6998.058252,7285.341520,11042.946058,8696.437880,9734.905660,7937.947883,-0.270075,-0.086270,-0.073113,0.073847,0.088557,0.096548,-0.060528
609800,132.8475,56,Final_Open_Recovery,None,final_open,0,2.8475,OPEN HAND - final recovery,2923,2768,2793,3139,2950,3025,2862,8479.692833,7092.087415,7293.548387,11163.807531,8759.825328,9612.149533,7891.970803,-0.263076,-0.073993,-0.072069,0.085600,0.096491,0.082720,-0.065969
609850,132.8475,56,Final_Open_Recovery,None,final_open,0,2.8475,OPEN HAND - final recovery,2922,2765,2785,3126,2935,3013,2870,8469.565217,7068.421053,7228.244275,10968.421053,8602.586207,9467.837338,7965.714286,-0.263956,-0.077083,-0.080377,0.066600,0.076809,0.066465,-0.057242
609900,132.8691,56,Final_Open_Recovery,None,final_open,0,2.8691,OPEN HAND - final recovery,2914,2758,2787,3149,2943,3027,2866,8389.161727,7013.612565,7244.495413,11317.758985,8685.937500,9636.516854,7928.722539,-0.270943,-0.084239,-0.078310,0.100570,0.087243,0.085465,-0.061620
609950,132.9233,56,Final_Open_Recovery,None,final_open,0,2.9233,OPEN HAND - final recovery,2924,2768,2786,3129,2939,3022,2860,8489.837746,7092.087415,7236.363636,11013.043478,8644.117647,9575.768872,7873.684211,-0.262194,-0.073993,-0.079344,0.070939,0.082008,0.078622,-0.068134
610000,133.1096,56,Final_Open_Recovery,None,final_open,0,3.1096,OPEN HAND - final recovery,2921,2770,2786,3105,2928,3013,2865,8459.454855,7107.924528,7236.363636,10663.636364,8530.591260,9467.837338,7919.512195,-0.264834,-0.071925,-0.079344,0.036961,0.067798,0.066465,-0.062710
610050,133.1097,56,Final_Open_Recovery,None,final_open,0,3.1097,OPEN HAND - final recovery,2915,2763,2788,3115,2934,3002,2869,8399.152542,7052.702703,7252.639633,10807.142857,8592.248062,9338.334858,7956.443719,-0.270075,-0.079135,-0.077273,0.050916,0.075515,0.051878,-0.058339
610100,133.1097,56,Final_Open_Recovery,None,final_open,0,3.1097,OPEN HAND - final recovery,2922,2772,2792,3123,2911,3006,2860,8469.565217,7123.809524,7285.341520,10924.074074,8359.290541,9385.123967,7873.684211,-0.263956,-0.069851,-0.073113,0.062287,0.046355,0.057148,-0.068134
610150,133.1302,56,Final_Open_Recovery,None,final_open,0,3.1302,OPEN HAND - final recovery,2923,2771,2781,3117,2928,3010,2866,8479.692833,7115.861027,7195.890411,10836.196319,8530.591260,9432.258065,7928.722539,-0.263076,-0.070889,-0.084493,0.053742,0.067798,0.062457,-0.061620
610200,133.1850,56,Final_Open_Recovery,None,final_open,0,3.1850,OPEN HAND - final recovery,2914,2764,2783,3099,2944,3000,2866,8389.161727,7060.555973,7212.042683,10578.915663,8696.437880,9315.068493,7928.722539,-0.270943,-0.078110,-0.082438,0.028723,0.088557,0.049257,-0.061620
610250,133.2062,56,Final_Open_Recovery,None,final_open,0,3.2062,OPEN HAND - final recovery,2922,2771,2783,3101,2943,2993,2861,8469.565217,7115.861027,7212.042683,10607.042254,8685.937500,9234.301270,7882.820097,-0.263956,-0.070889,-0.082438,0.031458,0.087243,0.040159,-0.067052
610300,133.3651,56,Final_Open_Recovery,None,final_open,0,3.3651,OPEN HAND - final recovery,2927,2768,2777,3112,2940,2992,2869,8520.376712,7092.087415,7163.732929,10763.784334,8654.545455,9222.846782,7956.443719,-0.259540,-0.073993,-0.088585,0.046700,0.083313,0.038869,-0.058339
610350,133.3651,56,Final_Open_Recovery,None,final_open,0,3.3651,OPEN HAND - final recovery,2911,2764,2774,3116,2953,2999,2868,8359.290541,7060.555973,7139.742619,10821.654750,8791.768827,9303.467153,7947.188264,-0.273539,-0.078110,-0.091637,0.052328,0.100490,0.047950,-0.059434
610400,133.3760,56,Final_Open_Recovery,None,final_open,0,3.3760,OPEN HAND - final recovery,2921,2771,2772,3139,2939,2991,2858,8459.454855,7115.861027,7123.809524,11163.807531,8644.117647,9211.413043,7855.456750,-0.264834,-0.070889,-0.093664,0.085600,0.082008,0.037581,-0.070291
610450,133.4088,56,Final_Open_Recovery,None,final_open,0,3.4088,OPEN HAND - final recovery,2918,2770,2774,3109,2923,2986,2868,8429.226848,7107.924528,7139.742619,10720.689655,8479.692833,9154.553652,7947.188264,-0.267461,-0.071925,-0.091637,0.042510,0.061427,0.031176,-0.059434
610500,133.4635,56,Final_Open_Recovery,None,final_open,0,3.4635,OPEN HAND - final recovery,2908,2762,2775,3114,2942,3007,2866,8329.570345,7044.861215,7147.727273,10792.660550,8675.455334,9396.875000,7928.722539,-0.276122,-0.080159,-0.090621,0.049508,0.085931,0.058472,-0.061620
610550,133.6309,56,Final_Open_Recovery,None,final_open,0,3.6309,OPEN HAND - final recovery,2923,2771,2775,3119,2909,3002,2855,8479.692833,7115.861027,7147.727273,10865.368852,8339.460371,9338.334858,7828.225806,-0.263076,-0.070889,-0.090621,0.056579,0.043873,0.051878,-0.073514
610600,133.6310,56,Final_Open_Recovery,None,final_open,0,3.6310,OPEN HAND - final recovery,2917,2769,2774,3124,2929,2996,2866,8419.185059,7100.000000,7139.742619,10938.825953,8540.823328,9268.789809,7928.722539,-0.268334,-0.072960,-0.091637,0.063722,0.069078,0.044044,-0.061620
610650,133.6310,56,Final_Open_Recovery,None,final_open,0,3.6310,OPEN HAND - final recovery,2909,2764,2770,3136,2896,2995,2864,8339.460371,7060.555973,7107.924528,11118.248175,8212.176814,9257.272727,7910.316816,-0.275262,-0.078110,-0.095685,0.081169,0.027941,0.042747,-0.063798
610700,133.6746,56,Final_Open_Recovery,None,final_open,0,3.6746,OPEN HAND - final recovery,2916,2769,2770,3136,2907,2994,2854,8409.160305,7100.000000,7107.924528,11118.248175,8319.696970,9245.776567,7819.178082,-0.269205,-0.072960,-0.095685,0.081169,0.041399,0.041452,-0.074585
610750,133.8775,56,Final_Open_Recovery,None,final_open,0,3.8775,OPEN HAND - final recovery,2918,2768,2768,3116,2907,2990,2864,8429.226848,7092.087415,7092.087415,10821.654750,8319.696970,9200.000000,7910.316816,-0.267461,-0.073993,-0.097700,0.052328,0.041399,0.036295,-0.063798
610800,133.8776,56,Final_Open_Recovery,None,final_open,0,3.8776,OPEN HAND - final recovery,2910,2759,2767,3120,2941,2995,2863,8349.367089,7021.407186,7084.186747,10880.000000,8664.991334,9257.272727,7901.136364,-0.274402,-0.083222,-0.098705,0.058001,0.084621,0.042747,-0.064885
610850,133.8776,56,Final_Open_Recovery,None,final_open,0,3.8776,OPEN HAND - final recovery,2922,2768,2769,3118,2926,3004,2858,8469.565217,7092.087415,7100.000000,10850.767656,8510.179641,9361.686526,7855.456750,-0.263956,-0.073993,-0.096693,0.055159,0.065243,0.054508,-0.070291
610900,133.8776,56,Final_Open_Recovery,None,final_open,0,3.8776,OPEN HAND - final recovery,2921,2768,2769,3095,2893,2994,2865,8459.454855,7092.087415,7100.000000,10523.000000,8183.194676,9245.776567,7919.512195,-0.264834,-0.073993,-0.096693,0.023286,0.024313,0.041452,-0.062710
610950,133.9094,56,Final_Open_Recovery,None,final_open,0,3.9094,OPEN HAND - final recovery,2910,2761,2770,3112,2936,2999,2864,8349.367089,7037.031484,7107.924528,10763.784334,8612.942192,9303.467153,7910.316816,-0.274402,-0.081182,-0.095685,0.046700,0.078106,0.047950,-0.063798
611000,133.9746,56,Final_Open_Recovery,None,final_open,0,3.9746,OPEN HAND - final recovery,2923,2768,2771,3109,2931,2996,2854,8479.692833,7092.087415,7115.861027,10720.689655,8561.340206,9268.789809,7819.178082,-0.263076,-0.073993,-0.094675,0.042510,0.071647,0.044044,-0.074585
611050,134.1387,56,Final_Open_Recovery,None,final_open,0,4.1387,OPEN HAND - final recovery,2918,2769,2766,3104,2897,2994,2864,8429.226848,7100.000000,7076.297968,10649.445005,8221.869783,9245.776567,7910.316816,-0.267461,-0.072960,-0.099709,0.035581,0.029154,0.041452,-0.063798
611100,134.1387,56,Final_Open_Recovery,None,final_open,0,4.1387,OPEN HAND - final recovery,2912,2761,2771,3113,2933,2998,2862,8369.230769,7037.031484,7115.861027,10778.207739,8581.927711,9291.886964,7891.970803,-0.272675,-0.081182,-0.094675,0.048103,0.074224,0.046646,-0.065969
611150,134.1388,56,Final_Open_Recovery,None,final_open,0,4.1388,OPEN HAND - final recovery,2926,2770,2770,3095,2936,2990,2858,8510.179641,7107.924528,7107.924528,10523.000000,8612.942192,9200.000000,7855.456750,-0.260426,-0.071925,-0.095685,0.023286,0.078106,0.036295,-0.070291
611200,134.1711,56,Final_Open_Recovery,None,final_open,0,4.1711,OPEN HAND - final recovery,2924,2771,2765,3097,2922,2990,2865,8489.837746,7115.861027,7068.421053,10550.901804,8469.565217,9200.000000,7919.512195,-0.262194,-0.070889,-0.100711,0.025999,0.060159,0.036295,-0.062710
611250,134.2253,56,Final_Open_Recovery,None,final_open,0,4.2253,OPEN HAND - final recovery,2911,2763,2769,3106,2942,2994,2863,8359.290541,7052.702703,7100.000000,10677.856421,8675.455334,9245.776567,7901.136364,-0.273539,-0.079135,-0.096693,0.038344,0.085931,0.041452,-0.064885
611300,134.3879,56,Final_Open_Recovery,None,final_open,0,4.3879,OPEN HAND - final recovery,2923,2770,2771,3095,2941,2983,2857,8479.692833,7107.924528,7115.861027,10523.000000,8664.991334,9120.683453,7846.365105,-0.263076,-0.071925,-0.094675,0.023286,0.084621,0.027361,-0.071367
611350,134.3880,56,Final_Open_Recovery,None,final_open,0,4.3880,OPEN HAND - final recovery,2922,2769,2769,3097,2930,2985,2867,8469.565217,7100.000000,7100.000000,10550.901804,8551.072961,9143.243243,7937.947883,-0.263956,-0.072960,-0.096693,0.025999,0.070361,0.029902,-0.060528
611400,134.3880,56,Final_Open_Recovery,None,final_open,0,4.3880,OPEN HAND - final recovery,2913,2763,2769,3093,2942,2991,2864,8379.187817,7052.702703,7100.000000,10495.209581,8675.455334,9211.413043,7910.316816,-0.271810,-0.079135,-0.096693,0.020583,0.085931,0.037581,-0.063798
611450,134.4429,56,Final_Open_Recovery,None,final_open,0,4.4429,OPEN HAND - final recovery,2923,2770,2769,3111,2934,2988,2854,8479.692833,7107.924528,7100.000000,10749.390244,8592.248062,9177.235772,7819.178082,-0.263076,-0.071925,-0.096693,0.045300,0.075515,0.033731,-0.074585
611500,134.4641,56,Final_Open_Recovery,None,final_open,0,4.4641,OPEN HAND - final recovery,2920,2774,2764,3107,2885,2978,2865,8449.361702,7139.742619,7060.555973,10692.105263,8106.611570,9064.637422,7919.512195,-0.265712,-0.067771,-0.101712,0.039730,0.014727,0.021048,-0.062710
611550,134.4966,56,Final_Open_Recovery,None,final_open,0,4.4966,OPEN HAND - final recovery,2915,2768,2769,3114,2896,2991,2866,8399.152542,7092.087415,7100.000000,10792.660550,8212.176814,9211.413043,7928.722539,-0.270075,-0.073993,-0.096693,0.049508,0.027941,0.037581,-0.061620
611600,134.6552,56,Final_Open_Recovery,None,final_open,0,4.6552,OPEN HAND - final recovery,2926,2774,2762,3104,2901,2987,2856,8510.179641,7139.742619,7044.861215,10649.445005,8260.804020,9165.884477,7837.288136,-0.260426,-0.067771,-0.103708,0.035581,0.034028,0.032453,-0.072441
611650,134.6553,56,Final_Open_Recovery,None,final_open,0,4.6553,OPEN HAND - final recovery,2926,2772,2750,3101,2882,2986,2866,8510.179641,7123.809524,6951.672862,10607.042254,8078.153339,9154.553652,7928.722539,-0.260426,-0.069851,-0.115564,0.031458,0.011165,0.031176,-0.061620
611700,134.6661,56,Final_Open_Recovery,None,final_open,0,4.6661,OPEN HAND - final recovery,2913,2767,2759,3113,2891,2988,2866,8379.187817,7084.186747,7021.407186,10778.207739,8163.953488,9177.235772,7928.722539,-0.271810,-0.075025,-0.106692,0.048103,0.021905,0.033731,-0.061620
611750,134.7101,56,Final_Open_Recovery,None,final_open,0,4.7101,OPEN HAND - final recovery,2922,2779,2760,3115,2893,2987,2858,8469.565217,7179.787234,7029.213483,10807.142857,8183.194676,9165.884477,7855.456750,-0.263956,-0.062542,-0.105699,0.050916,0.024313,0.032453,-0.070291
611800,134.9040,56,Final_Open_Recovery,None,final_open,0,4.9040,OPEN HAND - final recovery,2920,2774,2765,3102,2884,2984,2866,8449.361702,7139.742619,7068.421053,10621.148036,8097.109827,9131.953195,7928.722539,-0.265712,-0.067771,-0.100711,0.032830,0.013538,0.028631,-0.061620
611850,134.9040,56,Final_Open_Recovery,None,final_open,0,4.9040,OPEN HAND - final recovery,2907,2769,2784,3110,2891,2985,2863,8319.696970,7100.000000,7220.137300,10735.025381,8163.953488,9143.243243,7901.136364,-0.276980,-0.072960,-0.081409,0.043904,0.021905,0.029902,-0.064885
611900,134.9040,56,Final_Open_Recovery,None,final_open,0,4.9040,OPEN HAND - final recovery,2917,2775,2786,3108,2892,2984,2852,8419.185059,7147.727273,7236.363636,10706.382979,8173.566085,9131.953195,7801.126307,-0.268334,-0.066728,-0.079344,0.041118,0.023108,0.028631,-0.076721
611950,134.9365,56,Final_Open_Recovery,None,final_open,0,4.9365,OPEN HAND - final recovery,2918,2773,2774,3095,2880,2971,2863,8429.226848,7131.770045,7139.742619,10523.000000,8059.259259,8987.010676,7901.136364,-0.267461,-0.068812,-0.091637,0.023286,0.008800,0.012304,-0.064885
612000,134.9469,56,Final_Open_Recovery,None,final_open,0,4.9469,OPEN HAND - final recovery,2908,2766,2778,3095,2889,2976,2862,8329.570345,7076.297968,7171.753986,10523.000000,8144.776119,9042.359249,7891.970803,-0.276122,-0.076055,-0.087564,0.023286,0.019504,0.018539,-0.065969
