esp32_t_ms,protocol_elapsed_s,event_index,label,target_finger,phase,cycle,phase_elapsed_s,instruction,Thumb_raw_ADC,Index_raw_ADC,Middle_raw_ADC,Ring_raw_ADC,Pinky_raw_ADC,ReverseHorizontal_raw_ADC,ReverseThumb_raw_ADC,Thumb_R_ohm,Index_R_ohm,Middle_R_ohm,Ring_R_ohm,Pinky_R_ohm,ReverseHorizontal_R_ohm,ReverseThumb_R_ohm,Thumb_dR_over_R0,Index_dR_over_R0,Middle_dR_over_R0,Ring_dR_over_R0,Pinky_dR_over_R0,ReverseHorizontal_dR_over_R0,ReverseThumb_dR_over_R0
925050,0.0263,0,Initial_Baseline,None,baseline,0,0.0263,OPEN HAND - baseline,2920,2782,2739,2959,2833,2907,2832,8449.361702,7203.960396,6867.699115,8856.161972,7632.488114,8319.696970,7623.752969,0.042280,0.010122,0.003311,-0.015768,-0.002289,0.016681,0.003438
925100,0.0922,0,Initial_Baseline,None,baseline,0,0.0922,OPEN HAND - baseline,2908,2775,2736,2992,2841,2913,2831,8329.570345,7147.727273,6845.033113,9222.846782,7702.870813,8379.187817,7615.031646,0.027503,0.002237,0.000000,0.024984,0.006911,0.023951,0.002290
925150,0.1474,0,Initial_Baseline,None,baseline,0,0.1474,OPEN HAND - baseline,2919,2785,2738,2970,2841,2909,2825,8439.285714,7228.244275,6860.132646,8976.000000,7702.870813,8339.460371,7562.992126,0.041037,0.013527,0.002206,-0.002450,0.006911,0.019096,-0.004559
925200,0.3953,0,Initial_Baseline,None,baseline,0,0.3953,OPEN HAND - baseline,2918,2782,2730,2955,2836,2902,2834,8429.226848,7203.960396,6800.000000,8813.157895,7658.776807,8270.578374,7641.237113,0.039797,0.010122,-0.006579,-0.020547,0.001147,0.010678,0.005740
925250,0.3954,0,Initial_Baseline,None,baseline,0,0.3954,OPEN HAND - baseline,2908,2771,2737,2966,2848,2907,2837,8329.570345,7115.861027,6852.577320,8932.152347,7765.196472,8319.696970,7667.567568,0.027503,-0.002231,0.001102,-0.007323,0.015058,0.016681,0.009205
925300,0.3954,0,Initial_Baseline,None,baseline,0,0.3954,OPEN HAND - baseline,2922,2783,2738,2972,2843,2906,2830,8469.565217,7212.042683,6860.132646,8998.040962,7720.607029,8309.840202,7606.324111,0.044773,0.011256,0.002206,0.000000,0.009230,0.015476,0.001144
925350,0.3954,0,Initial_Baseline,None,baseline,0,0.3954,OPEN HAND - baseline,2918,2780,2733,2950,2838,2897,2841,8429.226848,7187.832700,6822.466960,8759.825328,7676.372315,8221.869783,7702.870813,0.039797,0.007861,-0.003297,-0.026474,0.003447,0.004726,0.013852
925400,0.3954,0,Initial_Baseline,None,baseline,0,0.3954,OPEN HAND - baseline,2911,2772,2732,2967,2854,2907,2839,8359.290541,7123.809524,6814.966985,8943.085106,7819.178082,8319.696970,7685.191083,0.031169,-0.001116,-0.004392,-0.006108,0.022115,0.016681,0.011525
925450,0.5463,0,Initial_Baseline,None,baseline,0,0.5463,OPEN HAND - baseline,2922,2780,2740,2967,2835,2907,2830,8469.565217,7187.832700,6875.276753,8943.085106,7650.000000,8319.696970,7606.324111,0.044773,0.007861,0.004418,-0.006108,0.000000,0.016681,0.001144
925500,0.5464,0,Initial_Baseline,None,baseline,0,0.5464,OPEN HAND - baseline,2915,2780,2734,2954,2835,2903,2840,8399.152542,7187.832700,6829.977957,8802.453988,7650.000000,8280.369128,7694.023904,0.036087,0.007861,-0.002199,-0.021737,0.000000,0.011875,0.012687
925550,0.5464,0,Initial_Baseline,None,baseline,0,0.5464,OPEN HAND - baseline,2906,2767,2737,2964,2844,2911,2836,8309.840202,7084.186747,6852.577320,8910.344828,7729.496403,8359.290541,7658.776807,0.025069,-0.006672,0.001102,-0.009746,0.010392,0.021519,0.008048
925600,0.5787,0,Initial_Baseline,None,baseline,0,0.5787,OPEN HAND - baseline,2916,2776,2739,2968,2847,2911,2828,8409.160305,7155.724033,6867.699115,8954.037267,7756.250000,8359.290541,7588.950276,0.037321,0.003359,0.003311,-0.004890,0.013889,0.021519,-0.001142
925650,0.6549,0,Initial_Baseline,None,baseline,0,0.6549,OPEN HAND - baseline,2915,2778,2732,2964,2835,2907,2842,8399.152542,7171.753986,6814.966985,8910.344828,7650.000000,8319.696970,7711.731844,0.036087,0.005606,-0.004392,-0.009746,0.000000,0.016681,0.015018
925700,0.8004,0,Initial_Baseline,None,baseline,0,0.8004,OPEN HAND - baseline,2905,2767,2736,2970,2844,2910,2839,8300.000000,7084.186747,6845.033113,8976.000000,7729.496403,8349.367089,7685.191083,0.023856,-0.006672,0.000000,-0.002450,0.010392,0.020307,0.011525
925750,0.8004,0,Initial_Baseline,None,baseline,0,0.8004,OPEN HAND - baseline,2919,2778,2740,2968,2836,2911,2831,8439.285714,7171.753986,6875.276753,8954.037267,7658.776807,8359.290541,7615.031646,0.041037,0.005606,0.004418,-0.004890,0.001147,0.021519,0.002290
925800,0.8114,0,Initial_Baseline,None,baseline,0,0.8114,OPEN HAND - baseline,2922,2779,2742,2959,2831,2905,2841,8469.565217,7179.787234,6890.465632,8856.161972,7615.031646,8300.000000,7702.870813,0.044773,0.006733,0.006637,-0.015768,-0.004571,0.014274,0.013852
925850,0.8541,0,Initial_Baseline,None,baseline,0,0.8541,OPEN HAND - baseline,2909,2768,2734,2965,2845,2912,2838,8339.460371,7092.087415,6829.977957,8921.238938,7738.400000,8369.230769,7676.372315,0.028723,-0.005564,-0.002199,-0.008535,0.011556,0.022734,0.010364
925900,0.8975,0,Initial_Baseline,None,baseline,0,0.8975,OPEN HAND - baseline,2919,2780,2738,2968,2835,2914,2831,8439.285714,7187.832700,6860.132646,8954.037267,7650.000000,8389.161727,7615.031646,0.041037,0.007861,0.002206,-0.004890,0.000000,0.025170,0.002290
925950,1.0521,0,Initial_Baseline,None,baseline,0,1.0521,OPEN HAND - baseline,2914,2778,2734,2955,2836,2907,2843,8389.161727,7171.753986,6829.977957,8813.157895,7658.776807,8319.696970,7720.607029,0.034854,0.005606,-0.002199,-0.020547,0.001147,0.016681,0.016186
926000,1.0521,0,Initial_Baseline,None,baseline,0,1.0521,OPEN HAND - baseline,2902,2769,2733,2966,2846,2915,2845,8270.578374,7100.000000,6822.466960,8932.152347,7747.317854,8399.152542,7738.400000,0.020226,-0.004455,-0.003297,-0.007323,0.012721,0.026390,0.018528
926050,1.0522,0,Initial_Baseline,None,baseline,0,1.0522,OPEN HAND - baseline,2914,2776,2735,2972,2844,2908,2830,8389.161727,7155.724033,6837.500000,8998.040962,7729.496403,8329.570345,7606.324111,0.034854,0.003359,-0.001101,0.000000,0.010392,0.017887,0.001144
926100,1.0949,0,Initial_Baseline,None,baseline,0,1.0949,OPEN HAND - baseline,2913,2775,2732,2963,2834,2908,2839,8379.187817,7147.727273,6814.966985,8899.469965,7641.237113,8329.570345,7685.191083,0.033624,0.002237,-0.004392,-0.010955,-0.001145,0.017887,0.011525
926150,1.1388,0,Initial_Baseline,None,baseline,0,1.1388,OPEN HAND - baseline,2903,2765,2727,2971,2844,2911,2839,8280.369128,7068.421053,6777.631579,8987.010676,7729.496403,8359.290541,7685.191083,0.021434,-0.008883,-0.009847,-0.001226,0.010392,0.021519,0.011525
926200,1.3030,0,Initial_Baseline,None,baseline,0,1.3030,OPEN HAND - baseline,2912,2775,2733,2972,2843,2908,2831,8369.230769,7147.727273,6822.466960,8998.040962,7720.607029,8329.570345,7615.031646,0.032396,0.002237,-0.003297,0.000000,0.009230,0.017887,0.002290
926250,1.3031,0,Initial_Baseline,None,baseline,0,1.3031,OPEN HAND - baseline,2910,2775,2731,2958,2844,2897,2843,8349.367089,7147.727273,6807.478006,8845.382586,7729.496403,8221.869783,7720.607029,0.029945,0.002237,-0.005486,-0.016966,0.010392,0.004726,0.016186
926300,1.3031,0,Initial_Baseline,None,baseline,0,1.3031,OPEN HAND - baseline,2898,2768,2728,2963,2846,2905,2839,8231.578947,7092.087415,6785.076811,8899.469965,7747.317854,8300.000000,7685.191083,0.015415,-0.005564,-0.008759,-0.010955,0.012721,0.014274,0.011525
926350,1.3574,0,Initial_Baseline,None,baseline,0,1.3574,OPEN HAND - baseline,2917,2772,2733,2960,2848,2901,2831,8419.185059,7123.809524,6822.466960,8866.960352,7765.196472,8260.804020,7615.031646,0.038558,-0.001116,-0.003297,-0.014568,0.015058,0.009484,0.002290
926400,1.4108,0,Initial_Baseline,None,baseline,0,1.4108,OPEN HAND - baseline,2916,2773,2736,2953,2841,2896,2842,8409.160305,7131.770045,6845.033113,8791.768827,7702.870813,8212.176814,7711.731844,0.037321,0.000000,0.000000,-0.022924,0.006911,0.003542,0.015018
926450,1.5699,0,Initial_Baseline,None,baseline,0,1.5699,OPEN HAND - baseline,2908,2765,2728,2967,2851,2903,2843,8329.570345,7068.421053,6785.076811,8943.085106,7792.122186,8280.369128,7720.607029,0.027503,-0.008883,-0.008759,-0.006108,0.018578,0.011875,0.016186
926500,1.5699,0,Initial_Baseline,None,baseline,0,1.5699,OPEN HAND - baseline,2918,2776,2731,2959,2843,2901,2831,8429.226848,7155.724033,6807.478006,8856.161972,7720.607029,8260.804020,7615.031646,0.039797,0.003359,-0.005486,-0.015768,0.009230,0.009484,0.002290
926550,1.5700,0,Initial_Baseline,None,baseline,0,1.5700,OPEN HAND - baseline,2916,2779,2727,2954,2836,2903,2844,8409.160305,7179.787234,6777.631579,8802.453988,7658.776807,8280.369128,7729.496403,0.037321,0.006733,-0.009847,-0.021737,0.001147,0.011875,0.017356
926600,1.5700,0,Initial_Baseline,None,baseline,0,1.5700,OPEN HAND - baseline,2909,2770,2723,2965,2848,2915,2841,8339.460371,7107.924528,6747.959184,8921.238938,7765.196472,8399.152542,7702.870813,0.028723,-0.003344,-0.014182,-0.008535,0.015058,0.026390,0.013852
926650,1.6459,0,Initial_Baseline,None,baseline,0,1.6459,OPEN HAND - baseline,2919,2780,2733,2961,2844,2914,2831,8439.285714,7187.832700,6822.466960,8877.777778,7729.496403,8389.161727,7615.031646,0.041037,0.007861,-0.003297,-0.013365,0.010392,0.025170,0.002290
926700,1.6891,0,Initial_Baseline,None,baseline,0,1.6891,OPEN HAND - baseline,2919,2776,2733,2942,2833,2904,2842,8439.285714,7155.724033,6822.466960,8675.455334,7632.488114,8290.176322,7711.731844,0.041037,0.003359,-0.003297,-0.035851,-0.002289,0.013073,0.015018
926750,1.8264,0,Initial_Baseline,None,baseline,0,1.8264,OPEN HAND - baseline,2908,2768,2724,2964,2854,2916,2843,8329.570345,7092.087415,6755.361050,8910.344828,7819.178082,8409.160305,7720.607029,0.027503,-0.005564,-0.013100,-0.009746,0.022115,0.027613,0.016186
926800,1.8264,0,Initial_Baseline,None,baseline,0,1.8264,OPEN HAND - baseline,2920,2782,2736,2967,2852,2912,2831,8449.361702,7203.960396,6845.033113,8943.085106,7801.126307,8369.230769,7615.031646,0.042280,0.010122,0.000000,-0.006108,0.019755,0.022734,0.002290
926850,1.8587,0,Initial_Baseline,None,baseline,0,1.8587,OPEN HAND - baseline,2923,2781,2727,2952,2835,2905,2842,8479.692833,7195.890411,6777.631579,8781.102362,7650.000000,8300.000000,7711.731844,0.046022,0.008991,-0.009847,-0.024110,0.000000,0.014274,0.015018
926900,1.8908,0,Initial_Baseline,None,baseline,0,1.8908,OPEN HAND - baseline,2912,2766,2729,2965,2846,2911,2842,8369.230769,7076.297968,6792.532943,8921.238938,7747.317854,8359.290541,7711.731844,0.032396,-0.007778,-0.007670,-0.008535,0.012721,0.021519,0.015018
926950,1.9347,0,Initial_Baseline,None,baseline,0,1.9347,OPEN HAND - baseline,2922,2780,2733,2967,2850,2913,2831,8469.565217,7187.832700,6822.466960,8943.085106,7783.132530,8379.187817,7615.031646,0.044773,0.007861,-0.003297,-0.006108,0.017403,0.023951,0.002290
927000,2.0914,0,Initial_Baseline,None,baseline,0,2.0914,OPEN HAND - baseline,2920,2780,2728,2956,2843,2902,2842,8449.361702,7187.832700,6785.076811,8823.880597,7720.607029,8270.578374,7711.731844,0.042280,0.007861,-0.008759,-0.019355,0.009230,0.010678,0.015018
927050,2.0915,0,Initial_Baseline,None,baseline,0,2.0915,OPEN HAND - baseline,2910,2767,2724,2962,2849,2912,2844,8349.367089,7084.186747,6755.361050,8888.614298,7774.157303,8369.230769,7729.496403,0.029945,-0.006672,-0.013100,-0.012161,0.016230,0.022734,0.017356
927100,2.1127,0,Initial_Baseline,None,baseline,0,2.1127,OPEN HAND - baseline,2922,2776,2729,2957,2849,2911,2833,8469.565217,7155.724033,6792.532943,8834.622144,7774.157303,8359.290541,7632.488114,0.044773,0.003359,-0.007670,-0.018162,0.016230,0.021519,0.004588
927150,2.1344,0,Initial_Baseline,None,baseline,0,2.1344,OPEN HAND - baseline,2921,2777,2731,2949,2838,2905,2846,8459.454855,7163.732929,6807.478006,8749.214660,7676.372315,8300.000000,7747.317854,0.043525,0.004482,-0.005486,-0.027653,0.003447,0.014274,0.019702
927200,2.1781,0,Initial_Baseline,None,baseline,0,2.1781,OPEN HAND - baseline,2905,2768,2724,2959,2848,2915,2845,8300.000000,7092.087415,6755.361050,8856.161972,7765.196472,8399.152542,7738.400000,0.023856,-0.005564,-0.013100,-0.015768,0.015058,0.026390,0.018528
927250,2.3283,0,Initial_Baseline,None,baseline,0,2.3283,OPEN HAND - baseline,2921,2780,2731,2958,2849,2914,2835,8459.454855,7187.832700,6807.478006,8845.382586,7774.157303,8389.161727,7650.000000,0.043525,0.007861,-0.005486,-0.016966,0.016230,0.025170,0.006893
927300,2.3283,0,Initial_Baseline,None,baseline,0,2.3283,OPEN HAND - baseline,2922,2777,2725,2951,2839,2900,2846,8469.565217,7163.732929,6762.773723,8770.454545,7685.191083,8251.046025,7747.317854,0.044773,0.004482,-0.012017,-0.025293,0.004600,0.008292,0.019702
927350,2.3390,0,Initial_Baseline,None,baseline,0,2.3390,OPEN HAND - baseline,2913,2768,2723,2961,2850,2909,2846,8379.187817,7092.087415,6747.959184,8877.777778,7783.132530,8339.460371,7747.317854,0.033624,-0.005564,-0.014182,-0.013365,0.017403,0.019096,0.019702
927400,2.4043,0,Initial_Baseline,None,baseline,0,2.4043,OPEN HAND - baseline,2925,2782,2731,2960,2850,2908,2834,8500.000000,7203.960396,6807.478006,8866.960352,7783.132530,8329.570345,7641.237113,0.048527,0.010122,-0.005486,-0.014568,0.017403,0.017887,0.005740
927450,2.4256,0,Initial_Baseline,None,baseline,0,2.4256,OPEN HAND - baseline,2920,2774,2722,2960,2834,2908,2844,8449.361702,7139.742619,6740.568099,8866.960352,7641.237113,8329.570345,7729.496403,0.042280,0.001118,-0.015261,-0.014568,-0.001145,0.017887,0.017356
927500,2.5849,0,Initial_Baseline,None,baseline,0,2.5849,OPEN HAND - baseline,2909,2767,2725,2959,2848,2915,2843,8339.460371,7084.186747,6762.773723,8856.161972,7765.196472,8399.152542,7720.607029,0.028723,-0.006672,-0.012017,-0.015768,0.015058,0.026390,0.016186
927550,2.5849,0,Initial_Baseline,None,baseline,0,2.5849,OPEN HAND - baseline,2918,2775,2730,2960,2850,2911,2830,8429.226848,7147.727273,6800.000000,8866.960352,7783.132530,8359.290541,7606.324111,0.039797,0.002237,-0.006579,-0.014568,0.017403,0.021519,0.001144
927600,2.6170,0,Initial_Baseline,None,baseline,0,2.6170,OPEN HAND - baseline,2919,2772,2729,2947,2833,2902,2844,8439.285714,7123.809524,6792.532943,8728.048780,7632.488114,8270.578374,7729.496403,0.041037,-0.001116,-0.007670,-0.030006,-0.002289,0.010678,0.017356
927650,2.6391,0,Initial_Baseline,None,baseline,0,2.6391,OPEN HAND - baseline,2911,2767,2738,2960,2851,2916,2846,8359.290541,7084.186747,6860.132646,8866.960352,7792.122186,8409.160305,7747.317854,0.031169,-0.006672,0.002206,-0.014568,0.018578,0.027613,0.019702
927700,2.6828,0,Initial_Baseline,None,baseline,0,2.6828,OPEN HAND - baseline,2925,2779,2751,2970,2853,2933,2838,8500.000000,7179.787234,6959.375000,8976.000000,7810.144928,8581.927711,7676.372315,0.048527,0.006733,0.016704,-0.002450,0.020934,0.048726,0.010364
927750,2.8331,0,Initial_Baseline,None,baseline,0,2.8331,OPEN HAND - baseline,2923,2776,2742,2959,2839,2922,2849,8479.692833,7155.724033,6890.465632,8856.161972,7685.191083,8469.565217,7774.157303,0.046022,0.003359,0.006637,-0.015768,0.004600,0.034995,0.023234
927800,2.8332,0,Initial_Baseline,None,baseline,0,2.8332,OPEN HAND - baseline,2914,2767,2737,2967,2848,2931,2848,8389.161727,7084.186747,6852.577320,8943.085106,7765.196472,8561.340206,7765.196472,0.034854,-0.006672,0.001102,-0.006108,0.015058,0.046210,0.022055
927850,2.8433,0,Initial_Baseline,None,baseline,0,2.8433,OPEN HAND - baseline,2917,2771,2740,2962,2854,2927,2831,8419.185059,7115.861027,6875.276753,8888.614298,7819.178082,8520.376712,7615.031646,0.038558,-0.002231,0.004418,-0.012161,0.022115,0.041204,0.002290
927900,2.8961,0,Initial_Baseline,None,baseline,0,2.8961,OPEN HAND - baseline,2914,2773,2731,2955,2838,2915,2843,8389.161727,7131.770045,6807.478006,8813.157895,7676.372315,8399.152542,7720.607029,0.034854,0.000000,-0.005486,-0.020547,0.003447,0.026390,0.016186
927950,2.9491,0,Initial_Baseline,None,baseline,0,2.9491,OPEN HAND - baseline,2904,2760,2736,2965,2852,2924,2841,8290.176322,7029.213483,6845.033113,8921.238938,7801.126307,8489.837746,7702.870813,0.022644,-0.014380,0.000000,-0.008535,0.019755,0.037472,0.013852
928000,3.1095,0,Initial_Baseline,None,baseline,0,3.1095,OPEN HAND - baseline,2915,2774,2761,2976,2849,2923,2833,8399.152542,7139.742619,7037.031484,9042.359249,7774.157303,8479.692833,7632.488114,0.036087,0.001118,0.028049,0.004925,0.016230,0.036233,0.004588
928050,3.1096,0,Initial_Baseline,None,baseline,0,3.1096,OPEN HAND - baseline,2915,2771,2761,2974,2839,2913,2843,8399.152542,7115.861027,7037.031484,9020.160571,7685.191083,8379.187817,7720.607029,0.036087,-0.002231,0.028049,0.002458,0.004600,0.023951,0.016186
928100,3.1096,0,Initial_Baseline,None,baseline,0,3.1096,OPEN HAND - baseline,2905,2763,2752,2975,2847,2921,2843,8300.000000,7052.702703,6967.088608,9031.250000,7756.250000,8459.454855,7720.607029,0.023856,-0.011087,0.017831,0.003691,0.013889,0.033759,0.016186
928150,3.1534,0,Initial_Baseline,None,baseline,0,3.1534,OPEN HAND - baseline,2914,2769,2758,2981,2845,2918,2830,8389.161727,7100.000000,7013.612565,9098.204668,7738.400000,8429.226848,7606.324111,0.034854,-0.004455,0.024628,0.011132,0.011556,0.030066,0.001144
928200,3.1973,0,Initial_Baseline,None,baseline,0,3.1973,OPEN HAND - baseline,2914,2776,2753,2964,2838,2910,2846,8389.161727,7155.724033,6974.813711,8910.344828,7676.372315,8349.367089,7747.317854,0.034854,0.003359,0.018960,-0.009746,0.003447,0.020307,0.019702
928250,3.3854,0,Initial_Baseline,None,baseline,0,3.3854,OPEN HAND - baseline,2902,2768,2757,2984,2847,2924,2839,8270.578374,7092.087415,7005.829596,9131.953195,7756.250000,8489.837746,7685.191083,0.020226,-0.005564,0.023491,0.014882,0.013889,0.037472,0.011525
928300,3.3855,0,Initial_Baseline,None,baseline,0,3.3855,OPEN HAND - baseline,2912,2776,2755,2992,2848,2921,2830,8369.230769,7155.724033,6990.298507,9222.846782,7765.196472,8459.454855,7606.324111,0.032396,0.003359,0.021222,0.024984,0.015058,0.033759,0.001144
928350,3.3855,0,Initial_Baseline,None,baseline,0,3.3855,OPEN HAND - baseline,2909,2772,2752,2978,2844,2913,2840,8339.460371,7123.809524,6967.088608,9064.637422,7729.496403,8379.187817,7694.023904,0.028723,-0.001116,0.017831,0.007401,0.010392,0.023951,0.012687
928400,3.3855,0,Initial_Baseline,None,baseline,0,3.3855,OPEN HAND - baseline,2899,2762,2759,2982,2851,2919,2840,8241.304348,7044.861215,7021.407186,9109.433962,7792.122186,8439.285714,7694.023904,0.016615,-0.012186,0.025767,0.012380,0.018578,0.031295,0.012687
928450,3.4505,0,Initial_Baseline,None,baseline,0,3.4505,OPEN HAND - baseline,2908,2772,2757,2994,2851,2917,2827,8329.570345,7123.809524,7005.829596,9245.776567,7792.122186,8419.185059,7580.283912,0.027503,-0.001116,0.023491,0.027532,0.018578,0.028838,-0.002283
928500,3.6248,0,Initial_Baseline,None,baseline,0,3.6248,OPEN HAND - baseline,2905,2768,2752,2981,2840,2908,2838,8300.000000,7092.087415,6967.088608,9098.204668,7694.023904,8329.570345,7676.372315,0.023856,-0.005564,0.017831,0.011132,0.005755,0.017887,0.010364
928550,3.6248,0,Initial_Baseline,None,baseline,0,3.6248,OPEN HAND - baseline,2894,2759,2751,2991,2849,2917,2835,8192.839301,7021.407186,6959.375000,9211.413043,7774.157303,8419.185059,7650.000000,0.010637,-0.015475,0.016704,0.023713,0.016230,0.028838,0.006893
928600,3.6249,0,Initial_Baseline,None,baseline,0,3.6249,OPEN HAND - baseline,2903,2769,2754,2992,2846,2916,2824,8280.369128,7100.000000,6982.550336,9222.846782,7747.317854,8409.160305,7554.366640,0.021434,-0.004455,0.020090,0.024984,0.012721,0.027613,-0.005694
928650,3.6470,0,Initial_Baseline,None,baseline,0,3.6470,OPEN HAND - baseline,2901,2768,2750,2986,2839,2911,2834,8260.804020,7092.087415,6951.672862,9154.553652,7685.191083,8359.290541,7641.237113,0.019021,-0.005564,0.015579,0.017394,0.004600,0.021519,0.005740
928700,3.6795,0,Initial_Baseline,None,baseline,0,3.6795,OPEN HAND - baseline,2894,2759,2747,2982,2849,2921,2834,8192.839301,7021.407186,6928.635015,9109.433962,7774.157303,8459.454855,7641.237113,0.010637,-0.015475,0.012214,0.012380,0.016230,0.033759,0.005740
928750,3.8664,0,Initial_Baseline,None,baseline,0,3.8664,OPEN HAND - baseline,2902,2765,2751,2989,2850,2920,2824,8270.578374,7068.421053,6959.375000,9188.607595,7783.132530,8449.361702,7554.366640,0.020226,-0.008883,0.016704,0.021179,0.017403,0.032526,-0.005694
928800,3.8664,0,Initial_Baseline,None,baseline,0,3.8664,OPEN HAND - baseline,2901,2768,2746,2961,2846,2914,2833,8260.804020,7092.087415,6920.978503,8877.777778,7747.317854,8389.161727,7632.488114,0.019021,-0.005564,0.011095,-0.013365,0.012721,0.025170,0.004588
928850,3.8664,0,Initial_Baseline,None,baseline,0,3.8664,OPEN HAND - baseline,2893,2754,2747,2987,2851,2914,2832,8183.194676,6982.550336,6928.635015,9165.884477,7792.122186,8389.161727,7623.752969,0.009447,-0.020923,0.012214,0.018653,0.018578,0.025170,0.003438
928900,3.9088,0,Initial_Baseline,None,baseline,0,3.9088,OPEN HAND - baseline,2900,2766,2750,2980,2847,2909,2822,8251.046025,7076.297968,6951.672862,9086.995516,7756.250000,8339.460371,7537.156324,0.017817,-0.007778,0.015579,0.009886,0.013889,0.019096,-0.007960
928950,3.9411,0,Initial_Baseline,None,baseline,0,3.9411,OPEN HAND - baseline,2897,2764,2742,2974,2840,2897,2832,8221.869783,7060.555973,6890.465632,9020.160571,7694.023904,8221.869783,7623.752969,0.014218,-0.009985,0.006637,0.002458,0.005755,0.004726,0.003438
929000,3.9844,0,Initial_Baseline,None,baseline,0,3.9844,OPEN HAND - baseline,2890,2756,2742,2990,2848,2911,2831,8154.356846,6998.058252,6890.465632,9200.000000,7765.196472,8359.290541,7615.031646,0.005890,-0.018749,0.006637,0.022445,0.015058,0.021519,0.002290
929050,4.1179,0,Initial_Baseline,None,baseline,0,4.1179,OPEN HAND - baseline,2899,2768,2753,2980,2847,2906,2820,8241.304348,7092.087415,6974.813711,9086.995516,7756.250000,8309.840202,7520.000000,0.016615,-0.005564,0.018960,0.009886,0.013889,0.015476,-0.010218
929100,4.1180,0,Initial_Baseline,None,baseline,0,4.1180,OPEN HAND - baseline,2900,2767,2752,2972,2837,2905,2830,8251.046025,7084.186747,6967.088608,8998.040962,7667.567568,8300.000000,7606.324111,0.017817,-0.006672,0.017831,0.000000,0.002296,0.014274,0.001144
929150,4.1180,0,Initial_Baseline,None,baseline,0,4.1180,OPEN HAND - baseline,2888,2755,2747,2980,2853,2912,2828,8135.211268,6990.298507,6928.635015,9086.995516,7810.144928,8369.230769,7588.950276,0.003528,-0.019837,0.012214,0.009886,0.020934,0.022734,-0.001142
929200,4.1831,0,Initial_Baseline,None,baseline,0,4.1831,OPEN HAND - baseline,2899,2767,2753,2980,2846,2909,2818,8241.304348,7084.186747,6974.813711,9086.995516,7747.317854,8339.460371,7502.897416,0.016615,-0.006672,0.018960,0.009886,0.012721,0.019096,-0.012469
929250,4.3689,0,Initial_Baseline,None,baseline,0,4.3689,OPEN HAND - baseline,2895,2766,2758,2966,2836,2898,2830,8202.500000,7076.297968,7013.612565,8932.152347,7658.776807,8231.578947,7606.324111,0.011828,-0.007778,0.024628,-0.007323,0.001147,0.005913,0.001144
929300,4.3690,0,Initial_Baseline,None,baseline,0,4.3690,OPEN HAND - baseline,2886,2760,2744,2993,2852,2905,2830,8116.129032,7029.213483,6905.699482,9234.301270,7801.126307,8300.000000,7606.324111,0.001174,-0.014380,0.008863,0.026257,0.019755,0.014274,0.001144
929350,4.3690,0,Initial_Baseline,None,baseline,0,4.3690,OPEN HAND - baseline,2897,2766,2760,2977,2841,2914,2818,8221.869783,7076.297968,7029.213483,9053.488372,7702.870813,8389.161727,7502.897416,0.014218,-0.007778,0.026907,0.006162,0.006911,0.025170,-0.012469
929400,4.4013,0,Initial_Baseline,None,baseline,0,4.4013,OPEN HAND - baseline,2897,2768,2762,2965,2833,2901,2830,8221.869783,7092.087415,7044.861215,8921.238938,7632.488114,8260.804020,7606.324111,0.014218,-0.005564,0.029193,-0.008535,-0.002289,0.009484,0.001144
929450,4.4232,0,Initial_Baseline,None,baseline,0,4.4232,OPEN HAND - baseline,2887,2760,2761,2975,2845,2901,2829,8125.662252,7029.213483,7037.031484,9031.250000,7738.400000,8260.804020,7597.630332,0.002350,-0.014380,0.028049,0.003691,0.011556,0.009484,0.000000
929500,4.6220,0,Initial_Baseline,None,baseline,0,4.6220,OPEN HAND - baseline,2895,2770,2767,2964,2844,2905,2818,8202.500000,7107.924528,7084.186747,8910.344828,7729.496403,8300.000000,7502.897416,0.011828,-0.003344,0.034938,-0.009746,0.010392,0.014274,-0.012469
929550,4.6221,0,Initial_Baseline,None,baseline,0,4.6221,OPEN HAND - baseline,2898,2771,2756,2959,2839,2899,2830,8231.578947,7115.861027,6998.058252,8856.161972,7685.191083,8241.304348,7606.324111,0.015415,-0.002231,0.022356,-0.015768,0.004600,0.007101,0.001144
929600,4.6221,0,Initial_Baseline,None,baseline,0,4.6221,OPEN HAND - baseline,2886,2762,2754,2963,2849,2903,2830,8116.129032,7044.861215,6982.550336,8899.469965,7774.157303,8280.369128,7606.324111,0.001174,-0.012186,0.020090,-0.010955,0.016230,0.011875,0.001144
929650,4.6326,0,Initial_Baseline,None,baseline,0,4.6326,OPEN HAND - baseline,2901,2772,2756,2969,2847,2901,2821,8260.804020,7123.809524,6998.058252,8965.008881,7756.250000,8260.804020,7528.571429,0.019021,-0.001116,0.022356,-0.003671,0.013889,0.009484,-0.009090
929700,4.6977,0,Initial_Baseline,None,baseline,0,4.6977,OPEN HAND - baseline,2899,2774,2753,2964,2837,2898,2831,8241.304348,7139.742619,6974.813711,8910.344828,7667.567568,8231.578947,7615.031646,0.016615,0.001118,0.018960,-0.009746,0.002296,0.005913,0.002290
929750,4.7191,0,Initial_Baseline,None,baseline,0,4.7191,OPEN HAND - baseline,2888,2766,2746,2963,2846,2906,2830,8135.211268,7076.297968,6920.978503,8899.469965,7747.317854,8309.840202,7606.324111,0.003528,-0.007778,0.011095,-0.010955,0.012721,0.015476,0.001144
929800,4.8722,0,Initial_Baseline,None,baseline,0,4.8722,OPEN HAND - baseline,2897,2774,2753,2960,2845,2903,2820,8221.869783,7139.742619,6974.813711,8866.960352,7738.400000,8280.369128,7520.000000,0.014218,0.001118,0.018960,-0.014568,0.011556,0.011875,-0.010218
929850,4.8723,0,Initial_Baseline,None,baseline,0,4.8723,OPEN HAND - baseline,2895,2773,2750,2952,2834,2899,2831,8202.500000,7131.770045,6951.672862,8781.102362,7641.237113,8241.304348,7615.031646,0.011828,0.000000,0.015579,-0.024110,-0.001145,0.007101,0.002290
929900,4.8828,0,Initial_Baseline,None,baseline,0,4.8828,OPEN HAND - baseline,2889,2765,2742,2962,2846,2907,2828,8144.776119,7068.421053,6890.465632,8888.614298,7747.317854,8319.696970,7588.950276,0.004708,-0.008883,0.006637,-0.012161,0.012721,0.016681,-0.001142
929950,4.9376,0,Initial_Baseline,None,baseline,0,4.9376,OPEN HAND - baseline,2897,2772,2748,2965,2845,2906,2820,8221.869783,7123.809524,6936.302895,8921.238938,7738.400000,8309.840202,7520.000000,0.014218,-0.001116,0.013334,-0.008535,0.011556,0.015476,-0.010218
930000,4.9816,0,Initial_Baseline,None,baseline,0,4.9816,OPEN HAND - baseline,2897,2773,2745,2961,2832,2900,2832,8221.869783,7131.770045,6913.333333,8877.777778,7623.752969,8251.046025,7623.752969,0.014218,0.000000,0.009978,-0.013365,-0.003431,0.008292,0.003438
930050,5.1227,0,Initial_Baseline,None,baseline,0,5.1227,OPEN HAND - baseline,2892,2764,2743,2965,2846,2909,2829,8173.566085,7060.555973,6898.076923,8921.238938,7747.317854,8339.460371,7597.630332,0.008259,-0.009985,0.007749,-0.008535,0.012721,0.019096,0.000000
930100,5.1227,0,Initial_Baseline,None,baseline,0,5.1227,OPEN HAND - baseline,2898,2774,2747,2964,2844,2904,2817,8231.578947,7139.742619,6928.635015,8910.344828,7729.496403,8290.176322,7494.366197,0.015415,0.001118,0.012214,-0.009746,0.010392,0.013073,-0.013592
930150,5.1448,0,Initial_Baseline,None,baseline,0,5.1448,OPEN HAND - baseline,2899,2776,2740,2961,2836,2905,2831,8241.304348,7155.724033,6875.276753,8877.777778,7658.776807,8300.000000,7615.031646,0.016615,0.003359,0.004418,-0.013365,0.001147,0.014274,0.002290
930200,5.1879,0,Initial_Baseline,None,baseline,0,5.1879,OPEN HAND - baseline,2890,2764,2738,2978,2849,2906,2831,8154.356846,7060.555973,6860.132646,9064.637422,7774.157303,8309.840202,7615.031646,0.005890,-0.009985,0.002206,0.007401,0.016230,0.015476,0.002290
930250,5.2413,0,Initial_Baseline,None,baseline,0,5.2413,OPEN HAND - baseline,2898,2780,2752,2971,2847,2904,2822,8231.578947,7187.832700,6967.088608,8987.010676,7756.250000,8290.176322,7537.156324,0.015415,0.007861,0.017831,-0.001226,0.013889,0.013073,-0.007960
930300,5.3890,0,Initial_Baseline,None,baseline,0,5.3890,OPEN HAND - baseline,2900,2778,2743,2974,2834,2896,2833,8251.046025,7171.753986,6898.076923,9020.160571,7641.237113,8212.176814,7632.488114,0.017817,0.005606,0.007749,0.002458,-0.001145,0.003542,0.004588
930350,5.3891,0,Initial_Baseline,None,baseline,0,5.3891,OPEN HAND - baseline,2889,2768,2743,2976,2840,2910,2831,8144.776119,7092.087415,6898.076923,9042.359249,7694.023904,8349.367089,7615.031646,0.004708,-0.005564,0.007749,0.004925,0.005755,0.020307,0.002290
930400,5.3891,0,Initial_Baseline,None,baseline,0,5.3891,OPEN HAND - baseline,2898,2780,2747,2977,2836,2904,2822,8231.578947,7187.832700,6928.635015,9053.488372,7658.776807,8290.176322,7537.156324,0.015415,0.007861,0.012214,0.006162,0.001147,0.013073,-0.007960
930450,5.4324,0,Initial_Baseline,None,baseline,0,5.4324,OPEN HAND - baseline,2897,2778,2744,2957,2834,2900,2833,8221.869783,7171.753986,6905.699482,8834.622144,7641.237113,8251.046025,7632.488114,0.014218,0.005606,0.008863,-0.018162,-0.001145,0.008292,0.004588
930500,5.4974,0,Initial_Baseline,None,baseline,0,5.4974,OPEN HAND - baseline,2885,2768,2745,2969,2842,2903,2831,8106.611570,7092.087415,6913.333333,8965.008881,7711.731844,8280.369128,7615.031646,0.000000,-0.005564,0.009978,-0.003671,0.008070,0.011875,0.002290
930550,5.6458,0,Initial_Baseline,None,baseline,0,5.6458,OPEN HAND - baseline,2894,2779,2745,2972,2846,2896,2820,8192.839301,7179.787234,6913.333333,8998.040962,7747.317854,8212.176814,7520.000000,0.010637,0.006733,0.009978,0.000000,0.012721,0.003542,-0.010218
930600,5.6459,0,Initial_Baseline,None,baseline,0,5.6459,OPEN HAND - baseline,2893,2777,2748,2959,2832,2895,2832,8183.194676,7163.732929,6936.302895,8856.161972,7623.752969,8202.500000,7623.752969,0.009447,0.004482,0.013334,-0.015768,-0.003431,0.002359,0.003438
930650,5.6459,0,Initial_Baseline,None,baseline,0,5.6459,OPEN HAND - baseline,2880,2768,2742,2980,2839,2904,2832,8059.259259,7092.087415,6890.465632,9086.995516,7685.191083,8290.176322,7623.752969,-0.005841,-0.005564,0.006637,0.009886,0.004600,0.013073,0.003438
930700,5.6893,0,Initial_Baseline,None,baseline,0,5.6893,OPEN HAND - baseline,2886,2782,2748,2968,2846,2907,2823,8116.129032,7203.960396,6936.302895,8954.037267,7747.317854,8319.696970,7545.754717,0.001174,0.010122,0.013334,-0.004890,0.012721,0.016681,-0.006828
930750,5.7326,0,Initial_Baseline,None,baseline,0,5.7326,OPEN HAND - baseline,2888,2780,2744,2964,2837,2906,2832,8135.211268,7187.832700,6905.699482,8910.344828,7667.567568,8309.840202,7623.752969,0.003528,0.007861,0.008863,-0.009746,0.002296,0.015476,0.003438
930800,5.9051,0,Initial_Baseline,None,baseline,0,5.9051,OPEN HAND - baseline,2875,2771,2742,2973,2843,2906,2831,8012.295082,7115.861027,6890.465632,9009.090909,7720.607029,8309.840202,7615.031646,-0.011635,-0.002231,0.006637,0.001228,0.009230,0.015476,0.002290
930850,5.9051,0,Initial_Baseline,None,baseline,0,5.9051,OPEN HAND - baseline,2886,2781,2746,2982,2841,2908,2825,8116.129032,7195.890411,6920.978503,9109.433962,7702.870813,8329.570345,7562.992126,0.001174,0.008991,0.011095,0.012380,0.006911,0.017887,-0.004559
930900,5.9051,0,Initial_Baseline,None,baseline,0,5.9051,OPEN HAND - baseline,2885,2782,2750,2971,2827,2909,2833,8106.611570,7203.960396,6951.672862,8987.010676,7580.283912,8339.460371,7632.488114,0.000000,0.010122,0.015579,-0.001226,-0.009113,0.019096,0.004588
930950,5.9481,0,Initial_Baseline,None,baseline,0,5.9481,OPEN HAND - baseline,2876,2770,2741,2981,2845,2908,2832,8021.657096,7107.924528,6882.865583,9098.204668,7738.400000,8329.570345,7623.752969,-0.010480,-0.003344,0.005527,0.011132,0.011556,0.017887,0.003438
931000,6.0022,0,Initial_Baseline,None,baseline,0,6.0022,OPEN HAND - baseline,2889,2780,2749,2980,2842,2906,2827,8144.776119,7187.832700,6943.982169,9086.995516,7711.731844,8309.840202,7580.283912,0.004708,0.007861,0.014456,0.009886,0.008070,0.015476,-0.002283
931050,6.0235,0,Initial_Baseline,None,baseline,0,6.0235,OPEN HAND - baseline,2884,2778,2748,2974,2829,2899,2834,8097.109827,7171.753986,6936.302895,9020.160571,7597.630332,8241.304348,7641.237113,-0.001172,0.005606,0.013334,0.002458,-0.006846,0.007101,0.005740
931100,6.1581,0,Initial_Baseline,None,baseline,0,6.1581,OPEN HAND - baseline,2878,2769,2749,2984,2845,2910,2832,8040.427280,7100.000000,6943.982169,9131.953195,7738.400000,8349.367089,7623.752969,-0.008164,-0.004455,0.014456,0.014882,0.011556,0.020307,0.003438
931150,6.1582,0,Initial_Baseline,None,baseline,0,6.1582,OPEN HAND - baseline,2887,2777,2739,2982,2844,2909,2822,8125.662252,7163.732929,6867.699115,9109.433962,7729.496403,8339.460371,7537.156324,0.002350,0.004482,0.003311,0.012380,0.010392,0.019096,-0.007960
931200,6.1905,0,Initial_Baseline,None,baseline,0,6.1905,OPEN HAND - baseline,2888,2778,2739,2967,2822,2903,2832,8135.211268,7171.753986,6867.699115,8943.085106,7537.156324,8280.369128,7623.752969,0.003528,0.005606,0.003311,-0.006108,-0.014751,0.011875,0.003438
931250,6.2234,0,Initial_Baseline,None,baseline,0,6.2234,OPEN HAND - baseline,2879,2769,2741,2982,2841,2907,2831,8049.835526,7100.000000,6882.865583,9109.433962,7702.870813,8319.696970,7615.031646,-0.007004,-0.004455,0.005527,0.012380,0.006911,0.016681,0.002290
931300,6.4127,0,Initial_Baseline,None,baseline,0,6.4127,OPEN HAND - baseline,2888,2777,2739,2977,2840,2905,2819,8135.211268,7163.732929,6867.699115,9053.488372,7694.023904,8300.000000,7511.442006,0.003528,0.004482,0.003311,0.006162,0.005755,0.014274,-0.011344
931350,6.4127,0,Initial_Baseline,None,baseline,0,6.4127,OPEN HAND - baseline,2886,2777,2735,2968,2834,2897,2831,8116.129032,7163.732929,6837.500000,8954.037267,7641.237113,8221.869783,7615.031646,0.001174,0.004482,-0.001101,-0.004890,-0.001145,0.004726,0.002290
931400,6.4128,0,Initial_Baseline,None,baseline,0,6.4128,OPEN HAND - baseline,2877,2770,2729,2984,2842,2902,2832,8031.034483,7107.924528,6792.532943,9131.953195,7711.731844,8270.578374,7623.752969,-0.009323,-0.003344,-0.007670,0.014882,0.008070,0.010678,0.003438
931450,6.4348,0,Initial_Baseline,None,baseline,0,6.4348,OPEN HAND - baseline,2890,2777,2736,2983,2842,2902,2824,8154.356846,7163.732929,6845.033113,9120.683453,7711.731844,8270.578374,7554.366640,0.005890,0.004482,0.000000,0.013630,0.008070,0.010678,-0.005694
931500,6.4894,0,Initial_Baseline,None,baseline,0,6.4894,OPEN HAND - baseline,2885,2773,2735,2962,2834,2889,2834,8106.611570,7131.770045,6837.500000,8888.614298,7641.237113,8144.776119,7641.237113,0.000000,0.000000,-0.001101,-0.012161,-0.001145,-0.004695,0.005740
931550,6.5222,0,Initial_Baseline,None,baseline,0,6.5222,OPEN HAND - baseline,2877,2767,2734,2978,2841,2907,2833,8031.034483,7084.186747,6829.977957,9064.637422,7702.870813,8319.696970,7632.488114,-0.009323,-0.006672,-0.002199,0.007401,0.006911,0.016681,0.004588
931600,6.6720,0,Initial_Baseline,None,baseline,0,6.6720,OPEN HAND - baseline,2885,2776,2738,2983,2837,2900,2825,8106.611570,7155.724033,6860.132646,9120.683453,7667.567568,8251.046025,7562.992126,0.000000,0.003359,0.002206,0.013630,0.002296,0.008292,-0.004559
931650,6.6720,0,Initial_Baseline,None,baseline,0,6.6720,OPEN HAND - baseline,2886,2776,2737,2970,2848,2896,2832,8116.129032,7155.724033,6852.577320,8976.000000,7765.196472,8212.176814,7623.752969,0.001174,0.003359,0.001102,-0.002450,0.015058,0.003542,0.003438
931700,6.6721,0,Initial_Baseline,None,baseline,0,6.6721,OPEN HAND - baseline,2873,2766,2737,2976,2838,2900,2832,7993.617021,7076.297968,6852.577320,9042.359249,7676.372315,8251.046025,7623.752969,-0.013939,-0.007778,0.001102,0.004925,0.003447,0.008292,0.003438
931750,6.7375,0,Initial_Baseline,None,baseline,0,6.7375,OPEN HAND - baseline,2890,2780,2741,2980,2835,2902,2822,8154.356846,7187.832700,6882.865583,9086.995516,7650.000000,8270.578374,7537.156324,0.005890,0.007861,0.005527,0.009886,0.000000,0.010678,-0.007960
931800,6.7812,0,Initial_Baseline,None,baseline,0,6.7812,OPEN HAND - baseline,2887,2778,2740,2967,2830,2895,2832,8125.662252,7171.753986,6875.276753,8943.085106,7606.324111,8202.500000,7623.752969,0.002350,0.005606,0.004418,-0.006108,-0.005709,0.002359,0.003438
931850,6.9316,0,Initial_Baseline,None,baseline,0,6.9316,OPEN HAND - baseline,2878,2768,2733,2980,2842,2900,2831,8040.427280,7092.087415,6822.466960,9086.995516,7711.731844,8251.046025,7615.031646,-0.008164,-0.005564,-0.003297,0.009886,0.008070,0.008292,0.002290
931900,6.9316,0,Initial_Baseline,None,baseline,0,6.9316,OPEN HAND - baseline,2890,2777,2735,2978,2840,2897,2824,8154.356846,7163.732929,6837.500000,9064.637422,7694.023904,8221.869783,7554.366640,0.005890,0.004482,-0.001101,0.007401,0.005755,0.004726,-0.005694
931950,6.9424,0,Initial_Baseline,None,baseline,0,6.9424,OPEN HAND - baseline,2887,2774,2740,2966,2830,2896,2832,8125.662252,7139.742619,6875.276753,8932.152347,7606.324111,8212.176814,7623.752969,0.002350,0.001118,0.004418,-0.007323,-0.005709,0.003542,0.003438
932000,6.9863,0,Initial_Baseline,None,baseline,0,6.9863,OPEN HAND - baseline,2878,2765,2731,2975,2843,2898,2830,8040.427280,7068.421053,6807.478006,9031.250000,7720.607029,8231.578947,7606.324111,-0.008164,-0.008883,-0.005486,0.003691,0.009230,0.005913,0.001144
932050,7.0299,0,Initial_Baseline,None,baseline,0,7.0299,OPEN HAND - baseline,2891,2774,2736,2974,2841,2899,2823,8163.953488,7139.742619,6845.033113,9020.160571,7702.870813,8241.304348,7545.754717,0.007073,0.001118,0.000000,0.002458,0.006911,0.007101,-0.006828
932100,7.1899,0,Initial_Baseline,None,baseline,0,7.1899,OPEN HAND - baseline,2890,2775,2737,2962,2827,2891,2832,8154.356846,7147.727273,6852.577320,8888.614298,7580.283912,8163.953488,7623.752969,0.005890,0.002237,0.001102,-0.012161,-0.009113,-0.002351,0.003438
932150,7.1900,0,Initial_Baseline,None,baseline,0,7.1900,OPEN HAND - baseline,2877,2767,2736,2978,2841,2904,2830,8031.034483,7084.186747,6845.033113,9064.637422,7702.870813,8290.176322,7606.324111,-0.009323,-0.006672,0.000000,0.007401,0.006911,0.013073,0.001144
932200,7.1900,0,Initial_Baseline,None,baseline,0,7.1900,OPEN HAND - baseline,2890,2776,2743,2976,2836,2899,2828,8154.356846,7155.724033,6898.076923,9042.359249,7658.776807,8241.304348,7588.950276,0.005890,0.003359,0.007749,0.004925,0.001147,0.007101,-0.001142
932250,7.2223,0,Initial_Baseline,None,baseline,0,7.2223,OPEN HAND - baseline,2884,2775,2744,2964,2828,2891,2833,8097.109827,7147.727273,6905.699482,8910.344828,7588.950276,8163.953488,7632.488114,-0.001172,0.002237,0.008863,-0.009746,-0.007980,-0.002351,0.004588
932300,7.2768,0,Initial_Baseline,None,baseline,0,7.2768,OPEN HAND - baseline,2878,2766,2745,2974,2839,2896,2833,8040.427280,7076.297968,6913.333333,9020.160571,7685.191083,8212.176814,7632.488114,-0.008164,-0.007778,0.009978,0.002458,0.004600,0.003542,0.004588
932350,7.4477,0,Initial_Baseline,None,baseline,0,7.4477,OPEN HAND - baseline,2892,2779,2744,2973,2838,2898,2823,8173.566085,7179.787234,6905.699482,9009.090909,7676.372315,8231.578947,7545.754717,0.008259,0.006733,0.008863,0.001228,0.003447,0.005913,-0.006828
932400,7.4478,0,Initial_Baseline,None,baseline,0,7.4478,OPEN HAND - baseline,2890,2781,2747,2957,2827,2895,2834,8154.356846,7195.890411,6928.635015,8834.622144,7580.283912,8202.500000,7641.237113,0.005890,0.008991,0.012214,-0.018162,-0.009113,0.002359,0.005740
932450,7.4478,0,Initial_Baseline,None,baseline,0,7.4478,OPEN HAND - baseline,2880,2768,2747,2967,2838,2898,2833,8059.259259,7092.087415,6928.635015,8943.085106,7676.372315,8231.578947,7632.488114,-0.005841,-0.005564,0.012214,-0.006108,0.003447,0.005913,0.004588
932500,7.5135,0,Initial_Baseline,None,baseline,0,7.5135,OPEN HAND - baseline,2894,2782,2748,2971,2837,2897,2827,8192.839301,7203.960396,6936.302895,8987.010676,7667.567568,8221.869783,7580.283912,0.010637,0.010122,0.013334,-0.001226,0.002296,0.004726,-0.002283
932550,7.5461,0,Initial_Baseline,None,baseline,0,7.5461,OPEN HAND - baseline,2895,2781,2743,2959,2829,2890,2838,8202.500000,7195.890411,6898.076923,8856.161972,7597.630332,8154.356846,7676.372315,0.011828,0.008991,0.007749,-0.015768,-0.006846,-0.003524,0.010364
932600,7.7044,0,Initial_Baseline,None,baseline,0,7.7044,OPEN HAND - baseline,2885,2771,2742,2970,2835,2895,2834,8106.611570,7115.861027,6890.465632,8976.000000,7650.000000,8202.500000,7641.237113,0.000000,-0.002231,0.006637,-0.002450,0.000000,0.002359,0.005740
932650,7.7044,0,Initial_Baseline,None,baseline,0,7.7044,OPEN HAND - baseline,2895,2785,2743,2964,2836,2897,2828,8202.500000,7228.244275,6898.076923,8910.344828,7658.776807,8221.869783,7588.950276,0.011828,0.013527,0.007749,-0.009746,0.001147,0.004726,-0.001142
932700,7.7045,0,Initial_Baseline,None,baseline,0,7.7045,OPEN HAND - baseline,2896,2782,2739,2959,2826,2888,2837,8212.176814,7203.960396,6867.699115,8856.161972,7571.631206,8135.211268,7667.567568,0.013022,0.010122,0.003311,-0.015768,-0.010244,-0.005864,0.009205
932750,7.7475,0,Initial_Baseline,None,baseline,0,7.7475,OPEN HAND - baseline,2889,2772,2737,2966,2836,2895,2837,8144.776119,7123.809524,6852.577320,8932.152347,7658.776807,8202.500000,7667.567568,0.004708,-0.001116,0.001102,-0.007323,0.001147,0.002359,0.009205
932800,7.8021,0,Initial_Baseline,None,baseline,0,7.8021,OPEN HAND - baseline,2896,2781,2740,2964,2835,2897,2831,8212.176814,7195.890411,6875.276753,8910.344828,7650.000000,8221.869783,7615.031646,0.013022,0.008991,0.004418,-0.009746,0.000000,0.004726,0.002290
932850,7.9634,0,Initial_Baseline,None,baseline,0,7.9634,OPEN HAND - baseline,2897,2779,2738,2961,2829,2891,2836,8221.869783,7179.787234,6860.132646,8877.777778,7597.630332,8163.953488,7658.776807,0.014218,0.006733,0.002206,-0.013365,-0.006846,-0.002351,0.008048
932900,7.9635,0,Initial_Baseline,None,baseline,0,7.9635,OPEN HAND - baseline,2893,2770,2739,2972,2838,2895,2836,8183.194676,7107.924528,6867.699115,8998.040962,7676.372315,8202.500000,7658.776807,0.009447,-0.003344,0.003311,0.000000,0.003447,0.002359,0.008048
932950,7.9635,0,Initial_Baseline,None,baseline,0,7.9635,OPEN HAND - baseline,2902,2780,2745,2968,2835,2896,2832,8270.578374,7187.832700,6913.333333,8954.037267,7650.000000,8212.176814,7623.752969,0.020226,0.007861,0.009978,-0.004890,0.000000,0.003542,0.003438
933000,8.0066,0,Initial_Baseline,None,baseline,0,8.0066,OPEN HAND - baseline,2901,2779,2749,2958,2830,2888,2839,8260.804020,7179.787234,6943.982169,8845.382586,7606.324111,8135.211268,7685.191083,0.019021,0.006733,0.014456,-0.016966,-0.005709,-0.005864,0.011525
933050,8.0491,0,Initial_Baseline,None,baseline,0,8.0491,OPEN HAND - baseline,2893,2771,2740,2970,2835,2893,2836,8183.194676,7115.861027,6875.276753,8976.000000,7650.000000,8183.194676,7658.776807,0.009447,-0.002231,0.004418,-0.002450,0.000000,0.000000,0.008048
933100,8.2242,0,Initial_Baseline,None,baseline,0,8.2242,OPEN HAND - baseline,2901,2779,2747,2962,2836,2891,2829,8260.804020,7179.787234,6928.635015,8888.614298,7658.776807,8163.953488,7597.630332,0.019021,0.006733,0.012214,-0.012161,0.001147,-0.002351,0.000000
933150,8.2242,0,Initial_Baseline,None,baseline,0,8.2242,OPEN HAND - baseline,2898,2778,2749,2954,2829,2885,2840,8231.578947,7171.753986,6943.982169,8802.453988,7597.630332,8106.611570,7694.023904,0.015415,0.005606,0.014456,-0.021737,-0.006846,-0.009359,0.012687
933200,8.2242,0,Initial_Baseline,None,baseline,0,8.2242,OPEN HAND - baseline,2890,2768,2742,2966,2838,2892,2837,8154.356846,7092.087415,6890.465632,8932.152347,7676.372315,8173.566085,7667.567568,0.005890,-0.005564,0.006637,-0.007323,0.003447,-0.001177,0.009205
933250,8.2353,0,Initial_Baseline,None,baseline,0,8.2353,OPEN HAND - baseline,2898,2780,2748,2961,2835,2890,2834,8231.578947,7187.832700,6936.302895,8877.777778,7650.000000,8154.356846,7641.237113,0.015415,0.007861,0.013334,-0.013365,0.000000,-0.003524,0.005740
933300,8.2900,0,Initial_Baseline,None,baseline,0,8.2900,OPEN HAND - baseline,2897,2777,2748,2957,2829,2887,2839,8221.869783,7163.732929,6936.302895,8834.622144,7597.630332,8125.662252,7685.191083,0.014218,0.004482,0.013334,-0.018162,-0.006846,-0.007031,0.011525
933350,8.3335,0,Initial_Baseline,None,baseline,0,8.3335,OPEN HAND - baseline,2893,2769,2751,2969,2838,2894,2838,8183.194676,7100.000000,6959.375000,8965.008881,7676.372315,8192.839301,7676.372315,0.009447,-0.004455,0.016704,-0.003671,0.003447,0.001179,0.010364
933400,8.4653,0,Initial_Baseline,None,baseline,0,8.4653,OPEN HAND - baseline,2897,2779,2748,2971,2838,2894,2828,8221.869783,7179.787234,6936.302895,8987.010676,7676.372315,8192.839301,7588.950276,0.014218,0.006733,0.013334,-0.001226,0.003447,0.001179,-0.001142
933450,8.4654,0,Initial_Baseline,None,baseline,0,8.4654,OPEN HAND - baseline,2898,2773,2744,2958,2829,2887,2837,8231.578947,7131.770045,6905.699482,8845.382586,7597.630332,8125.662252,7667.567568,0.015415,0.000000,0.008863,-0.016966,-0.006846,-0.007031,0.009205
933500,8.4871,0,Initial_Baseline,None,baseline,0,8.4871,OPEN HAND - baseline,2890,2767,2741,2969,2837,2893,2835,8154.356846,7084.186747,6882.865583,8965.008881,7667.567568,8183.194676,7650.000000,0.005890,-0.006672,0.005527,-0.003671,0.002296,0.000000,0.006893
933550,8.5308,0,Initial_Baseline,None,baseline,0,8.5308,OPEN HAND - baseline,2898,2776,2751,2967,2837,2889,2825,8231.578947,7155.724033,6959.375000,8943.085106,7667.567568,8144.776119,7562.992126,0.015415,0.003359,0.016704,-0.006108,0.002296,-0.004695,-0.004559
933600,8.5744,0,Initial_Baseline,None,baseline,0,8.5744,OPEN HAND - baseline,2893,2775,2750,2962,2828,2885,2832,8183.194676,7147.727273,6951.672862,8888.614298,7588.950276,8106.611570,7623.752969,0.009447,0.002237,0.015579,-0.012161,-0.007980,-0.009359,0.003438
933650,8.7190,0,Initial_Baseline,None,baseline,0,8.7190,OPEN HAND - baseline,2880,2767,2749,2976,2835,2892,2833,8059.259259,7084.186747,6943.982169,9042.359249,7650.000000,8173.566085,7632.488114,-0.005841,-0.006672,0.014456,0.004925,0.000000,-0.001177,0.004588
933700,8.7190,0,Initial_Baseline,None,baseline,0,8.7190,OPEN HAND - baseline,2895,2775,2751,2968,2837,2891,2825,8202.500000,7147.727273,6959.375000,8954.037267,7667.567568,8163.953488,7562.992126,0.011828,0.002237,0.016704,-0.004890,0.002296,-0.002351,-0.004559
933750,8.7300,0,Initial_Baseline,None,baseline,0,8.7300,OPEN HAND - baseline,2893,2777,2751,2960,2831,2883,2832,8183.194676,7163.732929,6959.375000,8866.960352,7615.031646,8087.623762,7623.752969,0.009447,0.004482,0.016704,-0.014568,-0.004571,-0.011679,0.003438
933800,8.7737,0,Initial_Baseline,None,baseline,0,8.7737,OPEN HAND - baseline,2884,2767,2743,2969,2837,2891,2831,8097.109827,7084.186747,6898.076923,8965.008881,7667.567568,8163.953488,7615.031646,-0.001172,-0.006672,0.007749,-0.003671,0.002296,-0.002351,0.002290
933850,8.9797,0,Initial_Baseline,None,baseline,0,8.9797,OPEN HAND - baseline,2894,2775,2747,2972,2833,2890,2822,8192.839301,7147.727273,6928.635015,8998.040962,7632.488114,8154.356846,7537.156324,0.010637,0.002237,0.012214,0.000000,-0.002289,-0.003524,-0.007960
933900,8.9798,0,Initial_Baseline,None,baseline,0,8.9798,OPEN HAND - baseline,2893,2775,2748,2967,2828,2883,2832,8183.194676,7147.727273,6936.302895,8943.085106,7588.950276,8087.623762,7623.752969,0.009447,0.002237,0.013334,-0.006108,-0.007980,-0.011679,0.003438
933950,8.9798,0,Initial_Baseline,None,baseline,0,8.9798,OPEN HAND - baseline,2882,2768,2739,2979,2834,2891,2831,8078.153339,7092.087415,6867.699115,9075.806452,7641.237113,8163.953488,7615.031646,-0.003510,-0.005564,0.003311,0.008642,-0.001145,-0.002351,0.002290
934000,9.0019,0,Initial_Baseline,None,baseline,0,9.0019,OPEN HAND - baseline,2891,2773,2740,2976,2835,2893,2819,8163.953488,7131.770045,6875.276753,9042.359249,7650.000000,8183.194676,7511.442006,0.007073,0.000000,0.004418,0.004925,0.000000,0.000000,-0.011344
934050,9.0452,0,Initial_Baseline,None,baseline,0,9.0452,OPEN HAND - baseline,2887,2775,2741,2967,2827,2882,2831,8125.662252,7147.727273,6882.865583,8943.085106,7580.283912,8078.153339,7615.031646,0.002350,0.002237,0.005527,-0.006108,-0.009113,-0.012836,0.002290
934100,9.0784,0,Initial_Baseline,None,baseline,0,9.0784,OPEN HAND - baseline,2874,2767,2734,2975,2836,2893,2829,8002.948403,7084.186747,6829.977957,9031.250000,7658.776807,8183.194676,7597.630332,-0.012787,-0.006672,-0.002199,0.003691,0.001147,0.000000,0.000000
934150,9.2162,0,Initial_Baseline,None,baseline,0,9.2162,OPEN HAND - baseline,2884,2774,2743,2971,2835,2890,2818,8097.109827,7139.742619,6898.076923,8987.010676,7650.000000,8154.356846,7502.897416,-0.001172,0.001118,0.007749,-0.001226,0.000000,-0.003524,-0.012469
934200,9.2163,0,Initial_Baseline,None,baseline,0,9.2163,OPEN HAND - baseline,2885,2773,2737,2961,2826,2881,2829,8106.611570,7131.770045,6852.577320,8877.777778,7571.631206,8068.698517,7597.630332,0.000000,0.000000,0.001102,-0.013365,-0.010244,-0.013992,0.000000
934250,9.2274,0,Initial_Baseline,None,baseline,0,9.2274,OPEN HAND - baseline,2877,2766,2737,2973,2836,2892,2828,8031.034483,7076.297968,6852.577320,9009.090909,7658.776807,8173.566085,7588.950276,-0.009323,-0.007778,0.001102,0.001228,0.001147,-0.001177,-0.001142
934300,9.2927,0,Initial_Baseline,None,baseline,0,9.2927,OPEN HAND - baseline,2885,2772,2743,2974,2834,2894,2815,8106.611570,7123.809524,6898.076923,9020.160571,7641.237113,8192.839301,7477.343750,0.000000,-0.001116,0.007749,0.002458,-0.001145,0.001179,-0.015832
934350,9.3468,0,Initial_Baseline,None,baseline,0,9.3468,OPEN HAND - baseline,2885,2777,2741,2964,2827,2887,2830,8106.611570,7163.732929,6882.865583,8910.344828,7580.283912,8125.662252,7606.324111,0.000000,0.004482,0.005527,-0.009746,-0.009113,-0.007031,0.001144
934400,9.4851,0,Initial_Baseline,None,baseline,0,9.4851,OPEN HAND - baseline,2873,2767,2732,2980,2835,2893,2829,7993.617021,7084.186747,6814.966985,9086.995516,7650.000000,8183.194676,7597.630332,-0.013939,-0.006672,-0.004392,0.009886,0.000000,0.000000,0.000000
934450,9.4852,0,Initial_Baseline,None,baseline,0,9.4852,OPEN HAND - baseline,2889,2775,2736,2974,2835,2893,2820,8144.776119,7147.727273,6845.033113,9020.160571,7650.000000,8183.194676,7520.000000,0.004708,0.002237,0.000000,0.002458,0.000000,0.000000,-0.010218
934500,9.5065,0,Initial_Baseline,None,baseline,0,9.5065,OPEN HAND - baseline,2884,2774,2733,2969,2827,2884,2833,8097.109827,7139.742619,6822.466960,8965.008881,7580.283912,8097.109827,7632.488114,-0.001172,0.001118,-0.003297,-0.003671,-0.009113,-0.010520,0.004588
934550,9.5166,0,Initial_Baseline,None,baseline,0,9.5166,OPEN HAND - baseline,2877,2764,2732,2981,2840,2894,2832,8031.034483,7060.555973,6814.966985,9098.204668,7694.023904,8192.839301,7623.752969,-0.009323,-0.009985,-0.004392,0.011132,0.005755,0.001179,0.003438
934600,9.7166,0,Initial_Baseline,None,baseline,0,9.7166,OPEN HAND - baseline,2890,2775,2740,2975,2839,2894,2824,8154.356846,7147.727273,6875.276753,9031.250000,7685.191083,8192.839301,7554.366640,0.005890,0.002237,0.004418,0.003691,0.004600,0.001179,-0.005694
934650,9.7167,0,Initial_Baseline,None,baseline,0,9.7167,OPEN HAND - baseline,2885,2773,2737,2966,2830,2887,2832,8106.611570,7131.770045,6852.577320,8932.152347,7606.324111,8125.662252,7623.752969,0.000000,0.000000,0.001102,-0.007323,-0.005709,-0.007031,0.003438
934700,9.7167,0,Initial_Baseline,None,baseline,0,9.7167,OPEN HAND - baseline,2877,2765,2731,2970,2839,2895,2832,8031.034483,7068.421053,6807.478006,8976.000000,7685.191083,8202.500000,7623.752969,-0.009323,-0.008883,-0.005486,-0.002450,0.004600,0.002359,0.003438
934750,9.7379,0,Initial_Baseline,None,baseline,0,9.7379,OPEN HAND - baseline,2886,2773,2738,2971,2837,2896,2827,8116.129032,7131.770045,6860.132646,8987.010676,7667.567568,8212.176814,7580.283912,0.001174,0.000000,0.002206,-0.001226,0.002296,0.003542,-0.002283
934800,9.7926,0,Initial_Baseline,None,baseline,0,9.7926,OPEN HAND - baseline,2890,2778,2729,2963,2829,2892,2834,8154.356846,7171.753986,6792.532943,8899.469965,7597.630332,8173.566085,7641.237113,0.005890,0.005606,-0.007670,-0.010955,-0.006846,-0.001177,0.005740
934850,9.8258,0,Initial_Baseline,None,baseline,0,9.8258,OPEN HAND - baseline,2879,2769,2733,2973,2835,2897,2833,8049.835526,7100.000000,6822.466960,9009.090909,7650.000000,8221.869783,7632.488114,-0.007004,-0.004455,-0.003297,0.001228,0.000000,0.004726,0.004588
934900,9.9834,0,Initial_Baseline,None,baseline,0,9.9834,OPEN HAND - baseline,2891,2777,2735,2974,2835,2900,2828,8163.953488,7163.732929,6837.500000,9020.160571,7650.000000,8251.046025,7588.950276,0.007073,0.004482,-0.001101,0.002458,0.000000,0.008292,-0.001142
934950,9.9834,0,Initial_Baseline,None,baseline,0,9.9834,OPEN HAND - baseline,2890,2774,2734,2962,2825,2893,2835,8154.356846,7139.742619,6829.977957,8888.614298,7562.992126,8183.194676,7650.000000,0.005890,0.001118,-0.002199,-0.012161,-0.011374,0.000000,0.006893
935000,9.9835,0,Initial_Baseline,None,baseline,0,9.9835,OPEN HAND - baseline,2879,2765,2734,2972,2837,2901,2834,8049.835526,7068.421053,6829.977957,8998.040962,7667.567568,8260.804020,7641.237113,-0.007004,-0.008883,-0.002199,0.000000,0.002296,0.009484,0.005740
935050,10.0686,1,Thumb_Prep_Open,Thumb,prep_open,0,0.0686,OPEN HAND - prepare for Thumb,2892,2773,2735,2972,2835,2897,2825,8173.566085,7131.770045,6837.500000,8998.040962,7650.000000,8221.869783,7562.992126,0.008259,0.000000,-0.001101,0.000000,0.000000,0.004726,-0.004559
935100,10.0869,1,Thumb_Prep_Open,Thumb,prep_open,0,0.0869,OPEN HAND - prepare for Thumb,2889,2771,2730,2960,2826,2892,2835,8144.776119,7115.861027,6800.000000,8866.960352,7571.631206,8173.566085,7650.000000,0.004708,-0.002231,-0.006579,-0.014568,-0.010244,-0.001177,0.006893
935150,10.2686,1,Thumb_Prep_Open,Thumb,prep_open,0,0.2686,OPEN HAND - prepare for Thumb,2881,2766,2730,2969,2834,2897,2834,8068.698517,7076.297968,6800.000000,8965.008881,7641.237113,8221.869783,7641.237113,-0.004677,-0.007778,-0.006579,-0.003671,-0.001145,0.004726,0.005740
935200,10.2687,1,Thumb_Prep_Open,Thumb,prep_open,0,0.2687,OPEN HAND - prepare for Thumb,2894,2771,2737,2966,2834,2898,2828,8192.839301,7115.861027,6852.577320,8932.152347,7641.237113,8231.578947,7588.950276,0.010637,-0.002231,0.001102,-0.007323,-0.001145,0.005913,-0.001142
935250,10.2687,1,Thumb_Prep_Open,Thumb,prep_open,0,0.2687,OPEN HAND - prepare for Thumb,2893,2773,2728,2956,2824,2890,2837,8183.194676,7131.770045,6785.076811,8823.880597,7554.366640,8154.356846,7667.567568,0.009447,0.000000,-0.008759,-0.019355,-0.012501,-0.003524,0.009205
935300,10.2798,1,Thumb_Prep_Open,Thumb,prep_open,0,0.2798,OPEN HAND - prepare for Thumb,2878,2762,2728,2963,2834,2895,2834,8040.427280,7044.861215,6785.076811,8899.469965,7641.237113,8202.500000,7641.237113,-0.008164,-0.012186,-0.008759,-0.010955,-0.001145,0.002359,0.005740
935350,10.3351,1,Thumb_Prep_Open,Thumb,prep_open,0,0.3351,OPEN HAND - prepare for Thumb,2889,2772,2736,2961,2833,2895,2826,8144.776119,7123.809524,6845.033113,8877.777778,7632.488114,8202.500000,7571.631206,0.004708,-0.001116,0.000000,-0.013365,-0.002289,0.002359,-0.003422
935400,10.5238,1,Thumb_Prep_Open,Thumb,prep_open,0,0.5238,OPEN HAND - prepare for Thumb,2890,2772,2736,2954,2825,2887,2835,8154.356846,7123.809524,6845.033113,8802.453988,7562.992126,8125.662252,7650.000000,0.005890,-0.001116,0.000000,-0.021737,-0.011374,-0.007031,0.006893
935450,10.5239,1,Thumb_Prep_Open,Thumb,prep_open,0,0.5239,OPEN HAND - prepare for Thumb,2875,2764,2730,2961,2835,2895,2834,8012.295082,7060.555973,6800.000000,8877.777778,7650.000000,8202.500000,7641.237113,-0.011635,-0.009985,-0.006579,-0.013365,0.000000,0.002359,0.005740
935500,10.5239,1,Thumb_Prep_Open,Thumb,prep_open,0,0.5239,OPEN HAND - prepare for Thumb,2890,2773,2738,2959,2835,2894,2824,8154.356846,7131.770045,6860.132646,8856.161972,7650.000000,8192.839301,7554.366640,0.005890,0.000000,0.002206,-0.015768,0.000000,0.001179,-0.005694
935550,10.5239,1,Thumb_Prep_Open,Thumb,prep_open,0,0.5239,OPEN HAND - prepare for Thumb,2885,2773,2735,2948,2824,2884,2834,8106.611570,7131.770045,6837.500000,8738.622493,7554.366640,8097.109827,7641.237113,0.000000,0.000000,-0.001101,-0.028831,-0.012501,-0.010520,0.005740
935600,10.5894,1,Thumb_Prep_Open,Thumb,prep_open,0,0.5894,OPEN HAND - prepare for Thumb,2876,2763,2734,2961,2835,2892,2832,8021.657096,7052.702703,6829.977957,8877.777778,7650.000000,8173.566085,7623.752969,-0.010480,-0.011087,-0.002199,-0.013365,0.000000,-0.001177,0.003438
935650,10.7715,1,Thumb_Prep_Open,Thumb,prep_open,0,0.7715,OPEN HAND - prepare for Thumb,2890,2776,2737,2959,2834,2892,2824,8154.356846,7155.724033,6852.577320,8856.161972,7641.237113,8173.566085,7554.366640,0.005890,0.003359,0.001102,-0.015768,-0.001145,-0.001177,-0.005694
935700,10.7715,1,Thumb_Prep_Open,Thumb,prep_open,0,0.7715,OPEN HAND - prepare for Thumb,2887,2773,2733,2951,2828,2884,2835,8125.662252,7131.770045,6822.466960,8770.454545,7588.950276,8097.109827,7650.000000,0.002350,0.000000,-0.003297,-0.025293,-0.007980,-0.010520,0.006893
935750,10.7716,1,Thumb_Prep_Open,Thumb,prep_open,0,0.7716,OPEN HAND - prepare for Thumb,2875,2766,2733,2957,2833,2890,2833,8012.295082,7076.297968,6822.466960,8834.622144,7632.488114,8154.356846,7632.488114,-0.011635,-0.007778,-0.003297,-0.018162,-0.002289,-0.003524,0.004588
935800,10.7819,1,Thumb_Prep_Open,Thumb,prep_open,0,0.7819,OPEN HAND - prepare for Thumb,2885,2771,2736,2959,2834,2889,2822,8106.611570,7115.861027,6845.033113,8856.161972,7641.237113,8144.776119,7537.156324,0.000000,-0.002231,0.000000,-0.015768,-0.001145,-0.004695,-0.007960
935850,10.8255,1,Thumb_Prep_Open,Thumb,prep_open,0,0.8255,OPEN HAND - prepare for Thumb,2885,2773,2730,2949,2825,2883,2835,8106.611570,7131.770045,6800.000000,8749.214660,7562.992126,8087.623762,7650.000000,0.000000,0.000000,-0.006579,-0.027653,-0.011374,-0.011679,0.006893
935900,11.0265,1,Thumb_Prep_Open,Thumb,prep_open,0,1.0265,OPEN HAND - prepare for Thumb,2877,2765,2728,2965,2834,2896,2833,8031.034483,7068.421053,6785.076811,8921.238938,7641.237113,8212.176814,7632.488114,-0.009323,-0.008883,-0.008759,-0.008535,-0.001145,0.003542,0.004588
935950,11.0266,1,Thumb_Prep_Open,Thumb,prep_open,0,1.0266,OPEN HAND - prepare for Thumb,2885,2772,2738,2961,2834,2893,2820,8106.611570,7123.809524,6860.132646,8877.777778,7641.237113,8183.194676,7520.000000,0.000000,-0.001116,0.002206,-0.013365,-0.001145,0.000000,-0.010218
936000,11.0266,1,Thumb_Prep_Open,Thumb,prep_open,0,1.0266,OPEN HAND - prepare for Thumb,2884,2771,2736,2954,2824,2880,2833,8097.109827,7115.861027,6845.033113,8802.453988,7554.366640,8059.259259,7632.488114,-0.001172,-0.002231,0.000000,-0.021737,-0.012501,-0.015145,0.004588
936050,11.0266,1,Thumb_Prep_Open,Thumb,prep_open,0,1.0266,OPEN HAND - prepare for Thumb,2876,2762,2732,2963,2836,2890,2832,8021.657096,7044.861215,6814.966985,8899.469965,7658.776807,8154.356846,7623.752969,-0.010480,-0.012186,-0.004392,-0.010955,0.001147,-0.003524,0.003438
936100,11.0916,1,Thumb_Prep_Open,Thumb,prep_open,0,1.0916,OPEN HAND - prepare for Thumb,2886,2770,2736,2964,2835,2890,2823,8116.129032,7107.924528,6845.033113,8910.344828,7650.000000,8154.356846,7545.754717,0.001174,-0.003344,0.000000,-0.009746,0.000000,-0.003524,-0.006828
936150,11.2763,1,Thumb_Prep_Open,Thumb,prep_open,0,1.2763,OPEN HAND - prepare for Thumb,2883,2772,2734,2956,2828,2885,2833,8087.623762,7123.809524,6829.977957,8823.880597,7588.950276,8106.611570,7632.488114,-0.002342,-0.001116,-0.002199,-0.019355,-0.007980,-0.009359,0.004588
936200,11.2764,1,Thumb_Prep_Open,Thumb,prep_open,0,1.2764,OPEN HAND - prepare for Thumb,2870,2764,2730,2963,2836,2887,2832,7965.714286,7060.555973,6800.000000,8899.469965,7658.776807,8125.662252,7623.752969,-0.017381,-0.009985,-0.006579,-0.010955,0.001147,-0.007031,0.003438
936250,11.2764,1,Thumb_Prep_Open,Thumb,prep_open,0,1.2764,OPEN HAND - prepare for Thumb,2885,2777,2738,2964,2833,2888,2822,8106.611570,7163.732929,6860.132646,8910.344828,7632.488114,8135.211268,7537.156324,0.000000,0.004482,0.002206,-0.009746,-0.002289,-0.005864,-0.007960
936300,11.2765,1,Thumb_Prep_Open,Thumb,prep_open,0,1.2765,OPEN HAND - prepare for Thumb,2880,2773,2733,2952,2827,2879,2833,8059.259259,7131.770045,6822.466960,8781.102362,7580.283912,8049.835526,7632.488114,-0.005841,0.000000,-0.003297,-0.024110,-0.009113,-0.016297,0.004588
936350,11.3408,1,Thumb_Prep_Open,Thumb,prep_open,0,1.3408,OPEN HAND - prepare for Thumb,2872,2766,2734,2963,2835,2889,2832,7984.300899,7076.297968,6829.977957,8899.469965,7650.000000,8144.776119,7623.752969,-0.015088,-0.007778,-0.002199,-0.010955,0.000000,-0.004695,0.003438
936400,11.3842,1,Thumb_Prep_Open,Thumb,prep_open,0,1.3842,OPEN HAND - prepare for Thumb,2883,2774,2744,2961,2835,2887,2820,8087.623762,7139.742619,6905.699482,8877.777778,7650.000000,8125.662252,7520.000000,-0.002342,0.001118,0.008863,-0.013365,0.000000,-0.007031,-0.010218
936450,11.5450,1,Thumb_Prep_Open,Thumb,prep_open,0,1.5450,OPEN HAND - prepare for Thumb,2879,2774,2743,2953,2827,2879,2832,8049.835526,7139.742619,6898.076923,8791.768827,7580.283912,8049.835526,7623.752969,-0.007004,0.001118,0.007749,-0.022924,-0.009113,-0.016297,0.003438
936500,11.5451,1,Thumb_Prep_Open,Thumb,prep_open,0,1.5451,OPEN HAND - prepare for Thumb,2866,2765,2740,2967,2835,2887,2832,7928.722539,7068.421053,6875.276753,8943.085106,7650.000000,8125.662252,7623.752969,-0.021944,-0.008883,0.004418,-0.006108,0.000000,-0.007031,0.003438
936550,11.5451,1,Thumb_Prep_Open,Thumb,prep_open,0,1.5451,OPEN HAND - prepare for Thumb,2877,2772,2743,2962,2834,2886,2825,8031.034483,7123.809524,6898.076923,8888.614298,7641.237113,8116.129032,7562.992126,-0.009323,-0.001116,0.007749,-0.012161,-0.001145,-0.008196,-0.004559
936600,11.5776,1,Thumb_Prep_Open,Thumb,prep_open,0,1.5776,OPEN HAND - prepare for Thumb,2878,2772,2735,2950,2827,2881,2832,8040.427280,7123.809524,6837.500000,8759.825328,7580.283912,8068.698517,7623.752969,-0.008164,-0.001116,-0.001101,-0.026474,-0.009113,-0.013992,0.003438
936650,11.6213,1,Thumb_Prep_Open,Thumb,prep_open,0,1.6213,OPEN HAND - prepare for Thumb,2867,2764,2741,2968,2836,2890,2833,7937.947883,7060.555973,6882.865583,8954.037267,7658.776807,8154.356846,7632.488114,-0.020806,-0.009985,0.005527,-0.004890,0.001147,-0.003524,0.004588
936700,11.8025,1,Thumb_Prep_Open,Thumb,prep_open,0,1.8025,OPEN HAND - prepare for Thumb,2877,2770,2744,2964,2836,2885,2824,8031.034483,7107.924528,6905.699482,8910.344828,7658.776807,8106.611570,7554.366640,-0.009323,-0.003344,0.008863,-0.009746,0.001147,-0.009359,-0.005694
936750,11.8026,1,Thumb_Prep_Open,Thumb,prep_open,0,1.8026,OPEN HAND - prepare for Thumb,2876,2771,2740,2955,2827,2879,2833,8021.657096,7115.861027,6875.276753,8813.157895,7580.283912,8049.835526,7632.488114,-0.010480,-0.002231,0.004418,-0.020547,-0.009113,-0.016297,0.004588
936800,11.8026,1,Thumb_Prep_Open,Thumb,prep_open,0,1.8026,OPEN HAND - prepare for Thumb,2866,2764,2738,2964,2834,2889,2831,7928.722539,7060.555973,6860.132646,8910.344828,7641.237113,8144.776119,7615.031646,-0.021944,-0.009985,0.002206,-0.009746,-0.001145,-0.004695,0.002290
936850,11.8351,1,Thumb_Prep_Open,Thumb,prep_open,0,1.8351,OPEN HAND - prepare for Thumb,2879,2771,2744,2963,2834,2886,2819,8049.835526,7115.861027,6905.699482,8899.469965,7641.237113,8116.129032,7511.442006,-0.007004,-0.002231,0.008863,-0.010955,-0.001145,-0.008196,-0.011344
936900,11.8793,1,Thumb_Prep_Open,Thumb,prep_open,0,1.8793,OPEN HAND - prepare for Thumb,2879,2772,2743,2954,2825,2877,2831,8049.835526,7123.809524,6898.076923,8802.453988,7562.992126,8031.034483,7615.031646,-0.007004,-0.001116,0.007749,-0.021737,-0.011374,-0.018594,0.002290
936950,12.0664,1,Thumb_Prep_Open,Thumb,prep_open,0,2.0664,OPEN HAND - prepare for Thumb,2866,2765,2740,2961,2833,2883,2828,7928.722539,7068.421053,6875.276753,8877.777778,7632.488114,8087.623762,7588.950276,-0.021944,-0.008883,0.004418,-0.013365,-0.002289,-0.011679,-0.001142
937000,12.0665,1,Thumb_Prep_Open,Thumb,prep_open,0,2.0665,OPEN HAND - prepare for Thumb,2882,2776,2746,2959,2833,2884,2818,8078.153339,7155.724033,6920.978503,8856.161972,7632.488114,8097.109827,7502.897416,-0.003510,0.003359,0.011095,-0.015768,-0.002289,-0.010520,-0.012469
937050,12.0665,1,Thumb_Prep_Open,Thumb,prep_open,0,2.0665,OPEN HAND - prepare for Thumb,2880,2772,2743,2955,2828,2877,2830,8059.259259,7123.809524,6898.076923,8813.157895,7588.950276,8031.034483,7606.324111,-0.005841,-0.001116,0.007749,-0.020547,-0.007980,-0.018594,0.001144
937100,12.0883,1,Thumb_Prep_Open,Thumb,prep_open,0,2.0883,OPEN HAND - prepare for Thumb,2872,2767,2746,2962,2834,2884,2831,7984.300899,7084.186747,6920.978503,8888.614298,7641.237113,8097.109827,7615.031646,-0.015088,-0.006672,0.011095,-0.012161,-0.001145,-0.010520,0.002290
937150,12.1318,1,Thumb_Prep_Open,Thumb,prep_open,0,2.1318,OPEN HAND - prepare for Thumb,2882,2774,2752,2959,2833,2885,2819,8078.153339,7139.742619,6967.088608,8856.161972,7632.488114,8106.611570,7511.442006,-0.003510,0.001118,0.017831,-0.015768,-0.002289,-0.009359,-0.011344
937200,12.3033,1,Thumb_Prep_Open,Thumb,prep_open,0,2.3033,OPEN HAND - prepare for Thumb,2880,2776,2749,2954,2829,2880,2832,8059.259259,7155.724033,6943.982169,8802.453988,7597.630332,8059.259259,7623.752969,-0.005841,0.003359,0.014456,-0.021737,-0.006846,-0.015145,0.003438
937250,12.3033,1,Thumb_Prep_Open,Thumb,prep_open,0,2.3033,OPEN HAND - prepare for Thumb,2870,2768,2745,2960,2835,2888,2833,7965.714286,7092.087415,6913.333333,8866.960352,7650.000000,8135.211268,7632.488114,-0.017381,-0.005564,0.009978,-0.014568,0.000000,-0.005864,0.004588
937300,12.3033,1,Thumb_Prep_Open,Thumb,prep_open,0,2.3033,OPEN HAND - prepare for Thumb,2880,2775,2754,2962,2833,2887,2823,8059.259259,7147.727273,6982.550336,8888.614298,7632.488114,8125.662252,7545.754717,-0.005841,0.002237,0.020090,-0.012161,-0.002289,-0.007031,-0.006828
937350,12.3468,1,Thumb_Prep_Open,Thumb,prep_open,0,2.3468,OPEN HAND - prepare for Thumb,2882,2775,2752,2955,2829,2879,2834,8078.153339,7147.727273,6967.088608,8813.157895,7597.630332,8049.835526,7641.237113,-0.003510,0.002237,0.017831,-0.020547,-0.006846,-0.016297,0.005740
937400,12.3900,1,Thumb_Prep_Open,Thumb,prep_open,0,2.3900,OPEN HAND - prepare for Thumb,2870,2769,2743,2961,2838,2891,2833,7965.714286,7100.000000,6898.076923,8877.777778,7676.372315,8163.953488,7632.488114,-0.017381,-0.004455,0.007749,-0.013365,0.003447,-0.002351,0.004588
937450,12.5612,1,Thumb_Prep_Open,Thumb,prep_open,0,2.5612,OPEN HAND - prepare for Thumb,2880,2779,2753,2965,2835,2888,2822,8059.259259,7179.787234,6974.813711,8921.238938,7650.000000,8135.211268,7537.156324,-0.005841,0.006733,0.018960,-0.008535,0.000000,-0.005864,-0.007960
937500,12.5613,1,Thumb_Prep_Open,Thumb,prep_open,0,2.5613,OPEN HAND - prepare for Thumb,2879,2780,2749,2957,2830,2880,2831,8049.835526,7187.832700,6943.982169,8834.622144,7606.324111,8059.259259,7615.031646,-0.007004,0.007861,0.014456,-0.018162,-0.005709,-0.015145,0.002290
937550,12.5613,1,Thumb_Prep_Open,Thumb,prep_open,0,2.5613,OPEN HAND - prepare for Thumb,2868,2772,2743,2960,2835,2887,2831,7947.188264,7123.809524,6898.076923,8866.960352,7650.000000,8125.662252,7615.031646,-0.019666,-0.001116,0.007749,-0.014568,0.000000,-0.007031,0.002290
937600,12.5830,1,Thumb_Prep_Open,Thumb,prep_open,0,2.5830,OPEN HAND - prepare for Thumb,2878,2784,2756,2959,2835,2889,2819,8040.427280,7220.137300,6998.058252,8856.161972,7650.000000,8144.776119,7511.442006,-0.008164,0.012391,0.022356,-0.015768,0.000000,-0.004695,-0.011344
937650,12.6371,1,Thumb_Prep_Open,Thumb,prep_open,0,2.6371,OPEN HAND - prepare for Thumb,2879,2780,2753,2953,2827,2880,2831,8049.835526,7187.832700,6974.813711,8791.768827,7580.283912,8059.259259,7615.031646,-0.007004,0.007861,0.018960,-0.022924,-0.009113,-0.015145,0.002290
937700,12.6696,1,Thumb_Prep_Open,Thumb,prep_open,0,2.6696,OPEN HAND - prepare for Thumb,2868,2770,2752,2960,2835,2887,2831,7947.188264,7107.924528,6967.088608,8866.960352,7650.000000,8125.662252,7615.031646,-0.019666,-0.003344,0.017831,-0.014568,0.000000,-0.007031,0.002290
937750,12.8240,1,Thumb_Prep_Open,Thumb,prep_open,0,2.8240,OPEN HAND - prepare for Thumb,2877,2781,2752,2959,2835,2889,2820,8031.034483,7195.890411,6967.088608,8856.161972,7650.000000,8144.776119,7520.000000,-0.009323,0.008991,0.017831,-0.015768,0.000000,-0.004695,-0.010218
937800,12.8241,1,Thumb_Prep_Open,Thumb,prep_open,0,2.8241,OPEN HAND - prepare for Thumb,2876,2780,2754,2951,2830,2878,2832,8021.657096,7187.832700,6982.550336,8770.454545,7606.324111,8040.427280,7623.752969,-0.010480,0.007861,0.020090,-0.025293,-0.005709,-0.017446,0.003438
937850,12.8241,1,Thumb_Prep_Open,Thumb,prep_open,0,2.8241,OPEN HAND - prepare for Thumb,2866,2771,2750,2959,2837,2885,2831,7928.722539,7115.861027,6951.672862,8856.161972,7667.567568,8106.611570,7615.031646,-0.021944,-0.002231,0.015579,-0.015768,0.002296,-0.009359,0.002290
937900,12.8786,1,Thumb_Prep_Open,Thumb,prep_open,0,2.8786,OPEN HAND - prepare for Thumb,2878,2784,2754,2962,2835,2884,2823,8040.427280,7220.137300,6982.550336,8888.614298,7650.000000,8097.109827,7545.754717,-0.008164,0.012391,0.020090,-0.012161,0.000000,-0.010520,-0.006828
937950,13.0451,1,Thumb_Prep_Open,Thumb,prep_open,0,3.0451,OPEN HAND - prepare for Thumb,2877,2782,2753,2950,2828,2880,2833,8031.034483,7203.960396,6974.813711,8759.825328,7588.950276,8059.259259,7632.488114,-0.009323,0.010122,0.018960,-0.026474,-0.007980,-0.015145,0.004588
938000,13.0452,1,Thumb_Prep_Open,Thumb,prep_open,0,3.0452,OPEN HAND - prepare for Thumb,2866,2768,2745,2960,2835,2881,2831,7928.722539,7092.087415,6913.333333,8866.960352,7650.000000,8068.698517,7615.031646,-0.021944,-0.005564,0.009978,-0.014568,0.000000,-0.013992,0.002290
938050,13.0452,1,Thumb_Prep_Open,Thumb,prep_open,0,3.0452,OPEN HAND - prepare for Thumb,2879,2778,2755,2960,2835,2880,2821,8049.835526,7171.753986,6990.298507,8866.960352,7650.000000,8059.259259,7528.571429,-0.007004,0.005606,0.021222,-0.014568,0.000000,-0.015145,-0.009090
938100,13.0778,1,Thumb_Prep_Open,Thumb,prep_open,0,3.0778,OPEN HAND - prepare for Thumb,2879,2782,2755,2951,2826,2874,2832,8049.835526,7203.960396,6990.298507,8770.454545,7571.631206,8002.948403,7623.752969,-0.007004,0.010122,0.021222,-0.025293,-0.010244,-0.022026,0.003438
938150,13.1547,1,Thumb_Prep_Open,Thumb,prep_open,0,3.1547,OPEN HAND - prepare for Thumb,2869,2768,2754,2962,2836,2882,2830,7956.443719,7092.087415,6982.550336,8888.614298,7658.776807,8078.153339,7606.324111,-0.018524,-0.005564,0.020090,-0.012161,0.001147,-0.012836,0.001144
938200,13.1874,1,Thumb_Prep_Open,Thumb,prep_open,0,3.1874,OPEN HAND - prepare for Thumb,2877,2779,2753,2963,2835,2882,2821,8031.034483,7179.787234,6974.813711,8899.469965,7650.000000,8078.153339,7528.571429,-0.009323,0.006733,0.018960,-0.010955,0.000000,-0.012836,-0.009090
938250,13.3171,1,Thumb_Prep_Open,Thumb,prep_open,0,3.3171,OPEN HAND - prepare for Thumb,2877,2779,2757,2959,2827,2878,2832,8031.034483,7179.787234,7005.829596,8856.161972,7580.283912,8040.427280,7623.752969,-0.009323,0.006733,0.023491,-0.015768,-0.009113,-0.017446,0.003438
938300,13.3172,1,Thumb_Prep_Open,Thumb,prep_open,0,3.3172,OPEN HAND - prepare for Thumb,2866,2768,2753,2969,2834,2885,2830,7928.722539,7092.087415,6974.813711,8965.008881,7641.237113,8106.611570,7606.324111,-0.021944,-0.005564,0.018960,-0.003671,-0.001145,-0.009359,0.001144
938350,13.3273,1,Thumb_Prep_Open,Thumb,prep_open,0,3.3273,OPEN HAND - prepare for Thumb,2877,2781,2752,2969,2835,2883,2821,8031.034483,7195.890411,6967.088608,8965.008881,7650.000000,8087.623762,7528.571429,-0.009323,0.008991,0.017831,-0.003671,0.000000,-0.011679,-0.009090
938400,13.3922,1,Thumb_Prep_Open,Thumb,prep_open,0,3.3922,OPEN HAND - prepare for Thumb,2876,2778,2751,2960,2829,2879,2830,8021.657096,7171.753986,6959.375000,8866.960352,7597.630332,8049.835526,7606.324111,-0.010480,0.005606,0.016704,-0.014568,-0.006846,-0.016297,0.001144
938450,13.4255,1,Thumb_Prep_Open,Thumb,prep_open,0,3.4255,OPEN HAND - prepare for Thumb,2866,2771,2747,2972,2838,2885,2831,7928.722539,7115.861027,6928.635015,8998.040962,7676.372315,8106.611570,7615.031646,-0.021944,-0.002231,0.012214,0.000000,0.003447,-0.009359,0.002290
938500,13.5933,1,Thumb_Prep_Open,Thumb,prep_open,0,3.5933,OPEN HAND - prepare for Thumb,2878,2783,2754,2970,2836,2883,2819,8040.427280,7212.042683,6982.550336,8976.000000,7658.776807,8087.623762,7511.442006,-0.008164,0.011256,0.020090,-0.002450,0.001147,-0.011679,-0.011344
938550,13.5933,1,Thumb_Prep_Open,Thumb,prep_open,0,3.5933,OPEN HAND - prepare for Thumb,2876,2783,2754,2959,2830,2879,2831,8021.657096,7212.042683,6982.550336,8856.161972,7606.324111,8049.835526,7615.031646,-0.010480,0.011256,0.020090,-0.015768,-0.005709,-0.016297,0.002290
938600,13.5934,1,Thumb_Prep_Open,Thumb,prep_open,0,3.5934,OPEN HAND - prepare for Thumb,2866,2773,2746,2970,2836,2884,2828,7928.722539,7131.770045,6920.978503,8976.000000,7658.776807,8097.109827,7588.950276,-0.021944,0.000000,0.011095,-0.002450,0.001147,-0.010520,-0.001142
938650,13.6480,1,Thumb_Prep_Open,Thumb,prep_open,0,3.6480,OPEN HAND - prepare for Thumb,2876,2780,2752,2968,2837,2881,2817,8021.657096,7187.832700,6967.088608,8954.037267,7667.567568,8068.698517,7494.366197,-0.010480,0.007861,0.017831,-0.004890,0.002296,-0.013992,-0.013592
938700,13.7022,1,Thumb_Prep_Open,Thumb,prep_open,0,3.7022,OPEN HAND - prepare for Thumb,2880,2780,2749,2961,2827,2880,2829,8059.259259,7187.832700,6943.982169,8877.777778,7580.283912,8059.259259,7597.630332,-0.005841,0.007861,0.014456,-0.013365,-0.009113,-0.015145,0.000000
938750,13.8448,1,Thumb_Prep_Open,Thumb,prep_open,0,3.8448,OPEN HAND - prepare for Thumb,2868,2772,2741,2973,2836,2885,2830,7947.188264,7123.809524,6882.865583,9009.090909,7658.776807,8106.611570,7606.324111,-0.019666,-0.001116,0.005527,0.001228,0.001147,-0.009359,0.001144
938800,13.8449,1,Thumb_Prep_Open,Thumb,prep_open,0,3.8449,OPEN HAND - prepare for Thumb,2880,2781,2752,2969,2834,2882,2818,8059.259259,7195.890411,6967.088608,8965.008881,7641.237113,8078.153339,7502.897416,-0.005841,0.008991,0.017831,-0.003671,-0.001145,-0.012836,-0.012469
938850,13.8449,1,Thumb_Prep_Open,Thumb,prep_open,0,3.8449,OPEN HAND - prepare for Thumb,2877,2782,2750,2960,2826,2875,2828,8031.034483,7203.960396,6951.672862,8866.960352,7571.631206,8012.295082,7588.950276,-0.009323,0.010122,0.015579,-0.014568,-0.010244,-0.020884,-0.001142
938900,13.8772,1,Thumb_Prep_Open,Thumb,prep_open,0,3.8772,OPEN HAND - prepare for Thumb,2867,2770,2745,2971,2836,2885,2827,7937.947883,7107.924528,6913.333333,8987.010676,7658.776807,8106.611570,7580.283912,-0.020806,-0.003344,0.009978,-0.001226,0.001147,-0.009359,-0.002283
938950,13.9321,1,Thumb_Prep_Open,Thumb,prep_open,0,3.9321,OPEN HAND - prepare for Thumb,2878,2778,2751,2971,2837,2883,2817,8040.427280,7171.753986,6959.375000,8987.010676,7667.567568,8087.623762,7494.366197,-0.008164,0.005606,0.016704,-0.001226,0.002296,-0.011679,-0.013592
939000,14.1055,2,Thumb_C1_Open,Thumb,open,1,0.1055,Thumb cycle 1: OPEN,2876,2779,2752,2962,2830,2877,2826,8021.657096,7179.787234,6967.088608,8888.614298,7606.324111,8031.034483,7571.631206,-0.010480,0.006733,0.017831,-0.012161,-0.005709,-0.018594,-0.003422
939050,14.1058,2,Thumb_C1_Open,Thumb,open,1,0.1058,Thumb cycle 1: OPEN,2864,2768,2740,2978,2834,2882,2828,7910.316816,7092.087415,6875.276753,9064.637422,7641.237113,8078.153339,7588.950276,-0.024214,-0.005564,0.004418,0.007401,-0.001145,-0.012836,-0.001142
939100,14.1058,2,Thumb_C1_Open,Thumb,open,1,0.1058,Thumb cycle 1: OPEN,2876,2779,2751,2980,2834,2885,2816,8021.657096,7179.787234,6959.375000,9086.995516,7641.237113,8106.611570,7485.848319,-0.010480,0.006733,0.016704,0.009886,-0.001145,-0.009359,-0.014713
939150,14.1606,2,Thumb_C1_Open,Thumb,open,1,0.1606,Thumb cycle 1: OPEN,2878,2775,2749,2968,2830,2878,2827,8040.427280,7147.727273,6943.982169,8954.037267,7606.324111,8040.427280,7580.283912,-0.008164,0.002237,0.014456,-0.004890,-0.005709,-0.017446,-0.002283
939200,14.1815,2,Thumb_C1_Open,Thumb,open,1,0.1815,Thumb cycle 1: OPEN,2865,2766,2745,2979,2838,2883,2821,7919.512195,7076.297968,6913.333333,9075.806452,7676.372315,8087.623762,7528.571429,-0.023080,-0.007778,0.009978,0.008642,0.003447,-0.011679,-0.009090
939250,14.3741,2,Thumb_C1_Open,Thumb,open,1,0.3741,Thumb cycle 1: OPEN,2878,2776,2752,2981,2837,2885,2816,8040.427280,7155.724033,6967.088608,9098.204668,7667.567568,8106.611570,7485.848319,-0.008164,0.003359,0.017831,0.011132,0.002296,-0.009359,-0.014713
939300,14.3742,2,Thumb_C1_Open,Thumb,open,1,0.3742,Thumb cycle 1: OPEN,2879,2775,2749,2966,2830,2875,2825,8049.835526,7147.727273,6943.982169,8932.152347,7606.324111,8012.295082,7562.992126,-0.007004,0.002237,0.014456,-0.007323,-0.005709,-0.020884,-0.004559
939350,14.3742,2,Thumb_C1_Open,Thumb,open,1,0.3742,Thumb cycle 1: OPEN,2867,2770,2744,2981,2837,2886,2825,7937.947883,7107.924528,6905.699482,9098.204668,7667.567568,8116.129032,7562.992126,-0.020806,-0.003344,0.008863,0.011132,0.002296,-0.008196,-0.004559
939400,14.3960,2,Thumb_C1_Open,Thumb,open,1,0.3960,Thumb cycle 1: OPEN,2875,2775,2749,2985,2833,2886,2811,8012.295082,7147.727273,6943.982169,9143.243243,7632.488114,8116.129032,7443.457944,-0.011635,0.002237,0.014456,0.016137,-0.002289,-0.008196,-0.020292
939450,14.4293,2,Thumb_C1_Open,Thumb,open,1,0.4293,Thumb cycle 1: OPEN,2875,2778,2743,2976,2828,2881,2825,8012.295082,7171.753986,6898.076923,9042.359249,7588.950276,8068.698517,7562.992126,-0.011635,0.005606,0.007749,0.004925,-0.007980,-0.013992,-0.004559
939500,14.4709,2,Thumb_C1_Open,Thumb,open,1,0.4709,Thumb cycle 1: OPEN,2866,2767,2741,2983,2835,2890,2818,7928.722539,7084.186747,6882.865583,9120.683453,7650.000000,8154.356846,7502.897416,-0.021944,-0.006672,0.005527,0.013630,0.000000,-0.003524,-0.012469
939550,14.7282,2,Thumb_C1_Open,Thumb,open,1,0.7282,Thumb cycle 1: OPEN,2876,2778,2746,2982,2834,2889,2811,8021.657096,7171.753986,6920.978503,9109.433962,7641.237113,8144.776119,7443.457944,-0.010480,0.005606,0.011095,0.012380,-0.001145,-0.004695,-0.020292
939600,14.7284,2,Thumb_C1_Open,Thumb,open,1,0.7284,Thumb cycle 1: OPEN,2877,2777,2745,2975,2828,2878,2824,8031.034483,7163.732929,6913.333333,9031.250000,7588.950276,8040.427280,7554.366640,-0.009323,0.004482,0.009978,0.003691,-0.007980,-0.017446,-0.005694
939650,14.7284,2,Thumb_C1_Open,Thumb,open,1,0.7284,Thumb cycle 1: OPEN,2865,2768,2743,2986,2839,2887,2820,7919.512195,7092.087415,6898.076923,9154.553652,7685.191083,8125.662252,7520.000000,-0.023080,-0.005564,0.007749,0.017394,0.004600,-0.007031,-0.010218
939700,14.7285,2,Thumb_C1_Open,Thumb,open,1,0.7285,Thumb cycle 1: OPEN,2876,2781,2748,2983,2836,2890,2815,8021.657096,7195.890411,6936.302895,9120.683453,7658.776807,8154.356846,7477.343750,-0.010480,0.008991,0.013334,0.013630,0.001147,-0.003524,-0.015832
939750,14.9502,2,Thumb_C1_Open,Thumb,open,1,0.9502,Thumb cycle 1: OPEN,2886,2783,2748,2977,2830,2884,2823,8116.129032,7212.042683,6936.302895,9053.488372,7606.324111,8097.109827,7545.754717,0.001174,0.011256,0.013334,0.006162,-0.005709,-0.010520,-0.006828
939800,14.9503,2,Thumb_C1_Open,Thumb,open,1,0.9503,Thumb cycle 1: OPEN,2891,2766,2737,2987,2839,2891,2832,8163.953488,7076.297968,6852.577320,9165.884477,7685.191083,8163.953488,7623.752969,0.007073,-0.007778,0.001102,0.018653,0.004600,-0.002351,0.003438
939850,14.9504,2,Thumb_C1_Open,Thumb,open,1,0.9504,Thumb cycle 1: OPEN,2908,2779,2747,2987,2837,2882,2816,8329.570345,7179.787234,6928.635015,9165.884477,7667.567568,8078.153339,7485.848319,0.027503,0.006733,0.012214,0.018653,0.002296,-0.012836,-0.014713
939900,14.9504,2,Thumb_C1_Open,Thumb,open,1,0.9504,Thumb cycle 1: OPEN,2905,2777,2746,2971,2827,2878,2833,8300.000000,7163.732929,6920.978503,8987.010676,7580.283912,8040.427280,7632.488114,0.023856,0.004482,0.011095,-0.001226,-0.009113,-0.017446,0.004588
939950,14.9504,2,Thumb_C1_Open,Thumb,open,1,0.9504,Thumb cycle 1: OPEN,2895,2768,2745,2982,2839,2887,2832,8202.500000,7092.087415,6913.333333,9109.433962,7685.191083,8125.662252,7623.752969,0.011828,-0.005564,0.009978,0.012380,0.004600,-0.007031,0.003438
940000,14.9823,2,Thumb_C1_Open,Thumb,open,1,0.9823,Thumb cycle 1: OPEN,2900,2777,2744,2979,2839,2882,2825,8251.046025,7163.732929,6905.699482,9075.806452,7685.191083,8078.153339,7562.992126,0.017817,0.004482,0.008863,0.008642,0.004600,-0.012836,-0.004559
940050,15.1364,2,Thumb_C1_Open,Thumb,open,1,1.1364,Thumb cycle 1: OPEN,2898,2776,2739,2965,2829,2874,2832,8231.578947,7155.724033,6867.699115,8921.238938,7597.630332,8002.948403,7623.752969,0.015415,0.003359,0.003311,-0.008535,-0.006846,-0.022026,0.003438
940100,15.1365,2,Thumb_C1_Open,Thumb,open,1,1.1365,Thumb cycle 1: OPEN,2890,2765,2734,2979,2839,2886,2831,8154.356846,7068.421053,6829.977957,9075.806452,7685.191083,8116.129032,7615.031646,0.005890,-0.008883,-0.002199,0.008642,0.004600,-0.008196,0.002290
940150,15.1365,2,Thumb_C1_Open,Thumb,open,1,1.1365,Thumb cycle 1: OPEN,2897,2774,2741,2977,2836,2886,2819,8221.869783,7139.742619,6882.865583,9053.488372,7658.776807,8116.129032,7511.442006,0.014218,0.001118,0.005527,0.006162,0.001147,-0.008196,-0.011344
940200,15.1913,2,Thumb_C1_Open,Thumb,open,1,1.1913,Thumb cycle 1: OPEN,2897,2773,2738,2975,2830,2880,2832,8221.869783,7131.770045,6860.132646,9031.250000,7606.324111,8059.259259,7623.752969,0.014218,0.000000,0.002206,0.003691,-0.005709,-0.015145,0.003438
940250,15.3818,2,Thumb_C1_Open,Thumb,open,1,1.3818,Thumb cycle 1: OPEN,2885,2767,2734,2989,2842,2884,2832,8106.611570,7084.186747,6829.977957,9188.607595,7711.731844,8097.109827,7623.752969,0.000000,-0.006672,-0.002199,0.021179,0.008070,-0.010520,0.003438
940300,15.3819,2,Thumb_C1_Open,Thumb,open,1,1.3819,Thumb cycle 1: OPEN,2896,2778,2742,2984,2837,2882,2822,8212.176814,7171.753986,6890.465632,9131.953195,7667.567568,8078.153339,7537.156324,0.013022,0.005606,0.006637,0.014882,0.002296,-0.012836,-0.007960
940350,15.3819,2,Thumb_C1_Open,Thumb,open,1,1.3819,Thumb cycle 1: OPEN,2894,2777,2739,2970,2829,2875,2832,8192.839301,7163.732929,6867.699115,8976.000000,7597.630332,8012.295082,7623.752969,0.010637,0.004482,0.003311,-0.002450,-0.006846,-0.020884,0.003438
940400,15.3820,2,Thumb_C1_Open,Thumb,open,1,1.3820,Thumb cycle 1: OPEN,2882,2767,2740,2981,2835,2883,2831,8078.153339,7084.186747,6875.276753,9098.204668,7650.000000,8087.623762,7615.031646,-0.003510,-0.006672,0.004418,0.011132,0.000000,-0.011679,0.002290
940450,15.4367,2,Thumb_C1_Open,Thumb,open,1,1.4367,Thumb cycle 1: OPEN,2896,2774,2745,2978,2835,2880,2819,8212.176814,7139.742619,6913.333333,9064.637422,7650.000000,8059.259259,7511.442006,0.013022,0.001118,0.009978,0.007401,0.000000,-0.015145,-0.011344
940500,15.4805,2,Thumb_C1_Open,Thumb,open,1,1.4805,Thumb cycle 1: OPEN,2896,2775,2742,2962,2829,2871,2828,8212.176814,7147.727273,6890.465632,8888.614298,7597.630332,7975.000000,7588.950276,0.013022,0.002237,0.006637,-0.012161,-0.006846,-0.025442,-0.001142
940550,15.6291,2,Thumb_C1_Open,Thumb,open,1,1.6291,Thumb cycle 1: OPEN,2886,2767,2736,2967,2836,2878,2828,8116.129032,7084.186747,6845.033113,8943.085106,7658.776807,8040.427280,7588.950276,0.001174,-0.006672,0.000000,-0.006108,0.001147,-0.017446,-0.001142
940600,15.6292,2,Thumb_C1_Open,Thumb,open,1,1.6292,Thumb cycle 1: OPEN,2895,2773,2742,2963,2834,2877,2817,8202.500000,7131.770045,6890.465632,8899.469965,7641.237113,8031.034483,7494.366197,0.011828,0.000000,0.006637,-0.010955,-0.001145,-0.018594,-0.013592
940650,15.6292,2,Thumb_C1_Open,Thumb,open,1,1.6292,Thumb cycle 1: OPEN,2894,2771,2745,2957,2829,2872,2829,8192.839301,7115.861027,6913.333333,8834.622144,7597.630332,7984.300899,7597.630332,0.010637,-0.002231,0.009978,-0.018162,-0.006846,-0.024305,0.000000
940700,15.6730,2,Thumb_C1_Open,Thumb,open,1,1.6730,Thumb cycle 1: OPEN,2884,2765,2743,2962,2836,2883,2826,8097.109827,7068.421053,6898.076923,8888.614298,7658.776807,8087.623762,7571.631206,-0.001172,-0.008883,0.007749,-0.012161,0.001147,-0.011679,-0.003422
940750,15.7277,2,Thumb_C1_Open,Thumb,open,1,1.7277,Thumb cycle 1: OPEN,2895,2771,2748,2961,2835,2881,2818,8202.500000,7115.861027,6936.302895,8877.777778,7650.000000,8068.698517,7502.897416,0.011828,-0.002231,0.013334,-0.013365,0.000000,-0.013992,-0.012469
940800,15.8924,2,Thumb_C1_Open,Thumb,open,1,1.8924,Thumb cycle 1: OPEN,2894,2770,2746,2955,2828,2879,2830,8192.839301,7107.924528,6920.978503,8813.157895,7588.950276,8049.835526,7606.324111,0.010637,-0.003344,0.011095,-0.020547,-0.007980,-0.016297,0.001144
940850,15.8925,2,Thumb_C1_Open,Thumb,open,1,1.8925,Thumb cycle 1: OPEN,2883,2763,2743,2964,2836,2885,2825,8087.623762,7052.702703,6898.076923,8910.344828,7658.776807,8106.611570,7562.992126,-0.002342,-0.011087,0.007749,-0.009746,0.001147,-0.009359,-0.004559
940900,15.8925,2,Thumb_C1_Open,Thumb,open,1,1.8925,Thumb cycle 1: OPEN,2893,2770,2747,2960,2835,2883,2817,8183.194676,7107.924528,6928.635015,8866.960352,7650.000000,8087.623762,7494.366197,0.009447,-0.003344,0.012214,-0.014568,0.000000,-0.011679,-0.013592
940950,15.9248,2,Thumb_C1_Open,Thumb,open,1,1.9248,Thumb cycle 1: OPEN,2891,2770,2751,2952,2829,2872,2829,8163.953488,7107.924528,6959.375000,8781.102362,7597.630332,7984.300899,7597.630332,0.007073,-0.003344,0.016704,-0.024110,-0.006846,-0.024305,0.000000
941000,15.9896,2,Thumb_C1_Open,Thumb,open,1,1.9896,Thumb cycle 1: OPEN,2879,2764,2746,2962,2836,2882,2829,8049.835526,7060.555973,6920.978503,8888.614298,7658.776807,8078.153339,7597.630332,-0.007004,-0.009985,0.011095,-0.012161,0.001147,-0.012836,0.000000
941050,16.1609,3,Thumb_C1_Bend,Thumb,bend,1,0.1609,Thumb cycle 1: BEND Thumb,2892,2772,2751,2963,2835,2888,2816,8173.566085,7123.809524,6959.375000,8899.469965,7650.000000,8135.211268,7485.848319,0.008259,-0.001116,0.016704,-0.010955,0.000000,-0.005864,-0.014713
941100,16.1610,3,Thumb_C1_Bend,Thumb,bend,1,0.1610,Thumb cycle 1: BEND Thumb,2889,2771,2749,2961,2827,2889,2829,8144.776119,7115.861027,6943.982169,8877.777778,7580.283912,8144.776119,7597.630332,0.004708,-0.002231,0.014456,-0.013365,-0.009113,-0.004695,0.000000
941150,16.1610,3,Thumb_C1_Bend,Thumb,bend,1,0.1610,Thumb cycle 1: BEND Thumb,2881,2764,2748,2970,2837,2894,2828,8068.698517,7060.555973,6936.302895,8976.000000,7667.567568,8192.839301,7588.950276,-0.004677,-0.009985,0.013334,-0.002450,0.002296,0.001179,-0.001142
941200,16.1827,3,Thumb_C1_Bend,Thumb,bend,1,0.1827,Thumb cycle 1: BEND Thumb,2895,2769,2752,2972,2836,2890,2818,8202.500000,7100.000000,6967.088608,8998.040962,7658.776807,8154.356846,7502.897416,0.011828,-0.004455,0.017831,0.000000,0.001147,-0.003524,-0.012469
941250,16.2265,3,Thumb_C1_Bend,Thumb,bend,1,0.2265,Thumb cycle 1: BEND Thumb,2893,2771,2750,2959,2827,2884,2829,8183.194676,7115.861027,6951.672862,8856.161972,7580.283912,8097.109827,7597.630332,0.009447,-0.002231,0.015579,-0.015768,-0.009113,-0.010520,0.000000
941300,16.4117,3,Thumb_C1_Bend,Thumb,bend,1,0.4117,Thumb cycle 1: BEND Thumb,2882,2762,2743,2971,2833,2893,2828,8078.153339,7044.861215,6898.076923,8987.010676,7632.488114,8183.194676,7588.950276,-0.003510,-0.012186,0.007749,-0.001226,-0.002289,0.000000,-0.001142
941350,16.4118,3,Thumb_C1_Bend,Thumb,bend,1,0.4118,Thumb cycle 1: BEND Thumb,2895,2774,2746,2972,2835,2893,2819,8202.500000,7139.742619,6920.978503,8998.040962,7650.000000,8183.194676,7511.442006,0.011828,0.001118,0.011095,0.000000,0.000000,0.000000,-0.011344
941400,16.4118,3,Thumb_C1_Bend,Thumb,bend,1,0.4118,Thumb cycle 1: BEND Thumb,2894,2772,2744,2962,2827,2879,2830,8192.839301,7123.809524,6905.699482,8888.614298,7580.283912,8049.835526,7606.324111,0.010637,-0.001116,0.008863,-0.012161,-0.009113,-0.016297,0.001144
941450,16.4226,3,Thumb_C1_Bend,Thumb,bend,1,0.4226,Thumb cycle 1: BEND Thumb,2884,2765,2741,2977,2837,2893,2829,8097.109827,7068.421053,6882.865583,9053.488372,7667.567568,8183.194676,7597.630332,-0.001172,-0.008883,0.005527,0.006162,0.002296,0.000000,0.000000
941500,16.4769,3,Thumb_C1_Bend,Thumb,bend,1,0.4769,Thumb cycle 1: BEND Thumb,2894,2775,2746,2971,2834,2890,2820,8192.839301,7147.727273,6920.978503,8987.010676,7641.237113,8154.356846,7520.000000,0.010637,0.002237,0.011095,-0.001226,-0.001145,-0.003524,-0.010218
941550,16.6702,3,Thumb_C1_Bend,Thumb,bend,1,0.6702,Thumb cycle 1: BEND Thumb,2892,2774,2747,2964,2829,2880,2830,8173.566085,7139.742619,6928.635015,8910.344828,7597.630332,8059.259259,7606.324111,0.008259,0.001118,0.012214,-0.009746,-0.006846,-0.015145,0.001144
941600,16.6703,3,Thumb_C1_Bend,Thumb,bend,1,0.6703,Thumb cycle 1: BEND Thumb,2881,2767,2740,2978,2836,2894,2831,8068.698517,7084.186747,6875.276753,9064.637422,7658.776807,8192.839301,7615.031646,-0.004677,-0.006672,0.004418,0.007401,0.001147,0.001179,0.002290
941650,16.6703,3,Thumb_C1_Bend,Thumb,bend,1,0.6703,Thumb cycle 1: BEND Thumb,2893,2773,2751,2974,2836,2894,2822,8183.194676,7131.770045,6959.375000,9020.160571,7658.776807,8192.839301,7537.156324,0.009447,0.000000,0.016704,0.002458,0.001147,0.001179,-0.007960
941700,16.6814,3,Thumb_C1_Bend,Thumb,bend,1,0.6814,Thumb cycle 1: BEND Thumb,2892,2772,2750,2966,2828,2883,2832,8173.566085,7123.809524,6951.672862,8932.152347,7588.950276,8087.623762,7623.752969,0.008259,-0.001116,0.015579,-0.007323,-0.007980,-0.011679,0.003438
941750,16.7465,3,Thumb_C1_Bend,Thumb,bend,1,0.7465,Thumb cycle 1: BEND Thumb,2884,2766,2745,2974,2836,2894,2830,8097.109827,7076.297968,6913.333333,9020.160571,7658.776807,8192.839301,7606.324111,-0.001172,-0.007778,0.009978,0.002458,0.001147,0.001179,0.001144
941800,16.9238,3,Thumb_C1_Bend,Thumb,bend,1,0.9238,Thumb cycle 1: BEND Thumb,2893,2775,2752,2971,2835,2887,2823,8183.194676,7147.727273,6967.088608,8987.010676,7650.000000,8125.662252,7545.754717,0.009447,0.002237,0.017831,-0.001226,0.000000,-0.007031,-0.006828
941850,16.9239,3,Thumb_C1_Bend,Thumb,bend,1,0.9239,Thumb cycle 1: BEND Thumb,2891,2773,2752,2957,2827,2879,2831,8163.953488,7131.770045,6967.088608,8834.622144,7580.283912,8049.835526,7615.031646,0.007073,0.000000,0.017831,-0.018162,-0.009113,-0.016297,0.002290
941900,16.9239,3,Thumb_C1_Bend,Thumb,bend,1,0.9239,Thumb cycle 1: BEND Thumb,2882,2764,2746,2973,2835,2885,2831,8078.153339,7060.555973,6920.978503,9009.090909,7650.000000,8106.611570,7615.031646,-0.003510,-0.009985,0.011095,0.001228,0.000000,-0.009359,0.002290
941950,16.9455,3,Thumb_C1_Bend,Thumb,bend,1,0.9455,Thumb cycle 1: BEND Thumb,2890,2775,2751,2970,2836,2885,2821,8154.356846,7147.727273,6959.375000,8976.000000,7658.776807,8106.611570,7528.571429,0.005890,0.002237,0.016704,-0.002450,0.001147,-0.009359,-0.009090
942000,16.9785,3,Thumb_C1_Bend,Thumb,bend,1,0.9785,Thumb cycle 1: BEND Thumb,2891,2770,2747,2956,2826,2877,2831,8163.953488,7107.924528,6928.635015,8823.880597,7571.631206,8031.034483,7615.031646,0.007073,-0.003344,0.012214,-0.019355,-0.010244,-0.018594,0.002290
942050,17.1670,3,Thumb_C1_Bend,Thumb,bend,1,1.1670,Thumb cycle 1: BEND Thumb,2882,2766,2745,2964,2836,2885,2831,8078.153339,7076.297968,6913.333333,8910.344828,7658.776807,8106.611570,7615.031646,-0.003510,-0.007778,0.009978,-0.009746,0.001147,-0.009359,0.002290
942100,17.1671,3,Thumb_C1_Bend,Thumb,bend,1,1.1671,Thumb cycle 1: BEND Thumb,2894,2775,2749,2962,2834,2885,2822,8192.839301,7147.727273,6943.982169,8888.614298,7641.237113,8106.611570,7537.156324,0.010637,0.002237,0.014456,-0.012161,-0.001145,-0.009359,-0.007960
942150,17.1671,3,Thumb_C1_Bend,Thumb,bend,1,1.1671,Thumb cycle 1: BEND Thumb,2897,2770,2749,2959,2826,2877,2831,8221.869783,7107.924528,6943.982169,8856.161972,7571.631206,8031.034483,7615.031646,0.014218,-0.003344,0.014456,-0.015768,-0.010244,-0.018594,0.002290
942200,17.1782,3,Thumb_C1_Bend,Thumb,bend,1,1.1782,Thumb cycle 1: BEND Thumb,2899,2770,2740,2973,2836,2889,2831,8241.304348,7107.924528,6875.276753,9009.090909,7658.776807,8144.776119,7615.031646,0.016615,-0.003344,0.004418,0.001228,0.001147,-0.004695,0.002290
942250,17.2317,3,Thumb_C1_Bend,Thumb,bend,1,1.2317,Thumb cycle 1: BEND Thumb,2941,2794,2744,2972,2832,2918,2844,8664.991334,7301.767871,6905.699482,8998.040962,7623.752969,8429.226848,7729.496403,0.068880,0.023837,0.008863,0.000000,-0.003431,0.030066,0.017356
942300,17.4108,3,Thumb_C1_Bend,Thumb,bend,1,1.4108,Thumb cycle 1: BEND Thumb,3122,2809,2753,2978,2827,2943,2860,10909.352518,7426.594090,6974.813711,9064.637422,7580.283912,8685.937500,7873.684211,0.345735,0.041340,0.018960,0.007401,-0.009113,0.061436,0.036334
942350,17.4109,3,Thumb_C1_Bend,Thumb,bend,1,1.4109,Thumb cycle 1: BEND Thumb,3198,2825,2745,2987,2836,2980,2862,12121.739130,7562.992126,6913.333333,9165.884477,7658.776807,9086.995516,7891.970803,0.495290,0.060465,0.009978,0.018653,0.001147,0.110446,0.038741
942400,17.4109,3,Thumb_C1_Bend,Thumb,bend,1,1.4109,Thumb cycle 1: BEND Thumb,3213,2873,2776,3000,2837,3001,2893,12385.714286,7993.617021,7155.724033,9315.068493,7667.567568,9326.691042,8183.194676,0.527853,0.120846,0.045389,0.035233,0.002296,0.139737,0.077072
942450,17.4326,3,Thumb_C1_Bend,Thumb,bend,1,1.4326,Thumb cycle 1: BEND Thumb,3270,2890,2777,2994,2830,2986,3046,13476.363636,8154.356846,7163.732929,9245.776567,7606.324111,9154.553652,9872.640610,0.662392,0.143385,0.046559,0.027532,-0.005709,0.118702,0.299437
942500,17.4767,3,Thumb_C1_Bend,Thumb,bend,1,1.4767,Thumb cycle 1: BEND Thumb,3327,2892,2774,3010,2841,3005,3073,14728.906250,8173.566085,7139.742619,9432.258065,7702.870813,9373.394495,10223.287671,0.816900,0.146078,0.043055,0.048257,0.006911,0.145444,0.345589
942550,17.5313,3,Thumb_C1_Bend,Thumb,bend,1,1.5313,Thumb cycle 1: BEND Thumb,3507,2926,2784,3005,2835,2989,2987,20278.571429,8510.179641,7220.137300,9373.394495,7650.000000,9188.607595,9165.884477,1.501486,0.193277,0.054799,0.041715,0.000000,0.122863,0.206414
942600,17.6677,3,Thumb_C1_Bend,Thumb,bend,1,1.6677,Thumb cycle 1: BEND Thumb,3585,2930,2792,2992,2829,2990,2925,23900.000000,8551.072961,7285.341520,9222.846782,7597.630332,9200.000000,8500.000000,1.948211,0.199011,0.064325,0.024984,-0.006846,0.124255,0.118770
942650,17.6678,3,Thumb_C1_Bend,Thumb,bend,1,1.6678,Thumb cycle 1: BEND Thumb,3322,2958,2790,3013,2839,2995,2899,14611.642950,8845.382586,7268.965517,9467.837338,7685.191083,9257.272727,8241.304348,0.802435,0.240279,0.061933,0.052211,0.004600,0.131254,0.084720
942700,17.6778,3,Thumb_C1_Bend,Thumb,bend,1,1.6778,Thumb cycle 1: BEND Thumb,3299,2942,2779,3000,2841,2973,2882,14091.206030,8675.455334,7179.787234,9315.068493,7702.870813,9009.090909,8078.153339,0.738236,0.216452,0.048905,0.035233,0.006911,0.100926,0.063246
942750,17.7326,3,Thumb_C1_Bend,Thumb,bend,1,1.7326,Thumb cycle 1: BEND Thumb,3302,2957,2798,2993,2832,2973,2875,14157.377049,8834.622144,7334.772552,9234.301270,7623.752969,9009.090909,8012.295082,0.746399,0.238770,0.071547,0.026257,-0.003431,0.100926,0.054578
942800,17.7770,3,Thumb_C1_Bend,Thumb,bend,1,1.7770,Thumb cycle 1: BEND Thumb,3377,2940,2790,3007,2845,2977,2869,15991.364903,8654.545455,7268.965517,9396.875000,7738.400000,9053.488372,7956.443719,0.972632,0.213520,0.061933,0.044325,0.011556,0.106351,0.047227
942850,17.9341,3,Thumb_C1_Bend,Thumb,bend,1,1.9341,Thumb cycle 1: BEND Thumb,3259,2940,2798,3009,2844,2978,2860,13254.306220,8654.545455,7334.772552,9420.441989,7729.496403,9064.637422,7873.684211,0.635000,0.213520,0.071547,0.046944,0.010392,0.107714,0.036334
942900,17.9342,3,Thumb_C1_Bend,Thumb,bend,1,1.9342,Thumb cycle 1: BEND Thumb,3383,2973,2796,2999,2836,2966,2881,16154.775281,9009.090909,7318.244804,9303.467153,7658.776807,8932.152347,8068.698517,0.992790,0.263234,0.069132,0.033944,0.001147,0.091524,0.062002
942950,17.9342,3,Thumb_C1_Bend,Thumb,bend,1,1.9342,Thumb cycle 1: BEND Thumb,3314,2965,2793,3007,2843,2962,2875,14427.144686,8921.238938,7293.548387,9396.875000,7720.607029,8888.614298,8012.295082,0.779676,0.250915,0.065524,0.044325,0.009230,0.086203,0.054578
943000,17.9774,3,Thumb_C1_Bend,Thumb,bend,1,1.9774,Thumb cycle 1: BEND Thumb,3265,2958,2794,3008,2843,2964,2872,13374.698795,8845.382586,7301.767871,9408.647654,7720.607029,8910.344828,7984.300899,0.649851,0.240279,0.066725,0.045633,0.009230,0.088859,0.050894
943050,18.0275,4,Thumb_C2_Open,Thumb,open,2,0.0275,Thumb cycle 2: OPEN,3248,2947,2787,2993,2833,2938,2883,13038.016529,8728.048780,7244.495413,9234.301270,7632.488114,8633.707865,8087.623762,0.608319,0.223826,0.058358,0.026257,-0.002289,0.055053,0.064493
943100,18.2140,4,Thumb_C2_Open,Thumb,open,2,0.2140,Thumb cycle 2: OPEN,3224,2943,2779,3004,2841,2944,2887,12585.074627,8685.937500,7179.787234,9361.686526,7702.870813,8696.437880,8125.662252,0.552446,0.217922,0.048905,0.040414,0.006911,0.062719,0.069500
943150,18.2141,4,Thumb_C2_Open,Thumb,open,2,0.2141,Thumb cycle 2: OPEN,3190,2945,2802,3005,2841,2941,2873,11984.530387,8706.956522,7367.981439,9373.394495,7702.870813,8664.991334,7993.617021,0.478365,0.220869,0.076398,0.041715,0.006911,0.058876,0.052120
943200,18.2141,4,Thumb_C2_Open,Thumb,open,2,0.2141,Thumb cycle 2: OPEN,3202,2931,2792,2997,2832,2939,2878,12191.265398,8561.340206,7285.341520,9280.327869,7623.752969,8644.117647,8040.427280,0.503867,0.200451,0.064325,0.031372,-0.003431,0.056326,0.058281
943250,18.2359,4,Thumb_C2_Open,Thumb,open,2,0.2359,Thumb cycle 2: OPEN,3200,2921,2776,3022,2841,2937,2893,12156.424581,8459.454855,7155.724033,9575.768872,7702.870813,8623.316062,8183.194676,0.499569,0.186165,0.045389,0.064206,0.006911,0.053784,0.077072
943300,18.2788,4,Thumb_C2_Open,Thumb,open,2,0.2788,Thumb cycle 2: OPEN,3207,2929,2784,3024,2840,2930,2868,12279.054054,8540.823328,7220.137300,9600.000000,7694.023904,8551.072961,7947.188264,0.514696,0.197574,0.054799,0.066899,0.005755,0.044955,0.046009
943350,18.4954,4,Thumb_C2_Open,Thumb,open,2,0.4954,Thumb cycle 2: OPEN,3238,2923,2789,3000,2831,2918,2882,12846.207701,8479.692833,7260.796325,9315.068493,7615.031646,8429.226848,8078.153339,0.584658,0.189003,0.060739,0.035233,-0.004571,0.030066,0.063246
943400,18.4955,4,Thumb_C2_Open,Thumb,open,2,0.4955,Thumb cycle 2: OPEN,3244,2912,2791,3023,2841,2925,2878,12960.752056,8369.230769,7277.147239,9587.873134,7702.870813,8500.000000,8040.427280,0.598788,0.173514,0.063128,0.065551,0.006911,0.038714,0.058281
943450,18.4956,4,Thumb_C2_Open,Thumb,open,2,0.4956,Thumb cycle 2: OPEN,3205,2923,2793,3026,2840,2934,2868,12243.820225,8479.692833,7293.548387,9624.321796,7694.023904,8592.248062,7947.188264,0.510350,0.189003,0.065524,0.069602,0.005755,0.049987,0.046009
943500,18.5060,4,Thumb_C2_Open,Thumb,open,2,0.5060,Thumb cycle 2: OPEN,3193,2920,2786,3024,2831,2914,2880,12035.698448,8449.361702,7236.363636,9600.000000,7615.031646,8389.161727,8059.259259,0.484677,0.184750,0.057170,0.066899,-0.004571,0.025170,0.060760
943550,18.5488,4,Thumb_C2_Open,Thumb,open,2,0.5488,Thumb cycle 2: OPEN,3164,2910,2771,3024,2840,2921,2875,11554.887218,8349.367089,7115.861027,9600.000000,7694.023904,8459.454855,8012.295082,0.425366,0.170729,0.039566,0.066899,0.005755,0.033759,0.054578
943600,18.7702,4,Thumb_C2_Open,Thumb,open,2,0.7702,Thumb cycle 2: OPEN,3198,2919,2787,3025,2838,2927,2868,12121.739130,8439.285714,7244.495413,9612.149533,7676.372315,8520.376712,7947.188264,0.495290,0.183337,0.058358,0.068249,0.003447,0.041204,0.046009
943650,18.7703,4,Thumb_C2_Open,Thumb,open,2,0.7703,Thumb cycle 2: OPEN,3204,2920,2795,3022,2831,2921,2883,12226.262626,8449.361702,7310.000000,9575.768872,7615.031646,8459.454855,8087.623762,0.508184,0.184750,0.067928,0.064206,-0.004571,0.033759,0.064493
943700,18.7703,4,Thumb_C2_Open,Thumb,open,2,0.7703,Thumb cycle 2: OPEN,3189,2912,2785,3026,2841,2926,2884,11967.549669,8369.230769,7228.244275,9624.321796,7702.870813,8510.179641,8097.109827,0.476270,0.173514,0.055984,0.069602,0.006911,0.039958,0.065741
943750,18.7704,4,Thumb_C2_Open,Thumb,open,2,0.7704,Thumb cycle 2: OPEN,3190,2923,2785,3014,2839,2921,2878,11984.530387,8479.692833,7228.244275,9479.740981,7685.191083,8459.454855,8040.427280,0.478365,0.189003,0.055984,0.053534,0.004600,0.033759,0.058281
943800,18.8020,4,Thumb_C2_Open,Thumb,open,2,0.8020,Thumb cycle 2: OPEN,3170,2924,2785,3008,2833,2909,2891,11651.891892,8489.837746,7228.244275,9408.647654,7632.488114,8339.460371,8163.953488,0.437332,0.190425,0.055984,0.045633,-0.002289,0.019096,0.074539
943850,18.9649,4,Thumb_C2_Open,Thumb,open,2,0.9649,Thumb cycle 2: OPEN,3148,2913,2787,3022,2839,2914,2883,11302.217529,8379.187817,7244.495413,9575.768872,7685.191083,8389.161727,8087.623762,0.394197,0.174910,0.058358,0.064206,0.004600,0.025170,0.064493
943900,18.9650,4,Thumb_C2_Open,Thumb,open,2,0.9650,Thumb cycle 2: OPEN,3163,2915,2789,3026,2840,2916,2865,11538.841202,8399.152542,7260.796325,9624.321796,7694.023904,8409.160305,7919.512195,0.423386,0.177709,0.060739,0.069602,0.005755,0.027613,0.042366
943950,18.9650,4,Thumb_C2_Open,Thumb,open,2,0.9650,Thumb cycle 2: OPEN,3161,2923,2790,3012,2830,2906,2874,11506.852248,8479.692833,7268.965517,9455.955679,7606.324111,8309.840202,8002.948403,0.419440,0.189003,0.061933,0.050890,-0.005709,0.015476,0.053348
944000,18.9868,4,Thumb_C2_Open,Thumb,open,2,0.9868,Thumb cycle 2: OPEN,3142,2906,2793,3024,2841,2925,2878,11209.653725,8309.840202,7293.548387,9600.000000,7702.870813,8500.000000,8040.427280,0.382779,0.165186,0.065524,0.066899,0.006911,0.038714,0.058281
944050,19.0306,4,Thumb_C2_Open,Thumb,open,2,1.0306,Thumb cycle 2: OPEN,3166,2912,2802,3024,2839,2919,2862,11587.082885,8369.230769,7367.981439,9600.000000,7685.191083,8439.285714,7891.970803,0.429337,0.173514,0.076398,0.066899,0.004600,0.031295,0.038741
944100,19.1972,4,Thumb_C2_Open,Thumb,open,2,1.1972,Thumb cycle 2: OPEN,3168,2909,2786,3019,2833,2914,2872,11619.417476,8339.460371,7236.363636,9539.591078,7632.488114,8389.161727,7984.300899,0.433326,0.169339,0.057170,0.060185,-0.002289,0.025170,0.050894
944150,19.1972,4,Thumb_C2_Open,Thumb,open,2,1.1972,Thumb cycle 2: OPEN,3153,2904,2782,3029,2841,2925,2865,11380.254777,8290.176322,7203.960396,9660.975610,7702.870813,8500.000000,7919.512195,0.403824,0.162429,0.052436,0.073675,0.006911,0.038714,0.042366
944200,19.1972,4,Thumb_C2_Open,Thumb,open,2,1.1972,Thumb cycle 2: OPEN,3158,2916,2799,3031,2839,2924,2861,11459.124867,8409.160305,7343.055556,9685.526316,7685.191083,8489.837746,7882.820097,0.413553,0.179113,0.072757,0.076404,0.004600,0.037472,0.037537
944250,19.2295,4,Thumb_C2_Open,Thumb,open,2,1.2295,Thumb cycle 2: OPEN,3161,2912,2797,3020,2831,2912,2887,11506.852248,8369.230769,7326.502311,9551.627907,7615.031646,8369.230769,8125.662252,0.419440,0.173514,0.070338,0.061523,-0.004571,0.022734,0.069500
944300,19.2832,4,Thumb_C2_Open,Thumb,open,2,1.2832,Thumb cycle 2: OPEN,3289,2906,2791,3026,2843,2934,3057,13874.193548,8309.840202,7277.147239,9624.321796,7720.607029,8592.248062,10013.294798,0.711466,0.165186,0.063128,0.069602,0.009230,0.049987,0.317950
944350,19.4477,4,Thumb_C2_Open,Thumb,open,2,1.4477,Thumb cycle 2: OPEN,3390,2923,2793,3023,2836,2990,3289,16348.936170,8479.692833,7293.548387,9587.873134,7658.776807,9200.000000,13874.193548,1.016741,0.189003,0.065524,0.065551,0.001147,0.124255,0.826121
944400,19.4478,4,Thumb_C2_Open,Thumb,open,2,1.4478,Thumb cycle 2: OPEN,4041,2913,2777,3034,2838,3034,3214,254433.333333,8379.187817,7163.732929,9722.525919,7676.372315,9722.525919,12403.632236,30.385904,0.174910,0.046559,0.080516,0.003447,0.188109,0.632566
944450,19.4478,4,Thumb_C2_Open,Thumb,open,2,1.4478,Thumb cycle 2: OPEN,3730,2962,2795,3050,2853,3049,3177,34745.205479,8888.614298,7310.000000,9923.444976,7810.144928,9910.707457,11766.666667,3.286033,0.246341,0.067928,0.102845,0.020934,0.211105,0.548729
944500,19.5016,4,Thumb_C2_Open,Thumb,open,2,1.5016,Thumb cycle 2: OPEN,3761,2995,2798,3044,2858,3076,3171,38285.628743,9257.272727,7334.772552,9847.383444,7855.456750,10263.395486,11668.181818,3.722766,0.298033,0.071547,0.094392,0.026857,0.254204,0.535766
944550,19.5452,4,Thumb_C2_Open,Thumb,open,2,1.5452,Thumb cycle 2: OPEN,3909,3010,2788,3042,2844,3098,3133,71454.838710,9432.258065,7252.639633,9822.222222,7729.496403,10564.894684,11072.972973,7.814390,0.322569,0.059548,0.091596,0.010392,0.291048,0.457425
944600,19.6948,4,Thumb_C2_Open,Thumb,open,2,1.6948,Thumb cycle 2: OPEN,3699,2982,2770,3053,2857,3122,3123,31759.090909,9109.433962,7107.924528,9961.804223,7846.365105,10909.352518,10924.074074,2.917678,0.277303,0.038406,0.107108,0.025669,0.333141,0.437826
944650,19.6949,4,Thumb_C2_Open,Thumb,open,2,1.6949,Thumb cycle 2: OPEN,3737,2977,2776,3048,2861,3139,3126,35491.061453,9053.488372,7155.724033,9897.994269,7882.820097,11163.807531,10968.421053,3.378039,0.269459,0.045389,0.100017,0.030434,0.364236,0.443663
944700,19.6949,4,Thumb_C2_Open,Thumb,open,2,1.6949,Thumb cycle 2: OPEN,3889,2962,2774,3054,2847,3151,3128,64187.378641,8888.614298,7139.742619,9974.639769,7756.250000,11348.940678,10998.138573,6.917905,0.246341,0.043055,0.108535,0.013889,0.386859,0.447575
944750,19.7380,4,Thumb_C2_Open,Thumb,open,2,1.7380,Thumb cycle 2: OPEN,3644,2950,2761,3087,2857,3136,3112,27471.396896,8759.825328,7037.031484,10412.500000,7846.365105,11118.248175,10763.784334,2.388764,0.228282,0.028049,0.157196,0.025669,0.358668,0.416729
944800,19.7922,4,Thumb_C2_Open,Thumb,open,2,1.7922,Thumb cycle 2: OPEN,3863,2979,2768,3076,2858,3128,3093,56612.931034,9075.806452,7092.087415,10263.395486,7855.456750,10998.138573,10495.209581,5.983550,0.272588,0.036092,0.140626,0.026857,0.343991,0.381379
944850,19.9501,4,Thumb_C2_Open,Thumb,open,2,1.9501,Thumb cycle 2: OPEN,3816,2962,2762,3057,2847,3098,3103,46503.225806,8888.614298,7044.861215,10013.294798,7756.250000,10564.894684,10635.282258,4.736457,0.246341,0.029193,0.112831,0.013889,0.291048,0.399816
944900,19.9501,4,Thumb_C2_Open,Thumb,open,2,1.9501,Thumb cycle 2: OPEN,3669,2951,2759,3073,2859,3132,3082,29283.098592,8770.454545,7021.407186,10223.287671,7864.563107,11057.943925,10344.323791,2.612249,0.229772,0.025767,0.136168,0.028047,0.351299,0.361520
944950,19.9501,4,Thumb_C2_Open,Thumb,open,2,1.9501,Thumb cycle 2: OPEN,3492,2957,2765,3061,2851,3091,3056,19689.552239,8834.622144,7068.421053,10065.183752,7792.122186,10467.529880,10000.384986,1.428826,0.238770,0.032635,0.118597,0.018578,0.279150,0.316251
945000,20.0095,5,Thumb_C2_Bend,Thumb,bend,2,0.0095,Thumb cycle 2: BEND Thumb,3715,2942,2760,3055,2852,3105,3059,33239.473684,8675.455334,7029.213483,9987.500000,7801.126307,10663.636364,10039.189189,3.100292,0.216452,0.026907,0.109964,0.019755,0.303114,0.321358
945050,20.0201,5,Thumb_C2_Bend,Thumb,bend,2,0.0201,Thumb cycle 2: BEND Thumb,3775,2925,2755,3061,2862,3095,3062,40109.375000,8500.000000,6990.298507,10065.183752,7891.970803,10523.000000,10078.218780,3.947736,0.191850,0.021222,0.118597,0.031630,0.285928,0.326495
945100,20.2092,5,Thumb_C2_Bend,Thumb,bend,2,0.2092,Thumb cycle 2: BEND Thumb,3733,2941,2763,3067,2860,3073,3054,35061.325967,8664.991334,7052.702703,10143.774319,7873.684211,10223.287671,9974.639769,3.325028,0.214985,0.030339,0.127331,0.029240,0.249303,0.312862
945150,20.2093,5,Thumb_C2_Bend,Thumb,bend,2,0.2093,Thumb cycle 2: BEND Thumb,3704,2926,2762,3055,2855,3060,3067,32208.695652,8510.179641,7044.861215,9987.500000,7828.225806,10052.173913,10143.774319,2.973139,0.193277,0.029193,0.109964,0.023297,0.228392,0.335123
945200,20.2093,5,Thumb_C2_Bend,Thumb,bend,2,0.2093,Thumb cycle 2: BEND Thumb,3670,2922,2753,3060,2863,3070,3075,29360.000000,8469.565217,6974.813711,10052.173913,7901.136364,10183.414634,10250.000000,2.621735,0.187582,0.018960,0.117151,0.032828,0.244430,0.349105
945250,20.2410,5,Thumb_C2_Bend,Thumb,bend,2,0.2410,Thumb cycle 2: BEND Thumb,3819,2929,2758,3065,2865,3085,3052,47045.652174,8540.823328,7013.612565,10117.475728,7919.512195,10385.148515,9948.993289,4.803368,0.197574,0.024628,0.124409,0.035230,0.269082,0.309486
945300,20.2958,5,Thumb_C2_Bend,Thumb,bend,2,0.2958,Thumb cycle 2: BEND Thumb,3847,2927,2754,3060,2848,3073,3077,52741.129032,8520.376712,6982.550336,10052.173913,7765.196472,10223.287671,10276.817289,5.505940,0.194707,0.020090,0.117151,0.015058,0.249303,0.352635
945350,20.4508,5,Thumb_C2_Bend,Thumb,bend,2,0.4508,Thumb cycle 2: BEND Thumb,3825,2919,2755,3058,2862,3065,3062,48166.666667,8439.285714,6990.298507,10026.229508,7891.970803,10117.475728,10078.218780,4.941652,0.183337,0.021222,0.114268,0.031630,0.236372,0.326495
945400,20.4509,5,Thumb_C2_Bend,Thumb,bend,2,0.4509,Thumb cycle 2: BEND Thumb,3729,2922,2768,3049,2863,3074,3054,34640.983607,8469.565217,7092.087415,9910.707457,7901.136364,10236.630754,9974.639769,3.273177,0.187582,0.036092,0.101429,0.032828,0.250933,0.312862
945450,20.4509,5,Thumb_C2_Bend,Thumb,bend,2,0.4509,Thumb cycle 2: BEND Thumb,3788,2918,2767,3033,2851,3060,3064,41951.791531,8429.226848,7084.186747,9710.169492,7792.122186,10052.173913,10104.364694,4.175009,0.181926,0.034938,0.079143,0.018578,0.228392,0.329936
945500,20.5052,5,Thumb_C2_Bend,Thumb,bend,2,0.5052,Thumb cycle 2: BEND Thumb,3761,2905,2767,3036,2863,3071,3056,38285.628743,8300.000000,7084.186747,9747.308782,7901.136364,10196.679688,10000.384986,3.722766,0.163806,0.034938,0.083270,0.032828,0.246051,0.316251
945550,20.5267,5,Thumb_C2_Bend,Thumb,bend,2,0.5267,Thumb cycle 2: BEND Thumb,3718,2926,2772,3025,2863,3057,3044,33531.034483,8510.179641,7123.809524,9612.149533,7901.136364,10013.294798,9847.383444,3.136258,0.193277,0.040727,0.068249,0.032828,0.223641,0.296112
945600,20.7012,5,Thumb_C2_Bend,Thumb,bend,2,0.7012,Thumb cycle 2: BEND Thumb,3761,2943,2770,3014,2853,3045,3053,38285.628743,8685.937500,7107.924528,9479.740981,7810.144928,9860.000000,9961.804223,3.722766,0.217922,0.038406,0.053534,0.020934,0.204908,0.311173
945650,20.7013,5,Thumb_C2_Bend,Thumb,bend,2,0.7013,Thumb cycle 2: BEND Thumb,3780,2946,2761,3024,2862,3054,3026,40800.000000,8717.493473,7037.031484,9600.000000,7891.970803,9974.639769,9624.321796,4.032929,0.222346,0.028049,0.066899,0.031630,0.218918,0.266753
945700,20.7013,5,Thumb_C2_Bend,Thumb,bend,2,0.7013,Thumb cycle 2: BEND Thumb,3755,2949,2767,3031,2862,3048,3019,37550.000000,8749.214660,7084.186747,9685.526316,7891.970803,9897.994269,9539.591078,3.632022,0.226794,0.034938,0.076404,0.031630,0.209551,0.255601
945750,20.7224,5,Thumb_C2_Bend,Thumb,bend,2,0.7224,Thumb cycle 2: BEND Thumb,3614,2926,2763,3024,2854,3042,3050,25545.945946,8510.179641,7052.702703,9600.000000,7819.178082,9822.222222,9923.444976,2.151248,0.193277,0.030339,0.066899,0.022115,0.200292,0.306124
945800,20.7875,5,Thumb_C2_Bend,Thumb,bend,2,0.7875,Thumb cycle 2: BEND Thumb,3215,2941,2757,3034,2866,3046,3036,12421.590909,8664.991334,7005.829596,9722.525919,7928.722539,9872.640610,9747.308782,0.532279,0.214985,0.023491,0.080516,0.036434,0.206453,0.282941
945850,20.9620,5,Thumb_C2_Bend,Thumb,bend,2,0.9620,Thumb cycle 2: BEND Thumb,3218,2938,2765,3034,2865,3045,3025,12475.712657,8633.707865,7068.421053,9722.525919,7919.512195,9860.000000,9612.149533,0.538955,0.210598,0.032635,0.080516,0.035230,0.204908,0.265151
945900,20.9621,5,Thumb_C2_Bend,Thumb,bend,2,0.9621,Thumb cycle 2: BEND Thumb,3233,2928,2766,3036,2859,3029,3050,12751.972158,8530.591260,7076.297968,9747.308782,7864.563107,9660.975610,9923.444976,0.573034,0.196139,0.033786,0.083270,0.028047,0.180587,0.306124
945950,20.9621,5,Thumb_C2_Bend,Thumb,bend,2,0.9621,Thumb cycle 2: BEND Thumb,3601,2929,2765,3049,2864,3055,3051,24784.210526,8540.823328,7068.421053,9910.707457,7910.316816,9987.500000,9936.206897,2.057284,0.197574,0.032635,0.101429,0.034028,0.220489,0.307803
946000,20.9946,5,Thumb_C2_Bend,Thumb,bend,2,0.9946,Thumb cycle 2: BEND Thumb,3682,2910,2772,3041,2864,3127,3058,30311.864407,8349.367089,7123.809524,9809.677419,7910.316816,10983.264463,10026.229508,2.739153,0.170729,0.040727,0.090201,0.034028,0.342173,0.319652
946050,21.0377,5,Thumb_C2_Bend,Thumb,bend,2,1.0377,Thumb cycle 2: BEND Thumb,3689,2907,2774,3025,2856,3111,3083,30893.103448,8319.696970,7139.742619,9612.149533,7837.288136,10749.390244,10357.905138,2.810853,0.166568,0.043055,0.068249,0.024482,0.313593,0.363307
946100,21.2116,5,Thumb_C2_Bend,Thumb,bend,2,1.2116,Thumb cycle 2: BEND Thumb,3739,2892,2773,3046,2864,3126,3097,35709.550562,8173.566085,7131.770045,9872.640610,7910.316816,10968.421053,10550.901804,3.404991,0.146078,0.041890,0.097199,0.034028,0.340359,0.388710
946150,21.2116,5,Thumb_C2_Bend,Thumb,bend,2,1.2116,Thumb cycle 2: BEND Thumb,3782,2889,2791,3052,2863,3122,3085,41082.428115,8144.776119,7277.147239,9948.993289,7901.136364,10909.352518,10385.148515,4.067768,0.142041,0.063128,0.105684,0.032828,0.333141,0.366893
946200,21.2116,5,Thumb_C2_Bend,Thumb,bend,2,1.2116,Thumb cycle 2: BEND Thumb,3670,2884,2797,3040,2851,3103,3127,29360.000000,8097.109827,7326.502311,9797.156398,7792.122186,10635.282258,10983.264463,2.621735,0.135358,0.070338,0.088810,0.018578,0.299649,0.445617
946250,21.2327,5,Thumb_C2_Bend,Thumb,bend,2,1.2327,Thumb cycle 2: BEND Thumb,3321,2878,2786,3055,2863,3117,3146,14588.372093,8040.427280,7236.363636,9987.500000,7901.136364,10836.196319,11271.232877,0.799565,0.127410,0.057170,0.109964,0.032828,0.324201,0.483520
946300,21.2985,5,Thumb_C2_Bend,Thumb,bend,2,1.2985,Thumb cycle 2: BEND Thumb,3375,2888,2799,3035,2865,3102,3204,15937.500000,8135.211268,7343.055556,9734.905660,7919.512195,10621.148036,12226.262626,0.965988,0.140700,0.072757,0.081892,0.035230,0.297922,0.609221
946350,21.4747,5,Thumb_C2_Bend,Thumb,bend,2,1.4747,Thumb cycle 2: BEND Thumb,3331,2894,2799,3019,2852,3110,3086,14823.821990,8192.839301,7343.055556,9539.591078,7801.126307,10735.025381,10398.810704,0.828609,0.148781,0.072757,0.060185,0.019755,0.311838,0.368691
946400,21.4748,5,Thumb_C2_Bend,Thumb,bend,2,1.4748,Thumb cycle 2: BEND Thumb,3280,2899,2794,3025,2863,3099,3061,13683.435583,8241.304348,7301.767871,9612.149533,7901.136364,10578.915663,10065.183752,0.687935,0.155576,0.066725,0.068249,0.032828,0.292761,0.324779
946450,21.4748,5,Thumb_C2_Bend,Thumb,bend,2,1.4748,Thumb cycle 2: BEND Thumb,3247,2929,2799,3025,2861,3079,3005,13018.632075,8540.823328,7343.055556,9612.149533,7882.820097,10303.740157,9373.394495,0.605928,0.197574,0.072757,0.068249,0.030434,0.259134,0.233726
946500,21.4748,5,Thumb_C2_Bend,Thumb,bend,2,1.4748,Thumb cycle 2: BEND Thumb,3273,2943,2785,3007,2848,3060,2975,13537.956204,8685.937500,7228.244275,9396.875000,7765.196472,10052.173913,9031.250000,0.669990,0.217922,0.055984,0.044325,0.015058,0.228392,0.188693
946550,21.5405,5,Thumb_C2_Bend,Thumb,bend,2,1.5405,Thumb cycle 2: BEND Thumb,3212,2932,2779,3022,2854,3062,2999,12367.836920,8571.625107,7179.787234,9575.768872,7819.178082,10078.218780,9303.467153,0.525648,0.201893,0.048905,0.064206,0.022115,0.231575,0.224522
946600,21.7197,5,Thumb_C2_Bend,Thumb,bend,2,1.7197,Thumb cycle 2: BEND Thumb,3206,2935,2788,3009,2855,3064,2945,12261.417323,8602.586207,7252.639633,9420.441989,7828.225806,10104.364694,8706.956522,0.512521,0.206234,0.059548,0.046944,0.023297,0.234770,0.146009
946650,21.7198,5,Thumb_C2_Bend,Thumb,bend,2,1.7198,Thumb cycle 2: BEND Thumb,3173,2934,2794,2992,2843,3081,2946,11700.867679,8592.248062,7301.767871,9222.846782,7720.607029,10330.769231,8717.493473,0.443373,0.204785,0.066725,0.024984,0.009230,0.262437,0.147396
946700,21.7198,5,Thumb_C2_Bend,Thumb,bend,2,1.7198,Thumb cycle 2: BEND Thumb,3203,2932,2787,3002,2852,3081,2945,12208.744395,8571.625107,7244.495413,9338.334858,7801.126307,10330.769231,8706.956522,0.506023,0.201893,0.058358,0.037819,0.019755,0.262437,0.146009
946750,21.7302,5,Thumb_C2_Bend,Thumb,bend,2,1.7302,Thumb cycle 2: BEND Thumb,3200,2931,2799,2997,2852,3049,2942,12156.424581,8561.340206,7343.055556,9280.327869,7801.126307,9910.707457,8675.455334,0.499569,0.200451,0.072757,0.031372,0.019755,0.211105,0.141863
946800,21.7839,5,Thumb_C2_Bend,Thumb,bend,2,1.7839,Thumb cycle 2: BEND Thumb,3165,2923,2800,3001,2841,3031,2946,11570.967742,8479.692833,7351.351351,9326.691042,7702.870813,9685.526316,8717.493473,0.427349,0.189003,0.073969,0.036525,0.006911,0.183587,0.147396
946850,21.8276,5,Thumb_C2_Bend,Thumb,bend,2,1.8276,Thumb cycle 2: BEND Thumb,3149,2917,2793,3002,2850,3046,2956,11317.758985,8419.185059,7293.548387,9338.334858,7783.132530,9872.640610,8823.880597,0.396115,0.180518,0.065524,0.037819,0.017403,0.206453,0.161399
946900,21.9768,5,Thumb_C2_Bend,Thumb,bend,2,1.9768,Thumb cycle 2: BEND Thumb,3164,2927,2800,2998,2849,3052,2938,11554.887218,8520.376712,7351.351351,9291.886964,7774.157303,9948.993289,8633.707865,0.425366,0.194707,0.073969,0.032657,0.016230,0.215784,0.136369
946950,21.9769,5,Thumb_C2_Bend,Thumb,bend,2,1.9769,Thumb cycle 2: BEND Thumb,3167,2926,2800,2984,2841,3037,2956,11603.232759,8510.179641,7351.351351,9131.953195,7702.870813,9759.735350,8823.880597,0.431330,0.193277,0.073969,0.014882,0.006911,0.192656,0.161399
947000,21.9975,5,Thumb_C2_Bend,Thumb,bend,2,1.9975,Thumb cycle 2: BEND Thumb,3135,2913,2784,3002,2856,3024,2955,11103.125000,8379.187817,7220.137300,9338.334858,7837.288136,9600.000000,8813.157895,0.369638,0.174910,0.054799,0.037819,0.024482,0.173136,0.159988
947050,22.0467,6,Thumb_C3_Open,Thumb,open,3,0.0467,Thumb cycle 3: OPEN,3188,2924,2800,2994,2853,3028,2946,11950.606395,8489.837746,7351.351351,9245.776567,7810.144928,9648.734770,8717.493473,0.474180,0.190425,0.073969,0.027532,0.020934,0.179091,0.147396
947100,22.0791,6,Thumb_C3_Open,Thumb,open,3,0.0791,Thumb cycle 3: OPEN,3176,2924,2798,2993,2843,3022,2943,11750.163221,8489.837746,7334.772552,9234.301270,7720.607029,9575.768872,8685.937500,0.449454,0.190425,0.071547,0.026257,0.009230,0.170175,0.143243
947150,22.2399,6,Thumb_C3_Open,Thumb,open,3,0.2399,Thumb cycle 3: OPEN,3149,2912,2793,2999,2856,3026,2940,11317.758985,8369.230769,7293.548387,9303.467153,7837.288136,9624.321796,8654.545455,0.396115,0.173514,0.065524,0.033944,0.024482,0.176108,0.139111
947200,22.2401,6,Thumb_C3_Open,Thumb,open,3,0.2401,Thumb cycle 3: OPEN,3160,2916,2798,2992,2854,3022,2926,11490.909091,8409.160305,7334.772552,9222.846782,7819.178082,9575.768872,8510.179641,0.417474,0.179113,0.071547,0.024984,0.022115,0.170175,0.120110
947250,22.2401,6,Thumb_C3_Open,Thumb,open,3,0.2401,Thumb cycle 3: OPEN,3140,2913,2798,2994,2846,3006,2952,11179.057592,8379.187817,7334.772552,9245.776567,7747.317854,9385.123967,8781.102362,0.379005,0.174910,0.071547,0.027532,0.012721,0.146878,0.155769
947300,22.2727,6,Thumb_C3_Open,Thumb,open,3,0.2727,Thumb cycle 3: OPEN,3107,2899,2800,3015,2855,3012,2964,10692.105263,8241.304348,7351.351351,9491.666667,7828.225806,9455.955679,8910.344828,0.318936,0.155576,0.073969,0.054859,0.023297,0.155534,0.172779
947350,22.3271,6,Thumb_C3_Open,Thumb,open,3,0.3271,Thumb cycle 3: OPEN,3147,2912,2797,3019,2856,3010,2958,11286.708861,8369.230769,7326.502311,9539.591078,7837.288136,9432.258065,8845.382586,0.392284,0.173514,0.070338,0.060185,0.024482,0.152638,0.164229
947400,22.4859,6,Thumb_C3_Open,Thumb,open,3,0.4859,Thumb cycle 3: OPEN,3138,2910,2793,3001,2847,2998,2952,11148.589342,8349.367089,7293.548387,9326.691042,7756.250000,9291.886964,8781.102362,0.375247,0.170729,0.065524,0.036525,0.013889,0.135484,0.155769
947450,22.4860,6,Thumb_C3_Open,Thumb,open,3,0.4860,Thumb cycle 3: OPEN,3115,2901,2784,3012,2856,3009,2953,10807.142857,8260.804020,7220.137300,9455.955679,7837.288136,9420.441989,8791.768827,0.333127,0.158310,0.054799,0.050890,0.024482,0.151194,0.157172
947500,22.4860,6,Thumb_C3_Open,Thumb,open,3,0.4860,Thumb cycle 3: OPEN,3146,2902,2784,3012,2856,2999,2936,11271.232877,8270.578374,7220.137300,9455.955679,7837.288136,9303.467153,8612.942192,0.390375,0.159681,0.054799,0.050890,0.024482,0.136899,0.133635
947550,22.5303,6,Thumb_C3_Open,Thumb,open,3,0.5303,Thumb cycle 3: OPEN,3108,2907,2780,3001,2841,2985,2963,10706.382979,8319.696970,7187.832700,9326.691042,7702.870813,9143.243243,8899.469965,0.320698,0.166568,0.050080,0.036525,0.006911,0.117320,0.171348
947600,22.5849,6,Thumb_C3_Open,Thumb,open,3,0.5849,Thumb cycle 3: OPEN,3112,2897,2776,3002,2852,2992,2939,10763.784334,8221.869783,7155.724033,9338.334858,7801.126307,9222.846782,8644.117647,0.327778,0.152851,0.045389,0.037819,0.019755,0.127047,0.137739
947650,22.7481,6,Thumb_C3_Open,Thumb,open,3,0.7481,Thumb cycle 3: OPEN,3133,2905,2787,3000,2850,2991,2920,11072.972973,8300.000000,7244.495413,9315.068493,7783.132530,9211.413043,8449.361702,0.365919,0.163806,0.058358,0.035233,0.017403,0.125650,0.112105
947700,22.7481,6,Thumb_C3_Open,Thumb,open,3,0.7481,Thumb cycle 3: OPEN,3117,2904,2776,2989,2841,2975,2922,10836.196319,8290.176322,7155.724033,9188.607595,7702.870813,9031.250000,8469.565217,0.336711,0.162429,0.045389,0.021179,0.006911,0.103634,0.114764
947750,22.7481,6,Thumb_C3_Open,Thumb,open,3,0.7481,Thumb cycle 3: OPEN,3124,2892,2767,3000,2852,2979,2914,10938.825953,8173.566085,7084.186747,9315.068493,7801.126307,9075.806452,8389.161727,0.349371,0.146078,0.034938,0.035233,0.019755,0.109079,0.104181
947800,22.8015,6,Thumb_C3_Open,Thumb,open,3,0.8015,Thumb cycle 3: OPEN,3123,2906,2772,3009,2850,2991,2908,10924.074074,8309.840202,7123.809524,9420.441989,7783.132530,9211.413043,8329.570345,0.347551,0.165186,0.040727,0.046944,0.017403,0.125650,0.096338
947850,22.8450,6,Thumb_C3_Open,Thumb,open,3,0.8450,Thumb cycle 3: OPEN,3140,2906,2773,2995,2840,2987,2925,11179.057592,8309.840202,7131.770045,9257.272727,7694.023904,9165.884477,8500.000000,0.379005,0.165186,0.041890,0.028810,0.005755,0.120086,0.118770
947900,23.0021,6,Thumb_C3_Open,Thumb,open,3,1.0021,Thumb cycle 3: OPEN,3123,2892,2768,2999,2852,2996,2928,10924.074074,8173.566085,7092.087415,9303.467153,7801.126307,9268.789809,8530.591260,0.347551,0.146078,0.036092,0.033944,0.019755,0.132662,0.122796
947950,23.0021,6,Thumb_C3_Open,Thumb,open,3,1.0021,Thumb cycle 3: OPEN,3118,2913,2775,2994,2850,3011,2945,10850.767656,8379.187817,7147.727273,9245.776567,7783.132530,9444.095941,8706.956522,0.338508,0.174910,0.044221,0.027532,0.017403,0.154084,0.146009
948000,23.0021,6,Thumb_C3_Open,Thumb,open,3,1.0021,Thumb cycle 3: OPEN,3293,2890,2768,2987,2844,2996,3333,13960.349127,8154.356846,7092.087415,9165.884477,7729.496403,9268.789809,14871.653543,0.722094,0.143385,0.036092,0.018653,0.010392,0.132662,0.957407
948050,23.0347,6,Thumb_C3_Open,Thumb,open,3,1.0347,Thumb cycle 3: OPEN,3342,2880,2772,2997,2851,3010,3323,15090.039841,8059.259259,7123.809524,9280.327869,7792.122186,9432.258065,14634.974093,0.861448,0.130050,0.040727,0.031372,0.018578,0.152638,0.926255
948100,23.1010,6,Thumb_C3_Open,Thumb,open,3,1.1010,Thumb cycle 3: OPEN,3786,2912,2787,3008,2848,3024,3180,41658.252427,8369.230769,7244.495413,9408.647654,7765.196472,9600.000000,11816.393443,4.138800,0.173514,0.058358,0.045633,0.015058,0.173136,0.555274
948150,23.2619,6,Thumb_C3_Open,Thumb,open,3,1.2619,Thumb cycle 3: OPEN,3952,2903,2784,3005,2842,3058,3174,93963.636364,8280.369128,7220.137300,9373.394495,7711.731844,10026.229508,11717.263844,10.590988,0.161054,0.054799,0.041715,0.008070,0.225222,0.542226
948200,23.2619,6,Thumb_C3_Open,Thumb,open,3,1.2619,Thumb cycle 3: OPEN,3907,2863,2758,3024,2853,3041,3171,70658.510638,7901.136364,7013.612565,9600.000000,7810.144928,9809.677419,11668.181818,7.716158,0.107879,0.024628,0.066899,0.020934,0.198759,0.535766
948250,23.2619,6,Thumb_C3_Open,Thumb,open,3,1.2619,Thumb cycle 3: OPEN,3864,2897,2768,3017,2850,3100,3143,56872.727273,8221.869783,7092.087415,9515.584416,7783.132530,10592.964824,11225.000000,6.015598,0.152851,0.036092,0.057517,0.017403,0.294478,0.477434
948300,23.2943,6,Thumb_C3_Open,Thumb,open,3,1.2943,Thumb cycle 3: OPEN,3725,2913,2766,3002,2844,3030,3114,34229.729730,8379.187817,7076.297968,9338.334858,7729.496403,9673.239437,10792.660550,3.222446,0.174910,0.033786,0.037819,0.010392,0.182086,0.420530
948350,23.3264,6,Thumb_C3_Open,Thumb,open,3,1.3264,Thumb cycle 3: OPEN,4029,2896,2752,3005,2852,3091,3099,207554.545455,8212.176814,6967.088608,9373.394495,7801.126307,10467.529880,10578.915663,24.603120,0.151492,0.017831,0.041715,0.019755,0.279150,0.392397
948400,23.3813,6,Thumb_C3_Open,Thumb,open,3,1.3813,Thumb cycle 3: OPEN,3808,2899,2767,2995,2849,3060,3120,45112.195122,8241.304348,7084.186747,9257.272727,7774.157303,10052.173913,10880.000000,4.564865,0.155576,0.034938,0.028810,0.016230,0.228392,0.432025
948450,23.5187,6,Thumb_C3_Open,Thumb,open,3,1.5187,Thumb cycle 3: OPEN,3689,2909,2768,2998,2844,3044,3103,30893.103448,8339.460371,7092.087415,9291.886964,7729.496403,9847.383444,10635.282258,2.810853,0.169339,0.036092,0.032657,0.010392,0.203367,0.399816
948500,23.5188,6,Thumb_C3_Open,Thumb,open,3,1.5188,Thumb cycle 3: OPEN,3790,2900,2758,3012,2853,3055,3084,42249.180328,8251.046025,7013.612565,9455.955679,7810.144928,9987.500000,10371.513353,4.211694,0.156942,0.024628,0.050890,0.020934,0.220489,0.365098
948550,23.5292,6,Thumb_C3_Open,Thumb,open,3,1.5292,Thumb cycle 3: OPEN,3834,2898,2768,3022,2852,3045,3056,49944.827586,8231.578947,7092.087415,9575.768872,7801.126307,9860.000000,10000.384986,5.160999,0.154213,0.036092,0.064206,0.019755,0.204908,0.316251
948600,23.5727,6,Thumb_C3_Open,Thumb,open,3,1.5727,Thumb cycle 3: OPEN,3920,2895,2758,2999,2842,3038,3060,76160.000000,8202.500000,7013.612565,9303.467153,7711.731844,9772.185430,10052.173913,8.394801,0.150135,0.024628,0.033944,0.008070,0.194177,0.323067
948650,23.6271,6,Thumb_C3_Open,Thumb,open,3,1.6271,Thumb cycle 3: OPEN,3761,2883,2755,3002,2854,3040,3051,38285.628743,8087.623762,6990.298507,9338.334858,7819.178082,9797.156398,9936.206897,3.722766,0.134028,0.021222,0.037819,0.022115,0.197229,0.307803
948700,23.7811,6,Thumb_C3_Open,Thumb,open,3,1.7811,Thumb cycle 3: OPEN,3733,2883,2756,2996,2855,3037,3047,35061.325967,8087.623762,6998.058252,9268.789809,7828.225806,9759.735350,9885.305344,3.325028,0.134028,0.022356,0.030090,0.023297,0.192656,0.301104
948750,23.7811,6,Thumb_C3_Open,Thumb,open,3,1.7811,Thumb cycle 3: OPEN,3643,2880,2754,2987,2846,3018,3055,27403.097345,8059.259259,6982.550336,9165.884477,7747.317854,9527.576602,9987.500000,2.380339,0.130050,0.020090,0.018653,0.012721,0.164286,0.314555
948800,23.7812,6,Thumb_C3_Open,Thumb,open,3,1.7812,Thumb cycle 3: OPEN,3646,2864,2745,2996,2855,3023,3053,27608.908686,7910.316816,6913.333333,9268.789809,7828.225806,9587.873134,9961.804223,2.405727,0.109166,0.009978,0.030090,0.023297,0.171654,0.311173
948850,23.8358,6,Thumb_C3_Open,Thumb,open,3,1.8358,Thumb cycle 3: OPEN,3774,2881,2754,2989,2850,3020,3046,39973.831776,8068.698517,6982.550336,9188.607595,7783.132530,9551.627907,9872.640610,3.931016,0.131374,0.020090,0.021179,0.017403,0.167225,0.299437
948900,23.8906,6,Thumb_C3_Open,Thumb,open,3,1.8906,Thumb cycle 3: OPEN,3618,2875,2752,2976,2846,3003,3055,25788.679245,8012.295082,6967.088608,9042.359249,7747.317854,9350.000000,9987.500000,2.181191,0.123465,0.017831,0.004925,0.012721,0.142586,0.314555
948950,24.0351,7,Thumb_C3_Bend,Thumb,bend,3,0.0351,Thumb cycle 3: BEND Thumb,3695,2869,2752,2989,2853,3003,3053,31407.500000,7956.443719,6967.088608,9188.607595,7810.144928,9350.000000,9961.804223,2.874307,0.115634,0.017831,0.021179,0.020934,0.142586,0.311173
949000,24.0354,7,Thumb_C3_Bend,Thumb,bend,3,0.0354,Thumb cycle 3: BEND Thumb,3563,2881,2756,2990,2854,2995,3033,22771.052632,8068.698517,6998.058252,9200.000000,7819.178082,9257.272727,9710.169492,1.808948,0.131374,0.022356,0.022445,0.022115,0.131254,0.278052
949050,24.0465,7,Thumb_C3_Bend,Thumb,bend,3,0.0465,Thumb cycle 3: BEND Thumb,3595,2873,2753,2981,2847,3009,3044,24446.000000,7993.617021,6974.813711,9098.204668,7756.250000,9420.441989,9847.383444,2.015563,0.120846,0.018960,0.011132,0.013889,0.151194,0.296112
949100,24.0783,7,Thumb_C3_Bend,Thumb,bend,3,0.0783,Thumb cycle 3: BEND Thumb,3539,2859,2739,2992,2853,3005,3051,21641.366906,7864.563107,6867.699115,9222.846782,7810.144928,9373.394495,9936.206897,1.669595,0.102751,0.003311,0.024984,0.020934,0.145444,0.307803
949150,24.1323,7,Thumb_C3_Bend,Thumb,bend,3,0.1323,Thumb cycle 3: BEND Thumb,3605,2869,2745,2995,2853,3002,3051,25014.285714,7956.443719,6913.333333,9257.272727,7810.144928,9338.334858,9936.206897,2.085665,0.115634,0.009978,0.028810,0.020934,0.141160,0.307803
949200,24.2913,7,Thumb_C3_Bend,Thumb,bend,3,0.2913,Thumb cycle 3: BEND Thumb,3615,2869,2742,2988,2842,2994,3054,25606.250000,7956.443719,6890.465632,9177.235772,7711.731844,9245.776567,9974.639769,2.158687,0.115634,0.006637,0.019915,0.008070,0.129849,0.312862
949250,24.2914,7,Thumb_C3_Bend,Thumb,bend,3,0.2914,Thumb cycle 3: BEND Thumb,3657,2859,2736,2993,2851,2993,3043,28387.671233,7864.563107,6845.033113,9234.301270,7792.122186,9234.301270,9834.790875,2.501792,0.102751,0.000000,0.026257,0.018578,0.128447,0.294455
949300,24.2914,7,Thumb_C3_Bend,Thumb,bend,3,0.2914,Thumb cycle 3: BEND Thumb,3677,2867,2739,2994,2850,2983,3037,29908.612440,7937.947883,6867.699115,9245.776567,7783.132530,9120.683453,9759.735350,2.689410,0.113040,0.003311,0.027532,0.017403,0.114563,0.284576
949350,24.3462,7,Thumb_C3_Bend,Thumb,bend,3,0.3462,Thumb cycle 3: BEND Thumb,3640,2866,2738,2980,2843,2970,3025,27200.000000,7928.722539,6860.132646,9086.995516,7720.607029,8976.000000,9612.149533,2.355286,0.111747,0.002206,0.009886,0.009230,0.096882,0.265151
949400,24.3786,7,Thumb_C3_Bend,Thumb,bend,3,0.3786,Thumb cycle 3: BEND Thumb,3493,2856,2720,2997,2854,2977,3041,19727.906977,7837.288136,6725.818182,9280.327869,7819.178082,9053.488372,9809.677419,1.433558,0.098926,-0.017416,0.031372,0.022115,0.106351,0.291150
949450,24.5365,7,Thumb_C3_Bend,Thumb,bend,3,0.5365,Thumb cycle 3: BEND Thumb,3525,2865,2736,2992,2849,2974,3020,21026.315789,7919.512195,6845.033113,9222.846782,7774.157303,9020.160571,9551.627907,1.593724,0.110455,0.000000,0.024984,0.016230,0.102279,0.257185
949500,24.5366,7,Thumb_C3_Bend,Thumb,bend,3,0.5366,Thumb cycle 3: BEND Thumb,3646,2862,2736,2987,2841,2966,3035,27608.908686,7891.970803,6845.033113,9165.884477,7702.870813,8932.152347,9734.905660,2.405727,0.106594,0.000000,0.018653,0.006911,0.091524,0.281308
949550,24.5366,7,Thumb_C3_Bend,Thumb,bend,3,0.5366,Thumb cycle 3: BEND Thumb,3486,2854,2730,3002,2852,2972,3025,19462.068966,7819.178082,6800.000000,9338.334858,7801.126307,8998.040962,9612.149533,1.400765,0.096387,-0.006579,0.037819,0.019755,0.099576,0.265151
949600,24.6014,7,Thumb_C3_Bend,Thumb,bend,3,0.6014,Thumb cycle 3: BEND Thumb,3410,2863,2738,3005,2849,2973,3022,16925.547445,7901.136364,6860.132646,9373.394495,7774.157303,9009.090909,9575.768872,1.087870,0.107879,0.002206,0.041715,0.016230,0.100926,0.260363
949650,24.6228,7,Thumb_C3_Bend,Thumb,bend,3,0.6228,Thumb cycle 3: BEND Thumb,3493,2863,2736,2992,2842,2969,3026,19727.906977,7901.136364,6845.033113,9222.846782,7711.731844,8965.008881,9624.321796,1.433558,0.107879,0.000000,0.024984,0.008070,0.095539,0.266753
949700,24.7929,7,Thumb_C3_Bend,Thumb,bend,3,0.7929,Thumb cycle 3: BEND Thumb,3548,2855,2752,3010,2850,2968,3024,22053.382084,7828.225806,6967.088608,9432.258065,7783.132530,8954.037267,9600.000000,1.720419,0.097655,0.017831,0.048257,0.017403,0.094198,0.263552
949750,24.7930,7,Thumb_C3_Bend,Thumb,bend,3,0.7930,Thumb cycle 3: BEND Thumb,3574,2860,2752,3004,2847,2964,3022,23323.608445,7873.684211,6967.088608,9361.686526,7756.250000,8910.344828,9575.768872,1.877109,0.104029,0.017831,0.040414,0.013889,0.088859,0.260363
949800,24.7930,7,Thumb_C3_Bend,Thumb,bend,3,0.7930,Thumb cycle 3: BEND Thumb,3580,2861,2750,2995,2835,2951,3028,23634.951456,7882.820097,6951.672862,9257.272727,7650.000000,8770.454545,9648.734770,1.915515,0.105310,0.015579,0.028810,0.000000,0.071764,0.269966
949850,24.8262,7,Thumb_C3_Bend,Thumb,bend,3,0.8262,Thumb cycle 3: BEND Thumb,3533,2845,2744,3006,2852,2958,3025,21374.021352,7738.400000,6905.699482,9385.123967,7801.126307,8845.382586,9612.149533,1.636616,0.085060,0.008863,0.043019,0.019755,0.080920,0.265151
949900,24.8811,7,Thumb_C3_Bend,Thumb,bend,3,0.8811,Thumb cycle 3: BEND Thumb,3524,2853,2748,3010,2849,2953,3016,20983.537653,7810.144928,6936.302895,9432.258065,7774.157303,8791.768827,9503.614458,1.588447,0.095120,0.013334,0.048257,0.016230,0.074369,0.250866
949950,25.0546,7,Thumb_C3_Bend,Thumb,bend,3,1.0546,Thumb cycle 3: BEND Thumb,3517,2851,2738,2995,2839,2936,3018,20688.235294,7792.122186,6860.132646,9257.272727,7685.191083,8612.942192,9527.576602,1.552020,0.092593,0.002206,0.028810,0.004600,0.052516,0.254020
950000,25.0547,7,Thumb_C3_Bend,Thumb,bend,3,1.0547,Thumb cycle 3: BEND Thumb,3523,2841,2736,3017,2850,2943,3012,20940.909091,7702.870813,6845.033113,9515.584416,7783.132530,8685.937500,9455.955679,1.583189,0.080078,0.000000,0.057517,0.017403,0.061436,0.244593
950050,25.0547,7,Thumb_C3_Bend,Thumb,bend,3,1.0547,Thumb cycle 3: BEND Thumb,3579,2841,2752,3009,2848,2988,3028,23582.558140,7702.870813,6967.088608,9420.441989,7765.196472,9177.235772,9648.734770,1.909052,0.080078,0.017831,0.046944,0.015058,0.121473,0.269966
950100,25.0866,7,Thumb_C3_Bend,Thumb,bend,3,1.0866,Thumb cycle 3: BEND Thumb,3566,2854,2749,2992,2841,3009,3052,22919.470699,7819.178082,6943.982169,9222.846782,7702.870813,9420.441989,9948.993289,1.827257,0.096387,0.014456,0.024984,0.006911,0.151194,0.309486
950150,25.1189,7,Thumb_C3_Bend,Thumb,bend,3,1.1189,Thumb cycle 3: BEND Thumb,3714,2839,2739,3011,2852,3030,3061,33143.307087,7685.191083,6867.699115,9444.095941,7801.126307,9673.239437,10065.183752,3.088429,0.077599,0.003311,0.049572,0.019755,0.182086,0.324779
950200,25.3101,7,Thumb_C3_Bend,Thumb,bend,3,1.3101,Thumb cycle 3: BEND Thumb,3855,2885,2749,3012,2850,3069,3056,54612.500000,8106.611570,6943.982169,9455.955679,7783.132530,10170.175439,10000.384986,5.736785,0.136690,0.014456,0.050890,0.017403,0.242812,0.316251
950250,25.3101,7,Thumb_C3_Bend,Thumb,bend,3,1.3101,Thumb cycle 3: BEND Thumb,3841,2910,2751,2997,2840,3041,3087,51414.960630,8349.367089,6959.375000,9280.327869,7694.023904,9809.677419,10412.500000,5.342349,0.170729,0.016704,0.031372,0.005755,0.198759,0.370493
950300,25.3102,7,Thumb_C3_Bend,Thumb,bend,3,1.3102,Thumb cycle 3: BEND Thumb,3379,2905,2743,3009,2854,3059,3185,16045.530726,8300.000000,6898.076923,9420.441989,7819.178082,10039.189189,11900.000000,0.979314,0.163806,0.007749,0.046944,0.022115,0.226806,0.566278
950350,25.3422,7,Thumb_C3_Bend,Thumb,bend,3,1.3422,Thumb cycle 3: BEND Thumb,3293,2915,2754,3000,2852,3075,3165,13960.349127,8399.152542,6982.550336,9315.068493,7801.126307,10250.000000,11570.967742,0.722094,0.177709,0.020090,0.035233,0.019755,0.252567,0.522971
950400,25.3972,7,Thumb_C3_Bend,Thumb,bend,3,1.3972,Thumb cycle 3: BEND Thumb,3270,2917,2759,3009,2840,3098,3147,13476.363636,8419.185059,7021.407186,9420.441989,7694.023904,10564.894684,11286.708861,0.662392,0.180518,0.025767,0.046944,0.005755,0.291048,0.485556
950450,25.4186,7,Thumb_C3_Bend,Thumb,bend,3,1.4186,Thumb cycle 3: BEND Thumb,3294,2929,2755,3011,2848,3073,3101,13982.022472,8540.823328,6990.298507,9444.095941,7765.196472,10223.287671,10607.042254,0.724768,0.197574,0.021222,0.049572,0.015058,0.249303,0.396099
950500,25.5704,7,Thumb_C3_Bend,Thumb,bend,3,1.5704,Thumb cycle 3: BEND Thumb,3262,2908,2763,3016,2850,3051,3087,13314.285714,8329.570345,7052.702703,9503.614458,7783.132530,9936.206897,10412.500000,0.642398,0.167953,0.030339,0.056187,0.017403,0.214221,0.370493
950550,25.5704,7,Thumb_C3_Bend,Thumb,bend,3,1.5704,Thumb cycle 3: BEND Thumb,3237,2916,2762,3009,2834,3027,3035,12827.272727,8409.160305,7044.861215,9420.441989,7641.237113,9636.516854,9734.905660,0.582322,0.179113,0.029193,0.046944,-0.001145,0.177598,0.281308
950600,25.5926,7,Thumb_C3_Bend,Thumb,bend,3,1.5926,Thumb cycle 3: BEND Thumb,3241,2901,2751,3033,2848,3031,3000,12903.278689,8260.804020,6959.375000,9710.169492,7765.196472,9685.526316,9315.068493,0.591698,0.158310,0.016704,0.079143,0.015058,0.183587,0.226049
950650,25.6361,7,Thumb_C3_Bend,Thumb,bend,3,1.6361,Thumb cycle 3: BEND Thumb,3226,2927,2764,3040,2846,3049,2956,12621.864212,8520.376712,7060.555973,9797.156398,7747.317854,9910.707457,8823.880597,0.556984,0.194707,0.031486,0.088810,0.012721,0.211105,0.161399
950700,25.6801,7,Thumb_C3_Bend,Thumb,bend,3,1.6801,Thumb cycle 3: BEND Thumb,3185,2925,2763,3017,2834,3083,2978,11900.000000,8500.000000,7052.702703,9515.584416,7641.237113,10357.905138,9064.637422,0.467938,0.191850,0.030339,0.057517,-0.001145,0.265753,0.193087
950750,25.8237,7,Thumb_C3_Bend,Thumb,bend,3,1.8237,Thumb cycle 3: BEND Thumb,3193,2905,2749,3023,2845,3045,2977,12035.698448,8300.000000,6943.982169,9587.873134,7738.400000,9860.000000,9053.488372,0.484677,0.163806,0.014456,0.065551,0.011556,0.204908,0.191620
950800,25.8237,7,Thumb_C3_Bend,Thumb,bend,3,1.8237,Thumb cycle 3: BEND Thumb,3211,2921,2750,3026,2844,3035,2951,12350.000000,8459.454855,6951.672862,9624.321796,7729.496403,9734.905660,8770.454545,0.523448,0.186165,0.015579,0.069602,0.010392,0.189622,0.154367
950850,25.8459,7,Thumb_C3_Bend,Thumb,bend,3,1.8459,Thumb cycle 3: BEND Thumb,3195,2910,2751,3025,2831,3015,2945,12070.000000,8349.367089,6959.375000,9612.149533,7615.031646,9491.666667,8706.956522,0.488908,0.170729,0.016704,0.068249,-0.004571,0.159897,0.146009
950900,25.8671,7,Thumb_C3_Bend,Thumb,bend,3,1.8671,Thumb cycle 3: BEND Thumb,3178,2905,2743,3029,2841,3015,2948,11783.206107,8300.000000,6898.076923,9660.975610,7702.870813,9491.666667,8738.622493,0.453530,0.163806,0.007749,0.073675,0.006911,0.159897,0.150177
950950,25.9322,7,Thumb_C3_Bend,Thumb,bend,3,1.9322,Thumb cycle 3: BEND Thumb,3173,2940,2757,3030,2840,3013,2937,11700.867679,8654.545455,7005.829596,9673.239437,7694.023904,9467.837338,8623.316062,0.443373,0.213520,0.023491,0.075038,0.005755,0.156985,0.135001
951000,26.0786,8,Thumb_C4_Open,Thumb,open,4,0.0786,Thumb cycle 4: OPEN,3196,2914,2754,3025,2831,2983,2934,12087.208009,8389.161727,6982.550336,9612.149533,7615.031646,9120.683453,8592.248062,0.491031,0.176309,0.020090,0.068249,-0.004571,0.114563,0.130912
951050,26.0790,8,Thumb_C4_Open,Thumb,open,4,0.0790,Thumb cycle 4: OPEN,3157,2895,2741,3036,2842,2979,2927,11443.283582,8202.500000,6882.865583,9747.308782,7711.731844,9075.806452,8520.376712,0.411599,0.150135,0.005527,0.083270,0.008070,0.109079,0.121452
951100,26.0901,8,Thumb_C4_Open,Thumb,open,4,0.0901,Thumb cycle 4: OPEN,3197,2901,2753,3024,2840,2966,2921,12104.454343,8260.804020,6974.813711,9600.000000,7694.023904,8932.152347,8459.454855,0.493158,0.158310,0.018960,0.066899,0.005755,0.091524,0.113433
951150,26.1226,8,Thumb_C4_Open,Thumb,open,4,0.1226,Thumb cycle 4: OPEN,3181,2907,2757,3014,2831,2971,2908,11833.041575,8319.696970,7005.829596,9479.740981,7615.031646,8987.010676,8329.570345,0.459678,0.166568,0.023491,0.053534,-0.004571,0.098228,0.096338
951200,26.1879,8,Thumb_C4_Open,Thumb,open,4,0.1879,Thumb cycle 4: OPEN,3136,2901,2752,3027,2844,2973,2918,11118.248175,8260.804020,6967.088608,9636.516854,7729.496403,9009.090909,8429.226848,0.371504,0.158310,0.017831,0.070957,0.010392,0.100926,0.109455
951250,26.3422,8,Thumb_C4_Open,Thumb,open,4,0.3422,Thumb cycle 4: OPEN,3205,2908,2761,3028,2840,2972,2925,12243.820225,8329.570345,7037.031484,9648.734770,7694.023904,8998.040962,8500.000000,0.510350,0.167953,0.028049,0.072315,0.005755,0.099576,0.118770
951300,26.3423,8,Thumb_C4_Open,Thumb,open,4,0.3423,Thumb cycle 4: OPEN,3228,2898,2764,3014,2833,2956,2915,12658.823529,8231.578947,7060.555973,9479.740981,7632.488114,8823.880597,8399.152542,0.561543,0.154213,0.031486,0.053534,-0.002289,0.078293,0.105496
951350,26.3423,8,Thumb_C4_Open,Thumb,open,4,0.3423,Thumb cycle 4: OPEN,3174,2881,2762,3020,2842,2964,2957,11717.263844,8068.698517,7044.861215,9551.627907,7711.731844,8910.344828,8834.622144,0.445396,0.131374,0.029193,0.061523,0.008070,0.088859,0.162813
951400,26.3967,8,Thumb_C4_Open,Thumb,open,4,0.3967,Thumb cycle 4: OPEN,3196,2891,2769,3024,2844,2973,2944,12087.208009,8163.953488,7100.000000,9600.000000,7729.496403,9009.090909,8696.437880,0.491031,0.144730,0.037248,0.066899,0.010392,0.100926,0.144625
951450,26.4288,8,Thumb_C4_Open,Thumb,open,4,0.4288,Thumb cycle 4: OPEN,3161,2892,2770,3010,2834,2959,2929,11506.852248,8173.566085,7107.924528,9432.258065,7641.237113,8856.161972,8540.823328,0.419440,0.146078,0.038406,0.048257,-0.001145,0.082238,0.124143
951500,26.5782,8,Thumb_C4_Open,Thumb,open,4,0.5782,Thumb cycle 4: OPEN,3161,2879,2768,3029,2842,2982,2941,11506.852248,8049.835526,7092.087415,9660.975610,7711.731844,9109.433962,8664.991334,0.419440,0.128729,0.036092,0.073675,0.008070,0.113188,0.140486
951550,26.5783,8,Thumb_C4_Open,Thumb,open,4,0.5783,Thumb cycle 4: OPEN,3168,2887,2769,3025,2840,2971,2929,11619.417476,8125.662252,7100.000000,9612.149533,7694.023904,8987.010676,8540.823328,0.433326,0.139361,0.037248,0.068249,0.005755,0.098228,0.124143
951600,26.5783,8,Thumb_C4_Open,Thumb,open,4,0.5783,Thumb cycle 4: OPEN,3168,2893,2767,3015,2832,2963,2959,11619.417476,8183.194676,7084.186747,9491.666667,7623.752969,8899.469965,8856.161972,0.433326,0.147428,0.034938,0.054859,-0.003431,0.087530,0.165648
951650,26.6218,8,Thumb_C4_Open,Thumb,open,4,0.6218,Thumb cycle 4: OPEN,3171,2890,2757,3019,2843,2990,2945,11668.181818,8154.356846,7005.829596,9539.591078,7720.607029,9200.000000,8706.956522,0.439341,0.143385,0.023491,0.060185,0.009230,0.124255,0.146009
951700,26.6878,8,Thumb_C4_Open,Thumb,open,4,0.6878,Thumb cycle 4: OPEN,3141,2917,2764,3017,2842,2980,2940,11194.339623,8419.185059,7060.555973,9515.584416,7711.731844,9086.995516,8654.545455,0.380890,0.180518,0.031486,0.057517,0.008070,0.110446,0.139111
951750,26.8345,8,Thumb_C4_Open,Thumb,open,4,0.8345,Thumb cycle 4: OPEN,3130,2896,2760,3010,2833,2969,2962,11027.979275,8212.176814,7029.213483,9432.258065,7632.488114,8965.008881,8888.614298,0.360369,0.151492,0.026907,0.048257,-0.002289,0.095539,0.169919
951800,26.8346,8,Thumb_C4_Open,Thumb,open,4,0.8346,Thumb cycle 4: OPEN,3120,2884,2757,3027,2842,2975,2932,10880.000000,8097.109827,7005.829596,9636.516854,7711.731844,9031.250000,8571.625107,0.342114,0.135358,0.023491,0.070957,0.008070,0.103634,0.128197
951850,26.8346,8,Thumb_C4_Open,Thumb,open,4,0.8346,Thumb cycle 4: OPEN,3143,2890,2759,3020,2843,2972,2911,11225.000000,8154.356846,7021.407186,9551.627907,7720.607029,8998.040962,8359.290541,0.384672,0.143385,0.025767,0.061523,0.009230,0.099576,0.100250
951900,26.8889,8,Thumb_C4_Open,Thumb,open,4,0.8889,Thumb cycle 4: OPEN,3131,2895,2759,3010,2832,2970,2933,11042.946058,8202.500000,7021.407186,9432.258065,7623.752969,8976.000000,8581.927711,0.362215,0.150135,0.025767,0.048257,-0.003431,0.096882,0.129553
951950,26.9541,8,Thumb_C4_Open,Thumb,open,4,0.9541,Thumb cycle 4: OPEN,3217,2899,2747,3011,2844,2979,3131,12457.630979,8241.304348,6928.635015,9444.095941,7729.496403,9075.806452,11042.946058,0.536725,0.155576,0.012214,0.049572,0.010392,0.109079,0.453472
952000,27.0991,8,Thumb_C4_Open,Thumb,open,4,1.0991,Thumb cycle 4: OPEN,3336,2925,2753,3012,2847,2983,3418,14943.873518,8500.000000,6974.813711,9455.955679,7756.250000,9120.683453,17165.731167,0.843418,0.191850,0.018960,0.050890,0.013889,0.114563,1.259353
952050,27.0992,8,Thumb_C4_Open,Thumb,open,4,1.0992,Thumb cycle 4: OPEN,3331,2974,2762,3006,2835,2980,3202,14823.821990,9020.160571,7044.861215,9385.123967,7650.000000,9086.995516,12191.265398,0.828609,0.264786,0.029193,0.043019,0.000000,0.110446,0.604614
952100,27.0992,8,Thumb_C4_Open,Thumb,open,4,1.0992,Thumb cycle 4: OPEN,3824,2992,2756,3013,2851,3039,3163,47976.383764,9222.846782,6998.058252,9467.837338,7792.122186,9784.659091,11538.841202,4.918180,0.293206,0.022356,0.052211,0.018578,0.195702,0.518742
952150,27.1419,8,Thumb_C4_Open,Thumb,open,4,1.1419,Thumb cycle 4: OPEN,3374,3007,2758,3023,2850,3020,3164,15910.679612,9396.875000,7013.612565,9587.873134,7783.132530,9551.627907,11554.887218,0.962679,0.317608,0.024628,0.065551,0.017403,0.167225,0.520854
952200,27.1744,8,Thumb_C4_Open,Thumb,open,4,1.1744,Thumb cycle 4: OPEN,3910,2999,2758,3016,2841,3040,3159,71859.459459,9303.467153,7013.612565,9503.614458,7702.870813,9797.156398,11475.000000,7.864303,0.304510,0.024628,0.056187,0.006911,0.197229,0.510339
952250,27.3487,8,Thumb_C4_Open,Thumb,open,4,1.3487,Thumb cycle 4: OPEN,4024,2994,2746,3030,2849,3049,3124,192698.591549,9245.776567,6920.978503,9673.239437,7774.157303,9910.707457,10938.825953,22.770547,0.296421,0.011095,0.075038,0.016230,0.211105,0.439768
952300,27.3487,8,Thumb_C4_Open,Thumb,open,4,1.3487,Thumb cycle 4: OPEN,3862,2987,2757,3021,2845,3022,3107,56355.364807,9165.884477,7005.829596,9563.687151,7738.400000,9575.768872,10692.105263,5.951778,0.285219,0.023491,0.062863,0.011556,0.170175,0.407295
952350,27.3598,8,Thumb_C4_Open,Thumb,open,4,1.3598,Thumb cycle 4: OPEN,3715,2935,2757,3016,2834,3052,3117,33239.473684,8602.586207,7005.829596,9503.614458,7641.237113,9948.993289,10836.196319,3.100292,0.206234,0.023491,0.056187,-0.001145,0.215784,0.426260
952400,27.3700,8,Thumb_C4_Open,Thumb,open,4,1.3700,Thumb cycle 4: OPEN,3782,2926,2752,3017,2846,3054,3102,41082.428115,8510.179641,6967.088608,9515.584416,7747.317854,9974.639769,10621.148036,4.067768,0.193277,0.017831,0.057517,0.012721,0.218918,0.397955
952450,27.4353,8,Thumb_C4_Open,Thumb,open,4,1.4353,Thumb cycle 4: OPEN,3830,2932,2754,3009,2844,3026,3094,49139.622642,8571.625107,6982.550336,9420.441989,7729.496403,9624.321796,10509.090909,5.061672,0.201893,0.020090,0.046944,0.010392,0.176108,0.383206
952500,27.6102,8,Thumb_C4_Open,Thumb,open,4,1.6102,Thumb cycle 4: OPEN,3525,2937,2754,3004,2833,3011,3097,21026.315789,8623.316062,6982.550336,9361.686526,7632.488114,9444.095941,10550.901804,1.593724,0.209141,0.020090,0.040414,-0.002289,0.154084,0.388710
952550,27.6103,8,Thumb_C4_Open,Thumb,open,4,1.6103,Thumb cycle 4: OPEN,3653,2920,2747,3016,2845,3022,3092,28100.000000,8449.361702,6928.635015,9503.614458,7738.400000,9575.768872,10481.355932,2.466306,0.184750,0.012214,0.056187,0.011556,0.170175,0.379556
952600,27.6103,8,Thumb_C4_Open,Thumb,open,4,1.6103,Thumb cycle 4: OPEN,3816,2919,2751,3008,2844,3025,3073,46503.225806,8439.285714,6959.375000,9408.647654,7729.496403,9612.149533,10223.287671,4.736457,0.183337,0.016704,0.045633,0.010392,0.174621,0.345589
952650,27.6423,8,Thumb_C4_Open,Thumb,open,4,1.6423,Thumb cycle 4: OPEN,3722,2926,2753,2993,2834,3024,3089,33927.077748,8510.179641,6974.813711,9234.301270,7641.237113,9600.000000,10439.960239,3.185112,0.193277,0.018960,0.026257,-0.001145,0.173136,0.374107
952700,27.6755,8,Thumb_C4_Open,Thumb,open,4,1.6755,Thumb cycle 4: OPEN,3584,2923,2744,2997,2845,2993,3092,23846.575342,8479.692833,6905.699482,9280.327869,7738.400000,9234.301270,10481.355932,1.941621,0.189003,0.008863,0.031372,0.011556,0.128447,0.379556
952750,27.8327,8,Thumb_C4_Open,Thumb,open,4,1.8327,Thumb cycle 4: OPEN,3453,2924,2756,2996,2844,2992,3064,18286.915888,8489.837746,6998.058252,9268.789809,7729.496403,9222.846782,10104.364694,1.255803,0.190425,0.022356,0.030090,0.010392,0.127047,0.329936
952800,27.8328,8,Thumb_C4_Open,Thumb,open,4,1.8328,Thumb cycle 4: OPEN,3697,2922,2752,2990,2833,2997,3070,31582.412060,8469.565217,6967.088608,9200.000000,7632.488114,9280.327869,10183.414634,2.895883,0.187582,0.017831,0.022445,-0.002289,0.134072,0.340341
952850,27.8328,8,Thumb_C4_Open,Thumb,open,4,1.8328,Thumb cycle 4: OPEN,3535,2918,2746,2997,2843,2987,3057,21462.500000,8429.226848,6920.978503,9280.327869,7720.607029,9165.884477,10013.294798,1.647530,0.181926,0.011095,0.031372,0.009230,0.120086,0.317950
952900,27.8873,8,Thumb_C4_Open,Thumb,open,4,1.8873,Thumb cycle 4: OPEN,3547,2925,2753,2996,2841,2979,3049,22006.934307,8500.000000,6974.813711,9268.789809,7702.870813,9075.806452,9910.707457,1.714690,0.191850,0.018960,0.030090,0.006911,0.109079,0.304447
952950,27.9309,8,Thumb_C4_Open,Thumb,open,4,1.9309,Thumb cycle 4: OPEN,3720,2928,2752,2989,2834,2974,3057,33728.000000,8530.591260,6967.088608,9188.607595,7641.237113,9020.160571,10013.294798,3.160555,0.196139,0.017831,0.021179,-0.001145,0.102279,0.317950
953000,28.1108,9,Thumb_C4_Bend,Thumb,bend,4,0.1108,Thumb cycle 4: BEND Thumb,3852,2909,2744,2994,2841,2980,3054,53896.296296,8339.460371,6905.699482,9245.776567,7702.870813,9086.995516,9974.639769,5.648437,0.169339,0.008863,0.027532,0.006911,0.110446,0.312862
953050,28.1110,9,Thumb_C4_Bend,Thumb,bend,4,0.1110,Thumb cycle 4: BEND Thumb,3827,2916,2749,2990,2839,2972,3044,48551.492537,8409.160305,6943.982169,9200.000000,7685.191083,8998.040962,9847.383444,4.989123,0.179113,0.014456,0.022445,0.004600,0.099576,0.296112
953100,28.1111,9,Thumb_C4_Bend,Thumb,bend,4,0.1111,Thumb cycle 4: BEND Thumb,3755,2904,2749,2983,2831,2976,3050,37550.000000,8290.176322,6943.982169,9120.683453,7615.031646,9042.359249,9923.444976,3.632022,0.162429,0.014456,0.013630,-0.004571,0.104991,0.306124
953150,28.1321,9,Thumb_C4_Bend,Thumb,bend,4,0.1321,Thumb cycle 4: BEND Thumb,3631,2891,2744,2987,2842,2989,3055,26606.465517,8163.953488,6905.699482,9165.884477,7711.731844,9188.607595,9987.500000,2.282070,0.144730,0.008863,0.018653,0.008070,0.122863,0.314555
953200,28.1975,9,Thumb_C4_Bend,Thumb,bend,4,0.1975,Thumb cycle 4: BEND Thumb,3695,2900,2744,2996,2841,2980,3036,31407.500000,8251.046025,6905.699482,9268.789809,7702.870813,9086.995516,9747.308782,2.874307,0.156942,0.008863,0.030090,0.006911,0.110446,0.282941
953250,28.4246,9,Thumb_C4_Bend,Thumb,bend,4,0.4246,Thumb cycle 4: BEND Thumb,3715,2896,2736,2980,2833,2971,3055,33239.473684,8212.176814,6845.033113,9086.995516,7632.488114,8987.010676,9987.500000,3.100292,0.151492,0.000000,0.009886,-0.002289,0.098228,0.314555
953300,28.4247,9,Thumb_C4_Bend,Thumb,bend,4,0.4247,Thumb cycle 4: BEND Thumb,3759,2897,2731,2988,2843,2976,3038,38037.500000,8221.869783,6807.478006,9177.235772,7720.607029,9042.359249,9772.185430,3.692158,0.152851,-0.005486,0.019915,0.009230,0.104991,0.286215
953350,28.4247,9,Thumb_C4_Bend,Thumb,bend,4,0.4247,Thumb cycle 4: BEND Thumb,3727,2909,2737,2992,2842,2970,3026,34434.239130,8339.460371,6852.577320,9222.846782,7711.731844,8976.000000,9624.321796,3.247673,0.169339,0.001102,0.024984,0.008070,0.096882,0.266753
953400,28.4247,9,Thumb_C4_Bend,Thumb,bend,4,0.4247,Thumb cycle 4: BEND Thumb,3710,2916,2735,2977,2833,2962,3037,32763.636364,8409.160305,6837.500000,9053.488372,7632.488114,8888.614298,9759.735350,3.041594,0.179113,-0.001101,0.006162,-0.002289,0.086203,0.284576
953450,28.4247,9,Thumb_C4_Bend,Thumb,bend,4,0.4247,Thumb cycle 4: BEND Thumb,3760,2910,2732,2998,2847,2972,3038,38161.194030,8349.367089,6814.966985,9291.886964,7756.250000,8998.040962,9772.185430,3.707416,0.170729,-0.004392,0.032657,0.013889,0.099576,0.286215
953500,28.4787,9,Thumb_C4_Bend,Thumb,bend,4,0.4787,Thumb cycle 4: BEND Thumb,3856,2926,2749,3008,2845,2967,3022,54855.230126,8510.179641,6943.982169,9408.647654,7738.400000,8943.085106,9575.768872,5.766727,0.193277,0.014456,0.045633,0.011556,0.092860,0.260363
953550,28.6828,9,Thumb_C4_Bend,Thumb,bend,4,0.6828,Thumb cycle 4: BEND Thumb,3886,2923,2738,2996,2834,2961,3046,63217.224880,8479.692833,6860.132646,9268.789809,7641.237113,8877.777778,9872.640610,6.798230,0.189003,0.002206,0.030090,-0.001145,0.084879,0.299437
953600,28.6828,9,Thumb_C4_Bend,Thumb,bend,4,0.6828,Thumb cycle 4: BEND Thumb,3891,2908,2735,3011,2845,2973,3042,64850.000000,8329.570345,6837.500000,9444.095941,7738.400000,9009.090909,9822.222222,6.999643,0.167953,-0.001101,0.049572,0.011556,0.100926,0.292801
953650,28.6829,9,Thumb_C4_Bend,Thumb,bend,4,0.6829,Thumb cycle 4: BEND Thumb,3737,2920,2739,3013,2843,2968,3026,35491.061453,8449.361702,6867.699115,9467.837338,7720.607029,8954.037267,9624.321796,3.378039,0.184750,0.003311,0.052211,0.009230,0.094198,0.266753
953700,28.6938,9,Thumb_C4_Bend,Thumb,bend,4,0.6938,Thumb cycle 4: BEND Thumb,3717,2918,2737,3012,2835,2962,3041,33433.333333,8429.226848,6852.577320,9455.955679,7650.000000,8888.614298,9809.677419,3.124206,0.181926,0.001102,0.050890,0.000000,0.086203,0.291150
953750,28.7470,9,Thumb_C4_Bend,Thumb,bend,4,0.7470,Thumb cycle 4: BEND Thumb,3709,2903,2733,3018,2845,2965,3040,32669.948187,8280.369128,6822.466960,9527.576602,7738.400000,8921.238938,9797.156398,3.030037,0.161054,-0.003297,0.058850,0.011556,0.090190,0.289502
953800,28.8936,9,Thumb_C4_Bend,Thumb,bend,4,0.8936,Thumb cycle 4: BEND Thumb,3627,2907,2737,3024,2844,2959,3027,26350.000000,8319.696970,6852.577320,9600.000000,7729.496403,8856.161972,9636.516854,2.250433,0.166568,0.001102,0.066899,0.010392,0.082238,0.268358
953850,28.8937,9,Thumb_C4_Bend,Thumb,bend,4,0.8937,Thumb cycle 4: BEND Thumb,3680,2909,2735,3016,2833,2947,3035,30149.397590,8339.460371,6837.500000,9503.614458,7632.488114,8728.048780,9734.905660,2.719112,0.169339,-0.001101,0.056187,-0.002289,0.066582,0.281308
953900,28.8937,9,Thumb_C4_Bend,Thumb,bend,4,0.8937,Thumb cycle 4: BEND Thumb,3677,2899,2727,3023,2845,2968,3041,29908.612440,8241.304348,6777.631579,9587.873134,7738.400000,8954.037267,9809.677419,2.689410,0.155576,-0.009847,0.065551,0.011556,0.094198,0.291150
953950,28.9477,9,Thumb_C4_Bend,Thumb,bend,4,0.9477,Thumb cycle 4: BEND Thumb,3701,2900,2736,3023,2843,2966,3033,31937.563452,8251.046025,6845.033113,9587.873134,7720.607029,8932.152347,9710.169492,2.939693,0.156942,0.000000,0.065551,0.009230,0.091524,0.278052
954000,28.9809,9,Thumb_C4_Bend,Thumb,bend,4,0.9809,Thumb cycle 4: BEND Thumb,3679,2895,2735,3013,2833,2956,3037,30068.750000,8202.500000,6837.500000,9467.837338,7632.488114,8823.880597,9759.735350,2.709164,0.150135,-0.001101,0.052211,-0.002289,0.078293,0.284576
954050,29.1409,9,Thumb_C4_Bend,Thumb,bend,4,1.1409,Thumb cycle 4: BEND Thumb,3643,2888,2732,3027,2845,2958,3051,27403.097345,8135.211268,6814.966985,9636.516854,7738.400000,8845.382586,9936.206897,2.380339,0.140700,-0.004392,0.070957,0.011556,0.080920,0.307803
954100,29.1410,9,Thumb_C4_Bend,Thumb,bend,4,1.1410,Thumb cycle 4: BEND Thumb,3632,2894,2733,3024,2843,2958,3035,26671.274298,8192.839301,6822.466960,9600.000000,7720.607029,8845.382586,9734.905660,2.290064,0.148781,-0.003297,0.066899,0.009230,0.080920,0.281308
954150,29.1410,9,Thumb_C4_Bend,Thumb,bend,4,1.1410,Thumb cycle 4: BEND Thumb,3694,2885,2731,3022,2832,2956,3040,31320.698254,8106.611570,6807.478006,9575.768872,7623.752969,8823.880597,9797.156398,2.863599,0.136690,-0.005486,0.064206,-0.003431,0.078293,0.289502
954200,29.1847,9,Thumb_C4_Bend,Thumb,bend,4,1.1847,Thumb cycle 4: BEND Thumb,3729,2890,2722,3021,2842,2965,3032,34640.983607,8154.356846,6740.568099,9563.687151,7711.731844,8921.238938,9697.836312,3.273177,0.143385,-0.015261,0.062863,0.008070,0.090190,0.276429
954250,29.2281,9,Thumb_C4_Bend,Thumb,bend,4,1.2281,Thumb cycle 4: BEND Thumb,3632,2896,2726,3023,2840,2964,3026,26671.274298,8212.176814,6770.197224,9587.873134,7694.023904,8910.344828,9624.321796,2.290064,0.151492,-0.010933,0.065551,0.005755,0.088859,0.266753
954300,29.4099,9,Thumb_C4_Bend,Thumb,bend,4,1.4099,Thumb cycle 4: BEND Thumb,3633,2903,2724,3016,2833,2954,3041,26736.363636,8280.369128,6755.361050,9503.614458,7632.488114,8802.453988,9809.677419,2.298094,0.161054,-0.013100,0.056187,-0.002289,0.075675,0.291150
954350,29.4100,9,Thumb_C4_Bend,Thumb,bend,4,1.4100,Thumb cycle 4: BEND Thumb,3616,2898,2721,3018,2842,2979,3050,25666.805846,8231.578947,6733.187773,9527.576602,7711.731844,9075.806452,9923.444976,2.166157,0.154213,-0.016340,0.058850,0.008070,0.109079,0.306124
954400,29.4101,9,Thumb_C4_Bend,Thumb,bend,4,1.4101,Thumb cycle 4: BEND Thumb,3667,2927,2731,3014,2840,3025,3076,29130.373832,8520.376712,6807.478006,9479.740981,7694.023904,9612.149533,10263.395486,2.593409,0.194707,-0.005486,0.053534,0.005755,0.174621,0.350868
954450,29.4415,9,Thumb_C4_Bend,Thumb,bend,4,1.4415,Thumb cycle 4: BEND Thumb,3923,2928,2733,3003,2832,3033,3071,77547.674419,8530.591260,6822.466960,9350.000000,7623.752969,9710.169492,10196.679688,8.565979,0.196139,-0.003297,0.039115,-0.003431,0.186599,0.342087
954500,29.5178,9,Thumb_C4_Bend,Thumb,bend,4,1.5178,Thumb cycle 4: BEND Thumb,3842,2961,2731,3023,2841,3056,3089,51631.620553,8877.777778,6807.478006,9587.873134,7702.870813,10000.384986,10439.960239,5.369075,0.244821,-0.005486,0.065551,0.006911,0.222064,0.374107
954550,29.6604,9,Thumb_C4_Bend,Thumb,bend,4,1.6604,Thumb cycle 4: BEND Thumb,3765,2987,2740,3015,2839,3071,3140,38790.909091,9165.884477,6875.276753,9491.666667,7685.191083,10196.679688,11179.057592,3.785095,0.285219,0.004418,0.054859,0.004600,0.246051,0.471387
954600,29.6604,9,Thumb_C4_Bend,Thumb,bend,4,1.6604,Thumb cycle 4: BEND Thumb,3293,2971,2739,3005,2831,3035,3231,13960.349127,8987.010676,6867.699115,9373.394495,7615.031646,9734.905660,12714.583333,0.722094,0.260137,0.003311,0.041715,-0.004571,0.189622,0.673493
954650,29.6605,9,Thumb_C4_Bend,Thumb,bend,4,1.6605,Thumb cycle 4: BEND Thumb,3310,2959,2741,3017,2839,3018,3179,14336.305732,8856.161972,6882.865583,9515.584416,7685.191083,9527.576602,11799.781659,0.768471,0.241790,0.005527,0.057517,0.004600,0.164286,0.553087
954700,29.6823,9,Thumb_C4_Bend,Thumb,bend,4,1.6823,Thumb cycle 4: BEND Thumb,3348,2963,2748,3015,2841,3014,3125,15238.554217,8899.469965,6936.302895,9491.666667,7702.870813,9479.740981,10953.608247,0.879769,0.247863,0.013334,0.054859,0.006911,0.158440,0.441714
954750,29.7262,9,Thumb_C4_Bend,Thumb,bend,4,1.7262,Thumb cycle 4: BEND Thumb,3288,2943,2753,2998,2832,3027,3124,13852.788104,8685.937500,6974.813711,9291.886964,7623.752969,9636.516854,10938.825953,0.708826,0.217922,0.018960,0.032657,-0.003431,0.177598,0.439768
954800,29.9136,9,Thumb_C4_Bend,Thumb,bend,4,1.9136,Thumb cycle 4: BEND Thumb,3197,2935,2745,3013,2839,3013,3083,12104.454343,8602.586207,6913.333333,9467.837338,7685.191083,9467.837338,10357.905138,0.493158,0.206234,0.009978,0.052211,0.004600,0.156985,0.363307
954850,29.9137,9,Thumb_C4_Bend,Thumb,bend,4,1.9137,Thumb cycle 4: BEND Thumb,3182,2946,2750,3022,2836,3016,3098,11849.726177,8717.493473,6951.672862,9575.768872,7658.776807,9503.614458,10564.894684,0.461736,0.222346,0.015579,0.064206,0.001147,0.161357,0.390551
954900,29.9137,9,Thumb_C4_Bend,Thumb,bend,4,1.9137,Thumb cycle 4: BEND Thumb,3182,2948,2754,3003,2829,2994,3071,11849.726177,8738.622493,6982.550336,9350.000000,7597.630332,9245.776567,10196.679688,0.461736,0.225309,0.020090,0.039115,-0.006846,0.129849,0.342087
954950,29.9351,9,Thumb_C4_Bend,Thumb,bend,4,1.9351,Thumb cycle 4: BEND Thumb,3174,2929,2752,3001,2841,3010,3068,11717.263844,8540.823328,6967.088608,9326.691042,7702.870813,9432.258065,10156.962025,0.445396,0.197574,0.017831,0.036525,0.006911,0.152638,0.336859
955000,29.9781,9,Thumb_C4_Bend,Thumb,bend,4,1.9781,Thumb cycle 4: BEND Thumb,3153,2926,2768,3000,2839,3004,3074,11380.254777,8510.179641,7092.087415,9315.068493,7685.191083,9361.686526,10236.630754,0.403824,0.193277,0.036092,0.035233,0.004600,0.144014,0.347345
955050,30.1736,10,Thumb_C5_Open,Thumb,open,5,0.1736,Thumb cycle 5: OPEN,3145,2912,2765,2978,2830,2993,3060,11255.789474,8369.230769,7068.421053,9064.637422,7606.324111,9234.301270,10052.173913,0.388470,0.173514,0.032635,0.007401,-0.005709,0.128447,0.323067
955100,30.1737,10,Thumb_C5_Open,Thumb,open,5,0.1737,Thumb cycle 5: OPEN,3154,2912,2756,2988,2840,3000,3052,11395.961743,8369.230769,6998.058252,9177.235772,7694.023904,9315.068493,9948.993289,0.405761,0.173514,0.022356,0.019915,0.005755,0.138317,0.309486
955150,30.1737,10,Thumb_C5_Open,Thumb,open,5,0.1737,Thumb cycle 5: OPEN,3170,2920,2759,2983,2839,2993,3061,11651.891892,8449.361702,7021.407186,9120.683453,7685.191083,9234.301270,10065.183752,0.437332,0.184750,0.025767,0.013630,0.004600,0.128447,0.324779
955200,30.1848,10,Thumb_C5_Open,Thumb,open,5,0.1848,Thumb cycle 5: OPEN,3160,2921,2753,2975,2828,2990,3075,11490.909091,8459.454855,6974.813711,9031.250000,7588.950276,9200.000000,10250.000000,0.417474,0.186165,0.018960,0.003691,-0.007980,0.124255,0.349105
955250,30.2170,10,Thumb_C5_Open,Thumb,open,5,0.2170,Thumb cycle 5: OPEN,3127,2920,2746,2984,2838,2996,3054,10983.264463,8449.361702,6920.978503,9131.953195,7676.372315,9268.789809,9974.639769,0.354853,0.184750,0.011095,0.014882,0.003447,0.132662,0.312862
955300,30.4140,10,Thumb_C5_Open,Thumb,open,5,0.4140,Thumb cycle 5: OPEN,3140,2928,2759,2978,2835,2987,3062,11179.057592,8530.591260,7021.407186,9064.637422,7650.000000,9165.884477,10078.218780,0.379005,0.196139,0.025767,0.007401,0.000000,0.120086,0.326495
955350,30.4140,10,Thumb_C5_Open,Thumb,open,5,0.4140,Thumb cycle 5: OPEN,3135,2928,2759,2966,2830,2982,3061,11103.125000,8530.591260,7021.407186,8932.152347,7606.324111,9109.433962,10065.183752,0.369638,0.196139,0.025767,-0.007323,-0.005709,0.113188,0.324779
955400,30.4140,10,Thumb_C5_Open,Thumb,open,5,0.4140,Thumb cycle 5: OPEN,3154,2912,2750,2972,2835,2951,3055,11395.961743,8369.230769,6951.672862,8998.040962,7650.000000,8770.454545,9987.500000,0.405761,0.173514,0.015579,0.000000,0.000000,0.071764,0.314555
955450,30.4362,10,Thumb_C5_Open,Thumb,open,5,0.4362,Thumb cycle 5: OPEN,3159,2912,2754,2981,2833,2961,3026,11475.000000,8369.230769,6982.550336,9098.204668,7632.488114,8877.777778,9624.321796,0.415511,0.173514,0.020090,0.011132,-0.002289,0.084879,0.266753
955500,30.5014,10,Thumb_C5_Open,Thumb,open,5,0.5014,Thumb cycle 5: OPEN,3139,2920,2753,2967,2830,2950,3030,11163.807531,8449.361702,6974.813711,8943.085106,7606.324111,8759.825328,9673.239437,0.377124,0.184750,0.018960,-0.006108,-0.005709,0.070465,0.273192
955550,30.6651,10,Thumb_C5_Open,Thumb,open,5,0.6651,Thumb cycle 5: OPEN,3128,2903,2746,2975,2839,2968,3064,10998.138573,8280.369128,6920.978503,9031.250000,7685.191083,8954.037267,10104.364694,0.356687,0.161054,0.011095,0.003691,0.004600,0.094198,0.329936
955600,30.6651,10,Thumb_C5_Open,Thumb,open,5,0.6651,Thumb cycle 5: OPEN,3121,2920,2756,2974,2842,2970,3043,10894.661191,8449.361702,6998.058252,9020.160571,7711.731844,8976.000000,9834.790875,0.343923,0.184750,0.022356,0.002458,0.008070,0.096882,0.294455
955650,30.6652,10,Thumb_C5_Open,Thumb,open,5,0.6652,Thumb cycle 5: OPEN,3127,2918,2752,2962,2833,2959,3045,10983.264463,8429.226848,6967.088608,8888.614298,7632.488114,8856.161972,9860.000000,0.354853,0.181926,0.017831,-0.012161,-0.002289,0.082238,0.297773
955700,30.6871,10,Thumb_C5_Open,Thumb,open,5,0.6871,Thumb cycle 5: OPEN,3108,2900,2741,2971,2840,2967,3038,10706.382979,8251.046025,6882.865583,8987.010676,7694.023904,8943.085106,9772.185430,0.320698,0.156942,0.005527,-0.001226,0.005755,0.092860,0.286215
955750,30.7310,10,Thumb_C5_Open,Thumb,open,5,0.7310,Thumb cycle 5: OPEN,3086,2922,2748,2963,2842,2958,3029,10398.810704,8469.565217,6936.302895,8899.469965,7711.731844,8845.382586,9660.975610,0.282757,0.187582,0.013334,-0.010955,0.008070,0.080920,0.271577
955800,30.7745,10,Thumb_C5_Open,Thumb,open,5,0.7745,Thumb cycle 5: OPEN,3133,2914,2746,2950,2833,2946,3021,11072.972973,8389.161727,6920.978503,8759.825328,7632.488114,8717.493473,9563.687151,0.365919,0.176309,0.011095,-0.026474,-0.002289,0.065292,0.258772
955850,30.9065,10,Thumb_C5_Open,Thumb,open,5,0.9065,Thumb cycle 5: OPEN,3091,2901,2736,2965,2848,2964,3070,10467.529880,8260.804020,6845.033113,8921.238938,7765.196472,8910.344828,10183.414634,0.291234,0.158310,0.000000,-0.008535,0.015058,0.088859,0.340341
955900,30.9066,10,Thumb_C5_Open,Thumb,open,5,0.9066,Thumb cycle 5: OPEN,3250,2932,2737,2971,2845,2976,3376,13076.923077,8571.625107,6852.577320,8987.010676,7738.400000,9042.359249,15964.394993,0.613118,0.201893,0.001102,-0.001226,0.011556,0.104991,1.101233
955950,30.9283,10,Thumb_C5_Open,Thumb,open,5,0.9283,Thumb cycle 5: OPEN,3312,2932,2740,2969,2834,2962,3303,14381.609195,8571.625107,6875.276753,8965.008881,7641.237113,8888.614298,14179.545455,0.774059,0.201893,0.004418,-0.003671,-0.001145,0.086203,0.866312
956000,31.0050,10,Thumb_C5_Open,Thumb,open,5,1.0050,Thumb cycle 5: OPEN,3382,2893,2735,2991,2850,2995,3205,16127.349229,8183.194676,6837.500000,9211.413043,7783.132530,9257.272727,12243.820225,0.989407,0.147428,-0.001101,0.023713,0.017403,0.131254,0.611531
956050,31.1619,10,Thumb_C5_Open,Thumb,open,5,1.1619,Thumb cycle 5: OPEN,3408,2929,2741,2994,2849,3018,3157,16866.375546,8540.823328,6882.865583,9245.776567,7774.157303,9527.576602,11443.283582,1.080570,0.197574,0.005527,0.027532,0.016230,0.164286,0.506165
956100,31.1620,10,Thumb_C5_Open,Thumb,open,5,1.1620,Thumb cycle 5: OPEN,3956,2933,2735,2989,2839,3016,3175,96765.467626,8581.927711,6837.500000,9188.607595,7685.191083,9503.614458,11733.695652,10.936611,0.203338,-0.001101,0.021179,0.004600,0.161357,0.544389
956150,31.1620,10,Thumb_C5_Open,Thumb,open,5,1.1620,Thumb cycle 5: OPEN,3999,2907,2735,2996,2851,3034,3125,141631.250000,8319.696970,6837.500000,9268.789809,7792.122186,9722.525919,10953.608247,16.471079,0.166568,-0.001101,0.030090,0.018578,0.188109,0.441714
956200,31.1938,10,Thumb_C5_Open,Thumb,open,5,1.1938,Thumb cycle 5: OPEN,3809,2915,2739,2998,2851,3054,3089,45281.818182,8399.152542,6867.699115,9291.886964,7792.122186,9974.639769,10439.960239,4.585789,0.177709,0.003311,0.032657,0.018578,0.218918,0.374107
956250,31.2266,10,Thumb_C5_Open,Thumb,open,5,1.2266,Thumb cycle 5: OPEN,3624,2907,2745,2990,2839,3020,3104,26160.509554,8319.696970,6913.333333,9200.000000,7685.191083,9551.627907,10649.445005,2.227058,0.166568,0.009978,0.022445,0.004600,0.167225,0.401680
956300,31.2702,10,Thumb_C5_Open,Thumb,open,5,1.2702,Thumb cycle 5: OPEN,3700,2898,2735,2990,2853,3041,3069,31848.101266,8231.578947,6837.500000,9200.000000,7810.144928,9809.677419,10170.175439,2.928658,0.154213,-0.001101,0.022445,0.020934,0.198759,0.338598
956350,31.4164,10,Thumb_C5_Open,Thumb,open,5,1.4164,Thumb cycle 5: OPEN,3804,2910,2742,2992,2850,3029,3101,44445.360825,8349.367089,6890.465632,9222.846782,7783.132530,9660.975610,10607.042254,4.482606,0.170729,0.006637,0.024984,0.017403,0.180587,0.396099
956400,31.4164,10,Thumb_C5_Open,Thumb,open,5,1.4164,Thumb cycle 5: OPEN,3723,2920,2743,2988,2838,3029,3097,34027.419355,8449.361702,6898.076923,9177.235772,7676.372315,9660.975610,10550.901804,3.197490,0.184750,0.007749,0.019915,0.003447,0.180587,0.388710
956450,31.4383,10,Thumb_C5_Open,Thumb,open,5,1.4383,Thumb cycle 5: OPEN,3553,2898,2734,2990,2848,3028,3091,22288.191882,8231.578947,6829.977957,9200.000000,7765.196472,9648.734770,10467.529880,1.749384,0.154213,-0.002199,0.022445,0.015058,0.179091,0.377736
956500,31.4921,10,Thumb_C5_Open,Thumb,open,5,1.4921,Thumb cycle 5: OPEN,3783,2911,2740,2981,2848,3025,3077,41225.000000,8359.290541,6875.276753,9098.204668,7765.196472,9612.149533,10276.817289,4.085355,0.172120,0.004418,0.011132,0.015058,0.174621,0.352635
956550,31.6735,10,Thumb_C5_Open,Thumb,open,5,1.6735,Thumb cycle 5: OPEN,3576,2906,2739,2965,2838,3000,3072,23426.589595,8309.840202,6867.699115,8921.238938,7676.372315,9315.068493,10209.970674,1.889813,0.165186,0.003311,-0.008535,0.003447,0.138317,0.343836
956600,31.6736,10,Thumb_C5_Open,Thumb,open,5,1.6736,Thumb cycle 5: OPEN,3479,2898,2734,2978,2849,3025,3064,19202.272727,8231.578947,6829.977957,9064.637422,7774.157303,9612.149533,10104.364694,1.368718,0.154213,-0.002199,0.007401,0.016230,0.174621,0.329936
956650,31.6736,10,Thumb_C5_Open,Thumb,open,5,1.6736,Thumb cycle 5: OPEN,3538,2902,2744,2974,2848,3023,3064,21596.409336,8270.578374,6905.699482,9020.160571,7765.196472,9587.873134,10104.364694,1.664049,0.159681,0.008863,0.002458,0.015058,0.171654,0.329936
956700,31.6958,10,Thumb_C5_Open,Thumb,open,5,1.6958,Thumb cycle 5: OPEN,3593,2893,2740,2963,2835,3020,3057,24335.059761,8183.194676,6875.276753,8899.469965,7650.000000,9551.627907,10013.294798,2.001878,0.147428,0.004418,-0.010955,0.000000,0.167225,0.317950
956750,31.7496,10,Thumb_C5_Open,Thumb,open,5,1.7496,Thumb cycle 5: OPEN,3523,2879,2735,2969,2848,3024,3069,20940.909091,8049.835526,6837.500000,8965.008881,7765.196472,9600.000000,10170.175439,1.583189,0.128729,-0.001101,-0.003671,0.015058,0.173136,0.338598
956800,31.7930,10,Thumb_C5_Open,Thumb,open,5,1.7930,Thumb cycle 5: OPEN,3509,2886,2744,2968,2845,3023,3067,20359.385666,8116.129032,6905.699482,8954.037267,7738.400000,9587.873134,10143.774319,1.511454,0.138024,0.008863,-0.004890,0.011556,0.171654,0.335123
956850,31.9280,10,Thumb_C5_Open,Thumb,open,5,1.9280,Thumb cycle 5: OPEN,3557,2883,2742,2949,2836,3003,3078,22479.182156,8087.623762,6890.465632,8749.214660,7658.776807,9350.000000,10290.265487,1.772944,0.134028,0.006637,-0.027653,0.001147,0.142586,0.354405
956900,31.9280,10,Thumb_C5_Open,Thumb,open,5,1.9280,Thumb cycle 5: OPEN,3549,2874,2735,2963,2847,3009,3077,22100.000000,8002.948403,6837.500000,8899.469965,7756.250000,9420.441989,10276.817289,1.726170,0.122155,-0.001101,-0.010955,0.013889,0.151194,0.352635
956950,31.9281,10,Thumb_C5_Open,Thumb,open,5,1.9281,Thumb cycle 5: OPEN,3616,2874,2740,2960,2845,3012,3069,25666.805846,8002.948403,6875.276753,8866.960352,7738.400000,9455.955679,10170.175439,2.166157,0.122155,0.004418,-0.014568,0.011556,0.155534,0.338598
957000,32.0109,11,Thumb_C5_Bend,Thumb,bend,5,0.0109,Thumb cycle 5: BEND Thumb,3613,2875,2740,2955,2836,2998,3076,25485.892116,8012.295082,6875.276753,8813.157895,7658.776807,9291.886964,10263.395486,2.143840,0.123465,0.004418,-0.020547,0.001147,0.135484,0.350868
957050,32.0217,11,Thumb_C5_Bend,Thumb,bend,5,0.0217,Thumb cycle 5: BEND Thumb,3598,2864,2736,2976,2846,3004,3070,24614.084507,7910.316816,6845.033113,9042.359249,7747.317854,9361.686526,10183.414634,2.036298,0.109166,0.000000,0.004925,0.012721,0.144014,0.340341
957100,32.1877,11,Thumb_C5_Bend,Thumb,bend,5,0.1877,Thumb cycle 5: BEND Thumb,3596,2880,2741,2970,2845,3005,3056,24501.803607,8059.259259,6882.865583,8976.000000,7738.400000,9373.394495,10000.384986,2.022447,0.130050,0.005527,-0.002450,0.011556,0.145444,0.316251
957150,32.1878,11,Thumb_C5_Bend,Thumb,bend,5,0.1878,Thumb cycle 5: BEND Thumb,3681,2881,2737,2962,2837,2989,3063,30230.434783,8068.698517,6852.577320,8888.614298,7667.567568,9188.607595,10091.279070,2.729109,0.131374,0.001102,-0.012161,0.002296,0.122863,0.328214
957200,32.1878,11,Thumb_C5_Bend,Thumb,bend,5,0.1878,Thumb cycle 5: BEND Thumb,3668,2870,2728,2976,2847,2999,3065,29206.557377,7965.714286,6785.076811,9042.359249,7756.250000,9303.467153,10117.475728,2.602807,0.116934,-0.008759,0.004925,0.013889,0.136899,0.331662
957250,32.2423,11,Thumb_C5_Bend,Thumb,bend,5,0.2423,Thumb cycle 5: BEND Thumb,3655,2874,2736,2967,2846,3012,3057,28243.181818,8002.948403,6845.033113,8943.085106,7747.317854,9455.955679,10013.294798,2.483969,0.122155,0.000000,-0.006108,0.012721,0.155534,0.317950
957300,32.2855,11,Thumb_C5_Bend,Thumb,bend,5,0.2855,Thumb cycle 5: BEND Thumb,3652,2874,2735,2958,2839,2998,3057,28028.893905,8002.948403,6837.500000,8845.382586,7685.191083,9291.886964,10013.294798,2.457535,0.122155,-0.001101,-0.016966,0.004600,0.135484,0.317950
957350,32.4284,11,Thumb_C5_Bend,Thumb,bend,5,0.4284,Thumb cycle 5: BEND Thumb,3555,2865,2721,2967,2848,3010,3052,22383.333333,7919.512195,6733.187773,8943.085106,7765.196472,9432.258065,9948.993289,1.761121,0.110455,-0.016340,-0.006108,0.015058,0.152638,0.309486
957400,32.4284,11,Thumb_C5_Bend,Thumb,bend,5,0.4284,Thumb cycle 5: BEND Thumb,3549,2877,2735,2966,2845,3000,3052,22100.000000,8031.034483,6837.500000,8932.152347,7738.400000,9315.068493,9948.993289,1.726170,0.126093,-0.001101,-0.007323,0.011556,0.138317,0.309486
957450,32.4388,11,Thumb_C5_Bend,Thumb,bend,5,0.4388,Thumb cycle 5: BEND Thumb,3558,2868,2736,2958,2835,2993,3055,22527.374302,7947.188264,6845.033113,8845.382586,7650.000000,9234.301270,9987.500000,1.778889,0.114336,0.000000,-0.016966,0.000000,0.128447,0.314555
957500,32.4818,11,Thumb_C5_Bend,Thumb,bend,5,0.4818,Thumb cycle 5: BEND Thumb,3647,2863,2724,2978,2849,3001,3039,27678.125000,7901.136364,6755.361050,9064.637422,7774.157303,9326.691042,9784.659091,2.414266,0.107879,-0.013100,0.007401,0.016230,0.139737,0.287857
957550,32.5468,11,Thumb_C5_Bend,Thumb,bend,5,0.5468,Thumb cycle 5: BEND Thumb,3664,2871,2734,2983,2847,2996,3031,28903.944316,7975.000000,6829.977957,9120.683453,7756.250000,9268.789809,9685.526316,2.565478,0.118236,-0.002199,0.013630,0.013889,0.132662,0.274809
957600,32.6497,11,Thumb_C5_Bend,Thumb,bend,5,0.6497,Thumb cycle 5: BEND Thumb,3575,2865,2735,2973,2836,2978,3045,23375.000000,7919.512195,6837.500000,9009.090909,7658.776807,9064.637422,9860.000000,1.883449,0.110455,-0.001101,0.001228,0.001147,0.107714,0.297773
957650,32.6498,11,Thumb_C5_Bend,Thumb,bend,5,0.6498,Thumb cycle 5: BEND Thumb,3662,2855,2729,2986,2848,2991,3026,28754.734411,7828.225806,6792.532943,9154.553652,7765.196472,9211.413043,9624.321796,2.547072,0.097655,-0.007670,0.017394,0.015058,0.125650,0.266753
957700,32.6817,11,Thumb_C5_Bend,Thumb,bend,5,0.6817,Thumb cycle 5: BEND Thumb,3664,2867,2731,2986,2847,2986,3032,28903.944316,7937.947883,6807.478006,9154.553652,7756.250000,9154.553652,9697.836312,2.565478,0.113040,-0.005486,0.017394,0.013889,0.118702,0.276429
957750,32.7356,11,Thumb_C5_Bend,Thumb,bend,5,0.7356,Thumb cycle 5: BEND Thumb,3602,2867,2733,2988,2834,2975,3043,24841.379310,7937.947883,6822.466960,9177.235772,7641.237113,9031.250000,9834.790875,2.064336,0.113040,-0.003297,0.019915,-0.001145,0.103634,0.294455
957800,32.7680,11,Thumb_C5_Bend,Thumb,bend,5,0.7680,Thumb cycle 5: BEND Thumb,3586,2856,2728,2997,2846,2991,3040,23953.634578,7837.288136,6785.076811,9280.327869,7747.317854,9211.413043,9797.156398,1.954827,0.098926,-0.008759,0.031372,0.012721,0.125650,0.289502
957850,32.9206,11,Thumb_C5_Bend,Thumb,bend,5,0.9206,Thumb cycle 5: BEND Thumb,3627,2867,2730,3004,2843,2981,3037,26350.000000,7937.947883,6800.000000,9361.686526,7720.607029,9098.204668,9759.735350,2.250433,0.113040,-0.006579,0.040414,0.009230,0.111816,0.284576
957900,32.9207,11,Thumb_C5_Bend,Thumb,bend,5,0.9207,Thumb cycle 5: BEND Thumb,3735,2868,2736,2995,2838,2969,3039,35275.000000,7947.188264,6845.033113,9257.272727,7676.372315,8965.008881,9784.659091,3.351386,0.114336,0.000000,0.028810,0.003447,0.095539,0.287857
957950,32.9207,11,Thumb_C5_Bend,Thumb,bend,5,0.9207,Thumb cycle 5: BEND Thumb,3767,2858,2727,2994,2847,2963,3032,39048.170732,7855.456750,6777.631579,9245.776567,7756.250000,8899.469965,9697.836312,3.816830,0.101474,-0.009847,0.027532,0.013889,0.087530,0.276429
958000,32.9861,11,Thumb_C5_Bend,Thumb,bend,5,0.9861,Thumb cycle 5: BEND Thumb,3773,2859,2731,2990,2844,2960,3034,39839.130435,7864.563107,6807.478006,9200.000000,7729.496403,8866.960352,9722.525919,3.914400,0.102751,-0.005486,0.022445,0.010392,0.083557,0.279679
958050,33.0410,11,Thumb_C5_Bend,Thumb,bend,5,1.0410,Thumb cycle 5: BEND Thumb,3793,2852,2730,2975,2835,2964,3049,42702.649007,7801.126307,6800.000000,9031.250000,7650.000000,8910.344828,9910.707457,4.267632,0.093856,-0.006579,0.003691,0.000000,0.088859,0.304447
958100,33.1901,11,Thumb_C5_Bend,Thumb,bend,5,1.1901,Thumb cycle 5: BEND Thumb,3711,2863,2731,2986,2846,3009,3150,32857.812500,7901.136364,6807.478006,9154.553652,7747.317854,9420.441989,11333.333333,3.053212,0.107879,-0.005486,0.017394,0.012721,0.151194,0.491693
958150,33.1902,11,Thumb_C5_Bend,Thumb,bend,5,1.1902,Thumb cycle 5: BEND Thumb,3603,2880,2735,2982,2841,3024,3080,24898.780488,8059.259259,6837.500000,9109.433962,7702.870813,9600.000000,10317.241379,2.071416,0.130050,-0.001101,0.012380,0.006911,0.173136,0.357955
958200,33.1902,11,Thumb_C5_Bend,Thumb,bend,5,1.1902,Thumb cycle 5: BEND Thumb,3842,2927,2730,2973,2833,3032,3090,51631.620553,8520.376712,6800.000000,9009.090909,7632.488114,9697.836312,10453.731343,5.369075,0.194707,-0.006579,0.001228,-0.002289,0.185092,0.375920
958250,33.2231,11,Thumb_C5_Bend,Thumb,bend,5,1.2231,Thumb cycle 5: BEND Thumb,3710,2882,2752,2992,2844,2988,3096,32763.636364,8078.153339,6967.088608,9222.846782,7729.496403,9177.235772,10536.936937,3.041594,0.132700,0.017831,0.024984,0.010392,0.121473,0.386871
958300,33.2774,11,Thumb_C5_Bend,Thumb,bend,5,1.2774,Thumb cycle 5: BEND Thumb,3654,2898,2747,2992,2844,3024,3121,28171.428571,8231.578947,6928.635015,9222.846782,7729.496403,9600.000000,10894.661191,2.475118,0.154213,0.012214,0.024984,0.010392,0.173136,0.433955
958350,33.4474,11,Thumb_C5_Bend,Thumb,bend,5,1.4474,Thumb cycle 5: BEND Thumb,3401,2918,2741,2992,2833,3057,3129,16661.959654,8429.226848,6882.865583,9222.846782,7632.488114,10013.294798,11013.043478,1.055354,0.181926,0.005527,0.024984,-0.002289,0.223641,0.449537
958400,33.4474,11,Thumb_C5_Bend,Thumb,bend,5,1.4474,Thumb cycle 5: BEND Thumb,3314,2927,2736,3000,2845,3027,3204,14427.144686,8520.376712,6845.033113,9315.068493,7738.400000,9636.516854,12226.262626,0.779676,0.194707,0.000000,0.035233,0.011556,0.177598,0.609221
958450,33.4474,11,Thumb_C5_Bend,Thumb,bend,5,1.4474,Thumb cycle 5: BEND Thumb,3288,2932,2746,2994,2848,3033,3133,13852.788104,8571.625107,6920.978503,9245.776567,7765.196472,9710.169492,11072.972973,0.708826,0.201893,0.011095,0.027532,0.015058,0.186599,0.457425
958500,33.4804,11,Thumb_C5_Bend,Thumb,bend,5,1.4804,Thumb cycle 5: BEND Thumb,3250,2916,2746,2989,2838,3018,3101,13076.923077,8409.160305,6920.978503,9188.607595,7676.372315,9527.576602,10607.042254,0.613118,0.179113,0.011095,0.021179,0.003447,0.164286,0.396099
958550,33.5246,11,Thumb_C5_Bend,Thumb,bend,5,1.5246,Thumb cycle 5: BEND Thumb,3210,2890,2737,2992,2851,3007,3097,12332.203390,8154.356846,6852.577320,9222.846782,7792.122186,9396.875000,10550.901804,0.521253,0.143385,0.001102,0.024984,0.018578,0.148314,0.388710
958600,33.7108,11,Thumb_C5_Bend,Thumb,bend,5,1.7108,Thumb cycle 5: BEND Thumb,3211,2902,2751,2980,2850,3011,3048,12350.000000,8270.578374,6959.375000,9086.995516,7783.132530,9444.095941,9897.994269,0.523448,0.159681,0.016704,0.009886,0.017403,0.154084,0.302774
958650,33.7108,11,Thumb_C5_Bend,Thumb,bend,5,1.7108,Thumb cycle 5: BEND Thumb,3197,2895,2759,2969,2836,3012,3033,12104.454343,8202.500000,7021.407186,8965.008881,7658.776807,9455.955679,9710.169492,0.493158,0.150135,0.025767,-0.003671,0.001147,0.155534,0.278052
958700,33.7108,11,Thumb_C5_Bend,Thumb,bend,5,1.7108,Thumb cycle 5: BEND Thumb,3141,2896,2748,2979,2844,3007,3016,11194.339623,8212.176814,6936.302895,9075.806452,7729.496403,9396.875000,9503.614458,0.380890,0.151492,0.013334,0.008642,0.010392,0.148314,0.250866
958750,33.7327,11,Thumb_C5_Bend,Thumb,bend,5,1.7327,Thumb cycle 5: BEND Thumb,3164,2892,2749,2973,2840,3021,3020,11554.887218,8173.566085,6943.982169,9009.090909,7694.023904,9563.687151,9551.627907,0.425366,0.146078,0.014456,0.001228,0.005755,0.168698,0.257185
958800,33.7869,11,Thumb_C5_Bend,Thumb,bend,5,1.7869,Thumb cycle 5: BEND Thumb,3172,2887,2749,2960,2833,3016,3002,11684.507042,8125.662252,6943.982169,8866.960352,7632.488114,9503.614458,9338.334858,0.441355,0.139361,0.014456,-0.014568,-0.002289,0.161357,0.229112
958850,33.8195,11,Thumb_C5_Bend,Thumb,bend,5,1.8195,Thumb cycle 5: BEND Thumb,3144,2884,2736,2969,2842,3004,3009,11240.378549,8097.109827,6845.033113,8965.008881,7711.731844,9361.686526,9420.441989,0.386569,0.135358,0.000000,-0.003671,0.008070,0.144014,0.239918
958900,33.9282,11,Thumb_C5_Bend,Thumb,bend,5,1.9282,Thumb cycle 5: BEND Thumb,3133,2896,2740,2968,2841,3009,3003,11072.972973,8212.176814,6875.276753,8954.037267,7702.870813,9420.441989,9350.000000,0.365919,0.151492,0.004418,-0.004890,0.006911,0.151194,0.230647
958950,33.9607,11,Thumb_C5_Bend,Thumb,bend,5,1.9607,Thumb cycle 5: BEND Thumb,3115,2894,2737,2963,2830,2992,3031,10807.142857,8192.839301,6852.577320,8899.469965,7606.324111,9222.846782,9685.526316,0.333127,0.148781,0.001102,-0.010955,-0.005709,0.127047,0.274809
959000,33.9710,11,Thumb_C5_Bend,Thumb,bend,5,1.9710,Thumb cycle 5: BEND Thumb,3107,2875,2728,2968,2841,2994,3037,10692.105263,8012.295082,6785.076811,8954.037267,7702.870813,9245.776567,9759.735350,0.318936,0.123465,-0.008759,-0.004890,0.006911,0.129849,0.284576
959050,34.0327,12,Index_Prep_Open,Index,prep_open,0,0.0327,OPEN HAND - prepare for Index,3136,2887,2736,2968,2837,2988,3033,11118.248175,8125.662252,6845.033113,8954.037267,7667.567568,9177.235772,9710.169492,0.371504,0.139361,0.000000,-0.004890,0.002296,0.121473,0.278052
959100,34.0764,12,Index_Prep_Open,Index,prep_open,0,0.0764,OPEN HAND - prepare for Index,3122,2879,2735,2959,2830,2979,3043,10909.352518,8049.835526,6837.500000,8856.161972,7606.324111,9075.806452,9834.790875,0.345735,0.128729,-0.001101,-0.015768,-0.005709,0.109079,0.294455
959150,34.2042,12,Index_Prep_Open,Index,prep_open,0,0.2042,OPEN HAND - prepare for Index,3117,2865,2730,2968,2837,2988,3029,10836.196319,7919.512195,6800.000000,8954.037267,7667.567568,9177.235772,9660.975610,0.336711,0.110455,-0.006579,-0.004890,0.002296,0.121473,0.271577
959200,34.2043,12,Index_Prep_Open,Index,prep_open,0,0.2043,OPEN HAND - prepare for Index,3120,2886,2736,2966,2835,2980,3032,10880.000000,8116.129032,6845.033113,8932.152347,7650.000000,9086.995516,9697.836312,0.342114,0.138024,0.000000,-0.007323,0.000000,0.110446,0.276429
959250,34.2363,12,Index_Prep_Open,Index,prep_open,0,0.2363,OPEN HAND - prepare for Index,3099,2881,2734,2956,2825,2963,3049,10578.915663,8068.698517,6829.977957,8823.880597,7562.992126,8899.469965,9910.707457,0.304974,0.131374,-0.002199,-0.019355,-0.011374,0.087530,0.304447
959300,34.2689,12,Index_Prep_Open,Index,prep_open,0,0.2689,OPEN HAND - prepare for Index,3092,2865,2725,2968,2835,2971,3053,10481.355932,7919.512195,6762.773723,8954.037267,7650.000000,8987.010676,9961.804223,0.292939,0.110455,-0.012017,-0.004890,0.000000,0.098228,0.311173
959350,34.4692,12,Index_Prep_Open,Index,prep_open,0,0.4692,OPEN HAND - prepare for Index,3097,2873,2733,2961,2833,2965,3026,10550.901804,7993.617021,6822.466960,8877.777778,7632.488114,8921.238938,9624.321796,0.301518,0.120846,-0.003297,-0.013365,-0.002289,0.090190,0.266753
959400,34.4693,12,Index_Prep_Open,Index,prep_open,0,0.4693,OPEN HAND - prepare for Index,3079,2873,2729,2956,2824,2962,3034,10303.740157,7993.617021,6792.532943,8823.880597,7554.366640,8888.614298,9722.525919,0.271029,0.120846,-0.007670,-0.019355,-0.012501,0.086203,0.279679
959450,34.4693,12,Index_Prep_Open,Index,prep_open,0,0.4693,OPEN HAND - prepare for Index,3061,2860,2725,2959,2832,2961,3039,10065.183752,7873.684211,6762.773723,8856.161972,7623.752969,8877.777778,9784.659091,0.241602,0.104029,-0.012017,-0.015768,-0.003431,0.084879,0.287857
959500,34.4799,12,Index_Prep_Open,Index,prep_open,0,0.4799,OPEN HAND - prepare for Index,3125,2869,2736,2965,2832,2962,3042,10953.608247,7956.443719,6845.033113,8921.238938,7623.752969,8888.614298,9822.222222,0.351194,0.115634,0.000000,-0.008535,-0.003431,0.086203,0.292801
959550,34.5233,12,Index_Prep_Open,Index,prep_open,0,0.5233,OPEN HAND - prepare for Index,3099,2863,2735,2957,2823,2961,3053,10578.915663,7901.136364,6837.500000,8834.622144,7545.754717,8877.777778,9961.804223,0.304974,0.107879,-0.001101,-0.018162,-0.013627,0.084879,0.311173
959600,34.5889,12,Index_Prep_Open,Index,prep_open,0,0.5889,OPEN HAND - prepare for Index,3093,2849,2731,2961,2832,2966,3066,10495.209581,7774.157303,6807.478006,8877.777778,7623.752969,8932.152347,10130.612245,0.294648,0.090074,-0.005486,-0.013365,-0.003431,0.091524,0.333391
959650,34.7270,12,Index_Prep_Open,Index,prep_open,0,0.7270,OPEN HAND - prepare for Index,3093,2858,2740,2964,2832,2960,3123,10495.209581,7855.456750,6875.276753,8910.344828,7623.752969,8866.960352,10924.074074,0.294648,0.101474,0.004418,-0.009746,-0.003431,0.083557,0.437826
959700,34.7271,12,Index_Prep_Open,Index,prep_open,0,0.7271,OPEN HAND - prepare for Index,3093,2857,2746,2954,2823,2959,3100,10495.209581,7846.365105,6920.978503,8802.453988,7545.754717,8856.161972,10592.964824,0.294648,0.100199,0.011095,-0.021737,-0.013627,0.082238,0.394246
959750,34.7271,12,Index_Prep_Open,Index,prep_open,0,0.7271,OPEN HAND - prepare for Index,3094,2846,2749,2967,2834,2962,3084,10509.090909,7747.317854,6943.982169,8943.085106,7641.237113,8888.614298,10371.513353,0.296360,0.086311,0.014456,-0.006108,-0.001145,0.086203,0.365098
959800,34.7813,12,Index_Prep_Open,Index,prep_open,0,0.7813,OPEN HAND - prepare for Index,3125,2859,2752,2965,2834,2965,3055,10953.608247,7864.563107,6967.088608,8921.238938,7641.237113,8921.238938,9987.500000,0.351194,0.102751,0.017831,-0.008535,-0.001145,0.090190,0.314555
959850,34.8245,12,Index_Prep_Open,Index,prep_open,0,0.8245,OPEN HAND - prepare for Index,3119,2853,2747,2963,2821,2947,3060,10865.368852,7810.144928,6928.635015,8899.469965,7528.571429,8728.048780,10052.173913,0.340310,0.095120,0.012214,-0.010955,-0.015873,0.066582,0.323067
959900,34.9927,12,Index_Prep_Open,Index,prep_open,0,0.9927,OPEN HAND - prepare for Index,3103,2841,2738,2972,2832,2960,3039,10635.282258,7702.870813,6860.132646,8998.040962,7623.752969,8866.960352,9784.659091,0.311927,0.080078,0.002206,0.000000,-0.003431,0.083557,0.287857
959950,34.9928,12,Index_Prep_Open,Index,prep_open,0,0.9928,OPEN HAND - prepare for Index,3102,2858,2748,2975,2831,2956,3019,10621.148036,7855.456750,6936.302895,9031.250000,7615.031646,8823.880597,9539.591078,0.310183,0.101474,0.013334,0.003691,-0.004571,0.078293,0.255601
960000,34.9928,12,Index_Prep_Open,Index,prep_open,0,0.9928,OPEN HAND - prepare for Index,3107,2860,2759,2974,2823,2949,3038,10692.105263,7873.684211,7021.407186,9020.160571,7545.754717,8749.214660,9772.185430,0.318936,0.104029,0.025767,0.002458,-0.013627,0.069169,0.286215
960050,35.0258,12,Index_Prep_Open,Index,prep_open,0,1.0258,OPEN HAND - prepare for Index,3110,2855,2745,2981,2835,2955,3055,10735.025381,7828.225806,6913.333333,9098.204668,7650.000000,8813.157895,9987.500000,0.324231,0.097655,0.009978,0.011132,0.000000,0.076983,0.314555
960100,35.0796,12,Index_Prep_Open,Index,prep_open,0,1.0796,OPEN HAND - prepare for Index,3188,2876,2752,2980,2842,2959,3215,11950.606395,8021.657096,6967.088608,9086.995516,7711.731844,8856.161972,12421.590909,0.474180,0.124778,0.017831,0.009886,0.008070,0.082238,0.634930
960150,35.2327,12,Index_Prep_Open,Index,prep_open,0,1.2327,OPEN HAND - prepare for Index,3347,2900,2748,2970,2834,2967,3368,15213.636364,8251.046025,6936.302895,8976.000000,7641.237113,8943.085106,15751.306740,0.876695,0.156942,0.013334,-0.002450,-0.001145,0.092860,1.073187
960200,35.2328,12,Index_Prep_Open,Index,prep_open,0,1.2328,OPEN HAND - prepare for Index,3476,2915,2744,2972,2845,2958,3286,19092.730210,8399.152542,6905.699482,8998.040962,7738.400000,8845.382586,13810.135970,1.355205,0.177709,0.008863,0.000000,0.011556,0.080920,0.817690
960250,35.2328,12,Index_Prep_Open,Index,prep_open,0,1.2328,OPEN HAND - prepare for Index,3327,2897,2765,2974,2844,2992,3215,14728.906250,8221.869783,7068.421053,9020.160571,7729.496403,9222.846782,12421.590909,0.816900,0.152851,0.032635,0.002458,0.010392,0.127047,0.634930
960300,35.2870,12,Index_Prep_Open,Index,prep_open,0,1.2870,OPEN HAND - prepare for Index,3354,2857,2756,2975,2836,2983,3162,15389.473684,7846.365105,6998.058252,9031.250000,7658.776807,9120.683453,11522.829582,0.898385,0.100199,0.022356,0.003691,0.001147,0.114563,0.516635
960350,35.3304,12,Index_Prep_Open,Index,prep_open,0,1.3304,OPEN HAND - prepare for Index,3692,2876,2737,2987,2850,2978,3185,31148.387097,8021.657096,6852.577320,9165.884477,7783.132530,9064.637422,11900.000000,2.842344,0.124778,0.001102,0.018653,0.017403,0.107714,0.566278
960400,35.4933,12,Index_Prep_Open,Index,prep_open,0,1.4933,OPEN HAND - prepare for Index,3587,2868,2740,2982,2849,3029,3171,24007.480315,7947.188264,6875.276753,9109.433962,7774.157303,9660.975610,11668.181818,1.961469,0.114336,0.004418,0.012380,0.016230,0.180587,0.535766
960450,35.4933,12,Index_Prep_Open,Index,prep_open,0,1.4933,OPEN HAND - prepare for Index,3730,2881,2737,2996,2838,3013,3173,34745.205479,8068.698517,6852.577320,9268.789809,7676.372315,9467.837338,11700.867679,3.286033,0.131374,0.001102,0.030090,0.003447,0.156985,0.540068
960500,35.4933,12,Index_Prep_Open,Index,prep_open,0,1.4933,OPEN HAND - prepare for Index,3753,2887,2729,3024,2852,3047,3114,37310.526316,8125.662252,6792.532943,9600.000000,7801.126307,9885.305344,10792.660550,3.602481,0.139361,-0.007670,0.066899,0.019755,0.208001,0.420530
960550,35.5368,12,Index_Prep_Open,Index,prep_open,0,1.5368,OPEN HAND - prepare for Index,3714,2891,2735,2994,2856,3067,3116,33143.307087,8163.953488,6837.500000,9245.776567,7837.288136,10143.774319,10821.654750,3.088429,0.144730,-0.001101,0.027532,0.024482,0.239586,0.424346
960600,35.5915,12,Index_Prep_Open,Index,prep_open,0,1.5915,OPEN HAND - prepare for Index,3520,2914,2745,2976,2847,3112,3095,20813.913043,8389.161727,6913.333333,9042.359249,7756.250000,10763.784334,10523.000000,1.567523,0.176309,0.009978,0.004925,0.013889,0.315352,0.385037
960650,35.7412,12,Index_Prep_Open,Index,prep_open,0,1.7412,OPEN HAND - prepare for Index,3381,2894,2735,2991,2862,3087,3090,16100.000000,8192.839301,6837.500000,9211.413043,7891.970803,10412.500000,10453.731343,0.986033,0.148781,-0.001101,0.023713,0.031630,0.272425,0.375920
960700,35.7413,12,Index_Prep_Open,Index,prep_open,0,1.7413,OPEN HAND - prepare for Index,3731,2940,2744,2983,2862,3075,3097,34850.000000,8654.545455,6905.699482,9120.683453,7891.970803,10250.000000,10550.901804,3.298960,0.213520,0.008863,0.013630,0.031630,0.252567,0.388710
960750,35.7515,12,Index_Prep_Open,Index,prep_open,0,1.7515,OPEN HAND - prepare for Index,3883,2926,2739,2964,2848,3074,3086,62274.528302,8510.179641,6867.699115,8910.344828,7765.196472,10236.630754,10398.810704,6.681943,0.193277,0.003311,-0.009746,0.015058,0.250933,0.368691
960800,35.7835,12,Index_Prep_Open,Index,prep_open,0,1.7835,OPEN HAND - prepare for Index,3701,2940,2729,2977,2863,3082,3086,31937.563452,8654.545455,6792.532943,9053.488372,7901.136364,10344.323791,10398.810704,2.939693,0.213520,-0.007670,0.006162,0.032828,0.264094,0.368691
960850,35.8265,12,Index_Prep_Open,Index,prep_open,0,1.8265,OPEN HAND - prepare for Index,3665,2965,2736,2976,2862,3052,3068,28979.069767,8921.238938,6845.033113,9042.359249,7891.970803,9948.993289,10156.962025,2.574745,0.250915,0.000000,0.004925,0.031630,0.215784,0.336859
960900,35.9955,12,Index_Prep_Open,Index,prep_open,0,1.9955,OPEN HAND - prepare for Index,3611,2957,2735,2968,2852,3055,3060,25366.528926,8834.622144,6837.500000,8954.037267,7801.126307,9987.500000,10052.173913,2.129116,0.238770,-0.001101,-0.004890,0.019755,0.220489,0.323067
960950,35.9956,12,Index_Prep_Open,Index,prep_open,0,1.9956,OPEN HAND - prepare for Index,3581,2951,2727,2978,2859,3059,3070,23687.548638,8770.454545,6777.631579,9064.637422,7864.563107,10039.189189,10183.414634,1.922004,0.229772,-0.009847,0.007401,0.028047,0.226806,0.340341
961000,35.9956,12,Index_Prep_Open,Index,prep_open,0,1.9956,OPEN HAND - prepare for Index,3574,2944,2726,2990,2857,3048,3066,23323.608445,8696.437880,6770.197224,9200.000000,7846.365105,9897.994269,10130.612245,1.877109,0.219394,-0.010933,0.022445,0.025669,0.209551,0.333391
961050,36.0598,12,Index_Prep_Open,Index,prep_open,0,2.0598,OPEN HAND - prepare for Index,3684,2963,2722,2979,2850,3015,3083,30475.912409,8899.469965,6740.568099,9075.806452,7783.132530,9491.666667,10357.905138,2.759390,0.247863,-0.015261,0.008642,0.017403,0.159897,0.363307
961100,36.0700,12,Index_Prep_Open,Index,prep_open,0,2.0700,OPEN HAND - prepare for Index,3631,2936,2711,2980,2860,3033,3072,26606.465517,8612.942192,6659.971098,9086.995516,7873.684211,9710.169492,10209.970674,2.282070,0.207686,-0.027036,0.009886,0.029240,0.186599,0.343836
961150,36.2538,12,Index_Prep_Open,Index,prep_open,0,2.2538,OPEN HAND - prepare for Index,3776,2960,2718,2966,2857,3032,3067,40245.768025,8866.960352,6711.111111,8932.152347,7846.365105,9697.836312,10143.774319,3.964561,0.243304,-0.019565,-0.007323,0.025669,0.185092,0.335123
961200,36.2539,12,Index_Prep_Open,Index,prep_open,0,2.2539,OPEN HAND - prepare for Index,3813,2942,2715,2981,2846,3023,3063,45972.340426,8675.455334,6689.130435,9098.204668,7747.317854,9587.873134,10091.279070,4.670969,0.216452,-0.022776,0.011132,0.012721,0.171654,0.328214
961250,36.2539,12,Index_Prep_Open,Index,prep_open,0,2.2539,OPEN HAND - prepare for Index,3743,2932,2712,3002,2858,3019,3063,36153.977273,8571.625107,6667.245119,9338.334858,7855.456750,9539.591078,10091.279070,3.459814,0.201893,-0.025973,0.037819,0.026857,0.165754,0.328214
961300,36.2865,12,Index_Prep_Open,Index,prep_open,0,2.2865,OPEN HAND - prepare for Index,3667,2941,2722,2996,2857,3021,3041,29130.373832,8664.991334,6740.568099,9268.789809,7846.365105,9563.687151,9809.677419,2.593409,0.214985,-0.015261,0.030090,0.025669,0.168698,0.291150
961350,36.3307,12,Index_Prep_Open,Index,prep_open,0,2.3307,OPEN HAND - prepare for Index,3647,2939,2719,2983,2846,3034,3053,27678.125000,8644.117647,6718.459302,9120.683453,7747.317854,9722.525919,9961.804223,2.414266,0.212058,-0.018491,0.013630,0.012721,0.188109,0.311173
961400,36.4962,12,Index_Prep_Open,Index,prep_open,0,2.4962,OPEN HAND - prepare for Index,3661,2929,2716,2997,2860,3019,3059,28680.645161,8540.823328,6696.446701,9280.327869,7873.684211,9539.591078,10039.189189,2.537933,0.197574,-0.021707,0.031372,0.029240,0.165754,0.321358
961450,36.4963,12,Index_Prep_Open,Index,prep_open,0,2.4963,OPEN HAND - prepare for Index,3710,2927,2722,3013,2859,3028,3053,32763.636364,8520.376712,6740.568099,9467.837338,7864.563107,9648.734770,9961.804223,3.041594,0.194707,-0.015261,0.052211,0.028047,0.179091,0.311173
961500,36.5069,12,Index_Prep_Open,Index,prep_open,0,2.5069,OPEN HAND - prepare for Index,3675,2933,2731,2991,2847,3002,3049,29750.000000,8581.927711,6807.478006,9211.413043,7756.250000,9338.334858,9910.707457,2.669844,0.203338,-0.005486,0.023713,0.013889,0.141160,0.304447
961550,36.5282,12,Index_Prep_Open,Index,prep_open,0,2.5282,OPEN HAND - prepare for Index,3668,2928,2724,3020,2858,3021,3058,29206.557377,8530.591260,6755.361050,9551.627907,7855.456750,9563.687151,10026.229508,2.602807,0.196139,-0.013100,0.061523,0.026857,0.168698,0.319652
961600,36.5927,12,Index_Prep_Open,Index,prep_open,0,2.5927,OPEN HAND - prepare for Index,3671,2934,2734,3017,2861,3022,3047,29437.264151,8592.248062,6829.977957,9515.584416,7882.820097,9575.768872,9885.305344,2.631266,0.204785,-0.002199,0.057517,0.030434,0.170175,0.301104
961650,36.7621,12,Index_Prep_Open,Index,prep_open,0,2.7621,OPEN HAND - prepare for Index,3670,2934,2733,3011,2850,3010,3066,29360.000000,8592.248062,6822.466960,9444.095941,7783.132530,9432.258065,10130.612245,2.621735,0.204785,-0.003297,0.049572,0.017403,0.152638,0.333391
961700,36.7622,12,Index_Prep_Open,Index,prep_open,0,2.7622,OPEN HAND - prepare for Index,3632,2911,2728,3025,2861,3027,3065,26671.274298,8359.290541,6785.076811,9612.149533,7882.820097,9636.516854,10117.475728,2.290064,0.172120,-0.008759,0.068249,0.030434,0.177598,0.331662
961750,36.7622,12,Index_Prep_Open,Index,prep_open,0,2.7622,OPEN HAND - prepare for Index,3657,2909,2742,3040,2858,3032,3065,28387.671233,8339.460371,6890.465632,9797.156398,7855.456750,9697.836312,10117.475728,2.501792,0.169339,0.006637,0.088810,0.026857,0.185092,0.331662
961800,36.8060,12,Index_Prep_Open,Index,prep_open,0,2.8060,OPEN HAND - prepare for Index,3657,2900,2736,3035,2850,2994,3056,28387.671233,8251.046025,6845.033113,9734.905660,7783.132530,9245.776567,10000.384986,2.501792,0.156942,0.000000,0.081892,0.017403,0.129849,0.316251
961850,36.8162,12,Index_Prep_Open,Index,prep_open,0,2.8162,OPEN HAND - prepare for Index,3636,2887,2721,3040,2864,2999,3058,26933.333333,8125.662252,6733.187773,9797.156398,7910.316816,9303.467153,10026.229508,2.322391,0.139361,-0.016340,0.088810,0.034028,0.136899,0.319652
961900,37.0037,12,Index_Prep_Open,Index,prep_open,0,3.0037,OPEN HAND - prepare for Index,3621,2906,2727,3024,2862,2983,3058,25973.417722,8309.840202,6777.631579,9600.000000,7891.970803,9120.683453,10026.229508,2.203980,0.165186,-0.009847,0.066899,0.031630,0.114563,0.319652
961950,37.0038,12,Index_Prep_Open,Index,prep_open,0,3.0038,OPEN HAND - prepare for Index,3586,2920,2723,3018,2856,2991,3058,23953.634578,8449.361702,6747.959184,9527.576602,7837.288136,9211.413043,10026.229508,1.954827,0.184750,-0.014182,0.058850,0.024482,0.125650,0.319652
962000,37.0038,12,Index_Prep_Open,Index,prep_open,0,3.0038,OPEN HAND - prepare for Index,3589,2929,2716,3026,2864,3010,3058,24115.810277,8540.823328,6696.446701,9624.321796,7910.316816,9432.258065,10026.229508,1.974832,0.197574,-0.021707,0.069602,0.034028,0.152638,0.319652
962050,37.0353,12,Index_Prep_Open,Index,prep_open,0,3.0353,OPEN HAND - prepare for Index,3518,2937,2726,3020,2861,2996,3043,20729.982669,8623.316062,6770.197224,9551.627907,7882.820097,9268.789809,9834.790875,1.557170,0.209141,-0.010933,0.061523,0.030434,0.132662,0.294455
962100,37.0794,12,Index_Prep_Open,Index,prep_open,0,3.0794,OPEN HAND - prepare for Index,3519,2953,2725,3003,2850,3010,3047,20771.875000,8791.768827,6762.773723,9350.000000,7783.132530,9432.258065,9885.305344,1.562338,0.232761,-0.012017,0.039115,0.017403,0.152638,0.301104
962150,37.1235,12,Index_Prep_Open,Index,prep_open,0,3.1235,OPEN HAND - prepare for Index,3510,2983,2727,3018,2863,2998,3050,20400.000000,9120.683453,6777.631579,9527.576602,7901.136364,9291.886964,9923.444976,1.516464,0.278881,-0.009847,0.058850,0.032828,0.135484,0.306124
962200,37.2594,12,Index_Prep_Open,Index,prep_open,0,3.2594,OPEN HAND - prepare for Index,3516,2975,2739,3004,2862,3013,3035,20646.632124,9031.250000,6867.699115,9361.686526,7891.970803,9467.837338,9734.905660,1.546888,0.266341,0.003311,0.040414,0.031630,0.156985,0.281308
962250,37.2594,12,Index_Prep_Open,Index,prep_open,0,3.2594,OPEN HAND - prepare for Index,3531,2973,2734,2984,2851,2994,3050,21286.170213,9009.090909,6829.977957,9131.953195,7792.122186,9245.776567,9923.444976,1.625779,0.263234,-0.002199,0.014882,0.018578,0.129849,0.306124
962300,37.2803,12,Index_Prep_Open,Index,prep_open,0,3.2803,OPEN HAND - prepare for Index,3533,2955,2722,3012,2862,2991,3042,21374.021352,8813.157895,6740.568099,9455.955679,7891.970803,9211.413043,9822.222222,1.636616,0.235760,-0.015261,0.050890,0.031630,0.125650,0.292801
962350,37.3351,12,Index_Prep_Open,Index,prep_open,0,3.3351,OPEN HAND - prepare for Index,3525,2959,2728,3019,2862,2984,3033,21026.315789,8856.161972,6785.076811,9539.591078,7891.970803,9131.953195,9710.169492,1.593724,0.241790,-0.008759,0.060185,0.031630,0.115940,0.278052
962400,37.3791,12,Index_Prep_Open,Index,prep_open,0,3.3791,OPEN HAND - prepare for Index,3511,2956,2733,3012,2855,2975,3050,20440.753425,8823.880597,6822.466960,9455.955679,7828.225806,9031.250000,9923.444976,1.521492,0.237264,-0.003297,0.050890,0.023297,0.103634,0.306124
962450,37.5180,12,Index_Prep_Open,Index,prep_open,0,3.5180,OPEN HAND - prepare for Index,3543,2954,2726,3013,2863,2987,3047,21822.826087,8802.453988,6770.197224,9467.837338,7901.136364,9165.884477,9885.305344,1.691979,0.234259,-0.010933,0.052211,0.032828,0.120086,0.301104
962500,37.5180,12,Index_Prep_Open,Index,prep_open,0,3.5180,OPEN HAND - prepare for Index,3588,2960,2731,3014,2860,3007,3035,24061.538462,8866.960352,6807.478006,9479.740981,7873.684211,9396.875000,9734.905660,1.968138,0.243304,-0.005486,0.053534,0.029240,0.148314,0.281308
962550,37.5396,12,Index_Prep_Open,Index,prep_open,0,3.5396,OPEN HAND - prepare for Index,3661,2965,2733,3008,2849,2999,3043,28680.645161,8921.238938,6822.466960,9408.647654,7774.157303,9303.467153,9834.790875,2.537933,0.250915,-0.003297,0.045633,0.016230,0.136899,0.294455
962600,37.5817,12,Index_Prep_Open,Index,prep_open,0,3.5817,OPEN HAND - prepare for Index,3651,2950,2727,3012,2858,3009,3050,27958.108108,8759.825328,6777.631579,9455.955679,7855.456750,9420.441989,9923.444976,2.448803,0.228282,-0.009847,0.050890,0.026857,0.151194,0.306124
962650,37.6367,12,Index_Prep_Open,Index,prep_open,0,3.6367,OPEN HAND - prepare for Index,3667,2953,2733,2987,2859,3007,3045,29130.373832,8791.768827,6822.466960,9165.884477,7864.563107,9396.875000,9860.000000,2.593409,0.232761,-0.003297,0.018653,0.028047,0.148314,0.297773
962700,37.7786,12,Index_Prep_Open,Index,prep_open,0,3.7786,OPEN HAND - prepare for Index,3563,2966,2733,2983,2849,2991,3036,22771.052632,8932.152347,6822.466960,9120.683453,7774.157303,9211.413043,9747.308782,1.808948,0.252445,-0.003297,0.013630,0.016230,0.125650,0.282941
962750,37.7786,12,Index_Prep_Open,Index,prep_open,0,3.7786,OPEN HAND - prepare for Index,3573,2955,2723,2994,2859,2992,3048,23272.413793,8813.157895,6747.959184,9245.776567,7864.563107,9222.846782,9897.994269,1.870794,0.235760,-0.014182,0.027532,0.028047,0.127047,0.302774
962800,37.8008,12,Index_Prep_Open,Index,prep_open,0,3.8008,OPEN HAND - prepare for Index,3630,2983,2734,3005,2861,3003,3042,26541.935484,9120.683453,6829.977957,9373.394495,7882.820097,9350.000000,9822.222222,2.274110,0.278881,-0.002199,0.041715,0.030434,0.142586,0.292801
962850,37.8442,12,Index_Prep_Open,Index,prep_open,0,3.8442,OPEN HAND - prepare for Index,3525,2965,2733,3000,2850,2994,3044,21026.315789,8921.238938,6822.466960,9315.068493,7783.132530,9245.776567,9847.383444,1.593724,0.250915,-0.003297,0.035233,0.017403,0.129849,0.296112
962900,37.8874,12,Index_Prep_Open,Index,prep_open,0,3.8874,OPEN HAND - prepare for Index,3519,2966,2723,3008,2860,3000,3036,20771.875000,8932.152347,6747.959184,9408.647654,7873.684211,9315.068493,9747.308782,1.562338,0.252445,-0.014182,0.045633,0.029240,0.138317,0.282941
962950,38.0281,13,Index_C1_Open,Index,open,1,0.0281,Index cycle 1: OPEN,3490,2969,2732,3011,2858,2991,3024,19613.223140,8965.008881,6814.966985,9444.095941,7855.456750,9211.413043,9600.000000,1.419411,0.257052,-0.004392,0.049572,0.026857,0.125650,0.263552
963000,38.0284,13,Index_C1_Open,Index,open,1,0.0284,Index cycle 1: OPEN,3518,2958,2732,2997,2846,2985,3026,20729.982669,8845.382586,6814.966985,9280.327869,7747.317854,9143.243243,9624.321796,1.557170,0.240279,-0.004392,0.031372,0.012721,0.117320,0.266753
963050,38.0284,13,Index_C1_Open,Index,open,1,0.0284,Index cycle 1: OPEN,3532,2960,2721,3001,2859,2987,3037,21330.017762,8866.960352,6733.187773,9326.691042,7864.563107,9165.884477,9759.735350,1.631188,0.243304,-0.016340,0.036525,0.028047,0.120086,0.284576
963100,38.0814,13,Index_C1_Open,Index,open,1,0.0814,Index cycle 1: OPEN,3520,2961,2729,2996,2859,2983,3007,20813.913043,8877.777778,6792.532943,9268.789809,7864.563107,9120.683453,9396.875000,1.567523,0.244821,-0.007670,0.030090,0.028047,0.114563,0.236817
963150,38.1357,13,Index_C1_Open,Index,open,1,0.1357,Index cycle 1: OPEN,3554,2952,2729,2994,2847,2969,3038,22335.674677,8781.102362,6792.532943,9245.776567,7756.250000,8965.008881,9772.185430,1.755242,0.231265,-0.007670,0.027532,0.013889,0.095539,0.286215
963200,38.2955,13,Index_C1_Open,Index,open,1,0.2955,Index cycle 1: OPEN,3519,2936,2718,3013,2857,2977,3037,20771.875000,8612.942192,6711.111111,9467.837338,7846.365105,9053.488372,9759.735350,1.562338,0.207686,-0.019565,0.052211,0.025669,0.106351,0.284576
963250,38.2956,13,Index_C1_Open,Index,open,1,0.2956,Index cycle 1: OPEN,3530,2961,2727,3009,2856,2968,3021,21242.477876,8877.777778,6777.631579,9420.441989,7837.288136,8954.037267,9563.687151,1.620389,0.244821,-0.009847,0.046944,0.024482,0.094198,0.258772
963300,38.2956,13,Index_C1_Open,Index,open,1,0.2956,Index cycle 1: OPEN,3580,2963,2725,2999,2845,2971,3020,23634.951456,8899.469965,6762.773723,9303.467153,7738.400000,8987.010676,9551.627907,1.915515,0.247863,-0.012017,0.033944,0.011556,0.098228,0.257185
963350,38.3168,13,Index_C1_Open,Index,open,1,0.3168,Index cycle 1: OPEN,3551,2960,2719,3022,2855,2986,3023,22193.750000,8866.960352,6718.459302,9575.768872,7828.225806,9154.553652,9587.873134,1.737734,0.243304,-0.018491,0.064206,0.023297,0.118702,0.261956
963400,38.3924,13,Index_C1_Open,Index,open,1,0.3924,Index cycle 1: OPEN,3633,2963,2724,3024,2853,2981,3012,26736.363636,8899.469965,6755.361050,9600.000000,7810.144928,9098.204668,9455.955679,2.298094,0.247863,-0.013100,0.066899,0.020934,0.111816,0.244593
963450,38.5353,13,Index_C1_Open,Index,open,1,0.5353,Index cycle 1: OPEN,3684,2946,2728,3019,2843,2972,3018,30475.912409,8717.493473,6785.076811,9539.591078,7720.607029,8998.040962,9527.576602,2.759390,0.222346,-0.008759,0.060185,0.009230,0.099576,0.254020
963500,38.5354,13,Index_C1_Open,Index,open,1,0.5354,Index cycle 1: OPEN,3680,2952,2719,3037,2854,2976,3014,30149.397590,8781.102362,6718.459302,9759.735350,7819.178082,9042.359249,9479.740981,2.719112,0.231265,-0.018491,0.084651,0.022115,0.104991,0.247723
963550,38.5459,13,Index_C1_Open,Index,open,1,0.5459,Index cycle 1: OPEN,3632,2966,2733,3036,2855,2976,3009,26671.274298,8932.152347,6822.466960,9747.308782,7828.225806,9042.359249,9420.441989,2.290064,0.252445,-0.003297,0.083270,0.023297,0.104991,0.239918
963600,38.5787,13,Index_C1_Open,Index,open,1,0.5787,Index cycle 1: OPEN,3639,2958,2734,3027,2845,2981,3021,27132.894737,8845.382586,6829.977957,9636.516854,7738.400000,9098.204668,9563.687151,2.347008,0.240279,-0.002199,0.070957,0.011556,0.111816,0.258772
963650,38.6226,13,Index_C1_Open,Index,open,1,0.6226,Index cycle 1: OPEN,3615,2953,2718,3045,2858,2974,3010,25606.250000,8791.768827,6711.111111,9860.000000,7855.456750,9020.160571,9432.258065,2.158687,0.232761,-0.019565,0.095794,0.026857,0.102279,0.241474
963700,38.7882,13,Index_C1_Open,Index,open,1,0.7882,Index cycle 1: OPEN,3625,2955,2724,3029,2855,2970,3010,26223.404255,8813.157895,6755.361050,9660.975610,7828.225806,8976.000000,9432.258065,2.234817,0.235760,-0.013100,0.073675,0.023297,0.096882,0.241474
963750,38.7883,13,Index_C1_Open,Index,open,1,0.7883,Index cycle 1: OPEN,3614,2947,2726,3021,2844,2974,3011,25545.945946,8728.048780,6770.197224,9563.687151,7729.496403,9020.160571,9444.095941,2.151248,0.223826,-0.010933,0.062863,0.010392,0.102279,0.243032
963800,38.7883,13,Index_C1_Open,Index,open,1,0.7883,Index cycle 1: OPEN,3635,2938,2724,3027,2852,2991,3014,26867.391304,8633.707865,6755.361050,9636.516854,7801.126307,9211.413043,9479.740981,2.314257,0.210598,-0.013100,0.070957,0.019755,0.125650,0.247723
963850,38.8312,13,Index_C1_Open,Index,open,1,0.8312,Index cycle 1: OPEN,3625,2946,2735,3012,2850,2967,3000,26223.404255,8717.493473,6837.500000,9455.955679,7783.132530,8943.085106,9315.068493,2.234817,0.222346,-0.001101,0.050890,0.017403,0.092860,0.226049
963900,38.8742,13,Index_C1_Open,Index,open,1,0.8742,Index cycle 1: OPEN,3661,2958,2719,3008,2841,2961,3011,28680.645161,8845.382586,6718.459302,9408.647654,7702.870813,8877.777778,9444.095941,2.537933,0.240279,-0.018491,0.045633,0.006911,0.084879,0.243032
963950,39.0426,13,Index_C1_Open,Index,open,1,1.0426,Index cycle 1: OPEN,3614,2940,2713,3028,2857,2963,3016,25545.945946,8654.545455,6674.529667,9648.734770,7846.365105,8899.469965,9503.614458,2.151248,0.213520,-0.024909,0.072315,0.025669,0.087530,0.250866
964000,39.0426,13,Index_C1_Open,Index,open,1,1.0426,Index cycle 1: OPEN,3609,2958,2721,3024,2851,2976,3007,25248.148148,8845.382586,6733.187773,9600.000000,7792.122186,9042.359249,9396.875000,2.114513,0.240279,-0.016340,0.066899,0.018578,0.104991,0.236817
964050,39.0427,13,Index_C1_Open,Index,open,1,1.0427,Index cycle 1: OPEN,3600,2955,2720,3027,2840,2966,3012,24727.272727,8813.157895,6725.818182,9636.516854,7694.023904,8932.152347,9455.955679,2.050260,0.235760,-0.017416,0.070957,0.005755,0.091524,0.244593
964100,39.0863,13,Index_C1_Open,Index,open,1,1.0863,Index cycle 1: OPEN,3570,2941,2707,3029,2851,2972,3008,23120.000000,8664.991334,6630.979827,9660.975610,7792.122186,8998.040962,9408.647654,1.851993,0.214985,-0.031271,0.073675,0.018578,0.099576,0.238366
964150,39.1402,13,Index_C1_Open,Index,open,1,1.1402,Index cycle 1: OPEN,3534,2956,2721,3033,2850,2974,3003,21418.181818,8823.880597,6733.187773,9710.169492,7783.132530,9020.160571,9350.000000,1.642063,0.237264,-0.016340,0.079143,0.017403,0.102279,0.230647
964200,39.3020,13,Index_C1_Open,Index,open,1,1.3020,Index cycle 1: OPEN,3531,2957,2729,3022,2840,2961,3009,21286.170213,8834.622144,6792.532943,9575.768872,7694.023904,8877.777778,9420.441989,1.625779,0.238770,-0.007670,0.064206,0.005755,0.084879,0.239918
964250,39.3021,13,Index_C1_Open,Index,open,1,1.3021,Index cycle 1: OPEN,3575,2956,2721,3030,2851,2967,3009,23375.000000,8823.880597,6733.187773,9673.239437,7792.122186,8943.085106,9420.441989,1.883449,0.237264,-0.016340,0.075038,0.018578,0.092860,0.239918
964300,39.3021,13,Index_C1_Open,Index,open,1,1.3021,Index cycle 1: OPEN,3534,2961,2731,3031,2852,2967,3006,21418.181818,8877.777778,6807.478006,9685.526316,7801.126307,8943.085106,9385.123967,1.642063,0.244821,-0.005486,0.076404,0.019755,0.092860,0.235270
964350,39.3459,13,Index_C1_Open,Index,open,1,1.3459,Index cycle 1: OPEN,3516,2960,2730,3019,2846,2955,3000,20646.632124,8866.960352,6800.000000,9539.591078,7747.317854,8813.157895,9315.068493,1.546888,0.243304,-0.006579,0.060185,0.012721,0.076983,0.226049
964400,39.3670,13,Index_C1_Open,Index,open,1,1.3670,Index cycle 1: OPEN,3504,2945,2723,3035,2860,2961,3008,20158.375635,8706.956522,6747.959184,9734.905660,7873.684211,8877.777778,9408.647654,1.486659,0.220869,-0.014182,0.081892,0.029240,0.084879,0.238366
964450,39.5599,13,Index_C1_Open,Index,open,1,1.5599,Index cycle 1: OPEN,3573,2943,2731,3038,2856,2962,3008,23272.413793,8685.937500,6807.478006,9772.185430,7837.288136,8888.614298,9408.647654,1.870794,0.217922,-0.005486,0.086035,0.024482,0.086203,0.238366
964500,39.5599,13,Index_C1_Open,Index,open,1,1.5599,Index cycle 1: OPEN,3573,2932,2731,3025,2845,2960,3011,23272.413793,8571.625107,6807.478006,9612.149533,7738.400000,8866.960352,9444.095941,1.870794,0.201893,-0.005486,0.068249,0.011556,0.083557,0.243032
964550,39.5599,13,Index_C1_Open,Index,open,1,1.5599,Index cycle 1: OPEN,3610,2929,2716,3037,2858,2980,3013,25307.216495,8540.823328,6696.446701,9759.735350,7855.456750,9086.995516,9467.837338,2.121800,0.197574,-0.021707,0.084651,0.026857,0.110446,0.246157
964600,39.5818,13,Index_C1_Open,Index,open,1,1.5818,Index cycle 1: OPEN,3606,2947,2726,3031,2856,2976,3013,25072.392638,8728.048780,6770.197224,9685.526316,7837.288136,9042.359249,9467.837338,2.092833,0.223826,-0.010933,0.076404,0.024482,0.104991,0.246157
964650,39.6356,13,Index_C1_Open,Index,open,1,1.6356,Index cycle 1: OPEN,3607,2929,2724,3010,2844,2953,3017,25130.737705,8540.823328,6755.361050,9432.258065,7729.496403,8791.768827,9515.584416,2.100030,0.197574,-0.013100,0.048257,0.010392,0.074369,0.252441
964700,39.6680,13,Index_C1_Open,Index,open,1,1.6680,Index cycle 1: OPEN,3160,2925,2710,3017,2855,2971,3012,11490.909091,8500.000000,6652.707581,9515.584416,7828.225806,8987.010676,9455.955679,0.417474,0.191850,-0.028097,0.057517,0.023297,0.098228,0.244593
964750,39.7944,13,Index_C1_Open,Index,open,1,1.7944,Index cycle 1: OPEN,3155,2932,2723,3011,2855,2981,3003,11411.702128,8571.625107,6747.959184,9444.095941,7828.225806,9098.204668,9350.000000,0.407703,0.201893,-0.014182,0.049572,0.023297,0.111816,0.230647
964800,39.7945,13,Index_C1_Open,Index,open,1,1.7945,Index cycle 1: OPEN,3142,2933,2721,3001,2843,2970,3004,11209.653725,8581.927711,6733.187773,9326.691042,7720.607029,8976.000000,9361.686526,0.382779,0.203338,-0.016340,0.036525,0.009230,0.096882,0.232185
964850,39.8156,13,Index_C1_Open,Index,open,1,1.8156,Index cycle 1: OPEN,3137,2920,2714,3024,2857,2952,3009,11133.402923,8449.361702,6681.824765,9600.000000,7846.365105,8781.102362,9420.441989,0.373373,0.184750,-0.023843,0.066899,0.025669,0.073065,0.239918
964900,39.8920,13,Index_C1_Open,Index,open,1,1.8920,Index cycle 1: OPEN,3142,2929,2720,3024,2856,2959,3001,11209.653725,8540.823328,6725.818182,9600.000000,7837.288136,8856.161972,9326.691042,0.382779,0.197574,-0.017416,0.066899,0.024482,0.082238,0.227579
964950,40.0657,14,Index_C1_Bend,Index,bend,1,0.0657,Index cycle 1: BEND Index,3128,2939,2719,3009,2847,2952,3008,10998.138573,8644.117647,6718.459302,9420.441989,7756.250000,8781.102362,9408.647654,0.356687,0.212058,-0.018491,0.046944,0.013889,0.073065,0.238366
965000,40.0660,14,Index_C1_Bend,Index,bend,1,0.0660,Index cycle 1: BEND Index,3115,2915,2716,3025,2857,2968,3008,10807.142857,8399.152542,6696.446701,9612.149533,7846.365105,8954.037267,9408.647654,0.333127,0.177709,-0.021707,0.068249,0.025669,0.094198,0.238366
965050,40.0660,14,Index_C1_Bend,Index,bend,1,0.0660,Index cycle 1: BEND Index,3146,2920,2728,3023,2855,2969,2993,11271.232877,8449.361702,6785.076811,9587.873134,7828.225806,8965.008881,9234.301270,0.390375,0.184750,-0.008759,0.065551,0.023297,0.095539,0.215419
965100,40.0768,14,Index_C1_Bend,Index,bend,1,0.0768,Index cycle 1: BEND Index,3114,2945,2730,3011,2843,2951,2997,10792.660550,8706.956522,6800.000000,9444.095941,7720.607029,8770.454545,9280.327869,0.331341,0.220869,-0.006579,0.049572,0.009230,0.071764,0.221477
965150,40.1309,14,Index_C1_Bend,Index,bend,1,0.1309,Index cycle 1: BEND Index,3098,2919,2722,3015,2852,2953,2994,10564.894684,8439.285714,6740.568099,9491.666667,7801.126307,8791.768827,9245.776567,0.303244,0.183337,-0.015261,0.054859,0.019755,0.074369,0.216929
965200,40.1857,14,Index_C1_Bend,Index,bend,1,0.1857,Index cycle 1: BEND Index,3116,2945,2730,3020,2852,2957,2989,10821.654750,8706.956522,6800.000000,9551.627907,7801.126307,8834.622144,9188.607595,0.334917,0.220869,-0.006579,0.061523,0.019755,0.079606,0.209404
965250,40.3291,14,Index_C1_Bend,Index,bend,1,0.3291,Index cycle 1: BEND Index,3117,2924,2731,3005,2837,2945,2997,10836.196319,8489.837746,6807.478006,9373.394495,7667.567568,8706.956522,9280.327869,0.336711,0.190425,-0.005486,0.041715,0.002296,0.064005,0.221477
965300,40.3291,14,Index_C1_Bend,Index,bend,1,0.3291,Index cycle 1: BEND Index,3102,2909,2722,3018,2851,2957,2992,10621.148036,8339.460371,6740.568099,9527.576602,7792.122186,8834.622144,9222.846782,0.310183,0.169339,-0.015261,0.058850,0.018578,0.079606,0.213911
965350,40.3514,14,Index_C1_Bend,Index,bend,1,0.3514,Index cycle 1: BEND Index,3118,2921,2731,3018,2847,2957,2996,10850.767656,8459.454855,6807.478006,9527.576602,7756.250000,8834.622144,9268.789809,0.338508,0.186165,-0.005486,0.058850,0.013889,0.079606,0.219958
965400,40.3728,14,Index_C1_Bend,Index,bend,1,0.3728,Index cycle 1: BEND Index,3121,2916,2727,3008,2840,2953,2998,10894.661191,8409.160305,6777.631579,9408.647654,7694.023904,8791.768827,9291.886964,0.343923,0.179113,-0.009847,0.045633,0.005755,0.074369,0.222998
965450,40.4382,14,Index_C1_Bend,Index,bend,1,0.4382,Index cycle 1: BEND Index,3120,2912,2720,3022,2856,2957,2994,10880.000000,8369.230769,6725.818182,9575.768872,7837.288136,8834.622144,9245.776567,0.342114,0.173514,-0.017416,0.064206,0.024482,0.079606,0.216929
965500,40.5730,14,Index_C1_Bend,Index,bend,1,0.5730,Index cycle 1: BEND Index,3194,2920,2730,3011,2860,2958,2989,12052.830189,8449.361702,6800.000000,9444.095941,7873.684211,8845.382586,9188.607595,0.486790,0.184750,-0.006579,0.049572,0.029240,0.080920,0.209404
965550,40.5731,14,Index_C1_Bend,Index,bend,1,0.5731,Index cycle 1: BEND Index,3120,2922,2733,2995,2849,2955,3000,10880.000000,8469.565217,6822.466960,9257.272727,7774.157303,8813.157895,9315.068493,0.342114,0.187582,-0.003297,0.028810,0.016230,0.076983,0.226049
965600,40.5731,14,Index_C1_Bend,Index,bend,1,0.5731,Index cycle 1: BEND Index,3136,2905,2721,3006,2861,2960,2999,11118.248175,8300.000000,6733.187773,9385.123967,7882.820097,8866.960352,9303.467153,0.371504,0.163806,-0.016340,0.043019,0.030434,0.083557,0.224522
965650,40.6274,14,Index_C1_Bend,Index,bend,1,0.6274,Index cycle 1: BEND Index,3116,2911,2732,3006,2858,2958,2990,10821.654750,8359.290541,6814.966985,9385.123967,7855.456750,8845.382586,9200.000000,0.334917,0.172120,-0.004392,0.043019,0.026857,0.080920,0.210904
965700,40.6818,14,Index_C1_Bend,Index,bend,1,0.6818,Index cycle 1: BEND Index,3154,2917,2732,2998,2848,2954,2992,11395.961743,8419.185059,6814.966985,9291.886964,7765.196472,8802.453988,9222.846782,0.405761,0.180518,-0.004392,0.032657,0.015058,0.075675,0.213911
965750,40.8269,14,Index_C1_Bend,Index,bend,1,0.8269,Index cycle 1: BEND Index,3119,2913,2721,3011,2859,2961,2998,10865.368852,8379.187817,6733.187773,9444.095941,7864.563107,8877.777778,9291.886964,0.340310,0.174910,-0.016340,0.049572,0.028047,0.084879,0.222998
965800,40.8270,14,Index_C1_Bend,Index,bend,1,0.8270,Index cycle 1: BEND Index,3142,2922,2734,3004,2858,2958,2991,11209.653725,8469.565217,6829.977957,9361.686526,7855.456750,8845.382586,9211.413043,0.382779,0.187582,-0.002199,0.040414,0.026857,0.080920,0.212406
965850,40.8594,14,Index_C1_Bend,Index,bend,1,0.8594,Index cycle 1: BEND Index,3112,2928,2732,2986,2844,2952,3001,10763.784334,8530.591260,6814.966985,9154.553652,7729.496403,8781.102362,9326.691042,0.327778,0.196139,-0.004392,0.017394,0.010392,0.073065,0.227579
965900,40.9024,14,Index_C1_Bend,Index,bend,1,0.9024,Index cycle 1: BEND Index,3129,2926,2731,3001,2858,2970,3001,11013.043478,8510.179641,6807.478006,9326.691042,7855.456750,8976.000000,9326.691042,0.358526,0.193277,-0.005486,0.036525,0.026857,0.096882,0.227579
965950,40.9447,14,Index_C1_Bend,Index,bend,1,0.9447,Index cycle 1: BEND Index,3187,2945,2743,2993,2855,2973,2992,11933.700441,8706.956522,6898.076923,9234.301270,7828.225806,9009.090909,9222.846782,0.472095,0.220869,0.007749,0.026257,0.023297,0.100926,0.213911
966000,41.0825,14,Index_C1_Bend,Index,bend,1,1.0825,Index cycle 1: BEND Index,3199,2935,2740,2983,2840,2949,2995,12139.062500,8602.586207,6875.276753,9120.683453,7694.023904,8749.214660,9257.272727,0.497427,0.206234,0.004418,0.013630,0.005755,0.069169,0.218442
966050,41.0826,14,Index_C1_Bend,Index,bend,1,1.0826,Index cycle 1: BEND Index,3120,2921,2732,2992,2850,2956,2994,10880.000000,8459.454855,6814.966985,9222.846782,7783.132530,8823.880597,9245.776567,0.342114,0.186165,-0.004392,0.024984,0.017403,0.078293,0.216929
966100,41.0929,14,Index_C1_Bend,Index,bend,1,1.0929,Index cycle 1: BEND Index,3144,2914,2736,2991,2849,2958,2992,11240.378549,8389.161727,6845.033113,9211.413043,7774.157303,8845.382586,9222.846782,0.386569,0.176309,0.000000,0.023713,0.016230,0.080920,0.213911
966150,41.1257,14,Index_C1_Bend,Index,bend,1,1.1257,Index cycle 1: BEND Index,3109,2914,2734,2990,2841,2947,2991,10720.689655,8389.161727,6829.977957,9200.000000,7702.870813,8728.048780,9211.413043,0.322462,0.176309,-0.002199,0.022445,0.006911,0.066582,0.212406
966200,41.1692,14,Index_C1_Bend,Index,bend,1,1.1692,Index cycle 1: BEND Index,3090,2892,2724,3000,2851,2955,2990,10453.731343,8173.566085,6755.361050,9315.068493,7792.122186,8813.157895,9200.000000,0.289532,0.146078,-0.013100,0.035233,0.018578,0.076983,0.210904
966250,41.3161,14,Index_C1_Bend,Index,bend,1,1.3161,Index cycle 1: BEND Index,3120,2902,2733,3002,2849,2954,2986,10880.000000,8270.578374,6822.466960,9338.334858,7774.157303,8802.453988,9154.553652,0.342114,0.159681,-0.003297,0.037819,0.016230,0.075675,0.204922
966300,41.3161,14,Index_C1_Bend,Index,bend,1,1.3161,Index cycle 1: BEND Index,3123,2905,2734,2996,2839,2944,2991,10924.074074,8300.000000,6829.977957,9268.789809,7685.191083,8696.437880,9211.413043,0.347551,0.163806,-0.002199,0.030090,0.004600,0.062719,0.212406
966350,41.3162,14,Index_C1_Bend,Index,bend,1,1.3162,Index cycle 1: BEND Index,3116,2905,2727,3009,2850,2961,2989,10821.654750,8300.000000,6777.631579,9420.441989,7783.132530,8877.777778,9188.607595,0.334917,0.163806,-0.009847,0.046944,0.017403,0.084879,0.209404
966400,41.3811,14,Index_C1_Bend,Index,bend,1,1.3811,Index cycle 1: BEND Index,3144,2954,2736,3012,2850,2963,2975,11240.378549,8802.453988,6845.033113,9455.955679,7783.132530,8899.469965,9031.250000,0.386569,0.234259,0.000000,0.050890,0.017403,0.087530,0.188693
966450,41.4575,14,Index_C1_Bend,Index,bend,1,1.4575,Index cycle 1: BEND Index,3181,2986,2736,3005,2840,2944,2987,11833.041575,9154.553652,6845.033113,9373.394495,7694.023904,8696.437880,9165.884477,0.459678,0.283630,0.000000,0.041715,0.005755,0.062719,0.206414
966500,41.6020,14,Index_C1_Bend,Index,bend,1,1.6020,Index cycle 1: BEND Index,3219,3009,2741,3011,2850,2946,2981,12493.835616,9420.441989,6882.865583,9444.095941,7783.132530,8717.493473,9098.204668,0.541191,0.320912,0.005527,0.049572,0.017403,0.065292,0.197506
966550,41.6020,14,Index_C1_Bend,Index,bend,1,1.6020,Index cycle 1: BEND Index,3246,3155,2739,3028,2851,2931,2992,12999.293286,11411.702128,6867.699115,9648.734770,7792.122186,8561.340206,9222.846782,0.603542,0.600122,0.003311,0.072315,0.018578,0.046210,0.213911
966600,41.6020,14,Index_C1_Bend,Index,bend,1,1.6020,Index cycle 1: BEND Index,3150,3156,2731,3039,2845,2914,2992,11333.333333,11427.476038,6807.478006,9784.659091,7738.400000,8389.161727,9222.846782,0.398036,0.602334,-0.005486,0.087421,0.011556,0.025170,0.213911
966650,41.6342,14,Index_C1_Bend,Index,bend,1,1.6342,Index cycle 1: BEND Index,3213,3201,2737,3049,2855,2934,2999,12385.714286,12173.825503,6852.577320,9910.707457,7828.225806,8592.248062,9303.467153,0.527853,0.706985,0.001102,0.101429,0.023297,0.049987,0.224522
966700,41.6882,14,Index_C1_Bend,Index,bend,1,1.6882,Index cycle 1: BEND Index,3228,3200,2777,3064,2859,2965,3012,12658.823529,12156.424581,7163.732929,10104.364694,7864.563107,8921.238938,9455.955679,0.561543,0.704545,0.046559,0.122952,0.028047,0.090190,0.244593
966750,41.8471,14,Index_C1_Bend,Index,bend,1,1.8471,Index cycle 1: BEND Index,3173,3281,2801,3042,2852,2991,3031,11700.867679,13704.422604,7359.659969,9822.222222,7801.126307,9211.413043,9685.526316,0.443373,0.921602,0.075183,0.091596,0.019755,0.125650,0.274809
966800,41.8472,14,Index_C1_Bend,Index,bend,1,1.8472,Index cycle 1: BEND Index,3155,3270,2811,3071,2864,3031,3045,11411.702128,13476.363636,7443.457944,10196.679688,7910.316816,9685.526316,9860.000000,0.407703,0.889624,0.087425,0.133211,0.034028,0.183587,0.297773
966850,41.8472,14,Index_C1_Bend,Index,bend,1,1.8472,Index cycle 1: BEND Index,3171,3236,2824,3087,2864,3019,3019,11668.181818,12808.381839,7554.366640,10412.500000,7910.316816,9539.591078,9539.591078,0.439341,0.795961,0.103627,0.157196,0.034028,0.165754,0.255601
966900,41.8794,14,Index_C1_Bend,Index,bend,1,1.8794,Index cycle 1: BEND Index,3195,3078,2820,3103,2861,3008,3041,12070.000000,10290.265487,7520.000000,10635.282258,7882.820097,9408.647654,9809.677419,0.488908,0.442877,0.098607,0.181955,0.030434,0.149752,0.291150
966950,41.9221,14,Index_C1_Bend,Index,bend,1,1.9221,Index cycle 1: BEND Index,3210,3054,2813,3102,2867,3002,3025,12332.203390,9974.639769,7460.374415,10621.148036,7937.947883,9338.334858,9612.149533,0.521253,0.398620,0.089896,0.180384,0.037640,0.141160,0.265151
967000,42.1090,15,Index_C2_Open,Index,open,2,0.1090,Index cycle 2: OPEN,3235,3030,2820,3066,2865,3008,3029,12789.534884,9673.239437,7520.000000,10130.612245,7919.512195,9408.647654,9660.975610,0.577667,0.356359,0.098607,0.125869,0.035230,0.149752,0.271577
967050,42.1093,15,Index_C2_Open,Index,open,2,0.1093,Index cycle 2: OPEN,3174,3070,2838,3069,2851,2994,3030,11717.263844,10183.414634,7676.372315,10170.175439,7792.122186,9245.776567,9673.239437,0.445396,0.427894,0.121451,0.130266,0.018578,0.129849,0.273192
967100,42.1094,15,Index_C2_Open,Index,open,2,0.1094,Index cycle 2: OPEN,3214,3049,2836,3065,2863,3039,3021,12403.632236,9910.707457,7658.776807,10117.475728,7901.136364,9784.659091,9563.687151,0.530064,0.389656,0.118881,0.124409,0.032828,0.195702,0.258772
967150,42.1310,15,Index_C2_Open,Index,open,2,0.1310,Index cycle 2: OPEN,3179,3114,2833,3081,2862,3032,3011,11799.781659,10792.660550,7632.488114,10330.769231,7891.970803,9697.836312,9444.095941,0.455575,0.513321,0.115040,0.148113,0.031630,0.185092,0.243032
967200,42.1747,15,Index_C2_Open,Index,open,2,0.1747,Index cycle 2: OPEN,3174,3130,2804,3094,2855,3029,3007,11717.263844,11027.979275,7384.663052,10509.090909,7828.225806,9660.975610,9396.875000,0.445396,0.546317,0.078835,0.167931,0.023297,0.180587,0.236817
967250,42.2184,15,Index_C2_Open,Index,open,2,0.2184,Index cycle 2: OPEN,3193,3175,2794,3114,2867,3038,3003,12035.698448,11733.695652,7301.767871,10792.660550,7937.947883,9772.185430,9350.000000,0.484677,0.645271,0.066725,0.199446,0.037640,0.194177,0.230647
967300,42.3689,15,Index_C2_Open,Index,open,2,0.3689,Index cycle 2: OPEN,3184,3263,2816,3113,2871,3040,3002,11883.205269,13334.375000,7485.848319,10778.207739,7975.000000,9797.156398,9338.334858,0.465866,0.869715,0.093618,0.197839,0.042484,0.197229,0.229112
967350,42.3689,15,Index_C2_Open,Index,open,2,0.3689,Index cycle 2: OPEN,3165,3168,2811,3083,2860,3035,3004,11570.967742,11619.417476,7443.457944,10357.905138,7873.684211,9734.905660,9361.686526,0.427349,0.629247,0.087425,0.151129,0.029240,0.189622,0.232185
967400,42.3911,15,Index_C2_Open,Index,open,2,0.3911,Index cycle 2: OPEN,3209,3160,2791,3101,2868,3032,2996,12314.446953,11490.909091,7277.147239,10607.042254,7947.188264,9697.836312,9268.789809,0.519062,0.611228,0.063128,0.178817,0.038848,0.185092,0.219958
967450,42.4350,15,Index_C2_Open,Index,open,2,0.4350,Index cycle 2: OPEN,3168,3091,2790,3094,2864,3022,2998,11619.417476,10467.529880,7268.965517,10509.090909,7910.316816,9575.768872,9291.886964,0.433326,0.467732,0.061933,0.167931,0.034028,0.170175,0.222998
967500,42.6176,15,Index_C2_Open,Index,open,2,0.6176,Index cycle 2: OPEN,3204,3305,2780,3087,2854,3022,2993,12226.262626,14224.050633,7187.832700,10412.500000,7819.178082,9575.768872,9234.301270,0.508184,0.994463,0.050080,0.157196,0.022115,0.170175,0.215419
967550,42.6177,15,Index_C2_Open,Index,open,2,0.6177,Index cycle 2: OPEN,3135,3262,2782,3100,2863,3038,2996,11103.125000,13314.285714,7203.960396,10592.964824,7901.136364,9772.185430,9268.789809,0.369638,0.866898,0.052436,0.177252,0.032828,0.194177,0.219958
967600,42.6177,15,Index_C2_Open,Index,open,2,0.6177,Index cycle 2: OPEN,3182,3278,2778,3086,2864,3030,2991,11849.726177,13641.615667,7171.753986,10398.810704,7910.316816,9673.239437,9211.413043,0.461736,0.912795,0.047731,0.155675,0.034028,0.182086,0.212406
967650,42.6287,15,Index_C2_Open,Index,open,2,0.6287,Index cycle 2: OPEN,3199,3264,2779,3076,2857,3054,2999,12139.062500,13354.512635,7179.787234,10263.395486,7846.365105,9974.639769,9303.467153,0.497427,0.872538,0.048905,0.140626,0.025669,0.218918,0.224522
967700,42.6726,15,Index_C2_Open,Index,open,2,0.6726,Index cycle 2: OPEN,3202,3218,2766,3097,2865,3052,2998,12191.265398,12475.712657,7076.297968,10550.901804,7919.512195,9948.993289,9291.886964,0.503867,0.749315,0.033786,0.172578,0.035230,0.215784,0.222998
967750,42.7270,15,Index_C2_Open,Index,open,2,0.7270,Index cycle 2: OPEN,3201,3274,2777,3087,2866,3048,2988,12173.825503,13558.587089,7163.732929,10412.500000,7928.722539,9897.994269,9177.235772,0.501716,0.901153,0.046559,0.157196,0.036434,0.209551,0.207908
967800,42.8681,15,Index_C2_Open,Index,open,2,0.8681,Index cycle 2: OPEN,3187,3288,2784,3078,2860,3026,2992,11933.700441,13852.788104,7220.137300,10290.265487,7873.684211,9624.321796,9222.846782,0.472095,0.942405,0.054799,0.143612,0.029240,0.176108,0.213911
967850,42.8681,15,Index_C2_Open,Index,open,2,0.8681,Index cycle 2: OPEN,3228,3284,2770,3088,2864,3037,2987,12658.823529,13767.694205,7107.924528,10426.216485,7910.316816,9759.735350,9165.884477,0.561543,0.930474,0.038406,0.158721,0.034028,0.192656,0.206414
967900,42.9007,15,Index_C2_Open,Index,open,2,0.9007,Index cycle 2: OPEN,3270,3314,2773,3086,2862,3030,2987,13476.363636,14427.144686,7131.770045,10398.810704,7891.970803,9673.239437,9165.884477,0.662392,1.022940,0.041890,0.155675,0.031630,0.182086,0.206414
967950,42.9451,15,Index_C2_Open,Index,open,2,0.9451,Index cycle 2: OPEN,3246,3317,2779,3063,2849,3026,2988,12999.293286,14495.886889,7179.787234,10091.279070,7774.157303,9624.321796,9177.235772,0.603542,1.032579,0.048905,0.121497,0.016230,0.176108,0.207908
968000,42.9663,15,Index_C2_Open,Index,open,2,0.9663,Index cycle 2: OPEN,3248,3309,2767,3068,2860,3024,2994,13038.016529,14313.740458,7084.186747,10156.962025,7873.684211,9600.000000,9245.776567,0.608319,1.007039,0.034938,0.128797,0.029240,0.173136,0.216929
968050,43.1269,15,Index_C2_Open,Index,open,2,1.1269,Index cycle 2: OPEN,3183,3343,2775,3063,2863,3020,2987,11866.447368,15114.627660,7147.727273,10091.279070,7901.136364,9551.627907,9165.884477,0.463799,1.119337,0.044221,0.121497,0.032828,0.167225,0.206414
968100,43.1270,15,Index_C2_Open,Index,open,2,1.1270,Index cycle 2: OPEN,3156,3375,2785,3058,2853,3005,2996,11427.476038,15937.500000,7228.244275,10026.229508,7810.144928,9373.394495,9268.789809,0.409649,1.234719,0.055984,0.114268,0.020934,0.145444,0.219958
968150,43.1270,15,Index_C2_Open,Index,open,2,1.1270,Index cycle 2: OPEN,3141,3373,2786,3057,2862,3007,2997,11194.339623,15883.933518,7236.363636,10013.294798,7891.970803,9396.875000,9280.327869,0.380890,1.227208,0.057170,0.112831,0.031630,0.148314,0.221477
968200,43.1811,15,Index_C2_Open,Index,open,2,1.1811,Index cycle 2: OPEN,3140,3462,2805,3053,2859,3036,2992,11179.057592,18595.260664,7393.023256,9961.804223,7864.563107,9747.308782,9222.846782,0.379005,1.607384,0.080057,0.107108,0.028047,0.191137,0.213911
968250,43.2249,15,Index_C2_Open,Index,open,2,1.2249,Index cycle 2: OPEN,3134,3429,2866,3066,2848,3032,3016,11088.033299,17505.405405,7928.722539,10130.612245,7765.196472,9697.836312,9503.614458,0.367777,1.454567,0.158318,0.125869,0.015058,0.185092,0.250866
968300,43.3846,15,Index_C2_Open,Index,open,2,1.3846,Index cycle 2: OPEN,3117,3340,2871,3104,2863,3034,3025,10836.196319,15041.059603,7975.000000,10649.445005,7901.136364,9722.525919,9612.149533,0.336711,1.109022,0.165078,0.183529,0.032828,0.188109,0.265151
968350,43.3846,15,Index_C2_Open,Index,open,2,1.3846,Index cycle 2: OPEN,3118,3373,2881,3090,2863,3055,3018,10850.767656,15883.933518,8068.698517,10453.731343,7901.136364,9987.500000,9527.576602,0.338508,1.227208,0.178767,0.161779,0.032828,0.220489,0.254020
968400,43.4064,15,Index_C2_Open,Index,open,2,1.4064,Index cycle 2: OPEN,3123,3357,2873,3075,2853,3018,3005,10924.074074,15465.853659,7993.617021,10250.000000,7810.144928,9527.576602,9373.394495,0.347551,1.168586,0.167798,0.139137,0.020934,0.164286,0.233726
968450,43.4166,15,Index_C2_Open,Index,open,2,1.4166,Index cycle 2: OPEN,3093,3335,2854,3069,2866,3029,3003,10495.209581,14919.736842,7819.178082,10170.175439,7928.722539,9660.975610,9350.000000,0.294648,1.092010,0.142314,0.130266,0.036434,0.180587,0.230647
968500,43.4817,15,Index_C2_Open,Index,open,2,1.4817,Index cycle 2: OPEN,3089,3274,2859,3053,2861,3034,2990,10439.960239,13558.587089,7864.563107,9961.804223,7882.820097,9722.525919,9200.000000,0.287833,0.901153,0.148944,0.107108,0.030434,0.188109,0.210904
968550,43.6403,15,Index_C2_Open,Index,open,2,1.6403,Index cycle 2: OPEN,3079,3244,2849,3034,2848,3027,2994,10303.740157,12960.752056,7774.157303,9722.525919,7765.196472,9636.516854,9245.776567,0.271029,0.817326,0.135737,0.080516,0.015058,0.177598,0.216929
968600,43.6403,15,Index_C2_Open,Index,open,2,1.6403,Index cycle 2: OPEN,3063,3260,2834,3045,2862,3042,2998,10091.279070,13274.251497,7641.237113,9860.000000,7891.970803,9822.222222,9291.886964,0.244821,0.861284,0.116319,0.095794,0.031630,0.200292,0.222998
968650,43.6404,15,Index_C2_Open,Index,open,2,1.6404,Index cycle 2: OPEN,3073,3228,2837,3037,2858,3036,2991,10223.287671,12658.823529,7667.567568,9759.735350,7855.456750,9747.308782,9211.413043,0.261105,0.774990,0.120165,0.084651,0.026857,0.191137,0.212406
968700,43.6727,15,Index_C2_Open,Index,open,2,1.6727,Index cycle 2: OPEN,3068,3214,2844,3022,2845,3013,2994,10156.962025,12403.632236,7729.496403,9575.768872,7738.400000,9467.837338,9245.776567,0.252923,0.739208,0.129212,0.064206,0.011556,0.156985,0.216929
968750,43.7375,15,Index_C2_Open,Index,open,2,1.7375,Index cycle 2: OPEN,3069,3209,2830,3035,2855,3010,2992,10170.175439,12314.446953,7606.324111,9734.905660,7828.225806,9432.258065,9222.846782,0.254553,0.726703,0.111218,0.081892,0.023297,0.152638,0.213911
968800,43.8982,15,Index_C2_Open,Index,open,2,1.8982,Index cycle 2: OPEN,3072,3195,2830,3036,2857,3007,2982,10209.970674,12070.000000,7606.324111,9747.308782,7846.365105,9396.875000,9109.433962,0.259462,0.692427,0.111218,0.083270,0.025669,0.148314,0.198984
968850,43.8982,15,Index_C2_Open,Index,open,2,1.8982,Index cycle 2: OPEN,3086,3179,2826,3026,2845,3001,2983,10398.810704,11799.781659,7571.631206,9624.321796,7738.400000,9326.691042,9120.683453,0.282757,0.654538,0.106150,0.069602,0.011556,0.139737,0.200464
968900,43.8982,15,Index_C2_Open,Index,open,2,1.8982,Index cycle 2: OPEN,3088,3179,2807,3018,2860,3004,2981,10426.216485,11799.781659,7409.782609,9527.576602,7873.684211,9361.686526,9098.204668,0.286137,0.654538,0.082505,0.058850,0.029240,0.144014,0.197506
968950,43.9528,15,Index_C2_Open,Index,open,2,1.9528,Index cycle 2: OPEN,3112,3175,2824,3013,2856,2994,2977,10763.784334,11733.695652,7554.366640,9467.837338,7837.288136,9245.776567,9053.488372,0.327778,0.645271,0.103627,0.052211,0.024482,0.129849,0.191620
969000,43.9963,15,Index_C2_Open,Index,open,2,1.9963,Index cycle 2: OPEN,3087,3190,2828,3003,2848,2990,2989,10412.500000,11984.530387,7588.950276,9350.000000,7765.196472,9200.000000,9188.607595,0.284445,0.680443,0.108680,0.039115,0.015058,0.124255,0.209404
969050,44.0268,16,Index_C2_Bend,Index,bend,2,0.0268,Index cycle 2: BEND Index,3112,3151,2805,3008,2861,3005,2989,10763.784334,11348.940678,7393.023256,9408.647654,7882.820097,9373.394495,9188.607595,0.327778,0.591322,0.080057,0.045633,0.030434,0.145444,0.209404
969100,44.1783,16,Index_C2_Bend,Index,bend,2,0.1783,Index cycle 2: BEND Index,3119,3150,2808,3007,2860,3000,2982,10865.368852,11333.333333,7418.181818,9396.875000,7873.684211,9315.068493,9109.433962,0.340310,0.589133,0.083732,0.044325,0.029240,0.138317,0.198984
969150,44.1784,16,Index_C2_Bend,Index,bend,2,0.1784,Index cycle 2: BEND Index,3154,3153,2804,3008,2847,2984,2989,11395.961743,11380.254777,7384.663052,9408.647654,7756.250000,9131.953195,9188.607595,0.405761,0.595713,0.078835,0.045633,0.013889,0.115940,0.209404
969200,44.1784,16,Index_C2_Bend,Index,bend,2,0.1784,Index cycle 2: BEND Index,3124,3135,2805,3015,2859,2991,2980,10938.825953,11103.125000,7393.023256,9491.666667,7864.563107,9211.413043,9086.995516,0.349371,0.556854,0.080057,0.054859,0.028047,0.125650,0.196030
969250,44.2325,16,Index_C2_Bend,Index,bend,2,0.2325,Index cycle 2: BEND Index,3106,3120,2809,3008,2859,2987,2979,10677.856421,10880.000000,7426.594090,9408.647654,7864.563107,9165.884477,9075.806452,0.317179,0.525568,0.084961,0.045633,0.028047,0.120086,0.194558
969300,44.2765,16,Index_C2_Bend,Index,bend,2,0.2765,Index cycle 2: BEND Index,3090,3116,2807,2996,2849,2984,2984,10453.731343,10821.654750,7409.782609,9268.789809,7774.157303,9131.953195,9131.953195,0.289532,0.517387,0.082505,0.030090,0.016230,0.115940,0.201948
969350,44.4319,16,Index_C2_Bend,Index,bend,2,0.4319,Index cycle 2: BEND Index,3091,3107,2796,3008,2859,3006,2985,10467.529880,10692.105263,7318.244804,9408.647654,7864.563107,9385.123967,9143.243243,0.291234,0.499222,0.069132,0.045633,0.028047,0.146878,0.203434
969400,44.4319,16,Index_C2_Bend,Index,bend,2,0.4319,Index cycle 2: BEND Index,3092,3113,2817,3007,2859,3004,2992,10481.355932,10778.207739,7494.366197,9396.875000,7864.563107,9361.686526,9222.846782,0.292939,0.511295,0.094862,0.044325,0.028047,0.144014,0.213911
969450,44.4319,16,Index_C2_Bend,Index,bend,2,0.4319,Index cycle 2: BEND Index,3095,3121,2821,3004,2848,2990,2990,10523.000000,10894.661191,7528.571429,9361.686526,7765.196472,9200.000000,9200.000000,0.298076,0.527624,0.099859,0.040414,0.015058,0.124255,0.210904
969500,44.4962,16,Index_C2_Bend,Index,bend,2,0.4962,Index cycle 2: BEND Index,3091,3116,2808,3004,2861,2999,2978,10467.529880,10821.654750,7418.181818,9361.686526,7882.820097,9303.467153,9064.637422,0.291234,0.517387,0.083732,0.040414,0.030434,0.136899,0.193087
969550,44.6735,16,Index_C2_Bend,Index,bend,2,0.6735,Index cycle 2: BEND Index,3098,3134,2821,3010,2860,2994,2982,10564.894684,11088.033299,7528.571429,9432.258065,7873.684211,9245.776567,9109.433962,0.303244,0.554738,0.099859,0.048257,0.029240,0.129849,0.198984
969600,44.6736,16,Index_C2_Bend,Index,bend,2,0.6736,Index cycle 2: BEND Index,3105,3102,2827,3000,2848,2985,2979,10663.636364,10621.148036,7580.283912,9315.068493,7765.196472,9143.243243,9075.806452,0.315425,0.489272,0.107414,0.035233,0.015058,0.117320,0.194558
969650,44.6736,16,Index_C2_Bend,Index,bend,2,0.6736,Index cycle 2: BEND Index,3116,3116,2817,3005,2862,2992,2985,10821.654750,10821.654750,7494.366197,9373.394495,7891.970803,9222.846782,9143.243243,0.334917,0.517387,0.094862,0.041715,0.031630,0.127047,0.203434
969700,44.6950,16,Index_C2_Bend,Index,bend,2,0.6950,Index cycle 2: BEND Index,3127,3145,2816,3008,2860,2986,2985,10983.264463,11255.789474,7485.848319,9408.647654,7873.684211,9154.553652,9143.243243,0.354853,0.578260,0.093618,0.045633,0.029240,0.118702,0.203434
969750,44.7270,16,Index_C2_Bend,Index,bend,2,0.7270,Index cycle 2: BEND Index,3100,3099,2812,2999,2850,2971,2994,10592.964824,10578.915663,7451.909587,9303.467153,7783.132530,8987.010676,9245.776567,0.306707,0.483351,0.088659,0.033944,0.017403,0.098228,0.216929
969800,44.7817,16,Index_C2_Bend,Index,bend,2,0.7817,Index cycle 2: BEND Index,3072,3096,2805,3008,2858,2983,2980,10209.970674,10536.936937,7393.023256,9408.647654,7855.456750,9120.683453,9086.995516,0.259462,0.477464,0.080057,0.045633,0.026857,0.114563,0.196030
969850,44.9304,16,Index_C2_Bend,Index,bend,2,0.9304,Index cycle 2: BEND Index,3090,3109,2808,3024,2859,2985,2963,10453.731343,10720.689655,7418.181818,9600.000000,7864.563107,9143.243243,8899.469965,0.289532,0.503230,0.083732,0.066899,0.028047,0.117320,0.171348
969900,44.9305,16,Index_C2_Bend,Index,bend,2,0.9305,Index cycle 2: BEND Index,3087,3104,2808,3021,2847,2982,2965,10412.500000,10649.445005,7418.181818,9563.687151,7756.250000,9109.433962,8921.238938,0.284445,0.493240,0.083732,0.062863,0.013889,0.113188,0.174213
969950,44.9305,16,Index_C2_Bend,Index,bend,2,0.9305,Index cycle 2: BEND Index,3076,3113,2803,3035,2860,2992,2975,10263.395486,10778.207739,7376.315789,9734.905660,7873.684211,9222.846782,9031.250000,0.266052,0.511295,0.077616,0.081892,0.029240,0.127047,0.188693
970000,44.9838,16,Index_C2_Bend,Index,bend,2,0.9838,Index cycle 2: BEND Index,3092,3110,2825,3042,2857,2991,2965,10481.355932,10735.025381,7562.992126,9822.222222,7846.365105,9211.413043,8921.238938,0.292939,0.505240,0.104888,0.091596,0.025669,0.125650,0.174213
970050,45.0271,16,Index_C2_Bend,Index,bend,2,1.0271,Index cycle 2: BEND Index,3103,3095,2831,3033,2844,2992,2975,10635.282258,10523.000000,7615.031646,9710.169492,7729.496403,9222.846782,9031.250000,0.311927,0.475510,0.112490,0.079143,0.010392,0.127047,0.188693
970100,45.1831,16,Index_C2_Bend,Index,bend,2,1.1831,Index cycle 2: BEND Index,3096,3058,2825,3018,2858,2990,2984,10536.936937,10026.229508,7562.992126,9527.576602,7855.456750,9200.000000,9131.953195,0.299795,0.405854,0.104888,0.058850,0.026857,0.124255,0.201948
970150,45.1832,16,Index_C2_Bend,Index,bend,2,1.1832,Index cycle 2: BEND Index,3125,3204,2822,3026,2855,2976,2969,10953.608247,12226.262626,7537.156324,9624.321796,7828.225806,9042.359249,8965.008881,0.351194,0.714338,0.101113,0.069602,0.023297,0.104991,0.179974
970200,45.1943,16,Index_C2_Bend,Index,bend,2,1.1943,Index cycle 2: BEND Index,3174,3138,2821,3033,2845,2978,2973,11717.263844,11148.589342,7528.571429,9710.169492,7738.400000,9064.637422,9009.090909,0.445396,0.563229,0.099859,0.079143,0.011556,0.107714,0.185776
970250,45.2155,16,Index_C2_Bend,Index,bend,2,1.2155,Index cycle 2: BEND Index,3073,3118,2825,3026,2856,2974,2971,10223.287671,10850.767656,7562.992126,9624.321796,7837.288136,9020.160571,8987.010676,0.261105,0.521469,0.104888,0.069602,0.024482,0.102279,0.182870
970300,45.2911,16,Index_C2_Bend,Index,bend,2,1.2911,Index cycle 2: BEND Index,3069,3142,2817,3025,2860,2996,2973,10170.175439,11209.653725,7494.366197,9612.149533,7873.684211,9268.789809,9009.090909,0.254553,0.571791,0.094862,0.068249,0.029240,0.132662,0.185776
970350,45.4390,16,Index_C2_Bend,Index,bend,2,1.4390,Index cycle 2: BEND Index,3070,3253,2826,2992,2846,2961,2992,10183.414634,13135.629454,7571.631206,9222.846782,7747.317854,8877.777778,9222.846782,0.256186,0.841847,0.106150,0.024984,0.012721,0.084879,0.213911
970400,45.4390,16,Index_C2_Bend,Index,bend,2,1.4390,Index cycle 2: BEND Index,3053,3193,2840,3006,2854,2958,2990,9961.804223,12035.698448,7694.023904,9385.123967,7819.178082,8845.382586,9200.000000,0.228849,0.687617,0.124030,0.043019,0.022115,0.080920,0.210904
970450,45.4391,16,Index_C2_Bend,Index,bend,2,1.4391,Index cycle 2: BEND Index,3056,3188,2850,3005,2858,2993,2988,10000.384986,11950.606395,7783.132530,9373.394495,7855.456750,9234.301270,9177.235772,0.233609,0.675686,0.137048,0.041715,0.026857,0.128447,0.207908
970500,45.4824,16,Index_C2_Bend,Index,bend,2,1.4824,Index cycle 2: BEND Index,3062,3133,2827,3031,2847,2979,2995,10078.218780,11072.972973,7580.283912,9685.526316,7756.250000,9075.806452,9257.272727,0.243210,0.552626,0.107414,0.076404,0.013889,0.109079,0.218442
970550,45.5262,16,Index_C2_Bend,Index,bend,2,1.5262,Index cycle 2: BEND Index,3031,3183,2809,3021,2854,3017,2994,9685.526316,11866.447368,7426.594090,9563.687151,7819.178082,9515.584416,9245.776567,0.194769,0.663885,0.084961,0.062863,0.022115,0.162820,0.216929
970600,45.6961,16,Index_C2_Bend,Index,bend,2,1.6961,Index cycle 2: BEND Index,3049,3132,2779,3032,2849,2989,2990,9910.707457,11057.943925,7179.787234,9697.836312,7774.157303,9188.607595,9200.000000,0.222546,0.550519,0.048905,0.077772,0.016230,0.122863,0.210904
970650,45.6961,16,Index_C2_Bend,Index,bend,2,1.6961,Index cycle 2: BEND Index,3052,3103,2831,3013,2847,3034,2986,9948.993289,10635.282258,7615.031646,9467.837338,7756.250000,9722.525919,9154.553652,0.227269,0.491254,0.112490,0.052211,0.013889,0.188109,0.204922
970700,45.6961,16,Index_C2_Bend,Index,bend,2,1.6961,Index cycle 2: BEND Index,3044,3120,2819,3042,2857,3024,2975,9847.383444,10880.000000,7511.442006,9822.222222,7846.365105,9600.000000,9031.250000,0.214735,0.525568,0.097357,0.091596,0.025669,0.173136,0.188693
970750,45.7504,16,Index_C2_Bend,Index,bend,2,1.7504,Index cycle 2: BEND Index,3065,3076,2823,3023,2856,3043,2987,10117.475728,10263.395486,7545.754717,9587.873134,7837.288136,9834.790875,9165.884477,0.248052,0.439109,0.102369,0.065551,0.024482,0.201828,0.206414
970800,45.7827,16,Index_C2_Bend,Index,bend,2,1.7827,Index cycle 2: BEND Index,3055,3050,2839,2995,2846,3035,2989,9987.500000,9923.444976,7685.191083,9257.272727,7747.317854,9734.905660,9188.607595,0.232019,0.391442,0.122740,0.028810,0.012721,0.189622,0.209404
970850,45.9517,16,Index_C2_Bend,Index,bend,2,1.9517,Index cycle 2: BEND Index,3029,3008,2840,3010,2858,3017,2990,9660.975610,9408.647654,7694.023904,9432.258065,7855.456750,9515.584416,9200.000000,0.191740,0.319258,0.124030,0.048257,0.026857,0.162820,0.210904
970900,45.9518,16,Index_C2_Bend,Index,bend,2,1.9518,Index cycle 2: BEND Index,3039,3027,2832,3011,2854,3024,2986,9784.659091,9636.516854,7623.752969,9444.095941,7819.178082,9600.000000,9154.553652,0.206997,0.351210,0.113764,0.049572,0.022115,0.173136,0.204922
970950,45.9518,16,Index_C2_Bend,Index,bend,2,1.9518,Index cycle 2: BEND Index,3046,2991,2857,2988,2839,3049,2990,9872.640610,9211.413043,7846.365105,9177.235772,7685.191083,9910.707457,9200.000000,0.217850,0.291603,0.146286,0.019915,0.004600,0.211105,0.210904
971000,45.9731,16,Index_C2_Bend,Index,bend,2,1.9731,Index cycle 2: BEND Index,3048,3007,2851,3015,2854,3031,2986,9897.994269,9396.875000,7792.122186,9491.666667,7819.178082,9685.526316,9154.553652,0.220978,0.317608,0.138362,0.054859,0.022115,0.183587,0.204922
971050,46.0351,17,Index_C3_Open,Index,open,3,0.0351,Index cycle 3: OPEN,3045,3014,2839,3011,2853,3001,2983,9860.000000,9479.740981,7685.191083,9444.095941,7810.144928,9326.691042,9120.683453,0.216291,0.329227,0.122740,0.049572,0.020934,0.139737,0.200464
971100,46.2055,17,Index_C3_Open,Index,open,3,0.2055,Index cycle 3: OPEN,3054,2998,2826,3003,2841,3008,2990,9974.639769,9291.886964,7571.631206,9350.000000,7702.870813,9408.647654,9200.000000,0.230433,0.302887,0.106150,0.039115,0.006911,0.149752,0.210904
971150,46.2055,17,Index_C3_Open,Index,open,3,0.2055,Index cycle 3: OPEN,3036,3000,2816,3023,2856,3013,2984,9747.308782,9315.068493,7485.848319,9587.873134,7837.288136,9467.837338,9131.953195,0.202390,0.306137,0.093618,0.065551,0.024482,0.156985,0.201948
971200,46.2056,17,Index_C3_Open,Index,open,3,0.2056,Index cycle 3: OPEN,3035,3004,2826,3026,2857,2995,2987,9734.905660,9361.686526,7571.631206,9624.321796,7846.365105,9257.272727,9165.884477,0.200860,0.312674,0.106150,0.069602,0.025669,0.131254,0.206414
971250,46.2275,17,Index_C3_Open,Index,open,3,0.2275,Index cycle 3: OPEN,3035,3000,2832,3018,2849,2993,2994,9734.905660,9315.068493,7623.752969,9527.576602,7774.157303,9234.301270,9245.776567,0.200860,0.306137,0.113764,0.058850,0.016230,0.128447,0.216929
971300,46.2714,17,Index_C3_Open,Index,open,3,0.2714,Index cycle 3: OPEN,3021,2979,2805,3018,2857,3018,2989,9563.687151,9075.806452,7393.023256,9527.576602,7846.365105,9527.576602,9188.607595,0.179739,0.272588,0.080057,0.058850,0.025669,0.164286,0.209404
971350,46.3258,17,Index_C3_Open,Index,open,3,0.3258,Index cycle 3: OPEN,3029,2990,2828,3010,2856,3022,2984,9660.975610,9200.000000,7588.950276,9432.258065,7837.288136,9575.768872,9131.953195,0.191740,0.290002,0.108680,0.048257,0.024482,0.170175,0.201948
971400,46.4561,17,Index_C3_Open,Index,open,3,0.4561,Index cycle 3: OPEN,3025,2988,2812,2990,2843,3005,2985,9612.149533,9177.235772,7451.909587,9200.000000,7720.607029,9373.394495,9143.243243,0.185717,0.286810,0.088659,0.022445,0.009230,0.145444,0.203434
971450,46.4562,17,Index_C3_Open,Index,open,3,0.4562,Index cycle 3: OPEN,3027,2947,2805,2992,2855,3012,2989,9636.516854,8728.048780,7393.023256,9222.846782,7828.225806,9455.955679,9188.607595,0.188723,0.223826,0.080057,0.024984,0.023297,0.155534,0.209404
971500,46.4774,17,Index_C3_Open,Index,open,3,0.4774,Index cycle 3: OPEN,3033,2959,2808,2990,2853,3012,2980,9710.169492,8856.161972,7418.181818,9200.000000,7810.144928,9455.955679,9086.995516,0.197809,0.241790,0.083732,0.022445,0.020934,0.155534,0.196030
971550,46.5208,17,Index_C3_Open,Index,open,3,0.5208,Index cycle 3: OPEN,3027,2955,2800,2982,2844,2990,2989,9636.516854,8813.157895,7351.351351,9109.433962,7729.496403,9200.000000,9188.607595,0.188723,0.235760,0.073969,0.012380,0.010392,0.124255,0.209404
971600,46.5760,17,Index_C3_Open,Index,open,3,0.5760,Index cycle 3: OPEN,3014,2939,2778,2982,2853,2980,2973,9479.740981,8644.117647,7171.753986,9109.433962,7810.144928,9086.995516,9009.090909,0.169384,0.212058,0.047731,0.012380,0.020934,0.110446,0.185776
971650,46.7050,17,Index_C3_Open,Index,open,3,0.7050,Index cycle 3: OPEN,3024,2941,2790,2980,2853,2987,2975,9600.000000,8664.991334,7268.965517,9086.995516,7810.144928,9165.884477,9031.250000,0.184219,0.214985,0.061933,0.009886,0.020934,0.120086,0.188693
971700,46.7050,17,Index_C3_Open,Index,open,3,0.7050,Index cycle 3: OPEN,3024,2931,2786,2966,2846,2977,2980,9600.000000,8561.340206,7236.363636,8932.152347,7747.317854,9053.488372,9086.995516,0.184219,0.200451,0.057170,-0.007323,0.012721,0.106351,0.196030
971750,46.7378,17,Index_C3_Open,Index,open,3,0.7378,Index cycle 3: OPEN,3019,2941,2779,2977,2858,2990,2970,9539.591078,8664.991334,7179.787234,9053.488372,7855.456750,9200.000000,8976.000000,0.176767,0.214985,0.048905,0.006162,0.026857,0.124255,0.181421
971800,46.7816,17,Index_C3_Open,Index,open,3,0.7816,Index cycle 3: OPEN,3029,2980,2784,2971,2856,2994,2966,9660.975610,9086.995516,7220.137300,8987.010676,7837.288136,9245.776567,8932.152347,0.191740,0.274157,0.054799,-0.001226,0.024482,0.129849,0.175650
971850,46.8254,17,Index_C3_Open,Index,open,3,0.8254,Index cycle 3: OPEN,3026,2997,2810,2971,2844,2982,2968,9624.321796,9280.327869,7435.019455,8987.010676,7729.496403,9109.433962,8954.037267,0.187219,0.301266,0.086192,-0.001226,0.010392,0.113188,0.178530
971900,46.9736,17,Index_C3_Open,Index,open,3,0.9736,Index cycle 3: OPEN,3011,3196,2831,2981,2850,3009,2967,9444.095941,12087.208009,7615.031646,9098.204668,7783.132530,9420.441989,8943.085106,0.164987,0.694840,0.112490,0.011132,0.017403,0.151194,0.177089
971950,46.9737,17,Index_C3_Open,Index,open,3,0.9737,Index cycle 3: OPEN,3023,3201,2851,2981,2851,3040,2973,9587.873134,12173.825503,7792.122186,9098.204668,7792.122186,9797.156398,9009.090909,0.182723,0.706985,0.138362,0.011132,0.018578,0.197229,0.185776
972000,46.9959,17,Index_C3_Open,Index,open,3,0.9959,Index cycle 3: OPEN,3027,3193,2845,2981,2842,3001,2981,9636.516854,12035.698448,7738.400000,9098.204668,7711.731844,9326.691042,9098.204668,0.188723,0.687617,0.130513,0.011132,0.008070,0.139737,0.197506
972050,47.0173,17,Index_C3_Open,Index,open,3,1.0173,Index cycle 3: OPEN,3019,3250,2846,2980,2858,3049,2967,9539.591078,13076.923077,7747.317854,9086.995516,7855.456750,9910.707457,8943.085106,0.176767,0.833615,0.131816,0.009886,0.026857,0.211105,0.177089
972100,47.0824,17,Index_C3_Open,Index,open,3,1.0824,Index cycle 3: OPEN,3033,3269,2870,2973,2854,3046,2953,9710.169492,13455.932203,7965.714286,9009.090909,7819.178082,9872.640610,8791.768827,0.197809,0.886759,0.163722,0.001228,0.022115,0.206453,0.157172
972150,47.2308,17,Index_C3_Open,Index,open,3,1.2308,Index cycle 3: OPEN,3026,3283,2900,2962,2847,3050,2955,9624.321796,13746.551724,8251.046025,8888.614298,7756.250000,9923.444976,8813.157895,0.187219,0.927509,0.205406,-0.012161,0.013889,0.212661,0.159988
972200,47.2308,17,Index_C3_Open,Index,open,3,1.2308,Index cycle 3: OPEN,3022,3212,2893,2976,2856,3066,2958,9575.768872,12367.836920,8183.194676,9042.359249,7837.288136,10130.612245,8845.382586,0.181230,0.734189,0.195494,0.004925,0.024482,0.237978,0.164229
972250,47.2308,17,Index_C3_Open,Index,open,3,1.2308,Index cycle 3: OPEN,3032,3213,2872,2968,2852,3056,2944,9697.836312,12385.714286,7984.300899,8954.037267,7801.126307,10000.384986,8696.437880,0.196287,0.736696,0.166437,-0.004890,0.019755,0.222064,0.144625
972300,47.2854,17,Index_C3_Open,Index,open,3,1.2854,Index cycle 3: OPEN,3031,3142,2864,2956,2845,3050,2946,9685.526316,11209.653725,7910.316816,8823.880597,7738.400000,9923.444976,8717.493473,0.194769,0.571791,0.155629,-0.019355,0.011556,0.212661,0.147396
972350,47.3401,17,Index_C3_Open,Index,open,3,1.3401,Index cycle 3: OPEN,3019,3148,2868,2966,2853,3048,2951,9539.591078,11302.217529,7947.188264,8932.152347,7810.144928,9897.994269,8770.454545,0.176767,0.584770,0.161015,-0.007323,0.020934,0.209551,0.154367
972400,47.4828,17,Index_C3_Open,Index,open,3,1.4828,Index cycle 3: OPEN,3029,3134,2882,2971,2850,3039,2954,9660.975610,11088.033299,8078.153339,8987.010676,7783.132530,9784.659091,8802.453988,0.191740,0.554738,0.180148,-0.001226,0.017403,0.195702,0.158579
972450,47.4829,17,Index_C3_Open,Index,open,3,1.4829,Index cycle 3: OPEN,3023,3099,2863,2950,2841,3022,2962,9587.873134,10578.915663,7901.136364,8759.825328,7702.870813,9575.768872,8888.614298,0.182723,0.483351,0.154288,-0.026474,0.006911,0.170175,0.169919
972500,47.4829,17,Index_C3_Open,Index,open,3,1.4829,Index cycle 3: OPEN,3007,3083,2849,2960,2849,3026,2960,9396.875000,10357.905138,7774.157303,8866.960352,7774.157303,9624.321796,8866.960352,0.159162,0.452361,0.135737,-0.014568,0.016230,0.176108,0.167069
972550,47.5259,17,Index_C3_Open,Index,open,3,1.5259,Index cycle 3: OPEN,3023,3120,2860,2956,2848,3021,2954,9587.873134,10880.000000,7873.684211,8823.880597,7765.196472,9563.687151,8802.453988,0.182723,0.525568,0.150277,-0.019355,0.015058,0.168698,0.158579
972600,47.5806,17,Index_C3_Open,Index,open,3,1.5806,Index cycle 3: OPEN,3018,3100,2850,2953,2837,3003,2962,9527.576602,10592.964824,7783.132530,8791.768827,7667.567568,9350.000000,8888.614298,0.175285,0.485321,0.137048,-0.022924,0.002296,0.142586,0.169919
972650,47.7419,17,Index_C3_Open,Index,open,3,1.7419,Index cycle 3: OPEN,3009,3104,2843,2965,2848,3010,2961,9420.441989,10649.445005,7720.607029,8921.238938,7765.196472,9432.258065,8877.777778,0.162069,0.493240,0.127914,-0.008535,0.015058,0.152638,0.168493
972700,47.7420,17,Index_C3_Open,Index,open,3,1.7420,Index cycle 3: OPEN,3020,3063,2855,2958,2846,3024,2953,9551.627907,10091.279070,7828.225806,8845.382586,7747.317854,9600.000000,8791.768827,0.178252,0.414975,0.143636,-0.016966,0.012721,0.173136,0.157172
972750,47.7420,17,Index_C3_Open,Index,open,3,1.7420,Index cycle 3: OPEN,3017,3057,2857,2946,2835,3016,2953,9515.584416,10013.294798,7846.365105,8717.493473,7650.000000,9503.614458,8791.768827,0.173805,0.404041,0.146286,-0.031179,0.000000,0.161357,0.157172
972800,47.7743,17,Index_C3_Open,Index,open,3,1.7743,Index cycle 3: OPEN,3012,3061,2857,2961,2846,3013,2953,9455.955679,10065.183752,7846.365105,8877.777778,7747.317854,9467.837338,8791.768827,0.166450,0.411316,0.146286,-0.013365,0.012721,0.156985,0.157172
972850,47.8288,17,Index_C3_Open,Index,open,3,1.8288,Index cycle 3: OPEN,3021,3074,2861,2960,2846,3007,2947,9563.687151,10236.630754,7882.820097,8866.960352,7747.317854,9396.875000,8728.048780,0.179739,0.435356,0.151612,-0.014568,0.012721,0.148314,0.148786
972900,47.9965,17,Index_C3_Open,Index,open,3,1.9965,Index cycle 3: OPEN,3009,3076,2852,2946,2837,2998,2953,9420.441989,10263.395486,7801.126307,8717.493473,7667.567568,9291.886964,8791.768827,0.162069,0.439109,0.139677,-0.031179,0.002296,0.135484,0.157172
972950,47.9966,17,Index_C3_Open,Index,open,3,1.9966,Index cycle 3: OPEN,2997,3090,2839,2956,2847,3008,2948,9280.327869,10453.731343,7685.191083,8823.880597,7756.250000,9408.647654,8738.622493,0.144785,0.465798,0.122740,-0.019355,0.013889,0.149752,0.150177
973000,47.9966,17,Index_C3_Open,Index,open,3,1.9966,Index cycle 3: OPEN,3012,3105,2845,2946,2846,3006,2941,9455.955679,10663.636364,7738.400000,8717.493473,7747.317854,9385.123967,8664.991334,0.166450,0.495230,0.130513,-0.031179,0.012721,0.146878,0.140486
973050,48.0457,18,Index_C3_Bend,Index,bend,3,0.0457,Index cycle 3: BEND Index,3007,3111,2831,2934,2837,2996,2942,9396.875000,10749.390244,7615.031646,8592.248062,7667.567568,9268.789809,8675.455334,0.159162,0.507254,0.112490,-0.045098,0.002296,0.132662,0.141863
973100,48.0775,18,Index_C3_Bend,Index,bend,3,0.0775,Index cycle 3: BEND Index,2998,3072,2822,2945,2849,3008,2942,9291.886964,10209.970674,7537.156324,8706.956522,7774.157303,9408.647654,8675.455334,0.146211,0.431618,0.101113,-0.032350,0.016230,0.149752,0.141863
973150,48.2663,18,Index_C3_Bend,Index,bend,3,0.2663,Index cycle 3: BEND Index,3026,3056,2832,2942,2848,3026,2938,9624.321796,10000.384986,7623.752969,8675.455334,7765.196472,9624.321796,8633.707865,0.187219,0.402230,0.113764,-0.035851,0.015058,0.176108,0.136369
973200,48.2664,18,Index_C3_Bend,Index,bend,3,0.2664,Index cycle 3: BEND Index,3013,3071,2821,2942,2838,3014,2955,9467.837338,10196.679688,7528.571429,8675.455334,7676.372315,9479.740981,8813.157895,0.167916,0.429754,0.099859,-0.035851,0.003447,0.158440,0.159988
973250,48.2664,18,Index_C3_Bend,Index,bend,3,0.2664,Index cycle 3: BEND Index,2999,3043,2812,2944,2850,3016,2960,9303.467153,9834.790875,7451.909587,8696.437880,7783.132530,9503.614458,8866.960352,0.147639,0.379011,0.088659,-0.033519,0.017403,0.161357,0.167069
973300,48.2987,18,Index_C3_Bend,Index,bend,3,0.2987,Index cycle 3: BEND Index,3009,3037,2818,2940,2849,3012,2956,9420.441989,9759.735350,7502.897416,8654.545455,7774.157303,9455.955679,8823.880597,0.162069,0.368487,0.096108,-0.038174,0.016230,0.155534,0.161399
973350,48.3205,18,Index_C3_Bend,Index,bend,3,0.3205,Index cycle 3: BEND Index,3001,3043,2823,2928,2842,3005,2950,9326.691042,9834.790875,7545.754717,8530.591260,7711.731844,9373.394495,8759.825328,0.150504,0.379011,0.102369,-0.051950,0.008070,0.145444,0.152968
973400,48.3753,18,Index_C3_Bend,Index,bend,3,0.3753,Index cycle 3: BEND Index,2992,3023,2806,2942,2852,3007,2950,9222.846782,9587.873134,7401.396431,8675.455334,7801.126307,9396.875000,8759.825328,0.137694,0.344389,0.081280,-0.035851,0.019755,0.148314,0.152968
973450,48.5058,18,Index_C3_Bend,Index,bend,3,0.5058,Index cycle 3: BEND Index,3016,3040,2811,2942,2850,3006,2946,9503.614458,9797.156398,7443.457944,8675.455334,7783.132530,9385.123967,8717.493473,0.172329,0.373734,0.087425,-0.035851,0.017403,0.146878,0.147396
973500,48.5059,18,Index_C3_Bend,Index,bend,3,0.5059,Index cycle 3: BEND Index,3007,3042,2805,2926,2838,2992,2950,9396.875000,9822.222222,7393.023256,8510.179641,7676.372315,9222.846782,8759.825328,0.159162,0.377249,0.080057,-0.054219,0.003447,0.127047,0.152968
973550,48.5161,18,Index_C3_Bend,Index,bend,3,0.5161,Index cycle 3: BEND Index,2991,3023,2801,2937,2848,2997,2947,9211.413043,9587.873134,7359.659969,8623.316062,7765.196472,9280.327869,8728.048780,0.136284,0.344389,0.075183,-0.041645,0.015058,0.134072,0.148786
973600,48.5916,18,Index_C3_Bend,Index,bend,3,0.5916,Index cycle 3: BEND Index,2997,3031,2805,2936,2849,2995,2941,9280.327869,9685.526316,7393.023256,8612.942192,7774.157303,9257.272727,8664.991334,0.144785,0.358082,0.080057,-0.042798,0.016230,0.131254,0.140486
973650,48.6240,18,Index_C3_Bend,Index,bend,3,0.6240,Index cycle 3: BEND Index,2995,3037,2799,2927,2837,2986,2941,9257.272727,9759.735350,7343.055556,8520.376712,7667.567568,9154.553652,8664.991334,0.141941,0.368487,0.072757,-0.053085,0.002296,0.118702,0.140486
973700,48.7626,18,Index_C3_Bend,Index,bend,3,0.7626,Index cycle 3: BEND Index,2984,3041,2782,2943,2848,2997,2946,9131.953195,9809.677419,7203.960396,8685.937500,7765.196472,9280.327869,8717.493473,0.126482,0.375490,0.052436,-0.034686,0.015058,0.134072,0.147396
973750,48.7627,18,Index_C3_Bend,Index,bend,3,0.7627,Index cycle 3: BEND Index,2988,3029,2788,2941,2847,2994,2944,9177.235772,9660.975610,7252.639633,8664.991334,7756.250000,9245.776567,8696.437880,0.132068,0.354639,0.059548,-0.037014,0.013889,0.129849,0.144625
973800,48.7840,18,Index_C3_Bend,Index,bend,3,0.7840,Index cycle 3: BEND Index,2990,3034,2794,2928,2839,2986,2936,9200.000000,9722.525919,7301.767871,8530.591260,7685.191083,9154.553652,8612.942192,0.134876,0.363270,0.066725,-0.051950,0.004600,0.118702,0.133635
973850,48.8273,18,Index_C3_Bend,Index,bend,3,0.8273,Index cycle 3: BEND Index,2978,3009,2785,2940,2850,3007,2940,9064.637422,9420.441989,7228.244275,8654.545455,7783.132530,9396.875000,8654.545455,0.118178,0.320912,0.055984,-0.038174,0.017403,0.148314,0.139111
973900,48.8817,18,Index_C3_Bend,Index,bend,3,0.8817,Index cycle 3: BEND Index,2989,3015,2798,2940,2849,3008,2927,9188.607595,9491.666667,7334.772552,8654.545455,7774.157303,9408.647654,8520.376712,0.133471,0.330899,0.071547,-0.038174,0.016230,0.149752,0.121452
973950,49.0375,18,Index_C3_Bend,Index,bend,3,1.0375,Index cycle 3: BEND Index,2989,3036,2803,2931,2839,2984,2937,9188.607595,9747.308782,7376.315789,8561.340206,7685.191083,9131.953195,8623.316062,0.133471,0.366745,0.077616,-0.048533,0.004600,0.115940,0.135001
974000,49.0376,18,Index_C3_Bend,Index,bend,3,1.0376,Index cycle 3: BEND Index,2986,3055,2801,2940,2848,2994,2948,9154.553652,9987.500000,7359.659969,8654.545455,7765.196472,9245.776567,8738.622493,0.129270,0.400424,0.075183,-0.038174,0.015058,0.129849,0.150177
974050,49.0376,18,Index_C3_Bend,Index,bend,3,1.0376,Index cycle 3: BEND Index,2991,3155,2810,2944,2844,2974,2933,9211.413043,11411.702128,7435.019455,8696.437880,7729.496403,9020.160571,8581.927711,0.136284,0.600122,0.086192,-0.033519,0.010392,0.102279,0.129553
974100,49.0810,18,Index_C3_Bend,Index,bend,3,1.0810,Index cycle 3: BEND Index,2986,3129,2816,2934,2836,2982,2937,9154.553652,11013.043478,7485.848319,8592.248062,7658.776807,9109.433962,8623.316062,0.129270,0.544223,0.093618,-0.045098,0.001147,0.113188,0.135001
974150,49.1252,18,Index_C3_Bend,Index,bend,3,1.1252,Index cycle 3: BEND Index,2976,3082,2823,2949,2846,2998,2937,9042.359249,10344.323791,7545.754717,8749.214660,7747.317854,9291.886964,8623.316062,0.115430,0.450457,0.102369,-0.027653,0.012721,0.135484,0.135001
974200,49.2773,18,Index_C3_Bend,Index,bend,3,1.2773,Index cycle 3: BEND Index,2986,3187,2838,2954,2846,2993,2957,9154.553652,11933.700441,7676.372315,8802.453988,7747.317854,9234.301270,8834.622144,0.129270,0.673315,0.121451,-0.021737,0.012721,0.128447,0.162813
974250,49.2774,18,Index_C3_Bend,Index,bend,3,1.2774,Index cycle 3: BEND Index,2988,3201,2815,2959,2838,2998,2970,9177.235772,12173.825503,7477.343750,8856.161972,7676.372315,9291.886964,8976.000000,0.132068,0.706985,0.092375,-0.015768,0.003447,0.135484,0.181421
974300,49.2991,18,Index_C3_Bend,Index,bend,3,1.2991,Index cycle 3: BEND Index,2990,3237,2828,2977,2851,2996,2955,9200.000000,12827.272727,7588.950276,9053.488372,7792.122186,9268.789809,8813.157895,0.134876,0.798610,0.108680,0.006162,0.018578,0.132662,0.159988
974350,49.3317,18,Index_C3_Bend,Index,bend,3,1.3317,Index cycle 3: BEND Index,2980,3233,2807,2986,2848,2983,2962,9086.995516,12751.972158,7409.782609,9154.553652,7765.196472,9120.683453,8888.614298,0.120936,0.788052,0.082505,0.017394,0.015058,0.114563,0.169919
974400,49.3753,18,Index_C3_Bend,Index,bend,3,1.3753,Index cycle 3: BEND Index,2992,3067,2813,2979,2840,3007,2965,9222.846782,10143.774319,7460.374415,9075.806452,7694.023904,9396.875000,8921.238938,0.137694,0.422336,0.089896,0.008642,0.005755,0.148314,0.174213
974450,49.5339,18,Index_C3_Bend,Index,bend,3,1.5339,Index cycle 3: BEND Index,3001,3052,2794,3004,2850,3013,2956,9326.691042,9948.993289,7301.767871,9361.686526,7783.132530,9467.837338,8823.880597,0.150504,0.395024,0.066725,0.040414,0.017403,0.156985,0.161399
974500,49.5340,18,Index_C3_Bend,Index,bend,3,1.5340,Index cycle 3: BEND Index,3005,3221,2808,3014,2850,3007,2943,9373.394495,12530.205950,7418.181818,9479.740981,7783.132530,9396.875000,8685.937500,0.156265,0.756956,0.083732,0.053534,0.017403,0.148314,0.143243
974550,49.5340,18,Index_C3_Bend,Index,bend,3,1.5340,Index cycle 3: BEND Index,3010,3114,2802,2997,2839,2995,2950,9432.258065,10792.660550,7367.981439,9280.327869,7685.191083,9257.272727,8759.825328,0.163527,0.513321,0.076398,0.031372,0.004600,0.131254,0.152968
974600,49.5663,18,Index_C3_Bend,Index,bend,3,1.5663,Index cycle 3: BEND Index,3007,3058,2787,3023,2849,2998,2958,9396.875000,10026.229508,7244.495413,9587.873134,7774.157303,9291.886964,8845.382586,0.159162,0.405854,0.058358,0.065551,0.016230,0.135484,0.164229
974650,49.6420,18,Index_C3_Bend,Index,bend,3,1.6420,Index cycle 3: BEND Index,3017,3040,2781,3013,2849,2988,2953,9515.584416,9797.156398,7195.890411,9467.837338,7774.157303,9177.235772,8791.768827,0.173805,0.373734,0.051257,0.052211,0.016230,0.121473,0.157172
974700,49.7936,18,Index_C3_Bend,Index,bend,3,1.7936,Index cycle 3: BEND Index,3010,3032,2799,3009,2837,2981,2953,9432.258065,9697.836312,7343.055556,9420.441989,7667.567568,9098.204668,8791.768827,0.163527,0.359808,0.072757,0.046944,0.002296,0.111816,0.157172
974750,49.7937,18,Index_C3_Bend,Index,bend,3,1.7937,Index cycle 3: BEND Index,3002,3060,2800,3020,2849,3001,2957,9338.334858,10052.173913,7351.351351,9551.627907,7774.157303,9326.691042,8834.622144,0.151941,0.409492,0.073969,0.061523,0.016230,0.139737,0.162813
974800,49.7937,18,Index_C3_Bend,Index,bend,3,1.7937,Index cycle 3: BEND Index,3012,3049,2817,3012,2849,2990,2946,9455.955679,9910.707457,7494.366197,9455.955679,7774.157303,9200.000000,8717.493473,0.166450,0.389656,0.094862,0.050890,0.016230,0.124255,0.147396
974850,49.8368,18,Index_C3_Bend,Index,bend,3,1.8368,Index cycle 3: BEND Index,3004,3051,2797,3002,2838,2976,2950,9361.686526,9936.206897,7326.502311,9338.334858,7676.372315,9042.359249,8759.825328,0.154821,0.393232,0.070338,0.037819,0.003447,0.104991,0.152968
974900,49.8800,18,Index_C3_Bend,Index,bend,3,1.8800,Index cycle 3: BEND Index,2993,3044,2797,3003,2849,2962,2948,9234.301270,9847.383444,7326.502311,9350.000000,7774.157303,8888.614298,8738.622493,0.139107,0.380777,0.070338,0.039115,0.016230,0.086203,0.150177
974950,50.0543,19,Index_C4_Open,Index,open,4,0.0543,Index cycle 4: OPEN,2998,3051,2798,3002,2851,2963,2947,9291.886964,9936.206897,7334.772552,9338.334858,7792.122186,8899.469965,8728.048780,0.146211,0.393232,0.071547,0.037819,0.018578,0.087530,0.148786
975000,50.0546,19,Index_C4_Open,Index,open,4,0.0546,Index cycle 4: OPEN,2993,3023,2789,2984,2842,2980,2954,9234.301270,9587.873134,7260.796325,9131.953195,7711.731844,9086.995516,8802.453988,0.139107,0.344389,0.060739,0.014882,0.008070,0.110446,0.158579
975050,50.0546,19,Index_C4_Open,Index,open,4,0.0546,Index cycle 4: OPEN,2987,3024,2765,2997,2855,2982,2940,9165.884477,9600.000000,7068.421053,9280.327869,7828.225806,9109.433962,8654.545455,0.130668,0.346089,0.032635,0.031372,0.023297,0.113188,0.139111
975100,50.0874,19,Index_C4_Open,Index,open,4,0.0874,Index cycle 4: OPEN,2992,3024,2771,2993,2850,2966,2949,9222.846782,9600.000000,7115.861027,9234.301270,7783.132530,8932.152347,8749.214660,0.137694,0.346089,0.039566,0.026257,0.017403,0.091524,0.151572
975150,50.1310,19,Index_C4_Open,Index,open,4,0.1310,Index cycle 4: OPEN,2994,3021,2778,2999,2838,2943,2950,9245.776567,9563.687151,7171.753986,9303.467153,7676.372315,8685.937500,8759.825328,0.140523,0.340998,0.047731,0.033944,0.003447,0.061436,0.152968
975200,50.3173,19,Index_C4_Open,Index,open,4,0.3173,Index cycle 4: OPEN,2972,2999,2765,3003,2851,2951,2942,8998.040962,9303.467153,7068.421053,9350.000000,7792.122186,8770.454545,8675.455334,0.109963,0.304510,0.032635,0.039115,0.018578,0.071764,0.141863
975250,50.3174,19,Index_C4_Open,Index,open,4,0.3174,Index cycle 4: OPEN,2987,3005,2768,2993,2846,2940,2935,9165.884477,9373.394495,7092.087415,9234.301270,7747.317854,8654.545455,8602.586207,0.130668,0.314315,0.036092,0.026257,0.012721,0.057600,0.132272
975300,50.3174,19,Index_C4_Open,Index,open,4,0.3174,Index cycle 4: OPEN,2988,2985,2773,2985,2832,2928,2936,9177.235772,9143.243243,7131.770045,9143.243243,7623.752969,8530.591260,8612.942192,0.132068,0.282044,0.041890,0.016137,-0.003431,0.042452,0.133635
975350,50.3396,19,Index_C4_Open,Index,open,4,0.3396,Index cycle 4: OPEN,2976,2965,2768,2996,2845,2938,2940,9042.359249,8921.238938,7092.087415,9268.789809,7738.400000,8633.707865,8654.545455,0.115430,0.250915,0.036092,0.030090,0.011556,0.055053,0.139111
975400,50.3831,19,Index_C4_Open,Index,open,4,0.3831,Index cycle 4: OPEN,2982,2993,2774,2993,2843,2949,2934,9109.433962,9234.301270,7139.742619,9234.301270,7720.607029,8749.214660,8592.248062,0.123704,0.294812,0.043055,0.026257,0.009230,0.069169,0.130912
975450,50.5460,19,Index_C4_Open,Index,open,4,0.5460,Index cycle 4: OPEN,2982,2994,2779,2984,2831,2937,2955,9109.433962,9245.776567,7179.787234,9131.953195,7615.031646,8623.316062,8813.157895,0.123704,0.296421,0.048905,0.014882,-0.004571,0.053784,0.159988
975500,50.5461,19,Index_C4_Open,Index,open,4,0.5461,Index cycle 4: OPEN,2964,2988,2771,2991,2842,2949,2957,8910.344828,9177.235772,7115.861027,9211.413043,7711.731844,8749.214660,8834.622144,0.099145,0.286810,0.039566,0.023713,0.008070,0.069169,0.162813
975550,50.5461,19,Index_C4_Open,Index,open,4,0.5461,Index cycle 4: OPEN,2976,2994,2775,2985,2840,2946,2951,9042.359249,9245.776567,7147.727273,9143.243243,7694.023904,8717.493473,8770.454545,0.115430,0.296421,0.044221,0.016137,0.005755,0.065292,0.154367
975600,50.5898,19,Index_C4_Open,Index,open,4,0.5898,Index cycle 4: OPEN,2973,2986,2776,2970,2833,2930,2949,9009.090909,9154.553652,7155.724033,8976.000000,7632.488114,8551.072961,8749.214660,0.111326,0.283630,0.045389,-0.002450,-0.002289,0.044955,0.151572
975650,50.6229,19,Index_C4_Open,Index,open,4,0.6229,Index cycle 4: OPEN,2957,2985,2777,2976,2842,2945,2944,8834.622144,9143.243243,7163.732929,9042.359249,7711.731844,8706.956522,8696.437880,0.089805,0.282044,0.046559,0.004925,0.008070,0.064005,0.144625
975700,50.7949,19,Index_C4_Open,Index,open,4,0.7949,Index cycle 4: OPEN,2972,2990,2781,2973,2841,2929,2955,8998.040962,9200.000000,7195.890411,9009.090909,7702.870813,8540.823328,8813.157895,0.109963,0.290002,0.051257,0.001228,0.006911,0.043703,0.159988
975750,50.7949,19,Index_C4_Open,Index,open,4,0.7949,Index cycle 4: OPEN,2973,2976,2778,2965,2834,2940,2952,9009.090909,9042.359249,7171.753986,8921.238938,7641.237113,8654.545455,8781.102362,0.111326,0.267898,0.047731,-0.008535,-0.001145,0.057600,0.155769
975800,50.7950,19,Index_C4_Open,Index,open,4,0.7950,Index cycle 4: OPEN,2960,2978,2770,2976,2843,2949,2955,8866.960352,9064.637422,7107.924528,9042.359249,7720.607029,8749.214660,8813.157895,0.093794,0.271022,0.038406,0.004925,0.009230,0.069169,0.159988
975850,50.8272,19,Index_C4_Open,Index,open,4,0.8272,Index cycle 4: OPEN,2975,3002,2770,2973,2842,2945,2961,9031.250000,9338.334858,7107.924528,9009.090909,7711.731844,8706.956522,8877.777778,0.114060,0.309399,0.038406,0.001228,0.008070,0.064005,0.168493
975900,50.8924,19,Index_C4_Open,Index,open,4,0.8924,Index cycle 4: OPEN,2973,3059,2772,2963,2831,2956,2958,9009.090909,10039.189189,7123.809524,8899.469965,7615.031646,8823.880597,8845.382586,0.111326,0.407671,0.040727,-0.010955,-0.004571,0.078293,0.164229
975950,50.9252,19,Index_C4_Open,Index,open,4,0.9252,Index cycle 4: OPEN,2963,3294,2801,2977,2848,2967,2955,8899.469965,13982.022472,7359.659969,9053.488372,7765.196472,8943.085106,8813.157895,0.097804,0.960526,0.075183,0.006162,0.015058,0.092860,0.159988
976000,51.0610,19,Index_C4_Open,Index,open,4,1.0610,Index cycle 4: OPEN,2978,3254,2843,2979,2846,2973,2953,9064.637422,13155.291320,7720.607029,9075.806452,7747.317854,9009.090909,8791.768827,0.118178,0.844604,0.127914,0.008642,0.012721,0.100926,0.157172
976050,51.0610,19,Index_C4_Open,Index,open,4,1.0610,Index cycle 4: OPEN,2976,3247,2841,2975,2837,2977,2973,9042.359249,13018.632075,7702.870813,9031.250000,7667.567568,9053.488372,9009.090909,0.115430,0.825442,0.125323,0.003691,0.002296,0.106351,0.185776
976100,51.0718,19,Index_C4_Open,Index,open,4,1.0718,Index cycle 4: OPEN,2972,3211,2832,2978,2848,2982,2970,8998.040962,12350.000000,7623.752969,9064.637422,7765.196472,9109.433962,8976.000000,0.109963,0.731688,0.113764,0.007401,0.015058,0.113188,0.181421
976150,51.1260,19,Index_C4_Open,Index,open,4,1.1260,Index cycle 4: OPEN,2979,3304,2831,2971,2849,2979,2956,9075.806452,14201.769912,7615.031646,8987.010676,7774.157303,9075.806452,8823.880597,0.119556,0.991339,0.112490,-0.001226,0.016230,0.109079,0.161399
976200,51.1803,19,Index_C4_Open,Index,open,4,1.1803,Index cycle 4: OPEN,2970,3294,2821,2954,2836,2991,2960,8976.000000,13982.022472,7528.571429,8802.453988,7658.776807,9211.413043,8866.960352,0.107244,0.960526,0.099859,-0.021737,0.001147,0.125650,0.167069
976250,51.3127,19,Index_C4_Open,Index,open,4,1.3127,Index cycle 4: OPEN,2949,3244,2802,2959,2849,3003,2953,8749.214660,12960.752056,7367.981439,8856.161972,7774.157303,9350.000000,8791.768827,0.079269,0.817326,0.076398,-0.015768,0.016230,0.142586,0.157172
976300,51.3127,19,Index_C4_Open,Index,open,4,1.3127,Index cycle 4: OPEN,2958,3218,2816,2960,2843,3009,2953,8845.382586,12475.712657,7485.848319,8866.960352,7720.607029,9420.441989,8791.768827,0.091132,0.749315,0.093618,-0.014568,0.009230,0.151194,0.157172
976350,51.3229,19,Index_C4_Open,Index,open,4,1.3229,Index cycle 4: OPEN,2955,3201,2815,2943,2833,3018,2952,8813.157895,12173.825503,7477.343750,8685.937500,7632.488114,9527.576602,8781.102362,0.087157,0.706985,0.092375,-0.034686,-0.002289,0.164286,0.155769
976400,51.3662,19,Index_C4_Open,Index,open,4,1.3662,Index cycle 4: OPEN,2951,3165,2796,2950,2845,3029,2950,8770.454545,11570.967742,7318.244804,8759.825328,7738.400000,9660.975610,8759.825328,0.081889,0.622454,0.069132,-0.026474,0.011556,0.180587,0.152968
976450,51.4314,19,Index_C4_Open,Index,open,4,1.4314,Index cycle 4: OPEN,2961,3193,2806,2948,2841,3037,2935,8877.777778,12035.698448,7401.396431,8738.622493,7702.870813,9759.735350,8602.586207,0.095128,0.687617,0.081280,-0.028831,0.006911,0.192656,0.132272
976500,51.5752,19,Index_C4_Open,Index,open,4,1.5752,Index cycle 4: OPEN,2960,3134,2800,2932,2833,3024,2927,8866.960352,11088.033299,7351.351351,8571.625107,7632.488114,9600.000000,8520.376712,0.093794,0.554738,0.073969,-0.047390,-0.002289,0.173136,0.121452
976550,51.5752,19,Index_C4_Open,Index,open,4,1.5752,Index cycle 4: OPEN,2946,3160,2787,2952,2843,3045,2933,8717.493473,11490.909091,7244.495413,8781.102362,7720.607029,9860.000000,8581.927711,0.075356,0.611228,0.058358,-0.024110,0.009230,0.204908,0.129553
976600,51.5863,19,Index_C4_Open,Index,open,4,1.5863,Index cycle 4: OPEN,2957,3146,2791,2952,2840,3039,2917,8834.622144,11271.232877,7277.147239,8781.102362,7694.023904,9784.659091,8419.185059,0.089805,0.580426,0.063128,-0.024110,0.005755,0.195702,0.108133
976650,51.6299,19,Index_C4_Open,Index,open,4,1.6299,Index cycle 4: OPEN,2953,3153,2791,2936,2832,3017,2916,8791.768827,11380.254777,7277.147239,8612.942192,7623.752969,9515.584416,8409.160305,0.084518,0.595713,0.063128,-0.042798,-0.003431,0.162820,0.106814
976700,51.6847,19,Index_C4_Open,Index,open,4,1.6847,Index cycle 4: OPEN,2948,3066,2776,2955,2843,3024,2919,8738.622493,10130.612245,7155.724033,8813.157895,7720.607029,9600.000000,8439.285714,0.077962,0.420491,0.045389,-0.020547,0.009230,0.173136,0.110779
976750,51.8201,19,Index_C4_Open,Index,open,4,1.8201,Index cycle 4: OPEN,2957,3057,2786,2950,2843,3023,2925,8834.622144,10013.294798,7236.363636,8759.825328,7720.607029,9587.873134,8500.000000,0.089805,0.404041,0.057170,-0.026474,0.009230,0.171654,0.118770
976800,51.8202,19,Index_C4_Open,Index,open,4,1.8202,Index cycle 4: OPEN,2956,3068,2780,2943,2837,3010,2922,8823.880597,10156.962025,7187.832700,8685.937500,7667.567568,9432.258065,8469.565217,0.088480,0.424185,0.050080,-0.034686,0.002296,0.152638,0.114764
976850,51.8202,19,Index_C4_Open,Index,open,4,1.8202,Index cycle 4: OPEN,2939,3056,2770,2954,2845,3007,2927,8644.117647,10000.384986,7107.924528,8802.453988,7738.400000,9396.875000,8520.376712,0.066305,0.402230,0.038406,-0.021737,0.011556,0.148314,0.121452
976900,51.8967,19,Index_C4_Open,Index,open,4,1.8967,Index cycle 4: OPEN,2955,3068,2781,2950,2845,2995,2921,8813.157895,10156.962025,7195.890411,8759.825328,7738.400000,9257.272727,8459.454855,0.087157,0.424185,0.051257,-0.026474,0.011556,0.131254,0.113433
976950,51.9402,19,Index_C4_Open,Index,open,4,1.9402,Index cycle 4: OPEN,2951,3098,2770,2941,2834,2991,2918,8770.454545,10564.894684,7107.924528,8664.991334,7641.237113,9211.413043,8429.226848,0.081889,0.481385,0.038406,-0.037014,-0.001145,0.125650,0.109455
977000,52.0844,20,Index_C4_Bend,Index,bend,4,0.0844,Index cycle 4: BEND Index,2939,3067,2766,2949,2846,2989,2926,8644.117647,10143.774319,7076.297968,8749.214660,7747.317854,9188.607595,8510.179641,0.066305,0.422336,0.033786,-0.027653,0.012721,0.122863,0.120110
977050,52.0847,20,Index_C4_Bend,Index,bend,4,0.0847,Index cycle 4: BEND Index,2949,3073,2779,2949,2845,2996,2919,8749.214660,10223.287671,7179.787234,8749.214660,7738.400000,9268.789809,8439.285714,0.079269,0.433485,0.048905,-0.027653,0.011556,0.132662,0.110779
977100,52.0958,20,Index_C4_Bend,Index,bend,4,0.0958,Index cycle 4: BEND Index,2945,3050,2776,2940,2833,2990,2927,8706.956522,9923.444976,7155.724033,8654.545455,7632.488114,9200.000000,8520.376712,0.074056,0.391442,0.045389,-0.038174,-0.002289,0.124255,0.121452
977150,52.1385,20,Index_C4_Bend,Index,bend,4,0.1385,Index cycle 4: BEND Index,2939,3032,2768,2953,2847,3002,2930,8644.117647,9697.836312,7092.087415,8791.768827,7756.250000,9338.334858,8551.072961,0.066305,0.359808,0.036092,-0.022924,0.013889,0.141160,0.125492
977200,52.1814,20,Index_C4_Bend,Index,bend,4,0.1814,Index cycle 4: BEND Index,2947,3036,2779,2952,2842,3002,2926,8728.048780,9747.308782,7179.787234,8781.102362,7711.731844,9338.334858,8510.179641,0.076658,0.366745,0.048905,-0.024110,0.008070,0.141160,0.120110
977250,52.3376,20,Index_C4_Bend,Index,bend,4,0.3376,Index cycle 4: BEND Index,2946,3021,2774,2937,2833,2990,2928,8717.493473,9563.687151,7139.742619,8623.316062,7632.488114,9200.000000,8530.591260,0.075356,0.340998,0.043055,-0.041645,-0.002289,0.124255,0.122796
977300,52.3377,20,Index_C4_Bend,Index,bend,4,0.3377,Index cycle 4: BEND Index,2936,3003,2764,2945,2845,2989,2924,8612.942192,9350.000000,7060.555973,8706.956522,7738.400000,9188.607595,8489.837746,0.062459,0.311035,0.031486,-0.032350,0.011556,0.122863,0.117432
977350,52.3488,20,Index_C4_Bend,Index,bend,4,0.3488,Index cycle 4: BEND Index,2942,3020,2771,2954,2842,2981,2924,8675.455334,9551.627907,7115.861027,8802.453988,7711.731844,9098.204668,8489.837746,0.070170,0.339307,0.039566,-0.021737,0.008070,0.111816,0.117432
977400,52.3812,20,Index_C4_Bend,Index,bend,4,0.3812,Index cycle 4: BEND Index,2943,3021,2771,2940,2833,2982,2929,8685.937500,9563.687151,7115.861027,8654.545455,7632.488114,9109.433962,8540.823328,0.071463,0.340998,0.039566,-0.038174,-0.002289,0.113188,0.124143
977450,52.4252,20,Index_C4_Bend,Index,bend,4,0.4252,Index cycle 4: BEND Index,2931,3010,2764,2947,2843,2988,2929,8561.340206,9432.258065,7060.555973,8728.048780,7720.607029,9177.235772,8540.823328,0.056094,0.322569,0.031486,-0.030006,0.009230,0.121473,0.124143
977500,52.5815,20,Index_C4_Bend,Index,bend,4,0.5815,Index cycle 4: BEND Index,2941,3004,2769,2944,2843,2976,2925,8664.991334,9361.686526,7100.000000,8696.437880,7720.607029,9042.359249,8500.000000,0.068880,0.312674,0.037248,-0.033519,0.009230,0.104991,0.118770
977550,52.5816,20,Index_C4_Bend,Index,bend,4,0.5816,Index cycle 4: BEND Index,2953,2990,2769,2935,2832,2961,2925,8791.768827,9200.000000,7100.000000,8602.586207,7623.752969,8877.777778,8500.000000,0.084518,0.290002,0.037248,-0.043949,-0.003431,0.084879,0.118770
977600,52.5816,20,Index_C4_Bend,Index,bend,4,0.5816,Index cycle 4: BEND Index,2934,2971,2759,2943,2845,2961,2927,8592.248062,8987.010676,7021.407186,8685.937500,7738.400000,8877.777778,8520.376712,0.059906,0.260137,0.025767,-0.034686,0.011556,0.084879,0.121452
977650,52.6252,20,Index_C4_Bend,Index,bend,4,0.6252,Index cycle 4: BEND Index,2948,2992,2767,2950,2842,2960,2923,8738.622493,9222.846782,7084.186747,8759.825328,7711.731844,8866.960352,8479.692833,0.077962,0.293206,0.034938,-0.026474,0.008070,0.083557,0.116097
977700,52.6907,20,Index_C4_Bend,Index,bend,4,0.6907,Index cycle 4: BEND Index,2951,2978,2769,2945,2833,2959,2927,8770.454545,9064.637422,7100.000000,8706.956522,7632.488114,8856.161972,8520.376712,0.081889,0.271022,0.037248,-0.032350,-0.002289,0.082238,0.121452
977750,52.8356,20,Index_C4_Bend,Index,bend,4,0.8356,Index cycle 4: BEND Index,2931,2964,2766,2948,2844,2979,2925,8561.340206,8910.344828,7076.297968,8738.622493,7729.496403,9075.806452,8500.000000,0.056094,0.249388,0.033786,-0.028831,0.010392,0.109079,0.118770
977800,52.8356,20,Index_C4_Bend,Index,bend,4,0.8356,Index cycle 4: BEND Index,2945,2979,2777,2945,2843,2971,2917,8706.956522,9075.806452,7163.732929,8706.956522,7720.607029,8987.010676,8419.185059,0.074056,0.272588,0.046559,-0.032350,0.009230,0.098228,0.108133
977850,52.8356,20,Index_C4_Bend,Index,bend,4,0.8356,Index cycle 4: BEND Index,2947,2992,2773,2929,2834,2956,2917,8728.048780,9222.846782,7131.770045,8540.823328,7641.237113,8823.880597,8419.185059,0.076658,0.293206,0.041890,-0.050813,-0.001145,0.078293,0.108133
977900,52.8784,20,Index_C4_Bend,Index,bend,4,0.8784,Index cycle 4: BEND Index,2941,2983,2763,2941,2844,2961,2926,8664.991334,9120.683453,7052.702703,8664.991334,7729.496403,8877.777778,8510.179641,0.068880,0.278881,0.030339,-0.037014,0.010392,0.084879,0.120110
977950,52.9320,20,Index_C4_Bend,Index,bend,4,0.9320,Index cycle 4: BEND Index,2948,2991,2770,2935,2842,2960,2923,8738.622493,9211.413043,7107.924528,8602.586207,7711.731844,8866.960352,8479.692833,0.077962,0.291603,0.038406,-0.043949,0.008070,0.083557,0.116097
978000,53.0923,20,Index_C4_Bend,Index,bend,4,1.0923,Index cycle 4: BEND Index,2943,2981,2769,2931,2830,2950,2925,8685.937500,9098.204668,7100.000000,8561.340206,7606.324111,8759.825328,8500.000000,0.071463,0.275729,0.037248,-0.048533,-0.005709,0.070465,0.118770
978050,53.0924,20,Index_C4_Bend,Index,bend,4,1.0924,Index cycle 4: BEND Index,2932,2970,2767,2946,2846,2957,2923,8571.625107,8976.000000,7084.186747,8717.493473,7747.317854,8834.622144,8479.692833,0.057362,0.258594,0.034938,-0.031179,0.012721,0.079606,0.116097
978100,53.0924,20,Index_C4_Bend,Index,bend,4,1.0924,Index cycle 4: BEND Index,2940,2976,2781,2942,2845,2955,2919,8654.545455,9042.359249,7195.890411,8675.455334,7738.400000,8813.157895,8439.285714,0.067591,0.267898,0.051257,-0.035851,0.011556,0.076983,0.110779
978150,53.1357,20,Index_C4_Bend,Index,bend,4,1.1357,Index cycle 4: BEND Index,2943,2981,2786,2931,2835,2961,2930,8685.937500,9098.204668,7236.363636,8561.340206,7650.000000,8877.777778,8551.072961,0.071463,0.275729,0.057170,-0.048533,0.000000,0.084879,0.125492
978200,53.1680,20,Index_C4_Bend,Index,bend,4,1.1680,Index cycle 4: BEND Index,2944,3008,2786,2938,2845,2991,2931,8696.437880,9408.647654,7236.363636,8633.707865,7738.400000,9211.413043,8561.340206,0.072759,0.319258,0.057170,-0.040490,0.011556,0.125650,0.126843
978250,53.3483,20,Index_C4_Bend,Index,bend,4,1.3483,Index cycle 4: BEND Index,2974,3048,2806,2938,2844,2995,2932,9020.160571,9897.994269,7401.396431,8633.707865,7729.496403,9257.272727,8571.625107,0.112692,0.387873,0.081280,-0.040490,0.010392,0.131254,0.128197
978300,53.3484,20,Index_C4_Bend,Index,bend,4,1.3484,Index cycle 4: BEND Index,3013,3061,2799,3002,2831,2987,2932,9467.837338,10065.183752,7343.055556,9338.334858,7615.031646,9165.884477,8571.625107,0.167916,0.411316,0.072757,0.037819,-0.004571,0.120086,0.128197
978350,53.3484,20,Index_C4_Bend,Index,bend,4,1.3484,Index cycle 4: BEND Index,3001,3058,2804,3010,2842,2990,2943,9326.691042,10026.229508,7384.663052,9432.258065,7711.731844,9200.000000,8685.937500,0.150504,0.405854,0.078835,0.048257,0.008070,0.124255,0.143243
978400,53.3917,20,Index_C4_Bend,Index,bend,4,1.3917,Index cycle 4: BEND Index,3003,3015,2815,2993,2843,3017,2927,9350.000000,9491.666667,7477.343750,9234.301270,7720.607029,9515.584416,8520.376712,0.153380,0.330899,0.092375,0.026257,0.009230,0.162820,0.121452
978450,53.4463,20,Index_C4_Bend,Index,bend,4,1.4463,Index cycle 4: BEND Index,3012,3084,2837,3002,2833,3020,2925,9455.955679,10371.513353,7667.567568,9338.334858,7632.488114,9551.627907,8500.000000,0.166450,0.454269,0.120165,0.037819,-0.002289,0.167225,0.118770
978500,53.4676,20,Index_C4_Bend,Index,bend,4,1.4676,Index cycle 4: BEND Index,3016,3113,2848,3022,2845,3016,2926,9503.614458,10778.207739,7765.196472,9575.768872,7738.400000,9503.614458,8510.179641,0.172329,0.511295,0.134428,0.064206,0.011556,0.161357,0.120110
978550,53.6069,20,Index_C4_Bend,Index,bend,4,1.6069,Index cycle 4: BEND Index,3041,3108,2842,3018,2844,3022,2924,9809.677419,10706.382979,7711.731844,9527.576602,7729.496403,9575.768872,8489.837746,0.210084,0.501224,0.126617,0.058850,0.010392,0.170175,0.117432
978600,53.6070,20,Index_C4_Bend,Index,bend,4,1.6070,Index cycle 4: BEND Index,3095,3117,2835,3010,2835,3014,2919,10523.000000,10836.196319,7650.000000,9432.258065,7650.000000,9479.740981,8439.285714,0.298076,0.519426,0.117599,0.048257,0.000000,0.158440,0.110779
978650,53.6398,20,Index_C4_Bend,Index,bend,4,1.6398,Index cycle 4: BEND Index,3049,3119,2814,3027,2846,3006,2911,9910.707457,10865.368852,7468.852459,9636.516854,7747.317854,9385.123967,8359.290541,0.222546,0.523516,0.091135,0.070957,0.012721,0.146878,0.100250
978700,53.6824,20,Index_C4_Bend,Index,bend,4,1.6824,Index cycle 4: BEND Index,3052,3115,2832,3011,2842,3040,2910,9948.993289,10807.142857,7623.752969,9444.095941,7711.731844,9797.156398,8349.367089,0.227269,0.515352,0.113764,0.049572,0.008070,0.197229,0.098944
978750,53.7261,20,Index_C4_Bend,Index,bend,4,1.7261,Index cycle 4: BEND Index,3050,3138,2827,2999,2833,3027,2909,9923.444976,11148.589342,7580.283912,9303.467153,7632.488114,9636.516854,8339.460371,0.224117,0.563229,0.107414,0.033944,-0.002289,0.177598,0.097640
978800,53.8643,20,Index_C4_Bend,Index,bend,4,1.8643,Index cycle 4: BEND Index,3027,3142,2816,3020,2846,3038,2914,9636.516854,11209.653725,7485.848319,9551.627907,7747.317854,9772.185430,8389.161727,0.188723,0.571791,0.093618,0.061523,0.012721,0.194177,0.104181
978850,53.8643,20,Index_C4_Bend,Index,bend,4,1.8643,Index cycle 4: BEND Index,3025,3136,2798,2999,2846,3037,2917,9612.149533,11118.248175,7334.772552,9303.467153,7747.317854,9759.735350,8419.185059,0.185717,0.558975,0.071547,0.033944,0.012721,0.192656,0.108133
978900,53.8745,20,Index_C4_Bend,Index,bend,4,1.8745,Index cycle 4: BEND Index,3039,3302,2793,3011,2834,3017,2927,9784.659091,14157.377049,7293.548387,9444.095941,7641.237113,9515.584416,8520.376712,0.206997,0.985114,0.065524,0.049572,-0.001145,0.162820,0.121452
978950,53.9180,20,Index_C4_Bend,Index,bend,4,1.9180,Index cycle 4: BEND Index,3041,3235,2808,2997,2844,3027,2926,9809.677419,12789.534884,7418.181818,9280.327869,7729.496403,9636.516854,8510.179641,0.210084,0.793318,0.083732,0.031372,0.010392,0.177598,0.120110
979000,54.1306,21,Index_C5_Open,Index,open,5,0.1306,Index cycle 5: OPEN,3046,3121,2803,3023,2843,3036,2913,9872.640610,10894.661191,7376.315789,9587.873134,7720.607029,9747.308782,8379.187817,0.217850,0.527624,0.077616,0.065551,0.009230,0.191137,0.102869
979050,54.1309,21,Index_C5_Open,Index,open,5,0.1309,Index cycle 5: OPEN,3027,3130,2816,3023,2834,3020,2909,9636.516854,11027.979275,7485.848319,9587.873134,7641.237113,9551.627907,8339.460371,0.188723,0.546317,0.093618,0.065551,-0.001145,0.167225,0.097640
979100,54.1309,21,Index_C5_Open,Index,open,5,0.1309,Index cycle 5: OPEN,3025,3153,2799,3034,2849,3010,2915,9612.149533,11380.254777,7343.055556,9722.525919,7774.157303,9432.258065,8399.152542,0.185717,0.595713,0.072757,0.080516,0.016230,0.152638,0.105496
979150,54.1421,21,Index_C5_Open,Index,open,5,0.1421,Index cycle 5: OPEN,3148,3104,2784,3033,2848,3023,2917,11302.217529,10649.445005,7220.137300,9710.169492,7765.196472,9587.873134,8419.185059,0.394197,0.493240,0.054799,0.079143,0.015058,0.171654,0.108133
979200,54.1859,21,Index_C5_Open,Index,open,5,0.1859,Index cycle 5: OPEN,3115,3252,2801,3022,2836,3010,2916,10807.142857,13116.014235,7359.659969,9575.768872,7658.776807,9432.258065,8409.160305,0.333127,0.839097,0.075183,0.064206,0.001147,0.152638,0.106814
979250,54.2183,21,Index_C5_Open,Index,open,5,0.2183,Index cycle 5: OPEN,3121,3073,2803,3026,2847,2996,2910,10894.661191,10223.287671,7376.315789,9624.321796,7756.250000,9268.789809,8349.367089,0.343923,0.433485,0.077616,0.069602,0.013889,0.132662,0.098944
979300,54.3883,21,Index_C5_Open,Index,open,5,0.3883,Index cycle 5: OPEN,3176,3063,2821,3025,2847,2998,2899,11750.163221,10091.279070,7528.571429,9612.149533,7756.250000,9291.886964,8241.304348,0.449454,0.414975,0.099859,0.068249,0.013889,0.135484,0.084720
979350,54.3884,21,Index_C5_Open,Index,open,5,0.3884,Index cycle 5: OPEN,3099,3059,2821,3020,2838,3007,2899,10578.915663,10039.189189,7528.571429,9551.627907,7676.372315,9396.875000,8241.304348,0.304974,0.407671,0.099859,0.061523,0.003447,0.148314,0.084720
979400,54.3884,21,Index_C5_Open,Index,open,5,0.3884,Index cycle 5: OPEN,3107,3039,2821,3011,2849,3016,2898,10692.105263,9784.659091,7528.571429,9444.095941,7774.157303,9503.614458,8231.578947,0.318936,0.371982,0.099859,0.049572,0.016230,0.161357,0.083440
979450,54.4315,21,Index_C5_Open,Index,open,5,0.4315,Index cycle 5: OPEN,3129,3055,2815,3008,2848,3017,2897,11013.043478,9987.500000,7477.343750,9408.647654,7765.196472,9515.584416,8221.869783,0.358526,0.400424,0.092375,0.045633,0.015058,0.162820,0.082162
979500,54.4856,21,Index_C5_Open,Index,open,5,0.4856,Index cycle 5: OPEN,3036,3039,2799,2994,2837,3006,2901,9747.308782,9784.659091,7343.055556,9245.776567,7667.567568,9385.123967,8260.804020,0.202390,0.371982,0.072757,0.027532,0.002296,0.146878,0.087287
979550,54.6318,21,Index_C5_Open,Index,open,5,0.6318,Index cycle 5: OPEN,3019,3015,2788,2988,2845,3002,2901,9539.591078,9491.666667,7252.639633,9177.235772,7738.400000,9338.334858,8260.804020,0.176767,0.330899,0.059548,0.019915,0.011556,0.141160,0.087287
979600,54.6319,21,Index_C5_Open,Index,open,5,0.6319,Index cycle 5: OPEN,3031,3022,2794,2995,2845,3007,2902,9685.526316,9575.768872,7301.767871,9257.272727,7738.400000,9396.875000,8270.578374,0.194769,0.342692,0.066725,0.028810,0.011556,0.148314,0.088573
979650,54.6319,21,Index_C5_Open,Index,open,5,0.6319,Index cycle 5: OPEN,3122,3017,2806,2990,2834,2982,2912,10909.352518,9515.584416,7401.396431,9200.000000,7641.237113,9109.433962,8369.230769,0.345735,0.334253,0.081280,0.022445,-0.001145,0.113188,0.101558
979700,54.6756,21,Index_C5_Open,Index,open,5,0.6756,Index cycle 5: OPEN,3124,3013,2810,3018,2846,2990,2905,10938.825953,9467.837338,7435.019455,9527.576602,7747.317854,9200.000000,8300.000000,0.349371,0.327558,0.086192,0.058850,0.012721,0.124255,0.092446
979750,54.7306,21,Index_C5_Open,Index,open,5,0.7306,Index cycle 5: OPEN,3167,3012,2814,3026,2843,2988,2920,11603.232759,9455.955679,7468.852459,9624.321796,7720.607029,9177.235772,8449.361702,0.431330,0.325892,0.091135,0.069602,0.009230,0.121473,0.112105
979800,54.8858,21,Index_C5_Open,Index,open,5,0.8858,Index cycle 5: OPEN,3118,3033,2798,3005,2834,2989,2925,10850.767656,9710.169492,7334.772552,9373.394495,7641.237113,9188.607595,8500.000000,0.338508,0.361537,0.071547,0.041715,-0.001145,0.122863,0.118770
979850,54.8858,21,Index_C5_Open,Index,open,5,0.8858,Index cycle 5: OPEN,3065,3019,2767,3005,2845,2982,2923,10117.475728,9539.591078,7084.186747,9373.394495,7738.400000,9109.433962,8479.692833,0.248052,0.337619,0.034938,0.041715,0.011556,0.113188,0.116097
979900,54.8967,21,Index_C5_Open,Index,open,5,0.8967,Index cycle 5: OPEN,3137,3025,2776,2990,2844,2998,2920,11133.402923,9612.149533,7155.724033,9200.000000,7729.496403,9291.886964,8449.361702,0.373373,0.347793,0.045389,0.022445,0.010392,0.135484,0.112105
979950,54.9404,21,Index_C5_Open,Index,open,5,0.9404,Index cycle 5: OPEN,3109,3029,2767,2991,2833,2995,2928,10720.689655,9660.975610,7084.186747,9211.413043,7632.488114,9257.272727,8530.591260,0.322462,0.354639,0.034938,0.023713,-0.002289,0.131254,0.122796
980000,54.9735,21,Index_C5_Open,Index,open,5,0.9735,Index cycle 5: OPEN,3056,3043,2769,3009,2846,3072,2919,10000.384986,9834.790875,7100.000000,9420.441989,7747.317854,10209.970674,8439.285714,0.233609,0.379011,0.037248,0.046944,0.012721,0.247675,0.110779
980050,55.1441,21,Index_C5_Open,Index,open,5,1.1441,Index cycle 5: OPEN,3089,3125,2837,3029,2845,3018,2911,10439.960239,10953.608247,7667.567568,9660.975610,7738.400000,9527.576602,8359.290541,0.287833,0.535889,0.120165,0.073675,0.011556,0.164286,0.100250
980100,55.1442,21,Index_C5_Open,Index,open,5,1.1442,Index cycle 5: OPEN,3074,3185,2863,3029,2835,3045,2912,10236.630754,11900.000000,7901.136364,9660.975610,7650.000000,9860.000000,8369.230769,0.262751,0.668590,0.154288,0.073675,0.000000,0.204908,0.101558
980150,55.1442,21,Index_C5_Open,Index,open,5,1.1442,Index cycle 5: OPEN,3048,3157,2849,3046,2846,3090,2905,9897.994269,11443.283582,7774.157303,9872.640610,7747.317854,10453.731343,8300.000000,0.220978,0.604550,0.135737,0.097199,0.012721,0.277463,0.092446
980200,55.1760,21,Index_C5_Open,Index,open,5,1.1760,Index cycle 5: OPEN,3061,3173,2818,3056,2846,3067,2906,10065.183752,11700.867679,7502.897416,10000.384986,7747.317854,10143.774319,8309.840202,0.241602,0.640668,0.096108,0.111396,0.012721,0.239586,0.093741
980250,55.2313,21,Index_C5_Open,Index,open,5,1.2313,Index cycle 5: OPEN,3052,3180,2819,3044,2836,3069,2891,9948.993289,11816.393443,7511.442006,9847.383444,7658.776807,10170.175439,8163.953488,0.227269,0.656867,0.097357,0.094392,0.001147,0.242812,0.074539
980300,55.4043,21,Index_C5_Open,Index,open,5,1.4043,Index cycle 5: OPEN,3052,3183,2817,3041,2848,3105,2909,9948.993289,11866.447368,7494.366197,9809.677419,7765.196472,10663.636364,8339.460371,0.227269,0.663885,0.094862,0.090201,0.015058,0.303114,0.097640
980350,55.4044,21,Index_C5_Open,Index,open,5,1.4044,Index cycle 5: OPEN,3056,3207,2835,3034,2849,3126,2908,10000.384986,12279.054054,7650.000000,9722.525919,7774.157303,10968.421053,8329.570345,0.233609,0.721740,0.117599,0.080516,0.016230,0.340359,0.096338
980400,55.4044,21,Index_C5_Open,Index,open,5,1.4044,Index cycle 5: OPEN,3054,3207,2806,3030,2835,3103,2909,9974.639769,12279.054054,7401.396431,9673.239437,7650.000000,10635.282258,8339.460371,0.230433,0.721740,0.081280,0.075038,0.000000,0.299649,0.097640
980450,55.4260,21,Index_C5_Open,Index,open,5,1.4260,Index cycle 5: OPEN,3048,3196,2798,3036,2847,3105,2899,9897.994269,12087.208009,7334.772552,9747.308782,7756.250000,10663.636364,8241.304348,0.220978,0.694840,0.071547,0.083270,0.013889,0.303114,0.084720
980500,55.4910,21,Index_C5_Open,Index,open,5,1.4910,Index cycle 5: OPEN,3044,3169,2805,3028,2848,3054,2895,9847.383444,11635.637149,7393.023256,9648.734770,7765.196472,9974.639769,8202.500000,0.214735,0.631522,0.080057,0.072315,0.015058,0.218918,0.079613
980550,55.5235,21,Index_C5_Open,Index,open,5,1.5235,Index cycle 5: OPEN,3052,3118,2816,3021,2838,3052,2898,9948.993289,10850.767656,7485.848319,9563.687151,7676.372315,9948.993289,8231.578947,0.227269,0.521469,0.093618,0.062863,0.003447,0.215784,0.083440
980600,55.6649,21,Index_C5_Open,Index,open,5,1.6649,Index cycle 5: OPEN,3056,3080,2797,3025,2846,3043,2900,10000.384986,10317.241379,7326.502311,9612.149533,7747.317854,9834.790875,8251.046025,0.233609,0.446659,0.070338,0.068249,0.012721,0.201828,0.086003
980650,55.6650,21,Index_C5_Open,Index,open,5,1.6650,Index cycle 5: OPEN,3055,3088,2822,3013,2843,3065,2903,9987.500000,10426.216485,7537.156324,9467.837338,7720.607029,10117.475728,8280.369128,0.232019,0.461940,0.101113,0.052211,0.009230,0.236372,0.089862
980700,55.7082,21,Index_C5_Open,Index,open,5,1.7082,Index cycle 5: OPEN,3066,3056,2830,3005,2834,3080,2902,10130.612245,10000.384986,7606.324111,9373.394495,7641.237113,10317.241379,8270.578374,0.249673,0.402230,0.111218,0.041715,-0.001145,0.260784,0.088573
980750,55.7406,21,Index_C5_Open,Index,open,5,1.7406,Index cycle 5: OPEN,3047,3054,2818,2998,2849,3092,2907,9885.305344,9974.639769,7502.897416,9291.886964,7774.157303,10481.355932,8319.696970,0.219413,0.398620,0.096108,0.032657,0.016230,0.280839,0.095038
980800,55.7841,21,Index_C5_Open,Index,open,5,1.7841,Index cycle 5: OPEN,3057,3035,2827,3001,2848,3091,2901,10013.294798,9734.905660,7580.283912,9326.691042,7765.196472,10467.529880,8260.804020,0.235201,0.365006,0.107414,0.036525,0.015058,0.279150,0.087287
980850,55.9207,21,Index_C5_Open,Index,open,5,1.9207,Index cycle 5: OPEN,3053,3046,2822,2988,2833,3092,2902,9961.804223,9872.640610,7537.156324,9177.235772,7632.488114,10481.355932,8270.578374,0.228849,0.384318,0.101113,0.019915,-0.002289,0.280839,0.088573
980900,55.9208,21,Index_C5_Open,Index,open,5,1.9208,Index cycle 5: OPEN,3042,3008,2817,2994,2848,3090,2896,9822.222222,9408.647654,7494.366197,9245.776567,7765.196472,10453.731343,8212.176814,0.211631,0.319258,0.094862,0.027532,0.015058,0.277463,0.080887
980950,55.9538,21,Index_C5_Open,Index,open,5,1.9538,Index cycle 5: OPEN,3055,3011,2831,2995,2846,3070,2899,9987.500000,9444.095941,7615.031646,9257.272727,7747.317854,10183.414634,8241.304348,0.232019,0.324229,0.112490,0.028810,0.012721,0.244430,0.084720
981000,55.9754,21,Index_C5_Open,Index,open,5,1.9754,Index cycle 5: OPEN,3057,3036,2850,2988,2837,3055,2893,10013.294798,9747.308782,7783.132530,9177.235772,7667.567568,9987.500000,8183.194676,0.235201,0.366745,0.137048,0.019915,0.002296,0.220489,0.077072
981050,56.0273,22,Index_C5_Bend,Index,bend,5,0.0273,Index cycle 5: BEND Index,3038,2998,2855,2991,2850,3068,2895,9772.185430,9291.886964,7828.225806,9211.413043,7783.132530,10156.962025,8202.500000,0.205459,0.302887,0.143636,0.023713,0.017403,0.241198,0.079613
981100,56.1888,22,Index_C5_Bend,Index,bend,5,0.1888,Index cycle 5: BEND Index,3058,3023,2833,2990,2847,3064,2894,10026.229508,9587.873134,7632.488114,9200.000000,7756.250000,10104.364694,8192.839301,0.236797,0.344389,0.115040,0.022445,0.013889,0.234770,0.078341
981150,56.1889,22,Index_C5_Bend,Index,bend,5,0.1889,Index cycle 5: BEND Index,3054,3010,2842,2987,2837,3050,2896,9974.639769,9432.258065,7711.731844,9165.884477,7667.567568,9923.444976,8212.176814,0.230433,0.322569,0.126617,0.018653,0.002296,0.212661,0.080887
981200,56.1889,22,Index_C5_Bend,Index,bend,5,0.1889,Index cycle 5: BEND Index,3046,2993,2827,2991,2852,3033,2896,9872.640610,9234.301270,7580.283912,9211.413043,7801.126307,9710.169492,8212.176814,0.217850,0.294812,0.107414,0.023713,0.019755,0.186599,0.080887
981250,56.2426,22,Index_C5_Bend,Index,bend,5,0.2426,Index cycle 5: BEND Index,3056,3004,2838,2985,2851,3039,2895,10000.384986,9361.686526,7676.372315,9143.243243,7792.122186,9784.659091,8202.500000,0.233609,0.312674,0.121451,0.016137,0.018578,0.195702,0.079613
981300,56.2859,22,Index_C5_Bend,Index,bend,5,0.2859,Index cycle 5: BEND Index,3053,2990,2833,2978,2839,3037,2890,9961.804223,9200.000000,7632.488114,9064.637422,7685.191083,9759.735350,8154.356846,0.228849,0.290002,0.115040,0.007401,0.004600,0.192656,0.073276
981350,56.4367,22,Index_C5_Bend,Index,bend,5,0.4367,Index cycle 5: BEND Index,3040,2991,2832,2991,2849,3057,2894,9797.156398,9211.413043,7623.752969,9211.413043,7774.157303,10013.294798,8192.839301,0.208539,0.291603,0.113764,0.023713,0.016230,0.223641,0.078341
981400,56.4368,22,Index_C5_Bend,Index,bend,5,0.4368,Index cycle 5: BEND Index,3062,3000,2842,2985,2849,3051,2893,10078.218780,9315.068493,7711.731844,9143.243243,7774.157303,9936.206897,8183.194676,0.243210,0.306137,0.126617,0.016137,0.016230,0.214221,0.077072
981450,56.4368,22,Index_C5_Bend,Index,bend,5,0.4368,Index cycle 5: BEND Index,3058,2994,2831,2977,2838,3045,2887,10026.229508,9245.776567,7615.031646,9053.488372,7676.372315,9860.000000,8125.662252,0.236797,0.296421,0.112490,0.006162,0.003447,0.204908,0.069500
981500,56.4694,22,Index_C5_Bend,Index,bend,5,0.4694,Index cycle 5: BEND Index,3042,2981,2822,2983,2847,3060,2894,9822.222222,9098.204668,7537.156324,9120.683453,7756.250000,10052.173913,8192.839301,0.211631,0.275729,0.101113,0.013630,0.013889,0.228392,0.078341
981550,56.5460,22,Index_C5_Bend,Index,bend,5,0.5460,Index cycle 5: BEND Index,3055,2969,2825,2991,2846,3059,2894,9987.500000,8965.008881,7562.992126,9211.413043,7747.317854,10039.189189,8192.839301,0.232019,0.257052,0.104888,0.023713,0.012721,0.226806,0.078341
981600,56.6924,22,Index_C5_Bend,Index,bend,5,0.6924,Index cycle 5: BEND Index,3055,2977,2831,2972,2839,3040,2896,9987.500000,9053.488372,7615.031646,8998.040962,7685.191083,9797.156398,8212.176814,0.232019,0.269459,0.112490,0.000000,0.004600,0.197229,0.080887
981650,56.6925,22,Index_C5_Bend,Index,bend,5,0.6925,Index cycle 5: BEND Index,3041,2965,2833,2991,2851,3041,2898,9809.677419,8921.238938,7632.488114,9211.413043,7792.122186,9809.677419,8231.578947,0.210084,0.250915,0.115040,0.023713,0.018578,0.198759,0.083440
981700,56.6925,22,Index_C5_Bend,Index,bend,5,0.6925,Index cycle 5: BEND Index,3046,2970,2823,2987,2850,3024,2890,9872.640610,8976.000000,7545.754717,9165.884477,7783.132530,9600.000000,8154.356846,0.217850,0.258594,0.102369,0.018653,0.017403,0.173136,0.073276
981750,56.7678,22,Index_C5_Bend,Index,bend,5,0.7678,Index cycle 5: BEND Index,3045,2970,2831,2968,2838,3008,2898,9860.000000,8976.000000,7615.031646,8954.037267,7676.372315,9408.647654,8231.578947,0.216291,0.258594,0.112490,-0.004890,0.003447,0.149752,0.083440
981800,56.7679,22,Index_C5_Bend,Index,bend,5,0.7679,Index cycle 5: BEND Index,3036,2941,2813,2983,2849,3015,2899,9747.308782,8664.991334,7460.374415,9120.683453,7774.157303,9491.666667,8241.304348,0.202390,0.214985,0.089896,0.013630,0.016230,0.159897,0.084720
981850,56.9548,22,Index_C5_Bend,Index,bend,5,0.9548,Index cycle 5: BEND Index,3041,2953,2847,2991,2847,3010,2891,9809.677419,8791.768827,7756.250000,9211.413043,7756.250000,9432.258065,8163.953488,0.210084,0.232761,0.133121,0.023713,0.013889,0.152638,0.074539
981900,56.9549,22,Index_C5_Bend,Index,bend,5,0.9549,Index cycle 5: BEND Index,3035,2968,2832,2981,2840,3012,2893,9734.905660,8954.037267,7623.752969,9098.204668,7694.023904,9455.955679,8183.194676,0.200860,0.255514,0.113764,0.011132,0.005755,0.155534,0.077072
981950,56.9549,22,Index_C5_Bend,Index,bend,5,0.9549,Index cycle 5: BEND Index,3025,2954,2820,2993,2852,3014,2895,9612.149533,8802.453988,7520.000000,9234.301270,7801.126307,9479.740981,8202.500000,0.185717,0.234259,0.098607,0.026257,0.019755,0.158440,0.079613
982000,56.9977,22,Index_C5_Bend,Index,bend,5,0.9977,Index cycle 5: BEND Index,3039,2961,2837,3001,2851,3018,2886,9784.659091,8877.777778,7667.567568,9326.691042,7792.122186,9527.576602,8116.129032,0.206997,0.244821,0.120165,0.036525,0.018578,0.164286,0.068245
982050,57.0396,22,Index_C5_Bend,Index,bend,5,1.0396,Index cycle 5: BEND Index,3032,2964,2848,2992,2842,2986,2890,9697.836312,8910.344828,7765.196472,9222.846782,7711.731844,9154.553652,8154.356846,0.196287,0.249388,0.134428,0.024984,0.008070,0.118702,0.073276
982100,57.1970,22,Index_C5_Bend,Index,bend,5,1.1970,Index cycle 5: BEND Index,3025,2938,2831,3002,2857,3001,2893,9612.149533,8633.707865,7615.031646,9338.334858,7846.365105,9326.691042,8183.194676,0.185717,0.210598,0.112490,0.037819,0.025669,0.139737,0.077072
982150,57.1971,22,Index_C5_Bend,Index,bend,5,1.1971,Index cycle 5: BEND Index,3034,2946,2834,2997,2857,3006,2882,9722.525919,8717.493473,7641.237113,9280.327869,7846.365105,9385.123967,8078.153339,0.199333,0.222346,0.116319,0.031372,0.025669,0.146878,0.063246
982200,57.1971,22,Index_C5_Bend,Index,bend,5,1.1971,Index cycle 5: BEND Index,3032,2939,2831,2996,2846,2979,2890,9697.836312,8644.117647,7615.031646,9268.789809,7747.317854,9075.806452,8154.356846,0.196287,0.212058,0.112490,0.030090,0.012721,0.109079,0.073276
982250,57.2185,22,Index_C5_Bend,Index,bend,5,1.2185,Index cycle 5: BEND Index,3022,2935,2829,2988,2852,2984,2893,9575.768872,8602.586207,7597.630332,9177.235772,7801.126307,9131.953195,8183.194676,0.181230,0.206234,0.109948,0.019915,0.019755,0.115940,0.077072
982300,57.2835,22,Index_C5_Bend,Index,bend,5,1.2835,Index cycle 5: BEND Index,3028,2964,2834,3037,2855,3014,2892,9648.734770,8910.344828,7641.237113,9759.735350,7828.225806,9479.740981,8173.566085,0.190230,0.249388,0.116319,0.084651,0.023297,0.158440,0.075805
982350,57.4311,22,Index_C5_Bend,Index,bend,5,1.4311,Index cycle 5: BEND Index,3021,2971,2871,3021,2845,3024,2891,9563.687151,8987.010676,7975.000000,9563.687151,7738.400000,9600.000000,8163.953488,0.179739,0.260137,0.165078,0.062863,0.011556,0.173136,0.074539
982400,57.4312,22,Index_C5_Bend,Index,bend,5,1.4312,Index cycle 5: BEND Index,3012,2969,2862,3022,2858,3067,2896,9455.955679,8965.008881,7891.970803,9575.768872,7855.456750,10143.774319,8212.176814,0.166450,0.257052,0.152949,0.064206,0.026857,0.239586,0.080887
982450,57.4312,22,Index_C5_Bend,Index,bend,5,1.4312,Index cycle 5: BEND Index,3025,2966,2864,3026,2859,3069,2889,9612.149533,8932.152347,7910.316816,9624.321796,7864.563107,10170.175439,8144.776119,0.185717,0.252445,0.155629,0.069602,0.028047,0.242812,0.072015
982500,57.4749,22,Index_C5_Bend,Index,bend,5,1.4749,Index cycle 5: BEND Index,3023,2979,2847,3007,2856,3048,2892,9587.873134,9075.806452,7756.250000,9396.875000,7837.288136,9897.994269,8173.566085,0.182723,0.272588,0.133121,0.044325,0.024482,0.209551,0.075805
982550,57.5296,22,Index_C5_Bend,Index,bend,5,1.5296,Index cycle 5: BEND Index,3015,2957,2852,3055,2867,3063,2899,9491.666667,8834.622144,7801.126307,9987.500000,7937.947883,10091.279070,8241.304348,0.170855,0.238770,0.139677,0.109964,0.037640,0.233171,0.084720
982600,57.7009,22,Index_C5_Bend,Index,bend,5,1.7009,Index cycle 5: BEND Index,3029,2951,2842,3051,2863,3060,2894,9660.975610,8770.454545,7711.731844,9936.206897,7901.136364,10052.173913,8192.839301,0.191740,0.229772,0.126617,0.104263,0.032828,0.228392,0.078341
982650,57.7010,22,Index_C5_Bend,Index,bend,5,1.7010,Index cycle 5: BEND Index,3025,2939,2842,3053,2859,3025,2896,9612.149533,8644.117647,7711.731844,9961.804223,7864.563107,9612.149533,8212.176814,0.185717,0.212058,0.126617,0.107108,0.028047,0.174621,0.080887
982700,57.7010,22,Index_C5_Bend,Index,bend,5,1.7010,Index cycle 5: BEND Index,3016,2940,2823,3057,2866,3039,2902,9503.614458,8654.545455,7545.754717,10013.294798,7928.722539,9784.659091,8270.578374,0.172329,0.213520,0.102369,0.112831,0.036434,0.195702,0.088573
982750,57.7322,22,Index_C5_Bend,Index,bend,5,1.7322,Index cycle 5: BEND Index,3010,2983,2831,3053,2863,3047,2908,9432.258065,9120.683453,7615.031646,9961.804223,7901.136364,9885.305344,8329.570345,0.163527,0.278881,0.112490,0.107108,0.032828,0.208001,0.096338
982800,57.7758,22,Index_C5_Bend,Index,bend,5,1.7758,Index cycle 5: BEND Index,3002,3016,2833,3016,2849,3030,2929,9338.334858,9503.614458,7632.488114,9503.614458,7774.157303,9673.239437,8540.823328,0.151941,0.332574,0.115040,0.056187,0.016230,0.182086,0.124143
982850,57.8191,22,Index_C5_Bend,Index,bend,5,1.8191,Index cycle 5: BEND Index,3010,3063,2847,3013,2863,3066,2917,9432.258065,10091.279070,7756.250000,9467.837338,7901.136364,10130.612245,8419.185059,0.163527,0.414975,0.133121,0.052211,0.032828,0.237978,0.108133
982900,57.9442,22,Index_C5_Bend,Index,bend,5,1.9442,Index cycle 5: BEND Index,3023,3133,2871,3058,2864,3094,2919,9587.873134,11072.972973,7975.000000,10026.229508,7910.316816,10509.090909,8439.285714,0.182723,0.552626,0.165078,0.114268,0.034028,0.284228,0.110779
982950,57.9443,22,Index_C5_Bend,Index,bend,5,1.9443,Index cycle 5: BEND Index,3012,3240,2864,3039,2853,3020,2917,9455.955679,12884.210526,7910.316816,9784.659091,7810.144928,9551.627907,8419.185059,0.166450,0.806594,0.155629,0.087421,0.020934,0.167225,0.108133
983000,57.9765,22,Index_C5_Bend,Index,bend,5,1.9765,Index cycle 5: BEND Index,3010,3312,2830,3049,2863,3040,2910,9432.258065,14381.609195,7606.324111,9910.707457,7901.136364,9797.156398,8349.367089,0.163527,1.016555,0.111218,0.101429,0.032828,0.197229,0.098944
983050,58.0367,23,Middle_Prep_Open,Middle,prep_open,0,0.0367,OPEN HAND - prepare for Middle,3021,3330,2842,3066,2864,3064,2909,9563.687151,14800.000000,7711.731844,10130.612245,7910.316816,10104.364694,8339.460371,0.179739,1.075221,0.126617,0.125869,0.034028,0.234770,0.097640
983100,58.0909,23,Middle_Prep_Open,Middle,prep_open,0,0.0909,OPEN HAND - prepare for Middle,3025,3327,2849,3068,2858,3050,2908,9612.149533,14728.906250,7774.157303,10156.962025,7855.456750,9923.444976,8329.570345,0.185717,1.065253,0.135737,0.128797,0.026857,0.212661,0.096338
983150,58.2175,23,Middle_Prep_Open,Middle,prep_open,0,0.2175,OPEN HAND - prepare for Middle,3027,3212,2839,3083,2864,3077,2915,9636.516854,12367.836920,7685.191083,10357.905138,7910.316816,10276.817289,8399.152542,0.188723,0.734189,0.122740,0.151129,0.034028,0.255844,0.105496
983200,58.2176,23,Middle_Prep_Open,Middle,prep_open,0,0.2176,OPEN HAND - prepare for Middle,3024,3194,2851,3055,2860,3069,2911,9600.000000,12052.830189,7792.122186,9987.500000,7873.684211,10170.175439,8359.290541,0.184219,0.690019,0.138362,0.109964,0.029240,0.242812,0.100250
983250,58.2286,23,Middle_Prep_Open,Middle,prep_open,0,0.2286,OPEN HAND - prepare for Middle,3021,3162,2835,3060,2845,3031,2923,9563.687151,11522.829582,7650.000000,10052.173913,7738.400000,9685.526316,8479.692833,0.179739,0.615704,0.117599,0.117151,0.011556,0.183587,0.116097
983300,58.2720,23,Middle_Prep_Open,Middle,prep_open,0,0.2720,OPEN HAND - prepare for Middle,3021,3142,2823,3065,2859,3052,2918,9563.687151,11209.653725,7545.754717,10117.475728,7864.563107,9948.993289,8429.226848,0.179739,0.571791,0.102369,0.124409,0.028047,0.215784,0.109455
983350,58.3266,23,Middle_Prep_Open,Middle,prep_open,0,0.3266,OPEN HAND - prepare for Middle,3024,3144,2842,3059,2854,3042,2911,9600.000000,11240.378549,7711.731844,10039.189189,7819.178082,9822.222222,8359.290541,0.184219,0.576099,0.126617,0.115708,0.022115,0.200292,0.100250
983400,58.4862,23,Middle_Prep_Open,Middle,prep_open,0,0.4862,OPEN HAND - prepare for Middle,3030,3119,2819,3044,2842,3022,2914,9673.239437,10865.368852,7511.442006,9847.383444,7711.731844,9575.768872,8389.161727,0.193253,0.523516,0.097357,0.094392,0.008070,0.170175,0.104181
983450,58.4863,23,Middle_Prep_Open,Middle,prep_open,0,0.4863,OPEN HAND - prepare for Middle,3037,3062,2794,3053,2851,3023,2920,9759.735350,10078.218780,7301.767871,9961.804223,7792.122186,9587.873134,8449.361702,0.203923,0.413144,0.066725,0.107108,0.018578,0.171654,0.112105
983500,58.4863,23,Middle_Prep_Open,Middle,prep_open,0,0.4863,OPEN HAND - prepare for Middle,3032,3113,2800,3036,2851,3039,2910,9697.836312,10778.207739,7351.351351,9747.308782,7792.122186,9784.659091,8349.367089,0.196287,0.511295,0.073969,0.083270,0.018578,0.195702,0.098944
983550,58.5511,23,Middle_Prep_Open,Middle,prep_open,0,0.5511,OPEN HAND - prepare for Middle,3025,3073,2799,3030,2836,3053,2914,9612.149533,10223.287671,7343.055556,9673.239437,7658.776807,9961.804223,8389.161727,0.185717,0.433485,0.072757,0.075038,0.001147,0.217349,0.104181
983600,58.5731,23,Middle_Prep_Open,Middle,prep_open,0,0.5731,OPEN HAND - prepare for Middle,3003,3106,2797,3041,2848,3028,2915,9350.000000,10677.856421,7326.502311,9809.677419,7765.196472,9648.734770,8399.152542,0.153380,0.497224,0.070338,0.090201,0.015058,0.179091,0.105496
983650,58.7476,23,Middle_Prep_Open,Middle,prep_open,0,0.7476,OPEN HAND - prepare for Middle,3021,3105,2809,3028,2849,3025,2908,9563.687151,10663.636364,7426.594090,9648.734770,7774.157303,9612.149533,8329.570345,0.179739,0.495230,0.084961,0.072315,0.016230,0.174621,0.096338
983700,58.7477,23,Middle_Prep_Open,Middle,prep_open,0,0.7477,OPEN HAND - prepare for Middle,3021,3116,2818,3037,2840,3013,2905,9563.687151,10821.654750,7502.897416,9759.735350,7694.023904,9467.837338,8300.000000,0.179739,0.517387,0.096108,0.084651,0.005755,0.156985,0.092446
983750,58.7477,23,Middle_Prep_Open,Middle,prep_open,0,0.7477,OPEN HAND - prepare for Middle,3005,3085,2804,3039,2853,3022,2906,9373.394495,10385.148515,7384.663052,9784.659091,7810.144928,9575.768872,8309.840202,0.156265,0.456181,0.078835,0.087421,0.020934,0.170175,0.093741
983800,58.7802,23,Middle_Prep_Open,Middle,prep_open,0,0.7802,OPEN HAND - prepare for Middle,3010,3106,2809,3037,2849,3011,2892,9432.258065,10677.856421,7426.594090,9759.735350,7774.157303,9444.095941,8173.566085,0.163527,0.497224,0.084961,0.084651,0.016230,0.154084,0.075805
983850,58.8459,23,Middle_Prep_Open,Middle,prep_open,0,0.8459,OPEN HAND - prepare for Middle,3008,3074,2802,3027,2837,2987,2908,9408.647654,10236.630754,7367.981439,9636.516854,7667.567568,9165.884477,8329.570345,0.160614,0.435356,0.076398,0.070957,0.002296,0.120086,0.096338
983900,58.9930,23,Middle_Prep_Open,Middle,prep_open,0,0.9930,OPEN HAND - prepare for Middle,2993,3052,2796,3029,2848,3001,2911,9234.301270,9948.993289,7318.244804,9660.975610,7765.196472,9326.691042,8359.290541,0.139107,0.395024,0.069132,0.073675,0.015058,0.139737,0.100250
983950,58.9931,23,Middle_Prep_Open,Middle,prep_open,0,0.9931,OPEN HAND - prepare for Middle,3009,3060,2806,3025,2848,3023,2901,9420.441989,10052.173913,7401.396431,9612.149533,7765.196472,9587.873134,8260.804020,0.162069,0.409492,0.081280,0.068249,0.015058,0.171654,0.087287
984000,58.9931,23,Middle_Prep_Open,Middle,prep_open,0,0.9931,OPEN HAND - prepare for Middle,3022,3069,2800,3015,2836,3029,2905,9575.768872,10170.175439,7351.351351,9491.666667,7658.776807,9660.975610,8300.000000,0.181230,0.426038,0.073969,0.054859,0.001147,0.180587,0.092446
984050,59.0263,23,Middle_Prep_Open,Middle,prep_open,0,1.0263,OPEN HAND - prepare for Middle,3013,3057,2800,3022,2846,3035,2906,9467.837338,10013.294798,7351.351351,9575.768872,7747.317854,9734.905660,8309.840202,0.167916,0.404041,0.073969,0.064206,0.012721,0.189622,0.093741
984100,59.0809,23,Middle_Prep_Open,Middle,prep_open,0,1.0809,OPEN HAND - prepare for Middle,3019,3123,2819,3017,2842,3067,2901,9539.591078,10924.074074,7511.442006,9515.584416,7711.731844,10143.774319,8260.804020,0.176767,0.531748,0.097357,0.057517,0.008070,0.239586,0.087287
984150,59.2549,23,Middle_Prep_Open,Middle,prep_open,0,1.2549,OPEN HAND - prepare for Middle,3010,3153,2835,3002,2833,3053,2897,9432.258065,11380.254777,7650.000000,9338.334858,7632.488114,9961.804223,8221.869783,0.163527,0.595713,0.117599,0.037819,-0.002289,0.217349,0.082162
984200,59.2550,23,Middle_Prep_Open,Middle,prep_open,0,1.2550,OPEN HAND - prepare for Middle,2992,3179,2842,3003,2843,3054,2900,9222.846782,11799.781659,7711.731844,9350.000000,7720.607029,9974.639769,8251.046025,0.137694,0.654538,0.126617,0.039115,0.009230,0.218918,0.086003
984250,59.2550,23,Middle_Prep_Open,Middle,prep_open,0,1.2550,OPEN HAND - prepare for Middle,2991,3155,2846,2996,2843,3065,2898,9211.413043,11411.702128,7747.317854,9268.789809,7720.607029,10117.475728,8231.578947,0.136284,0.600122,0.131816,0.030090,0.009230,0.236372,0.083440
984300,59.2873,23,Middle_Prep_Open,Middle,prep_open,0,1.2873,OPEN HAND - prepare for Middle,2995,3219,2868,2978,2830,3069,2890,9257.272727,12493.835616,7947.188264,9064.637422,7606.324111,10170.175439,8154.356846,0.141941,0.751856,0.161015,0.007401,-0.005709,0.242812,0.073276
984350,59.3409,23,Middle_Prep_Open,Middle,prep_open,0,1.3409,OPEN HAND - prepare for Middle,2992,3304,2837,2987,2848,3085,2890,9222.846782,14201.769912,7667.567568,9165.884477,7765.196472,10385.148515,8154.356846,0.137694,0.991339,0.120165,0.018653,0.015058,0.269082,0.073276
984400,59.5192,23,Middle_Prep_Open,Middle,prep_open,0,1.5192,OPEN HAND - prepare for Middle,3020,3158,2859,2977,2849,3067,2883,9551.627907,11459.124867,7864.563107,9053.488372,7774.157303,10143.774319,8087.623762,0.178252,0.606772,0.148944,0.006162,0.016230,0.239586,0.064493
984450,59.5193,23,Middle_Prep_Open,Middle,prep_open,0,1.5193,OPEN HAND - prepare for Middle,3024,3183,2866,2973,2839,3049,2887,9600.000000,11866.447368,7928.722539,9009.090909,7685.191083,9910.707457,8125.662252,0.184219,0.663885,0.158318,0.001228,0.004600,0.211105,0.069500
984500,59.5193,23,Middle_Prep_Open,Middle,prep_open,0,1.5193,OPEN HAND - prepare for Middle,2996,3136,2833,2979,2851,3029,2886,9268.789809,11118.248175,7632.488114,9075.806452,7792.122186,9660.975610,8116.129032,0.143362,0.558975,0.115040,0.008642,0.018578,0.180587,0.068245
984550,59.5517,23,Middle_Prep_Open,Middle,prep_open,0,1.5517,OPEN HAND - prepare for Middle,3001,3139,2813,2970,2844,3025,2879,9326.691042,11163.807531,7460.374415,8976.000000,7729.496403,9612.149533,8049.835526,0.150504,0.565363,0.089896,-0.002450,0.010392,0.174621,0.059519
984600,59.5731,23,Middle_Prep_Open,Middle,prep_open,0,1.5731,OPEN HAND - prepare for Middle,2994,3143,2819,2954,2832,3001,2886,9245.776567,11225.000000,7511.442006,8802.453988,7623.752969,9326.691042,8116.129032,0.140523,0.573943,0.097357,-0.021737,-0.003431,0.139737,0.068245
984650,59.6161,23,Middle_Prep_Open,Middle,prep_open,0,1.6161,OPEN HAND - prepare for Middle,2972,3113,2844,2968,2847,2988,2883,8998.040962,10778.207739,7729.496403,8954.037267,7756.250000,9177.235772,8087.623762,0.109963,0.511295,0.129212,-0.004890,0.013889,0.121473,0.064493
984700,59.7684,23,Middle_Prep_Open,Middle,prep_open,0,1.7684,OPEN HAND - prepare for Middle,2986,3122,2847,2970,2848,2993,2878,9154.553652,10909.352518,7756.250000,8976.000000,7765.196472,9234.301270,8040.427280,0.129270,0.529684,0.133121,-0.002450,0.015058,0.128447,0.058281
984750,59.7684,23,Middle_Prep_Open,Middle,prep_open,0,1.7684,OPEN HAND - prepare for Middle,2986,3105,2848,2947,2837,2964,2876,9154.553652,10663.636364,7765.196472,8728.048780,7667.567568,8910.344828,8021.657096,0.129270,0.495230,0.134428,-0.030006,0.002296,0.088859,0.055810
984800,59.7684,23,Middle_Prep_Open,Middle,prep_open,0,1.7684,OPEN HAND - prepare for Middle,2972,3063,2838,2958,2842,2987,2886,8998.040962,10091.279070,7676.372315,8845.382586,7711.731844,9165.884477,8116.129032,0.109963,0.414975,0.121451,-0.016966,0.008070,0.120086,0.068245
984850,59.8342,23,Middle_Prep_Open,Middle,prep_open,0,1.8342,OPEN HAND - prepare for Middle,2977,3056,2827,2960,2840,2990,2882,9053.488372,10000.384986,7580.283912,8866.960352,7694.023904,9200.000000,8078.153339,0.116803,0.402230,0.107414,-0.014568,0.005755,0.124255,0.063246
984900,59.8784,23,Middle_Prep_Open,Middle,prep_open,0,1.8784,OPEN HAND - prepare for Middle,2976,3050,2821,2950,2834,2995,2886,9042.359249,9923.444976,7528.571429,8759.825328,7641.237113,9257.272727,8116.129032,0.115430,0.391442,0.099859,-0.026474,-0.001145,0.131254,0.068245
984950,60.0132,23,Middle_Prep_Open,Middle,prep_open,0,2.0132,OPEN HAND - prepare for Middle,2964,3049,2821,2966,2844,2997,2890,8910.344828,9910.707457,7528.571429,8932.152347,7729.496403,9280.327869,8154.356846,0.099145,0.389656,0.099859,-0.007323,0.010392,0.134072,0.073276
985000,60.0132,23,Middle_Prep_Open,Middle,prep_open,0,2.0132,OPEN HAND - prepare for Middle,2975,3056,2815,2968,2846,2993,2892,9031.250000,10000.384986,7477.343750,8954.037267,7747.317854,9234.301270,8173.566085,0.114060,0.402230,0.092375,-0.004890,0.012721,0.128447,0.075805
985050,60.0459,23,Middle_Prep_Open,Middle,prep_open,0,2.0459,OPEN HAND - prepare for Middle,2975,3049,2833,2968,2834,2980,2886,9031.250000,9910.707457,7632.488114,8954.037267,7641.237113,9086.995516,8116.129032,0.114060,0.389656,0.115040,-0.004890,-0.001145,0.110446,0.068245
985100,60.0893,23,Middle_Prep_Open,Middle,prep_open,0,2.0893,OPEN HAND - prepare for Middle,2978,3025,2825,2995,2848,2991,2889,9064.637422,9612.149533,7562.992126,9257.272727,7765.196472,9211.413043,8144.776119,0.118178,0.347793,0.104888,0.028810,0.015058,0.125650,0.072015
985150,60.1332,23,Middle_Prep_Open,Middle,prep_open,0,2.1332,OPEN HAND - prepare for Middle,2984,3017,2832,3004,2845,2979,2884,9131.953195,9515.584416,7623.752969,9361.686526,7738.400000,9075.806452,8097.109827,0.126482,0.334253,0.113764,0.040414,0.011556,0.109079,0.065741
985200,60.2669,23,Middle_Prep_Open,Middle,prep_open,0,2.2669,OPEN HAND - prepare for Middle,2980,3016,2818,2996,2835,2977,2885,9086.995516,9503.614458,7502.897416,9268.789809,7650.000000,9053.488372,8106.611570,0.120936,0.332574,0.096108,0.030090,0.000000,0.106351,0.066992
985250,60.2670,23,Middle_Prep_Open,Middle,prep_open,0,2.2670,OPEN HAND - prepare for Middle,2972,2999,2812,2988,2848,2974,2892,8998.040962,9303.467153,7451.909587,9177.235772,7765.196472,9020.160571,8173.566085,0.109963,0.304510,0.088659,0.019915,0.015058,0.102279,0.075805
985300,60.2773,23,Middle_Prep_Open,Middle,prep_open,0,2.2773,OPEN HAND - prepare for Middle,2982,3003,2820,2979,2848,2979,2891,9109.433962,9350.000000,7520.000000,9075.806452,7765.196472,9075.806452,8163.953488,0.123704,0.311035,0.098607,0.008642,0.015058,0.109079,0.074539
985350,60.3205,23,Middle_Prep_Open,Middle,prep_open,0,2.3205,OPEN HAND - prepare for Middle,2979,3002,2821,2970,2839,2968,2888,9075.806452,9338.334858,7528.571429,8976.000000,7685.191083,8954.037267,8135.211268,0.119556,0.309399,0.099859,-0.002450,0.004600,0.094198,0.070756
985400,60.3856,23,Middle_Prep_Open,Middle,prep_open,0,2.3856,OPEN HAND - prepare for Middle,2959,2989,2807,2973,2851,2981,2893,8856.161972,9188.607595,7409.782609,9009.090909,7792.122186,9098.204668,8183.194676,0.092462,0.288405,0.082505,0.001228,0.018578,0.111816,0.077072
985450,60.5262,23,Middle_Prep_Open,Middle,prep_open,0,2.5262,OPEN HAND - prepare for Middle,2968,2980,2813,2973,2850,2969,2889,8954.037267,9086.995516,7460.374415,9009.090909,7783.132530,8965.008881,8144.776119,0.104535,0.274157,0.089896,0.001228,0.017403,0.095539,0.072015
985500,60.5263,23,Middle_Prep_Open,Middle,prep_open,0,2.5263,OPEN HAND - prepare for Middle,2965,2976,2816,2973,2842,2964,2886,8921.238938,9042.359249,7485.848319,9009.090909,7711.731844,8910.344828,8116.129032,0.100489,0.267898,0.093618,0.001228,0.008070,0.088859,0.068245
985550,60.5263,23,Middle_Prep_Open,Middle,prep_open,0,2.5263,OPEN HAND - prepare for Middle,2954,2966,2808,2969,2853,2965,2893,8802.453988,8932.152347,7418.181818,8965.008881,7810.144928,8921.238938,8183.194676,0.085836,0.252445,0.083732,-0.003671,0.020934,0.090190,0.077072
985600,60.5912,23,Middle_Prep_Open,Middle,prep_open,0,2.5912,OPEN HAND - prepare for Middle,2964,2982,2811,2961,2850,2978,2884,8910.344828,9109.433962,7443.457944,8877.777778,7783.132530,9064.637422,8097.109827,0.099145,0.277303,0.087425,-0.013365,0.017403,0.107714,0.065741
985650,60.6457,23,Middle_Prep_Open,Middle,prep_open,0,2.6457,OPEN HAND - prepare for Middle,2965,2985,2802,2952,2845,2954,2884,8921.238938,9143.243243,7367.981439,8781.102362,7738.400000,8802.453988,8097.109827,0.100489,0.282044,0.076398,-0.024110,0.011556,0.075675,0.065741
985700,60.7838,23,Middle_Prep_Open,Middle,prep_open,0,2.7838,OPEN HAND - prepare for Middle,2951,2982,2793,2950,2858,2968,2891,8770.454545,9109.433962,7293.548387,8759.825328,7855.456750,8954.037267,8163.953488,0.081889,0.277303,0.065524,-0.026474,0.026857,0.094198,0.074539
985750,60.7838,23,Middle_Prep_Open,Middle,prep_open,0,2.7838,OPEN HAND - prepare for Middle,2962,2979,2791,2954,2856,2962,2886,8888.614298,9075.806452,7277.147239,8802.453988,7837.288136,8888.614298,8116.129032,0.096465,0.272588,0.063128,-0.021737,0.024482,0.086203,0.068245
985800,60.7949,23,Middle_Prep_Open,Middle,prep_open,0,2.7949,OPEN HAND - prepare for Middle,2960,2961,2789,2946,2846,2947,2884,8866.960352,8877.777778,7260.796325,8717.493473,7747.317854,8728.048780,8097.109827,0.093794,0.244821,0.060739,-0.031179,0.012721,0.066582,0.065741
985850,60.8162,23,Middle_Prep_Open,Middle,prep_open,0,2.8162,OPEN HAND - prepare for Middle,2947,2953,2781,2946,2856,2951,2886,8728.048780,8791.768827,7195.890411,8717.493473,7837.288136,8770.454545,8116.129032,0.076658,0.232761,0.051257,-0.031179,0.024482,0.071764,0.068245
985900,60.8911,23,Middle_Prep_Open,Middle,prep_open,0,2.8911,OPEN HAND - prepare for Middle,2960,2958,2791,2948,2858,2950,2881,8866.960352,8845.382586,7277.147239,8738.622493,7855.456750,8759.825328,8068.698517,0.093794,0.240279,0.063128,-0.028831,0.026857,0.070465,0.062002
985950,61.0411,23,Middle_Prep_Open,Middle,prep_open,0,3.0411,OPEN HAND - prepare for Middle,2957,2949,2794,2941,2847,2954,2882,8834.622144,8749.214660,7301.767871,8664.991334,7756.250000,8802.453988,8078.153339,0.089805,0.226794,0.066725,-0.037014,0.013889,0.075675,0.063246
986000,61.0412,23,Middle_Prep_Open,Middle,prep_open,0,3.0412,OPEN HAND - prepare for Middle,2946,2938,2783,2951,2858,2968,2887,8717.493473,8633.707865,7212.042683,8770.454545,7855.456750,8954.037267,8125.662252,0.075356,0.210598,0.053617,-0.025293,0.026857,0.094198,0.069500
986050,61.0412,23,Middle_Prep_Open,Middle,prep_open,0,3.0412,OPEN HAND - prepare for Middle,2957,2944,2791,2954,2856,2961,2880,8834.622144,8696.437880,7277.147239,8802.453988,7837.288136,8877.777778,8059.259259,0.089805,0.219394,0.063128,-0.021737,0.024482,0.084879,0.060760
986100,61.0734,23,Middle_Prep_Open,Middle,prep_open,0,3.0734,OPEN HAND - prepare for Middle,2948,2945,2787,2946,2845,2950,2878,8738.622493,8706.956522,7244.495413,8717.493473,7738.400000,8759.825328,8040.427280,0.077962,0.220869,0.058358,-0.031179,0.011556,0.070465,0.058281
986150,61.1485,23,Middle_Prep_Open,Middle,prep_open,0,3.1485,OPEN HAND - prepare for Middle,2939,2931,2777,2949,2854,2965,2884,8644.117647,8561.340206,7163.732929,8749.214660,7819.178082,8921.238938,8097.109827,0.066305,0.200451,0.046559,-0.027653,0.022115,0.090190,0.065741
986200,61.2995,23,Middle_Prep_Open,Middle,prep_open,0,3.2995,OPEN HAND - prepare for Middle,2951,2944,2791,2952,2853,2959,2878,8770.454545,8696.437880,7277.147239,8781.102362,7810.144928,8856.161972,8040.427280,0.081889,0.219394,0.063128,-0.024110,0.020934,0.082238,0.058281
986250,61.2996,23,Middle_Prep_Open,Middle,prep_open,0,3.2996,OPEN HAND - prepare for Middle,2949,2941,2784,2942,2836,2945,2878,8749.214660,8664.991334,7220.137300,8675.455334,7658.776807,8706.956522,8040.427280,0.079269,0.214985,0.054799,-0.035851,0.001147,0.064005,0.058281
986300,61.2996,23,Middle_Prep_Open,Middle,prep_open,0,3.2996,OPEN HAND - prepare for Middle,2936,2934,2779,2950,2852,2955,2882,8612.942192,8592.248062,7179.787234,8759.825328,7801.126307,8813.157895,8078.153339,0.062459,0.204785,0.048905,-0.026474,0.019755,0.076983,0.063246
986350,61.3324,23,Middle_Prep_Open,Middle,prep_open,0,3.3324,OPEN HAND - prepare for Middle,2952,2948,2787,2944,2852,2943,2876,8781.102362,8738.622493,7244.495413,8696.437880,7801.126307,8685.937500,8021.657096,0.083203,0.225309,0.058358,-0.033519,0.019755,0.061436,0.055810
986400,61.3864,23,Middle_Prep_Open,Middle,prep_open,0,3.3864,OPEN HAND - prepare for Middle,2948,2942,2787,2935,2839,2939,2879,8738.622493,8675.455334,7244.495413,8602.586207,7685.191083,8644.117647,8049.835526,0.077962,0.216452,0.058358,-0.043949,0.004600,0.056326,0.059519
986450,61.5555,23,Middle_Prep_Open,Middle,prep_open,0,3.5555,OPEN HAND - prepare for Middle,2935,2931,2782,2939,2850,2958,2879,8602.586207,8561.340206,7203.960396,8644.117647,7783.132530,8845.382586,8049.835526,0.061181,0.200451,0.052436,-0.039333,0.017403,0.080920,0.059519
986500,61.5556,23,Middle_Prep_Open,Middle,prep_open,0,3.5556,OPEN HAND - prepare for Middle,2947,2946,2788,2939,2847,2959,2876,8728.048780,8717.493473,7252.639633,8644.117647,7756.250000,8856.161972,8021.657096,0.076658,0.222346,0.059548,-0.039333,0.013889,0.082238,0.055810
986550,61.5556,23,Middle_Prep_Open,Middle,prep_open,0,3.5556,OPEN HAND - prepare for Middle,2946,2938,2783,2932,2836,2950,2874,8717.493473,8633.707865,7212.042683,8571.625107,7658.776807,8759.825328,8002.948403,0.075356,0.210598,0.053617,-0.047390,0.001147,0.070465,0.053348
986600,61.5776,23,Middle_Prep_Open,Middle,prep_open,0,3.5776,OPEN HAND - prepare for Middle,2936,2931,2771,2939,2852,2957,2879,8612.942192,8561.340206,7115.861027,8644.117647,7801.126307,8834.622144,8049.835526,0.062459,0.200451,0.039566,-0.039333,0.019755,0.079606,0.059519
986650,61.6312,23,Middle_Prep_Open,Middle,prep_open,0,3.6312,OPEN HAND - prepare for Middle,2949,2935,2778,2939,2850,2945,2871,8749.214660,8602.586207,7171.753986,8644.117647,7783.132530,8706.956522,7975.000000,0.079269,0.206234,0.047731,-0.039333,0.017403,0.064005,0.049669
986700,61.8188,23,Middle_Prep_Open,Middle,prep_open,0,3.8188,OPEN HAND - prepare for Middle,2946,2929,2774,2933,2839,2939,2866,8717.493473,8540.823328,7139.742619,8581.927711,7685.191083,8644.117647,7928.722539,0.075356,0.197574,0.043055,-0.046245,0.004600,0.056326,0.043578
986750,61.8189,23,Middle_Prep_Open,Middle,prep_open,0,3.8189,OPEN HAND - prepare for Middle,2937,2913,2768,2938,2854,2947,2875,8623.316062,8379.187817,7092.087415,8633.707865,7819.178082,8728.048780,8012.295082,0.063739,0.174910,0.036092,-0.040490,0.022115,0.066582,0.054578
986800,61.8189,23,Middle_Prep_Open,Middle,prep_open,0,3.8189,OPEN HAND - prepare for Middle,2945,2925,2776,2946,2849,2951,2874,8706.956522,8500.000000,7155.724033,8717.493473,7774.157303,8770.454545,8002.948403,0.074056,0.191850,0.045389,-0.031179,0.016230,0.071764,0.053348
986850,61.8405,23,Middle_Prep_Open,Middle,prep_open,0,3.8405,OPEN HAND - prepare for Middle,2943,2915,2775,2929,2841,2940,2874,8685.937500,8399.152542,7147.727273,8540.823328,7702.870813,8654.545455,8002.948403,0.071463,0.177709,0.044221,-0.050813,0.006911,0.057600,0.053348
986900,61.8841,23,Middle_Prep_Open,Middle,prep_open,0,3.8841,OPEN HAND - prepare for Middle,2935,2912,2767,2941,2852,2955,2878,8602.586207,8369.230769,7084.186747,8664.991334,7801.126307,8813.157895,8040.427280,0.061181,0.173514,0.034938,-0.037014,0.019755,0.076983,0.058281
986950,61.9275,23,Middle_Prep_Open,Middle,prep_open,0,3.9275,OPEN HAND - prepare for Middle,2947,2931,2772,2946,2853,2957,2872,8728.048780,8561.340206,7123.809524,8717.493473,7810.144928,8834.622144,7984.300899,0.076658,0.200451,0.040727,-0.031179,0.020934,0.079606,0.050894
987000,62.0715,24,Middle_C1_Open,Middle,open,1,0.0715,Middle cycle 1: OPEN,2947,2924,2775,2945,2838,2953,2875,8728.048780,8489.837746,7147.727273,8706.956522,7676.372315,8791.768827,8012.295082,0.076658,0.190425,0.044221,-0.032350,0.003447,0.074369,0.054578
987050,62.0719,24,Middle_C1_Open,Middle,open,1,0.0719,Middle cycle 1: OPEN,2936,2906,2768,2949,2852,2959,2879,8612.942192,8309.840202,7092.087415,8749.214660,7801.126307,8856.161972,8049.835526,0.062459,0.165186,0.036092,-0.027653,0.019755,0.082238,0.059519
987100,62.0936,24,Middle_C1_Open,Middle,open,1,0.0936,Middle cycle 1: OPEN,2947,2919,2776,2948,2853,2963,2878,8728.048780,8439.285714,7155.724033,8738.622493,7810.144928,8899.469965,8040.427280,0.076658,0.183337,0.045389,-0.028831,0.020934,0.087530,0.058281
987150,62.1370,24,Middle_C1_Open,Middle,open,1,0.1370,Middle cycle 1: OPEN,2942,2911,2774,2945,2839,2959,2874,8675.455334,8359.290541,7139.742619,8706.956522,7685.191083,8856.161972,8002.948403,0.070170,0.172120,0.043055,-0.032350,0.004600,0.082238,0.053348
987200,62.3300,24,Middle_C1_Open,Middle,open,1,0.3300,Middle cycle 1: OPEN,2937,2902,2766,2946,2852,2961,2877,8623.316062,8270.578374,7076.297968,8717.493473,7801.126307,8877.777778,8031.034483,0.063739,0.159681,0.033786,-0.031179,0.019755,0.084879,0.057045
987250,62.3301,24,Middle_C1_Open,Middle,open,1,0.3301,Middle cycle 1: OPEN,2949,2912,2786,2952,2848,2963,2873,8749.214660,8369.230769,7236.363636,8781.102362,7765.196472,8899.469965,7993.617021,0.079269,0.173514,0.057170,-0.024110,0.015058,0.087530,0.052120
987300,62.3302,24,Middle_C1_Open,Middle,open,1,0.3302,Middle cycle 1: OPEN,2947,2912,2777,2951,2840,2955,2875,8728.048780,8369.230769,7163.732929,8770.454545,7694.023904,8813.157895,8012.295082,0.076658,0.173514,0.046559,-0.025293,0.005755,0.076983,0.054578
987350,62.3302,24,Middle_C1_Open,Middle,open,1,0.3302,Middle cycle 1: OPEN,2935,2897,2769,2959,2851,2959,2873,8602.586207,8221.869783,7100.000000,8856.161972,7792.122186,8856.161972,7993.617021,0.061181,0.152851,0.037248,-0.015768,0.018578,0.082238,0.052120
987400,62.3851,24,Middle_C1_Open,Middle,open,1,0.3851,Middle cycle 1: OPEN,2942,2906,2780,2963,2850,2948,2868,8675.455334,8309.840202,7187.832700,8899.469965,7783.132530,8738.622493,7947.188264,0.070170,0.165186,0.050080,-0.010955,0.017403,0.067874,0.046009
987450,62.4295,24,Middle_C1_Open,Middle,open,1,0.4295,Middle cycle 1: OPEN,2936,2903,2776,2948,2837,2940,2873,8612.942192,8280.369128,7155.724033,8738.622493,7667.567568,8654.545455,7993.617021,0.062459,0.161054,0.045389,-0.028831,0.002296,0.057600,0.052120
987500,62.5793,24,Middle_C1_Open,Middle,open,1,0.5793,Middle cycle 1: OPEN,2934,2892,2770,2960,2847,2956,2870,8592.248062,8173.566085,7107.924528,8866.960352,7756.250000,8823.880597,7965.714286,0.059906,0.146078,0.038406,-0.014568,0.013889,0.078293,0.048447
987550,62.5793,24,Middle_C1_Open,Middle,open,1,0.5793,Middle cycle 1: OPEN,2939,2902,2781,2952,2847,2952,2871,8644.117647,8270.578374,7195.890411,8781.102362,7756.250000,8781.102362,7975.000000,0.066305,0.159681,0.051257,-0.024110,0.013889,0.073065,0.049669
987600,62.5794,24,Middle_C1_Open,Middle,open,1,0.5794,Middle cycle 1: OPEN,2942,2897,2796,2939,2837,2946,2869,8675.455334,8221.869783,7318.244804,8644.117647,7667.567568,8717.493473,7956.443719,0.070170,0.152851,0.069132,-0.039333,0.002296,0.065292,0.047227
987650,62.6233,24,Middle_C1_Open,Middle,open,1,0.6233,Middle cycle 1: OPEN,2931,2887,2793,2952,2848,2948,2876,8561.340206,8125.662252,7293.548387,8781.102362,7765.196472,8738.622493,8021.657096,0.056094,0.139361,0.065524,-0.024110,0.015058,0.067874,0.055810
987700,62.7001,24,Middle_C1_Open,Middle,open,1,0.7001,Middle cycle 1: OPEN,2940,2892,2797,2948,2848,2947,2878,8654.545455,8173.566085,7326.502311,8738.622493,7765.196472,8728.048780,8040.427280,0.067591,0.146078,0.070338,-0.028831,0.015058,0.066582,0.058281
987750,62.8325,24,Middle_C1_Open,Middle,open,1,0.8325,Middle cycle 1: OPEN,2938,2896,2794,2943,2838,2943,2873,8633.707865,8212.176814,7301.767871,8685.937500,7676.372315,8685.937500,7993.617021,0.065021,0.151492,0.066725,-0.034686,0.003447,0.061436,0.052120
987800,62.8326,24,Middle_C1_Open,Middle,open,1,0.8326,Middle cycle 1: OPEN,2931,2892,2788,2952,2851,2959,2880,8561.340206,8173.566085,7252.639633,8781.102362,7792.122186,8856.161972,8059.259259,0.056094,0.146078,0.059548,-0.024110,0.018578,0.082238,0.060760
987850,62.8326,24,Middle_C1_Open,Middle,open,1,0.8326,Middle cycle 1: OPEN,2941,2904,2796,2951,2853,2959,2876,8664.991334,8290.176322,7318.244804,8770.454545,7810.144928,8856.161972,8021.657096,0.068880,0.162429,0.069132,-0.025293,0.020934,0.082238,0.055810
987900,62.8764,24,Middle_C1_Open,Middle,open,1,0.8764,Middle cycle 1: OPEN,2941,2897,2800,2949,2843,2950,2877,8664.991334,8221.869783,7351.351351,8749.214660,7720.607029,8759.825328,8031.034483,0.068880,0.152851,0.073969,-0.027653,0.009230,0.070465,0.057045
987950,62.9525,24,Middle_C1_Open,Middle,open,1,0.9525,Middle cycle 1: OPEN,2933,2885,2789,2960,2851,2957,2880,8581.927711,8106.611570,7260.796325,8866.960352,7792.122186,8834.622144,8059.259259,0.058633,0.136690,0.060739,-0.014568,0.018578,0.079606,0.060760
988000,63.0925,24,Middle_C1_Open,Middle,open,1,1.0925,Middle cycle 1: OPEN,2943,2893,2795,2958,2850,2955,2877,8685.937500,8183.194676,7310.000000,8845.382586,7783.132530,8813.157895,8031.034483,0.071463,0.147428,0.067928,-0.016966,0.017403,0.076983,0.057045
988050,63.0926,24,Middle_C1_Open,Middle,open,1,1.0926,Middle cycle 1: OPEN,2937,2893,2791,2950,2837,2942,2875,8623.316062,8183.194676,7277.147239,8759.825328,7667.567568,8675.455334,8012.295082,0.063739,0.147428,0.063128,-0.026474,0.002296,0.060155,0.054578
988100,63.0926,24,Middle_C1_Open,Middle,open,1,1.0926,Middle cycle 1: OPEN,2927,2884,2781,2958,2851,2948,2875,8520.376712,8097.109827,7195.890411,8845.382586,7792.122186,8738.622493,8012.295082,0.051040,0.135358,0.051257,-0.016966,0.018578,0.067874,0.054578
988150,63.1467,24,Middle_C1_Open,Middle,open,1,1.1467,Middle cycle 1: OPEN,2933,2897,2782,2955,2849,2950,2871,8581.927711,8221.869783,7203.960396,8813.157895,7774.157303,8759.825328,7975.000000,0.058633,0.152851,0.052436,-0.020547,0.016230,0.070465,0.049669
988200,63.1904,24,Middle_C1_Open,Middle,open,1,1.1904,Middle cycle 1: OPEN,2937,2897,2784,2949,2838,2943,2872,8623.316062,8221.869783,7220.137300,8749.214660,7676.372315,8685.937500,7984.300899,0.063739,0.152851,0.054799,-0.027653,0.003447,0.061436,0.050894
988250,63.3501,24,Middle_C1_Open,Middle,open,1,1.3501,Middle cycle 1: OPEN,2921,2889,2770,2954,2848,2954,2876,8459.454855,8144.776119,7107.924528,8802.453988,7765.196472,8802.453988,8021.657096,0.043525,0.142041,0.038406,-0.021737,0.015058,0.075675,0.055810
988300,63.3502,24,Middle_C1_Open,Middle,open,1,1.3502,Middle cycle 1: OPEN,2933,2899,2771,2950,2846,2960,2872,8581.927711,8241.304348,7115.861027,8759.825328,7747.317854,8866.960352,7984.300899,0.058633,0.155576,0.039566,-0.026474,0.012721,0.083557,0.050894
988350,63.3502,24,Middle_C1_Open,Middle,open,1,1.3502,Middle cycle 1: OPEN,2943,2891,2770,2953,2833,2946,2868,8685.937500,8163.953488,7107.924528,8791.768827,7632.488114,8717.493473,7947.188264,0.071463,0.144730,0.038406,-0.022924,-0.002289,0.065292,0.046009
988400,63.3823,24,Middle_C1_Open,Middle,open,1,1.3823,Middle cycle 1: OPEN,2930,2887,2762,2960,2847,2966,2876,8551.072961,8125.662252,7044.861215,8866.960352,7756.250000,8932.152347,8021.657096,0.054827,0.139361,0.029193,-0.014568,0.013889,0.091524,0.055810
988450,63.4370,24,Middle_C1_Open,Middle,open,1,1.4370,Middle cycle 1: OPEN,2941,2897,2768,2966,2848,2960,2873,8664.991334,8221.869783,7092.087415,8932.152347,7765.196472,8866.960352,7993.617021,0.068880,0.152851,0.036092,-0.007323,0.015058,0.083557,0.052120
988500,63.6056,24,Middle_C1_Open,Middle,open,1,1.6056,Middle cycle 1: OPEN,2936,2896,2768,2963,2834,2952,2872,8612.942192,8212.176814,7092.087415,8899.469965,7641.237113,8781.102362,7984.300899,0.062459,0.151492,0.036092,-0.010955,-0.001145,0.073065,0.050894
988550,63.6057,24,Middle_C1_Open,Middle,open,1,1.6057,Middle cycle 1: OPEN,2928,2894,2763,2971,2846,2964,2876,8530.591260,8192.839301,7052.702703,8987.010676,7747.317854,8910.344828,8021.657096,0.052300,0.148781,0.030339,-0.001226,0.012721,0.088859,0.055810
988600,63.6057,24,Middle_C1_Open,Middle,open,1,1.6057,Middle cycle 1: OPEN,2939,2905,2769,2979,2843,2969,2875,8644.117647,8300.000000,7100.000000,9075.806452,7720.607029,8965.008881,8012.295082,0.066305,0.163806,0.037248,0.008642,0.009230,0.095539,0.054578
988650,63.6381,24,Middle_C1_Open,Middle,open,1,1.6381,Middle cycle 1: OPEN,2929,2913,2775,2988,2836,2964,2876,8540.823328,8379.187817,7147.727273,9177.235772,7658.776807,8910.344828,8021.657096,0.053563,0.174910,0.044221,0.019915,0.001147,0.088859,0.055810
988700,63.7030,24,Middle_C1_Open,Middle,open,1,1.7030,Middle cycle 1: OPEN,2924,2896,2766,2993,2848,2979,2881,8489.837746,8212.176814,7076.297968,9234.301270,7765.196472,9075.806452,8068.698517,0.047273,0.151492,0.033786,0.026257,0.015058,0.109079,0.062002
988750,63.8644,24,Middle_C1_Open,Middle,open,1,1.8644,Middle cycle 1: OPEN,2938,2901,2770,2993,2846,2975,2879,8633.707865,8260.804020,7107.924528,9234.301270,7747.317854,9031.250000,8049.835526,0.065021,0.158310,0.038406,0.026257,0.012721,0.103634,0.059519
988800,63.8645,24,Middle_C1_Open,Middle,open,1,1.8645,Middle cycle 1: OPEN,2931,2896,2767,2992,2835,2967,2879,8561.340206,8212.176814,7084.186747,9222.846782,7650.000000,8943.085106,8049.835526,0.056094,0.151492,0.034938,0.024984,0.000000,0.092860,0.059519
988850,63.8645,24,Middle_C1_Open,Middle,open,1,1.8645,Middle cycle 1: OPEN,2923,2887,2756,3004,2847,2990,2880,8479.692833,8125.662252,6998.058252,9361.686526,7756.250000,9200.000000,8059.259259,0.046022,0.139361,0.022356,0.040414,0.013889,0.124255,0.060760
988900,63.8867,24,Middle_C1_Open,Middle,open,1,1.8867,Middle cycle 1: OPEN,2933,2892,2765,3005,2847,2982,2878,8581.927711,8173.566085,7068.421053,9373.394495,7756.250000,9109.433962,8040.427280,0.058633,0.146078,0.032635,0.041715,0.013889,0.113188,0.058281
988950,63.9299,24,Middle_C1_Open,Middle,open,1,1.9299,Middle cycle 1: OPEN,2936,2891,2764,3003,2837,2968,2880,8612.942192,8163.953488,7060.555973,9350.000000,7667.567568,8954.037267,8059.259259,0.062459,0.144730,0.031486,0.039115,0.002296,0.094198,0.060760
989000,64.1260,25,Middle_C1_Bend,Middle,bend,1,0.1260,Middle cycle 1: BEND Middle,2921,2882,2753,2996,2847,2978,2882,8459.454855,8078.153339,6974.813711,9268.789809,7756.250000,9064.637422,8078.153339,0.043525,0.132700,0.018960,0.030090,0.013889,0.107714,0.063246
989050,64.1263,25,Middle_C1_Bend,Middle,bend,1,0.1263,Middle cycle 1: BEND Middle,2931,2896,2759,2999,2844,2975,2876,8561.340206,8212.176814,7021.407186,9303.467153,7729.496403,9031.250000,8021.657096,0.056094,0.151492,0.025767,0.033944,0.010392,0.103634,0.055810
989100,64.1263,25,Middle_C1_Bend,Middle,bend,1,0.1263,Middle cycle 1: BEND Middle,2931,2890,2759,2994,2838,2961,2875,8561.340206,8154.356846,7021.407186,9245.776567,7676.372315,8877.777778,8012.295082,0.056094,0.143385,0.025767,0.027532,0.003447,0.084879,0.054578
989150,64.1369,25,Middle_C1_Bend,Middle,bend,1,0.1369,Middle cycle 1: BEND Middle,2923,2891,2754,3001,2847,2972,2879,8479.692833,8163.953488,6982.550336,9326.691042,7756.250000,8998.040962,8049.835526,0.046022,0.144730,0.020090,0.036525,0.013889,0.099576,0.059519
989200,64.1905,25,Middle_C1_Bend,Middle,bend,1,0.1905,Middle cycle 1: BEND Middle,2940,2896,2759,2997,2846,2974,2877,8654.545455,8212.176814,7021.407186,9280.327869,7747.317854,9020.160571,8031.034483,0.067591,0.151492,0.025767,0.031372,0.012721,0.102279,0.057045
989250,64.2231,25,Middle_C1_Bend,Middle,bend,1,0.2231,Middle cycle 1: BEND Middle,2936,2887,2760,2998,2837,2965,2873,8612.942192,8125.662252,7029.213483,9291.886964,7667.567568,8921.238938,7993.617021,0.062459,0.139361,0.026907,0.032657,0.002296,0.090190,0.052120
989300,64.3918,25,Middle_C1_Bend,Middle,bend,1,0.3918,Middle cycle 1: BEND Middle,2927,2879,2757,3004,2849,2977,2874,8520.376712,8049.835526,7005.829596,9361.686526,7774.157303,9053.488372,8002.948403,0.051040,0.128729,0.023491,0.040414,0.016230,0.106351,0.053348
989350,64.3919,25,Middle_C1_Bend,Middle,bend,1,0.3919,Middle cycle 1: BEND Middle,2933,2884,2763,2999,2850,2975,2873,8581.927711,8097.109827,7052.702703,9303.467153,7783.132530,9031.250000,7993.617021,0.058633,0.135358,0.030339,0.033944,0.017403,0.103634,0.052120
989400,64.3919,25,Middle_C1_Bend,Middle,bend,1,0.3919,Middle cycle 1: BEND Middle,2934,2878,2765,2990,2835,2959,2872,8592.248062,8040.427280,7068.421053,9200.000000,7650.000000,8856.161972,7984.300899,0.059906,0.127410,0.032635,0.022445,0.000000,0.082238,0.050894
989450,64.4249,25,Middle_C1_Bend,Middle,bend,1,0.4249,Middle cycle 1: BEND Middle,2923,2867,2754,2999,2849,2967,2872,8479.692833,7937.947883,6982.550336,9303.467153,7774.157303,8943.085106,7984.300899,0.046022,0.113040,0.020090,0.033944,0.016230,0.092860,0.050894
989500,64.6274,25,Middle_C1_Bend,Middle,bend,1,0.6274,Middle cycle 1: BEND Middle,2934,2872,2762,2999,2846,2967,2871,8592.248062,7984.300899,7044.861215,9303.467153,7747.317854,8943.085106,7975.000000,0.059906,0.119540,0.029193,0.033944,0.012721,0.092860,0.049669
989550,64.6275,25,Middle_C1_Bend,Middle,bend,1,0.6275,Middle cycle 1: BEND Middle,2929,2872,2759,2998,2836,2956,2866,8540.823328,7984.300899,7021.407186,9291.886964,7658.776807,8823.880597,7928.722539,0.053563,0.119540,0.025767,0.032657,0.001147,0.078293,0.043578
989600,64.6275,25,Middle_C1_Bend,Middle,bend,1,0.6275,Middle cycle 1: BEND Middle,2921,2862,2749,3002,2847,2957,2872,8459.454855,7891.970803,6943.982169,9338.334858,7756.250000,8834.622144,7984.300899,0.043525,0.106594,0.014456,0.037819,0.013889,0.079606,0.050894
989650,64.6276,25,Middle_C1_Bend,Middle,bend,1,0.6276,Middle cycle 1: BEND Middle,2930,2872,2760,3009,2846,2961,2874,8551.072961,7984.300899,7029.213483,9420.441989,7747.317854,8877.777778,8002.948403,0.054827,0.119540,0.026907,0.046944,0.012721,0.084879,0.053348
989700,64.6931,25,Middle_C1_Bend,Middle,bend,1,0.6931,Middle cycle 1: BEND Middle,2928,2864,2757,2999,2835,2949,2875,8530.591260,7910.316816,7005.829596,9303.467153,7650.000000,8749.214660,8012.295082,0.052300,0.109166,0.023491,0.033944,0.000000,0.069169,0.054578
989750,64.7255,25,Middle_C1_Bend,Middle,bend,1,0.7255,Middle cycle 1: BEND Middle,2919,2860,2742,3006,2850,2960,2877,8439.285714,7873.684211,6890.465632,9385.123967,7783.132530,8866.960352,8031.034483,0.041037,0.104029,0.006637,0.043019,0.017403,0.083557,0.057045
989800,64.8881,25,Middle_C1_Bend,Middle,bend,1,0.8881,Middle cycle 1: BEND Middle,2928,2865,2755,2996,2846,2959,2875,8530.591260,7919.512195,6990.298507,9268.789809,7747.317854,8856.161972,8012.295082,0.052300,0.110455,0.021222,0.030090,0.012721,0.082238,0.054578
989850,64.8881,25,Middle_C1_Bend,Middle,bend,1,0.8881,Middle cycle 1: BEND Middle,2930,2867,2752,2994,2836,2947,2872,8551.072961,7937.947883,6967.088608,9245.776567,7658.776807,8728.048780,7984.300899,0.054827,0.113040,0.017831,0.027532,0.001147,0.066582,0.050894
989900,64.8882,25,Middle_C1_Bend,Middle,bend,1,0.8882,Middle cycle 1: BEND Middle,2921,2861,2744,3002,2847,2958,2873,8459.454855,7882.820097,6905.699482,9338.334858,7756.250000,8845.382586,7993.617021,0.043525,0.105310,0.008863,0.037819,0.013889,0.080920,0.052120
989950,64.9311,25,Middle_C1_Bend,Middle,bend,1,0.9311,Middle cycle 1: BEND Middle,2930,2876,2753,3006,2845,2956,2873,8551.072961,8021.657096,6974.813711,9385.123967,7738.400000,8823.880597,7993.617021,0.054827,0.124778,0.018960,0.043019,0.011556,0.078293,0.052120
990000,64.9748,25,Middle_C1_Bend,Middle,bend,1,0.9748,Middle cycle 1: BEND Middle,2934,2871,2751,3006,2834,2945,2872,8592.248062,7975.000000,6959.375000,9385.123967,7641.237113,8706.956522,7984.300899,0.059906,0.118236,0.016704,0.043019,-0.001145,0.064005,0.050894
990050,65.1504,25,Middle_C1_Bend,Middle,bend,1,1.1504,Middle cycle 1: BEND Middle,2927,2862,2744,3016,2847,2957,2875,8520.376712,7891.970803,6905.699482,9503.614458,7756.250000,8834.622144,8012.295082,0.051040,0.106594,0.008863,0.056187,0.013889,0.079606,0.054578
990100,65.1504,25,Middle_C1_Bend,Middle,bend,1,1.1504,Middle cycle 1: BEND Middle,2933,2877,2753,3017,2845,2960,2875,8581.927711,8031.034483,6974.813711,9515.584416,7738.400000,8866.960352,8012.295082,0.058633,0.126093,0.018960,0.057517,0.011556,0.083557,0.054578
990150,65.1504,25,Middle_C1_Bend,Middle,bend,1,1.1504,Middle cycle 1: BEND Middle,2938,2871,2756,3006,2834,2952,2873,8633.707865,7975.000000,6998.058252,9385.123967,7641.237113,8781.102362,7993.617021,0.065021,0.118236,0.022356,0.043019,-0.001145,0.073065,0.052120
990200,65.1723,25,Middle_C1_Bend,Middle,bend,1,1.1723,Middle cycle 1: BEND Middle,2928,2866,2747,3016,2847,2965,2876,8530.591260,7928.722539,6928.635015,9503.614458,7756.250000,8921.238938,8021.657096,0.052300,0.111747,0.012214,0.056187,0.013889,0.090190,0.055810
990250,65.2490,25,Middle_C1_Bend,Middle,bend,1,1.2490,Middle cycle 1: BEND Middle,2942,2872,2756,3016,2846,2961,2873,8675.455334,7984.300899,6998.058252,9503.614458,7747.317854,8877.777778,7993.617021,0.070170,0.119540,0.022356,0.056187,0.012721,0.084879,0.052120
990300,65.3979,25,Middle_C1_Bend,Middle,bend,1,1.3979,Middle cycle 1: BEND Middle,2948,2884,2769,3018,2836,2986,2874,8738.622493,8097.109827,7100.000000,9527.576602,7658.776807,9154.553652,8002.948403,0.077962,0.135358,0.037248,0.058850,0.001147,0.118702,0.053348
990350,65.3980,25,Middle_C1_Bend,Middle,bend,1,1.3980,Middle cycle 1: BEND Middle,2947,2944,2801,3047,2852,2990,2875,8728.048780,8696.437880,7359.659969,9885.305344,7801.126307,9200.000000,8012.295082,0.076658,0.219394,0.075183,0.098606,0.019755,0.124255,0.054578
990400,65.3980,25,Middle_C1_Bend,Middle,bend,1,1.3980,Middle cycle 1: BEND Middle,2954,2994,2861,3106,2861,2983,2885,8802.453988,9245.776567,7882.820097,10677.856421,7882.820097,9120.683453,8106.611570,0.085836,0.296421,0.151612,0.186687,0.030434,0.114563,0.066992
990450,65.4307,25,Middle_C1_Bend,Middle,bend,1,1.4307,Middle cycle 1: BEND Middle,2962,3004,2842,3108,2861,3027,2884,8888.614298,9361.686526,7711.731844,10706.382979,7882.820097,9636.516854,8097.109827,0.096465,0.312674,0.126617,0.189857,0.030434,0.177598,0.065741
990500,65.4748,25,Middle_C1_Bend,Middle,bend,1,1.4748,Middle cycle 1: BEND Middle,2977,2992,2819,3184,2885,3093,2897,9053.488372,9222.846782,7511.442006,11883.205269,8106.611570,10495.209581,8221.869783,0.116803,0.293206,0.097357,0.320644,0.059688,0.282532,0.082162
990550,65.6710,25,Middle_C1_Bend,Middle,bend,1,1.6710,Middle cycle 1: BEND Middle,2983,3026,2853,3223,2896,3167,2890,9120.683453,9624.321796,7810.144928,12566.743119,8212.176814,11603.232759,8154.356846,0.125092,0.349500,0.140994,0.396609,0.073487,0.417934,0.073276
990600,65.6710,25,Middle_C1_Bend,Middle,bend,1,1.6710,Middle cycle 1: BEND Middle,2979,3050,2846,3226,2879,3217,2884,9075.806452,9923.444976,7747.317854,12621.864212,8049.835526,12457.630979,8097.109827,0.119556,0.391442,0.131816,0.402735,0.052266,0.522343,0.065741
990650,65.6711,25,Middle_C1_Bend,Middle,bend,1,1.6711,Middle cycle 1: BEND Middle,2966,3078,2827,3232,2882,3229,2889,8932.152347,10290.265487,7580.283912,12733.256083,8078.153339,12677.367206,8144.776119,0.101835,0.442877,0.107414,0.415114,0.055968,0.549195,0.072015
990700,65.6817,25,Middle_C1_Bend,Middle,bend,1,1.6817,Middle cycle 1: BEND Middle,2974,3073,2829,3208,2884,3152,2884,9020.160571,10223.287671,7597.630332,12296.730552,8097.109827,11364.581124,8097.109827,0.112692,0.433485,0.109948,0.366601,0.058446,0.388771,0.065741
990750,65.7256,25,Middle_C1_Bend,Middle,bend,1,1.7256,Middle cycle 1: BEND Middle,2973,3124,2816,3190,2879,3174,2881,9009.090909,10938.825953,7485.848319,11984.530387,8049.835526,11717.263844,8068.698517,0.111326,0.533816,0.093618,0.331904,0.052266,0.431869,0.062002
990800,65.7689,25,Middle_C1_Bend,Middle,bend,1,1.7689,Middle cycle 1: BEND Middle,2962,3064,2812,3154,2883,3153,2883,8888.614298,10104.364694,7451.909587,11395.961743,8087.623762,11380.254777,8087.623762,0.096465,0.416810,0.088659,0.266494,0.057206,0.390686,0.064493
990850,65.9199,25,Middle_C1_Bend,Middle,bend,1,1.9199,Middle cycle 1: BEND Middle,2959,3070,2818,3125,2887,3137,2879,8856.161972,10183.414634,7502.897416,10953.608247,8125.662252,11133.402923,8049.835526,0.092462,0.427894,0.096108,0.217333,0.062178,0.360520,0.059519
990900,65.9200,25,Middle_C1_Bend,Middle,bend,1,1.9200,Middle cycle 1: BEND Middle,2957,3062,2821,3167,2877,3149,2876,8834.622144,10078.218780,7528.571429,11603.232759,8031.034483,11317.758985,8021.657096,0.089805,0.413144,0.099859,0.289529,0.049808,0.383049,0.055810
990950,65.9621,25,Middle_C1_Bend,Middle,bend,1,1.9621,Middle cycle 1: BEND Middle,2945,3066,2810,3165,2897,3148,2879,8706.956522,10130.612245,7435.019455,11570.967742,8221.869783,11302.217529,8049.835526,0.074056,0.420491,0.086192,0.285943,0.074754,0.381150,0.059519
991000,65.9841,25,Middle_C1_Bend,Middle,bend,1,1.9841,Middle cycle 1: BEND Middle,2951,3052,2810,3180,2885,3122,2876,8770.454545,9948.993289,7435.019455,11816.393443,8106.611570,10909.352518,8021.657096,0.081889,0.395024,0.086192,0.313218,0.059688,0.333141,0.055810
991050,66.0281,26,Middle_C2_Open,Middle,open,2,0.0281,Middle cycle 2: OPEN,2967,3051,2800,3155,2878,3127,2875,8943.085106,9936.206897,7351.351351,11411.702128,8040.427280,10983.264463,8012.295082,0.103184,0.393232,0.073969,0.268243,0.051036,0.342173,0.054578
991100,66.1851,26,Middle_C2_Open,Middle,open,2,0.1851,Middle cycle 2: OPEN,2952,3024,2801,3166,2885,3083,2876,8781.102362,9600.000000,7359.659969,11587.082885,8106.611570,10357.905138,8021.657096,0.083203,0.346089,0.075183,0.287734,0.059688,0.265753,0.055810
991150,66.1852,26,Middle_C2_Open,Middle,open,2,0.1852,Middle cycle 2: OPEN,2959,3024,2806,3169,2889,3107,2874,8856.161972,9600.000000,7401.396431,11635.637149,8144.776119,10692.105263,8002.948403,0.092462,0.346089,0.081280,0.293130,0.064677,0.306593,0.053348
991200,66.1963,26,Middle_C2_Open,Middle,open,2,0.1963,Middle cycle 2: OPEN,2959,3042,2809,3148,2878,3070,2868,8856.161972,9822.222222,7426.594090,11302.217529,8040.427280,10183.414634,7947.188264,0.092462,0.377249,0.084961,0.256075,0.051036,0.244430,0.046009
991250,66.2176,26,Middle_C2_Open,Middle,open,2,0.2176,Middle cycle 2: OPEN,2948,3044,2795,3160,2891,3090,2870,8738.622493,9847.383444,7310.000000,11490.909091,8163.953488,10453.731343,7965.714286,0.077962,0.380777,0.067928,0.277046,0.067183,0.277463,0.048447
991300,66.2928,26,Middle_C2_Open,Middle,open,2,0.2928,Middle cycle 2: OPEN,2955,3039,2814,3130,2886,3076,2869,8813.157895,9784.659091,7468.852459,11027.979275,8116.129032,10263.395486,7956.443719,0.087157,0.371982,0.091135,0.225598,0.060932,0.254204,0.047227
991350,66.4291,26,Middle_C2_Open,Middle,open,2,0.4291,Middle cycle 2: OPEN,2955,3038,2821,3073,2879,3071,2868,8813.157895,9772.185430,7528.571429,10223.287671,8049.835526,10196.679688,7947.188264,0.087157,0.370233,0.099859,0.136168,0.052266,0.246051,0.046009
991400,66.4291,26,Middle_C2_Open,Middle,open,2,0.4291,Middle cycle 2: OPEN,2944,3012,2802,3137,2888,3092,2867,8696.437880,9455.955679,7367.981439,11133.402923,8135.211268,10481.355932,7937.947883,0.072759,0.325892,0.076398,0.237314,0.063426,0.280839,0.044793
991450,66.4292,26,Middle_C2_Open,Middle,open,2,0.4292,Middle cycle 2: OPEN,2949,3016,2815,3193,2889,3118,2867,8749.214660,9503.614458,7477.343750,12035.698448,8144.776119,10850.767656,7937.947883,0.079269,0.332574,0.092375,0.337591,0.064677,0.325982,0.044793
991500,66.4945,26,Middle_C2_Open,Middle,open,2,0.4945,Middle cycle 2: OPEN,2946,3017,2811,3205,2875,3094,2864,8717.493473,9515.584416,7443.457944,12243.820225,8012.295082,10509.090909,7910.316816,0.075356,0.334253,0.087425,0.360721,0.047359,0.284228,0.041156
991550,66.5158,26,Middle_C2_Open,Middle,open,2,0.5158,Middle cycle 2: OPEN,2939,3013,2799,3185,2882,3089,2866,8644.117647,9467.837338,7343.055556,11900.000000,8078.153339,10439.960239,7928.722539,0.066305,0.327558,0.072757,0.322510,0.055968,0.275781,0.043578
991600,66.6844,26,Middle_C2_Open,Middle,open,2,0.6844,Middle cycle 2: OPEN,2950,3014,2804,3196,2881,3108,2860,8759.825328,9479.740981,7384.663052,12087.208009,8068.698517,10706.382979,7873.684211,0.080578,0.329227,0.078835,0.343316,0.054732,0.308338,0.036334
991650,66.6844,26,Middle_C2_Open,Middle,open,2,0.6844,Middle cycle 2: OPEN,2947,3011,2798,3181,2865,3118,2865,8728.048780,9444.095941,7334.772552,11833.041575,7919.512195,10850.767656,7919.512195,0.076658,0.324229,0.071547,0.315069,0.035230,0.325982,0.042366
991700,66.6844,26,Middle_C2_Open,Middle,open,2,0.6844,Middle cycle 2: OPEN,2932,2992,2783,3192,2877,3125,2865,8571.625107,9222.846782,7212.042683,12018.604651,8031.034483,10953.608247,7919.512195,0.057362,0.293206,0.053617,0.335691,0.049808,0.338549,0.042366
991750,66.7501,26,Middle_C2_Open,Middle,open,2,0.7501,Middle cycle 2: OPEN,2947,2997,2802,3204,2871,3105,2861,8728.048780,9280.327869,7367.981439,12226.262626,7975.000000,10663.636364,7882.820097,0.076658,0.301266,0.076398,0.358769,0.042484,0.303114,0.037537
991800,66.7824,26,Middle_C2_Open,Middle,open,2,0.7824,Middle cycle 2: OPEN,2947,3002,2799,3176,2866,3066,2862,8728.048780,9338.334858,7343.055556,11750.163221,7928.722539,10130.612245,7891.970803,0.076658,0.309399,0.072757,0.305858,0.036434,0.237978,0.038741
991850,66.9512,26,Middle_C2_Open,Middle,open,2,0.9512,Middle cycle 2: OPEN,2933,2994,2795,3184,2884,3082,2864,8581.927711,9245.776567,7310.000000,11883.205269,8097.109827,10344.323791,7910.316816,0.058633,0.296421,0.067928,0.320644,0.058446,0.264094,0.041156
991900,66.9513,26,Middle_C2_Open,Middle,open,2,0.9513,Middle cycle 2: OPEN,2948,3012,2828,3206,2881,3126,2859,8738.622493,9455.955679,7588.950276,12261.417323,8068.698517,10968.421053,7864.563107,0.077962,0.325892,0.108680,0.362676,0.054732,0.340359,0.035134
991950,66.9513,26,Middle_C2_Open,Middle,open,2,0.9513,Middle cycle 2: OPEN,2945,3037,2830,3219,2876,3145,2866,8706.956522,9759.735350,7606.324111,12493.835616,8021.657096,11255.789474,7928.722539,0.074056,0.368487,0.111218,0.388506,0.048583,0.375476,0.043578
992000,66.9822,26,Middle_C2_Open,Middle,open,2,0.9822,Middle cycle 2: OPEN,2933,3087,2840,3250,2892,3105,2869,8581.927711,10412.500000,7694.023904,13076.923077,8173.566085,10663.636364,7956.443719,0.058633,0.460016,0.124030,0.453308,0.068440,0.303114,0.047227
992050,67.0479,26,Middle_C2_Open,Middle,open,2,1.0479,Middle cycle 2: OPEN,2945,3143,2851,3203,2890,3136,2864,8706.956522,11225.000000,7792.122186,12208.744395,8154.356846,11118.248175,7910.316816,0.074056,0.573943,0.138362,0.356822,0.065929,0.358668,0.041156
992100,67.2062,26,Middle_C2_Open,Middle,open,2,1.2062,Middle cycle 2: OPEN,2953,3125,2849,3241,2871,3114,2866,8791.768827,10953.608247,7774.157303,12903.278689,7975.000000,10792.660550,7928.722539,0.084518,0.535889,0.135737,0.434010,0.042484,0.318881,0.043578
992150,67.2063,26,Middle_C2_Open,Middle,open,2,1.2063,Middle cycle 2: OPEN,2938,3154,2832,3192,2880,3211,2871,8633.707865,11395.961743,7623.752969,12018.604651,8059.259259,12350.000000,7975.000000,0.065021,0.597915,0.113764,0.335691,0.053498,0.509191,0.049669
992200,67.2064,26,Middle_C2_Open,Middle,open,2,1.2064,Middle cycle 2: OPEN,2960,3163,2890,3248,2880,3171,2866,8866.960352,11538.841202,8154.356846,13038.016529,8059.259259,11668.181818,7928.722539,0.093794,0.617949,0.191281,0.448984,0.053498,0.425871,0.043578
992250,67.2500,26,Middle_C2_Open,Middle,open,2,1.2500,Middle cycle 2: OPEN,2972,3146,2929,3194,2873,3129,2872,8998.040962,11271.232877,8540.823328,12052.830189,7993.617021,11013.043478,7984.300899,0.109963,0.580426,0.247740,0.339495,0.044917,0.345812,0.050894
992300,67.2720,26,Middle_C2_Open,Middle,open,2,1.2720,Middle cycle 2: OPEN,2964,3135,2934,3198,2886,3161,2878,8910.344828,11103.125000,8592.248062,12121.739130,8116.129032,11506.852248,8040.427280,0.099145,0.556854,0.255253,0.347153,0.060932,0.406156,0.058281
992350,67.4264,26,Middle_C2_Open,Middle,open,2,1.4264,Middle cycle 2: OPEN,2993,3122,2931,3188,2884,3148,2873,9234.301270,10909.352518,8561.340206,11950.606395,8097.109827,11302.217529,7993.617021,0.139107,0.529684,0.250738,0.328134,0.058446,0.381150,0.052120
992400,67.4264,26,Middle_C2_Open,Middle,open,2,1.4264,Middle cycle 2: OPEN,2994,3103,2910,3183,2874,3128,2870,9245.776567,10635.282258,8349.367089,11866.447368,8002.948403,10998.138573,7965.714286,0.140523,0.491254,0.219770,0.318781,0.046137,0.343991,0.048447
992450,67.4474,26,Middle_C2_Open,Middle,open,2,1.4474,Middle cycle 2: OPEN,2972,3105,2917,3172,2881,3127,2875,8998.040962,10663.636364,8419.185059,11684.507042,8068.698517,10983.264463,8012.295082,0.109963,0.495230,0.229970,0.298561,0.054732,0.342173,0.054578
992500,67.4800,26,Middle_C2_Open,Middle,open,2,1.4800,Middle cycle 2: OPEN,2984,3106,2900,3168,2881,3104,2866,9131.953195,10677.856421,8251.046025,11619.417476,8068.698517,10649.445005,7928.722539,0.126482,0.497224,0.205406,0.291327,0.054732,0.301380,0.043578
992550,67.5460,26,Middle_C2_Open,Middle,open,2,1.5460,Middle cycle 2: OPEN,2980,3093,2881,3147,2871,3083,2869,9086.995516,10495.209581,8068.698517,11286.708861,7975.000000,10357.905138,7956.443719,0.120936,0.471614,0.178767,0.254352,0.042484,0.265753,0.047227
992600,67.5673,26,Middle_C2_Open,Middle,open,2,1.5673,Middle cycle 2: OPEN,2965,3085,2893,3166,2880,3055,2869,8921.238938,10385.148515,8183.194676,11587.082885,8059.259259,9987.500000,7956.443719,0.100489,0.456181,0.195494,0.287734,0.053498,0.220489,0.047227
992650,67.7026,26,Middle_C2_Open,Middle,open,2,1.7026,Middle cycle 2: OPEN,2981,3091,2894,3151,2874,3040,2869,9098.204668,10467.529880,8192.839301,11348.940678,8002.948403,9797.156398,7956.443719,0.122319,0.467732,0.196903,0.261268,0.046137,0.197229,0.047227
992700,67.7027,26,Middle_C2_Open,Middle,open,2,1.7027,Middle cycle 2: OPEN,2974,3065,2866,3140,2863,3030,2869,9020.160571,10117.475728,7928.722539,11179.057592,7901.136364,9673.239437,7956.443719,0.112692,0.418649,0.158318,0.242388,0.032828,0.182086,0.047227
992750,67.7354,26,Middle_C2_Open,Middle,open,2,1.7354,Middle cycle 2: OPEN,2958,3055,2864,3126,2874,3054,2874,8845.382586,9987.500000,7910.316816,10968.421053,8002.948403,9974.639769,8002.948403,0.091132,0.400424,0.155629,0.218979,0.046137,0.218918,0.053348
992800,67.7791,26,Middle_C2_Open,Middle,open,2,1.7791,Middle cycle 2: OPEN,2976,3059,2876,3112,2869,3032,2868,9042.359249,10039.189189,8021.657096,10763.784334,7956.443719,9697.836312,7947.188264,0.115430,0.407671,0.171895,0.196236,0.040058,0.185092,0.046009
992850,67.8227,26,Middle_C2_Open,Middle,open,2,1.8227,Middle cycle 2: OPEN,2978,3069,2863,3101,2860,3029,2869,9064.637422,10170.175439,7901.136364,10607.042254,7873.684211,9660.975610,7956.443719,0.118178,0.426038,0.154288,0.178817,0.029240,0.180587,0.047227
992900,67.9650,26,Middle_C2_Open,Middle,open,2,1.9650,Middle cycle 2: OPEN,2969,3054,2832,3103,2866,3024,2877,8965.008881,9974.639769,7623.752969,10635.282258,7928.722539,9600.000000,8031.034483,0.105889,0.398620,0.113764,0.181955,0.036434,0.173136,0.057045
992950,67.9650,26,Middle_C2_Open,Middle,open,2,1.9650,Middle cycle 2: OPEN,2975,3058,2829,3102,2865,3015,2868,9031.250000,10026.229508,7597.630332,10621.148036,7919.512195,9491.666667,7947.188264,0.114060,0.405854,0.109948,0.180384,0.035230,0.159897,0.046009
993000,67.9756,26,Middle_C2_Open,Middle,open,2,1.9756,Middle cycle 2: OPEN,2970,3057,2829,3095,2860,3012,2872,8976.000000,10013.294798,7597.630332,10523.000000,7873.684211,9455.955679,7984.300899,0.107244,0.404041,0.109948,0.169477,0.029240,0.155534,0.050894
993050,68.0257,27,Middle_C2_Bend,Middle,bend,2,0.0257,Middle cycle 2: BEND Middle,2959,3041,2810,3112,2869,3014,2876,8856.161972,9809.677419,7435.019455,10763.784334,7956.443719,9479.740981,8021.657096,0.092462,0.375490,0.086192,0.196236,0.040058,0.158440,0.055810
993100,68.0803,27,Middle_C2_Bend,Middle,bend,2,0.0803,Middle cycle 2: BEND Middle,2968,3047,2829,3120,2869,3021,2868,8954.037267,9885.305344,7597.630332,10880.000000,7956.443719,9563.687151,7947.188264,0.104535,0.386094,0.109948,0.209152,0.040058,0.168698,0.046009
993150,68.1942,27,Middle_C2_Bend,Middle,bend,2,0.1942,Middle cycle 2: BEND Middle,2959,3058,2830,3113,2862,3002,2868,8856.161972,10026.229508,7606.324111,10778.207739,7891.970803,9338.334858,7947.188264,0.092462,0.405854,0.111218,0.197839,0.031630,0.141160,0.046009
993200,68.1943,27,Middle_C2_Bend,Middle,bend,2,0.1943,Middle cycle 2: BEND Middle,2947,3083,2832,3101,2872,3013,2873,8728.048780,10357.905138,7623.752969,10607.042254,7984.300899,9467.837338,7993.617021,0.076658,0.452361,0.113764,0.178817,0.043699,0.156985,0.052120
993250,68.2256,27,Middle_C2_Bend,Middle,bend,2,0.2256,Middle cycle 2: BEND Middle,2961,3071,2840,3102,2871,3008,2870,8877.777778,10196.679688,7694.023904,10621.148036,7975.000000,9408.647654,7965.714286,0.095128,0.429754,0.124030,0.180384,0.042484,0.149752,0.048447
993300,68.3012,27,Middle_C2_Bend,Middle,bend,2,0.3012,Middle cycle 2: BEND Middle,2954,3085,2818,3101,2861,3011,2869,8802.453988,10385.148515,7502.897416,10607.042254,7882.820097,9444.095941,7956.443719,0.085836,0.456181,0.096108,0.178817,0.030434,0.154084,0.047227
993350,68.3233,27,Middle_C2_Bend,Middle,bend,2,0.3233,Middle cycle 2: BEND Middle,2939,3064,2830,3102,2871,3012,2872,8644.117647,10104.364694,7606.324111,10621.148036,7975.000000,9455.955679,7984.300899,0.066305,0.416810,0.111218,0.180384,0.042484,0.155534,0.050894
993400,68.4559,27,Middle_C2_Bend,Middle,bend,2,0.4559,Middle cycle 2: BEND Middle,2945,3076,2831,3104,2871,3011,2869,8706.956522,10263.395486,7615.031646,10649.445005,7975.000000,9444.095941,7956.443719,0.074056,0.439109,0.112490,0.183529,0.042484,0.154084,0.047227
993450,68.4560,27,Middle_C2_Bend,Middle,bend,2,0.4560,Middle cycle 2: BEND Middle,2944,3070,2820,3092,2860,3002,2867,8696.437880,10183.414634,7520.000000,10481.355932,7873.684211,9338.334858,7937.947883,0.072759,0.427894,0.098607,0.164849,0.029240,0.141160,0.044793
993500,68.4773,27,Middle_C2_Bend,Middle,bend,2,0.4773,Middle cycle 2: BEND Middle,2938,3049,2812,3095,2870,3021,2867,8633.707865,9910.707457,7451.909587,10523.000000,7965.714286,9563.687151,7937.947883,0.065021,0.389656,0.088659,0.169477,0.041270,0.168698,0.044793
993550,68.5309,27,Middle_C2_Bend,Middle,bend,2,0.5309,Middle cycle 2: BEND Middle,2946,3055,2816,3089,2871,3015,2864,8717.493473,9987.500000,7485.848319,10439.960239,7975.000000,9491.666667,7910.316816,0.075356,0.400424,0.093618,0.160248,0.042484,0.159897,0.041156
993600,68.5748,27,Middle_C2_Bend,Middle,bend,2,0.5748,Middle cycle 2: BEND Middle,2946,3063,2819,3075,2863,3011,2864,8717.493473,10091.279070,7511.442006,10250.000000,7901.136364,9444.095941,7910.316816,0.075356,0.414975,0.097357,0.139137,0.032828,0.154084,0.041156
993650,68.7231,27,Middle_C2_Bend,Middle,bend,2,0.7231,Middle cycle 2: BEND Middle,2936,3050,2803,3082,2871,3022,2866,8612.942192,9923.444976,7376.315789,10344.323791,7975.000000,9575.768872,7928.722539,0.062459,0.391442,0.077616,0.149620,0.042484,0.170175,0.043578
993700,68.7232,27,Middle_C2_Bend,Middle,bend,2,0.7232,Middle cycle 2: BEND Middle,2942,3050,2795,3081,2868,3011,2861,8675.455334,9923.444976,7310.000000,10330.769231,7947.188264,9444.095941,7882.820097,0.070170,0.391442,0.067928,0.148113,0.038848,0.154084,0.037537
993750,68.7453,27,Middle_C2_Bend,Middle,bend,2,0.7453,Middle cycle 2: BEND Middle,2935,3054,2788,3076,2862,3008,2861,8602.586207,9974.639769,7252.639633,10263.395486,7891.970803,9408.647654,7882.820097,0.061181,0.398620,0.059548,0.140626,0.031630,0.149752,0.037537
993800,68.7879,27,Middle_C2_Bend,Middle,bend,2,0.7879,Middle cycle 2: BEND Middle,2926,3041,2792,3088,2869,3020,2865,8510.179641,9809.677419,7285.341520,10426.216485,7956.443719,9551.627907,7919.512195,0.049783,0.375490,0.064325,0.158721,0.040058,0.167225,0.042366
993850,68.8412,27,Middle_C2_Bend,Middle,bend,2,0.8412,Middle cycle 2: BEND Middle,2931,3041,2818,3087,2867,3027,2862,8561.340206,9809.677419,7502.897416,10412.500000,7937.947883,9636.516854,7891.970803,0.056094,0.375490,0.096108,0.157196,0.037640,0.177598,0.038741
993900,68.9811,27,Middle_C2_Bend,Middle,bend,2,0.9811,Middle cycle 2: BEND Middle,2932,3035,2826,3104,2860,3021,2866,8571.625107,9734.905660,7571.631206,10649.445005,7873.684211,9563.687151,7928.722539,0.057362,0.365006,0.106150,0.183529,0.029240,0.168698,0.043578
993950,68.9812,27,Middle_C2_Bend,Middle,bend,2,0.9812,Middle cycle 2: BEND Middle,2921,3031,2865,3167,2865,3115,2864,8459.454855,9685.526316,7919.512195,11603.232759,7919.512195,10807.142857,7910.316816,0.043525,0.358082,0.156972,0.289529,0.035230,0.320651,0.041156
994000,68.9812,27,Middle_C2_Bend,Middle,bend,2,0.9812,Middle cycle 2: BEND Middle,2946,3088,2869,3169,2866,3050,2861,8717.493473,10426.216485,7956.443719,11635.637149,7928.722539,9923.444976,7882.820097,0.075356,0.461940,0.162367,0.293130,0.036434,0.212661,0.037537
994050,69.0250,27,Middle_C2_Bend,Middle,bend,2,1.0250,Middle cycle 2: BEND Middle,2946,3089,2843,3250,2859,3119,2851,8717.493473,10439.960239,7720.607029,13076.923077,7864.563107,10865.368852,7792.122186,0.075356,0.463867,0.127914,0.453308,0.028047,0.327766,0.025599
994100,69.0686,27,Middle_C2_Bend,Middle,bend,2,1.0686,Middle cycle 2: BEND Middle,2950,3059,2837,3183,2883,3248,2859,8759.825328,10039.189189,7667.567568,11866.447368,8087.623762,13038.016529,7864.563107,0.080578,0.407671,0.120165,0.318781,0.057206,0.593267,0.035134
994150,69.2370,27,Middle_C2_Bend,Middle,bend,2,1.2370,Middle cycle 2: BEND Middle,2953,3098,2847,3271,2877,3221,2857,8791.768827,10564.894684,7756.250000,13496.844660,8031.034483,12530.205950,7846.365105,0.084518,0.481385,0.133121,0.499976,0.049808,0.531212,0.032738
994200,69.2371,27,Middle_C2_Bend,Middle,bend,2,1.2371,Middle cycle 2: BEND Middle,2953,3128,2829,3258,2867,3187,2864,8791.768827,10998.138573,7597.630332,13234.408602,7937.947883,11933.700441,7910.316816,0.084518,0.542133,0.109948,0.470810,0.037640,0.458318,0.041156
994250,69.2371,27,Middle_C2_Bend,Middle,bend,2,1.2371,Middle cycle 2: BEND Middle,2951,3126,2832,3253,2888,3177,2864,8770.454545,10968.421053,7623.752969,13135.629454,8135.211268,11766.666667,7910.316816,0.081889,0.537966,0.113764,0.459832,0.063426,0.437906,0.041156
994300,69.2809,27,Middle_C2_Bend,Middle,bend,2,1.2809,Middle cycle 2: BEND Middle,2974,3117,2840,3233,2881,3144,2860,9020.160571,10836.196319,7694.023904,12751.972158,8068.698517,11240.378549,7873.684211,0.112692,0.519426,0.124030,0.417194,0.054732,0.373593,0.036334
994350,69.3246,27,Middle_C2_Bend,Middle,bend,2,1.3246,Middle cycle 2: BEND Middle,2973,3116,2820,3168,2867,3133,2862,9009.090909,10821.654750,7520.000000,11619.417476,7937.947883,11072.972973,7891.970803,0.111326,0.517387,0.098607,0.291327,0.037640,0.353136,0.038741
994400,69.5003,27,Middle_C2_Bend,Middle,bend,2,1.5003,Middle cycle 2: BEND Middle,2969,3097,2811,3193,2877,3114,2863,8965.008881,10550.901804,7443.457944,12035.698448,8031.034483,10792.660550,7901.136364,0.105889,0.479423,0.087425,0.337591,0.049808,0.318881,0.039947
994450,69.5003,27,Middle_C2_Bend,Middle,bend,2,1.5003,Middle cycle 2: BEND Middle,2965,3080,2814,3186,2879,3091,2860,8921.238938,10317.241379,7468.852459,11916.831683,8049.835526,10467.529880,7873.684211,0.100489,0.446659,0.091135,0.324381,0.052266,0.279150,0.036334
994500,69.5003,27,Middle_C2_Bend,Middle,bend,2,1.5003,Middle cycle 2: BEND Middle,2962,3079,2808,3184,2873,3077,2858,8888.614298,10303.740157,7418.181818,11883.205269,7993.617021,10276.817289,7855.456750,0.096465,0.444766,0.083732,0.320644,0.044917,0.255844,0.033935
994550,69.5223,27,Middle_C2_Bend,Middle,bend,2,1.5223,Middle cycle 2: BEND Middle,2950,3069,2809,3188,2878,3102,2862,8759.825328,10170.175439,7426.594090,11950.606395,8040.427280,10621.148036,7891.970803,0.080578,0.426038,0.084961,0.328134,0.051036,0.297922,0.038741
994600,69.5769,27,Middle_C2_Bend,Middle,bend,2,1.5769,Middle cycle 2: BEND Middle,2958,3090,2800,3143,2879,3093,2858,8845.382586,10453.731343,7351.351351,11225.000000,8049.835526,10495.209581,7855.456750,0.091132,0.465798,0.073969,0.247494,0.052266,0.282532,0.033935
994650,69.7489,27,Middle_C2_Bend,Middle,bend,2,1.7489,Middle cycle 2: BEND Middle,2957,3097,2807,3153,2868,3122,2857,8834.622144,10550.901804,7409.782609,11380.254777,7947.188264,10909.352518,7846.365105,0.089805,0.479423,0.082505,0.264748,0.038848,0.333141,0.032738
994700,69.7490,27,Middle_C2_Bend,Middle,bend,2,1.7490,Middle cycle 2: BEND Middle,2959,3076,2799,3163,2875,3097,2864,8856.161972,10263.395486,7343.055556,11538.841202,8012.295082,10550.901804,7910.316816,0.092462,0.439109,0.072757,0.282373,0.047359,0.289338,0.041156
994750,69.7490,27,Middle_C2_Bend,Middle,bend,2,1.7490,Middle cycle 2: BEND Middle,2969,3098,2793,3203,2873,3089,2860,8965.008881,10564.894684,7293.548387,12208.744395,7993.617021,10439.960239,7873.684211,0.105889,0.481385,0.065524,0.356822,0.044917,0.275781,0.036334
994800,69.7931,27,Middle_C2_Bend,Middle,bend,2,1.7931,Middle cycle 2: BEND Middle,2961,3098,2791,3175,2865,3040,2863,8877.777778,10564.894684,7277.147239,11733.695652,7919.512195,9797.156398,7901.136364,0.095128,0.481385,0.063128,0.304028,0.035230,0.197229,0.039947
994850,69.8362,27,Middle_C2_Bend,Middle,bend,2,1.8362,Middle cycle 2: BEND Middle,2955,3062,2783,3199,2878,3082,2863,8813.157895,10078.218780,7212.042683,12139.062500,8040.427280,10344.323791,7901.136364,0.087157,0.413144,0.053617,0.349078,0.051036,0.264094,0.039947
994900,70.0170,28,Middle_C3_Open,Middle,open,3,0.0170,Middle cycle 3: OPEN,2965,3087,2786,3216,2869,3055,2864,8921.238938,10412.500000,7236.363636,12439.590444,7956.443719,9987.500000,7910.316816,0.100489,0.460016,0.057170,0.382478,0.040058,0.220489,0.041156
994950,70.0172,28,Middle_C3_Open,Middle,open,3,0.0172,Middle cycle 3: OPEN,2964,3072,2792,3225,2864,3068,2861,8910.344828,10209.970674,7285.341520,12603.448276,7910.316816,10156.962025,7882.820097,0.099145,0.431618,0.064325,0.400688,0.034028,0.241198,0.037537
995000,70.0173,28,Middle_C3_Open,Middle,open,3,0.0173,Middle cycle 3: OPEN,2948,3054,2782,3181,2874,3072,2863,8738.622493,9974.639769,7203.960396,11833.041575,8002.948403,10209.970674,7901.136364,0.077962,0.398620,0.052436,0.315069,0.046137,0.247675,0.039947
995050,70.0275,28,Middle_C3_Open,Middle,open,3,0.0275,Middle cycle 3: OPEN,2959,3059,2779,3189,2874,3062,2861,8856.161972,10039.189189,7179.787234,11967.549669,8002.948403,10078.218780,7882.820097,0.092462,0.407671,0.048905,0.330017,0.046137,0.231575,0.037537
995100,70.0810,28,Middle_C3_Open,Middle,open,3,0.0810,Middle cycle 3: OPEN,2955,3067,2771,3233,2864,3063,2856,8813.157895,10143.774319,7115.861027,12751.972158,7910.316816,10091.279070,7837.288136,0.087157,0.422336,0.039566,0.417194,0.034028,0.233171,0.031544
995150,70.1254,28,Middle_C3_Open,Middle,open,3,0.1254,Middle cycle 3: OPEN,2946,3049,2771,3232,2877,3066,2862,8717.493473,9910.707457,7115.861027,12733.256083,8031.034483,10130.612245,7891.970803,0.075356,0.389656,0.039566,0.415114,0.049808,0.237978,0.038741
995200,70.2774,28,Middle_C3_Open,Middle,open,3,0.2774,Middle cycle 3: OPEN,2953,3046,2804,3239,2874,3111,2859,8791.768827,9872.640610,7384.663052,12865.186916,8002.948403,10749.390244,7864.563107,0.084518,0.384318,0.078835,0.429776,0.046137,0.313593,0.035134
995250,70.2775,28,Middle_C3_Open,Middle,open,3,0.2775,Middle cycle 3: OPEN,2950,3060,2781,3225,2863,3111,2857,8759.825328,10052.173913,7195.890411,12603.448276,7901.136364,10749.390244,7846.365105,0.080578,0.409492,0.051257,0.400688,0.032828,0.313593,0.032738
995300,70.2775,28,Middle_C3_Open,Middle,open,3,0.2775,Middle cycle 3: OPEN,2940,3039,2768,3209,2871,3104,2860,8654.545455,9784.659091,7092.087415,12314.446953,7975.000000,10649.445005,7873.684211,0.067591,0.371982,0.036092,0.368570,0.042484,0.301380,0.036334
995350,70.3310,28,Middle_C3_Open,Middle,open,3,0.3310,Middle cycle 3: OPEN,2949,3046,2782,3219,2869,3107,2859,8749.214660,9872.640610,7203.960396,12493.835616,7956.443719,10692.105263,7864.563107,0.079269,0.384318,0.052436,0.388506,0.040058,0.306593,0.035134
995400,70.3746,28,Middle_C3_Open,Middle,open,3,0.3746,Middle cycle 3: OPEN,2948,3036,2771,3223,2860,3109,2852,8738.622493,9747.308782,7115.861027,12566.743119,7873.684211,10720.689655,7801.126307,0.077962,0.366745,0.039566,0.396609,0.029240,0.310086,0.026784
995450,70.5189,28,Middle_C3_Open,Middle,open,3,0.5189,Middle cycle 3: OPEN,2940,3030,2789,3240,2874,3120,2856,8654.545455,9673.239437,7260.796325,12884.210526,8002.948403,10880.000000,7837.288136,0.067591,0.356359,0.060739,0.431891,0.046137,0.329554,0.031544
995500,70.5190,28,Middle_C3_Open,Middle,open,3,0.5190,Middle cycle 3: OPEN,2950,3061,2818,3254,2871,3125,2858,8759.825328,10065.183752,7502.897416,13155.291320,7975.000000,10953.608247,7855.456750,0.080578,0.411316,0.096108,0.462017,0.042484,0.338549,0.033935
995550,70.5408,28,Middle_C3_Open,Middle,open,3,0.5408,Middle cycle 3: OPEN,2945,3072,2796,3256,2866,3134,2854,8706.956522,10209.970674,7318.244804,13194.755662,7928.722539,11088.033299,7819.178082,0.074056,0.431618,0.069132,0.466403,0.036434,0.354976,0.029160
995600,70.5848,28,Middle_C3_Open,Middle,open,3,0.5848,Middle cycle 3: OPEN,2932,3063,2806,3248,2874,3112,2859,8571.625107,10091.279070,7401.396431,13038.016529,8002.948403,10763.784334,7864.563107,0.057362,0.414975,0.081280,0.448984,0.046137,0.315352,0.035134
995650,70.6284,28,Middle_C3_Open,Middle,open,3,0.6284,Middle cycle 3: OPEN,2948,3098,2844,3230,2868,3148,2860,8738.622493,10564.894684,7729.496403,12695.953757,7947.188264,11302.217529,7873.684211,0.077962,0.481385,0.129212,0.410969,0.038848,0.381150,0.036334
995700,70.7788,28,Middle_C3_Open,Middle,open,3,0.7788,Middle cycle 3: OPEN,2946,3114,2843,3179,2851,3164,2853,8717.493473,10792.660550,7720.607029,11799.781659,7792.122186,11554.887218,7810.144928,0.075356,0.513321,0.127914,0.311372,0.018578,0.412026,0.027971
995750,70.7789,28,Middle_C3_Open,Middle,open,3,0.7789,Middle cycle 3: OPEN,2947,3098,2850,3278,2865,3171,2861,8728.048780,10564.894684,7783.132530,13641.615667,7919.512195,11668.181818,7882.820097,0.076658,0.481385,0.137048,0.516065,0.035230,0.425871,0.037537
995800,70.7789,28,Middle_C3_Open,Middle,open,3,0.7789,Middle cycle 3: OPEN,2960,3103,2865,3226,2875,3153,2862,8866.960352,10635.282258,7919.512195,12621.864212,8012.295082,11380.254777,7891.970803,0.093794,0.491254,0.156972,0.402735,0.047359,0.390686,0.038741
995850,70.8554,28,Middle_C3_Open,Middle,open,3,0.8554,Middle cycle 3: OPEN,2959,3106,2864,3225,2870,3211,2860,8856.161972,10677.856421,7910.316816,12603.448276,7965.714286,12350.000000,7873.684211,0.092462,0.497224,0.155629,0.400688,0.041270,0.509191,0.036334
995900,70.8876,28,Middle_C3_Open,Middle,open,3,0.8876,Middle cycle 3: OPEN,2946,3083,2835,3216,2876,3183,2864,8717.493473,10357.905138,7650.000000,12439.590444,8021.657096,11866.447368,7910.316816,0.075356,0.452361,0.117599,0.382478,0.048583,0.450100,0.041156
995950,71.0350,28,Middle_C3_Open,Middle,open,3,1.0350,Middle cycle 3: OPEN,2955,3105,2820,3187,2875,3160,2859,8813.157895,10663.636364,7520.000000,11933.700441,8012.295082,11490.909091,7864.563107,0.087157,0.495230,0.098607,0.326255,0.047359,0.404208,0.035134
996000,71.0351,28,Middle_C3_Open,Middle,open,3,1.0351,Middle cycle 3: OPEN,2954,3090,2829,3173,2861,3132,2859,8802.453988,10453.731343,7597.630332,11700.867679,7882.820097,11057.943925,7864.563107,0.085836,0.465798,0.109948,0.300379,0.030434,0.351299,0.035134
996050,71.0453,28,Middle_C3_Open,Middle,open,3,1.0453,Middle cycle 3: OPEN,2937,3082,2809,3157,2876,3160,2863,8623.316062,10344.323791,7426.594090,11443.283582,8021.657096,11490.909091,7901.136364,0.063739,0.450457,0.084961,0.271753,0.048583,0.404208,0.039947
996100,71.0778,28,Middle_C3_Open,Middle,open,3,1.0778,Middle cycle 3: OPEN,2953,3088,2819,3154,2870,3144,2862,8791.768827,10426.216485,7511.442006,11395.961743,7965.714286,11240.378549,7891.970803,0.084518,0.461940,0.097357,0.266494,0.041270,0.373593,0.038741
996150,71.1423,28,Middle_C3_Open,Middle,open,3,1.1423,Middle cycle 3: OPEN,2953,3085,2815,3160,2865,3132,2866,8791.768827,10385.148515,7477.343750,11490.909091,7919.512195,11057.943925,7928.722539,0.084518,0.456181,0.092375,0.277046,0.035230,0.351299,0.043578
996200,71.2647,28,Middle_C3_Open,Middle,open,3,1.2647,Middle cycle 3: OPEN,2941,3055,2793,3164,2881,3148,2867,8664.991334,9987.500000,7293.548387,11554.887218,8068.698517,11302.217529,7937.947883,0.068880,0.400424,0.065524,0.284156,0.054732,0.381150,0.044793
996250,71.2648,28,Middle_C3_Open,Middle,open,3,1.2648,Middle cycle 3: OPEN,2942,3078,2801,3141,2874,3137,2865,8675.455334,10290.265487,7359.659969,11194.339623,8002.948403,11133.402923,7919.512195,0.070170,0.442877,0.075183,0.244086,0.046137,0.360520,0.042366
996300,71.2755,28,Middle_C3_Open,Middle,open,3,1.2755,Middle cycle 3: OPEN,2942,3068,2799,3125,2867,3118,2864,8675.455334,10156.962025,7343.055556,10953.608247,7937.947883,10850.767656,7910.316816,0.070170,0.424185,0.072757,0.217333,0.037640,0.325982,0.041156
996350,71.3515,28,Middle_C3_Open,Middle,open,3,1.3515,Middle cycle 3: OPEN,2938,3062,2771,3121,2877,3116,2864,8633.707865,10078.218780,7115.861027,10894.661191,8031.034483,10821.654750,7910.316816,0.065021,0.413144,0.039566,0.210781,0.049808,0.322424,0.041156
996400,71.3840,28,Middle_C3_Open,Middle,open,3,1.3840,Middle cycle 3: OPEN,2953,3064,2774,3114,2877,3110,2862,8791.768827,10104.364694,7139.742619,10792.660550,8031.034483,10735.025381,7891.970803,0.084518,0.416810,0.043055,0.199446,0.049808,0.311838,0.038741
996450,71.5349,28,Middle_C3_Open,Middle,open,3,1.5349,Middle cycle 3: OPEN,2950,3057,2783,3098,2866,3098,2864,8759.825328,10013.294798,7212.042683,10564.894684,7928.722539,10564.894684,7910.316816,0.080578,0.404041,0.053617,0.174133,0.036434,0.291048,0.041156
996500,71.5349,28,Middle_C3_Open,Middle,open,3,1.5349,Middle cycle 3: OPEN,2938,3052,2779,3116,2878,3117,2864,8633.707865,9948.993289,7179.787234,10821.654750,8040.427280,10836.196319,7910.316816,0.065021,0.395024,0.048905,0.202668,0.051036,0.324201,0.041156
996550,71.5349,28,Middle_C3_Open,Middle,open,3,1.5349,Middle cycle 3: OPEN,2957,3064,2795,3117,2873,3103,2863,8834.622144,10104.364694,7310.000000,10836.196319,7993.617021,10635.282258,7901.136364,0.089805,0.416810,0.067928,0.204284,0.044917,0.299649,0.039947
996600,71.5896,28,Middle_C3_Open,Middle,open,3,1.5896,Middle cycle 3: OPEN,2952,3060,2788,3107,2865,3096,2864,8781.102362,10052.173913,7252.639633,10692.105263,7919.512195,10536.936937,7910.316816,0.083203,0.409492,0.059548,0.188270,0.035230,0.287631,0.041156
996650,71.6226,28,Middle_C3_Open,Middle,open,3,1.6226,Middle cycle 3: OPEN,2940,3045,2786,3100,2878,3086,2864,8654.545455,9860.000000,7236.363636,10592.964824,8040.427280,10398.810704,7910.316816,0.067591,0.382546,0.057170,0.177252,0.051036,0.270752,0.041156
996700,71.7812,28,Middle_C3_Open,Middle,open,3,1.7812,Middle cycle 3: OPEN,2943,3049,2792,3092,2876,3096,2862,8685.937500,9910.707457,7285.341520,10481.355932,8021.657096,10536.936937,7891.970803,0.071463,0.389656,0.064325,0.164849,0.048583,0.287631,0.038741
996750,71.7813,28,Middle_C3_Open,Middle,open,3,1.7813,Middle cycle 3: OPEN,2941,3040,2791,3070,2864,3082,2864,8664.991334,9797.156398,7277.147239,10183.414634,7910.316816,10344.323791,7910.316816,0.068880,0.373734,0.063128,0.131737,0.034028,0.264094,0.041156
996800,71.7813,28,Middle_C3_Open,Middle,open,3,1.7813,Middle cycle 3: OPEN,2927,3023,2776,3078,2870,3088,2867,8520.376712,9587.873134,7155.724033,10290.265487,7965.714286,10426.216485,7937.947883,0.051040,0.344389,0.045389,0.143612,0.041270,0.274101,0.044793
996850,71.8798,28,Middle_C3_Open,Middle,open,3,1.8798,Middle cycle 3: OPEN,2939,3047,2786,3075,2866,3090,2865,8644.117647,9885.305344,7236.363636,10250.000000,7928.722539,10453.731343,7919.512195,0.066305,0.386094,0.057170,0.139137,0.036434,0.277463,0.042366
996900,71.9013,28,Middle_C3_Open,Middle,open,3,1.9013,Middle cycle 3: OPEN,2935,3037,2787,3080,2857,3077,2860,8602.586207,9759.735350,7244.495413,10317.241379,7846.365105,10276.817289,7873.684211,0.061181,0.368487,0.058358,0.146610,0.025669,0.255844,0.036334
996950,71.9233,28,Middle_C3_Open,Middle,open,3,1.9233,Middle cycle 3: OPEN,2929,3024,2779,3083,2870,3090,2867,8540.823328,9600.000000,7179.787234,10357.905138,7965.714286,10453.731343,7937.947883,0.053563,0.346089,0.048905,0.151129,0.041270,0.277463,0.044793
997000,72.0603,29,Middle_C3_Bend,Middle,bend,3,0.0603,Middle cycle 3: BEND Middle,2936,3030,2796,3078,2866,3091,2868,8612.942192,9673.239437,7318.244804,10290.265487,7928.722539,10467.529880,7947.188264,0.062459,0.356359,0.069132,0.143612,0.036434,0.279150,0.046009
997050,72.0606,29,Middle_C3_Bend,Middle,bend,3,0.0606,Middle cycle 3: BEND Middle,2937,3031,2788,3066,2858,3091,2869,8623.316062,9685.526316,7252.639633,10130.612245,7855.456750,10467.529880,7956.443719,0.063739,0.358082,0.059548,0.125869,0.026857,0.279150,0.047227
997100,72.0711,29,Middle_C3_Bend,Middle,bend,3,0.0711,Middle cycle 3: BEND Middle,2923,3029,2775,3083,2867,3102,2864,8479.692833,9660.975610,7147.727273,10357.905138,7937.947883,10621.148036,7910.316816,0.046022,0.354639,0.044221,0.151129,0.037640,0.297922,0.041156
997150,72.1362,29,Middle_C3_Bend,Middle,bend,3,0.1362,Middle cycle 3: BEND Middle,2937,3024,2781,3069,2866,3078,2867,8623.316062,9600.000000,7195.890411,10170.175439,7928.722539,10290.265487,7937.947883,0.063739,0.346089,0.051257,0.130266,0.036434,0.257488,0.044793
997200,72.3276,29,Middle_C3_Bend,Middle,bend,3,0.3276,Middle cycle 3: BEND Middle,2933,3036,2778,3065,2859,3059,2871,8581.927711,9747.308782,7171.753986,10117.475728,7864.563107,10039.189189,7975.000000,0.058633,0.366745,0.047731,0.124409,0.028047,0.226806,0.049669
997250,72.3277,29,Middle_C3_Bend,Middle,bend,3,0.3277,Middle cycle 3: BEND Middle,2928,3028,2765,3071,2871,3056,2866,8530.591260,9648.734770,7068.421053,10196.679688,7975.000000,10000.384986,7928.722539,0.052300,0.352923,0.032635,0.133211,0.042484,0.222064,0.043578
997300,72.3277,29,Middle_C3_Bend,Middle,bend,3,0.3277,Middle cycle 3: BEND Middle,2940,3037,2779,3068,2868,3065,2868,8654.545455,9759.735350,7179.787234,10156.962025,7947.188264,10117.475728,7947.188264,0.067591,0.368487,0.048905,0.128797,0.038848,0.236372,0.046009
997350,72.3382,29,Middle_C3_Bend,Middle,bend,3,0.3382,Middle cycle 3: BEND Middle,2931,3036,2770,3063,2862,3057,2859,8561.340206,9747.308782,7107.924528,10091.279070,7891.970803,10013.294798,7864.563107,0.056094,0.366745,0.038406,0.121497,0.031630,0.223641,0.035134
997400,72.3809,29,Middle_C3_Bend,Middle,bend,3,0.3809,Middle cycle 3: BEND Middle,2926,3026,2767,3061,2871,3055,2865,8510.179641,9624.321796,7084.186747,10065.183752,7975.000000,9987.500000,7919.512195,0.049783,0.349500,0.034938,0.118597,0.042484,0.220489,0.042366
997450,72.5696,29,Middle_C3_Bend,Middle,bend,3,0.5696,Middle cycle 3: BEND Middle,2930,3025,2775,3070,2868,3050,2864,8551.072961,9612.149533,7147.727273,10183.414634,7947.188264,9923.444976,7910.316816,0.054827,0.347793,0.044221,0.131737,0.038848,0.212661,0.041156
997500,72.5697,29,Middle_C3_Bend,Middle,bend,3,0.5697,Middle cycle 3: BEND Middle,2929,3020,2768,3064,2860,3042,2861,8540.823328,9551.627907,7092.087415,10104.364694,7873.684211,9822.222222,7882.820097,0.053563,0.339307,0.036092,0.122952,0.029240,0.200292,0.037537
997550,72.5698,29,Middle_C3_Bend,Middle,bend,3,0.5698,Middle cycle 3: BEND Middle,2921,3005,2758,3078,2871,3053,2865,8459.454855,9373.394495,7013.612565,10290.265487,7975.000000,9961.804223,7919.512195,0.043525,0.314315,0.024628,0.143612,0.042484,0.217349,0.042366
997600,72.5805,29,Middle_C3_Bend,Middle,bend,3,0.5805,Middle cycle 3: BEND Middle,2930,3020,2761,3086,2869,3063,2862,8551.072961,9551.627907,7037.031484,10398.810704,7956.443719,10091.279070,7891.970803,0.054827,0.339307,0.028049,0.155675,0.040058,0.233171,0.038741
997650,72.6565,29,Middle_C3_Bend,Middle,bend,3,0.6565,Middle cycle 3: BEND Middle,2929,3029,2754,3076,2861,3055,2856,8540.823328,9660.975610,6982.550336,10263.395486,7882.820097,9987.500000,7837.288136,0.053563,0.354639,0.020090,0.140626,0.030434,0.220489,0.031544
997700,72.6889,29,Middle_C3_Bend,Middle,bend,3,0.6889,Middle cycle 3: BEND Middle,2925,3022,2763,3078,2867,3075,2863,8500.000000,9575.768872,7052.702703,10290.265487,7937.947883,10250.000000,7901.136364,0.048527,0.342692,0.030339,0.143612,0.037640,0.252567,0.039947
997750,72.8271,29,Middle_C3_Bend,Middle,bend,3,0.8271,Middle cycle 3: BEND Middle,2927,3030,2784,3089,2866,3061,2862,8520.376712,9673.239437,7220.137300,10439.960239,7928.722539,10065.183752,7891.970803,0.051040,0.356359,0.054799,0.160248,0.036434,0.229982,0.038741
997800,72.8271,29,Middle_C3_Bend,Middle,bend,3,0.8271,Middle cycle 3: BEND Middle,2928,3030,2794,3072,2856,3049,2864,8530.591260,9673.239437,7301.767871,10209.970674,7837.288136,9910.707457,7910.316816,0.052300,0.356359,0.066725,0.134688,0.024482,0.211105,0.041156
997850,72.8488,29,Middle_C3_Bend,Middle,bend,3,0.8488,Middle cycle 3: BEND Middle,2914,3037,2776,3063,2865,3051,2868,8389.161727,9759.735350,7155.724033,10091.279070,7919.512195,9936.206897,7947.188264,0.034854,0.368487,0.045389,0.121497,0.035230,0.214221,0.046009
997900,72.8916,29,Middle_C3_Bend,Middle,bend,3,0.8916,Middle cycle 3: BEND Middle,2927,3046,2796,3058,2867,3039,2867,8520.376712,9872.640610,7318.244804,10026.229508,7937.947883,9784.659091,7937.947883,0.051040,0.384318,0.069132,0.114268,0.037640,0.195702,0.044793
997950,72.9244,29,Middle_C3_Bend,Middle,bend,3,0.9244,Middle cycle 3: BEND Middle,2925,3037,2793,3054,2857,3018,2863,8500.000000,9759.735350,7293.548387,9974.639769,7846.365105,9527.576602,7901.136364,0.048527,0.368487,0.065524,0.108535,0.025669,0.164286,0.039947
998000,73.0857,29,Middle_C3_Bend,Middle,bend,3,1.0857,Middle cycle 3: BEND Middle,2910,3010,2816,3050,2868,3061,2869,8349.367089,9432.258065,7485.848319,9923.444976,7947.188264,10065.183752,7956.443719,0.029945,0.322569,0.093618,0.102845,0.038848,0.229982,0.047227
998050,73.0858,29,Middle_C3_Bend,Middle,bend,3,1.0858,Middle cycle 3: BEND Middle,2921,3016,2836,3063,2866,3057,2867,8459.454855,9503.614458,7658.776807,10091.279070,7928.722539,10013.294798,7937.947883,0.043525,0.332574,0.118881,0.121497,0.036434,0.223641,0.044793
998100,73.0969,29,Middle_C3_Bend,Middle,bend,3,1.0969,Middle cycle 3: BEND Middle,2919,3017,2830,3120,2855,3051,2869,8439.285714,9515.584416,7606.324111,10880.000000,7828.225806,9936.206897,7956.443719,0.041037,0.334253,0.111218,0.209152,0.023297,0.214221,0.047227
998150,73.1183,29,Middle_C3_Bend,Middle,bend,3,1.1183,Middle cycle 3: BEND Middle,2915,3031,2876,3117,2867,3092,2876,8399.152542,9685.526316,8021.657096,10836.196319,7937.947883,10481.355932,8021.657096,0.036087,0.358082,0.171895,0.204284,0.037640,0.280839,0.055810
998200,73.1839,29,Middle_C3_Bend,Middle,bend,3,1.1839,Middle cycle 3: BEND Middle,2921,3030,2874,3160,2866,3130,2874,8459.454855,9673.239437,8002.948403,11490.909091,7928.722539,11027.979275,8002.948403,0.043525,0.356359,0.169161,0.277046,0.036434,0.347637,0.053348
998250,73.3543,29,Middle_C3_Bend,Middle,bend,3,1.3543,Middle cycle 3: BEND Middle,2919,3013,2862,3159,2856,3150,2876,8439.285714,9467.837338,7891.970803,11475.000000,7837.288136,11333.333333,8021.657096,0.041037,0.327558,0.152949,0.275278,0.024482,0.384952,0.055810
998300,73.3544,29,Middle_C3_Bend,Middle,bend,3,1.3544,Middle cycle 3: BEND Middle,2918,3002,2846,3228,2878,3127,2882,8429.226848,9338.334858,7747.317854,12658.823529,8040.427280,10983.264463,8078.153339,0.039797,0.309399,0.131816,0.406842,0.051036,0.342173,0.063246
998350,73.3544,29,Middle_C3_Bend,Middle,bend,3,1.3544,Middle cycle 3: BEND Middle,2932,3051,2838,3283,2881,3135,2880,8571.625107,9936.206897,7676.372315,13746.551724,8068.698517,11103.125000,8059.259259,0.057362,0.393232,0.121451,0.527727,0.054732,0.356820,0.060760
998400,73.3762,29,Middle_C3_Bend,Middle,bend,3,1.3762,Middle cycle 3: BEND Middle,2933,3050,2849,3287,2880,3063,2875,8581.927711,9923.444976,7774.157303,13831.435644,8059.259259,10091.279070,8012.295082,0.058633,0.391442,0.135737,0.537161,0.053498,0.233171,0.054578
998450,73.4200,29,Middle_C3_Bend,Middle,bend,3,1.4200,Middle cycle 3: BEND Middle,2940,3015,2830,3351,2890,3100,2874,8654.545455,9491.666667,7606.324111,15313.709677,8154.356846,10592.964824,8002.948403,0.067591,0.330899,0.111218,0.701894,0.065929,0.294478,0.053348
998500,73.6023,29,Middle_C3_Bend,Middle,bend,3,1.6023,Middle cycle 3: BEND Middle,2939,3018,2831,3277,2897,3158,2873,8644.117647,9527.576602,7615.031646,13620.782396,8221.869783,11459.124867,7993.617021,0.066305,0.335934,0.112490,0.513750,0.074754,0.400324,0.052120
998550,73.6023,29,Middle_C3_Bend,Middle,bend,3,1.6023,Middle cycle 3: BEND Middle,2939,3030,2821,3225,2882,3141,2870,8644.117647,9673.239437,7528.571429,12603.448276,8078.153339,11194.339623,7965.714286,0.066305,0.356359,0.099859,0.400688,0.055968,0.367967,0.048447
998600,73.6024,29,Middle_C3_Bend,Middle,bend,3,1.6024,Middle cycle 3: BEND Middle,2936,3017,2809,3211,2892,3118,2873,8612.942192,9515.584416,7426.594090,12350.000000,8173.566085,10850.767656,7993.617021,0.062459,0.334253,0.084961,0.372521,0.068440,0.325982,0.052120
998650,73.6350,29,Middle_C3_Bend,Middle,bend,3,1.6350,Middle cycle 3: BEND Middle,2937,3003,2813,3255,2896,3120,2881,8623.316062,9350.000000,7460.374415,13175.000000,8212.176814,10880.000000,8068.698517,0.063739,0.311035,0.089896,0.464208,0.073487,0.329554,0.062002
998700,73.6785,29,Middle_C3_Bend,Middle,bend,3,1.6785,Middle cycle 3: BEND Middle,2932,2997,2800,3225,2879,3123,2879,8571.625107,9280.327869,7351.351351,12603.448276,8049.835526,10924.074074,8049.835526,0.057362,0.301266,0.073969,0.400688,0.052266,0.334940,0.059519
998750,73.8602,29,Middle_C3_Bend,Middle,bend,3,1.8602,Middle cycle 3: BEND Middle,2923,2991,2778,3183,2889,3124,2880,8479.692833,9211.413043,7171.753986,11866.447368,8144.776119,10938.825953,8059.259259,0.046022,0.291603,0.047731,0.318781,0.064677,0.336743,0.060760
998800,73.8603,29,Middle_C3_Bend,Middle,bend,3,1.8603,Middle cycle 3: BEND Middle,2928,3008,2793,3181,2887,3133,2881,8530.591260,9408.647654,7293.548387,11833.041575,8125.662252,11072.972973,8068.698517,0.052300,0.319258,0.065524,0.315069,0.062178,0.353136,0.062002
998850,73.8603,29,Middle_C3_Bend,Middle,bend,3,1.8603,Middle cycle 3: BEND Middle,2923,3000,2796,3219,2874,3116,2879,8479.692833,9315.068493,7318.244804,12493.835616,8002.948403,10821.654750,8049.835526,0.046022,0.306137,0.069132,0.388506,0.046137,0.322424,0.059519
998900,73.8710,29,Middle_C3_Bend,Middle,bend,3,1.8710,Middle cycle 3: BEND Middle,2919,2996,2779,3205,2885,3107,2882,8439.285714,9268.789809,7179.787234,12243.820225,8106.611570,10692.105263,8078.153339,0.041037,0.299648,0.048905,0.360721,0.059688,0.306593,0.063246
998950,73.9472,29,Middle_C3_Bend,Middle,bend,3,1.9472,Middle cycle 3: BEND Middle,2928,2994,2800,3207,2882,3111,2880,8530.591260,9245.776567,7351.351351,12279.054054,8078.153339,10749.390244,8059.259259,0.052300,0.296421,0.073969,0.364636,0.055968,0.313593,0.060760
999000,73.9796,29,Middle_C3_Bend,Middle,bend,3,1.9796,Middle cycle 3: BEND Middle,2926,2993,2807,3211,2875,3091,2875,8510.179641,9234.301270,7409.782609,12350.000000,8012.295082,10467.529880,8012.295082,0.049783,0.294812,0.082505,0.372521,0.047359,0.279150,0.054578
999050,74.1276,30,Middle_C4_Open,Middle,open,4,0.1276,Middle cycle 4: OPEN,2912,2985,2793,3177,2889,3064,2879,8369.230769,9143.243243,7293.548387,11766.666667,8144.776119,10104.364694,8049.835526,0.032396,0.282044,0.065524,0.307692,0.064677,0.234770,0.059519
999100,74.1278,30,Middle_C4_Open,Middle,open,4,0.1278,Middle cycle 4: OPEN,2921,2997,2813,3224,2893,3084,2882,8459.454855,9280.327869,7460.374415,12585.074627,8183.194676,10371.513353,8078.153339,0.043525,0.301266,0.089896,0.398646,0.069699,0.267416,0.063246
999150,74.1279,30,Middle_C4_Open,Middle,open,4,0.1279,Middle cycle 4: OPEN,2916,2991,2796,3214,2884,3058,2880,8409.160305,9211.413043,7318.244804,12403.632236,8097.109827,10026.229508,8059.259259,0.037321,0.291603,0.069132,0.378481,0.058446,0.225222,0.060760
999200,74.2046,30,Middle_C4_Open,Middle,open,4,0.2046,Middle cycle 4: OPEN,2903,2974,2788,3172,2888,3091,2882,8280.369128,9020.160571,7252.639633,11684.507042,8135.211268,10467.529880,8078.153339,0.021434,0.264786,0.059548,0.298561,0.063426,0.279150,0.063246
999250,74.2255,30,Middle_C4_Open,Middle,open,4,0.2255,Middle cycle 4: OPEN,2911,2957,2799,3176,2881,3086,2880,8359.290541,8834.622144,7343.055556,11750.163221,8068.698517,10398.810704,8059.259259,0.031169,0.238770,0.072757,0.305858,0.054732,0.270752,0.060760
999300,74.3892,30,Middle_C4_Open,Middle,open,4,0.3892,Middle cycle 4: OPEN,2908,2952,2793,3170,2874,3100,2877,8329.570345,8781.102362,7293.548387,11651.891892,8002.948403,10592.964824,8031.034483,0.027503,0.231265,0.065524,0.294937,0.046137,0.294478,0.057045
999350,74.3892,30,Middle_C4_Open,Middle,open,4,0.3892,Middle cycle 4: OPEN,2902,2936,2777,3201,2885,3075,2882,8270.578374,8612.942192,7163.732929,12173.825503,8106.611570,10250.000000,8078.153339,0.020226,0.207686,0.046559,0.352942,0.059688,0.252567,0.063246
999400,74.3893,30,Middle_C4_Open,Middle,open,4,0.3893,Middle cycle 4: OPEN,2915,2944,2803,3147,2880,3065,2881,8399.152542,8696.437880,7376.315789,11286.708861,8059.259259,10117.475728,8068.698517,0.036087,0.219394,0.077616,0.254352,0.053498,0.236372,0.062002
999450,74.4548,30,Middle_C4_Open,Middle,open,4,0.4548,Middle cycle 4: OPEN,2911,2931,2785,3158,2867,3058,2878,8359.290541,8561.340206,7228.244275,11459.124867,7937.947883,10026.229508,8040.427280,0.031169,0.200451,0.055984,0.273513,0.037640,0.225222,0.058281
999500,74.4761,30,Middle_C4_Open,Middle,open,4,0.4761,Middle cycle 4: OPEN,2906,2928,2773,3195,2882,3084,2885,8309.840202,8530.591260,7131.770045,12070.000000,8078.153339,10371.513353,8106.611570,0.025069,0.196139,0.041890,0.341403,0.055968,0.267416,0.066992
999550,74.6241,30,Middle_C4_Open,Middle,open,4,0.6241,Middle cycle 4: OPEN,2918,2942,2797,3173,2879,3088,2884,8429.226848,8675.455334,7326.502311,11700.867679,8049.835526,10426.216485,8097.109827,0.039797,0.216452,0.070338,0.300379,0.052266,0.274101,0.065741
999600,74.6241,30,Middle_C4_Open,Middle,open,4,0.6241,Middle cycle 4: OPEN,2917,2933,2786,3195,2873,3105,2878,8419.185059,8581.927711,7236.363636,12070.000000,7993.617021,10663.636364,8040.427280,0.038558,0.203338,0.057170,0.341403,0.044917,0.303114,0.058281
999650,74.6242,30,Middle_C4_Open,Middle,open,4,0.6242,Middle cycle 4: OPEN,2910,2926,2800,3222,2881,3093,2879,8349.367089,8510.179641,7351.351351,12548.453608,8068.698517,10495.209581,8049.835526,0.029945,0.193277,0.073969,0.394576,0.054732,0.282532,0.059519
999700,74.6781,30,Middle_C4_Open,Middle,open,4,0.6781,Middle cycle 4: OPEN,2919,2937,2783,3256,2880,3111,2880,8439.285714,8623.316062,7212.042683,13194.755662,8059.259259,10749.390244,8059.259259,0.041037,0.209141,0.053617,0.466403,0.053498,0.313593,0.060760
999750,74.7436,30,Middle_C4_Open,Middle,open,4,0.7436,Middle cycle 4: OPEN,2922,2931,2801,3264,2870,3107,2879,8469.565217,8561.340206,7359.659969,13354.512635,7965.714286,10692.105263,8049.835526,0.044773,0.200451,0.075183,0.484158,0.041270,0.306593,0.059519
999800,74.8827,30,Middle_C4_Open,Middle,open,4,0.8827,Middle cycle 4: OPEN,2918,2920,2789,3218,2882,3090,2879,8429.226848,8449.361702,7260.796325,12475.712657,8078.153339,10453.731343,8049.835526,0.039797,0.184750,0.060739,0.386492,0.055968,0.277463,0.059519
999850,74.8827,30,Middle_C4_Open,Middle,open,4,0.8827,Middle cycle 4: OPEN,2926,2918,2864,3209,2880,3059,2878,8510.179641,8429.226848,7910.316816,12314.446953,8059.259259,10039.189189,8040.427280,0.049783,0.181926,0.155629,0.368570,0.053498,0.226806,0.058281
999900,74.8936,30,Middle_C4_Open,Middle,open,4,0.8936,Middle cycle 4: OPEN,2928,2924,2777,3201,2869,3062,2877,8530.591260,8489.837746,7163.732929,12173.825503,7956.443719,10078.218780,8031.034483,0.052300,0.190425,0.046559,0.352942,0.040058,0.231575,0.057045
999950,74.9473,30,Middle_C4_Open,Middle,open,4,0.9473,Middle cycle 4: OPEN,2923,2914,2769,3229,2884,3071,2881,8479.692833,8389.161727,7100.000000,12677.367206,8097.109827,10196.679688,8068.698517,0.046022,0.176309,0.037248,0.408903,0.058446,0.246051,0.062002
1000000,74.9801,30,Middle_C4_Open,Middle,open,4,0.9801,Middle cycle 4: OPEN,2921,2931,2781,3301,2893,3055,2883,8459.454855,8561.340206,7195.890411,14135.264484,8183.194676,9987.500000,8087.623762,0.043525,0.200451,0.051257,0.570927,0.069699,0.220489,0.064493
1000050,75.1656,30,Middle_C4_Open,Middle,open,4,1.1656,Middle cycle 4: OPEN,2921,2940,2796,3293,2888,3042,2876,8459.454855,8654.545455,7318.244804,13960.349127,8135.211268,9822.222222,8021.657096,0.043525,0.213520,0.069132,0.551488,0.063426,0.200292,0.055810
1000100,75.1657,30,Middle_C4_Open,Middle,open,4,1.1657,Middle cycle 4: OPEN,2916,2946,2786,3322,2901,3049,2880,8409.160305,8717.493473,7236.363636,14611.642950,8260.804020,9910.707457,8059.259259,0.037321,0.222346,0.057170,0.623869,0.079844,0.211105,0.060760
1000150,75.1657,30,Middle_C4_Open,Middle,open,4,1.1657,Middle cycle 4: OPEN,2920,2964,2867,3347,2899,3060,2878,8449.361702,8910.344828,7937.947883,15213.636364,8241.304348,10052.173913,8040.427280,0.042280,0.249388,0.159665,0.690772,0.077295,0.228392,0.058281
1000200,75.1870,30,Middle_C4_Open,Middle,open,4,1.1870,Middle cycle 4: OPEN,2920,3008,2876,3259,2893,3068,2872,8449.361702,9408.647654,8021.657096,13254.306220,8183.194676,10156.962025,7984.300899,0.042280,0.319258,0.171895,0.473021,0.069699,0.241198,0.050894
1000250,75.2197,30,Middle_C4_Open,Middle,open,4,1.2197,Middle cycle 4: OPEN,2923,3025,2877,3344,2906,3061,2868,8479.692833,9612.149533,8031.034483,15139.280959,8309.840202,10065.183752,7947.188264,0.046022,0.347793,0.173265,0.682509,0.086254,0.229982,0.046009
1000300,75.3873,30,Middle_C4_Open,Middle,open,4,1.3873,Middle cycle 4: OPEN,2939,3072,2895,3387,2908,3034,2872,8644.117647,10209.970674,8202.500000,16265.254237,8329.570345,9722.525919,7984.300899,0.066305,0.431618,0.198314,0.807644,0.088833,0.188109,0.050894
1000350,75.3873,30,Middle_C4_Open,Middle,open,4,1.3873,Middle cycle 4: OPEN,2946,3027,2875,3230,2896,3060,2871,8717.493473,9636.516854,8012.295082,12695.953757,8212.176814,10052.173913,7975.000000,0.075356,0.351210,0.170527,0.410969,0.073487,0.228392,0.049669
1000400,75.3874,30,Middle_C4_Open,Middle,open,4,1.3874,Middle cycle 4: OPEN,2945,3015,2917,3250,2909,3091,2873,8706.956522,9491.666667,8419.185059,13076.923077,8339.460371,10467.529880,7993.617021,0.074056,0.330899,0.229970,0.453308,0.090126,0.279150,0.052120
1000450,75.4313,30,Middle_C4_Open,Middle,open,4,1.4313,Middle cycle 4: OPEN,2951,3054,2902,3248,2912,3089,2868,8770.454545,9974.639769,8270.578374,13038.016529,8369.230769,10439.960239,7947.188264,0.081889,0.398620,0.208260,0.448984,0.094017,0.275781,0.046009
1000500,75.4747,30,Middle_C4_Open,Middle,open,4,1.4747,Middle cycle 4: OPEN,2932,3050,2887,3227,2894,3067,2868,8571.625107,9923.444976,8125.662252,12640.322581,8192.839301,10143.774319,7947.188264,0.057362,0.391442,0.187089,0.404786,0.070959,0.239586,0.046009
1000550,75.6522,30,Middle_C4_Open,Middle,open,4,1.6522,Middle cycle 4: OPEN,2929,3029,2875,3225,2900,3063,2872,8540.823328,9660.975610,8012.295082,12603.448276,8251.046025,10091.279070,7984.300899,0.053563,0.354639,0.170527,0.400688,0.078568,0.233171,0.050894
1000600,75.6523,30,Middle_C4_Open,Middle,open,4,1.6523,Middle cycle 4: OPEN,2936,3035,2902,3195,2905,3044,2870,8612.942192,9734.905660,8270.578374,12070.000000,8300.000000,9847.383444,7965.714286,0.062459,0.365006,0.208260,0.341403,0.084967,0.203367,0.048447
1000650,75.6523,30,Middle_C4_Open,Middle,open,4,1.6523,Middle cycle 4: OPEN,2926,3006,2897,3187,2895,3040,2870,8510.179641,9385.123967,8221.869783,11933.700441,8202.500000,9797.156398,7965.714286,0.049783,0.315960,0.201144,0.326255,0.072222,0.197229,0.048447
1000700,75.6742,30,Middle_C4_Open,Middle,open,4,1.6742,Middle cycle 4: OPEN,2919,2993,2866,3174,2901,3036,2875,8439.285714,9234.301270,7928.722539,11717.263844,8260.804020,9747.308782,8012.295082,0.041037,0.294812,0.158318,0.302202,0.079844,0.191137,0.054578
1000750,75.7289,30,Middle_C4_Open,Middle,open,4,1.7289,Middle cycle 4: OPEN,2926,3002,2867,3171,2895,3025,2872,8510.179641,9338.334858,7937.947883,11668.181818,8202.500000,9612.149533,7984.300899,0.049783,0.309399,0.159665,0.296747,0.072222,0.174621,0.050894
1000800,75.9011,30,Middle_C4_Open,Middle,open,4,1.9011,Middle cycle 4: OPEN,2925,2988,2870,3156,2881,3016,2868,8500.000000,9177.235772,7965.714286,11427.476038,8068.698517,9503.614458,7947.188264,0.048527,0.286810,0.163722,0.269996,0.054732,0.161357,0.046009
1000850,75.9012,30,Middle_C4_Open,Middle,open,4,1.9012,Middle cycle 4: OPEN,2919,2986,2858,3145,2896,3016,2871,8439.285714,9154.553652,7855.456750,11255.789474,8212.176814,9503.614458,7975.000000,0.041037,0.283630,0.147614,0.250916,0.073487,0.161357,0.049669
1000900,75.9012,30,Middle_C4_Open,Middle,open,4,1.9012,Middle cycle 4: OPEN,2924,2999,2856,3147,2895,3020,2872,8489.837746,9303.467153,7837.288136,11286.708861,8202.500000,9551.627907,7984.300899,0.047273,0.304510,0.144960,0.254352,0.072222,0.167225,0.050894
1000950,75.9554,30,Middle_C4_Open,Middle,open,4,1.9554,Middle cycle 4: OPEN,2921,2989,2852,3132,2889,3003,2866,8459.454855,9188.607595,7801.126307,11057.943925,8144.776119,9350.000000,7928.722539,0.043525,0.288405,0.139677,0.228928,0.064677,0.142586,0.043578
1001000,75.9766,30,Middle_C4_Open,Middle,open,4,1.9766,Middle cycle 4: OPEN,2913,2971,2841,3131,2899,2998,2873,8379.187817,8987.010676,7702.870813,11042.946058,8241.304348,9291.886964,7993.617021,0.033624,0.260137,0.125323,0.227261,0.077295,0.135484,0.052120
1001050,76.1735,31,Middle_C4_Bend,Middle,bend,4,0.1735,Middle cycle 4: BEND Middle,2921,2981,2842,3119,2894,2997,2874,8459.454855,9098.204668,7711.731844,10865.368852,8192.839301,9280.327869,8002.948403,0.043525,0.275729,0.126617,0.207526,0.070959,0.134072,0.053348
1001100,76.1736,31,Middle_C4_Bend,Middle,bend,4,0.1736,Middle cycle 4: BEND Middle,2919,2981,2851,3122,2888,2983,2867,8439.285714,9098.204668,7792.122186,10909.352518,8135.211268,9120.683453,7937.947883,0.041037,0.275729,0.138362,0.212414,0.063426,0.114563,0.044793
1001150,76.1736,31,Middle_C4_Bend,Middle,bend,4,0.1736,Middle cycle 4: BEND Middle,2913,2990,2833,3103,2896,2990,2875,8379.187817,9200.000000,7632.488114,10635.282258,8212.176814,9200.000000,8012.295082,0.033624,0.290002,0.115040,0.181955,0.073487,0.124255,0.054578
1001200,76.1951,31,Middle_C4_Bend,Middle,bend,4,0.1951,Middle cycle 4: BEND Middle,2920,2991,2849,3119,2893,2983,2872,8449.361702,9211.413043,7774.157303,10865.368852,8183.194676,9120.683453,7984.300899,0.042280,0.291603,0.135737,0.207526,0.069699,0.114563,0.050894
1001250,76.2282,31,Middle_C4_Bend,Middle,bend,4,0.2282,Middle cycle 4: BEND Middle,2915,2996,2845,3096,2880,2986,2868,8399.152542,9268.789809,7738.400000,10536.936937,8059.259259,9154.553652,7947.188264,0.036087,0.299648,0.130513,0.171026,0.053498,0.118702,0.046009
1001300,76.2715,31,Middle_C4_Bend,Middle,bend,4,0.2715,Middle cycle 4: BEND Middle,2904,2974,2836,3081,2892,2997,2873,8290.176322,9020.160571,7658.776807,10330.769231,8173.566085,9280.327869,7993.617021,0.022644,0.264786,0.118881,0.148113,0.068440,0.134072,0.052120
1001350,76.4165,31,Middle_C4_Bend,Middle,bend,4,0.4165,Middle cycle 4: BEND Middle,2917,2988,2841,3072,2891,2990,2872,8419.185059,9177.235772,7702.870813,10209.970674,8163.953488,9200.000000,7984.300899,0.038558,0.286810,0.125323,0.134688,0.067183,0.124255,0.050894
1001400,76.4166,31,Middle_C4_Bend,Middle,bend,4,0.4166,Middle cycle 4: BEND Middle,2912,2983,2859,3061,2883,2981,2869,8369.230769,9120.683453,7864.563107,10065.183752,8087.623762,9098.204668,7956.443719,0.032396,0.278881,0.148944,0.118597,0.057206,0.111816,0.047227
1001450,76.4166,31,Middle_C4_Bend,Middle,bend,4,0.4166,Middle cycle 4: BEND Middle,2901,2983,2830,3047,2894,2982,2871,8260.804020,9120.683453,7606.324111,9885.305344,8192.839301,9109.433962,7975.000000,0.019021,0.278881,0.111218,0.098606,0.070959,0.113188,0.049669
1001500,76.4920,31,Middle_C4_Bend,Middle,bend,4,0.4920,Middle cycle 4: BEND Middle,2911,2988,2845,3044,2895,2988,2872,8359.290541,9177.235772,7738.400000,9847.383444,8202.500000,9177.235772,7984.300899,0.031169,0.286810,0.130513,0.094392,0.072222,0.121473,0.050894
1001550,76.5249,31,Middle_C4_Bend,Middle,bend,4,0.5249,Middle cycle 4: BEND Middle,2908,2984,2831,3033,2885,2990,2868,8329.570345,9131.953195,7615.031646,9710.169492,8106.611570,9200.000000,7947.188264,0.027503,0.280461,0.112490,0.079143,0.059688,0.124255,0.046009
1001600,76.6686,31,Middle_C4_Bend,Middle,bend,4,0.6686,Middle cycle 4: BEND Middle,2896,2964,2832,3038,2896,2993,2873,8212.176814,8910.344828,7623.752969,9772.185430,8212.176814,9234.301270,7993.617021,0.013022,0.249388,0.113764,0.086035,0.073487,0.128447,0.052120
1001650,76.6686,31,Middle_C4_Bend,Middle,bend,4,0.6686,Middle cycle 4: BEND Middle,2907,2977,2848,3053,2893,3008,2867,8319.696970,9053.488372,7765.196472,9961.804223,8183.194676,9408.647654,7937.947883,0.026285,0.269459,0.134428,0.107108,0.069699,0.149752,0.044793
1001700,76.6794,31,Middle_C4_Bend,Middle,bend,4,0.6794,Middle cycle 4: BEND Middle,2905,2975,2844,3040,2883,3002,2867,8300.000000,9031.250000,7729.496403,9797.156398,8087.623762,9338.334858,7937.947883,0.023856,0.266341,0.129212,0.088810,0.057206,0.141160,0.044793
1001750,76.7334,31,Middle_C4_Bend,Middle,bend,4,0.7334,Middle cycle 4: BEND Middle,2893,2959,2847,3051,2895,3017,2879,8183.194676,8856.161972,7756.250000,9936.206897,8202.500000,9515.584416,8049.835526,0.009447,0.241790,0.133121,0.104263,0.072222,0.162820,0.059519
1001800,76.7762,31,Middle_C4_Bend,Middle,bend,4,0.7762,Middle cycle 4: BEND Middle,2905,2970,2846,3051,2894,3012,2875,8300.000000,8976.000000,7747.317854,9936.206897,8192.839301,9455.955679,8012.295082,0.023856,0.258594,0.131816,0.104263,0.070959,0.155534,0.054578
1001850,76.9259,31,Middle_C4_Bend,Middle,bend,4,0.9259,Middle cycle 4: BEND Middle,2898,2967,2868,3065,2883,2994,2871,8231.578947,8943.085106,7947.188264,10117.475728,8087.623762,9245.776567,7975.000000,0.015415,0.253978,0.161015,0.124409,0.057206,0.129849,0.049669
1001900,76.9259,31,Middle_C4_Bend,Middle,bend,4,0.9259,Middle cycle 4: BEND Middle,2885,2965,2861,3097,2895,3012,2877,8106.611570,8921.238938,7882.820097,10550.901804,8202.500000,9455.955679,8031.034483,0.000000,0.250915,0.151612,0.172578,0.072222,0.155534,0.057045
1001950,76.9370,31,Middle_C4_Bend,Middle,bend,4,0.9370,Middle cycle 4: BEND Middle,2899,2969,2853,3110,2894,3067,2873,8241.304348,8965.008881,7810.144928,10735.025381,8192.839301,10143.774319,7993.617021,0.016615,0.257052,0.140994,0.193040,0.070959,0.239586,0.052120
1002000,76.9802,31,Middle_C4_Bend,Middle,bend,4,0.9802,Middle cycle 4: BEND Middle,2901,2995,2849,3144,2879,3047,2874,8260.804020,9257.272727,7774.157303,11240.378549,8049.835526,9885.305344,8002.948403,0.019021,0.298033,0.135737,0.249203,0.052266,0.208001,0.053348
1002050,77.0243,31,Middle_C4_Bend,Middle,bend,4,1.0243,Middle cycle 4: BEND Middle,2898,2987,2854,3195,2889,3050,2882,8231.578947,9165.884477,7819.178082,12070.000000,8144.776119,9923.444976,8078.153339,0.015415,0.285219,0.142314,0.341403,0.064677,0.212661,0.063246
1002100,77.1839,31,Middle_C4_Bend,Middle,bend,4,1.1839,Middle cycle 4: BEND Middle,2917,3006,2876,3280,2886,3026,2886,8419.185059,9385.123967,8021.657096,13683.435583,8116.129032,9624.321796,8116.129032,0.038558,0.315960,0.171895,0.520713,0.060932,0.176108,0.068245
1002150,77.1840,31,Middle_C4_Bend,Middle,bend,4,1.1840,Middle cycle 4: BEND Middle,2927,3005,2877,3329,2877,3040,2883,8520.376712,9373.394495,8031.034483,14776.240209,8031.034483,9797.156398,8087.623762,0.051040,0.314315,0.173265,0.642162,0.049808,0.197229,0.064493
1002200,77.1840,31,Middle_C4_Bend,Middle,bend,4,1.1840,Middle cycle 4: BEND Middle,2918,3014,2847,3343,2897,3050,2881,8429.226848,9479.740981,7756.250000,15114.627660,8221.869783,9923.444976,8068.698517,0.039797,0.329227,0.133121,0.679769,0.074754,0.212661,0.062002
1002250,77.2273,31,Middle_C4_Bend,Middle,bend,4,1.2273,Middle cycle 4: BEND Middle,2933,3016,2845,3311,2899,3092,2872,8581.927711,9503.614458,7738.400000,14358.928571,8241.304348,10481.355932,7984.300899,0.058633,0.332574,0.130513,0.595784,0.077295,0.280839,0.050894
1002300,77.3034,31,Middle_C4_Bend,Middle,bend,4,1.3034,Middle cycle 4: BEND Middle,2940,3011,2834,3281,2891,3054,2866,8654.545455,9444.095941,7641.237113,13704.422604,8163.953488,9974.639769,7928.722539,0.067591,0.324229,0.116319,0.523045,0.067183,0.218918,0.043578
1002350,77.4452,31,Middle_C4_Bend,Middle,bend,4,1.4452,Middle cycle 4: BEND Middle,2935,3019,2829,3280,2897,3088,2870,8602.586207,9539.591078,7597.630332,13683.435583,8221.869783,10426.216485,7965.714286,0.061181,0.337619,0.109948,0.520713,0.074754,0.274101,0.048447
1002400,77.4453,31,Middle_C4_Bend,Middle,bend,4,1.4453,Middle cycle 4: BEND Middle,2943,3021,2835,3278,2896,3065,2870,8685.937500,9563.687151,7650.000000,13641.615667,8212.176814,10117.475728,7965.714286,0.071463,0.340998,0.117599,0.516065,0.073487,0.236372,0.048447
1002450,77.4453,31,Middle_C4_Bend,Middle,bend,4,1.4453,Middle cycle 4: BEND Middle,2938,3036,2866,3264,2883,3057,2871,8633.707865,9747.308782,7928.722539,13354.512635,8087.623762,10013.294798,7975.000000,0.065021,0.366745,0.158318,0.484158,0.057206,0.223641,0.049669
1002500,77.4665,31,Middle_C4_Bend,Middle,bend,4,1.4665,Middle cycle 4: BEND Middle,2930,2990,2820,3240,2893,3066,2875,8551.072961,9200.000000,7520.000000,12884.210526,8183.194676,10130.612245,8012.295082,0.054827,0.290002,0.098607,0.431891,0.069699,0.237978,0.054578
1002550,77.5426,31,Middle_C4_Bend,Middle,bend,4,1.5426,Middle cycle 4: BEND Middle,2938,2991,2831,3246,2893,3076,2876,8633.707865,9211.413043,7615.031646,12999.293286,8183.194676,10263.395486,8021.657096,0.065021,0.291603,0.112490,0.444680,0.069699,0.254204,0.055810
1002600,77.6958,31,Middle_C4_Bend,Middle,bend,4,1.6958,Middle cycle 4: BEND Middle,2934,3000,2821,3214,2886,3067,2874,8592.248062,9315.068493,7528.571429,12403.632236,8116.129032,10143.774319,8002.948403,0.059906,0.306137,0.099859,0.378481,0.060932,0.239586,0.053348
1002650,77.6959,31,Middle_C4_Bend,Middle,bend,4,1.6959,Middle cycle 4: BEND Middle,2926,2988,2801,3246,2896,3069,2878,8510.179641,9177.235772,7359.659969,12999.293286,8212.176814,10170.175439,8040.427280,0.049783,0.286810,0.075183,0.444680,0.073487,0.242812,0.058281
1002700,77.6959,31,Middle_C4_Bend,Middle,bend,4,1.6959,Middle cycle 4: BEND Middle,2934,2999,2810,3218,2896,3088,2868,8592.248062,9303.467153,7435.019455,12475.712657,8212.176814,10426.216485,7947.188264,0.059906,0.304510,0.086192,0.386492,0.073487,0.274101,0.046009
1002750,77.7292,31,Middle_C4_Bend,Middle,bend,4,1.7292,Middle cycle 4: BEND Middle,2928,2997,2812,3206,2881,3055,2868,8530.591260,9280.327869,7451.909587,12261.417323,8068.698517,9987.500000,7947.188264,0.052300,0.301266,0.088659,0.362676,0.054732,0.220489,0.046009
1002800,77.8054,31,Middle_C4_Bend,Middle,bend,4,1.8054,Middle cycle 4: BEND Middle,2913,2999,2799,3172,2884,3067,2870,8379.187817,9303.467153,7343.055556,11684.507042,8097.109827,10143.774319,7965.714286,0.033624,0.304510,0.072757,0.298561,0.058446,0.239586,0.048447
1002850,77.9408,31,Middle_C4_Bend,Middle,bend,4,1.9408,Middle cycle 4: BEND Middle,2917,2998,2793,3167,2885,3068,2867,8419.185059,9291.886964,7293.548387,11603.232759,8106.611570,10156.962025,7937.947883,0.038558,0.302887,0.065524,0.289529,0.059688,0.241198,0.044793
1002900,77.9409,31,Middle_C4_Bend,Middle,bend,4,1.9409,Middle cycle 4: BEND Middle,2926,3012,2791,3155,2874,3059,2867,8510.179641,9455.955679,7277.147239,11411.702128,8002.948403,10039.189189,7937.947883,0.049783,0.325892,0.063128,0.268243,0.046137,0.226806,0.044793
1002950,77.9409,31,Middle_C4_Bend,Middle,bend,4,1.9409,Middle cycle 4: BEND Middle,2915,3000,2780,3174,2884,3051,2871,8399.152542,9315.068493,7187.832700,11717.263844,8097.109827,9936.206897,7975.000000,0.036087,0.306137,0.050080,0.302202,0.058446,0.214221,0.049669
1003000,77.9847,31,Middle_C4_Bend,Middle,bend,4,1.9847,Middle cycle 4: BEND Middle,2928,2995,2785,3180,2885,3056,2870,8530.591260,9257.272727,7228.244275,11816.393443,8106.611570,10000.384986,7965.714286,0.052300,0.298033,0.055984,0.313218,0.059688,0.222064,0.048447
1003050,78.0241,32,Middle_C5_Open,Middle,open,5,0.0241,Middle cycle 5: OPEN,2926,2981,2786,3196,2872,3039,2868,8510.179641,9098.204668,7236.363636,12087.208009,7984.300899,9784.659091,7947.188264,0.049783,0.275729,0.057170,0.343316,0.043699,0.195702,0.046009
1003100,78.2118,32,Middle_C5_Open,Middle,open,5,0.2118,Middle cycle 5: OPEN,2915,2966,2771,3202,2885,3065,2875,8399.152542,8932.152347,7115.861027,12191.265398,8106.611570,10117.475728,8012.295082,0.036087,0.252445,0.039566,0.354880,0.059688,0.236372,0.054578
1003150,78.2119,32,Middle_C5_Open,Middle,open,5,0.2119,Middle cycle 5: OPEN,2926,2995,2788,3201,2883,3065,2872,8510.179641,9257.272727,7252.639633,12173.825503,8087.623762,10117.475728,7984.300899,0.049783,0.298033,0.059548,0.352942,0.057206,0.236372,0.050894
1003200,78.2119,32,Middle_C5_Open,Middle,open,5,0.2119,Middle cycle 5: OPEN,2916,2974,2785,3193,2874,3055,2870,8409.160305,9020.160571,7228.244275,12035.698448,8002.948403,9987.500000,7965.714286,0.037321,0.264786,0.055984,0.337591,0.046137,0.220489,0.048447
1003250,78.2220,32,Middle_C5_Open,Middle,open,5,0.2220,Middle cycle 5: OPEN,2909,2974,2764,3209,2883,3078,2876,8339.460371,9020.160571,7060.555973,12314.446953,8087.623762,10290.265487,8021.657096,0.028723,0.264786,0.031486,0.368570,0.057206,0.257488,0.055810
1003300,78.2989,32,Middle_C5_Open,Middle,open,5,0.2989,Middle cycle 5: OPEN,2920,2984,2769,3197,2880,3059,2876,8449.361702,9131.953195,7100.000000,12104.454343,8059.259259,10039.189189,8021.657096,0.042280,0.280461,0.037248,0.345232,0.053498,0.226806,0.055810
1003350,78.4453,32,Middle_C5_Open,Middle,open,5,0.4453,Middle cycle 5: OPEN,2918,2975,2778,3186,2870,3036,2866,8429.226848,9031.250000,7171.753986,11916.831683,7965.714286,9747.308782,7928.722539,0.039797,0.266341,0.047731,0.324381,0.041270,0.191137,0.043578
1003400,78.4454,32,Middle_C5_Open,Middle,open,5,0.4454,Middle cycle 5: OPEN,2904,2974,2782,3182,2886,3056,2876,8290.176322,9020.160571,7203.960396,11849.726177,8116.129032,10000.384986,8021.657096,0.022644,0.264786,0.052436,0.316923,0.060932,0.222064,0.055810
1003450,78.4454,32,Middle_C5_Open,Middle,open,5,0.4454,Middle cycle 5: OPEN,2923,2990,2788,3166,2872,3046,2877,8479.692833,9200.000000,7252.639633,11587.082885,7984.300899,9872.640610,8031.034483,0.046022,0.290002,0.059548,0.287734,0.043699,0.206453,0.057045
1003500,78.4786,32,Middle_C5_Open,Middle,open,5,0.4786,Middle cycle 5: OPEN,2916,2986,2778,3148,2864,3047,2870,8409.160305,9154.553652,7171.753986,11302.217529,7910.316816,9885.305344,7965.714286,0.037321,0.283630,0.047731,0.256075,0.034028,0.208001,0.048447
1003550,78.5334,32,Middle_C5_Open,Middle,open,5,0.5334,Middle cycle 5: OPEN,2909,2960,2770,3172,2878,3067,2877,8339.460371,8866.960352,7107.924528,11684.507042,8040.427280,10143.774319,8031.034483,0.028723,0.243304,0.038406,0.298561,0.051036,0.239586,0.057045
1003600,78.7009,32,Middle_C5_Open,Middle,open,5,0.7009,Middle cycle 5: OPEN,2922,2962,2769,3193,2888,3057,2875,8469.565217,8888.614298,7100.000000,12035.698448,8135.211268,10013.294798,8012.295082,0.044773,0.246341,0.037248,0.337591,0.063426,0.223641,0.054578
1003650,78.7009,32,Middle_C5_Open,Middle,open,5,0.7009,Middle cycle 5: OPEN,2922,2956,2770,3170,2877,3053,2869,8469.565217,8823.880597,7107.924528,11651.891892,8031.034483,9961.804223,7956.443719,0.044773,0.237264,0.038406,0.294937,0.049808,0.217349,0.047227
1003700,78.7009,32,Middle_C5_Open,Middle,open,5,0.7009,Middle cycle 5: OPEN,2908,2942,2773,3189,2883,3067,2879,8329.570345,8675.455334,7131.770045,11967.549669,8087.623762,10143.774319,8049.835526,0.027503,0.216452,0.041890,0.330017,0.057206,0.239586,0.059519
1003750,78.7340,32,Middle_C5_Open,Middle,open,5,0.7340,Middle cycle 5: OPEN,2919,2960,2782,3170,2875,3083,2879,8439.285714,8866.960352,7203.960396,11651.891892,8012.295082,10357.905138,8049.835526,0.041037,0.243304,0.052436,0.294937,0.047359,0.265753,0.059519
1003800,78.7772,32,Middle_C5_Open,Middle,open,5,0.7772,Middle cycle 5: OPEN,2914,2946,2770,3175,2866,3069,2874,8389.161727,8717.493473,7107.924528,11733.695652,7928.722539,10170.175439,8002.948403,0.034854,0.222346,0.038406,0.304028,0.036434,0.242812,0.053348
1003850,78.9633,32,Middle_C5_Open,Middle,open,5,0.9633,Middle cycle 5: OPEN,2907,2947,2795,3234,2876,3057,2882,8319.696970,8728.048780,7310.000000,12770.731707,8021.657096,10013.294798,8078.153339,0.026285,0.223826,0.067928,0.419279,0.048583,0.223641,0.063246
1003900,78.9634,32,Middle_C5_Open,Middle,open,5,0.9634,Middle cycle 5: OPEN,2917,3012,2793,3287,2876,3062,2878,8419.185059,9455.955679,7293.548387,13831.435644,8021.657096,10078.218780,8040.427280,0.038558,0.325892,0.065524,0.537161,0.048583,0.231575,0.058281
1003950,78.9634,32,Middle_C5_Open,Middle,open,5,0.9634,Middle cycle 5: OPEN,2922,3061,2868,3329,2882,3063,2876,8469.565217,10065.183752,7947.188264,14776.240209,8078.153339,10091.279070,8021.657096,0.044773,0.411316,0.161015,0.642162,0.055968,0.233171,0.055810
1004000,78.9744,32,Middle_C5_Open,Middle,open,5,0.9744,Middle cycle 5: OPEN,2937,3109,2854,3322,2896,3066,2882,8623.316062,10720.689655,7819.178082,14611.642950,8212.176814,10130.612245,8078.153339,0.063739,0.503230,0.142314,0.623869,0.073487,0.237978,0.063246
1004050,79.0291,32,Middle_C5_Open,Middle,open,5,1.0291,Middle cycle 5: OPEN,2945,3018,2917,3315,2899,3040,2873,8706.956522,9527.576602,8419.185059,14450.000000,8241.304348,9797.156398,7993.617021,0.074056,0.335934,0.229970,0.605905,0.077295,0.197229,0.052120
1004100,79.0725,32,Middle_C5_Open,Middle,open,5,1.0725,Middle cycle 5: OPEN,2942,2988,2863,3198,2885,3023,2869,8675.455334,9177.235772,7901.136364,12121.739130,8106.611570,9587.873134,7956.443719,0.070170,0.286810,0.154288,0.347153,0.059688,0.171654,0.047227
1004150,79.2080,32,Middle_C5_Open,Middle,open,5,1.2080,Middle cycle 5: OPEN,2927,2979,2887,3190,2894,3067,2872,8520.376712,9075.806452,8125.662252,11984.530387,8192.839301,10143.774319,7984.300899,0.051040,0.272588,0.187089,0.331904,0.070959,0.239586,0.050894
1004200,79.2081,32,Middle_C5_Open,Middle,open,5,1.2081,Middle cycle 5: OPEN,2946,2985,2871,3203,2887,3067,2869,8717.493473,9143.243243,7975.000000,12208.744395,8125.662252,10143.774319,7956.443719,0.075356,0.282044,0.165078,0.356822,0.062178,0.239586,0.047227
1004250,79.2406,32,Middle_C5_Open,Middle,open,5,1.2406,Middle cycle 5: OPEN,2940,2974,2904,3142,2878,3057,2867,8654.545455,9020.160571,8290.176322,11209.653725,8040.427280,10013.294798,7937.947883,0.067591,0.264786,0.211123,0.245788,0.051036,0.223641,0.044793
1004300,79.2736,32,Middle_C5_Open,Middle,open,5,1.2736,Middle cycle 5: OPEN,2929,2949,2887,3194,2889,3075,2876,8540.823328,8749.214660,8125.662252,12052.830189,8144.776119,10250.000000,8021.657096,0.053563,0.226794,0.187089,0.339495,0.064677,0.252567,0.055810
1004350,79.3283,32,Middle_C5_Open,Middle,open,5,1.3283,Middle cycle 5: OPEN,2937,2951,2877,3151,2889,3071,2873,8623.316062,8770.454545,8031.034483,11348.940678,8144.776119,10196.679688,7993.617021,0.063739,0.229772,0.173265,0.261268,0.064677,0.246051,0.052120
1004400,79.4740,32,Middle_C5_Open,Middle,open,5,1.4740,Middle cycle 5: OPEN,2930,2956,2875,3153,2876,3054,2869,8551.072961,8823.880597,8012.295082,11380.254777,8021.657096,9974.639769,7956.443719,0.054827,0.237264,0.170527,0.264748,0.048583,0.218918,0.047227
1004450,79.4741,32,Middle_C5_Open,Middle,open,5,1.4741,Middle cycle 5: OPEN,2927,2947,2855,3152,2891,3056,2876,8520.376712,8728.048780,7828.225806,11364.581124,8163.953488,10000.384986,8021.657096,0.051040,0.223826,0.143636,0.263006,0.067183,0.222064,0.055810
1004500,79.4852,32,Middle_C5_Open,Middle,open,5,1.4852,Middle cycle 5: OPEN,2920,2943,2846,3119,2886,3006,2872,8449.361702,8685.937500,7747.317854,10865.368852,8116.129032,9385.123967,7984.300899,0.042280,0.217922,0.131816,0.207526,0.060932,0.146878,0.050894
1004550,79.5292,32,Middle_C5_Open,Middle,open,5,1.5292,Middle cycle 5: OPEN,2918,2944,2816,3131,2875,2997,2869,8429.226848,8696.437880,7485.848319,11042.946058,8012.295082,9280.327869,7956.443719,0.039797,0.219394,0.093618,0.227261,0.047359,0.134072,0.047227
1004600,79.5842,32,Middle_C5_Open,Middle,open,5,1.5842,Middle cycle 5: OPEN,2908,2944,2806,3139,2887,3001,2876,8329.570345,8696.437880,7401.396431,11163.807531,8125.662252,9326.691042,8021.657096,0.027503,0.219394,0.081280,0.240693,0.062178,0.139737,0.055810
1004650,79.7249,32,Middle_C5_Open,Middle,open,5,1.7249,Middle cycle 5: OPEN,2914,2951,2822,3149,2885,3002,2871,8389.161727,8770.454545,7537.156324,11317.758985,8106.611570,9338.334858,7975.000000,0.034854,0.229772,0.101113,0.257803,0.059688,0.141160,0.049669
1004700,79.7250,32,Middle_C5_Open,Middle,open,5,1.7250,Middle cycle 5: OPEN,2916,2943,2808,3133,2871,2991,2870,8409.160305,8685.937500,7418.181818,11072.972973,7975.000000,9211.413043,7965.714286,0.037321,0.217922,0.083732,0.230598,0.042484,0.125650,0.048447
1004750,79.7357,32,Middle_C5_Open,Middle,open,5,1.7357,Middle cycle 5: OPEN,2911,2926,2802,3139,2883,2996,2874,8359.290541,8510.179641,7367.981439,11163.807531,8087.623762,9268.789809,8002.948403,0.031169,0.193277,0.076398,0.240693,0.057206,0.132662,0.053348
1004800,79.8015,32,Middle_C5_Open,Middle,open,5,1.8015,Middle cycle 5: OPEN,2913,2936,2814,3131,2883,3001,2871,8379.187817,8612.942192,7468.852459,11042.946058,8087.623762,9326.691042,7975.000000,0.033624,0.207686,0.091135,0.227261,0.057206,0.139737,0.049669
1004850,79.8229,32,Middle_C5_Open,Middle,open,5,1.8229,Middle cycle 5: OPEN,2910,2926,2813,3132,2873,2988,2865,8349.367089,8510.179641,7460.374415,11057.943925,7993.617021,9177.235772,7919.512195,0.029945,0.193277,0.089896,0.228928,0.044917,0.121473,0.042366
1004900,79.9849,32,Middle_C5_Open,Middle,open,5,1.9849,Middle cycle 5: OPEN,2904,2921,2812,3118,2885,2999,2874,8290.176322,8459.454855,7451.909587,10850.767656,8106.611570,9303.467153,8002.948403,0.022644,0.186165,0.088659,0.205903,0.059688,0.136899,0.053348
1004950,79.9849,32,Middle_C5_Open,Middle,open,5,1.9849,Middle cycle 5: OPEN,2911,2926,2825,3112,2884,2995,2873,8359.290541,8510.179641,7562.992126,10763.784334,8097.109827,9257.272727,7993.617021,0.031169,0.193277,0.104888,0.196236,0.058446,0.131254,0.052120
1005000,80.0237,33,Middle_C5_Bend,Middle,bend,5,0.0237,Middle cycle 5: BEND Middle,2911,2930,2811,3100,2876,2988,2868,8359.290541,8551.072961,7443.457944,10592.964824,8021.657096,9177.235772,7947.188264,0.031169,0.199011,0.087425,0.177252,0.048583,0.121473,0.046009
1005050,80.0240,33,Middle_C5_Bend,Middle,bend,5,0.0240,Middle cycle 5: BEND Middle,2902,2927,2797,3110,2882,2996,2875,8270.578374,8520.376712,7326.502311,10735.025381,8078.153339,9268.789809,8012.295082,0.020226,0.194707,0.070338,0.193040,0.055968,0.132662,0.054578
1005100,80.0790,33,Middle_C5_Bend,Middle,bend,5,0.0790,Middle cycle 5: BEND Middle,2908,2936,2801,3092,2880,3004,2873,8329.570345,8612.942192,7359.659969,10481.355932,8059.259259,9361.686526,7993.617021,0.027503,0.207686,0.075183,0.164849,0.053498,0.144014,0.052120
1005150,80.2541,33,Middle_C5_Bend,Middle,bend,5,0.2541,Middle cycle 5: BEND Middle,2910,2952,2803,3100,2876,2992,2868,8349.367089,8781.102362,7376.315789,10592.964824,8021.657096,9222.846782,7947.188264,0.029945,0.231265,0.077616,0.177252,0.048583,0.127047,0.046009
1005200,80.2542,33,Middle_C5_Bend,Middle,bend,5,0.2542,Middle cycle 5: BEND Middle,2898,2946,2778,3109,2887,2995,2872,8231.578947,8717.493473,7171.753986,10720.689655,8125.662252,9257.272727,7984.300899,0.015415,0.222346,0.047731,0.191447,0.062178,0.131254,0.050894
1005250,80.2542,33,Middle_C5_Bend,Middle,bend,5,0.2542,Middle cycle 5: BEND Middle,2909,2966,2798,3109,2883,2991,2871,8339.460371,8932.152347,7334.772552,10720.689655,8087.623762,9211.413043,7975.000000,0.028723,0.252445,0.071547,0.191447,0.057206,0.125650,0.049669
1005300,80.2760,33,Middle_C5_Bend,Middle,bend,5,0.2760,Middle cycle 5: BEND Middle,2908,2956,2784,3117,2874,2994,2867,8329.570345,8823.880597,7220.137300,10836.196319,8002.948403,9245.776567,7937.947883,0.027503,0.237264,0.054799,0.204284,0.046137,0.129849,0.044793
1005350,80.3200,33,Middle_C5_Bend,Middle,bend,5,0.3200,Middle cycle 5: BEND Middle,2900,2937,2794,3117,2882,2982,2870,8251.046025,8623.316062,7301.767871,10836.196319,8078.153339,9109.433962,7965.714286,0.017817,0.209141,0.066725,0.204284,0.055968,0.113188,0.048447
1005400,80.4877,33,Middle_C5_Bend,Middle,bend,5,0.4877,Middle cycle 5: BEND Middle,2906,2942,2799,3104,2880,2992,2865,8309.840202,8675.455334,7343.055556,10649.445005,8059.259259,9222.846782,7919.512195,0.025069,0.216452,0.072757,0.183529,0.053498,0.127047,0.042366
1005450,80.4877,33,Middle_C5_Bend,Middle,bend,5,0.4877,Middle cycle 5: BEND Middle,2898,2934,2800,3097,2871,2988,2864,8231.578947,8592.248062,7351.351351,10550.901804,7975.000000,9177.235772,7910.316816,0.015415,0.204785,0.073969,0.172578,0.042484,0.121473,0.041156
1005500,80.4878,33,Middle_C5_Bend,Middle,bend,5,0.4878,Middle cycle 5: BEND Middle,2891,2927,2833,3111,2881,3004,2867,8163.953488,8520.376712,7632.488114,10749.390244,8068.698517,9361.686526,7937.947883,0.007073,0.194707,0.115040,0.194637,0.054732,0.144014,0.044793
1005550,80.5308,33,Middle_C5_Bend,Middle,bend,5,0.5308,Middle cycle 5: BEND Middle,2898,2930,2821,3107,2880,3013,2866,8231.578947,8551.072961,7528.571429,10692.105263,8059.259259,9467.837338,7928.722539,0.015415,0.199011,0.099859,0.188270,0.053498,0.156985,0.043578
1005600,80.5850,33,Middle_C5_Bend,Middle,bend,5,0.5850,Middle cycle 5: BEND Middle,2896,2934,2814,3080,2867,2994,2866,8212.176814,8592.248062,7468.852459,10317.241379,7937.947883,9245.776567,7928.722539,0.013022,0.204785,0.091135,0.146610,0.037640,0.129849,0.043578
1005650,80.7476,33,Middle_C5_Bend,Middle,bend,5,0.7476,Middle cycle 5: BEND Middle,2887,2922,2815,3064,2881,2995,2866,8125.662252,8469.565217,7477.343750,10104.364694,8068.698517,9257.272727,7928.722539,0.002350,0.187582,0.092375,0.122952,0.054732,0.131254,0.043578
1005700,80.7476,33,Middle_C5_Bend,Middle,bend,5,0.7476,Middle cycle 5: BEND Middle,2891,2926,2824,3087,2881,2996,2865,8163.953488,8510.179641,7554.366640,10412.500000,8068.698517,9268.789809,7919.512195,0.007073,0.193277,0.103627,0.157196,0.054732,0.132662,0.042366
1005750,80.7476,33,Middle_C5_Bend,Middle,bend,5,0.7476,Middle cycle 5: BEND Middle,2896,2929,2813,3067,2868,2985,2868,8212.176814,8540.823328,7460.374415,10143.774319,7947.188264,9143.243243,7947.188264,0.013022,0.197574,0.089896,0.127331,0.038848,0.117320,0.046009
1005800,80.7690,33,Middle_C5_Bend,Middle,bend,5,0.7690,Middle cycle 5: BEND Middle,2887,2918,2810,3092,2881,2986,2867,8125.662252,8429.226848,7435.019455,10481.355932,8068.698517,9154.553652,7937.947883,0.002350,0.181926,0.086192,0.164849,0.054732,0.118702,0.044793
1005850,80.8454,33,Middle_C5_Bend,Middle,bend,5,0.8454,Middle cycle 5: BEND Middle,2903,2930,2810,3091,2882,2994,2866,8280.369128,8551.072961,7435.019455,10467.529880,8078.153339,9245.776567,7928.722539,0.021434,0.199011,0.086192,0.163312,0.055968,0.129849,0.043578
1005900,81.0080,33,Middle_C5_Bend,Middle,bend,5,1.0080,Middle cycle 5: BEND Middle,2901,2923,2817,3087,2869,2989,2854,8260.804020,8479.692833,7494.366197,10412.500000,7956.443719,9188.607595,7819.178082,0.019021,0.189003,0.094862,0.157196,0.040058,0.122863,0.029160
1005950,81.0081,33,Middle_C5_Bend,Middle,bend,5,1.0081,Middle cycle 5: BEND Middle,2894,2908,2803,3080,2882,2992,2868,8192.839301,8329.570345,7376.315789,10317.241379,8078.153339,9222.846782,7947.188264,0.010637,0.167953,0.077616,0.146610,0.055968,0.127047,0.046009
1006000,81.0081,33,Middle_C5_Bend,Middle,bend,5,1.0081,Middle cycle 5: BEND Middle,2900,2913,2832,3112,2877,3014,2868,8251.046025,8379.187817,7623.752969,10763.784334,8031.034483,9479.740981,7947.188264,0.017817,0.174910,0.113764,0.196236,0.049808,0.158440,0.046009
1006050,81.0405,33,Middle_C5_Bend,Middle,bend,5,1.0405,Middle cycle 5: BEND Middle,2902,2928,2839,3123,2863,3011,2868,8270.578374,8530.591260,7685.191083,10924.074074,7901.136364,9444.095941,7947.188264,0.020226,0.196139,0.122740,0.214050,0.032828,0.154084,0.046009
1006100,81.1057,33,Middle_C5_Bend,Middle,bend,5,1.1057,Middle cycle 5: BEND Middle,2890,2917,2851,3129,2877,3018,2878,8154.356846,8419.185059,7792.122186,11013.043478,8031.034483,9527.576602,8040.427280,0.005890,0.180518,0.138362,0.223938,0.049808,0.164286,0.058281
1006150,81.1267,33,Middle_C5_Bend,Middle,bend,5,1.1267,Middle cycle 5: BEND Middle,2897,2943,2854,3187,2883,3025,2871,8221.869783,8685.937500,7819.178082,11933.700441,8087.623762,9612.149533,7975.000000,0.014218,0.217922,0.142314,0.326255,0.057206,0.174621,0.049669
1006200,81.2648,33,Middle_C5_Bend,Middle,bend,5,1.2648,Middle cycle 5: BEND Middle,2944,2927,2821,3250,2871,3009,2871,8696.437880,8520.376712,7528.571429,13076.923077,7975.000000,9420.441989,7975.000000,0.072759,0.194707,0.099859,0.453308,0.042484,0.151194,0.049669
1006250,81.2649,33,Middle_C5_Bend,Middle,bend,5,1.2649,Middle cycle 5: BEND Middle,2970,2902,2797,3279,2884,3027,2872,8976.000000,8270.578374,7326.502311,13662.500000,8097.109827,9636.516854,7984.300899,0.107244,0.159681,0.070338,0.518386,0.058446,0.177598,0.050894
1006300,81.2981,33,Middle_C5_Bend,Middle,bend,5,1.2981,Middle cycle 5: BEND Middle,2972,2946,2798,3326,2894,3021,2877,8998.040962,8717.493473,7334.772552,14705.331599,8192.839301,9563.687151,8031.034483,0.109963,0.222346,0.071547,0.634281,0.070959,0.168698,0.057045
1006350,81.3423,33,Middle_C5_Bend,Middle,bend,5,1.3423,Middle cycle 5: BEND Middle,2957,2939,2814,3251,2884,3033,2870,8834.622144,8644.117647,7468.852459,13096.445498,8097.109827,9710.169492,7965.714286,0.089805,0.212058,0.091135,0.455477,0.058446,0.186599,0.048447
1006400,81.3852,33,Middle_C5_Bend,Middle,bend,5,1.3852,Middle cycle 5: BEND Middle,2939,2930,2791,3198,2901,3025,2878,8644.117647,8551.072961,7277.147239,12121.739130,8260.804020,9612.149533,8040.427280,0.066305,0.199011,0.063128,0.347153,0.079844,0.174621,0.058281
1006450,81.5320,33,Middle_C5_Bend,Middle,bend,5,1.5320,Middle cycle 5: BEND Middle,2949,2922,2799,3187,2897,3033,2875,8749.214660,8469.565217,7343.055556,11933.700441,8221.869783,9710.169492,8012.295082,0.079269,0.187582,0.072757,0.326255,0.074754,0.186599,0.054578
1006500,81.5320,33,Middle_C5_Bend,Middle,bend,5,1.5320,Middle cycle 5: BEND Middle,2944,2915,2804,3155,2882,3012,2867,8696.437880,8399.152542,7384.663052,11411.702128,8078.153339,9455.955679,7937.947883,0.072759,0.177709,0.078835,0.268243,0.055968,0.155534,0.044793
1006550,81.5321,33,Middle_C5_Bend,Middle,bend,5,1.5321,Middle cycle 5: BEND Middle,2937,2894,2804,3188,2897,3025,2878,8623.316062,8192.839301,7384.663052,11950.606395,8221.869783,9612.149533,8040.427280,0.063739,0.148781,0.078835,0.328134,0.074754,0.174621,0.058281
1006600,81.5976,33,Middle_C5_Bend,Middle,bend,5,1.5976,Middle cycle 5: BEND Middle,2941,2908,2797,3148,2900,3019,2874,8664.991334,8329.570345,7326.502311,11302.217529,8251.046025,9539.591078,8002.948403,0.068880,0.167953,0.070338,0.256075,0.078568,0.165754,0.053348
1006650,81.6415,33,Middle_C5_Bend,Middle,bend,5,1.6415,Middle cycle 5: BEND Middle,2931,2912,2794,3118,2888,3030,2870,8561.340206,8369.230769,7301.767871,10850.767656,8135.211268,9673.239437,7965.714286,0.056094,0.173514,0.066725,0.205903,0.063426,0.182086,0.048447
1006700,81.7729,33,Middle_C5_Bend,Middle,bend,5,1.7729,Middle cycle 5: BEND Middle,2926,2895,2798,3148,2897,3024,2880,8510.179641,8202.500000,7334.772552,11302.217529,8221.869783,9600.000000,8059.259259,0.049783,0.150135,0.071547,0.256075,0.074754,0.173136,0.060760
1006750,81.7730,33,Middle_C5_Bend,Middle,bend,5,1.7730,Middle cycle 5: BEND Middle,2927,2912,2795,3200,2893,3021,2878,8520.376712,8369.230769,7310.000000,12156.424581,8183.194676,9563.687151,8040.427280,0.051040,0.173514,0.067928,0.351008,0.069699,0.168698,0.058281
1006800,81.7730,33,Middle_C5_Bend,Middle,bend,5,1.7730,Middle cycle 5: BEND Middle,2925,2901,2786,3158,2883,3020,2871,8500.000000,8260.804020,7236.363636,11459.124867,8087.623762,9551.627907,7975.000000,0.048527,0.158310,0.057170,0.273513,0.057206,0.167225,0.049669
1006850,81.8164,33,Middle_C5_Bend,Middle,bend,5,1.8164,Middle cycle 5: BEND Middle,2917,2904,2757,3170,2896,3023,2874,8419.185059,8290.176322,7005.829596,11651.891892,8212.176814,9587.873134,8002.948403,0.038558,0.162429,0.023491,0.294937,0.073487,0.171654,0.053348
1006900,81.8818,33,Middle_C5_Bend,Middle,bend,5,1.8818,Middle cycle 5: BEND Middle,2923,2906,2754,3159,2891,3039,2867,8479.692833,8309.840202,6982.550336,11475.000000,8163.953488,9784.659091,7937.947883,0.046022,0.165186,0.020090,0.275278,0.067183,0.195702,0.044793
1006950,82.0421,34,Ring_Prep_Open,Ring,prep_open,0,0.0421,OPEN HAND - prepare for Ring,2923,2908,2758,3155,2881,3037,2866,8479.692833,8329.570345,7013.612565,11411.702128,8068.698517,9759.735350,7928.722539,0.046022,0.167953,0.024628,0.268243,0.054732,0.192656,0.043578
1007000,82.0424,34,Ring_Prep_Open,Ring,prep_open,0,0.0424,OPEN HAND - prepare for Ring,2913,2895,2751,3140,2893,3023,2868,8379.187817,8202.500000,6959.375000,11179.057592,8183.194676,9587.873134,7947.188264,0.033624,0.150135,0.016704,0.242388,0.069699,0.171654,0.046009
1007050,82.0425,34,Ring_Prep_Open,Ring,prep_open,0,0.0425,OPEN HAND - prepare for Ring,2925,2920,2750,3169,2888,3014,2868,8500.000000,8449.361702,6951.672862,11635.637149,8135.211268,9479.740981,7947.188264,0.048527,0.184750,0.015579,0.293130,0.063426,0.158440,0.046009
1007100,82.0969,34,Ring_Prep_Open,Ring,prep_open,0,0.0969,OPEN HAND - prepare for Ring,2917,2909,2768,3159,2876,3001,2869,8419.185059,8339.460371,7092.087415,11475.000000,8021.657096,9326.691042,7956.443719,0.038558,0.169339,0.036092,0.275278,0.048583,0.139737,0.047227
1007150,82.1407,34,Ring_Prep_Open,Ring,prep_open,0,0.1407,OPEN HAND - prepare for Ring,2905,2902,2756,3144,2889,3007,2876,8300.000000,8270.578374,6998.058252,11240.378549,8144.776119,9396.875000,8021.657096,0.023856,0.159681,0.022356,0.249203,0.064677,0.148314,0.055810
1007200,82.3086,34,Ring_Prep_Open,Ring,prep_open,0,0.3086,OPEN HAND - prepare for Ring,2908,2925,2756,3173,2889,2997,2873,8329.570345,8500.000000,6998.058252,11700.867679,8144.776119,9280.327869,7993.617021,0.027503,0.191850,0.022356,0.300379,0.064677,0.134072,0.052120
1007250,82.3087,34,Ring_Prep_Open,Ring,prep_open,0,0.3087,OPEN HAND - prepare for Ring,2908,2917,2748,3184,2884,3012,2870,8329.570345,8419.185059,6936.302895,11883.205269,8097.109827,9455.955679,7965.714286,0.027503,0.180518,0.013334,0.320644,0.058446,0.155534,0.048447
1007300,82.3088,34,Ring_Prep_Open,Ring,prep_open,0,0.3088,OPEN HAND - prepare for Ring,2903,2899,2743,3184,2893,3022,2874,8280.369128,8241.304348,6898.076923,11883.205269,8183.194676,9575.768872,8002.948403,0.021434,0.155576,0.007749,0.320644,0.069699,0.170175,0.053348
1007350,82.3306,34,Ring_Prep_Open,Ring,prep_open,0,0.3306,OPEN HAND - prepare for Ring,2900,2905,2759,3147,2896,3019,2873,8251.046025,8300.000000,7021.407186,11286.708861,8212.176814,9539.591078,7993.617021,0.017817,0.163806,0.025767,0.254352,0.073487,0.165754,0.052120
1007400,82.3746,34,Ring_Prep_Open,Ring,prep_open,0,0.3746,OPEN HAND - prepare for Ring,2899,2901,2770,3173,2884,3018,2864,8241.304348,8260.804020,7107.924528,11700.867679,8097.109827,9527.576602,7910.316816,0.016615,0.158310,0.038406,0.300379,0.058446,0.164286,0.041156
1007450,82.5442,34,Ring_Prep_Open,Ring,prep_open,0,0.5442,OPEN HAND - prepare for Ring,2895,2888,2766,3142,2892,3020,2872,8202.500000,8135.211268,7076.297968,11209.653725,8173.566085,9551.627907,7984.300899,0.011828,0.140700,0.033786,0.245788,0.068440,0.167225,0.050894
1007500,82.5442,34,Ring_Prep_Open,Ring,prep_open,0,0.5442,OPEN HAND - prepare for Ring,2905,2897,2762,3152,2893,3024,2874,8300.000000,8221.869783,7044.861215,11364.581124,8183.194676,9600.000000,8002.948403,0.023856,0.152851,0.029193,0.263006,0.069699,0.173136,0.053348
1007550,82.5443,34,Ring_Prep_Open,Ring,prep_open,0,0.5443,OPEN HAND - prepare for Ring,2907,2897,2751,3146,2881,3009,2863,8319.696970,8221.869783,6959.375000,11271.232877,8068.698517,9420.441989,7901.136364,0.026285,0.152851,0.016704,0.252632,0.054732,0.151194,0.039947
1007600,82.5877,34,Ring_Prep_Open,Ring,prep_open,0,0.5877,OPEN HAND - prepare for Ring,2902,2895,2742,3150,2893,3024,2873,8270.578374,8202.500000,6890.465632,11333.333333,8183.194676,9600.000000,7993.617021,0.020226,0.150135,0.006637,0.259533,0.069699,0.173136,0.052120
1007650,82.6304,34,Ring_Prep_Open,Ring,prep_open,0,0.6304,OPEN HAND - prepare for Ring,2909,2905,2757,3152,2888,3029,2865,8339.460371,8300.000000,7005.829596,11364.581124,8135.211268,9660.975610,7919.512195,0.028723,0.163806,0.023491,0.263006,0.063426,0.180587,0.042366
1007700,82.8066,34,Ring_Prep_Open,Ring,prep_open,0,0.8066,OPEN HAND - prepare for Ring,2913,2896,2758,3139,2878,3020,2864,8379.187817,8212.176814,7013.612565,11163.807531,8040.427280,9551.627907,7910.316816,0.033624,0.151492,0.024628,0.240693,0.051036,0.167225,0.041156
1007750,82.8066,34,Ring_Prep_Open,Ring,prep_open,0,0.8066,OPEN HAND - prepare for Ring,2905,2882,2744,3154,2891,3030,2865,8300.000000,8078.153339,6905.699482,11395.961743,8163.953488,9673.239437,7919.512195,0.023856,0.132700,0.008863,0.266494,0.067183,0.182086,0.042366
1007800,82.8067,34,Ring_Prep_Open,Ring,prep_open,0,0.8067,OPEN HAND - prepare for Ring,2910,2898,2750,3150,2889,3034,2864,8349.367089,8231.578947,6951.672862,11333.333333,8144.776119,9722.525919,7910.316816,0.029945,0.154213,0.015579,0.259533,0.064677,0.188109,0.041156
1007850,82.8288,34,Ring_Prep_Open,Ring,prep_open,0,0.8288,OPEN HAND - prepare for Ring,2913,2895,2745,3132,2880,3023,2861,8379.187817,8202.500000,6913.333333,11057.943925,8059.259259,9587.873134,7882.820097,0.033624,0.150135,0.009978,0.228928,0.053498,0.171654,0.037537
1007900,82.8731,34,Ring_Prep_Open,Ring,prep_open,0,0.8731,OPEN HAND - prepare for Ring,2906,2879,2738,3141,2892,3025,2866,8309.840202,8049.835526,6860.132646,11194.339623,8173.566085,9612.149533,7928.722539,0.025069,0.128729,0.002206,0.244086,0.068440,0.174621,0.043578
1007950,83.0549,34,Ring_Prep_Open,Ring,prep_open,0,1.0549,OPEN HAND - prepare for Ring,2913,2898,2750,3123,2888,3019,2867,8379.187817,8231.578947,6951.672862,10924.074074,8135.211268,9539.591078,7937.947883,0.033624,0.154213,0.015579,0.214050,0.063426,0.165754,0.044793
1008000,83.0549,34,Ring_Prep_Open,Ring,prep_open,0,1.0549,OPEN HAND - prepare for Ring,2912,2897,2749,3140,2881,3008,2861,8369.230769,8221.869783,6943.982169,11179.057592,8068.698517,9408.647654,7882.820097,0.032396,0.152851,0.014456,0.242388,0.054732,0.149752,0.037537
1008050,83.0550,34,Ring_Prep_Open,Ring,prep_open,0,1.0550,OPEN HAND - prepare for Ring,2907,2897,2734,3134,2890,3016,2870,8319.696970,8221.869783,6829.977957,11088.033299,8154.356846,9503.614458,7965.714286,0.026285,0.152851,-0.002199,0.232272,0.065929,0.161357,0.048447
1008100,83.0983,34,Ring_Prep_Open,Ring,prep_open,0,1.0983,OPEN HAND - prepare for Ring,2916,2888,2752,3151,2888,3020,2872,8409.160305,8135.211268,6967.088608,11348.940678,8135.211268,9551.627907,7984.300899,0.037321,0.140700,0.017831,0.261268,0.063426,0.167225,0.050894
1008150,83.1194,34,Ring_Prep_Open,Ring,prep_open,0,1.1194,OPEN HAND - prepare for Ring,2919,2902,2770,3252,2876,3040,2870,8439.285714,8270.578374,7107.924528,13116.014235,8021.657096,9797.156398,7965.714286,0.041037,0.159681,0.038406,0.457652,0.048583,0.197229,0.048447
1008200,83.3131,34,Ring_Prep_Open,Ring,prep_open,0,1.3131,OPEN HAND - prepare for Ring,2905,2898,2803,3272,2875,3057,2872,8300.000000,8231.578947,7376.315789,13517.375456,8012.295082,10013.294798,7984.300899,0.023856,0.154213,0.077616,0.502258,0.047359,0.223641,0.050894
1008250,83.3132,34,Ring_Prep_Open,Ring,prep_open,0,1.3132,OPEN HAND - prepare for Ring,2913,2928,2847,3281,2876,3060,2878,8379.187817,8530.591260,7756.250000,13704.422604,8021.657096,10052.173913,8040.427280,0.033624,0.196139,0.133121,0.523045,0.048583,0.228392,0.058281
1008300,83.3132,34,Ring_Prep_Open,Ring,prep_open,0,1.3132,OPEN HAND - prepare for Ring,2915,2951,2832,3221,2874,3016,2876,8399.152542,8770.454545,7623.752969,12530.205950,8002.948403,9503.614458,8021.657096,0.036087,0.229772,0.113764,0.392548,0.046137,0.161357,0.055810
1008350,83.3350,34,Ring_Prep_Open,Ring,prep_open,0,1.3350,OPEN HAND - prepare for Ring,2904,2946,2851,3261,2886,3017,2884,8290.176322,8717.493473,7792.122186,13294.244604,8116.129032,9515.584416,8097.109827,0.022644,0.222346,0.138362,0.477460,0.060932,0.162820,0.065741
1008400,83.3888,34,Ring_Prep_Open,Ring,prep_open,0,1.3888,OPEN HAND - prepare for Ring,2914,2962,2885,3289,2880,3054,2882,8389.161727,8888.614298,8106.611570,13874.193548,8059.259259,9974.639769,8078.153339,0.034854,0.246341,0.184306,0.541913,0.053498,0.218918,0.063246
1008450,83.4213,34,Ring_Prep_Open,Ring,prep_open,0,1.4213,OPEN HAND - prepare for Ring,2910,2963,2874,3308,2863,3063,2878,8349.367089,8899.469965,8002.948403,14291.232529,7901.136364,10091.279070,8040.427280,0.029945,0.247863,0.169161,0.588260,0.032828,0.233171,0.058281
1008500,83.5709,34,Ring_Prep_Open,Ring,prep_open,0,1.5709,OPEN HAND - prepare for Ring,2899,2968,2892,3242,2865,3061,2881,8241.304348,8954.037267,8173.566085,12922.391559,7919.512195,10065.183752,8068.698517,0.016615,0.255514,0.194087,0.436134,0.035230,0.229982,0.062002
1008550,83.5709,34,Ring_Prep_Open,Ring,prep_open,0,1.5709,OPEN HAND - prepare for Ring,2902,2976,2863,3205,2867,3086,2879,8270.578374,9042.359249,7901.136364,12243.820225,7937.947883,10398.810704,8049.835526,0.020226,0.267898,0.154288,0.360721,0.037640,0.270752,0.059519
1008600,83.5709,34,Ring_Prep_Open,Ring,prep_open,0,1.5709,OPEN HAND - prepare for Ring,2904,2955,2850,3205,2864,3062,2875,8290.176322,8813.157895,7783.132530,12243.820225,7910.316816,10078.218780,8012.295082,0.022644,0.235760,0.137048,0.360721,0.034028,0.231575,0.054578
1008650,83.6361,34,Ring_Prep_Open,Ring,prep_open,0,1.6361,OPEN HAND - prepare for Ring,2891,2939,2825,3185,2881,3069,2881,8163.953488,8644.117647,7562.992126,11900.000000,8068.698517,10170.175439,8068.698517,0.007073,0.212058,0.104888,0.322510,0.054732,0.242812,0.062002
1008700,83.8284,34,Ring_Prep_Open,Ring,prep_open,0,1.8284,OPEN HAND - prepare for Ring,2901,2956,2859,3200,2877,3057,2871,8260.804020,8823.880597,7864.563107,12156.424581,8031.034483,10013.294798,7975.000000,0.019021,0.237264,0.148944,0.351008,0.049808,0.223641,0.049669
1008750,83.8285,34,Ring_Prep_Open,Ring,prep_open,0,1.8285,OPEN HAND - prepare for Ring,2898,2957,2861,3200,2864,3031,2863,8231.578947,8834.622144,7882.820097,12156.424581,7910.316816,9685.526316,7901.136364,0.015415,0.238770,0.151612,0.351008,0.034028,0.183587,0.039947
1008800,83.8285,34,Ring_Prep_Open,Ring,prep_open,0,1.8285,OPEN HAND - prepare for Ring,2891,2960,2859,3191,2877,3071,2878,8163.953488,8866.960352,7864.563107,12001.548673,8031.034483,10196.679688,8040.427280,0.007073,0.243304,0.148944,0.333796,0.049808,0.246051,0.058281
1008850,83.8285,34,Ring_Prep_Open,Ring,prep_open,0,1.8285,OPEN HAND - prepare for Ring,2901,3030,2869,3223,2872,3070,2871,8260.804020,9673.239437,7956.443719,12566.743119,7984.300899,10183.414634,7975.000000,0.019021,0.356359,0.162367,0.396609,0.043699,0.244430,0.049669
1008900,83.9033,34,Ring_Prep_Open,Ring,prep_open,0,1.9033,OPEN HAND - prepare for Ring,2898,3025,2860,3217,2860,3057,2869,8231.578947,9612.149533,7873.684211,12457.630979,7873.684211,10013.294798,7956.443719,0.015415,0.347793,0.150277,0.384483,0.029240,0.223641,0.047227
1008950,83.9255,34,Ring_Prep_Open,Ring,prep_open,0,1.9255,OPEN HAND - prepare for Ring,2891,3015,2832,3170,2870,3044,2874,8163.953488,9491.666667,7623.752969,11651.891892,7965.714286,9847.383444,8002.948403,0.007073,0.330899,0.113764,0.294937,0.041270,0.203367,0.053348
1009000,84.0875,34,Ring_Prep_Open,Ring,prep_open,0,2.0875,OPEN HAND - prepare for Ring,2896,3028,2861,3179,2867,3034,2872,8212.176814,9648.734770,7882.820097,11799.781659,7937.947883,9722.525919,7984.300899,0.013022,0.352923,0.151612,0.311372,0.037640,0.188109,0.050894
1009050,84.0876,34,Ring_Prep_Open,Ring,prep_open,0,2.0876,OPEN HAND - prepare for Ring,2898,3024,2861,3161,2855,3013,2865,8231.578947,9600.000000,7882.820097,11506.852248,7828.225806,9467.837338,7919.512195,0.015415,0.346089,0.151612,0.278818,0.023297,0.156985,0.042366
1009100,84.0876,34,Ring_Prep_Open,Ring,prep_open,0,2.0876,OPEN HAND - prepare for Ring,2887,3018,2853,3162,2866,2994,2865,8125.662252,9527.576602,7810.144928,11522.829582,7928.722539,9245.776567,7919.512195,0.002350,0.335934,0.140994,0.280593,0.036434,0.129849,0.042366
1009150,84.1636,34,Ring_Prep_Open,Ring,prep_open,0,2.1636,OPEN HAND - prepare for Ring,2894,3027,2859,3153,2863,2994,2863,8192.839301,9636.516854,7864.563107,11380.254777,7901.136364,9245.776567,7901.136364,0.010637,0.351210,0.148944,0.264748,0.032828,0.129849,0.039947
1009200,84.1738,34,Ring_Prep_Open,Ring,prep_open,0,2.1738,OPEN HAND - prepare for Ring,2892,3010,2868,3144,2851,2987,2861,8173.566085,9432.258065,7947.188264,11240.378549,7792.122186,9165.884477,7882.820097,0.008259,0.322569,0.161015,0.249203,0.018578,0.120086,0.037537
1009250,84.3512,34,Ring_Prep_Open,Ring,prep_open,0,2.3512,OPEN HAND - prepare for Ring,2882,3008,2845,3149,2862,2993,2864,8078.153339,9408.647654,7738.400000,11317.758985,7891.970803,9234.301270,7910.316816,-0.003510,0.319258,0.130513,0.257803,0.031630,0.128447,0.041156
1009300,84.3513,34,Ring_Prep_Open,Ring,prep_open,0,2.3513,OPEN HAND - prepare for Ring,2891,3012,2847,3151,2861,3010,2864,8163.953488,9455.955679,7756.250000,11348.940678,7882.820097,9432.258065,7910.316816,0.007073,0.325892,0.133121,0.261268,0.030434,0.152638,0.041156
1009350,84.3513,34,Ring_Prep_Open,Ring,prep_open,0,2.3513,OPEN HAND - prepare for Ring,2883,3017,2855,3135,2850,3004,2858,8087.623762,9515.584416,7828.225806,11103.125000,7783.132530,9361.686526,7855.456750,-0.002342,0.334253,0.143636,0.233949,0.017403,0.144014,0.033935
1009400,84.3734,34,Ring_Prep_Open,Ring,prep_open,0,2.3734,OPEN HAND - prepare for Ring,2872,3005,2838,3146,2862,3002,2865,7984.300899,9373.394495,7676.372315,11271.232877,7891.970803,9338.334858,7919.512195,-0.015088,0.314315,0.121451,0.252632,0.031630,0.141160,0.042366
1009450,84.4609,34,Ring_Prep_Open,Ring,prep_open,0,2.4609,OPEN HAND - prepare for Ring,2882,3020,2840,3121,2857,2987,2864,8078.153339,9551.627907,7694.023904,10894.661191,7846.365105,9165.884477,7910.316816,-0.003510,0.339307,0.124030,0.210781,0.025669,0.120086,0.041156
1009500,84.5994,34,Ring_Prep_Open,Ring,prep_open,0,2.5994,OPEN HAND - prepare for Ring,2880,2962,2837,3133,2848,2973,2860,8059.259259,8888.614298,7667.567568,11072.972973,7765.196472,9009.090909,7873.684211,-0.005841,0.246341,0.120165,0.230598,0.015058,0.100926,0.036334
1009550,84.5994,34,Ring_Prep_Open,Ring,prep_open,0,2.5994,OPEN HAND - prepare for Ring,2878,2948,2833,3132,2860,2979,2865,8040.427280,8738.622493,7632.488114,11057.943925,7873.684211,9075.806452,7919.512195,-0.008164,0.225309,0.115040,0.228928,0.029240,0.109079,0.042366
1009600,84.5995,34,Ring_Prep_Open,Ring,prep_open,0,2.5995,OPEN HAND - prepare for Ring,2887,2957,2881,3147,2862,3005,2874,8125.662252,8834.622144,8068.698517,11286.708861,7891.970803,9373.394495,8002.948403,0.002350,0.238770,0.178767,0.254352,0.031630,0.145444,0.053348
1009650,84.6429,34,Ring_Prep_Open,Ring,prep_open,0,2.6429,OPEN HAND - prepare for Ring,2892,2952,2870,3134,2850,2978,2871,8173.566085,8781.102362,7965.714286,11088.033299,7783.132530,9064.637422,7975.000000,0.008259,0.231265,0.163722,0.232272,0.017403,0.107714,0.049669
1009700,84.6863,34,Ring_Prep_Open,Ring,prep_open,0,2.6863,OPEN HAND - prepare for Ring,2884,2933,2850,3146,2862,2989,2886,8097.109827,8581.927711,7783.132530,11271.232877,7891.970803,9188.607595,8116.129032,-0.001172,0.203338,0.137048,0.252632,0.031630,0.122863,0.068245
1009750,84.8604,34,Ring_Prep_Open,Ring,prep_open,0,2.8604,OPEN HAND - prepare for Ring,2891,2940,2865,3147,2861,2993,2883,8163.953488,8654.545455,7919.512195,11286.708861,7882.820097,9234.301270,8087.623762,0.007073,0.213520,0.156972,0.254352,0.030434,0.128447,0.064493
1009800,84.8605,34,Ring_Prep_Open,Ring,prep_open,0,2.8605,OPEN HAND - prepare for Ring,2888,2922,2842,3161,2848,2984,2873,8135.211268,8469.565217,7711.731844,11506.852248,7765.196472,9131.953195,7993.617021,0.003528,0.187582,0.126617,0.278818,0.015058,0.115940,0.052120
1009850,84.8605,34,Ring_Prep_Open,Ring,prep_open,0,2.8605,OPEN HAND - prepare for Ring,2877,2930,2832,3146,2858,2987,2879,8031.034483,8551.072961,7623.752969,11271.232877,7855.456750,9165.884477,8049.835526,-0.009323,0.199011,0.113764,0.252632,0.026857,0.120086,0.059519
1009900,84.8814,34,Ring_Prep_Open,Ring,prep_open,0,2.8814,OPEN HAND - prepare for Ring,2881,2932,2840,3139,2857,2980,2876,8068.698517,8571.625107,7694.023904,11163.807531,7846.365105,9086.995516,8021.657096,-0.004677,0.201893,0.124030,0.240693,0.025669,0.110446,0.055810
1009950,84.9252,34,Ring_Prep_Open,Ring,prep_open,0,2.9252,OPEN HAND - prepare for Ring,2882,2926,2837,3118,2847,2964,2869,8078.153339,8510.179641,7667.567568,10850.767656,7756.250000,8910.344828,7956.443719,-0.003510,0.193277,0.120165,0.205903,0.013889,0.088859,0.047227
1010000,84.9687,34,Ring_Prep_Open,Ring,prep_open,0,2.9687,OPEN HAND - prepare for Ring,2875,2912,2834,3103,2861,2979,2871,8012.295082,8369.230769,7641.237113,10635.282258,7882.820097,9075.806452,7975.000000,-0.011635,0.173514,0.116319,0.181955,0.030434,0.109079,0.049669
1010050,85.1190,34,Ring_Prep_Open,Ring,prep_open,0,3.1190,OPEN HAND - prepare for Ring,2886,2937,2844,3151,2855,2968,2872,8116.129032,8623.316062,7729.496403,11348.940678,7828.225806,8954.037267,7984.300899,0.001174,0.209141,0.129212,0.261268,0.023297,0.094198,0.050894
1010100,85.1190,34,Ring_Prep_Open,Ring,prep_open,0,3.1190,OPEN HAND - prepare for Ring,2882,2935,2834,3126,2845,2960,2870,8078.153339,8602.586207,7641.237113,10968.421053,7738.400000,8866.960352,7965.714286,-0.003510,0.206234,0.116319,0.218979,0.011556,0.083557,0.048447
1010150,85.1509,34,Ring_Prep_Open,Ring,prep_open,0,3.1509,OPEN HAND - prepare for Ring,2873,2936,2812,3139,2862,2962,2873,7993.617021,8612.942192,7451.909587,11163.807531,7891.970803,8888.614298,7993.617021,-0.013939,0.207686,0.088659,0.240693,0.031630,0.086203,0.052120
1010200,85.1940,34,Ring_Prep_Open,Ring,prep_open,0,3.1940,OPEN HAND - prepare for Ring,2887,2928,2819,3146,2861,2961,2873,8125.662252,8530.591260,7511.442006,11271.232877,7882.820097,8877.777778,7993.617021,0.002350,0.196139,0.097357,0.252632,0.030434,0.084879,0.052120
1010250,85.2272,34,Ring_Prep_Open,Ring,prep_open,0,3.2272,OPEN HAND - prepare for Ring,2884,2909,2802,3131,2851,2956,2871,8097.109827,8339.460371,7367.981439,11042.946058,7792.122186,8823.880597,7975.000000,-0.001172,0.169339,0.076398,0.227261,0.018578,0.078293,0.049669
1010300,85.3778,34,Ring_Prep_Open,Ring,prep_open,0,3.3778,OPEN HAND - prepare for Ring,2877,2897,2797,3128,2861,2956,2866,8031.034483,8221.869783,7326.502311,10998.138573,7882.820097,8823.880597,7928.722539,-0.009323,0.152851,0.070338,0.222281,0.030434,0.078293,0.043578
1010350,85.3778,34,Ring_Prep_Open,Ring,prep_open,0,3.3778,OPEN HAND - prepare for Ring,2884,2913,2813,3134,2859,2954,2869,8097.109827,8379.187817,7460.374415,11088.033299,7864.563107,8802.453988,7956.443719,-0.001172,0.174910,0.089896,0.232272,0.028047,0.075675,0.047227
1010400,85.3884,34,Ring_Prep_Open,Ring,prep_open,0,3.3884,OPEN HAND - prepare for Ring,2903,2930,2817,3129,2849,2943,2870,8280.369128,8551.072961,7494.366197,11013.043478,7774.157303,8685.937500,7965.714286,0.021434,0.199011,0.094862,0.223938,0.016230,0.061436,0.048447
1010450,85.4215,34,Ring_Prep_Open,Ring,prep_open,0,3.4215,OPEN HAND - prepare for Ring,3013,2921,2811,3120,2858,2945,2867,9467.837338,8459.454855,7443.457944,10880.000000,7855.456750,8706.956522,7937.947883,0.167916,0.186165,0.087425,0.209152,0.026857,0.064005,0.044793
1010500,85.4759,34,Ring_Prep_Open,Ring,prep_open,0,3.4759,OPEN HAND - prepare for Ring,3003,2928,2832,3110,2858,2945,2865,9350.000000,8530.591260,7623.752969,10735.025381,7855.456750,8706.956522,7919.512195,0.153380,0.196139,0.113764,0.193040,0.026857,0.064005,0.042366
1010550,85.6389,34,Ring_Prep_Open,Ring,prep_open,0,3.6389,OPEN HAND - prepare for Ring,3001,2929,2827,3114,2848,2931,2862,9326.691042,8540.823328,7580.283912,10792.660550,7765.196472,8561.340206,7891.970803,0.150504,0.197574,0.107414,0.199446,0.015058,0.046210,0.038741
1010600,85.6389,34,Ring_Prep_Open,Ring,prep_open,0,3.6389,OPEN HAND - prepare for Ring,2995,2922,2821,3128,2862,2938,2864,9257.272727,8469.565217,7528.571429,10998.138573,7891.970803,8633.707865,7910.316816,0.141941,0.187582,0.099859,0.222281,0.031630,0.055053,0.041156
1010650,85.6390,34,Ring_Prep_Open,Ring,prep_open,0,3.6390,OPEN HAND - prepare for Ring,2999,2927,2818,3108,2861,2935,2864,9303.467153,8520.376712,7502.897416,10706.382979,7882.820097,8602.586207,7910.316816,0.147639,0.194707,0.096108,0.189857,0.030434,0.051250,0.041156
1010700,85.6940,34,Ring_Prep_Open,Ring,prep_open,0,3.6940,OPEN HAND - prepare for Ring,2996,2929,2815,3119,2849,2927,2862,9268.789809,8540.823328,7477.343750,10865.368852,7774.157303,8520.376712,7891.970803,0.143362,0.197574,0.092375,0.207526,0.016230,0.041204,0.038741
1010750,85.7372,34,Ring_Prep_Open,Ring,prep_open,0,3.7372,OPEN HAND - prepare for Ring,2987,2910,2802,3112,2863,2942,2862,9165.884477,8349.367089,7367.981439,10763.784334,7901.136364,8675.455334,7891.970803,0.130668,0.170729,0.076398,0.196236,0.032828,0.060155,0.038741
1010800,85.8837,34,Ring_Prep_Open,Ring,prep_open,0,3.8837,OPEN HAND - prepare for Ring,2927,2925,2815,3119,2860,2943,2863,8520.376712,8500.000000,7477.343750,10865.368852,7873.684211,8685.937500,7901.136364,0.051040,0.191850,0.092375,0.207526,0.029240,0.061436,0.039947
1010850,85.8838,34,Ring_Prep_Open,Ring,prep_open,0,3.8838,OPEN HAND - prepare for Ring,2968,2922,2817,3113,2851,2934,2858,8954.037267,8469.565217,7494.366197,10778.207739,7792.122186,8592.248062,7855.456750,0.104535,0.187582,0.094862,0.197839,0.018578,0.049987,0.033935
1010900,85.8838,34,Ring_Prep_Open,Ring,prep_open,0,3.8838,OPEN HAND - prepare for Ring,2930,2909,2799,3115,2863,2950,2862,8551.072961,8339.460371,7343.055556,10807.142857,7901.136364,8759.825328,7891.970803,0.054827,0.169339,0.072757,0.201055,0.032828,0.070465,0.038741
1010950,85.9264,34,Ring_Prep_Open,Ring,prep_open,0,3.9264,OPEN HAND - prepare for Ring,2939,2919,2815,3107,2859,2955,2856,8644.117647,8439.285714,7477.343750,10692.105263,7864.563107,8813.157895,7837.288136,0.066305,0.183337,0.092375,0.188270,0.028047,0.076983,0.031544
1011000,85.9807,34,Ring_Prep_Open,Ring,prep_open,0,3.9807,OPEN HAND - prepare for Ring,2934,2917,2802,3076,2844,2932,2858,8592.248062,8419.185059,7367.981439,10263.395486,7729.496403,8571.625107,7855.456750,0.059906,0.180518,0.076398,0.140626,0.010392,0.047467,0.033935
1011050,86.1623,35,Ring_C1_Open,Ring,open,1,0.1623,Ring cycle 1: OPEN,2923,2909,2786,3087,2860,2937,2863,8479.692833,8339.460371,7236.363636,10412.500000,7873.684211,8623.316062,7901.136364,0.046022,0.169339,0.057170,0.157196,0.029240,0.053784,0.039947
1011100,86.1624,35,Ring_C1_Open,Ring,open,1,0.1624,Ring cycle 1: OPEN,2930,2927,2803,3072,2860,2934,2861,8551.072961,8520.376712,7376.315789,10209.970674,7873.684211,8592.248062,7882.820097,0.054827,0.194707,0.077616,0.134688,0.029240,0.049987,0.037537
1011150,86.1624,35,Ring_C1_Open,Ring,open,1,0.1624,Ring cycle 1: OPEN,2927,2917,2800,3086,2848,2919,2854,8520.376712,8419.185059,7351.351351,10398.810704,7765.196472,8439.285714,7819.178082,0.051040,0.180518,0.073969,0.155675,0.015058,0.031295,0.029160
1011200,86.1729,35,Ring_C1_Open,Ring,open,1,0.1729,Ring cycle 1: OPEN,2913,2906,2788,3096,2860,2929,2861,8379.187817,8309.840202,7252.639633,10536.936937,7873.684211,8540.823328,7882.820097,0.033624,0.165186,0.059548,0.171026,0.029240,0.043703,0.037537
1011250,86.2277,35,Ring_C1_Open,Ring,open,1,0.2277,Ring cycle 1: OPEN,2924,2911,2784,3105,2859,2934,2855,8489.837746,8359.290541,7220.137300,10663.636364,7864.563107,8592.248062,7828.225806,0.047273,0.172120,0.054799,0.185106,0.028047,0.049987,0.030351
1011300,86.3980,35,Ring_C1_Open,Ring,open,1,0.3980,Ring cycle 1: OPEN,2923,2901,2790,3095,2846,2922,2855,8479.692833,8260.804020,7268.965517,10523.000000,7747.317854,8469.565217,7828.225806,0.046022,0.158310,0.061933,0.169477,0.012721,0.034995,0.030351
1011350,86.3980,35,Ring_C1_Open,Ring,open,1,0.3980,Ring cycle 1: OPEN,2905,2896,2785,3100,2860,2941,2861,8300.000000,8212.176814,7228.244275,10592.964824,7873.684211,8664.991334,7882.820097,0.023856,0.151492,0.055984,0.177252,0.029240,0.058876,0.037537
1011400,86.3981,35,Ring_C1_Open,Ring,open,1,0.3981,Ring cycle 1: OPEN,2921,2903,2799,3083,2861,2934,2857,8459.454855,8280.369128,7343.055556,10357.905138,7882.820097,8592.248062,7846.365105,0.043525,0.161054,0.072757,0.151129,0.030434,0.049987,0.032738
1011450,86.4303,35,Ring_C1_Open,Ring,open,1,0.4303,Ring cycle 1: OPEN,2915,2899,2793,3064,2847,2925,2850,8399.152542,8241.304348,7293.548387,10104.364694,7756.250000,8500.000000,7783.132530,0.036087,0.155576,0.065524,0.122952,0.013889,0.038714,0.024416
1011500,86.4743,35,Ring_C1_Open,Ring,open,1,0.4743,Ring cycle 1: OPEN,2902,2895,2780,3072,2862,2929,2857,8270.578374,8202.500000,7187.832700,10209.970674,7891.970803,8540.823328,7846.365105,0.020226,0.150135,0.050080,0.134688,0.031630,0.043703,0.032738
1011550,86.6504,35,Ring_C1_Open,Ring,open,1,0.6504,Ring cycle 1: OPEN,2916,2901,2783,3068,2860,2935,2862,8409.160305,8260.804020,7212.042683,10156.962025,7873.684211,8602.586207,7891.970803,0.037321,0.158310,0.053617,0.128797,0.029240,0.051250,0.038741
1011600,86.6505,35,Ring_C1_Open,Ring,open,1,0.6505,Ring cycle 1: OPEN,2915,2902,2781,3070,2849,2932,2861,8399.152542,8270.578374,7195.890411,10183.414634,7774.157303,8571.625107,7882.820097,0.036087,0.159681,0.051257,0.131737,0.016230,0.047467,0.037537
1011650,86.6505,35,Ring_C1_Open,Ring,open,1,0.6505,Ring cycle 1: OPEN,2895,2895,2781,3069,2861,2941,2864,8202.500000,8202.500000,7195.890411,10170.175439,7882.820097,8664.991334,7910.316816,0.011828,0.150135,0.051257,0.130266,0.030434,0.058876,0.041156
1011700,86.6829,35,Ring_C1_Open,Ring,open,1,0.6829,Ring cycle 1: OPEN,2898,2897,2798,3061,2860,2931,2859,8231.578947,8221.869783,7334.772552,10065.183752,7873.684211,8561.340206,7864.563107,0.015415,0.152851,0.071547,0.118597,0.029240,0.046210,0.035134
1011750,86.7375,35,Ring_C1_Open,Ring,open,1,0.7375,Ring cycle 1: OPEN,2897,2894,2791,3056,2846,2917,2859,8221.869783,8192.839301,7277.147239,10000.384986,7747.317854,8419.185059,7864.563107,0.014218,0.148781,0.063128,0.111396,0.012721,0.028838,0.035134
1011800,86.8820,35,Ring_C1_Open,Ring,open,1,0.8820,Ring cycle 1: OPEN,2889,2889,2783,3061,2858,2926,2862,8144.776119,8144.776119,7212.042683,10065.183752,7855.456750,8510.179641,7891.970803,0.004708,0.142041,0.053617,0.118597,0.026857,0.039958,0.038741
1011850,86.8821,35,Ring_C1_Open,Ring,open,1,0.8821,Ring cycle 1: OPEN,2899,2897,2780,3055,2856,2923,2861,8241.304348,8221.869783,7187.832700,9987.500000,7837.288136,8479.692833,7882.820097,0.016615,0.152851,0.050080,0.109964,0.024482,0.036233,0.037537
1011900,86.8932,35,Ring_C1_Open,Ring,open,1,0.8932,Ring cycle 1: OPEN,2897,2898,2783,3054,2844,2908,2853,8221.869783,8231.578947,7212.042683,9974.639769,7729.496403,8329.570345,7810.144928,0.014218,0.154213,0.053617,0.108535,0.010392,0.017887,0.027971
1011950,86.9370,35,Ring_C1_Open,Ring,open,1,0.9370,Ring cycle 1: OPEN,2890,2890,2777,3048,2856,2921,2861,8154.356846,8154.356846,7163.732929,9897.994269,7837.288136,8459.454855,7882.820097,0.005890,0.143385,0.046559,0.100017,0.024482,0.033759,0.037537
1012000,87.0131,35,Ring_C1_Open,Ring,open,1,1.0131,Ring cycle 1: OPEN,2898,2892,2775,3048,2854,2914,2858,8231.578947,8173.566085,7147.727273,9897.994269,7819.178082,8389.161727,7855.456750,0.015415,0.146078,0.044221,0.100017,0.022115,0.025170,0.033935
1012050,87.0235,35,Ring_C1_Open,Ring,open,1,1.0235,Ring cycle 1: OPEN,2895,2894,2786,3074,2845,2934,2856,8202.500000,8192.839301,7236.363636,10236.630754,7738.400000,8592.248062,7837.288136,0.011828,0.148781,0.057170,0.137651,0.011556,0.049987,0.031544
1012100,87.1390,35,Ring_C1_Open,Ring,open,1,1.1390,Ring cycle 1: OPEN,2892,2892,2782,3085,2854,2943,2860,8173.566085,8173.566085,7203.960396,10385.148515,7819.178082,8685.937500,7873.684211,0.008259,0.146078,0.052436,0.154157,0.022115,0.061436,0.036334
1012150,87.1501,35,Ring_C1_Open,Ring,open,1,1.1501,Ring cycle 1: OPEN,2897,2902,2805,3066,2853,2928,2855,8221.869783,8270.578374,7393.023256,10130.612245,7810.144928,8530.591260,7828.225806,0.014218,0.159681,0.080057,0.125869,0.020934,0.042452,0.030351
1012200,87.1825,35,Ring_C1_Open,Ring,open,1,1.1825,Ring cycle 1: OPEN,2897,2896,2805,3049,2841,2918,2851,8221.869783,8212.176814,7393.023256,9910.707457,7702.870813,8429.226848,7792.122186,0.014218,0.151492,0.080057,0.101429,0.006911,0.030066,0.025599
1012250,87.2470,35,Ring_C1_Open,Ring,open,1,1.2470,Ring cycle 1: OPEN,2888,2894,2799,3051,2854,2924,2857,8135.211268,8192.839301,7343.055556,9936.206897,7819.178082,8489.837746,7846.365105,0.003528,0.148781,0.072757,0.104263,0.022115,0.037472,0.032738
1012300,87.2796,35,Ring_C1_Open,Ring,open,1,1.2796,Ring cycle 1: OPEN,2918,2912,2805,3050,2852,2920,2870,8429.226848,8369.230769,7393.023256,9923.444976,7801.126307,8449.361702,7965.714286,0.039797,0.173514,0.080057,0.102845,0.019755,0.032526,0.048447
1012350,87.4302,35,Ring_C1_Open,Ring,open,1,1.4302,Ring cycle 1: OPEN,2913,2932,2808,3036,2842,2927,2869,8379.187817,8571.625107,7418.181818,9747.308782,7711.731844,8520.376712,7956.443719,0.033624,0.201893,0.083732,0.083270,0.008070,0.041204,0.047227
1012400,87.4303,35,Ring_C1_Open,Ring,open,1,1.4303,Ring cycle 1: OPEN,2906,2924,2798,3037,2854,2940,2873,8309.840202,8489.837746,7334.772552,9759.735350,7819.178082,8654.545455,7993.617021,0.025069,0.190425,0.071547,0.084651,0.022115,0.057600,0.052120
1012450,87.4405,35,Ring_C1_Open,Ring,open,1,1.4405,Ring cycle 1: OPEN,2910,2929,2803,3037,2853,2933,2869,8349.367089,8540.823328,7376.315789,9759.735350,7810.144928,8581.927711,7956.443719,0.029945,0.197574,0.077616,0.084651,0.020934,0.048726,0.047227
1012500,87.4729,35,Ring_C1_Open,Ring,open,1,1.4729,Ring cycle 1: OPEN,2912,2920,2801,3021,2840,2928,2868,8369.230769,8449.361702,7359.659969,9563.687151,7694.023904,8530.591260,7947.188264,0.032396,0.184750,0.075183,0.062863,0.005755,0.042452,0.046009
1012550,87.5385,35,Ring_C1_Open,Ring,open,1,1.5385,Ring cycle 1: OPEN,2900,2904,2793,3022,2854,2931,2873,8251.046025,8290.176322,7293.548387,9575.768872,7819.178082,8561.340206,7993.617021,0.017817,0.162429,0.065524,0.064206,0.022115,0.046210,0.052120
1012600,87.6750,35,Ring_C1_Open,Ring,open,1,1.6750,Ring cycle 1: OPEN,2906,2900,2802,3022,2853,2936,2879,8309.840202,8251.046025,7367.981439,9575.768872,7810.144928,8612.942192,8049.835526,0.025069,0.156942,0.076398,0.064206,0.020934,0.052516,0.059519
1012650,87.6751,35,Ring_C1_Open,Ring,open,1,1.6751,Ring cycle 1: OPEN,2913,2909,2805,3020,2842,2920,2867,8379.187817,8339.460371,7393.023256,9551.627907,7711.731844,8449.361702,7937.947883,0.033624,0.169339,0.080057,0.061523,0.008070,0.032526,0.044793
1012700,87.6963,35,Ring_C1_Open,Ring,open,1,1.6963,Ring cycle 1: OPEN,2899,2896,2800,3019,2853,2927,2871,8241.304348,8212.176814,7351.351351,9539.591078,7810.144928,8520.376712,7975.000000,0.016615,0.151492,0.073969,0.060185,0.020934,0.041204,0.049669
1012750,87.7509,35,Ring_C1_Open,Ring,open,1,1.7509,Ring cycle 1: OPEN,2904,2907,2808,3022,2851,2921,2875,8290.176322,8319.696970,7418.181818,9575.768872,7792.122186,8459.454855,8012.295082,0.022644,0.166568,0.083732,0.064206,0.018578,0.033759,0.054578
1012800,87.7723,35,Ring_C1_Open,Ring,open,1,1.7723,Ring cycle 1: OPEN,2905,2909,2811,3023,2841,2911,2866,8300.000000,8339.460371,7443.457944,9587.873134,7702.870813,8359.290541,7928.722539,0.023856,0.169339,0.087425,0.065551,0.006911,0.021519,0.043578
1012850,87.9333,35,Ring_C1_Open,Ring,open,1,1.9333,Ring cycle 1: OPEN,2889,2895,2810,3027,2855,2925,2867,8144.776119,8202.500000,7435.019455,9636.516854,7828.225806,8500.000000,7937.947883,0.004708,0.150135,0.086192,0.070957,0.023297,0.038714,0.044793
1012900,87.9333,35,Ring_C1_Open,Ring,open,1,1.9333,Ring cycle 1: OPEN,2896,2905,2839,3023,2854,2928,2864,8212.176814,8300.000000,7685.191083,9587.873134,7819.178082,8530.591260,7910.316816,0.013022,0.163806,0.122740,0.065551,0.022115,0.042452,0.041156
1012950,87.9444,35,Ring_C1_Open,Ring,open,1,1.9444,Ring cycle 1: OPEN,2897,2903,2857,3027,2844,2920,2859,8221.869783,8280.369128,7846.365105,9636.516854,7729.496403,8449.361702,7864.563107,0.014218,0.161054,0.146286,0.070957,0.010392,0.032526,0.035134
1013000,87.9874,35,Ring_C1_Open,Ring,open,1,1.9874,Ring cycle 1: OPEN,2891,2889,2826,3038,2852,2927,2861,8163.953488,8144.776119,7571.631206,9772.185430,7801.126307,8520.376712,7882.820097,0.007073,0.142041,0.106150,0.086035,0.019755,0.041204,0.037537
1013050,88.0482,36,Ring_C1_Bend,Ring,bend,1,0.0482,Ring cycle 1: BEND Ring,2898,2898,2829,3070,2851,2924,2861,8231.578947,8231.578947,7597.630332,10183.414634,7792.122186,8489.837746,7882.820097,0.015415,0.154213,0.109948,0.131737,0.018578,0.037472,0.037537
1013100,88.2010,36,Ring_C1_Bend,Ring,bend,1,0.2010,Ring cycle 1: BEND Ring,2901,2896,2824,3059,2839,2912,2857,8260.804020,8212.176814,7554.366640,10039.189189,7685.191083,8369.230769,7846.365105,0.019021,0.151492,0.103627,0.115708,0.004600,0.022734,0.032738
1013150,88.2011,36,Ring_C1_Bend,Ring,bend,1,0.2011,Ring cycle 1: BEND Ring,2890,2883,2812,3053,2851,2924,2864,8154.356846,8087.623762,7451.909587,9961.804223,7792.122186,8489.837746,7910.316816,0.005890,0.134028,0.088659,0.107108,0.018578,0.037472,0.041156
1013200,88.2011,36,Ring_C1_Bend,Ring,bend,1,0.2011,Ring cycle 1: BEND Ring,2899,2895,2828,3055,2850,2922,2862,8241.304348,8202.500000,7588.950276,9987.500000,7783.132530,8469.565217,7891.970803,0.016615,0.150135,0.108680,0.109964,0.017403,0.034995,0.038741
1013250,88.2558,36,Ring_C1_Bend,Ring,bend,1,0.2558,Ring cycle 1: BEND Ring,2897,2891,2818,3034,2840,2916,2857,8221.869783,8163.953488,7502.897416,9722.525919,7694.023904,8409.160305,7846.365105,0.014218,0.144730,0.096108,0.080516,0.005755,0.027613,0.032738
1013300,88.2884,36,Ring_C1_Bend,Ring,bend,1,0.2884,Ring cycle 1: BEND Ring,2896,2878,2806,3027,2850,2928,2869,8212.176814,8040.427280,7401.396431,9636.516854,7783.132530,8530.591260,7956.443719,0.013022,0.127410,0.081280,0.070957,0.017403,0.042452,0.047227
1013350,88.4440,36,Ring_C1_Bend,Ring,bend,1,0.4440,Ring cycle 1: BEND Ring,2909,2893,2809,3032,2850,2927,2869,8339.460371,8183.194676,7426.594090,9697.836312,7783.132530,8520.376712,7956.443719,0.028723,0.147428,0.084961,0.077772,0.017403,0.041204,0.047227
1013400,88.4441,36,Ring_C1_Bend,Ring,bend,1,0.4441,Ring cycle 1: BEND Ring,2919,2895,2809,3030,2840,2921,2860,8439.285714,8202.500000,7426.594090,9673.239437,7694.023904,8459.454855,7873.684211,0.041037,0.150135,0.084961,0.075038,0.005755,0.033759,0.036334
1013450,88.4441,36,Ring_C1_Bend,Ring,bend,1,0.4441,Ring cycle 1: BEND Ring,2909,2889,2800,3034,2852,2925,2864,8339.460371,8144.776119,7351.351351,9722.525919,7801.126307,8500.000000,7910.316816,0.028723,0.142041,0.073969,0.080516,0.019755,0.038714,0.041156
1013500,88.4763,36,Ring_C1_Bend,Ring,bend,1,0.4763,Ring cycle 1: BEND Ring,2917,2895,2812,3029,2851,2920,2862,8419.185059,8202.500000,7451.909587,9660.975610,7792.122186,8449.361702,7891.970803,0.038558,0.150135,0.088659,0.073675,0.018578,0.032526,0.038741
1013550,88.5523,36,Ring_C1_Bend,Ring,bend,1,0.5523,Ring cycle 1: BEND Ring,2911,2894,2801,3031,2841,2906,2858,8359.290541,8192.839301,7359.659969,9685.526316,7702.870813,8309.840202,7855.456750,0.031169,0.148781,0.075183,0.076404,0.006911,0.015476,0.033935
1013600,88.6883,36,Ring_C1_Bend,Ring,bend,1,0.6883,Ring cycle 1: BEND Ring,2895,2883,2792,3036,2851,2917,2862,8202.500000,8087.623762,7285.341520,9747.308782,7792.122186,8419.185059,7891.970803,0.011828,0.134028,0.064325,0.083270,0.018578,0.028838,0.038741
1013650,88.6884,36,Ring_C1_Bend,Ring,bend,1,0.6884,Ring cycle 1: BEND Ring,2907,2898,2790,3034,2856,2921,2862,8319.696970,8231.578947,7268.965517,9722.525919,7837.288136,8459.454855,7891.970803,0.026285,0.154213,0.061933,0.080516,0.024482,0.033759,0.038741
1013700,88.6884,36,Ring_C1_Bend,Ring,bend,1,0.6884,Ring cycle 1: BEND Ring,2916,2898,2806,3051,2844,2911,2872,8409.160305,8231.578947,7401.396431,9936.206897,7729.496403,8359.290541,7984.300899,0.037321,0.154213,0.081280,0.104263,0.010392,0.021519,0.050894
1013750,88.7207,36,Ring_C1_Bend,Ring,bend,1,0.7207,Ring cycle 1: BEND Ring,2916,2899,2809,3072,2854,2915,2865,8409.160305,8241.304348,7426.594090,10209.970674,7819.178082,8399.152542,7919.512195,0.037321,0.155576,0.084961,0.134688,0.022115,0.026390,0.042366
1013800,88.7965,36,Ring_C1_Bend,Ring,bend,1,0.7965,Ring cycle 1: BEND Ring,2912,2906,2816,3067,2857,2909,2861,8369.230769,8309.840202,7485.848319,10143.774319,7846.365105,8339.460371,7882.820097,0.032396,0.165186,0.093618,0.127331,0.025669,0.019096,0.037537
1013850,88.9479,36,Ring_C1_Bend,Ring,bend,1,0.9479,Ring cycle 1: BEND Ring,2902,2905,2806,3065,2842,2905,2856,8270.578374,8300.000000,7401.396431,10117.475728,7711.731844,8300.000000,7837.288136,0.020226,0.163806,0.081280,0.124409,0.008070,0.014274,0.031544
1013900,88.9480,36,Ring_C1_Bend,Ring,bend,1,0.9480,Ring cycle 1: BEND Ring,2888,2889,2800,3069,2857,2912,2858,8135.211268,8144.776119,7351.351351,10170.175439,7846.365105,8369.230769,7855.456750,0.003528,0.142041,0.073969,0.130266,0.025669,0.022734,0.033935
1013950,88.9480,36,Ring_C1_Bend,Ring,bend,1,0.9480,Ring cycle 1: BEND Ring,2891,2898,2807,3071,2856,2916,2854,8163.953488,8231.578947,7409.782609,10196.679688,7837.288136,8409.160305,7819.178082,0.007073,0.154213,0.082505,0.133211,0.024482,0.027613,0.029160
1014000,88.9804,36,Ring_C1_Bend,Ring,bend,1,0.9804,Ring cycle 1: BEND Ring,2891,2904,2800,3070,2844,2906,2856,8163.953488,8290.176322,7351.351351,10183.414634,7729.496403,8309.840202,7837.288136,0.007073,0.162429,0.073969,0.131737,0.010392,0.015476,0.031544
1014050,89.0459,36,Ring_C1_Bend,Ring,bend,1,1.0459,Ring cycle 1: BEND Ring,2894,2895,2786,3068,2856,2908,2856,8192.839301,8202.500000,7236.363636,10156.962025,7837.288136,8329.570345,7837.288136,0.010637,0.150135,0.057170,0.128797,0.024482,0.017887,0.031544
1014100,89.2025,36,Ring_C1_Bend,Ring,bend,1,1.2025,Ring cycle 1: BEND Ring,2897,2908,2788,3076,2852,2911,2854,8221.869783,8329.570345,7252.639633,10263.395486,7801.126307,8359.290541,7819.178082,0.014218,0.167953,0.059548,0.140626,0.019755,0.021519,0.029160
1014150,89.2026,36,Ring_C1_Bend,Ring,bend,1,1.2026,Ring cycle 1: BEND Ring,2895,2905,2788,3080,2839,2901,2844,8202.500000,8300.000000,7252.639633,10317.241379,7685.191083,8260.804020,7729.496403,0.011828,0.163806,0.059548,0.146610,0.004600,0.009484,0.017356
1014200,89.2026,36,Ring_C1_Bend,Ring,bend,1,1.2026,Ring cycle 1: BEND Ring,2887,2897,2787,3094,2851,2927,2855,8125.662252,8221.869783,7244.495413,10509.090909,7792.122186,8520.376712,7828.225806,0.002350,0.152851,0.058358,0.167931,0.018578,0.041204,0.030351
1014250,89.2352,36,Ring_C1_Bend,Ring,bend,1,1.2352,Ring cycle 1: BEND Ring,2896,2910,2819,3190,2859,2966,2861,8212.176814,8349.367089,7511.442006,11984.530387,7864.563107,8932.152347,7882.820097,0.013022,0.170729,0.097357,0.331904,0.028047,0.091524,0.037537
1014300,89.2999,36,Ring_C1_Bend,Ring,bend,1,1.2999,Ring cycle 1: BEND Ring,2900,2917,2851,3229,2848,2996,2850,8251.046025,8419.185059,7792.122186,12677.367206,7765.196472,9268.789809,7783.132530,0.017817,0.180518,0.138362,0.408903,0.015058,0.132662,0.024416
1014350,89.3219,36,Ring_C1_Bend,Ring,bend,1,1.3219,Ring cycle 1: BEND Ring,2900,2903,2836,3259,2865,3011,2863,8251.046025,8280.369128,7658.776807,13254.306220,7919.512195,9444.095941,7901.136364,0.017817,0.161054,0.118881,0.473021,0.035230,0.154084,0.039947
1014400,89.4631,36,Ring_C1_Bend,Ring,bend,1,1.4631,Ring cycle 1: BEND Ring,2903,2916,2831,3285,2868,3109,2865,8280.369128,8409.160305,7615.031646,13788.888889,7947.188264,10720.689655,7919.512195,0.021434,0.179113,0.112490,0.532432,0.038848,0.310086,0.042366
1014450,89.4632,36,Ring_C1_Bend,Ring,bend,1,1.4632,Ring cycle 1: BEND Ring,2901,2922,2843,3257,2877,3100,2860,8260.804020,8469.565217,7720.607029,13214.558473,8031.034483,10592.964824,7873.684211,0.019021,0.187582,0.127914,0.468604,0.049808,0.294478,0.036334
1014500,89.4742,36,Ring_C1_Bend,Ring,bend,1,1.4742,Ring cycle 1: BEND Ring,2895,2912,2851,3318,2904,3156,2868,8202.500000,8369.230769,7792.122186,14518.918919,8290.176322,11427.476038,7947.188264,0.011828,0.173514,0.138362,0.613564,0.083683,0.396457,0.046009
1014550,89.5391,36,Ring_C1_Bend,Ring,bend,1,1.5391,Ring cycle 1: BEND Ring,2912,2925,2862,3390,2932,3225,2867,8369.230769,8500.000000,7891.970803,16348.936170,8571.625107,12603.448276,7937.947883,0.032396,0.191850,0.152949,0.816944,0.120474,0.540162,0.044793
1014600,89.7182,36,Ring_C1_Bend,Ring,bend,1,1.7182,Ring cycle 1: BEND Ring,2927,2939,2851,3376,2972,3249,2867,8520.376712,8644.117647,7792.122186,15964.394993,8998.040962,13057.446809,7937.947883,0.051040,0.212058,0.138362,0.774208,0.176215,0.595642,0.044793
1014650,89.7182,36,Ring_C1_Bend,Ring,bend,1,1.7182,Ring cycle 1: BEND Ring,2923,2928,2850,3389,2984,3292,2889,8479.692833,8530.591260,7783.132530,16320.963173,9131.953195,13938.729763,8144.776119,0.046022,0.196139,0.137048,0.813835,0.193719,0.703336,0.072015
1014700,89.7183,36,Ring_C1_Bend,Ring,bend,1,1.7183,Ring cycle 1: BEND Ring,2931,2950,2860,3453,2992,3242,2877,8561.340206,8759.825328,7873.684211,18286.915888,9222.846782,12922.391559,8031.034483,0.056094,0.228282,0.150277,1.032322,0.205601,0.579138,0.057045
1014750,89.7397,36,Ring_C1_Bend,Ring,bend,1,1.7397,Ring cycle 1: BEND Ring,2935,2951,2834,3385,2959,3314,2867,8602.586207,8770.454545,7641.237113,16209.859155,8856.161972,14427.144686,7937.947883,0.061181,0.229772,0.116319,0.801488,0.157668,0.763021,0.044793
1014800,89.7832,36,Ring_C1_Bend,Ring,bend,1,1.7832,Ring cycle 1: BEND Ring,2929,2938,2863,3339,2984,3253,2873,8540.823328,8633.707865,7901.136364,15016.666667,9131.953195,13135.629454,7993.617021,0.053563,0.210598,0.154288,0.668882,0.193719,0.605196,0.052120
1014850,89.9835,36,Ring_C1_Bend,Ring,bend,1,1.9835,Ring cycle 1: BEND Ring,2922,2931,2835,3298,2974,3273,2865,8469.565217,8561.340206,7650.000000,14069.259724,9020.160571,13537.956204,7919.512195,0.044773,0.200451,0.117599,0.563591,0.179106,0.654361,0.042366
1014900,89.9836,36,Ring_C1_Bend,Ring,bend,1,1.9836,Ring cycle 1: BEND Ring,2923,2930,2827,3271,2959,3261,2858,8479.692833,8551.072961,7580.283912,13496.844660,8856.161972,13294.244604,7855.456750,0.046022,0.199011,0.107414,0.499976,0.157668,0.624579,0.033935
1014950,89.9836,36,Ring_C1_Bend,Ring,bend,1,1.9836,Ring cycle 1: BEND Ring,2911,2921,2837,3295,2969,3264,2864,8359.290541,8459.454855,7667.567568,14003.750000,8965.008881,13354.512635,7910.316816,0.031169,0.186165,0.120165,0.556311,0.171897,0.631944,0.041156
1015000,89.9942,36,Ring_C1_Bend,Ring,bend,1,1.9942,Ring cycle 1: BEND Ring,2921,2923,2832,3296,2946,3240,2863,8459.454855,8479.692833,7623.752969,14025.531915,8717.493473,12884.210526,7901.136364,0.043525,0.189003,0.113764,0.558732,0.139542,0.574472,0.039947
1015050,90.0443,37,Ring_C2_Open,Ring,open,2,0.0443,Ring cycle 2: OPEN,2918,2917,2835,3283,2948,3185,2855,8429.226848,8419.185059,7650.000000,13746.551724,8738.622493,11900.000000,7828.225806,0.039797,0.180518,0.117599,0.527727,0.142304,0.454200,0.030351
1015100,90.0875,37,Ring_C2_Open,Ring,open,2,0.0875,Ring cycle 2: OPEN,2908,2903,2840,3268,2960,3218,2863,8329.570345,8280.369128,7694.023904,13435.550181,8866.960352,12475.712657,7901.136364,0.027503,0.161054,0.124030,0.493164,0.159080,0.524553,0.039947
1015150,90.2418,37,Ring_C2_Open,Ring,open,2,0.2418,Ring cycle 2: OPEN,2917,2910,2834,3326,2957,3205,2864,8419.185059,8349.367089,7641.237113,14705.331599,8834.622144,12243.820225,7910.316816,0.038558,0.170729,0.116319,0.634281,0.154853,0.496215,0.041156
1015200,90.2419,37,Ring_C2_Open,Ring,open,2,0.2419,Ring cycle 2: OPEN,2914,2910,2836,3304,2954,3150,2858,8389.161727,8349.367089,7658.776807,14201.769912,8802.453988,11333.333333,7855.456750,0.034854,0.170729,0.118881,0.578318,0.150648,0.384952,0.033935
1015250,90.2419,37,Ring_C2_Open,Ring,open,2,0.2419,Ring cycle 2: OPEN,2905,2897,2818,3301,2961,3150,2864,8300.000000,8221.869783,7502.897416,14135.264484,8877.777778,11333.333333,7910.316816,0.023856,0.152851,0.096108,0.570927,0.160494,0.384952,0.041156
1015300,90.2741,37,Ring_C2_Open,Ring,open,2,0.2741,Ring cycle 2: OPEN,2916,2907,2835,3305,2948,3207,2865,8409.160305,8319.696970,7650.000000,14224.050633,8738.622493,12279.054054,7919.512195,0.037321,0.166568,0.117599,0.580794,0.142304,0.500521,0.042366
1015350,90.3392,37,Ring_C2_Open,Ring,open,2,0.3392,Ring cycle 2: OPEN,2913,2900,2823,3310,2928,3146,2859,8379.187817,8251.046025,7545.754717,14336.305732,8530.591260,11271.232877,7864.563107,0.033624,0.156942,0.102369,0.593270,0.115110,0.377363,0.035134
1015400,90.4763,37,Ring_C2_Open,Ring,open,2,0.4763,Ring cycle 2: OPEN,2911,2893,2809,3313,2937,3190,2863,8359.290541,8183.194676,7426.594090,14404.347826,8623.316062,11984.530387,7901.136364,0.031169,0.147428,0.084961,0.600832,0.127231,0.464530,0.039947
1015450,90.4764,37,Ring_C2_Open,Ring,open,2,0.4764,Ring cycle 2: OPEN,2909,2899,2827,3334,2940,3182,2863,8339.460371,8241.304348,7580.283912,14895.663601,8654.545455,11849.726177,7901.136364,0.028723,0.155576,0.107414,0.655434,0.131313,0.448056,0.039947
1015500,90.4764,37,Ring_C2_Open,Ring,open,2,0.4764,Ring cycle 2: OPEN,2910,2899,2836,3301,2933,3192,2854,8349.367089,8241.304348,7658.776807,14135.264484,8581.927711,12018.604651,7819.178082,0.029945,0.155576,0.118881,0.570927,0.121821,0.468693,0.029160
1015550,90.5307,37,Ring_C2_Open,Ring,open,2,0.5307,Ring cycle 2: OPEN,2901,2895,2819,3312,2941,3194,2865,8260.804020,8202.500000,7511.442006,14381.609195,8664.991334,12052.830189,7919.512195,0.019021,0.150135,0.097357,0.598304,0.132679,0.472876,0.042366
1015600,90.7326,37,Ring_C2_Open,Ring,open,2,0.7326,Ring cycle 2: OPEN,2903,2901,2828,3285,2939,3203,2865,8280.369128,8260.804020,7588.950276,13788.888889,8644.117647,12208.744395,7919.512195,0.021434,0.158310,0.108680,0.532432,0.129950,0.491929,0.042366
1015650,90.7327,37,Ring_C2_Open,Ring,open,2,0.7327,Ring cycle 2: OPEN,2903,2898,2814,3255,2925,3157,2863,8280.369128,8231.578947,7468.852459,13175.000000,8500.000000,11443.283582,7901.136364,0.021434,0.154213,0.091135,0.464208,0.111111,0.398388,0.039947
1015700,90.7327,37,Ring_C2_Open,Ring,open,2,0.7327,Ring cycle 2: OPEN,2897,2890,2806,3277,2933,3154,2865,8221.869783,8154.356846,7401.396431,13620.782396,8581.927711,11395.961743,7919.512195,0.014218,0.143385,0.081280,0.513750,0.121821,0.392605,0.042366
1015750,90.7431,37,Ring_C2_Open,Ring,open,2,0.7431,Ring cycle 2: OPEN,2900,2897,2826,3267,2929,3170,2864,8251.046025,8221.869783,7571.631206,13415.217391,8540.823328,11651.891892,7910.316816,0.017817,0.152851,0.106150,0.490904,0.116447,0.423881,0.041156
1015800,90.7754,37,Ring_C2_Open,Ring,open,2,0.7754,Ring cycle 2: OPEN,2901,2900,2846,3272,2922,3171,2857,8260.804020,8251.046025,7747.317854,13517.375456,8469.565217,11668.181818,7846.365105,0.019021,0.156942,0.131816,0.502258,0.107133,0.425871,0.032738
1015850,90.8192,37,Ring_C2_Open,Ring,open,2,0.8192,Ring cycle 2: OPEN,2895,2896,2841,3269,2931,3198,2864,8202.500000,8212.176814,7702.870813,13455.932203,8561.340206,12121.739130,7910.316816,0.011828,0.151492,0.125323,0.495429,0.119129,0.481297,0.041156
1015900,90.9631,37,Ring_C2_Open,Ring,open,2,0.9631,Ring cycle 2: OPEN,2901,2900,2826,3250,2934,3254,2864,8260.804020,8251.046025,7571.631206,13076.923077,8592.248062,13155.291320,7910.316816,0.019021,0.156942,0.106150,0.453308,0.123170,0.607598,0.041156
1015950,90.9631,37,Ring_C2_Open,Ring,open,2,0.9631,Ring cycle 2: OPEN,2897,2892,2848,3282,2925,3270,2856,8221.869783,8173.566085,7765.196472,13725.461255,8500.000000,13476.363636,7837.288136,0.014218,0.146078,0.134428,0.525383,0.111111,0.646834,0.031544
1016000,90.9742,37,Ring_C2_Open,Ring,open,2,0.9742,Ring cycle 2: OPEN,2898,2886,2836,3307,2932,3294,2864,8231.578947,8116.129032,7658.776807,14268.781726,8571.625107,13982.022472,7910.316816,0.015415,0.138024,0.118881,0.585765,0.120474,0.708626,0.041156
1016050,91.0389,37,Ring_C2_Open,Ring,open,2,1.0389,Ring cycle 2: OPEN,2898,2890,2827,3371,2933,3243,2864,8231.578947,8154.356846,7580.283912,15830.662983,8581.927711,12941.549296,7910.316816,0.015415,0.143385,0.107414,0.759346,0.121821,0.581479,0.041156
1016100,91.0937,37,Ring_C2_Open,Ring,open,2,1.0937,Ring cycle 2: OPEN,2895,2880,2861,3548,2925,3224,2855,8202.500000,8059.259259,7882.820097,22053.382084,8500.000000,12585.074627,7828.225806,0.011828,0.130050,0.151612,1.450909,0.111111,0.537917,0.030351
1016150,91.2332,37,Ring_C2_Open,Ring,open,2,1.2332,Ring cycle 2: OPEN,2889,2881,2836,3513,2931,3277,2864,8144.776119,8068.698517,7658.776807,20522.680412,8561.340206,13620.782396,7910.316816,0.004708,0.131374,0.118881,1.280794,0.119129,0.664482,0.041156
1016200,91.2333,37,Ring_C2_Open,Ring,open,2,1.2333,Ring cycle 2: OPEN,2899,2877,2871,3568,2932,3187,2863,8241.304348,8031.034483,7975.000000,23019.354839,8571.625107,11933.700441,7901.136364,0.016615,0.126093,0.165078,1.558263,0.120474,0.458318,0.039947
1016250,91.2551,37,Ring_C2_Open,Ring,open,2,1.2551,Ring cycle 2: OPEN,2896,2880,2892,3524,2923,3235,2859,8212.176814,8059.259259,8173.566085,20983.537653,8479.692833,12789.534884,7864.563107,0.013022,0.130050,0.194087,1.332012,0.108457,0.562902,0.035134
1016300,91.2873,37,Ring_C2_Open,Ring,open,2,1.2873,Ring cycle 2: OPEN,2895,2888,2892,3384,2938,3207,2861,8202.500000,8135.211268,8173.566085,16182.278481,8633.707865,12279.054054,7882.820097,0.011828,0.140700,0.194087,0.798422,0.128589,0.500521,0.037537
1016350,91.3304,37,Ring_C2_Open,Ring,open,2,1.3304,Ring cycle 2: OPEN,2894,2900,2871,3428,2929,3193,2859,8192.839301,8251.046025,7975.000000,17474.062969,8540.823328,12035.698448,7864.563107,0.010637,0.156942,0.165078,0.941985,0.116447,0.470782,0.035134
1016400,91.4799,37,Ring_C2_Open,Ring,open,2,1.4799,Ring cycle 2: OPEN,2897,2899,2862,3440,2918,3221,2853,8221.869783,8241.304348,7891.970803,17856.488550,8429.226848,12530.205950,7810.144928,0.014218,0.155576,0.152949,0.984486,0.101860,0.531212,0.027971
1016450,91.4800,37,Ring_C2_Open,Ring,open,2,1.4800,Ring cycle 2: OPEN,2896,2889,2842,3388,2917,3145,2857,8212.176814,8144.776119,7711.731844,16293.069307,8419.185059,11255.789474,7846.365105,0.013022,0.142041,0.126617,0.810735,0.100547,0.375476,0.032738
1016500,91.4800,37,Ring_C2_Open,Ring,open,2,1.4800,Ring cycle 2: OPEN,2896,2891,2834,3328,2915,3170,2857,8212.176814,8163.953488,7641.237113,14752.542373,8399.152542,11651.891892,7846.365105,0.013022,0.144730,0.116319,0.639528,0.097928,0.423881,0.032738
1016550,91.5563,37,Ring_C2_Open,Ring,open,2,1.5563,Ring cycle 2: OPEN,2896,2893,2852,3271,2904,3136,2855,8212.176814,8183.194676,7801.126307,13496.844660,8290.176322,11118.248175,7828.225806,0.013022,0.147428,0.139677,0.499976,0.083683,0.358668,0.030351
1016600,91.5885,37,Ring_C2_Open,Ring,open,2,1.5885,Ring cycle 2: OPEN,2887,2877,2834,3335,2914,3181,2855,8125.662252,8031.034483,7641.237113,14919.736842,8389.161727,11833.041575,7828.225806,0.002350,0.126093,0.116319,0.658109,0.096622,0.446017,0.030351
1016650,91.7553,37,Ring_C2_Open,Ring,open,2,1.7553,Ring cycle 2: OPEN,2896,2884,2835,3254,2911,3183,2854,8212.176814,8097.109827,7650.000000,13155.291320,8359.290541,11866.447368,7819.178082,0.013022,0.135358,0.117599,0.462017,0.092718,0.450100,0.029160
1016700,91.7554,37,Ring_C2_Open,Ring,open,2,1.7554,Ring cycle 2: OPEN,2897,2875,2835,3241,2905,3119,2844,8221.869783,8012.295082,7650.000000,12903.278689,8300.000000,10865.368852,7729.496403,0.014218,0.123465,0.117599,0.434010,0.084967,0.327766,0.017356
1016750,91.7554,37,Ring_C2_Open,Ring,open,2,1.7554,Ring cycle 2: OPEN,2891,2863,2821,3278,2918,3161,2856,8163.953488,7901.136364,7528.571429,13641.615667,8429.226848,11506.852248,7837.288136,0.007073,0.107879,0.099859,0.516065,0.101860,0.406156,0.031544
1016800,91.7986,37,Ring_C2_Open,Ring,open,2,1.7986,Ring cycle 2: OPEN,2896,2870,2836,3297,2909,3125,2851,8212.176814,7965.714286,7658.776807,14047.368421,8339.460371,10953.608247,7792.122186,0.013022,0.116934,0.118881,0.561159,0.090126,0.338549,0.025599
1016850,91.8316,37,Ring_C2_Open,Ring,open,2,1.8316,Ring cycle 2: OPEN,2895,2874,2846,3298,2898,3163,2852,8202.500000,8002.948403,7747.317854,14069.259724,8231.578947,11538.841202,7801.126307,0.011828,0.122155,0.131816,0.563591,0.076023,0.410066,0.026784
1016900,91.8749,37,Ring_C2_Open,Ring,open,2,1.8749,Ring cycle 2: OPEN,2889,2864,2831,3336,2916,3214,2868,8144.776119,7910.316816,7615.031646,14943.873518,8409.160305,12403.632236,7947.188264,0.004708,0.109166,0.112490,0.660792,0.099237,0.515744,0.046009
1016950,92.0268,38,Ring_C2_Bend,Ring,bend,2,0.0268,Ring cycle 2: BEND Ring,2894,2871,2835,3312,2917,3151,2864,8192.839301,7975.000000,7650.000000,14381.609195,8419.185059,11348.940678,7910.316816,0.010637,0.118236,0.117599,0.598304,0.100547,0.386859,0.041156
1017000,92.0271,38,Ring_C2_Bend,Ring,bend,2,0.0271,Ring cycle 2: BEND Ring,2898,2864,2828,3320,2908,3176,2862,8231.578947,7910.316816,7588.950276,14565.161290,8329.570345,11750.163221,7891.970803,0.015415,0.109166,0.108680,0.618704,0.088833,0.435889,0.038741
1017050,92.0382,38,Ring_C2_Bend,Ring,bend,2,0.0382,Ring cycle 2: BEND Ring,2896,2853,2812,3335,2920,3157,2859,8212.176814,7810.144928,7451.909587,14919.736842,8449.361702,11443.283582,7864.563107,0.013022,0.095120,0.088659,0.658109,0.104492,0.398388,0.035134
1017100,92.0931,38,Ring_C2_Bend,Ring,bend,2,0.0931,Ring cycle 2: BEND Ring,2903,2862,2817,3345,2913,3168,2862,8280.369128,7891.970803,7494.366197,15164.000000,8379.187817,11619.417476,7891.970803,0.021434,0.106594,0.094862,0.685256,0.095319,0.419912,0.038741
1017150,92.2835,38,Ring_C2_Bend,Ring,bend,2,0.2835,Ring cycle 2: BEND Ring,2903,2862,2831,3292,2905,3149,2852,8280.369128,7891.970803,7615.031646,13938.729763,8300.000000,11317.758985,7801.126307,0.021434,0.106594,0.112490,0.549085,0.084967,0.383049,0.026784
1017200,92.2836,38,Ring_C2_Bend,Ring,bend,2,0.2836,Ring cycle 2: BEND Ring,2896,2855,2824,3354,2921,3139,2862,8212.176814,7828.225806,7554.366640,15389.473684,8459.454855,11163.807531,7891.970803,0.013022,0.097655,0.103627,0.710314,0.105811,0.364236,0.038741
1017250,92.2836,38,Ring_C2_Bend,Ring,bend,2,0.2836,Ring cycle 2: BEND Ring,2902,2865,2851,3385,2925,3137,2863,8270.578374,7919.512195,7792.122186,16209.859155,8500.000000,11133.402923,7901.136364,0.020226,0.110455,0.138362,0.801488,0.111111,0.360520,0.039947
1017300,92.2837,38,Ring_C2_Bend,Ring,bend,2,0.2837,Ring cycle 2: BEND Ring,2898,2863,2838,3248,2913,3152,2864,8231.578947,7901.136364,7676.372315,13038.016529,8379.187817,11364.581124,7910.316816,0.015415,0.107879,0.121451,0.448984,0.095319,0.388771,0.041156
1017350,92.3162,38,Ring_C2_Bend,Ring,bend,2,0.3162,Ring cycle 2: BEND Ring,2888,2849,2826,3304,2924,3170,2867,8135.211268,7774.157303,7571.631206,14201.769912,8489.837746,11651.891892,7937.947883,0.003528,0.090074,0.106150,0.578318,0.109783,0.423881,0.044793
1017400,92.3818,38,Ring_C2_Bend,Ring,bend,2,0.3818,Ring cycle 2: BEND Ring,2897,2858,2813,3352,2921,3160,2865,8221.869783,7855.456750,7460.374415,15338.896366,8459.454855,11490.909091,7919.512195,0.014218,0.101474,0.089896,0.704693,0.105811,0.404208,0.042366
1017450,92.5225,38,Ring_C2_Bend,Ring,bend,2,0.5225,Ring cycle 2: BEND Ring,2895,2858,2826,3324,2920,3144,2864,8202.500000,7855.456750,7571.631206,14658.365759,8449.361702,11240.378549,7910.316816,0.011828,0.101474,0.106150,0.629062,0.104492,0.373593,0.041156
1017500,92.5226,38,Ring_C2_Bend,Ring,bend,2,0.5226,Ring cycle 2: BEND Ring,2887,2850,2864,3306,2929,3148,2865,8125.662252,7783.132530,7910.316816,14246.387833,8540.823328,11302.217529,7919.512195,0.002350,0.091333,0.155629,0.583277,0.116447,0.381150,0.042366
1017550,92.5442,38,Ring_C2_Bend,Ring,bend,2,0.5442,Ring cycle 2: BEND Ring,2895,2860,2855,3229,2923,3136,2863,8202.500000,7873.684211,7828.225806,12677.367206,8479.692833,11118.248175,7901.136364,0.011828,0.104029,0.143636,0.408903,0.108457,0.358668,0.039947
1017600,92.5774,38,Ring_C2_Bend,Ring,bend,2,0.5774,Ring cycle 2: BEND Ring,2896,2856,2853,3242,2911,3127,2861,8212.176814,7837.288136,7810.144928,12922.391559,8359.290541,10983.264463,7882.820097,0.013022,0.098926,0.140994,0.436134,0.092718,0.342173,0.037537
1017650,92.6216,38,Ring_C2_Bend,Ring,bend,2,0.6216,Ring cycle 2: BEND Ring,2885,2840,2800,3245,2924,3140,2868,8106.611570,7694.023904,7351.351351,12980.000000,8489.837746,11179.057592,7947.188264,0.000000,0.078838,0.073969,0.442536,0.109783,0.366099,0.046009
1017700,92.7713,38,Ring_C2_Bend,Ring,bend,2,0.7713,Ring cycle 2: BEND Ring,2898,2852,2823,3226,2929,3148,2864,8231.578947,7801.126307,7545.754717,12621.864212,8540.823328,11302.217529,7910.316816,0.015415,0.093856,0.102369,0.402735,0.116447,0.381150,0.041156
1017750,92.7713,38,Ring_C2_Bend,Ring,bend,2,0.7713,Ring cycle 2: BEND Ring,2896,2857,2814,3210,2924,3119,2862,8212.176814,7846.365105,7468.852459,12332.203390,8489.837746,10865.368852,7891.970803,0.013022,0.100199,0.091135,0.370543,0.109783,0.327766,0.038741
1017800,92.7714,38,Ring_C2_Bend,Ring,bend,2,0.7714,Ring cycle 2: BEND Ring,2886,2849,2814,3166,2928,3123,2865,8116.129032,7774.157303,7468.852459,11587.082885,8530.591260,10924.074074,7919.512195,0.001174,0.090074,0.091135,0.287734,0.115110,0.334940,0.042366
1017850,92.8248,38,Ring_C2_Bend,Ring,bend,2,0.8248,Ring cycle 2: BEND Ring,2895,2851,2789,3157,2923,3103,2866,8202.500000,7792.122186,7260.796325,11443.283582,8479.692833,10635.282258,7928.722539,0.011828,0.092593,0.060739,0.271753,0.108457,0.299649,0.043578
1017900,92.8907,38,Ring_C2_Bend,Ring,bend,2,0.8907,Ring cycle 2: BEND Ring,2892,2851,2783,3264,2918,3107,2856,8173.566085,7792.122186,7212.042683,13354.512635,8429.226848,10692.105263,7837.288136,0.008259,0.092593,0.053617,0.484158,0.101860,0.306593,0.031544
1017950,93.0353,38,Ring_C2_Bend,Ring,bend,2,1.0353,Ring cycle 2: BEND Ring,2892,2854,2830,3439,2921,3201,2856,8173.566085,7819.178082,7606.324111,17824.085366,8459.454855,12173.825503,7837.288136,0.008259,0.096387,0.111218,0.980885,0.105811,0.487662,0.031544
1018000,93.0354,38,Ring_C2_Bend,Ring,bend,2,1.0354,Ring cycle 2: BEND Ring,2892,2853,2850,3476,2906,3162,2851,8173.566085,7810.144928,7783.132530,19092.730210,8309.840202,11522.829582,7792.122186,0.008259,0.095120,0.137048,1.121876,0.086254,0.408109,0.025599
1018050,93.0571,38,Ring_C2_Bend,Ring,bend,2,1.0571,Ring cycle 2: BEND Ring,2890,2868,2855,3513,2912,3198,2846,8154.356846,7947.188264,7828.225806,20522.680412,8369.230769,12121.739130,7747.317854,0.005890,0.114336,0.143636,1.280794,0.094017,0.481297,0.019702
1018100,93.1000,38,Ring_C2_Bend,Ring,bend,2,1.1000,Ring cycle 2: BEND Ring,2885,2853,2858,3404,2923,3204,2854,8106.611570,7810.144928,7855.456750,16749.059334,8479.692833,12226.262626,7819.178082,0.000000,0.095120,0.147614,0.861412,0.108457,0.494070,0.029160
1018150,93.1324,38,Ring_C2_Bend,Ring,bend,2,1.1324,Ring cycle 2: BEND Ring,2882,2872,2845,3406,2911,3257,2859,8078.153339,7984.300899,7738.400000,16807.547170,8359.290541,13214.558473,7864.563107,-0.003510,0.119540,0.130513,0.867912,0.092718,0.614841,0.035134
1018200,93.2877,38,Ring_C2_Bend,Ring,bend,2,1.2877,Ring cycle 2: BEND Ring,2893,2897,2864,3381,2906,3268,2854,8183.194676,8221.869783,7910.316816,16100.000000,8309.840202,13435.550181,7819.178082,0.009447,0.152851,0.155629,0.789278,0.086254,0.641847,0.029160
1018250,93.2878,38,Ring_C2_Bend,Ring,bend,2,1.2878,Ring cycle 2: BEND Ring,2899,2913,2855,3373,2958,3291,2863,8241.304348,8379.187817,7828.225806,15883.933518,8845.382586,13917.164179,7901.136364,0.016615,0.174910,0.143636,0.765266,0.156259,0.700701,0.039947
1018300,93.2989,38,Ring_C2_Bend,Ring,bend,2,1.2989,Ring cycle 2: BEND Ring,2930,2956,2848,3352,2968,3380,2872,8551.072961,8823.880597,7765.196472,15338.896366,8954.037267,16072.727273,7984.300899,0.054827,0.237264,0.134428,0.704693,0.170462,0.964114,0.050894
1018350,93.3202,38,Ring_C2_Bend,Ring,bend,2,1.3202,Ring cycle 2: BEND Ring,2932,2961,2856,3326,2954,3306,2886,8571.625107,8877.777778,7837.288136,14705.331599,8802.453988,14246.387833,8116.129032,0.057362,0.244821,0.144960,0.634281,0.150648,0.740932,0.068245
1018400,93.3854,38,Ring_C2_Bend,Ring,bend,2,1.3854,Ring cycle 2: BEND Ring,2930,2964,2842,3333,2945,3306,2884,8551.072961,8910.344828,7711.731844,14871.653543,8706.956522,14246.387833,8097.109827,0.054827,0.249388,0.126617,0.652766,0.138164,0.740932,0.065741
1018450,93.5409,38,Ring_C2_Bend,Ring,bend,2,1.5409,Ring cycle 2: BEND Ring,2934,2982,2833,3379,2954,3281,2875,8592.248062,9109.433962,7632.488114,16045.530726,8802.453988,13704.422604,8012.295082,0.059906,0.277303,0.115040,0.783225,0.150648,0.674703,0.054578
1018500,93.5409,38,Ring_C2_Bend,Ring,bend,2,1.5409,Ring cycle 2: BEND Ring,2930,2970,2835,3338,2922,3269,2870,8551.072961,8976.000000,7650.000000,14992.338177,8469.565217,13455.932203,7965.714286,0.054827,0.258594,0.117599,0.666178,0.107133,0.644337,0.048447
1018550,93.5410,38,Ring_C2_Bend,Ring,bend,2,1.5410,Ring cycle 2: BEND Ring,2925,2956,2811,3332,2932,3232,2872,8500.000000,8823.880597,7443.457944,14847.706422,8571.625107,12733.256083,7984.300899,0.048527,0.237264,0.087425,0.650104,0.120474,0.556025,0.050894
1018600,93.5952,38,Ring_C2_Bend,Ring,bend,2,1.5952,Ring cycle 2: BEND Ring,2927,2956,2815,3340,2937,3241,2867,8520.376712,8823.880597,7477.343750,15041.059603,8623.316062,12903.278689,7937.947883,0.051040,0.237264,0.092375,0.671593,0.127231,0.576802,0.044793
1018650,93.6389,38,Ring_C2_Bend,Ring,bend,2,1.6389,Ring cycle 2: BEND Ring,2928,2950,2815,3317,2909,3216,2864,8530.591260,8759.825328,7477.343750,14495.886889,8339.460371,12439.590444,7910.316816,0.052300,0.228282,0.092375,0.611005,0.090126,0.520139,0.041156
1018700,93.7996,38,Ring_C2_Bend,Ring,bend,2,1.7996,Ring cycle 2: BEND Ring,2917,2935,2814,3290,2915,3203,2869,8419.185059,8602.586207,7468.852459,13895.652174,8399.152542,12208.744395,7956.443719,0.038558,0.206234,0.091135,0.544298,0.097928,0.491929,0.047227
1018750,93.7996,38,Ring_C2_Bend,Ring,bend,2,1.7996,Ring cycle 2: BEND Ring,2919,2937,2834,3315,2920,3182,2865,8439.285714,8623.316062,7641.237113,14450.000000,8449.361702,11849.726177,7919.512195,0.041037,0.209141,0.116319,0.605905,0.104492,0.448056,0.042366
1018800,93.7997,38,Ring_C2_Bend,Ring,bend,2,1.7997,Ring cycle 2: BEND Ring,2916,2928,2820,3301,2908,3211,2857,8409.160305,8530.591260,7520.000000,14135.264484,8329.570345,12350.000000,7846.365105,0.037321,0.196139,0.098607,0.570927,0.088833,0.509191,0.032738
1018850,93.8217,38,Ring_C2_Bend,Ring,bend,2,1.8217,Ring cycle 2: BEND Ring,2913,2906,2808,3315,2940,3188,2864,8379.187817,8309.840202,7418.181818,14450.000000,8654.545455,11950.606395,7910.316816,0.033624,0.165186,0.083732,0.605905,0.131313,0.460384,0.041156
1018900,93.8982,38,Ring_C2_Bend,Ring,bend,2,1.8982,Ring cycle 2: BEND Ring,2919,2914,2818,3298,2921,3122,2862,8439.285714,8389.161727,7502.897416,14069.259724,8459.454855,10909.352518,7891.970803,0.041037,0.176309,0.096108,0.563591,0.105811,0.333141,0.038741
1018950,94.0638,39,Ring_C3_Open,Ring,open,3,0.0638,Ring cycle 3: OPEN,2907,2907,2815,3291,2914,3111,2853,8319.696970,8319.696970,7477.343750,13917.164179,8389.161727,10749.390244,7810.144928,0.026285,0.166568,0.092375,0.546688,0.096622,0.313593,0.027971
1019000,94.0641,39,Ring_C3_Open,Ring,open,3,0.0641,Ring cycle 3: OPEN,2895,2901,2805,3272,2914,3107,2856,8202.500000,8260.804020,7393.023256,13517.375456,8389.161727,10692.105263,7837.288136,0.011828,0.158310,0.080057,0.502258,0.096622,0.306593,0.031544
1019050,94.0642,39,Ring_C3_Open,Ring,open,3,0.0642,Ring cycle 3: OPEN,2904,2902,2799,3280,2910,3096,2854,8290.176322,8270.578374,7343.055556,13683.435583,8349.367089,10536.936937,7819.178082,0.022644,0.159681,0.072757,0.520713,0.091421,0.287631,0.029160
1019100,94.0856,39,Ring_C3_Open,Ring,open,3,0.0856,Ring cycle 3: OPEN,2900,2911,2800,3268,2917,3070,2852,8251.046025,8359.290541,7351.351351,13435.550181,8419.185059,10183.414634,7801.126307,0.017817,0.172120,0.073969,0.493164,0.100547,0.244430,0.026784
1019150,94.1406,39,Ring_C3_Open,Ring,open,3,0.1406,Ring cycle 3: OPEN,2897,2901,2789,3263,2909,3067,2856,8221.869783,8260.804020,7260.796325,13334.375000,8339.460371,10143.774319,7837.288136,0.014218,0.158310,0.060739,0.481920,0.090126,0.239586,0.031544
1019200,94.3226,39,Ring_C3_Open,Ring,open,3,0.3226,Ring cycle 3: OPEN,2899,2900,2791,3256,2909,3053,2854,8241.304348,8251.046025,7277.147239,13194.755662,8339.460371,9961.804223,7819.178082,0.016615,0.156942,0.063128,0.466403,0.090126,0.217349,0.029160
1019250,94.3227,39,Ring_C3_Open,Ring,open,3,0.3227,Ring cycle 3: OPEN,2895,2898,2797,3257,2898,3049,2852,8202.500000,8231.578947,7326.502311,13214.558473,8231.578947,9910.707457,7801.126307,0.011828,0.154213,0.070338,0.468604,0.076023,0.211105,0.026784
1019300,94.3227,39,Ring_C3_Open,Ring,open,3,0.3227,Ring cycle 3: OPEN,2896,2893,2788,3271,2918,3046,2860,8212.176814,8183.194676,7252.639633,13496.844660,8429.226848,9872.640610,7873.684211,0.013022,0.147428,0.059548,0.499976,0.101860,0.206453,0.036334
1019350,94.3442,39,Ring_C3_Open,Ring,open,3,0.3442,Ring cycle 3: OPEN,2908,2900,2799,3271,2901,3062,2869,8329.570345,8251.046025,7343.055556,13496.844660,8260.804020,10078.218780,7956.443719,0.027503,0.156942,0.072757,0.499976,0.079844,0.231575,0.047227
1019400,94.3774,39,Ring_C3_Open,Ring,open,3,0.3774,Ring cycle 3: OPEN,2910,2898,2793,3262,2898,3077,2859,8349.367089,8231.578947,7293.548387,13314.285714,8231.578947,10276.817289,7864.563107,0.029945,0.154213,0.065524,0.479687,0.076023,0.255844,0.035134
1019450,94.5662,39,Ring_C3_Open,Ring,open,3,0.5662,Ring cycle 3: OPEN,2902,2886,2772,3248,2911,3078,2864,8270.578374,8116.129032,7123.809524,13038.016529,8359.290541,10290.265487,7910.316816,0.020226,0.138024,0.040727,0.448984,0.092718,0.257488,0.041156
1019500,94.5662,39,Ring_C3_Open,Ring,open,3,0.5662,Ring cycle 3: OPEN,2895,2894,2786,3245,2907,3070,2860,8202.500000,8192.839301,7236.363636,12980.000000,8319.696970,10183.414634,7873.684211,0.011828,0.148781,0.057170,0.442536,0.087542,0.244430,0.036334
1019550,94.5663,39,Ring_C3_Open,Ring,open,3,0.5663,Ring cycle 3: OPEN,2897,2893,2793,3260,2895,3072,2854,8221.869783,8183.194676,7293.548387,13274.251497,8202.500000,10209.970674,7819.178082,0.014218,0.147428,0.065524,0.475238,0.072222,0.247675,0.029160
1019600,94.5663,39,Ring_C3_Open,Ring,open,3,0.5663,Ring cycle 3: OPEN,2891,2881,2784,3249,2908,3067,2860,8163.953488,8068.698517,7220.137300,13057.446809,8329.570345,10143.774319,7873.684211,0.007073,0.131374,0.054799,0.451143,0.088833,0.239586,0.036334
1019650,94.6318,39,Ring_C3_Open,Ring,open,3,0.6318,Ring cycle 3: OPEN,2897,2891,2787,3244,2910,3053,2857,8221.869783,8163.953488,7244.495413,12960.752056,8349.367089,9961.804223,7846.365105,0.014218,0.144730,0.058358,0.440397,0.091421,0.217349,0.032738
1019700,94.8168,39,Ring_C3_Open,Ring,open,3,0.8168,Ring cycle 3: OPEN,2895,2885,2790,3255,2896,3050,2854,8202.500000,8106.611570,7268.965517,13175.000000,8212.176814,9923.444976,7819.178082,0.011828,0.136690,0.061933,0.464208,0.073487,0.212661,0.029160
1019750,94.8168,39,Ring_C3_Open,Ring,open,3,0.8168,Ring cycle 3: OPEN,2886,2875,2782,3245,2905,3056,2858,8116.129032,8012.295082,7203.960396,12980.000000,8300.000000,10000.384986,7855.456750,0.001174,0.123465,0.052436,0.442536,0.084967,0.222064,0.033935
1019800,94.8169,39,Ring_C3_Open,Ring,open,3,0.8169,Ring cycle 3: OPEN,2897,2887,2790,3261,2905,3059,2855,8221.869783,8125.662252,7268.965517,13294.244604,8300.000000,10039.189189,7828.225806,0.014218,0.139361,0.061933,0.477460,0.084967,0.226806,0.030351
1019850,94.8278,39,Ring_C3_Open,Ring,open,3,0.8278,Ring cycle 3: OPEN,2893,2890,2780,3245,2899,3047,2848,8183.194676,8154.356846,7187.832700,12980.000000,8241.304348,9885.305344,7765.196472,0.009447,0.143385,0.050080,0.442536,0.077295,0.208001,0.022055
1019900,94.8719,39,Ring_C3_Open,Ring,open,3,0.8719,Ring cycle 3: OPEN,2891,2881,2764,3246,2906,3062,2857,8163.953488,8068.698517,7060.555973,12999.293286,8309.840202,10078.218780,7846.365105,0.007073,0.131374,0.031486,0.444680,0.086254,0.231575,0.032738
1019950,94.9264,39,Ring_C3_Open,Ring,open,3,0.9264,Ring cycle 3: OPEN,2888,2890,2784,3239,2904,3059,2854,8135.211268,8154.356846,7220.137300,12865.186916,8290.176322,10039.189189,7819.178082,0.003528,0.143385,0.054799,0.429776,0.083683,0.226806,0.029160
1020000,95.0788,39,Ring_C3_Open,Ring,open,3,1.0788,Ring cycle 3: OPEN,2890,2888,2798,3221,2894,3034,2849,8154.356846,8135.211268,7334.772552,12530.205950,8192.839301,9722.525919,7774.157303,0.005890,0.140700,0.071547,0.392548,0.070959,0.188109,0.023234
1020050,95.0788,39,Ring_C3_Open,Ring,open,3,1.0788,Ring cycle 3: OPEN,2881,2879,2795,3230,2905,3046,2855,8068.698517,8049.835526,7310.000000,12695.953757,8300.000000,9872.640610,7828.225806,-0.004677,0.128729,0.067928,0.410969,0.084967,0.206453,0.030351
1020100,95.0789,39,Ring_C3_Open,Ring,open,3,1.0789,Ring cycle 3: OPEN,2894,2890,2825,3234,2900,3054,2853,8192.839301,8154.356846,7562.992126,12770.731707,8251.046025,9974.639769,7810.144928,0.010637,0.143385,0.104888,0.419279,0.078568,0.218918,0.027971
1020150,95.1225,39,Ring_C3_Open,Ring,open,3,1.1225,Ring cycle 3: OPEN,2889,2885,2819,3242,2900,3179,2853,8144.776119,8106.611570,7511.442006,12922.391559,8251.046025,11799.781659,7810.144928,0.004708,0.136690,0.097357,0.436134,0.078568,0.441953,0.027971
1020200,95.3165,39,Ring_C3_Open,Ring,open,3,1.3165,Ring cycle 3: OPEN,2885,2876,2856,3307,2914,3277,2863,8106.611570,8021.657096,7837.288136,14268.781726,8389.161727,13620.782396,7901.136364,0.000000,0.124778,0.144960,0.585765,0.096622,0.664482,0.039947
1020250,95.3165,39,Ring_C3_Open,Ring,open,3,1.3165,Ring cycle 3: OPEN,2897,2885,2839,3385,2914,3279,2864,8221.869783,8106.611570,7685.191083,16209.859155,8389.161727,13662.500000,7910.316816,0.014218,0.136690,0.122740,0.801488,0.096622,0.669580,0.041156
1020300,95.3166,39,Ring_C3_Open,Ring,open,3,1.3166,Ring cycle 3: OPEN,2908,2893,2848,3497,2908,3240,2863,8329.570345,8183.194676,7765.196472,19882.608696,8329.570345,12884.210526,7901.136364,0.027503,0.147428,0.134428,1.209660,0.088833,0.574472,0.039947
1020350,95.3387,39,Ring_C3_Open,Ring,open,3,1.3387,Ring cycle 3: OPEN,2908,2887,2842,3446,2912,3194,2864,8329.570345,8125.662252,7711.731844,18053.004622,8369.230769,12052.830189,7910.316816,0.027503,0.139361,0.126617,1.006326,0.094017,0.472876,0.041156
1020400,95.3932,39,Ring_C3_Open,Ring,open,3,1.3932,Ring cycle 3: OPEN,2910,2901,2861,3439,2919,3201,2863,8349.367089,8260.804020,7882.820097,17824.085366,8439.285714,12173.825503,7901.136364,0.029945,0.158310,0.151612,0.980885,0.103175,0.487662,0.039947
1020450,95.4367,39,Ring_C3_Open,Ring,open,3,1.4367,Ring cycle 3: OPEN,2901,2899,2849,3435,2901,3201,2857,8260.804020,8241.304348,7774.157303,17695.454545,8260.804020,12173.825503,7846.365105,0.019021,0.155576,0.135737,0.966590,0.079844,0.487662,0.032738
1020500,95.5810,39,Ring_C3_Open,Ring,open,3,1.5810,Ring cycle 3: OPEN,2894,2892,2884,3351,2918,3204,2857,8192.839301,8173.566085,8097.109827,15313.709677,8429.226848,12226.262626,7846.365105,0.010637,0.146078,0.182918,0.701894,0.101860,0.494070,0.032738
1020550,95.5811,39,Ring_C3_Open,Ring,open,3,1.5811,Ring cycle 3: OPEN,2897,2897,2877,3347,2912,3132,2858,8221.869783,8221.869783,8031.034483,15213.636364,8369.230769,11057.943925,7855.456750,0.014218,0.152851,0.173265,0.690772,0.094017,0.351299,0.033935
1020600,95.5811,39,Ring_C3_Open,Ring,open,3,1.5811,Ring cycle 3: OPEN,2908,2898,2856,3379,2907,3145,2851,8329.570345,8231.578947,7837.288136,16045.530726,8319.696970,11255.789474,7792.122186,0.027503,0.154213,0.144960,0.783225,0.087542,0.375476,0.025599
1020650,95.6353,39,Ring_C3_Open,Ring,open,3,1.6353,Ring cycle 3: OPEN,2898,2890,2852,3319,2904,3182,2858,8231.578947,8154.356846,7801.126307,14542.010309,8290.176322,11849.726177,7855.456750,0.015415,0.143385,0.139677,0.616131,0.083683,0.448056,0.033935
1020700,95.6898,39,Ring_C3_Open,Ring,open,3,1.6898,Ring cycle 3: OPEN,2901,2894,2849,3296,2910,3208,2852,8260.804020,8192.839301,7774.157303,14025.531915,8349.367089,12296.730552,7801.126307,0.019021,0.148781,0.135737,0.558732,0.091421,0.502681,0.026784
1020750,95.8375,39,Ring_C3_Open,Ring,open,3,1.8375,Ring cycle 3: OPEN,2901,2900,2832,3321,2897,3194,2846,8260.804020,8251.046025,7623.752969,14588.372093,8221.869783,12052.830189,7747.317854,0.019021,0.156942,0.113764,0.621283,0.074754,0.472876,0.019702
1020800,95.8375,39,Ring_C3_Open,Ring,open,3,1.8375,Ring cycle 3: OPEN,2889,2892,2812,3337,2911,3176,2855,8144.776119,8173.566085,7451.909587,14968.073879,8359.290541,11750.163221,7828.225806,0.004708,0.146078,0.088659,0.663481,0.092718,0.435889,0.030351
1020850,95.8483,39,Ring_C3_Open,Ring,open,3,1.8483,Ring cycle 3: OPEN,2901,2904,2825,3300,2912,3175,2851,8260.804020,8290.176322,7562.992126,14113.207547,8369.230769,11733.695652,7792.122186,0.019021,0.162429,0.104888,0.568476,0.094017,0.433877,0.025599
1020900,95.8921,39,Ring_C3_Open,Ring,open,3,1.8921,Ring cycle 3: OPEN,2895,2905,2823,3241,2901,3160,2843,8202.500000,8300.000000,7545.754717,12903.278689,8260.804020,11490.909091,7720.607029,0.011828,0.163806,0.102369,0.434010,0.079844,0.404208,0.016186
1020950,95.9452,39,Ring_C3_Open,Ring,open,3,1.9452,Ring cycle 3: OPEN,2888,2888,2803,3240,2907,3149,2851,8135.211268,8135.211268,7376.315789,12884.210526,8319.696970,11317.758985,7792.122186,0.003528,0.140700,0.077616,0.431891,0.087542,0.383049,0.025599
1021000,96.0967,40,Ring_C3_Bend,Ring,bend,3,0.0967,Ring cycle 3: BEND Ring,2891,2892,2813,3292,2902,3139,2848,8163.953488,8173.566085,7460.374415,13938.729763,8270.578374,11163.807531,7765.196472,0.007073,0.146078,0.089896,0.549085,0.081121,0.364236,0.022055
1021050,96.0970,40,Ring_C3_Bend,Ring,bend,3,0.0970,Ring cycle 3: BEND Ring,2892,2893,2802,3179,2892,3139,2841,8173.566085,8183.194676,7367.981439,11799.781659,8173.566085,11163.807531,7702.870813,0.008259,0.147428,0.076398,0.311372,0.068440,0.364236,0.013852
1021100,96.0970,40,Ring_C3_Bend,Ring,bend,3,0.0970,Ring cycle 3: BEND Ring,2880,2887,2780,3275,2908,3109,2849,8059.259259,8125.662252,7187.832700,13579.268293,8329.570345,10720.689655,7774.157303,-0.005841,0.139361,0.050080,0.509136,0.088833,0.310086,0.023234
1021150,96.1298,40,Ring_C3_Bend,Ring,bend,3,0.1298,Ring cycle 3: BEND Ring,2895,2892,2776,3243,2901,3106,2845,8202.500000,8173.566085,7155.724033,12941.549296,8260.804020,10677.856421,7738.400000,0.011828,0.146078,0.045389,0.438263,0.079844,0.304852,0.018528
1021200,96.1734,40,Ring_C3_Bend,Ring,bend,3,0.1734,Ring cycle 3: BEND Ring,2893,2887,2771,3261,2890,3075,2838,8183.194676,8125.662252,7115.861027,13294.244604,8154.356846,10250.000000,7676.372315,0.009447,0.139361,0.039566,0.477460,0.065929,0.252567,0.010364
1021250,96.3578,40,Ring_C3_Bend,Ring,bend,3,0.3578,Ring cycle 3: BEND Ring,2882,2875,2779,3237,2901,3093,2836,8078.153339,8012.295082,7179.787234,12827.272727,8260.804020,10495.209581,7658.776807,-0.003510,0.123465,0.048905,0.425563,0.079844,0.282532,0.008048
1021300,96.3579,40,Ring_C3_Bend,Ring,bend,3,0.3579,Ring cycle 3: BEND Ring,2886,2883,2785,3247,2897,3081,2836,8116.129032,8087.623762,7228.244275,13018.632075,8221.869783,10330.769231,7658.776807,0.001174,0.134028,0.055984,0.446830,0.074754,0.262437,0.008048
1021350,96.3579,40,Ring_C3_Bend,Ring,bend,3,0.3579,Ring cycle 3: BEND Ring,2888,2877,2784,3291,2891,3036,2838,8135.211268,8031.034483,7220.137300,13917.164179,8163.953488,9747.308782,7676.372315,0.003528,0.126093,0.054799,0.546688,0.067183,0.191137,0.010364
1021400,96.3684,40,Ring_C3_Bend,Ring,bend,3,0.3684,Ring cycle 3: BEND Ring,2881,2866,2767,3202,2900,3033,2848,8068.698517,7928.722539,7084.186747,12191.265398,8251.046025,9710.169492,7765.196472,-0.004677,0.111747,0.034938,0.354880,0.078568,0.186599,0.022055
1021450,96.4451,40,Ring_C3_Bend,Ring,bend,3,0.4451,Ring cycle 3: BEND Ring,2892,2870,2800,3319,2900,3026,2843,8173.566085,7965.714286,7351.351351,14542.010309,8251.046025,9624.321796,7720.607029,0.008259,0.116934,0.073969,0.616131,0.078568,0.176108,0.016186
1021500,96.5978,40,Ring_C3_Bend,Ring,bend,3,0.5978,Ring cycle 3: BEND Ring,2892,2873,2794,3327,2892,3020,2836,8173.566085,7993.617021,7301.767871,14728.906250,8173.566085,9551.627907,7658.776807,0.008259,0.120846,0.066725,0.636901,0.068440,0.167225,0.008048
1021550,96.5979,40,Ring_C3_Bend,Ring,bend,3,0.5979,Ring cycle 3: BEND Ring,2885,2869,2770,3300,2898,3069,2845,8106.611570,7956.443719,7107.924528,14113.207547,8231.578947,10170.175439,7738.400000,0.000000,0.115634,0.038406,0.568476,0.076023,0.242812,0.018528
1021600,96.5979,40,Ring_C3_Bend,Ring,bend,3,0.5979,Ring cycle 3: BEND Ring,2890,2882,2775,3292,2897,3073,2840,8154.356846,8078.153339,7147.727273,13938.729763,8221.869783,10223.287671,7694.023904,0.005890,0.132700,0.044221,0.549085,0.074754,0.249303,0.012687
1021650,96.6518,40,Ring_C3_Bend,Ring,bend,3,0.6518,Ring cycle 3: BEND Ring,2887,2886,2784,3330,2889,3043,2832,8125.662252,8116.129032,7220.137300,14800.000000,8144.776119,9834.790875,7623.752969,0.002350,0.138024,0.054799,0.644802,0.064677,0.201828,0.003438
1021700,96.6740,40,Ring_C3_Bend,Ring,bend,3,0.6740,Ring cycle 3: BEND Ring,2878,2872,2773,3291,2898,3036,2841,8040.427280,7984.300899,7131.770045,13917.164179,8231.578947,9747.308782,7702.870813,-0.008164,0.119540,0.041890,0.546688,0.076023,0.191137,0.013852
1021750,96.8477,40,Ring_C3_Bend,Ring,bend,3,0.8477,Ring cycle 3: BEND Ring,2891,2877,2769,3275,2896,3061,2843,8163.953488,8031.034483,7100.000000,13579.268293,8212.176814,10065.183752,7720.607029,0.007073,0.126093,0.037248,0.509136,0.073487,0.229982,0.016186
1021800,96.8478,40,Ring_C3_Bend,Ring,bend,3,0.8478,Ring cycle 3: BEND Ring,2893,2870,2764,3270,2887,3017,2837,8183.194676,7965.714286,7060.555973,13476.363636,8125.662252,9515.584416,7667.567568,0.009447,0.116934,0.031486,0.497700,0.062178,0.162820,0.009205
1021850,96.8478,40,Ring_C3_Bend,Ring,bend,3,0.8478,Ring cycle 3: BEND Ring,2883,2856,2748,3172,2896,3006,2838,8087.623762,7837.288136,6936.302895,11684.507042,8212.176814,9385.123967,7676.372315,-0.002342,0.098926,0.013334,0.298561,0.073487,0.146878,0.010364
1021900,96.8805,40,Ring_C3_Bend,Ring,bend,3,0.8805,Ring cycle 3: BEND Ring,2887,2862,2771,3271,2893,2990,2843,8125.662252,7891.970803,7115.861027,13496.844660,8183.194676,9200.000000,7720.607029,0.002350,0.106594,0.039566,0.499976,0.069699,0.124255,0.016186
1021950,96.9243,40,Ring_C3_Bend,Ring,bend,3,0.9243,Ring cycle 3: BEND Ring,2894,2863,2771,3296,2888,2987,2839,8192.839301,7901.136364,7115.861027,14025.531915,8135.211268,9165.884477,7685.191083,0.010637,0.107879,0.039566,0.558732,0.063426,0.120086,0.011525
1022000,97.1051,40,Ring_C3_Bend,Ring,bend,3,1.1051,Ring cycle 3: BEND Ring,2882,2853,2767,3297,2899,2993,2844,8078.153339,7810.144928,7084.186747,14047.368421,8241.304348,9234.301270,7729.496403,-0.003510,0.095120,0.034938,0.561159,0.077295,0.128447,0.017356
1022050,97.1052,40,Ring_C3_Bend,Ring,bend,3,1.1052,Ring cycle 3: BEND Ring,2896,2862,2783,3302,2897,2995,2847,8212.176814,7891.970803,7212.042683,14157.377049,8221.869783,9257.272727,7756.250000,0.013022,0.106594,0.053617,0.573384,0.074754,0.131254,0.020878
1022100,97.1052,40,Ring_C3_Bend,Ring,bend,3,1.1052,Ring cycle 3: BEND Ring,2893,2864,2777,3336,2882,2994,2843,8183.194676,7910.316816,7163.732929,14943.873518,8078.153339,9245.776567,7720.607029,0.009447,0.109166,0.046559,0.660792,0.055968,0.129849,0.016186
1022150,97.1371,40,Ring_C3_Bend,Ring,bend,3,1.1371,Ring cycle 3: BEND Ring,2886,2869,2781,3352,2897,3009,2849,8116.129032,7956.443719,7195.890411,15338.896366,8221.869783,9420.441989,7774.157303,0.001174,0.115634,0.051257,0.704693,0.074754,0.151194,0.023234
1022200,97.1810,40,Ring_C3_Bend,Ring,bend,3,1.1810,Ring cycle 3: BEND Ring,2883,2872,2851,3400,2899,2996,2844,8087.623762,7984.300899,7792.122186,16633.093525,8241.304348,9268.789809,7729.496403,-0.002342,0.119540,0.138362,0.848524,0.077295,0.132662,0.017356
1022250,97.3557,40,Ring_C3_Bend,Ring,bend,3,1.3557,Ring cycle 3: BEND Ring,2891,2872,2868,3428,2896,3009,2839,8163.953488,7984.300899,7947.188264,17474.062969,8212.176814,9420.441989,7685.191083,0.007073,0.119540,0.161015,0.941985,0.073487,0.151194,0.011525
1022300,97.3557,40,Ring_C3_Bend,Ring,bend,3,1.3557,Ring cycle 3: BEND Ring,2882,2877,2829,3428,2905,3188,2852,8078.153339,8031.034483,7597.630332,17474.062969,8300.000000,11950.606395,7801.126307,-0.003510,0.126093,0.109948,0.941985,0.084967,0.460384,0.026784
1022350,97.3557,40,Ring_C3_Bend,Ring,bend,3,1.3557,Ring cycle 3: BEND Ring,2900,2894,2849,3404,2911,3223,2857,8251.046025,8192.839301,7774.157303,16749.059334,8359.290541,12566.743119,7846.365105,0.017817,0.148781,0.135737,0.861412,0.092718,0.535677,0.032738
1022400,97.3882,40,Ring_C3_Bend,Ring,bend,3,1.3882,Ring cycle 3: BEND Ring,2905,2932,2840,3322,2922,3198,2856,8300.000000,8571.625107,7694.023904,14611.642950,8469.565217,12121.739130,7837.288136,0.023856,0.201893,0.124030,0.623869,0.107133,0.481297,0.031544
1022450,97.4317,40,Ring_C3_Bend,Ring,bend,3,1.4317,Ring cycle 3: BEND Ring,2896,2946,2824,3322,2952,3222,2863,8212.176814,8717.493473,7554.366640,14611.642950,8781.102362,12548.453608,7901.136364,0.013022,0.222346,0.103627,0.623869,0.147857,0.533442,0.039947
1022500,97.6141,40,Ring_C3_Bend,Ring,bend,3,1.6141,Ring cycle 3: BEND Ring,2911,2960,2884,3369,2951,3260,2864,8359.290541,8866.960352,8097.109827,15777.685950,8770.454545,13274.251497,7910.316816,0.031169,0.243304,0.182918,0.753458,0.146465,0.622136,0.041156
1022550,97.6141,40,Ring_C3_Bend,Ring,bend,3,1.6141,Ring cycle 3: BEND Ring,2924,2986,2848,3348,2948,3196,2859,8489.837746,9154.553652,7765.196472,15238.554217,8738.622493,12087.208009,7864.563107,0.047273,0.283630,0.134428,0.693541,0.142304,0.477077,0.035134
1022600,97.6141,40,Ring_C3_Bend,Ring,bend,3,1.6141,Ring cycle 3: BEND Ring,2925,2959,2836,3335,2965,3179,2871,8500.000000,8856.161972,7658.776807,14919.736842,8921.238938,11799.781659,7975.000000,0.048527,0.241790,0.118881,0.658109,0.166175,0.441953,0.049669
1022650,97.6243,40,Ring_C3_Bend,Ring,bend,3,1.6243,Ring cycle 3: BEND Ring,2925,2959,2842,3317,2960,3205,2871,8500.000000,8856.161972,7711.731844,14495.886889,8866.960352,12243.820225,7975.000000,0.048527,0.241790,0.126617,0.611005,0.159080,0.496215,0.049669
1022700,97.6895,40,Ring_C3_Bend,Ring,bend,3,1.6895,Ring cycle 3: BEND Ring,2942,2949,2844,3273,2960,3209,2863,8675.455334,8749.214660,7729.496403,13537.956204,8866.960352,12314.446953,7901.136364,0.070170,0.226794,0.129212,0.504545,0.159080,0.504846,0.039947
1022750,97.8721,40,Ring_C3_Bend,Ring,bend,3,1.8721,Ring cycle 3: BEND Ring,2933,2917,2842,3259,2963,3246,2872,8581.927711,8419.185059,7711.731844,13254.306220,8899.469965,12999.293286,7984.300899,0.058633,0.180518,0.126617,0.473021,0.163329,0.588535,0.050894
1022800,97.8721,40,Ring_C3_Bend,Ring,bend,3,1.8721,Ring cycle 3: BEND Ring,2936,2919,2825,3289,2958,3157,2875,8612.942192,8439.285714,7562.992126,13874.193548,8845.382586,11443.283582,8012.295082,0.062459,0.183337,0.104888,0.541913,0.156259,0.398388,0.054578
1022850,97.8722,40,Ring_C3_Bend,Ring,bend,3,1.8722,Ring cycle 3: BEND Ring,2933,2928,2830,3272,2943,3158,2863,8581.927711,8530.591260,7606.324111,13517.375456,8685.937500,11459.124867,7901.136364,0.058633,0.196139,0.111218,0.502258,0.135417,0.400324,0.039947
1022900,97.8827,40,Ring_C3_Bend,Ring,bend,3,1.8827,Ring cycle 3: BEND Ring,2919,2910,2840,3270,2949,3156,2869,8439.285714,8349.367089,7694.023904,13476.363636,8749.214660,11427.476038,7956.443719,0.041037,0.170729,0.124030,0.497700,0.143688,0.396457,0.047227
1022950,97.9262,40,Ring_C3_Bend,Ring,bend,3,1.9262,Ring cycle 3: BEND Ring,2926,2926,2841,3267,2957,3152,2869,8510.179641,8510.179641,7702.870813,13415.217391,8834.622144,11364.581124,7956.443719,0.049783,0.193277,0.125323,0.490904,0.154853,0.388771,0.047227
1023000,98.1294,41,Ring_C4_Open,Ring,open,4,0.1294,Ring cycle 4: OPEN,2927,2914,2845,3248,2931,3121,2862,8520.376712,8389.161727,7738.400000,13038.016529,8561.340206,10894.661191,7891.970803,0.051040,0.176309,0.130513,0.448984,0.119129,0.331346,0.038741
1023050,98.1296,41,Ring_C4_Open,Ring,open,4,0.1296,Ring cycle 4: OPEN,2916,2916,2834,3265,2959,3135,2863,8409.160305,8409.160305,7641.237113,13374.698795,8856.161972,11103.125000,7901.136364,0.037321,0.179113,0.116319,0.486401,0.157668,0.356820,0.039947
1023100,98.1297,41,Ring_C4_Open,Ring,open,4,0.1297,Ring cycle 4: OPEN,2921,2919,2837,3273,2965,3133,2862,8459.454855,8439.285714,7667.567568,13537.956204,8921.238938,11072.972973,7891.970803,0.043525,0.183337,0.120165,0.504545,0.166175,0.353136,0.038741
1023150,98.1509,41,Ring_C4_Open,Ring,open,4,0.1509,Ring cycle 4: OPEN,2924,2920,2829,3271,2957,3101,2850,8489.837746,8449.361702,7597.630332,13496.844660,8834.622144,10607.042254,7783.132530,0.047273,0.184750,0.109948,0.499976,0.154853,0.296198,0.024416
1023200,98.1838,41,Ring_C4_Open,Ring,open,4,0.1838,Ring cycle 4: OPEN,2912,2901,2818,3262,2960,3097,2859,8369.230769,8260.804020,7502.897416,13314.285714,8866.960352,10550.901804,7864.563107,0.032396,0.158310,0.096108,0.479687,0.159080,0.289338,0.035134
1023250,98.2386,41,Ring_C4_Open,Ring,open,4,0.2386,Ring cycle 4: OPEN,2923,2909,2814,3265,2951,3083,2857,8479.692833,8339.460371,7468.852459,13374.698795,8770.454545,10357.905138,7846.365105,0.046022,0.169339,0.091135,0.486401,0.146465,0.265753,0.032738
1023300,98.3926,41,Ring_C4_Open,Ring,open,4,0.3926,Ring cycle 4: OPEN,2919,2898,2806,3237,2937,3033,2848,8439.285714,8231.578947,7401.396431,12827.272727,8623.316062,9710.169492,7765.196472,0.041037,0.154213,0.081280,0.425563,0.127231,0.186599,0.022055
1023350,98.3927,41,Ring_C4_Open,Ring,open,4,0.3927,Ring cycle 4: OPEN,2909,2899,2786,3246,2945,3028,2859,8339.460371,8241.304348,7236.363636,12999.293286,8706.956522,9648.734770,7864.563107,0.028723,0.155576,0.057170,0.444680,0.138164,0.179091,0.035134
1023400,98.3927,41,Ring_C4_Open,Ring,open,4,0.3927,Ring cycle 4: OPEN,2919,2923,2793,3240,2944,3042,2855,8439.285714,8479.692833,7293.548387,12884.210526,8696.437880,9822.222222,7828.225806,0.041037,0.189003,0.065524,0.431891,0.136789,0.200292,0.030351
1023450,98.4358,41,Ring_C4_Open,Ring,open,4,0.4358,Ring cycle 4: OPEN,2918,2925,2787,3239,2928,3021,2851,8429.226848,8500.000000,7244.495413,12865.186916,8530.591260,9563.687151,7792.122186,0.039797,0.191850,0.058358,0.429776,0.115110,0.168698,0.025599
1023500,98.6316,41,Ring_C4_Open,Ring,open,4,0.6316,Ring cycle 4: OPEN,2908,2912,2765,3239,2935,3030,2861,8329.570345,8369.230769,7068.421053,12865.186916,8602.586207,9673.239437,7882.820097,0.027503,0.173514,0.032635,0.429776,0.124521,0.182086,0.037537
1023550,98.6316,41,Ring_C4_Open,Ring,open,4,0.6316,Ring cycle 4: OPEN,2917,2923,2769,3240,2929,3020,2854,8419.185059,8479.692833,7100.000000,12884.210526,8540.823328,9551.627907,7819.178082,0.038558,0.189003,0.037248,0.431891,0.116447,0.167225,0.029160
1023600,98.6317,41,Ring_C4_Open,Ring,open,4,0.6317,Ring cycle 4: OPEN,2915,2918,2783,3242,2929,3005,2850,8399.152542,8429.226848,7212.042683,12922.391559,8540.823328,9373.394495,7783.132530,0.036087,0.181926,0.053617,0.436134,0.116447,0.145444,0.024416
1023650,98.6317,41,Ring_C4_Open,Ring,open,4,0.6317,Ring cycle 4: OPEN,2904,2906,2771,3243,2942,3004,2856,8290.176322,8309.840202,7115.861027,12941.549296,8675.455334,9361.686526,7837.288136,0.022644,0.165186,0.039566,0.438263,0.134046,0.144014,0.031544
1023700,98.6967,41,Ring_C4_Open,Ring,open,4,0.6967,Ring cycle 4: OPEN,2911,2913,2779,3215,2942,3020,2856,8359.290541,8379.187817,7179.787234,12421.590909,8675.455334,9551.627907,7837.288136,0.031169,0.174910,0.048905,0.380477,0.134046,0.167225,0.031544
1023750,98.7395,41,Ring_C4_Open,Ring,open,4,0.7395,Ring cycle 4: OPEN,2911,2910,2783,3245,2930,3028,2842,8359.290541,8349.367089,7212.042683,12980.000000,8551.072961,9648.734770,7711.731844,0.031169,0.170729,0.053617,0.442536,0.117787,0.179091,0.015018
1023800,98.8923,41,Ring_C4_Open,Ring,open,4,0.8923,Ring cycle 4: OPEN,2902,2906,2778,3236,2925,2984,2856,8270.578374,8309.840202,7171.753986,12808.381839,8500.000000,9131.953195,7837.288136,0.020226,0.165186,0.047731,0.423463,0.111111,0.115940,0.031544
1023850,98.8924,41,Ring_C4_Open,Ring,open,4,0.8924,Ring cycle 4: OPEN,2910,2912,2785,3245,2933,3032,2855,8349.367089,8369.230769,7228.244275,12980.000000,8581.927711,9697.836312,7828.225806,0.029945,0.173514,0.055984,0.442536,0.121821,0.185092,0.030351
1023900,98.8924,41,Ring_C4_Open,Ring,open,4,0.8924,Ring cycle 4: OPEN,2916,2904,2795,3224,2918,3024,2844,8409.160305,8290.176322,7310.000000,12585.074627,8429.226848,9600.000000,7729.496403,0.037321,0.162429,0.067928,0.398646,0.101860,0.173136,0.017356
1023950,98.9248,41,Ring_C4_Open,Ring,open,4,0.9248,Ring cycle 4: OPEN,2906,2894,2785,3242,2930,3044,2852,8309.840202,8192.839301,7228.244275,12922.391559,8551.072961,9847.383444,7801.126307,0.025069,0.148781,0.055984,0.436134,0.117787,0.203367,0.026784
1024000,98.9894,41,Ring_C4_Open,Ring,open,4,0.9894,Ring cycle 4: OPEN,2909,2902,2792,3244,2925,3010,2856,8339.460371,8270.578374,7285.341520,12960.752056,8500.000000,9432.258065,7837.288136,0.028723,0.159681,0.064325,0.440397,0.111111,0.152638,0.031544
1024050,99.1583,41,Ring_C4_Open,Ring,open,4,1.1583,Ring cycle 4: OPEN,2922,2908,2787,3235,2933,3069,2846,8469.565217,8329.570345,7244.495413,12789.534884,8581.927711,10170.175439,7747.317854,0.044773,0.167953,0.058358,0.421369,0.121821,0.242812,0.019702
1024100,99.1584,41,Ring_C4_Open,Ring,open,4,1.1584,Ring cycle 4: OPEN,2913,2895,2793,3224,2941,3042,2858,8379.187817,8202.500000,7293.548387,12585.074627,8664.991334,9822.222222,7855.456750,0.033624,0.150135,0.065524,0.398646,0.132679,0.200292,0.033935
1024150,99.1584,41,Ring_C4_Open,Ring,open,4,1.1584,Ring cycle 4: OPEN,2923,2912,2805,3229,2947,3159,2859,8479.692833,8369.230769,7393.023256,12677.367206,8728.048780,11475.000000,7864.563107,0.046022,0.173514,0.080057,0.408903,0.140921,0.402264,0.035134
1024200,99.1900,41,Ring_C4_Open,Ring,open,4,1.1900,Ring cycle 4: OPEN,2931,2915,2790,3232,2944,3230,2850,8561.340206,8399.152542,7268.965517,12733.256083,8696.437880,12695.953757,7783.132530,0.056094,0.177709,0.061933,0.415114,0.136789,0.551467,0.024416
1024250,99.2224,41,Ring_C4_Open,Ring,open,4,1.2224,Ring cycle 4: OPEN,2920,2916,2801,3278,2949,3270,2854,8449.361702,8409.160305,7359.659969,13641.615667,8749.214660,13476.363636,7819.178082,0.042280,0.179113,0.075183,0.516065,0.143688,0.646834,0.029160
1024300,99.4095,41,Ring_C4_Open,Ring,open,4,1.4095,Ring cycle 4: OPEN,2920,2926,2800,3335,2937,3296,2852,8449.361702,8510.179641,7351.351351,14919.736842,8623.316062,14025.531915,7801.126307,0.042280,0.193277,0.073969,0.658109,0.127231,0.713943,0.026784
1024350,99.4095,41,Ring_C4_Open,Ring,open,4,1.4095,Ring cycle 4: OPEN,2930,2937,2807,3402,2923,3271,2847,8551.072961,8623.316062,7409.782609,16690.909091,8479.692833,13496.844660,7756.250000,0.054827,0.209141,0.082505,0.854949,0.108457,0.649337,0.020878
1024400,99.4095,41,Ring_C4_Open,Ring,open,4,1.4095,Ring cycle 4: OPEN,2920,2929,2816,3385,2934,3235,2858,8449.361702,8540.823328,7485.848319,16209.859155,8592.248062,12789.534884,7855.456750,0.042280,0.197574,0.093618,0.801488,0.123170,0.562902,0.033935
1024450,99.4316,41,Ring_C4_Open,Ring,open,4,1.4316,Ring cycle 4: OPEN,2921,2959,2812,3422,2926,3222,2856,8459.454855,8856.161972,7451.909587,17287.964339,8510.179641,12548.453608,7837.288136,0.043525,0.241790,0.088659,0.921303,0.112442,0.533442,0.031544
1024500,99.4860,41,Ring_C4_Open,Ring,open,4,1.4860,Ring cycle 4: OPEN,2925,2953,2788,3468,2926,3218,2849,8500.000000,8791.768827,7252.639633,18805.741627,8510.179641,12475.712657,7774.157303,0.048527,0.232761,0.059548,1.089982,0.112442,0.524553,0.023234
1024550,99.5189,41,Ring_C4_Open,Ring,open,4,1.5189,Ring cycle 4: OPEN,2919,2943,2812,3572,2929,3277,2854,8439.285714,8685.937500,7451.909587,23221.414914,8540.823328,13620.782396,7819.178082,0.041037,0.217922,0.088659,1.580719,0.116447,0.664482,0.029160
1024600,99.6627,41,Ring_C4_Open,Ring,open,4,1.6627,Ring cycle 4: OPEN,2917,2949,2802,3501,2919,3264,2849,8419.185059,8749.214660,7367.981439,20039.393939,8439.285714,13354.512635,7774.157303,0.038558,0.226794,0.076398,1.227084,0.103175,0.631944,0.023234
1024650,99.6628,41,Ring_C4_Open,Ring,open,4,1.6628,Ring cycle 4: OPEN,2914,2937,2819,3456,2909,3200,2841,8389.161727,8623.316062,7511.442006,18388.732394,8339.460371,12156.424581,7702.870813,0.034854,0.209141,0.097357,1.043637,0.090126,0.485535,0.013852
1024700,99.6847,41,Ring_C4_Open,Ring,open,4,1.6847,Ring cycle 4: OPEN,2907,2932,2807,3432,2925,3208,2849,8319.696970,8571.625107,7409.782609,17600.000000,8500.000000,12296.730552,7774.157303,0.026285,0.201893,0.082505,0.955981,0.111111,0.502681,0.023234
1024750,99.7284,41,Ring_C4_Open,Ring,open,4,1.7284,Ring cycle 4: OPEN,2903,2943,2805,3391,2926,3163,2848,8280.369128,8685.937500,7393.023256,16376.988636,8510.179641,11538.841202,7765.196472,0.021434,0.217922,0.080057,0.820062,0.112442,0.410066,0.022055
1024800,99.9198,41,Ring_C4_Open,Ring,open,4,1.9198,Ring cycle 4: OPEN,2924,2944,2800,3386,2910,3155,2845,8489.837746,8696.437880,7351.351351,16237.517630,8349.367089,11411.702128,7738.400000,0.047273,0.219394,0.073969,0.804561,0.091421,0.394529,0.018528
1024850,99.9199,41,Ring_C4_Open,Ring,open,4,1.9199,Ring cycle 4: OPEN,2921,2921,2782,3349,2924,3118,2858,8459.454855,8459.454855,7203.960396,15263.538874,8489.837746,10850.767656,7855.456750,0.043525,0.186165,0.052436,0.696318,0.109783,0.325982,0.033935
1024900,99.9199,41,Ring_C4_Open,Ring,open,4,1.9199,Ring cycle 4: OPEN,2923,2928,2803,3286,2925,3136,2854,8479.692833,8530.591260,7376.315789,13810.135970,8500.000000,11118.248175,7819.178082,0.046022,0.196139,0.077616,0.534794,0.111111,0.358668,0.029160
1024950,99.9310,41,Ring_C4_Open,Ring,open,4,1.9310,Ring cycle 4: OPEN,2922,2927,2817,3326,2919,3184,2846,8469.565217,8520.376712,7494.366197,14705.331599,8439.285714,11883.205269,7747.317854,0.044773,0.194707,0.094862,0.634281,0.103175,0.452147,0.019702
1025000,99.9852,41,Ring_C4_Open,Ring,open,4,1.9852,Ring cycle 4: OPEN,2921,2919,2807,3298,2922,3144,2857,8459.454855,8439.285714,7409.782609,14069.259724,8469.565217,11240.378549,7846.365105,0.043525,0.183337,0.082505,0.563591,0.107133,0.373593,0.032738
1025050,100.0254,42,Ring_C4_Bend,Ring,bend,4,0.0254,Ring cycle 4: BEND Ring,2921,2923,2810,3281,2925,3174,2855,8459.454855,8479.692833,7435.019455,13704.422604,8500.000000,11717.263844,7828.225806,0.043525,0.189003,0.086192,0.523045,0.111111,0.431869,0.030351
1025100,100.1791,42,Ring_C4_Bend,Ring,bend,4,0.1791,Ring cycle 4: BEND Ring,2911,2913,2805,3487,2914,3163,2851,8359.290541,8379.187817,7393.023256,19499.671053,8389.161727,11538.841202,7792.122186,0.031169,0.174910,0.080057,1.167102,0.096622,0.410066,0.025599
1025150,100.1792,42,Ring_C4_Bend,Ring,bend,4,0.1792,Ring cycle 4: BEND Ring,2900,2899,2794,3361,2926,3171,2855,8251.046025,8241.304348,7301.767871,15568.664850,8510.179641,11668.181818,7828.225806,0.017817,0.155576,0.066725,0.730228,0.112442,0.425871,0.030351
1025200,100.1899,42,Ring_C4_Bend,Ring,bend,4,0.1899,Ring cycle 4: BEND Ring,2917,2911,2800,3270,2923,3157,2853,8419.185059,8359.290541,7351.351351,13476.363636,8479.692833,11443.283582,7810.144928,0.038558,0.172120,0.073969,0.497700,0.108457,0.398388,0.027971
1025250,100.2225,42,Ring_C4_Bend,Ring,bend,4,0.2225,Ring cycle 4: BEND Ring,2922,2911,2798,3305,2910,3115,2846,8469.565217,8359.290541,7334.772552,14224.050633,8349.367089,10807.142857,7747.317854,0.044773,0.172120,0.071547,0.580794,0.091421,0.320651,0.019702
1025300,100.2772,42,Ring_C4_Bend,Ring,bend,4,0.2772,Ring cycle 4: BEND Ring,2904,2896,2797,3313,2921,3122,2847,8290.176322,8212.176814,7326.502311,14404.347826,8459.454855,10909.352518,7756.250000,0.022644,0.151492,0.070338,0.600832,0.105811,0.333141,0.020878
1025350,100.4189,42,Ring_C4_Bend,Ring,bend,4,0.4189,Ring cycle 4: BEND Ring,2913,2912,2798,3242,2917,3152,2847,8379.187817,8369.230769,7334.772552,12922.391559,8419.185059,11364.581124,7756.250000,0.033624,0.173514,0.071547,0.436134,0.100547,0.388771,0.020878
1025400,100.4190,42,Ring_C4_Bend,Ring,bend,4,0.4190,Ring cycle 4: BEND Ring,2910,2904,2799,3226,2905,3106,2840,8349.367089,8290.176322,7343.055556,12621.864212,8300.000000,10677.856421,7694.023904,0.029945,0.162429,0.072757,0.402735,0.084967,0.304852,0.012687
1025450,100.4190,42,Ring_C4_Bend,Ring,bend,4,0.4190,Ring cycle 4: BEND Ring,2907,2897,2779,3184,2918,3112,2847,8319.696970,8221.869783,7179.787234,11883.205269,8429.226848,10763.784334,7756.250000,0.026285,0.152851,0.048905,0.320644,0.101860,0.315352,0.020878
1025500,100.4957,42,Ring_C4_Bend,Ring,bend,4,0.4957,Ring cycle 4: BEND Ring,2910,2900,2786,3166,2916,3123,2850,8349.367089,8251.046025,7236.363636,11587.082885,8409.160305,10924.074074,7783.132530,0.029945,0.156942,0.057170,0.287734,0.099237,0.334940,0.024416
1025550,100.6692,42,Ring_C4_Bend,Ring,bend,4,0.6692,Ring cycle 4: BEND Ring,2907,2900,2792,3181,2902,3101,2839,8319.696970,8251.046025,7285.341520,11833.041575,8270.578374,10607.042254,7685.191083,0.026285,0.156942,0.064325,0.315069,0.081121,0.296198,0.011525
1025600,100.6693,42,Ring_C4_Bend,Ring,bend,4,0.6693,Ring cycle 4: BEND Ring,2895,2887,2787,3203,2913,3094,2847,8202.500000,8125.662252,7244.495413,12208.744395,8379.187817,10509.090909,7756.250000,0.011828,0.139361,0.058358,0.356822,0.095319,0.284228,0.020878
1025650,100.6693,42,Ring_C4_Bend,Ring,bend,4,0.6693,Ring cycle 4: BEND Ring,2891,2899,2787,3274,2912,3050,2846,8163.953488,8241.304348,7244.495413,13558.587089,8369.230769,9923.444976,7747.317854,0.007073,0.155576,0.058358,0.506838,0.094017,0.212661,0.019702
1025700,100.6693,42,Ring_C4_Bend,Ring,bend,4,0.6693,Ring cycle 4: BEND Ring,2896,2897,2785,3274,2903,3082,2833,8212.176814,8221.869783,7228.244275,13558.587089,8280.369128,10344.323791,7632.488114,0.013022,0.152851,0.055984,0.506838,0.082401,0.264094,0.004588
1025750,100.7343,42,Ring_C4_Bend,Ring,bend,4,0.7343,Ring cycle 4: BEND Ring,2894,2881,2769,3185,2910,3049,2847,8192.839301,8068.698517,7100.000000,11900.000000,8349.367089,9910.707457,7756.250000,0.010637,0.131374,0.037248,0.322510,0.091421,0.211105,0.020878
1025800,100.7779,42,Ring_C4_Bend,Ring,bend,4,0.7779,Ring cycle 4: BEND Ring,2902,2895,2782,3181,2914,3025,2845,8270.578374,8202.500000,7203.960396,11833.041575,8389.161727,9612.149533,7738.400000,0.020226,0.150135,0.052436,0.315069,0.096622,0.174621,0.018528
1025850,100.9308,42,Ring_C4_Bend,Ring,bend,4,0.9308,Ring cycle 4: BEND Ring,2900,2897,2776,3177,2901,3019,2838,8251.046025,8221.869783,7155.724033,11766.666667,8260.804020,9539.591078,7676.372315,0.017817,0.152851,0.045389,0.307692,0.079844,0.165754,0.010364
1025900,100.9309,42,Ring_C4_Bend,Ring,bend,4,0.9309,Ring cycle 4: BEND Ring,2889,2879,2767,3271,2917,3106,2842,8144.776119,8049.835526,7084.186747,13496.844660,8419.185059,10677.856421,7711.731844,0.004708,0.128729,0.034938,0.499976,0.100547,0.304852,0.015018
1025950,100.9309,42,Ring_C4_Bend,Ring,bend,4,0.9309,Ring cycle 4: BEND Ring,2891,2894,2779,3350,2916,3152,2846,8163.953488,8192.839301,7179.787234,15288.590604,8409.160305,11364.581124,7747.317854,0.007073,0.148781,0.048905,0.699102,0.099237,0.388771,0.019702
1026000,100.9963,42,Ring_C4_Bend,Ring,bend,4,0.9963,Ring cycle 4: BEND Ring,2895,2889,2791,3371,2901,3123,2836,8202.500000,8144.776119,7277.147239,15830.662983,8260.804020,10924.074074,7658.776807,0.011828,0.142041,0.063128,0.759346,0.079844,0.334940,0.008048
1026050,101.0289,42,Ring_C4_Bend,Ring,bend,4,1.0289,Ring cycle 4: BEND Ring,2888,2872,2810,3430,2918,3080,2843,8135.211268,7984.300899,7435.019455,17536.842105,8429.226848,10317.241379,7720.607029,0.003528,0.119540,0.086192,0.948962,0.101860,0.260784,0.016186
1026100,101.1871,42,Ring_C4_Bend,Ring,bend,4,1.1871,Ring cycle 4: BEND Ring,2895,2874,2836,3425,2912,3080,2844,8202.500000,8002.948403,7658.776807,17380.597015,8369.230769,10317.241379,7729.496403,0.011828,0.122155,0.118881,0.931598,0.094017,0.260784,0.017356
1026150,101.1871,42,Ring_C4_Bend,Ring,bend,4,1.1871,Ring cycle 4: BEND Ring,2892,2887,2836,3444,2894,3040,2834,8173.566085,8125.662252,7658.776807,17987.096774,8192.839301,9797.156398,7641.237113,0.008259,0.139361,0.118881,0.999001,0.070959,0.197229,0.005740
1026200,101.1871,42,Ring_C4_Bend,Ring,bend,4,1.1871,Ring cycle 4: BEND Ring,2887,2879,2805,3385,2902,3139,2844,8125.662252,8049.835526,7393.023256,16209.859155,8270.578374,11163.807531,7729.496403,0.002350,0.128729,0.080057,0.801488,0.081121,0.364236,0.017356
1026250,101.2311,42,Ring_C4_Bend,Ring,bend,4,1.2311,Ring cycle 4: BEND Ring,2890,2897,2839,3320,2924,3198,2847,8154.356846,8221.869783,7685.191083,14565.161290,8489.837746,12121.739130,7756.250000,0.005890,0.152851,0.122740,0.618704,0.109783,0.481297,0.020878
1026300,101.2853,42,Ring_C4_Bend,Ring,bend,4,1.2853,Ring cycle 4: BEND Ring,2898,2903,2824,3269,2911,3189,2841,8231.578947,8280.369128,7554.366640,13455.932203,8359.290541,11967.549669,7702.870813,0.015415,0.161054,0.103627,0.495429,0.092718,0.462454,0.013852
1026350,101.4391,42,Ring_C4_Bend,Ring,bend,4,1.4391,Ring cycle 4: BEND Ring,2892,2889,2819,3341,2926,3220,2847,8173.566085,8144.776119,7511.442006,15065.517241,8510.179641,12512.000000,7756.250000,0.008259,0.142041,0.097357,0.674311,0.112442,0.528987,0.020878
1026400,101.4391,42,Ring_C4_Bend,Ring,bend,4,1.4391,Ring cycle 4: BEND Ring,2904,2920,2824,3297,2909,3146,2852,8290.176322,8449.361702,7554.366640,14047.368421,8339.460371,11271.232877,7801.126307,0.022644,0.184750,0.103627,0.561159,0.090126,0.377363,0.026784
1026450,101.4391,42,Ring_C4_Bend,Ring,bend,4,1.4391,Ring cycle 4: BEND Ring,2911,2907,2832,3287,2926,3220,2847,8359.290541,8319.696970,7623.752969,13831.435644,8510.179641,12512.000000,7756.250000,0.031169,0.166568,0.113764,0.537161,0.112442,0.528987,0.020878
1026500,101.4934,42,Ring_C4_Bend,Ring,bend,4,1.4934,Ring cycle 4: BEND Ring,2901,2888,2813,3253,2927,3229,2851,8260.804020,8135.211268,7460.374415,13135.629454,8520.376712,12677.367206,7792.122186,0.019021,0.140700,0.089896,0.459832,0.113775,0.549195,0.025599
1026550,101.5257,42,Ring_C4_Bend,Ring,bend,4,1.5257,Ring cycle 4: BEND Ring,2899,2894,2819,3304,2926,3159,2846,8241.304348,8192.839301,7511.442006,14201.769912,8510.179641,11475.000000,7747.317854,0.016615,0.148781,0.097357,0.578318,0.112442,0.402264,0.019702
1026600,101.6900,42,Ring_C4_Bend,Ring,bend,4,1.6900,Ring cycle 4: BEND Ring,2899,2896,2814,3292,2917,3139,2835,8241.304348,8212.176814,7468.852459,13938.729763,8419.185059,11163.807531,7650.000000,0.016615,0.151492,0.091135,0.549085,0.100547,0.364236,0.006893
1026650,101.6901,42,Ring_C4_Bend,Ring,bend,4,1.6901,Ring cycle 4: BEND Ring,2892,2886,2806,3267,2936,3167,2848,8173.566085,8116.129032,7401.396431,13415.217391,8612.942192,11603.232759,7765.196472,0.008259,0.138024,0.081280,0.490904,0.125875,0.417934,0.022055
1026700,101.6901,42,Ring_C4_Bend,Ring,bend,4,1.6901,Ring cycle 4: BEND Ring,2899,2891,2804,3386,2931,3146,2846,8241.304348,8163.953488,7384.663052,16237.517630,8561.340206,11271.232877,7747.317854,0.016615,0.144730,0.078835,0.804561,0.119129,0.377363,0.019702
1026750,101.7443,42,Ring_C4_Bend,Ring,bend,4,1.7443,Ring cycle 4: BEND Ring,2900,2882,2797,3338,2914,3106,2837,8251.046025,8078.153339,7326.502311,14992.338177,8389.161727,10677.856421,7667.567568,0.017817,0.132700,0.070338,0.666178,0.096622,0.304852,0.009205
1026800,101.7876,42,Ring_C4_Bend,Ring,bend,4,1.7876,Ring cycle 4: BEND Ring,2888,2863,2778,3297,2924,3112,2844,8135.211268,7901.136364,7171.753986,14047.368421,8489.837746,10763.784334,7729.496403,0.003528,0.107879,0.047731,0.561159,0.109783,0.315352,0.017356
1026850,101.9441,42,Ring_C4_Bend,Ring,bend,4,1.9441,Ring cycle 4: BEND Ring,2895,2870,2785,3337,2928,3103,2846,8202.500000,7965.714286,7228.244275,14968.073879,8530.591260,10635.282258,7747.317854,0.011828,0.116934,0.055984,0.663481,0.115110,0.299649,0.019702
1026900,101.9442,42,Ring_C4_Bend,Ring,bend,4,1.9442,Ring cycle 4: BEND Ring,2897,2867,2794,3386,2909,3069,2836,8221.869783,7937.947883,7301.767871,16237.517630,8339.460371,10170.175439,7658.776807,0.014218,0.113040,0.066725,0.804561,0.090126,0.242812,0.008048
1026950,101.9442,42,Ring_C4_Bend,Ring,bend,4,1.9442,Ring cycle 4: BEND Ring,2888,2847,2775,3304,2913,3072,2844,8135.211268,7756.250000,7147.727273,14201.769912,8379.187817,10209.970674,7729.496403,0.003528,0.087563,0.044221,0.578318,0.095319,0.247675,0.017356
1027000,101.9987,42,Ring_C4_Bend,Ring,bend,4,1.9987,Ring cycle 4: BEND Ring,2899,2861,2781,3210,2914,3069,2841,8241.304348,7882.820097,7195.890411,12332.203390,8389.161727,10170.175439,7702.870813,0.016615,0.105310,0.051257,0.370543,0.096622,0.242812,0.013852
1027050,102.0501,43,Ring_C5_Open,Ring,open,5,0.0501,Ring cycle 5: OPEN,2892,2858,2781,3312,2906,3043,2834,8173.566085,7855.456750,7195.890411,14381.609195,8309.840202,9834.790875,7641.237113,0.008259,0.101474,0.051257,0.598304,0.086254,0.201828,0.005740
1027100,102.2063,43,Ring_C5_Open,Ring,open,5,0.2063,Ring cycle 5: OPEN,2890,2847,2784,3211,2922,3056,2847,8154.356846,7756.250000,7220.137300,12350.000000,8469.565217,10000.384986,7756.250000,0.005890,0.087563,0.054799,0.372521,0.107133,0.222064,0.020878
1027150,102.2063,43,Ring_C5_Open,Ring,open,5,0.2063,Ring cycle 5: OPEN,2892,2854,2796,3199,2915,3057,2846,8173.566085,7819.178082,7318.244804,12139.062500,8399.152542,10013.294798,7747.317854,0.008259,0.096387,0.069132,0.349078,0.097928,0.223641,0.019702
1027200,102.2064,43,Ring_C5_Open,Ring,open,5,0.2064,Ring cycle 5: OPEN,2896,2851,2798,3260,2904,3052,2835,8212.176814,7792.122186,7334.772552,13274.251497,8290.176322,9948.993289,7650.000000,0.013022,0.092593,0.071547,0.475238,0.083683,0.215784,0.006893
1027250,102.2166,43,Ring_C5_Open,Ring,open,5,0.2166,Ring cycle 5: OPEN,2895,2841,2779,3213,2916,3052,2844,8202.500000,7702.870813,7179.787234,12385.714286,8409.160305,9948.993289,7729.496403,0.011828,0.080078,0.048905,0.376490,0.099237,0.215784,0.017356
1027300,102.2810,43,Ring_C5_Open,Ring,open,5,0.2810,Ring cycle 5: OPEN,2901,2846,2788,3228,2910,3054,2835,8260.804020,7747.317854,7252.639633,12658.823529,8349.367089,9974.639769,7650.000000,0.019021,0.086311,0.059548,0.406842,0.091421,0.218918,0.006893
1027350,102.4506,43,Ring_C5_Open,Ring,open,5,0.4506,Ring cycle 5: OPEN,2898,2849,2791,3211,2897,3055,2832,8231.578947,7774.157303,7277.147239,12350.000000,8221.869783,9987.500000,7623.752969,0.015415,0.090074,0.063128,0.372521,0.074754,0.220489,0.003438
1027400,102.4507,43,Ring_C5_Open,Ring,open,5,0.4507,Ring cycle 5: OPEN,2895,2837,2775,3211,2912,3045,2836,8202.500000,7667.567568,7147.727273,12350.000000,8369.230769,9860.000000,7658.776807,0.011828,0.075128,0.044221,0.372521,0.094017,0.204908,0.008048
1027450,102.4507,43,Ring_C5_Open,Ring,open,5,0.4507,Ring cycle 5: OPEN,2899,2847,2783,3204,2909,3030,2837,8241.304348,7756.250000,7212.042683,12226.262626,8339.460371,9673.239437,7667.567568,0.016615,0.087563,0.053617,0.358769,0.090126,0.182086,0.009205
1027500,102.4721,43,Ring_C5_Open,Ring,open,5,0.4721,Ring cycle 5: OPEN,2900,2844,2783,3198,2899,3028,2827,8251.046025,7729.496403,7212.042683,12121.739130,8241.304348,9648.734770,7580.283912,0.017817,0.083812,0.053617,0.347153,0.077295,0.179091,-0.002283
1027550,102.5492,43,Ring_C5_Open,Ring,open,5,0.5492,Ring cycle 5: OPEN,2899,2836,2773,3387,2914,3031,2836,8241.304348,7658.776807,7131.770045,16265.254237,8389.161727,9685.526316,7658.776807,0.016615,0.073896,0.041890,0.807644,0.096622,0.183587,0.008048
1027600,102.7000,43,Ring_C5_Open,Ring,open,5,0.7000,Ring cycle 5: OPEN,2896,2846,2786,3266,2908,3025,2836,8212.176814,7747.317854,7236.363636,13394.933655,8329.570345,9612.149533,7658.776807,0.013022,0.086311,0.057170,0.488650,0.088833,0.174621,0.008048
1027650,102.7001,43,Ring_C5_Open,Ring,open,5,0.7001,Ring cycle 5: OPEN,2897,2849,2773,3268,2895,3024,2834,8221.869783,7774.157303,7131.770045,13435.550181,8202.500000,9600.000000,7641.237113,0.014218,0.090074,0.041890,0.493164,0.072222,0.173136,0.005740
1027700,102.7001,43,Ring_C5_Open,Ring,open,5,0.7001,Ring cycle 5: OPEN,2898,2840,2769,3241,2909,3023,2839,8231.578947,7694.023904,7100.000000,12903.278689,8339.460371,9587.873134,7685.191083,0.015415,0.078838,0.037248,0.434010,0.090126,0.171654,0.011525
1027750,102.7323,43,Ring_C5_Open,Ring,open,5,0.7323,Ring cycle 5: OPEN,2898,2844,2774,3249,2905,3011,2837,8231.578947,7729.496403,7139.742619,13057.446809,8300.000000,9444.095941,7667.567568,0.015415,0.083812,0.043055,0.451143,0.084967,0.154084,0.009205
1027800,102.7760,43,Ring_C5_Open,Ring,open,5,0.7760,Ring cycle 5: OPEN,2901,2841,2773,3305,2894,3024,2830,8260.804020,7702.870813,7131.770045,14224.050633,8192.839301,9600.000000,7606.324111,0.019021,0.080078,0.041890,0.580794,0.070959,0.173136,0.001144
1027850,102.8200,43,Ring_C5_Open,Ring,open,5,0.8200,Ring cycle 5: OPEN,2898,2831,2770,3193,2909,3052,2840,8231.578947,7615.031646,7107.924528,12035.698448,8339.460371,9948.993289,7694.023904,0.015415,0.067762,0.038406,0.337591,0.090126,0.215784,0.012687
1027900,102.9676,43,Ring_C5_Open,Ring,open,5,0.9676,Ring cycle 5: OPEN,2907,2835,2800,3244,2911,3086,2843,8319.696970,7650.000000,7351.351351,12960.752056,8359.290541,10398.810704,7720.607029,0.026285,0.072665,0.073969,0.440397,0.092718,0.270752,0.016186
1027950,102.9677,43,Ring_C5_Open,Ring,open,5,0.9677,Ring cycle 5: OPEN,2918,2838,2827,3260,2896,3213,2842,8429.226848,7676.372315,7580.283912,13274.251497,8212.176814,12385.714286,7711.731844,0.039797,0.076363,0.107414,0.475238,0.073487,0.513555,0.015018
1028000,102.9785,43,Ring_C5_Open,Ring,open,5,0.9785,Ring cycle 5: OPEN,2920,2835,2788,3309,2902,3254,2851,8449.361702,7650.000000,7252.639633,14313.740458,8270.578374,13155.291320,7792.122186,0.042280,0.072665,0.059548,0.590762,0.081121,0.607598,0.025599
1028050,103.0440,43,Ring_C5_Open,Ring,open,5,1.0440,Ring cycle 5: OPEN,2922,2848,2814,3379,2895,3215,2857,8469.565217,7765.196472,7468.852459,16045.530726,8202.500000,12421.590909,7846.365105,0.044773,0.088818,0.091135,0.783225,0.072222,0.517939,0.032738
1028100,103.2231,43,Ring_C5_Open,Ring,open,5,1.2231,Ring cycle 5: OPEN,2923,2846,2809,3526,2890,3213,2846,8479.692833,7747.317854,7426.594090,21069.244288,8154.356846,12385.714286,7747.317854,0.046022,0.086311,0.084961,1.341537,0.065929,0.513555,0.019702
1028150,103.2232,43,Ring_C5_Open,Ring,open,5,1.2232,Ring cycle 5: OPEN,2941,2844,2805,3472,2898,3230,2859,8664.991334,7729.496403,7393.023256,18948.314607,8231.578947,12695.953757,7864.563107,0.068880,0.083812,0.080057,1.105827,0.076023,0.551467,0.035134
1028200,103.2232,43,Ring_C5_Open,Ring,open,5,1.2232,Ring cycle 5: OPEN,2956,2864,2813,3468,2901,3161,2860,8823.880597,7910.316816,7460.374415,18805.741627,8260.804020,11506.852248,7873.684211,0.088480,0.109166,0.089896,1.089982,0.079844,0.406156,0.036334
1028250,103.2452,43,Ring_C5_Open,Ring,open,5,1.2452,Ring cycle 5: OPEN,2959,2872,2816,3364,2896,3187,2849,8856.161972,7984.300899,7485.848319,15646.511628,8212.176814,11933.700441,7774.157303,0.092462,0.119540,0.093618,0.738880,0.073487,0.458318,0.023234
1028300,103.2985,43,Ring_C5_Open,Ring,open,5,1.2985,Ring cycle 5: OPEN,2947,2869,2826,3289,2903,3215,2854,8728.048780,7956.443719,7571.631206,13874.193548,8280.369128,12421.590909,7819.178082,0.076658,0.115634,0.106150,0.541913,0.082401,0.517939,0.029160
1028350,103.3303,43,Ring_C5_Open,Ring,open,5,1.3303,Ring cycle 5: OPEN,2947,2887,2819,3443,2899,3168,2854,8728.048780,8125.662252,7511.442006,17954.294479,8241.304348,11619.417476,7819.178082,0.076658,0.139361,0.097357,0.995356,0.077295,0.419912,0.029160
1028400,103.4792,43,Ring_C5_Open,Ring,open,5,1.4792,Ring cycle 5: OPEN,2949,2882,2803,3397,2892,3148,2845,8749.214660,8078.153339,7376.315789,16546.991404,8173.566085,11302.217529,7738.400000,0.079269,0.132700,0.077616,0.838955,0.068440,0.381150,0.018528
1028450,103.4793,43,Ring_C5_Open,Ring,open,5,1.4793,Ring cycle 5: OPEN,2946,2865,2793,3369,2900,3133,2853,8717.493473,7919.512195,7293.548387,15777.685950,8251.046025,11072.972973,7810.144928,0.075356,0.110455,0.065524,0.753458,0.078568,0.353136,0.027971
1028500,103.4793,43,Ring_C5_Open,Ring,open,5,1.4793,Ring cycle 5: OPEN,2944,2868,2802,3290,2898,3165,2852,8696.437880,7947.188264,7367.981439,13895.652174,8231.578947,11570.967742,7801.126307,0.072759,0.114336,0.076398,0.544298,0.076023,0.413992,0.026784
1028550,103.5446,43,Ring_C5_Open,Ring,open,5,1.5446,Ring cycle 5: OPEN,2942,2860,2791,3382,2890,3150,2846,8675.455334,7873.684211,7277.147239,16127.349229,8154.356846,11333.333333,7747.317854,0.070170,0.104029,0.063128,0.792318,0.065929,0.384952,0.019702
1028600,103.5881,43,Ring_C5_Open,Ring,open,5,1.5881,Ring cycle 5: OPEN,2935,2851,2783,3249,2902,3147,2854,8602.586207,7792.122186,7212.042683,13057.446809,8270.578374,11286.708861,7819.178082,0.061181,0.092593,0.053617,0.451143,0.081121,0.379255,0.029160
1028650,103.7307,43,Ring_C5_Open,Ring,open,5,1.7307,Ring cycle 5: OPEN,2938,2862,2794,3223,2893,3152,2853,8633.707865,7891.970803,7301.767871,12566.743119,8183.194676,11364.581124,7810.144928,0.065021,0.106594,0.066725,0.396609,0.069699,0.388771,0.027971
1028700,103.7308,43,Ring_C5_Open,Ring,open,5,1.7308,Ring cycle 5: OPEN,2932,2861,2805,3307,2892,3131,2851,8571.625107,7882.820097,7393.023256,14268.781726,8173.566085,11042.946058,7792.122186,0.057362,0.105310,0.080057,0.585765,0.068440,0.349466,0.025599
1028750,103.7308,43,Ring_C5_Open,Ring,open,5,1.7308,Ring cycle 5: OPEN,2923,2849,2779,3253,2899,3150,2859,8479.692833,7774.157303,7179.787234,13135.629454,8241.304348,11333.333333,7864.563107,0.046022,0.090074,0.048905,0.459832,0.077295,0.384952,0.035134
1028800,103.7858,43,Ring_C5_Open,Ring,open,5,1.7858,Ring cycle 5: OPEN,2926,2857,2788,3291,2894,3105,2851,8510.179641,7846.365105,7252.639633,13917.164179,8192.839301,10663.636364,7792.122186,0.049783,0.100199,0.059548,0.546688,0.070959,0.303114,0.025599
1028850,103.9839,43,Ring_C5_Open,Ring,open,5,1.9839,Ring cycle 5: OPEN,2918,2855,2784,3260,2884,3093,2845,8429.226848,7828.225806,7220.137300,13274.251497,8097.109827,10495.209581,7738.400000,0.039797,0.097655,0.054799,0.475238,0.058446,0.282532,0.018528
1028900,103.9840,43,Ring_C5_Open,Ring,open,5,1.9840,Ring cycle 5: OPEN,2915,2839,2770,3248,2894,3067,2852,8399.152542,7685.191083,7107.924528,13038.016529,8192.839301,10143.774319,7801.126307,0.036087,0.077599,0.038406,0.448984,0.070959,0.239586,0.026784
1028950,103.9840,43,Ring_C5_Open,Ring,open,5,1.9840,Ring cycle 5: OPEN,2914,2850,2779,3245,2890,3060,2850,8389.161727,7783.132530,7179.787234,12980.000000,8154.356846,10052.173913,7783.132530,0.034854,0.091333,0.048905,0.442536,0.065929,0.228392,0.024416
1029000,103.9951,43,Ring_C5_Open,Ring,open,5,1.9951,Ring cycle 5: OPEN,2914,2848,2769,3254,2880,3034,2843,8389.161727,7765.196472,7100.000000,13155.291320,8059.259259,9722.525919,7720.607029,0.034854,0.088818,0.037248,0.462017,0.053498,0.188109,0.016186
1029050,104.0236,44,Ring_C5_Bend,Ring,bend,5,0.0236,Ring cycle 5: BEND Ring,2915,2836,2762,3235,2894,3033,2853,8399.152542,7658.776807,7044.861215,12789.534884,8192.839301,9710.169492,7810.144928,0.036087,0.073896,0.029193,0.421369,0.070959,0.186599,0.027971
1029100,104.0786,44,Ring_C5_Bend,Ring,bend,5,0.0786,Ring cycle 5: BEND Ring,2917,2848,2769,3226,2893,3010,2848,8419.185059,7765.196472,7100.000000,12621.864212,8183.194676,9432.258065,7765.196472,0.038558,0.088818,0.037248,0.402735,0.069699,0.152638,0.022055
1029150,104.2621,44,Ring_C5_Bend,Ring,bend,5,0.2621,Ring cycle 5: BEND Ring,2913,2847,2772,3238,2884,3004,2839,8379.187817,7756.250000,7123.809524,12846.207701,8097.109827,9361.686526,7685.191083,0.033624,0.087563,0.040727,0.427667,0.058446,0.144014,0.011525
1029200,104.2622,44,Ring_C5_Bend,Ring,bend,5,0.2622,Ring cycle 5: BEND Ring,2914,2837,2759,3218,2896,3022,2846,8389.161727,7667.567568,7021.407186,12475.712657,8212.176814,9575.768872,7747.317854,0.034854,0.075128,0.025767,0.386492,0.073487,0.170175,0.019702
1029250,104.2622,44,Ring_C5_Bend,Ring,bend,5,0.2622,Ring cycle 5: BEND Ring,2918,2848,2769,3244,2895,3019,2844,8429.226848,7765.196472,7100.000000,12960.752056,8202.500000,9539.591078,7729.496403,0.039797,0.088818,0.037248,0.440397,0.072222,0.165754,0.017356
1029300,104.2725,44,Ring_C5_Bend,Ring,bend,5,0.2725,Ring cycle 5: BEND Ring,2911,2847,2774,3274,2889,3045,2833,8359.290541,7756.250000,7139.742619,13558.587089,8144.776119,9860.000000,7632.488114,0.031169,0.087563,0.043055,0.506838,0.064677,0.204908,0.004588
1029350,104.3390,44,Ring_C5_Bend,Ring,bend,5,0.3390,Ring cycle 5: BEND Ring,2904,2835,2759,3260,2901,3031,2840,8290.176322,7650.000000,7021.407186,13274.251497,8260.804020,9685.526316,7694.023904,0.022644,0.072665,0.025767,0.475238,0.079844,0.183587,0.012687
1029400,104.5002,44,Ring_C5_Bend,Ring,bend,5,0.5002,Ring cycle 5: BEND Ring,2906,2844,2771,3215,2900,3016,2838,8309.840202,7729.496403,7115.861027,12421.590909,8251.046025,9503.614458,7676.372315,0.025069,0.083812,0.039566,0.380477,0.078568,0.161357,0.010364
1029450,104.5003,44,Ring_C5_Bend,Ring,bend,5,0.5003,Ring cycle 5: BEND Ring,2903,2840,2765,3212,2891,3004,2833,8280.369128,7694.023904,7068.421053,12367.836920,8163.953488,9361.686526,7632.488114,0.021434,0.078838,0.032635,0.374503,0.067183,0.144014,0.004588
1029500,104.5003,44,Ring_C5_Bend,Ring,bend,5,0.5003,Ring cycle 5: BEND Ring,2907,2831,2750,3233,2896,3005,2840,8319.696970,7615.031646,6951.672862,12751.972158,8212.176814,9373.394495,7694.023904,0.026285,0.067762,0.015579,0.417194,0.073487,0.145444,0.012687
1029550,104.5327,44,Ring_C5_Bend,Ring,bend,5,0.5327,Ring cycle 5: BEND Ring,2904,2842,2762,3246,2892,3012,2837,8290.176322,7711.731844,7044.861215,12999.293286,8173.566085,9455.955679,7667.567568,0.022644,0.081321,0.029193,0.444680,0.068440,0.155534,0.009205
1029600,104.5770,44,Ring_C5_Bend,Ring,bend,5,0.5770,Ring cycle 5: BEND Ring,2898,2838,2760,3176,2880,3005,2834,8231.578947,7676.372315,7029.213483,11750.163221,8059.259259,9373.394495,7641.237113,0.015415,0.076363,0.026907,0.305858,0.053498,0.145444,0.005740
1029650,104.7576,44,Ring_C5_Bend,Ring,bend,5,0.7576,Ring cycle 5: BEND Ring,2906,2829,2767,3200,2896,3017,2836,8309.840202,7597.630332,7084.186747,12156.424581,8212.176814,9515.584416,7658.776807,0.025069,0.065322,0.034938,0.351008,0.073487,0.162820,0.008048
1029700,104.7577,44,Ring_C5_Bend,Ring,bend,5,0.7577,Ring cycle 5: BEND Ring,2909,2832,2779,3186,2893,3038,2838,8339.460371,7623.752969,7179.787234,11916.831683,8183.194676,9772.185430,7676.372315,0.028723,0.068985,0.048905,0.324381,0.069699,0.194177,0.010364
1029750,104.7577,44,Ring_C5_Bend,Ring,bend,5,0.7577,Ring cycle 5: BEND Ring,2924,2832,2769,3203,2888,3034,2832,8489.837746,7623.752969,7100.000000,12208.744395,8135.211268,9722.525919,7623.752969,0.047273,0.068985,0.037248,0.356822,0.063426,0.188109,0.003438
1029800,104.7681,44,Ring_C5_Bend,Ring,bend,5,0.7681,Ring cycle 5: BEND Ring,2927,2823,2766,3209,2895,3026,2843,8520.376712,7545.754717,7076.297968,12314.446953,8202.500000,9624.321796,7720.607029,0.051040,0.058048,0.033786,0.368570,0.072222,0.176108,0.016186
1029850,104.8339,44,Ring_C5_Bend,Ring,bend,5,0.8339,Ring cycle 5: BEND Ring,2918,2840,2771,3202,2893,3011,2839,8429.226848,7694.023904,7115.861027,12191.265398,8183.194676,9444.095941,7685.191083,0.039797,0.078838,0.039566,0.354880,0.069699,0.154084,0.011525
1029900,105.0387,44,Ring_C5_Bend,Ring,bend,5,1.0387,Ring cycle 5: BEND Ring,2912,2835,2768,3193,2879,2987,2831,8369.230769,7650.000000,7092.087415,12035.698448,8049.835526,9165.884477,7615.031646,0.032396,0.072665,0.036092,0.337591,0.052266,0.120086,0.002290
1029950,105.0388,44,Ring_C5_Bend,Ring,bend,5,1.0388,Ring cycle 5: BEND Ring,2907,2828,2759,3188,2892,2999,2844,8319.696970,7588.950276,7021.407186,11950.606395,8173.566085,9303.467153,7729.496403,0.026285,0.064105,0.025767,0.328134,0.068440,0.136899,0.017356
1030000,105.0388,44,Ring_C5_Bend,Ring,bend,5,1.0388,Ring cycle 5: BEND Ring,2919,2838,2767,3196,2889,2992,2846,8439.285714,7676.372315,7084.186747,12087.208009,8144.776119,9222.846782,7747.317854,0.041037,0.076363,0.034938,0.343316,0.064677,0.127047,0.019702
1030050,105.0388,44,Ring_C5_Bend,Ring,bend,5,1.0388,Ring cycle 5: BEND Ring,2916,2831,2776,3271,2877,3028,2839,8409.160305,7615.031646,7155.724033,13496.844660,8031.034483,9648.734770,7685.191083,0.037321,0.067762,0.045389,0.499976,0.049808,0.179091,0.011525
1030100,105.0825,44,Ring_C5_Bend,Ring,bend,5,1.0825,Ring cycle 5: BEND Ring,2911,2828,2774,3265,2895,3063,2847,8359.290541,7588.950276,7139.742619,13374.698795,8202.500000,10091.279070,7756.250000,0.031169,0.064105,0.043055,0.486401,0.072222,0.233171,0.020878
1030150,105.2684,44,Ring_C5_Bend,Ring,bend,5,1.2684,Ring cycle 5: BEND Ring,2906,2838,2811,3445,2892,3040,2845,8309.840202,7676.372315,7443.457944,18020.000000,8173.566085,9797.156398,7738.400000,0.025069,0.076363,0.087425,1.002658,0.068440,0.197229,0.018528
1030200,105.2685,44,Ring_C5_Bend,Ring,bend,5,1.2685,Ring cycle 5: BEND Ring,2905,2833,2820,3395,2881,3060,2834,8300.000000,7632.488114,7520.000000,16490.000000,8068.698517,10052.173913,7641.237113,0.023856,0.070210,0.098607,0.832621,0.054732,0.228392,0.005740
1030250,105.2685,44,Ring_C5_Bend,Ring,bend,5,1.2685,Ring cycle 5: BEND Ring,2905,2823,2804,3410,2886,3089,2846,8300.000000,7545.754717,7384.663052,16925.547445,8116.129032,10439.960239,7747.317854,0.023856,0.058048,0.078835,0.881026,0.060932,0.275781,0.019702
1030300,105.2792,44,Ring_C5_Bend,Ring,bend,5,1.2792,Ring cycle 5: BEND Ring,2900,2837,2809,3356,2897,3135,2842,8251.046025,7667.567568,7426.594090,15440.324763,8221.869783,11103.125000,7711.731844,0.017817,0.075128,0.084961,0.715965,0.074754,0.356820,0.015018
1030350,105.3331,44,Ring_C5_Bend,Ring,bend,5,1.3331,Ring cycle 5: BEND Ring,2904,2845,2800,3320,2894,3157,2840,8290.176322,7738.400000,7351.351351,14565.161290,8192.839301,11443.283582,7694.023904,0.022644,0.085060,0.073969,0.618704,0.070959,0.398388,0.012687
1030400,105.5310,44,Ring_C5_Bend,Ring,bend,5,1.5310,Ring cycle 5: BEND Ring,2899,2839,2797,3282,2908,3217,2845,8241.304348,7685.191083,7326.502311,13725.461255,8329.570345,12457.630979,7738.400000,0.016615,0.077599,0.070338,0.525383,0.088833,0.522343,0.018528
1030450,105.5311,44,Ring_C5_Bend,Ring,bend,5,1.5311,Ring cycle 5: BEND Ring,2915,2872,2794,3310,2906,3214,2845,8399.152542,7984.300899,7301.767871,14336.305732,8309.840202,12403.632236,7738.400000,0.036087,0.119540,0.066725,0.593270,0.086254,0.515744,0.018528
1030500,105.5311,44,Ring_C5_Bend,Ring,bend,5,1.5311,Ring cycle 5: BEND Ring,2916,2874,2796,3285,2913,3183,2835,8409.160305,8002.948403,7318.244804,13788.888889,8379.187817,11866.447368,7650.000000,0.037321,0.122155,0.069132,0.532432,0.095319,0.450100,0.006893
1030550,105.5532,44,Ring_C5_Bend,Ring,bend,5,1.5532,Ring cycle 5: BEND Ring,2915,2902,2798,3273,2911,3185,2848,8399.152542,8270.578374,7334.772552,13537.956204,8359.290541,11900.000000,7765.196472,0.036087,0.159681,0.071547,0.504545,0.092718,0.454200,0.022055
1030600,105.5860,44,Ring_C5_Bend,Ring,bend,5,1.5860,Ring cycle 5: BEND Ring,2909,2892,2805,3280,2922,3151,2846,8339.460371,8173.566085,7393.023256,13683.435583,8469.565217,11348.940678,7747.317854,0.028723,0.146078,0.080057,0.520713,0.107133,0.386859,0.019702
1030650,105.6293,44,Ring_C5_Bend,Ring,bend,5,1.6293,Ring cycle 5: BEND Ring,2922,2903,2833,3255,2913,3202,2837,8469.565217,8280.369128,7632.488114,13175.000000,8379.187817,12191.265398,7667.567568,0.044773,0.161054,0.115040,0.464208,0.095319,0.489793,0.009205
1030700,105.7841,44,Ring_C5_Bend,Ring,bend,5,1.7841,Ring cycle 5: BEND Ring,2911,2884,2802,3232,2936,3163,2848,8359.290541,8097.109827,7367.981439,12733.256083,8612.942192,11538.841202,7765.196472,0.031169,0.135358,0.076398,0.415114,0.125875,0.410066,0.022055
1030750,105.7842,44,Ring_C5_Bend,Ring,bend,5,1.7842,Ring cycle 5: BEND Ring,2924,2902,2808,3233,2921,3092,2846,8489.837746,8270.578374,7418.181818,12751.972158,8459.454855,10481.355932,7747.317854,0.047273,0.159681,0.083732,0.417194,0.105811,0.280839,0.019702
1030800,105.7842,44,Ring_C5_Bend,Ring,bend,5,1.7842,Ring cycle 5: BEND Ring,2919,2889,2801,3240,2911,3144,2836,8439.285714,8144.776119,7359.659969,12884.210526,8359.290541,11240.378549,7658.776807,0.041037,0.142041,0.075183,0.431891,0.092718,0.373593,0.008048
1030850,105.8389,44,Ring_C5_Bend,Ring,bend,5,1.8389,Ring cycle 5: BEND Ring,2909,2874,2809,3226,2916,3106,2843,8339.460371,8002.948403,7426.594090,12621.864212,8409.160305,10677.856421,7720.607029,0.028723,0.122155,0.084961,0.402735,0.099237,0.304852,0.016186
1030900,105.8820,44,Ring_C5_Bend,Ring,bend,5,1.8820,Ring cycle 5: BEND Ring,2916,2882,2815,3245,2912,3107,2842,8409.160305,8078.153339,7477.343750,12980.000000,8369.230769,10692.105263,7711.731844,0.037321,0.132700,0.092375,0.442536,0.094017,0.306593,0.015018
1030950,106.0442,45,Pinky_Prep_Open,Pinky,prep_open,0,0.0442,OPEN HAND - prepare for Pinky,2918,2874,2816,3251,2897,3107,2833,8429.226848,8002.948403,7485.848319,13096.445498,8221.869783,10692.105263,7632.488114,0.039797,0.122155,0.093618,0.455477,0.074754,0.306593,0.004588
1031000,106.0445,45,Pinky_Prep_Open,Pinky,prep_open,0,0.0445,OPEN HAND - prepare for Pinky,2900,2863,2802,3247,2912,3124,2841,8251.046025,7901.136364,7367.981439,13018.632075,8369.230769,10938.825953,7702.870813,0.017817,0.107879,0.076398,0.446830,0.094017,0.336743,0.013852
1031050,106.0445,45,Pinky_Prep_Open,Pinky,prep_open,0,0.0445,OPEN HAND - prepare for Pinky,2905,2871,2806,3275,2907,3127,2838,8300.000000,7975.000000,7401.396431,13579.268293,8319.696970,10983.264463,7676.372315,0.023856,0.118236,0.081280,0.509136,0.087542,0.342173,0.010364
1031100,106.0882,45,Pinky_Prep_Open,Pinky,prep_open,0,0.0882,OPEN HAND - prepare for Pinky,2907,2867,2802,3259,2898,3086,2831,8319.696970,7937.947883,7367.981439,13254.306220,8231.578947,10398.810704,7615.031646,0.026285,0.113040,0.076398,0.473021,0.076023,0.270752,0.002290
1031150,106.1309,45,Pinky_Prep_Open,Pinky,prep_open,0,0.1309,OPEN HAND - prepare for Pinky,2904,2857,2789,3253,2906,3101,2839,8290.176322,7846.365105,7260.796325,13135.629454,8309.840202,10607.042254,7685.191083,0.022644,0.100199,0.060739,0.459832,0.086254,0.296198,0.011525
1031200,106.3101,45,Pinky_Prep_Open,Pinky,prep_open,0,0.3101,OPEN HAND - prepare for Pinky,2911,2867,2797,3252,2905,3062,2835,8359.290541,7937.947883,7326.502311,13116.014235,8300.000000,10078.218780,7650.000000,0.031169,0.113040,0.070338,0.457652,0.084967,0.231575,0.006893
1031250,106.3102,45,Pinky_Prep_Open,Pinky,prep_open,0,0.3102,OPEN HAND - prepare for Pinky,2912,2870,2793,3249,2898,3060,2831,8369.230769,7965.714286,7293.548387,13057.446809,8231.578947,10052.173913,7615.031646,0.032396,0.116934,0.065524,0.451143,0.076023,0.228392,0.002290
1031300,106.3102,45,Pinky_Prep_Open,Pinky,prep_open,0,0.3102,OPEN HAND - prepare for Pinky,2903,2863,2782,3221,2907,3062,2834,8280.369128,7901.136364,7203.960396,12530.205950,8319.696970,10078.218780,7641.237113,0.021434,0.107879,0.052436,0.392548,0.087542,0.231575,0.005740
1031350,106.3426,45,Pinky_Prep_Open,Pinky,prep_open,0,0.3426,OPEN HAND - prepare for Pinky,2908,2877,2784,3228,2912,3046,2834,8329.570345,8031.034483,7220.137300,12658.823529,8369.230769,9872.640610,7641.237113,0.027503,0.126093,0.054799,0.406842,0.094017,0.206453,0.005740
1031400,106.3858,45,Pinky_Prep_Open,Pinky,prep_open,0,0.3858,OPEN HAND - prepare for Pinky,2908,2871,2773,3212,2898,3036,2828,8329.570345,7975.000000,7131.770045,12367.836920,8231.578947,9747.308782,7588.950276,0.027503,0.118236,0.041890,0.374503,0.076023,0.191137,-0.001142
1031450,106.5518,45,Pinky_Prep_Open,Pinky,prep_open,0,0.5518,OPEN HAND - prepare for Pinky,2903,2858,2762,3225,2910,3038,2838,8280.369128,7855.456750,7044.861215,12603.448276,8349.367089,9772.185430,7676.372315,0.021434,0.101474,0.029193,0.400688,0.091421,0.194177,0.010364
1031500,106.5519,45,Pinky_Prep_Open,Pinky,prep_open,0,0.5519,OPEN HAND - prepare for Pinky,2908,2870,2768,3225,2908,3021,2836,8329.570345,7965.714286,7092.087415,12603.448276,8329.570345,9563.687151,7658.776807,0.027503,0.116934,0.036092,0.400688,0.088833,0.168698,0.008048
1031550,106.5519,45,Pinky_Prep_Open,Pinky,prep_open,0,0.5519,OPEN HAND - prepare for Pinky,2912,2865,2768,3220,2896,3000,2824,8369.230769,7919.512195,7092.087415,12512.000000,8212.176814,9315.068493,7554.366640,0.032396,0.110455,0.036092,0.390525,0.073487,0.138317,-0.005694
1031600,106.5738,45,Pinky_Prep_Open,Pinky,prep_open,0,0.5738,OPEN HAND - prepare for Pinky,2900,2857,2754,3211,2907,3028,2836,8251.046025,7846.365105,6982.550336,12350.000000,8319.696970,9648.734770,7658.776807,0.017817,0.100199,0.020090,0.372521,0.087542,0.179091,0.008048
1031650,106.6288,45,Pinky_Prep_Open,Pinky,prep_open,0,0.6288,OPEN HAND - prepare for Pinky,2905,2863,2764,3222,2909,3026,2835,8300.000000,7901.136364,7060.555973,12548.453608,8339.460371,9624.321796,7650.000000,0.023856,0.107879,0.031486,0.394576,0.090126,0.176108,0.006893
1031700,106.8080,45,Pinky_Prep_Open,Pinky,prep_open,0,0.8080,OPEN HAND - prepare for Pinky,2911,2860,2764,3208,2905,3019,2829,8359.290541,7873.684211,7060.555973,12296.730552,8300.000000,9539.591078,7597.630332,0.031169,0.104029,0.031486,0.366601,0.084967,0.165754,0.000000
1031750,106.8081,45,Pinky_Prep_Open,Pinky,prep_open,0,0.8081,OPEN HAND - prepare for Pinky,2899,2849,2750,3209,2912,3062,2835,8241.304348,7774.157303,6951.672862,12314.446953,8369.230769,10078.218780,7650.000000,0.016615,0.090074,0.015579,0.368570,0.094017,0.231575,0.006893
1031800,106.8081,45,Pinky_Prep_Open,Pinky,prep_open,0,0.8081,OPEN HAND - prepare for Pinky,2904,2857,2755,3221,2897,3093,2834,8290.176322,7846.365105,6990.298507,12530.205950,8221.869783,10495.209581,7641.237113,0.022644,0.100199,0.021222,0.392548,0.074754,0.282532,0.005740
1031850,106.8400,45,Pinky_Prep_Open,Pinky,prep_open,0,0.8400,OPEN HAND - prepare for Pinky,2901,2855,2761,3215,2891,3110,2829,8260.804020,7828.225806,7037.031484,12421.590909,8163.953488,10735.025381,7597.630332,0.019021,0.097655,0.028049,0.380477,0.067183,0.311838,0.000000
1031900,106.8730,45,Pinky_Prep_Open,Pinky,prep_open,0,0.8730,OPEN HAND - prepare for Pinky,2894,2844,2758,3215,2908,3049,2833,8192.839301,7729.496403,7013.612565,12421.590909,8329.570345,9910.707457,7632.488114,0.010637,0.083812,0.024628,0.380477,0.088833,0.211105,0.004588
1031950,107.0606,45,Pinky_Prep_Open,Pinky,prep_open,0,1.0606,OPEN HAND - prepare for Pinky,2905,2858,2784,3227,2903,3119,2832,8300.000000,7855.456750,7220.137300,12640.322581,8280.369128,10865.368852,7623.752969,0.023856,0.101474,0.054799,0.404786,0.082401,0.327766,0.003438
1032000,107.0607,45,Pinky_Prep_Open,Pinky,prep_open,0,1.0607,OPEN HAND - prepare for Pinky,2903,2848,2782,3195,2889,3071,2820,8280.369128,7765.196472,7203.960396,12070.000000,8144.776119,10196.679688,7520.000000,0.021434,0.088818,0.052436,0.341403,0.064677,0.246051,-0.010218
1032050,107.0607,45,Pinky_Prep_Open,Pinky,prep_open,0,1.0607,OPEN HAND - prepare for Pinky,2896,2831,2792,3193,2899,3125,2829,8212.176814,7615.031646,7285.341520,12035.698448,8241.304348,10953.608247,7597.630332,0.013022,0.067762,0.064325,0.337591,0.077295,0.338549,0.000000
1032100,107.0827,45,Pinky_Prep_Open,Pinky,prep_open,0,1.0827,OPEN HAND - prepare for Pinky,2895,2835,2805,3227,2894,3160,2830,8202.500000,7650.000000,7393.023256,12640.322581,8192.839301,11490.909091,7606.324111,0.011828,0.072665,0.080057,0.404786,0.070959,0.404208,0.001144
1032150,107.1270,45,Pinky_Prep_Open,Pinky,prep_open,0,1.1270,OPEN HAND - prepare for Pinky,2899,2839,2800,3272,2895,3214,2828,8241.304348,7685.191083,7351.351351,13517.375456,8202.500000,12403.632236,7588.950276,0.016615,0.077599,0.073969,0.502258,0.072222,0.515744,-0.001142
1032200,107.3138,45,Pinky_Prep_Open,Pinky,prep_open,0,1.3138,OPEN HAND - prepare for Pinky,2888,2830,2816,3335,2894,3251,2834,8135.211268,7606.324111,7485.848319,14919.736842,8192.839301,13096.445498,7641.237113,0.003528,0.066541,0.093618,0.658109,0.070959,0.600407,0.005740
1032250,107.3138,45,Pinky_Prep_Open,Pinky,prep_open,0,1.3138,OPEN HAND - prepare for Pinky,2892,2836,2810,3374,2904,3222,2835,8173.566085,7658.776807,7435.019455,15910.679612,8290.176322,12548.453608,7650.000000,0.008259,0.073896,0.086192,0.768238,0.083683,0.533442,0.006893
1032300,107.3139,45,Pinky_Prep_Open,Pinky,prep_open,0,1.3139,OPEN HAND - prepare for Pinky,2894,2844,2798,3481,2895,3226,2833,8192.839301,7729.496403,7334.772552,19275.895765,8202.500000,12621.864212,7632.488114,0.010637,0.083812,0.071547,1.142232,0.072222,0.542413,0.004588
1032350,107.3358,45,Pinky_Prep_Open,Pinky,prep_open,0,1.3358,OPEN HAND - prepare for Pinky,2891,2845,2805,3464,2901,3183,2834,8163.953488,7738.400000,7393.023256,18664.976228,8260.804020,11866.447368,7641.237113,0.007073,0.085060,0.080057,1.074338,0.079844,0.450100,0.005740
1032400,107.3898,45,Pinky_Prep_Open,Pinky,prep_open,0,1.3898,OPEN HAND - prepare for Pinky,2892,2866,2807,3502,2901,3164,2837,8173.566085,7928.722539,7409.782609,20078.920742,8260.804020,11554.887218,7667.567568,0.008259,0.111747,0.082505,1.231477,0.079844,0.412026,0.009205
1032450,107.4222,45,Pinky_Prep_Open,Pinky,prep_open,0,1.4222,OPEN HAND - prepare for Pinky,2898,2855,2791,3417,2894,3213,2842,8231.578947,7828.225806,7277.147239,17135.398230,8192.839301,12385.714286,7711.731844,0.015415,0.097655,0.063128,0.904348,0.070959,0.513555,0.015018
1032500,107.5688,45,Pinky_Prep_Open,Pinky,prep_open,0,1.5688,OPEN HAND - prepare for Pinky,2887,2845,2799,3315,2898,3204,2852,8125.662252,7738.400000,7343.055556,14450.000000,8231.578947,12226.262626,7801.126307,0.002350,0.085060,0.072757,0.605905,0.076023,0.494070,0.026784
1032550,107.5688,45,Pinky_Prep_Open,Pinky,prep_open,0,1.5688,OPEN HAND - prepare for Pinky,2890,2862,2792,3329,2895,3158,2851,8154.356846,7891.970803,7285.341520,14776.240209,8202.500000,11459.124867,7792.122186,0.005890,0.106594,0.064325,0.642162,0.072222,0.400324,0.025599
1032600,107.5906,45,Pinky_Prep_Open,Pinky,prep_open,0,1.5906,OPEN HAND - prepare for Pinky,2890,2864,2786,3345,2890,3181,2847,8154.356846,7910.316816,7236.363636,15164.000000,8154.356846,11833.041575,7756.250000,0.005890,0.109166,0.057170,0.685256,0.065929,0.446017,0.020878
1032650,107.6237,45,Pinky_Prep_Open,Pinky,prep_open,0,1.6237,OPEN HAND - prepare for Pinky,2886,2852,2782,3374,2906,3129,2848,8116.129032,7801.126307,7203.960396,15910.679612,8309.840202,11013.043478,7765.196472,0.001174,0.093856,0.052436,0.768238,0.086254,0.345812,0.022055
1032700,107.6783,45,Pinky_Prep_Open,Pinky,prep_open,0,1.6783,OPEN HAND - prepare for Pinky,2889,2858,2811,3226,2903,3166,2850,8144.776119,7855.456750,7443.457944,12621.864212,8280.369128,11587.082885,7783.132530,0.004708,0.101474,0.087425,0.402735,0.082401,0.415961,0.024416
1032750,107.8222,45,Pinky_Prep_Open,Pinky,prep_open,0,1.8222,OPEN HAND - prepare for Pinky,2885,2850,2796,3285,2906,3149,2842,8106.611570,7783.132530,7318.244804,13788.888889,8309.840202,11317.758985,7711.731844,0.000000,0.091333,0.069132,0.532432,0.086254,0.383049,0.015018
1032800,107.8222,45,Pinky_Prep_Open,Pinky,prep_open,0,1.8222,OPEN HAND - prepare for Pinky,2877,2840,2773,3252,2919,3132,2851,8031.034483,7694.023904,7131.770045,13116.014235,8439.285714,11057.943925,7792.122186,-0.009323,0.078838,0.041890,0.457652,0.103175,0.351299,0.025599
1032850,107.8332,45,Pinky_Prep_Open,Pinky,prep_open,0,1.8332,OPEN HAND - prepare for Pinky,2885,2860,2783,3250,2907,3158,2847,8106.611570,7873.684211,7212.042683,13076.923077,8319.696970,11459.124867,7756.250000,0.000000,0.104029,0.053617,0.453308,0.087542,0.400324,0.020878
1032900,107.8879,45,Pinky_Prep_Open,Pinky,prep_open,0,1.8879,OPEN HAND - prepare for Pinky,2888,2857,2795,3191,2903,3188,2840,8135.211268,7846.365105,7310.000000,12001.548673,8280.369128,11950.606395,7694.023904,0.003528,0.100199,0.067928,0.333796,0.082401,0.460384,0.012687
1032950,108.0759,45,Pinky_Prep_Open,Pinky,prep_open,0,2.0759,OPEN HAND - prepare for Pinky,2877,2849,2789,3191,2925,3180,2847,8031.034483,7774.157303,7260.796325,12001.548673,8500.000000,11816.393443,7756.250000,-0.009323,0.090074,0.060739,0.333796,0.111111,0.443983,0.020878
1033000,108.0760,45,Pinky_Prep_Open,Pinky,prep_open,0,2.0760,OPEN HAND - prepare for Pinky,2880,2863,2784,3190,2916,3120,2848,8059.259259,7901.136364,7220.137300,11984.530387,8409.160305,10880.000000,7765.196472,-0.005841,0.107879,0.054799,0.331904,0.099237,0.329554,0.022055
1033050,108.0760,45,Pinky_Prep_Open,Pinky,prep_open,0,2.0760,OPEN HAND - prepare for Pinky,2882,2866,2789,3227,2907,3151,2836,8078.153339,7928.722539,7260.796325,12640.322581,8319.696970,11348.940678,7658.776807,-0.003510,0.111747,0.060739,0.404786,0.087542,0.386859,0.008048
1033100,108.0761,45,Pinky_Prep_Open,Pinky,prep_open,0,2.0761,OPEN HAND - prepare for Pinky,2881,2852,2778,3246,2914,3132,2844,8068.698517,7801.126307,7171.753986,12999.293286,8389.161727,11057.943925,7729.496403,-0.004677,0.093856,0.047731,0.444680,0.096622,0.351299,0.017356
1033150,108.1402,45,Pinky_Prep_Open,Pinky,prep_open,0,2.1402,OPEN HAND - prepare for Pinky,2882,2861,2803,3267,2914,3093,2845,8078.153339,7882.820097,7376.315789,13415.217391,8389.161727,10495.209581,7738.400000,-0.003510,0.105310,0.077616,0.490904,0.096622,0.282532,0.018528
1033200,108.3275,45,Pinky_Prep_Open,Pinky,prep_open,0,2.3275,OPEN HAND - prepare for Pinky,2881,2856,2804,3222,2899,3063,2840,8068.698517,7837.288136,7384.663052,12548.453608,8241.304348,10091.279070,7694.023904,-0.004677,0.098926,0.078835,0.394576,0.077295,0.233171,0.012687
1033250,108.3276,45,Pinky_Prep_Open,Pinky,prep_open,0,2.3276,OPEN HAND - prepare for Pinky,2879,2847,2796,3205,2902,3088,2843,8049.835526,7756.250000,7318.244804,12243.820225,8270.578374,10426.216485,7720.607029,-0.007004,0.087563,0.069132,0.360721,0.081121,0.274101,0.016186
1033300,108.3276,45,Pinky_Prep_Open,Pinky,prep_open,0,2.3276,OPEN HAND - prepare for Pinky,2871,2860,2792,3189,2904,3075,2841,7975.000000,7873.684211,7285.341520,11967.549669,8290.176322,10250.000000,7702.870813,-0.016235,0.104029,0.064325,0.330017,0.083683,0.252567,0.013852
1033350,108.3379,45,Pinky_Prep_Open,Pinky,prep_open,0,2.3379,OPEN HAND - prepare for Pinky,2879,2860,2801,3176,2890,3065,2832,8049.835526,7873.684211,7359.659969,11750.163221,8154.356846,10117.475728,7623.752969,-0.007004,0.104029,0.075183,0.305858,0.065929,0.236372,0.003438
1033400,108.3811,45,Pinky_Prep_Open,Pinky,prep_open,0,2.3811,OPEN HAND - prepare for Pinky,2868,2846,2769,3153,2900,3071,2842,7947.188264,7747.317854,7100.000000,11380.254777,8251.046025,10196.679688,7711.731844,-0.019666,0.086311,0.037248,0.264748,0.078568,0.246051,0.015018
1033450,108.5814,45,Pinky_Prep_Open,Pinky,prep_open,0,2.5814,OPEN HAND - prepare for Pinky,2875,2861,2782,3164,2896,3048,2840,8012.295082,7882.820097,7203.960396,11554.887218,8212.176814,9897.994269,7694.023904,-0.011635,0.105310,0.052436,0.284156,0.073487,0.209551,0.012687
1033500,108.5815,45,Pinky_Prep_Open,Pinky,prep_open,0,2.5815,OPEN HAND - prepare for Pinky,2878,2852,2779,3149,2889,3046,2833,8040.427280,7801.126307,7179.787234,11317.758985,8144.776119,9872.640610,7632.488114,-0.008164,0.093856,0.048905,0.257803,0.064677,0.206453,0.004588
1033550,108.5815,45,Pinky_Prep_Open,Pinky,prep_open,0,2.5815,OPEN HAND - prepare for Pinky,2870,2841,2766,3179,2893,3047,2841,7965.714286,7702.870813,7076.297968,11799.781659,8183.194676,9885.305344,7702.870813,-0.017381,0.080078,0.033786,0.311372,0.069699,0.208001,0.013852
1033600,108.5815,45,Pinky_Prep_Open,Pinky,prep_open,0,2.5815,OPEN HAND - prepare for Pinky,2871,2856,2776,3196,2895,3024,2840,7975.000000,7837.288136,7155.724033,12087.208009,8202.500000,9600.000000,7694.023904,-0.016235,0.098926,0.045389,0.343316,0.072222,0.173136,0.012687
1033650,108.6361,45,Pinky_Prep_Open,Pinky,prep_open,0,2.6361,OPEN HAND - prepare for Pinky,2873,2854,2790,3176,2884,3025,2832,7993.617021,7819.178082,7268.965517,11750.163221,8097.109827,9612.149533,7623.752969,-0.013939,0.096387,0.061933,0.305858,0.058446,0.174621,0.003438
1033700,108.6687,45,Pinky_Prep_Open,Pinky,prep_open,0,2.6687,OPEN HAND - prepare for Pinky,2876,2845,2774,3175,2897,3050,2844,8021.657096,7738.400000,7139.742619,11733.695652,8221.869783,9923.444976,7729.496403,-0.010480,0.085060,0.043055,0.304028,0.074754,0.212661,0.017356
1033750,108.8403,45,Pinky_Prep_Open,Pinky,prep_open,0,2.8403,OPEN HAND - prepare for Pinky,2875,2852,2759,3169,2895,3066,2840,8012.295082,7801.126307,7021.407186,11635.637149,8202.500000,10130.612245,7694.023904,-0.011635,0.093856,0.025767,0.293130,0.072222,0.237978,0.012687
1033800,108.8404,45,Pinky_Prep_Open,Pinky,prep_open,0,2.8404,OPEN HAND - prepare for Pinky,2874,2849,2767,3176,2882,3064,2832,8002.948403,7774.157303,7084.186747,11750.163221,8078.153339,10104.364694,7623.752969,-0.012787,0.090074,0.034938,0.305858,0.055968,0.234770,0.003438
1033850,108.8404,45,Pinky_Prep_Open,Pinky,prep_open,0,2.8404,OPEN HAND - prepare for Pinky,2870,2837,2758,3157,2894,3063,2840,7965.714286,7667.567568,7013.612565,11443.283582,8192.839301,10091.279070,7694.023904,-0.017381,0.075128,0.024628,0.271753,0.070959,0.233171,0.012687
1033900,108.8842,45,Pinky_Prep_Open,Pinky,prep_open,0,2.8842,OPEN HAND - prepare for Pinky,2863,2842,2754,3167,2896,3058,2838,7901.136364,7711.731844,6982.550336,11603.232759,8212.176814,10026.229508,7676.372315,-0.025347,0.081321,0.020090,0.289529,0.073487,0.225222,0.010364
1033950,108.9283,45,Pinky_Prep_Open,Pinky,prep_open,0,2.9283,OPEN HAND - prepare for Pinky,2869,2838,2752,3165,2887,3044,2833,7956.443719,7676.372315,6967.088608,11570.967742,8125.662252,9847.383444,7632.488114,-0.018524,0.076363,0.017831,0.285943,0.062178,0.203367,0.004588
1034000,109.0981,45,Pinky_Prep_Open,Pinky,prep_open,0,3.0981,OPEN HAND - prepare for Pinky,2866,2827,2733,3176,2891,3035,2839,7928.722539,7580.283912,6822.466960,11750.163221,8163.953488,9734.905660,7685.191083,-0.021944,0.062890,-0.003297,0.305858,0.067183,0.189622,0.011525
1034050,109.0981,45,Pinky_Prep_Open,Pinky,prep_open,0,3.0981,OPEN HAND - prepare for Pinky,2869,2839,2739,3144,2894,3040,2838,7956.443719,7685.191083,6867.699115,11240.378549,8192.839301,9797.156398,7676.372315,-0.018524,0.077599,0.003311,0.249203,0.070959,0.197229,0.010364
1034100,109.0981,45,Pinky_Prep_Open,Pinky,prep_open,0,3.0981,OPEN HAND - prepare for Pinky,2872,2838,2735,3151,2883,3029,2833,7984.300899,7676.372315,6837.500000,11348.940678,8087.623762,9660.975610,7632.488114,-0.015088,0.076363,-0.001101,0.261268,0.057206,0.180587,0.004588
1034150,109.1198,45,Pinky_Prep_Open,Pinky,prep_open,0,3.1198,OPEN HAND - prepare for Pinky,2869,2827,2722,3159,2896,3010,2835,7956.443719,7580.283912,6740.568099,11475.000000,8212.176814,9432.258065,7650.000000,-0.018524,0.062890,-0.015261,0.275278,0.073487,0.152638,0.006893
1034200,109.1970,45,Pinky_Prep_Open,Pinky,prep_open,0,3.1970,OPEN HAND - prepare for Pinky,2866,2837,2730,3141,2896,3016,2832,7928.722539,7667.567568,6800.000000,11194.339623,8212.176814,9503.614458,7623.752969,-0.021944,0.075128,-0.006579,0.244086,0.073487,0.161357,0.003438
1034250,109.3635,45,Pinky_Prep_Open,Pinky,prep_open,0,3.3635,OPEN HAND - prepare for Pinky,2868,2833,2729,3134,2884,2988,2827,7947.188264,7632.488114,6792.532943,11088.033299,8097.109827,9177.235772,7580.283912,-0.019666,0.070210,-0.007670,0.232272,0.058446,0.121473,-0.002283
1034300,109.3636,45,Pinky_Prep_Open,Pinky,prep_open,0,3.3636,OPEN HAND - prepare for Pinky,2864,2828,2720,3140,2893,2991,2837,7910.316816,7588.950276,6725.818182,11179.057592,8183.194676,9211.413043,7667.567568,-0.024214,0.064105,-0.017416,0.242388,0.069699,0.125650,0.009205
1034350,109.3636,45,Pinky_Prep_Open,Pinky,prep_open,0,3.3636,OPEN HAND - prepare for Pinky,2864,2840,2733,3134,2893,3008,2834,7910.316816,7694.023904,6822.466960,11088.033299,8183.194676,9408.647654,7641.237113,-0.024214,0.078838,-0.003297,0.232272,0.069699,0.149752,0.005740
1034400,109.3846,45,Pinky_Prep_Open,Pinky,prep_open,0,3.3846,OPEN HAND - prepare for Pinky,2871,2836,2733,3142,2882,2990,2829,7975.000000,7658.776807,6822.466960,11209.653725,8078.153339,9200.000000,7597.630332,-0.016235,0.073896,-0.003297,0.245788,0.055968,0.124255,0.000000
1034450,109.4502,45,Pinky_Prep_Open,Pinky,prep_open,0,3.4502,OPEN HAND - prepare for Pinky,2867,2829,2734,3143,2890,2993,2836,7937.947883,7597.630332,6829.977957,11225.000000,8154.356846,9234.301270,7658.776807,-0.020806,0.065322,-0.002199,0.247494,0.065929,0.128447,0.008048
1034500,109.6057,45,Pinky_Prep_Open,Pinky,prep_open,0,3.6057,OPEN HAND - prepare for Pinky,2875,2835,2745,3137,2888,2992,2836,8012.295082,7650.000000,6913.333333,11133.402923,8135.211268,9222.846782,7658.776807,-0.011635,0.072665,0.009978,0.237314,0.063426,0.127047,0.008048
1034550,109.6058,45,Pinky_Prep_Open,Pinky,prep_open,0,3.6058,OPEN HAND - prepare for Pinky,2882,2829,2747,3120,2872,2992,2827,8078.153339,7597.630332,6928.635015,10880.000000,7984.300899,9222.846782,7580.283912,-0.003510,0.065322,0.012214,0.209152,0.043699,0.127047,-0.002283
1034600,109.6058,45,Pinky_Prep_Open,Pinky,prep_open,0,3.6058,OPEN HAND - prepare for Pinky,2875,2818,2745,3122,2887,2987,2832,8012.295082,7502.897416,6913.333333,10909.352518,8125.662252,9165.884477,7623.752969,-0.011635,0.052039,0.009978,0.212414,0.062178,0.120086,0.003438
1034650,109.6274,45,Pinky_Prep_Open,Pinky,prep_open,0,3.6274,OPEN HAND - prepare for Pinky,2879,2826,2763,3133,2886,2979,2831,8049.835526,7571.631206,7052.702703,11072.972973,8116.129032,9075.806452,7615.031646,-0.007004,0.061676,0.030339,0.230598,0.060932,0.109079,0.002290
1034700,109.6932,45,Pinky_Prep_Open,Pinky,prep_open,0,3.6932,OPEN HAND - prepare for Pinky,2867,2823,2763,3123,2877,2973,2822,7937.947883,7545.754717,7052.702703,10924.074074,8031.034483,9009.090909,7537.156324,-0.020806,0.058048,0.030339,0.214050,0.049808,0.100926,-0.007960
1034750,109.8608,45,Pinky_Prep_Open,Pinky,prep_open,0,3.8608,OPEN HAND - prepare for Pinky,2862,2812,2747,3125,2892,2983,2830,7891.970803,7451.909587,6928.635015,10953.608247,8173.566085,9120.683453,7606.324111,-0.026477,0.044889,0.012214,0.217333,0.068440,0.114563,0.001144
1034800,109.8609,45,Pinky_Prep_Open,Pinky,prep_open,0,3.8609,OPEN HAND - prepare for Pinky,2855,2823,2752,3138,2888,2982,2830,7828.225806,7545.754717,6967.088608,11148.589342,8135.211268,9109.433962,7606.324111,-0.034341,0.058048,0.017831,0.239002,0.063426,0.113188,0.001144
1034850,109.8609,45,Pinky_Prep_Open,Pinky,prep_open,0,3.8609,OPEN HAND - prepare for Pinky,2864,2826,2747,3135,2879,2975,2822,7910.316816,7571.631206,6928.635015,11103.125000,8049.835526,9031.250000,7537.156324,-0.024214,0.061676,0.012214,0.233949,0.052266,0.103634,-0.007960
1034900,109.8822,45,Pinky_Prep_Open,Pinky,prep_open,0,3.8822,OPEN HAND - prepare for Pinky,2862,2820,2735,3123,2891,2973,2829,7891.970803,7520.000000,6837.500000,10924.074074,8163.953488,9009.090909,7597.630332,-0.026477,0.054437,-0.001101,0.214050,0.067183,0.100926,0.000000
1034950,109.9250,45,Pinky_Prep_Open,Pinky,prep_open,0,3.9250,OPEN HAND - prepare for Pinky,2869,2832,2742,3125,2889,2967,2829,7956.443719,7623.752969,6890.465632,10953.608247,8144.776119,8943.085106,7597.630332,-0.018524,0.068985,0.006637,0.217333,0.064677,0.092860,0.000000
1035000,110.1203,46,Pinky_C1_Open,Pinky,open,1,0.1203,Pinky cycle 1: OPEN,2870,2826,2740,3132,2881,2961,2821,7965.714286,7571.631206,6875.276753,11057.943925,8068.698517,8877.777778,7528.571429,-0.017381,0.061676,0.004418,0.228928,0.054732,0.084879,-0.009090
1035050,110.1205,46,Pinky_C1_Open,Pinky,open,1,0.1205,Pinky cycle 1: OPEN,2860,2815,2736,3116,2893,2981,2827,7873.684211,7477.343750,6845.033113,10821.654750,8183.194676,9098.204668,7580.283912,-0.028733,0.048456,0.000000,0.202668,0.069699,0.111816,-0.002283
1035100,110.1206,46,Pinky_C1_Open,Pinky,open,1,0.1206,Pinky cycle 1: OPEN,2858,2827,2737,3118,2886,2969,2829,7855.456750,7580.283912,6852.577320,10850.767656,8116.129032,8965.008881,7597.630332,-0.030981,0.062890,0.001102,0.205903,0.060932,0.095539,0.000000
1035150,110.1535,46,Pinky_C1_Open,Pinky,open,1,0.1535,Pinky cycle 1: OPEN,2867,2829,2739,3120,2874,2952,2815,7937.947883,7597.630332,6867.699115,10880.000000,8002.948403,8781.102362,7477.343750,-0.020806,0.065322,0.003311,0.209152,0.046137,0.073065,-0.015832
1035200,110.1960,46,Pinky_C1_Open,Pinky,open,1,0.1960,Pinky cycle 1: OPEN,2859,2814,2733,3107,2885,2966,2825,7864.563107,7468.852459,6822.466960,10692.105263,8106.611570,8932.152347,7562.992126,-0.029858,0.047265,-0.003297,0.188270,0.059688,0.091524,-0.004559
1035250,110.3911,46,Pinky_C1_Open,Pinky,open,1,0.3911,Pinky cycle 1: OPEN,2863,2825,2740,3119,2892,2960,2824,7901.136364,7562.992126,6875.276753,10865.368852,8173.566085,8866.960352,7554.366640,-0.025347,0.060465,0.004418,0.207526,0.068440,0.083557,-0.005694
1035300,110.3912,46,Pinky_C1_Open,Pinky,open,1,0.3912,Pinky cycle 1: OPEN,2866,2828,2737,3119,2878,2952,2817,7928.722539,7588.950276,6852.577320,10865.368852,8040.427280,8781.102362,7494.366197,-0.021944,0.064105,0.001102,0.207526,0.051036,0.073065,-0.013592
1035350,110.3913,46,Pinky_C1_Open,Pinky,open,1,0.3913,Pinky cycle 1: OPEN,2869,2813,2736,3125,2890,2965,2826,7956.443719,7460.374415,6845.033113,10953.608247,8154.356846,8921.238938,7571.631206,-0.018524,0.046076,0.000000,0.217333,0.065929,0.090190,-0.003422
1035400,110.3913,46,Pinky_C1_Open,Pinky,open,1,0.3913,Pinky cycle 1: OPEN,2874,2825,2743,3127,2888,2962,2824,8002.948403,7562.992126,6898.076923,10983.264463,8135.211268,8888.614298,7554.366640,-0.012787,0.060465,0.007749,0.220628,0.063426,0.086203,-0.005694
1035450,110.4569,46,Pinky_C1_Open,Pinky,open,1,0.4569,Pinky cycle 1: OPEN,2871,2820,2742,3113,2881,2959,2816,7975.000000,7520.000000,6890.465632,10778.207739,8068.698517,8856.161972,7485.848319,-0.016235,0.054437,0.006637,0.197839,0.054732,0.082238,-0.014713
1035500,110.4672,46,Pinky_C1_Open,Pinky,open,1,0.4672,Pinky cycle 1: OPEN,2864,2811,2731,3091,2893,2974,2823,7910.316816,7443.457944,6807.478006,10467.529880,8183.194676,9020.160571,7545.754717,-0.024214,0.043704,-0.005486,0.163312,0.069699,0.102279,-0.006828
1035550,110.6304,46,Pinky_C1_Open,Pinky,open,1,0.6304,Pinky cycle 1: OPEN,2867,2819,2746,3109,2892,2972,2821,7937.947883,7511.442006,6920.978503,10720.689655,8173.566085,8998.040962,7528.571429,-0.020806,0.053237,0.011095,0.191447,0.068440,0.099576,-0.009090
1035600,110.6305,46,Pinky_C1_Open,Pinky,open,1,0.6305,Pinky cycle 1: OPEN,2871,2822,2744,3100,2878,2955,2816,7975.000000,7537.156324,6905.699482,10592.964824,8040.427280,8813.157895,7485.848319,-0.016235,0.056842,0.008863,0.177252,0.051036,0.076983,-0.014713
1035650,110.6305,46,Pinky_C1_Open,Pinky,open,1,0.6305,Pinky cycle 1: OPEN,2865,2808,2730,3095,2892,2960,2824,7919.512195,7418.181818,6800.000000,10523.000000,8173.566085,8866.960352,7554.366640,-0.023080,0.040160,-0.006579,0.169477,0.068440,0.083557,-0.005694
1035700,110.7072,46,Pinky_C1_Open,Pinky,open,1,0.7072,Pinky cycle 1: OPEN,2869,2823,2737,3101,2888,2958,2822,7956.443719,7545.754717,6852.577320,10607.042254,8135.211268,8845.382586,7537.156324,-0.018524,0.058048,0.001102,0.178817,0.063426,0.080920,-0.007960
1035750,110.7402,46,Pinky_C1_Open,Pinky,open,1,0.7402,Pinky cycle 1: OPEN,2873,2822,2736,3099,2875,2953,2814,7993.617021,7537.156324,6845.033113,10578.915663,8012.295082,8791.768827,7468.852459,-0.013939,0.056842,0.000000,0.175691,0.047359,0.074369,-0.016950
1035800,110.8783,46,Pinky_C1_Open,Pinky,open,1,0.8783,Pinky cycle 1: OPEN,2864,2806,2729,3094,2891,2959,2826,7910.316816,7401.396431,6792.532943,10509.090909,8163.953488,8856.161972,7571.631206,-0.024214,0.037806,-0.007670,0.167931,0.067183,0.082238,-0.003422
1035850,110.8784,46,Pinky_C1_Open,Pinky,open,1,0.8784,Pinky cycle 1: OPEN,2863,2818,2736,3096,2889,2962,2823,7901.136364,7502.897416,6845.033113,10536.936937,8144.776119,8888.614298,7545.754717,-0.025347,0.052039,0.000000,0.171026,0.064677,0.086203,-0.006828
1035900,110.8784,46,Pinky_C1_Open,Pinky,open,1,0.8784,Pinky cycle 1: OPEN,2865,2822,2735,3097,2881,2954,2814,7919.512195,7537.156324,6837.500000,10550.901804,8068.698517,8802.453988,7468.852459,-0.023080,0.056842,-0.001101,0.172578,0.054732,0.075675,-0.016950
1035950,110.9440,46,Pinky_C1_Open,Pinky,open,1,0.9440,Pinky cycle 1: OPEN,2862,2813,2732,3108,2893,2965,2829,7891.970803,7460.374415,6814.966985,10706.382979,8183.194676,8921.238938,7597.630332,-0.026477,0.046076,-0.004392,0.189857,0.069699,0.090190,0.000000
1036000,110.9763,46,Pinky_C1_Open,Pinky,open,1,0.9763,Pinky cycle 1: OPEN,2862,2829,2734,3118,2890,2977,2828,7891.970803,7597.630332,6829.977957,10850.767656,8154.356846,9053.488372,7588.950276,-0.026477,0.065322,-0.002199,0.205903,0.065929,0.106351,-0.001142
1036050,111.1415,46,Pinky_C1_Open,Pinky,open,1,1.1415,Pinky cycle 1: OPEN,2869,2828,2735,3121,2881,2992,2817,7956.443719,7588.950276,6837.500000,10894.661191,8068.698517,9222.846782,7494.366197,-0.018524,0.064105,-0.001101,0.210781,0.054732,0.127047,-0.013592
1036100,111.1416,46,Pinky_C1_Open,Pinky,open,1,1.1416,Pinky cycle 1: OPEN,2863,2820,2721,3122,2894,3003,2829,7901.136364,7520.000000,6733.187773,10909.352518,8192.839301,9350.000000,7597.630332,-0.025347,0.054437,-0.016340,0.212414,0.070959,0.142586,0.000000
1036150,111.1416,46,Pinky_C1_Open,Pinky,open,1,1.1416,Pinky cycle 1: OPEN,2862,2828,2732,3115,2892,2995,2831,7891.970803,7588.950276,6814.966985,10807.142857,8173.566085,9257.272727,7615.031646,-0.026477,0.064105,-0.004392,0.201055,0.068440,0.131254,0.002290
1036200,111.1742,46,Pinky_C1_Open,Pinky,open,1,1.1742,Pinky cycle 1: OPEN,2865,2826,2734,3112,2877,2981,2821,7919.512195,7571.631206,6829.977957,10763.784334,8031.034483,9098.204668,7528.571429,-0.023080,0.061676,-0.002199,0.196236,0.049808,0.111816,-0.009090
1036250,111.2180,46,Pinky_C1_Open,Pinky,open,1,1.2180,Pinky cycle 1: OPEN,2866,2814,2726,3123,2888,2997,2830,7928.722539,7468.852459,6770.197224,10924.074074,8135.211268,9280.327869,7606.324111,-0.021944,0.047265,-0.010933,0.214050,0.063426,0.134072,0.001144
1036300,111.3966,46,Pinky_C1_Open,Pinky,open,1,1.3966,Pinky cycle 1: OPEN,2865,2825,2745,3126,2887,3007,2830,7919.512195,7562.992126,6913.333333,10968.421053,8125.662252,9396.875000,7606.324111,-0.023080,0.060465,0.009978,0.218979,0.062178,0.148314,0.001144
1036350,111.3966,46,Pinky_C1_Open,Pinky,open,1,1.3966,Pinky cycle 1: OPEN,2867,2821,2750,3117,2879,2977,2820,7937.947883,7528.571429,6951.672862,10836.196319,8049.835526,9053.488372,7520.000000,-0.020806,0.055639,0.015579,0.204284,0.052266,0.106351,-0.010218
1036400,111.3967,46,Pinky_C1_Open,Pinky,open,1,1.3967,Pinky cycle 1: OPEN,2862,2805,2736,3095,2896,2979,2831,7891.970803,7393.023256,6845.033113,10523.000000,8212.176814,9075.806452,7615.031646,-0.026477,0.036632,0.000000,0.169477,0.073487,0.109079,0.002290
1036450,111.4293,46,Pinky_C1_Open,Pinky,open,1,1.4293,Pinky cycle 1: OPEN,2868,2818,2740,3109,2893,2987,2827,7947.188264,7502.897416,6875.276753,10720.689655,8183.194676,9165.884477,7580.283912,-0.019666,0.052039,0.004418,0.191447,0.069699,0.120086,-0.002283
1036500,111.4836,46,Pinky_C1_Open,Pinky,open,1,1.4836,Pinky cycle 1: OPEN,2865,2818,2736,3115,2876,2983,2829,7919.512195,7502.897416,6845.033113,10807.142857,8021.657096,9120.683453,7597.630332,-0.023080,0.052039,0.000000,0.201055,0.048583,0.114563,0.000000
1036550,111.6491,46,Pinky_C1_Open,Pinky,open,1,1.6491,Pinky cycle 1: OPEN,2861,2808,2728,3109,2889,2998,2832,7882.820097,7418.181818,6785.076811,10720.689655,8144.776119,9291.886964,7623.752969,-0.027606,0.040160,-0.008759,0.191447,0.064677,0.135484,0.003438
1036600,111.6491,46,Pinky_C1_Open,Pinky,open,1,1.6491,Pinky cycle 1: OPEN,2863,2820,2734,3119,2884,2992,2832,7901.136364,7520.000000,6829.977957,10865.368852,8097.109827,9222.846782,7623.752969,-0.025347,0.054437,-0.002199,0.207526,0.058446,0.127047,0.003438
1036650,111.6492,46,Pinky_C1_Open,Pinky,open,1,1.6492,Pinky cycle 1: OPEN,2865,2822,2734,3119,2874,3001,2827,7919.512195,7537.156324,6829.977957,10865.368852,8002.948403,9326.691042,7580.283912,-0.023080,0.056842,-0.002199,0.207526,0.046137,0.139737,-0.002283
1036700,111.7036,46,Pinky_C1_Open,Pinky,open,1,1.7036,Pinky cycle 1: OPEN,2863,2814,2722,3115,2886,3010,2835,7901.136364,7468.852459,6740.568099,10807.142857,8116.129032,9432.258065,7650.000000,-0.025347,0.047265,-0.015261,0.201055,0.060932,0.152638,0.006893
1036750,111.7247,46,Pinky_C1_Open,Pinky,open,1,1.7247,Pinky cycle 1: OPEN,2861,2826,2734,3126,2881,3020,2833,7882.820097,7571.631206,6829.977957,10968.421053,8068.698517,9551.627907,7632.488114,-0.027606,0.061676,-0.002199,0.218979,0.054732,0.167225,0.004588
1036800,111.9020,46,Pinky_C1_Open,Pinky,open,1,1.9020,Pinky cycle 1: OPEN,2865,2822,2731,3123,2877,3005,2824,7919.512195,7537.156324,6807.478006,10924.074074,8031.034483,9373.394495,7554.366640,-0.023080,0.056842,-0.005486,0.214050,0.049808,0.145444,-0.005694
1036850,111.9020,46,Pinky_C1_Open,Pinky,open,1,1.9020,Pinky cycle 1: OPEN,2861,2815,2722,3112,2886,3015,2832,7882.820097,7477.343750,6740.568099,10763.784334,8116.129032,9491.666667,7623.752969,-0.027606,0.048456,-0.015261,0.196236,0.060932,0.159897,0.003438
1036900,111.9020,46,Pinky_C1_Open,Pinky,open,1,1.9020,Pinky cycle 1: OPEN,2867,2828,2725,3111,2879,3012,2830,7937.947883,7588.950276,6762.773723,10749.390244,8049.835526,9455.955679,7606.324111,-0.020806,0.064105,-0.012017,0.194637,0.052266,0.155534,0.001144
1036950,111.9676,46,Pinky_C1_Open,Pinky,open,1,1.9676,Pinky cycle 1: OPEN,2864,2823,2728,3108,2875,2998,2821,7910.316816,7545.754717,6785.076811,10706.382979,8012.295082,9291.886964,7528.571429,-0.024214,0.058048,-0.008759,0.189857,0.047359,0.135484,-0.009090
1037000,111.9676,46,Pinky_C1_Open,Pinky,open,1,1.9676,Pinky cycle 1: OPEN,2867,2811,2717,3094,2886,3009,2832,7937.947883,7443.457944,6703.773585,10509.090909,8116.129032,9420.441989,7623.752969,-0.020806,0.043704,-0.020637,0.167931,0.060932,0.151194,0.003438
1037050,112.1732,47,Pinky_C1_Bend,Pinky,bend,1,0.1732,Pinky cycle 1: BEND Pinky,2865,2825,2728,3114,2882,3005,2831,7919.512195,7562.992126,6785.076811,10792.660550,8078.153339,9373.394495,7615.031646,-0.023080,0.060465,-0.008759,0.199446,0.055968,0.145444,0.002290
1037100,112.1733,47,Pinky_C1_Bend,Pinky,bend,1,0.1733,Pinky cycle 1: BEND Pinky,2864,2820,2724,3101,2870,2994,2822,7910.316816,7520.000000,6755.361050,10607.042254,7965.714286,9245.776567,7537.156324,-0.024214,0.054437,-0.013100,0.178817,0.041270,0.129849,-0.007960
1037150,112.1734,47,Pinky_C1_Bend,Pinky,bend,1,0.1734,Pinky cycle 1: BEND Pinky,2861,2812,2727,3132,2893,2997,2831,7882.820097,7451.909587,6777.631579,11057.943925,8183.194676,9280.327869,7615.031646,-0.027606,0.044889,-0.009847,0.228928,0.069699,0.134072,0.002290
1037200,112.1951,47,Pinky_C1_Bend,Pinky,bend,1,0.1951,Pinky cycle 1: BEND Pinky,2871,2819,2736,3106,2890,3023,2833,7975.000000,7511.442006,6845.033113,10677.856421,8154.356846,9587.873134,7632.488114,-0.016235,0.053237,0.000000,0.186687,0.065929,0.171654,0.004588
1037250,112.2494,47,Pinky_C1_Bend,Pinky,bend,1,0.2494,Pinky cycle 1: BEND Pinky,2869,2816,2732,3125,2876,2990,2823,7956.443719,7485.848319,6814.966985,10953.608247,8021.657096,9200.000000,7545.754717,-0.018524,0.049648,-0.004392,0.217333,0.048583,0.124255,-0.006828
1037300,112.2712,47,Pinky_C1_Bend,Pinky,bend,1,0.2712,Pinky cycle 1: BEND Pinky,2866,2803,2712,3108,2885,2997,2832,7928.722539,7376.315789,6667.245119,10706.382979,8106.611570,9280.327869,7623.752969,-0.021944,0.034290,-0.025973,0.189857,0.059688,0.134072,0.003438
1037350,112.4134,47,Pinky_C1_Bend,Pinky,bend,1,0.4134,Pinky cycle 1: BEND Pinky,2872,2814,2715,3117,2882,2993,2829,7984.300899,7468.852459,6689.130435,10836.196319,8078.153339,9234.301270,7597.630332,-0.015088,0.047265,-0.022776,0.204284,0.055968,0.128447,0.000000
1037400,112.4135,47,Pinky_C1_Bend,Pinky,bend,1,0.4135,Pinky cycle 1: BEND Pinky,2864,2811,2713,3119,2869,2989,2821,7910.316816,7443.457944,6674.529667,10865.368852,7956.443719,9188.607595,7528.571429,-0.024214,0.043704,-0.024909,0.207526,0.040058,0.122863,-0.009090
1037450,112.4246,47,Pinky_C1_Bend,Pinky,bend,1,0.4246,Pinky cycle 1: BEND Pinky,2867,2801,2706,3106,2883,2976,2830,7937.947883,7359.659969,6623.758099,10677.856421,8087.623762,9042.359249,7606.324111,-0.020806,0.031954,-0.032326,0.186687,0.057206,0.104991,0.001144
1037500,112.4797,47,Pinky_C1_Bend,Pinky,bend,1,0.4797,Pinky cycle 1: BEND Pinky,2869,2809,2710,3101,2885,2967,2829,7956.443719,7426.594090,6652.707581,10607.042254,8106.611570,8943.085106,7597.630332,-0.018524,0.041340,-0.028097,0.178817,0.059688,0.092860,0.000000
1037550,112.6675,47,Pinky_C1_Bend,Pinky,bend,1,0.6675,Pinky cycle 1: BEND Pinky,2867,2809,2704,3106,2875,2971,2819,7937.947883,7426.594090,6609.345794,10677.856421,8012.295082,8987.010676,7511.442006,-0.020806,0.041340,-0.034432,0.186687,0.047359,0.098228,-0.011344
1037600,112.6675,47,Pinky_C1_Bend,Pinky,bend,1,0.6675,Pinky cycle 1: BEND Pinky,2870,2798,2695,3116,2886,2983,2831,7965.714286,7334.772552,6545.000000,10821.654750,8116.129032,9120.683453,7615.031646,-0.017381,0.028465,-0.043832,0.202668,0.060932,0.114563,0.002290
1037650,112.6676,47,Pinky_C1_Bend,Pinky,bend,1,0.6676,Pinky cycle 1: BEND Pinky,2870,2811,2703,3109,2883,2973,2830,7965.714286,7443.457944,6602.155172,10720.689655,8087.623762,9009.090909,7606.324111,-0.017381,0.043704,-0.035482,0.191447,0.057206,0.100926,0.001144
1037700,112.6786,47,Pinky_C1_Bend,Pinky,bend,1,0.6786,Pinky cycle 1: BEND Pinky,2871,2812,2702,3112,2874,2961,2823,7975.000000,7451.909587,6594.974874,10763.784334,8002.948403,8877.777778,7545.754717,-0.016235,0.044889,-0.036531,0.196236,0.046137,0.084879,-0.006828
1037750,112.7335,47,Pinky_C1_Bend,Pinky,bend,1,0.7335,Pinky cycle 1: BEND Pinky,2868,2802,2691,3112,2885,2991,2833,7947.188264,7367.981439,6516.666667,10763.784334,8106.611570,9211.413043,7632.488114,-0.019666,0.033121,-0.047971,0.196236,0.059688,0.125650,0.004588
1037800,112.9176,47,Pinky_C1_Bend,Pinky,bend,1,0.9176,Pinky cycle 1: BEND Pinky,2872,2815,2701,3118,2882,2991,2834,7984.300899,7477.343750,6587.804878,10850.767656,8078.153339,9211.413043,7641.237113,-0.015088,0.048456,-0.037579,0.205903,0.055968,0.125650,0.005740
1037850,112.9177,47,Pinky_C1_Bend,Pinky,bend,1,0.9177,Pinky cycle 1: BEND Pinky,2876,2815,2700,3113,2872,2974,2828,8021.657096,7477.343750,6580.645161,10778.207739,7984.300899,9020.160571,7588.950276,-0.010480,0.048456,-0.038625,0.197839,0.043699,0.102279,-0.001142
1037900,112.9177,47,Pinky_C1_Bend,Pinky,bend,1,0.9177,Pinky cycle 1: BEND Pinky,2877,2803,2694,3121,2885,2986,2835,8031.034483,7376.315789,6537.901499,10894.661191,8106.611570,9154.553652,7650.000000,-0.009323,0.034290,-0.044869,0.210781,0.059688,0.118702,0.006893
1037950,112.9614,47,Pinky_C1_Bend,Pinky,bend,1,0.9614,Pinky cycle 1: BEND Pinky,2866,2814,2706,3124,2884,2961,2833,7928.722539,7468.852459,6623.758099,10938.825953,8097.109827,8877.777778,7632.488114,-0.021944,0.047265,-0.032326,0.215690,0.058446,0.084879,0.004588
1038000,112.9717,47,Pinky_C1_Bend,Pinky,bend,1,0.9717,Pinky cycle 1: BEND Pinky,2874,2810,2705,3113,2866,2951,2830,8002.948403,7435.019455,6616.546763,10778.207739,7928.722539,8770.454545,7606.324111,-0.012787,0.042521,-0.033380,0.197839,0.036434,0.071764,0.001144
1038050,113.0372,47,Pinky_C1_Bend,Pinky,bend,1,1.0372,Pinky cycle 1: BEND Pinky,2870,2803,2696,3112,2879,2961,2835,7965.714286,7376.315789,6552.108649,10763.784334,8049.835526,8877.777778,7650.000000,-0.017381,0.034290,-0.042794,0.196236,0.052266,0.084879,0.006893
1038100,113.1845,47,Pinky_C1_Bend,Pinky,bend,1,1.1845,Pinky cycle 1: BEND Pinky,2874,2816,2707,3155,2878,2965,2833,8002.948403,7485.848319,6630.979827,11411.702128,8040.427280,8921.238938,7632.488114,-0.012787,0.049648,-0.031271,0.268243,0.051036,0.090190,0.004588
1038150,113.1845,47,Pinky_C1_Bend,Pinky,bend,1,1.1845,Pinky cycle 1: BEND Pinky,2877,2809,2713,3161,2875,2951,2829,8031.034483,7426.594090,6674.529667,11506.852248,8012.295082,8770.454545,7597.630332,-0.009323,0.041340,-0.024909,0.278818,0.047359,0.071764,0.000000
1038200,113.1845,47,Pinky_C1_Bend,Pinky,bend,1,1.1845,Pinky cycle 1: BEND Pinky,2888,2803,2757,3152,2895,3034,2837,8135.211268,7376.315789,7005.829596,11364.581124,8202.500000,9722.525919,7667.567568,0.003528,0.034290,0.023491,0.263006,0.072222,0.188109,0.009205
1038250,113.2389,47,Pinky_C1_Bend,Pinky,bend,1,1.2389,Pinky cycle 1: BEND Pinky,2902,2817,2780,3213,2912,3086,2841,8270.578374,7494.366197,7187.832700,12385.714286,8369.230769,10398.810704,7702.870813,0.020226,0.050842,0.050080,0.376490,0.094017,0.270752,0.013852
1038300,113.2942,47,Pinky_C1_Bend,Pinky,bend,1,1.2942,Pinky cycle 1: BEND Pinky,2908,2835,2786,3297,2928,3220,2833,8329.570345,7650.000000,7236.363636,14047.368421,8530.591260,12512.000000,7632.488114,0.027503,0.072665,0.057170,0.561159,0.115110,0.528987,0.004588
1038350,113.4088,47,Pinky_C1_Bend,Pinky,bend,1,1.4088,Pinky cycle 1: BEND Pinky,2907,2831,2767,3274,2971,3165,2848,8319.696970,7615.031646,7084.186747,13558.587089,8987.010676,11570.967742,7765.196472,0.026285,0.067762,0.034938,0.506838,0.174773,0.413992,0.022055
1038400,113.4089,47,Pinky_C1_Bend,Pinky,bend,1,1.4089,Pinky cycle 1: BEND Pinky,2917,2859,2767,3220,2990,3168,2844,8419.185059,7864.563107,7084.186747,12512.000000,9200.000000,11619.417476,7729.496403,0.038558,0.102751,0.034938,0.390525,0.202614,0.419912,0.017356
1038450,113.4411,47,Pinky_C1_Bend,Pinky,bend,1,1.4411,Pinky cycle 1: BEND Pinky,2917,2849,2773,3182,3012,3238,2833,8419.185059,7774.157303,7131.770045,11849.726177,9455.955679,12846.207701,7632.488114,0.038558,0.090074,0.041890,0.316923,0.236073,0.569828,0.004588
1038500,113.4733,47,Pinky_C1_Bend,Pinky,bend,1,1.4733,Pinky cycle 1: BEND Pinky,2915,2843,2765,3167,3203,3145,2838,8399.152542,7720.607029,7068.421053,11603.232759,12208.744395,11255.789474,7676.372315,0.036087,0.082565,0.032635,0.289529,0.595914,0.375476,0.010364
1038550,113.5282,47,Pinky_C1_Bend,Pinky,bend,1,1.5282,Pinky cycle 1: BEND Pinky,2919,2867,2772,3160,3175,3137,2836,8439.285714,7937.947883,7123.809524,11490.909091,11733.695652,11133.402923,7658.776807,0.041037,0.113040,0.040727,0.277046,0.533816,0.360520,0.008048
1038600,113.6841,47,Pinky_C1_Bend,Pinky,bend,1,1.6841,Pinky cycle 1: BEND Pinky,2920,2869,2775,3195,3255,3171,2828,8449.361702,7956.443719,7147.727273,12070.000000,13175.000000,11668.181818,7588.950276,0.042280,0.115634,0.044221,0.341403,0.722222,0.425871,-0.001142
1038650,113.6842,47,Pinky_C1_Bend,Pinky,bend,1,1.6842,Pinky cycle 1: BEND Pinky,2911,2866,2759,3209,3295,3276,2836,8359.290541,7928.722539,7021.407186,12314.446953,14003.750000,13600.000000,7658.776807,0.031169,0.111747,0.025767,0.368570,0.830556,0.661943,0.008048
1038700,113.6949,47,Pinky_C1_Bend,Pinky,bend,1,1.6949,Pinky cycle 1: BEND Pinky,2906,2873,2769,3191,3319,3155,2835,8309.840202,7993.617021,7100.000000,12001.548673,14542.010309,11411.702128,7650.000000,0.025069,0.120846,0.037248,0.333796,0.900916,0.394529,0.006893
1038750,113.7387,47,Pinky_C1_Bend,Pinky,bend,1,1.7387,Pinky cycle 1: BEND Pinky,2914,2863,2766,3130,3345,3247,2830,8389.161727,7901.136364,7076.297968,11027.979275,15164.000000,13018.632075,7606.324111,0.034854,0.107879,0.033786,0.225598,0.982222,0.590898,0.001144
1038800,113.7814,47,Pinky_C1_Bend,Pinky,bend,1,1.7814,Pinky cycle 1: BEND Pinky,2918,2843,2760,3135,3440,3148,2839,8429.226848,7720.607029,7029.213483,11103.125000,17856.488550,11302.217529,7685.191083,0.039797,0.082565,0.026907,0.233949,1.334182,0.381150,0.011525
1038850,113.9546,47,Pinky_C1_Bend,Pinky,bend,1,1.9546,Pinky cycle 1: BEND Pinky,2916,2859,2779,3081,3421,3210,2834,8409.160305,7864.563107,7179.787234,10330.769231,17257.270030,12332.203390,7641.237113,0.037321,0.102751,0.048905,0.148113,1.255852,0.507016,0.005740
1038900,113.9547,47,Pinky_C1_Bend,Pinky,bend,1,1.9547,Pinky cycle 1: BEND Pinky,2912,2852,2777,3092,3391,3141,2830,8369.230769,7801.126307,7163.732929,10481.355932,16376.988636,11194.339623,7606.324111,0.032396,0.093856,0.046559,0.164849,1.140783,0.367967,0.001144
1038950,113.9547,47,Pinky_C1_Bend,Pinky,bend,1,1.9547,Pinky cycle 1: BEND Pinky,2907,2836,2758,3034,3372,3111,2833,8319.696970,7658.776807,7013.612565,9722.525919,15857.261411,10749.390244,7632.488114,0.026285,0.073896,0.024628,0.080516,1.072845,0.313593,0.004588
1039000,113.9982,47,Pinky_C1_Bend,Pinky,bend,1,1.9982,Pinky cycle 1: BEND Pinky,2911,2845,2780,3139,3381,3086,2833,8359.290541,7738.400000,7187.832700,11163.807531,16100.000000,10398.810704,7632.488114,0.031169,0.085060,0.050080,0.240693,1.104575,0.270752,0.004588
1039050,114.0378,48,Pinky_C2_Open,Pinky,open,2,0.0378,Pinky cycle 2: OPEN,2911,2839,2779,3122,3338,3093,2825,8359.290541,7685.191083,7179.787234,10909.352518,14992.338177,10495.209581,7562.992126,0.031169,0.077599,0.048905,0.212414,0.959783,0.282532,-0.004559
1039100,114.2282,48,Pinky_C2_Open,Pinky,open,2,0.2282,Pinky cycle 2: OPEN,2915,2829,2776,3113,3374,3083,2830,8399.152542,7597.630332,7155.724033,10778.207739,15910.679612,10357.905138,7606.324111,0.036087,0.065322,0.045389,0.197839,1.079827,0.265753,0.001144
1039150,114.2283,48,Pinky_C2_Open,Pinky,open,2,0.2283,Pinky cycle 2: OPEN,2916,2840,2792,3082,3362,3094,2832,8409.160305,7694.023904,7285.341520,10344.323791,15594.542974,10509.090909,7623.752969,0.037321,0.078838,0.064325,0.149620,1.038502,0.284228,0.003438
1039200,114.2283,48,Pinky_C2_Open,Pinky,open,2,0.2283,Pinky cycle 2: OPEN,2921,2840,2793,3082,3346,3079,2825,8459.454855,7694.023904,7293.548387,10344.323791,15188.785047,10303.740157,7562.992126,0.043525,0.078838,0.065524,0.149620,0.985462,0.259134,-0.004559
1039250,114.2395,48,Pinky_C2_Open,Pinky,open,2,0.2395,Pinky cycle 2: OPEN,2913,2835,2785,3104,3374,3040,2832,8379.187817,7650.000000,7228.244275,10649.445005,15910.679612,9797.156398,7623.752969,0.033624,0.072665,0.055984,0.183529,1.079827,0.197229,0.003438
1039300,114.2819,48,Pinky_C2_Open,Pinky,open,2,0.2819,Pinky cycle 2: OPEN,2913,2843,2786,3089,3356,3035,2831,8379.187817,7720.607029,7236.363636,10439.960239,15440.324763,9734.905660,7615.031646,0.033624,0.082565,0.057170,0.160248,1.018343,0.189622,0.002290
1039350,114.5516,48,Pinky_C2_Open,Pinky,open,2,0.5516,Pinky cycle 2: OPEN,2912,2841,2770,3119,3326,3009,2824,8369.230769,7702.870813,7107.924528,10865.368852,14705.331599,9420.441989,7554.366640,0.032396,0.080078,0.038406,0.207526,0.922266,0.151194,-0.005694
1039400,114.5517,48,Pinky_C2_Open,Pinky,open,2,0.5517,Pinky cycle 2: OPEN,2913,2831,2772,3135,3330,3014,2831,8379.187817,7615.031646,7123.809524,11103.125000,14800.000000,9479.740981,7615.031646,0.033624,0.067762,0.040727,0.233949,0.934641,0.158440,0.002290
1039450,114.5517,48,Pinky_C2_Open,Pinky,open,2,0.5517,Pinky cycle 2: OPEN,2912,2847,2785,3100,3338,3019,2832,8369.230769,7756.250000,7228.244275,10592.964824,14992.338177,9539.591078,7623.752969,0.032396,0.087563,0.055984,0.177252,0.959783,0.165754,0.003438
1039500,114.5517,48,Pinky_C2_Open,Pinky,open,2,0.5517,Pinky cycle 2: OPEN,2923,2844,2797,3121,3296,3035,2830,8479.692833,7729.496403,7326.502311,10894.661191,14025.531915,9734.905660,7606.324111,0.046022,0.083812,0.070338,0.210781,0.833403,0.189622,0.001144
1039550,114.5518,48,Pinky_C2_Open,Pinky,open,2,0.5518,Pinky cycle 2: OPEN,2918,2831,2783,3099,3322,3036,2834,8429.226848,7615.031646,7212.042683,10578.915663,14611.642950,9747.308782,7641.237113,0.039797,0.067762,0.053617,0.175691,0.910019,0.191137,0.005740
1039600,114.7336,48,Pinky_C2_Open,Pinky,open,2,0.7336,Pinky cycle 2: OPEN,2913,2838,2776,3117,3251,3043,2832,8379.187817,7676.372315,7155.724033,10836.196319,13096.445498,9834.790875,7623.752969,0.033624,0.076363,0.045389,0.204284,0.711954,0.201828,0.003438
1039650,114.7337,48,Pinky_C2_Open,Pinky,open,2,0.7337,Pinky cycle 2: OPEN,2913,2836,2783,3139,3307,3035,2829,8379.187817,7658.776807,7212.042683,11163.807531,14268.781726,9734.905660,7597.630332,0.033624,0.073896,0.053617,0.240693,0.865200,0.189622,0.000000
1039700,114.7337,48,Pinky_C2_Open,Pinky,open,2,0.7337,Pinky cycle 2: OPEN,2915,2822,2776,3133,3344,3050,2837,8399.152542,7537.156324,7155.724033,11072.972973,15139.280959,9923.444976,7667.567568,0.036087,0.056842,0.045389,0.230598,0.978991,0.212661,0.009205
1039750,114.7445,48,Pinky_C2_Open,Pinky,open,2,0.7445,Pinky cycle 2: OPEN,2910,2834,2794,3097,3388,3047,2837,8349.367089,7641.237113,7301.767871,10550.901804,16293.069307,9885.305344,7667.567568,0.029945,0.071436,0.066725,0.172578,1.129813,0.208001,0.009205
1039800,114.7778,48,Pinky_C2_Open,Pinky,open,2,0.7778,Pinky cycle 2: OPEN,2914,2829,2787,3070,3381,3028,2828,8389.161727,7597.630332,7244.495413,10183.414634,16100.000000,9648.734770,7588.950276,0.034854,0.065322,0.058358,0.131737,1.104575,0.179091,-0.001142
1039850,114.8219,48,Pinky_C2_Open,Pinky,open,2,0.8219,Pinky cycle 2: OPEN,2916,2817,2776,3056,3400,3027,2833,8409.160305,7494.366197,7155.724033,10000.384986,16633.093525,9636.516854,7632.488114,0.037321,0.050842,0.045389,0.111396,1.174261,0.177598,0.004588
1039900,114.9769,48,Pinky_C2_Open,Pinky,open,2,0.9769,Pinky cycle 2: OPEN,2910,2826,2795,3071,3400,3048,2834,8349.367089,7571.631206,7310.000000,10196.679688,16633.093525,9897.994269,7641.237113,0.029945,0.061676,0.067928,0.133211,1.174261,0.209551,0.005740
1039950,114.9770,48,Pinky_C2_Open,Pinky,open,2,0.9770,Pinky cycle 2: OPEN,2916,2823,2782,3098,3367,3096,2826,8409.160305,7545.754717,7203.960396,10564.894684,15725.000000,10536.936937,7571.631206,0.037321,0.058048,0.052436,0.174133,1.055556,0.287631,-0.003422
1040000,114.9878,48,Pinky_C2_Open,Pinky,open,2,0.9878,Pinky cycle 2: OPEN,2909,2812,2812,3108,3068,3083,2833,8339.460371,7451.909587,7451.909587,10706.382979,10156.962025,10357.905138,7632.488114,0.028723,0.044889,0.088659,0.189857,0.327707,0.265753,0.004588
1040050,115.0419,48,Pinky_C2_Open,Pinky,open,2,1.0419,Pinky cycle 2: OPEN,2908,2822,2798,3096,3126,3058,2832,8329.570345,7537.156324,7334.772552,10536.936937,10968.421053,10026.229508,7623.752969,0.027503,0.056842,0.071547,0.171026,0.433781,0.225222,0.003438
1040100,115.0747,48,Pinky_C2_Open,Pinky,open,2,1.0747,Pinky cycle 2: OPEN,2916,2818,2789,3086,3391,3075,2829,8409.160305,7502.897416,7260.796325,10398.810704,16376.988636,10250.000000,7597.630332,0.037321,0.052039,0.060739,0.155675,1.140783,0.252567,0.000000
1040150,115.1984,48,Pinky_C2_Open,Pinky,open,2,1.1984,Pinky cycle 2: OPEN,2913,2816,2827,3170,3401,3168,2837,8379.187817,7485.848319,7580.283912,11651.891892,16661.959654,11619.417476,7667.567568,0.033624,0.049648,0.107414,0.294937,1.178034,0.419912,0.009205
1040200,115.1985,48,Pinky_C2_Open,Pinky,open,2,1.1985,Pinky cycle 2: OPEN,2912,2822,2828,3196,3312,3178,2837,8369.230769,7537.156324,7588.950276,12087.208009,14381.609195,11783.206107,7667.567568,0.032396,0.056842,0.108680,0.343316,0.879949,0.439927,0.009205
1040250,115.2526,48,Pinky_C2_Open,Pinky,open,2,1.2526,Pinky cycle 2: OPEN,2903,2816,2833,3228,3243,3150,2830,8280.369128,7485.848319,7632.488114,12658.823529,12941.549296,11333.333333,7606.324111,0.021434,0.049648,0.115040,0.406842,0.691706,0.384952,0.001144
1040300,115.2959,48,Pinky_C2_Open,Pinky,open,2,1.2959,Pinky cycle 2: OPEN,2897,2802,2791,3178,3182,3126,2840,8221.869783,7367.981439,7277.147239,11783.206107,11849.726177,10968.421053,7694.023904,0.014218,0.033121,0.063128,0.309530,0.548984,0.340359,0.012687
1040350,115.3287,48,Pinky_C2_Open,Pinky,open,2,1.3287,Pinky cycle 2: OPEN,2897,2817,2796,3210,3130,3143,2846,8221.869783,7494.366197,7318.244804,12332.203390,11027.979275,11225.000000,7747.317854,0.014218,0.050842,0.069132,0.370543,0.441566,0.371714,0.019702
1040400,115.4639,48,Pinky_C2_Open,Pinky,open,2,1.4639,Pinky cycle 2: OPEN,2905,2813,2787,3241,3065,3188,2837,8300.000000,7460.374415,7244.495413,12903.278689,10117.475728,11950.606395,7667.567568,0.023856,0.046076,0.058358,0.434010,0.322546,0.460384,0.009205
1040450,115.4640,48,Pinky_C2_Open,Pinky,open,2,1.4640,Pinky cycle 2: OPEN,2900,2803,2799,3200,3061,3149,2846,8251.046025,7376.315789,7343.055556,12156.424581,10065.183752,11317.758985,7747.317854,0.017817,0.034290,0.072757,0.351008,0.315710,0.383049,0.019702
1040500,115.4962,48,Pinky_C2_Open,Pinky,open,2,1.4962,Pinky cycle 2: OPEN,2910,2812,2801,3201,3050,3137,2846,8349.367089,7451.909587,7359.659969,12173.825503,9923.444976,11133.402923,7747.317854,0.029945,0.044889,0.075183,0.352942,0.297182,0.360520,0.019702
1040550,115.5504,48,Pinky_C2_Open,Pinky,open,2,1.5504,Pinky cycle 2: OPEN,2908,2814,2793,3186,3032,3135,2835,8329.570345,7468.852459,7293.548387,11916.831683,9697.836312,11103.125000,7650.000000,0.027503,0.047265,0.065524,0.324381,0.267691,0.356820,0.006893
1040600,115.5821,48,Pinky_C2_Open,Pinky,open,2,1.5821,Pinky cycle 2: OPEN,2892,2797,2775,3190,3051,3094,2843,8173.566085,7326.502311,7147.727273,11984.530387,9936.206897,10509.090909,7720.607029,0.008259,0.027305,0.044221,0.331904,0.298851,0.284228,0.016186
1040650,115.7382,48,Pinky_C2_Open,Pinky,open,2,1.7382,Pinky cycle 2: OPEN,2903,2812,2782,3199,3049,3070,2839,8280.369128,7451.909587,7203.960396,12139.062500,9910.707457,10183.414634,7685.191083,0.021434,0.044889,0.052436,0.349078,0.295517,0.244430,0.011525
1040700,115.7382,48,Pinky_C2_Open,Pinky,open,2,1.7382,Pinky cycle 2: OPEN,2900,2807,2778,3156,3036,3043,2832,8251.046025,7409.782609,7171.753986,11427.476038,9747.308782,9834.790875,7623.752969,0.017817,0.038982,0.047731,0.269996,0.274158,0.201828,0.003438
1040750,115.7383,48,Pinky_C2_Open,Pinky,open,2,1.7383,Pinky cycle 2: OPEN,2893,2797,2767,3136,3030,3049,2841,8183.194676,7326.502311,7084.186747,11118.248175,9673.239437,9910.707457,7702.870813,0.009447,0.027305,0.034938,0.235630,0.264476,0.211105,0.013852
1040800,115.7922,48,Pinky_C2_Open,Pinky,open,2,1.7922,Pinky cycle 2: OPEN,2904,2807,2771,3124,2983,3043,2840,8290.176322,7409.782609,7115.861027,10938.825953,9120.683453,9834.790875,7694.023904,0.022644,0.038982,0.039566,0.215690,0.192246,0.201828,0.012687
1040850,115.9929,48,Pinky_C2_Open,Pinky,open,2,1.9929,Pinky cycle 2: OPEN,2905,2807,2773,3131,2964,3059,2832,8300.000000,7409.782609,7131.770045,11042.946058,8910.344828,10039.189189,7623.752969,0.023856,0.038982,0.041890,0.227261,0.164751,0.226806,0.003438
1040900,115.9930,48,Pinky_C2_Open,Pinky,open,2,1.9930,Pinky cycle 2: OPEN,2898,2796,2767,3131,2969,3057,2841,8231.578947,7318.244804,7084.186747,11042.946058,8965.008881,10013.294798,7702.870813,0.015415,0.026147,0.034938,0.227261,0.171897,0.223641,0.013852
1040950,115.9930,48,Pinky_C2_Open,Pinky,open,2,1.9930,Pinky cycle 2: OPEN,2905,2806,2777,3141,2977,3051,2844,8300.000000,7401.396431,7163.732929,11194.339623,9053.488372,9936.206897,7729.496403,0.023856,0.037806,0.046559,0.244086,0.183463,0.214221,0.017356
1041000,115.9931,48,Pinky_C2_Open,Pinky,open,2,1.9931,Pinky cycle 2: OPEN,2900,2802,2774,3132,2958,3039,2834,8251.046025,7367.981439,7139.742619,11057.943925,8845.382586,9784.659091,7641.237113,0.017817,0.033121,0.043055,0.228928,0.156259,0.195702,0.005740
1041050,116.0228,49,Pinky_C2_Bend,Pinky,bend,2,0.0228,Pinky cycle 2: BEND Pinky,2900,2795,2773,3137,2974,3059,2841,8251.046025,7310.000000,7131.770045,11133.402923,9020.160571,10039.189189,7702.870813,0.017817,0.024991,0.041890,0.237314,0.179106,0.226806,0.013852
1041100,116.0776,49,Pinky_C2_Bend,Pinky,bend,2,0.0776,Pinky cycle 2: BEND Pinky,2901,2806,2782,3132,2969,3059,2838,8260.804020,7401.396431,7203.960396,11057.943925,8965.008881,10039.189189,7676.372315,0.019021,0.037806,0.052436,0.228928,0.171897,0.226806,0.010364
1041150,116.2582,49,Pinky_C2_Bend,Pinky,bend,2,0.2582,Pinky cycle 2: BEND Pinky,2902,2800,2775,3135,2964,3049,2833,8270.578374,7351.351351,7147.727273,11103.125000,8910.344828,9910.707457,7632.488114,0.020226,0.030789,0.044221,0.233949,0.164751,0.211105,0.004588
1041200,116.2583,49,Pinky_C2_Bend,Pinky,bend,2,0.2583,Pinky cycle 2: BEND Pinky,2894,2793,2759,3123,2964,3045,2842,8192.839301,7293.548387,7021.407186,10924.074074,8910.344828,9860.000000,7711.731844,0.010637,0.022684,0.025767,0.214050,0.164751,0.204908,0.015018
1041250,116.2583,49,Pinky_C2_Bend,Pinky,bend,2,0.2583,Pinky cycle 2: BEND Pinky,2904,2802,2768,3115,2959,3036,2841,8290.176322,7367.981439,7092.087415,10807.142857,8856.161972,9747.308782,7702.870813,0.022644,0.033121,0.036092,0.201055,0.157668,0.191137,0.013852
1041300,116.2803,49,Pinky_C2_Bend,Pinky,bend,2,0.2803,Pinky cycle 2: BEND Pinky,2910,2798,2768,3115,2958,3039,2833,8349.367089,7334.772552,7092.087415,10807.142857,8845.382586,9784.659091,7632.488114,0.029945,0.028465,0.036092,0.201055,0.156259,0.195702,0.004588
1041350,116.3344,49,Pinky_C2_Bend,Pinky,bend,2,0.3344,Pinky cycle 2: BEND Pinky,2901,2785,2761,3107,3031,3031,2840,8260.804020,7228.244275,7037.031484,10692.105263,9685.526316,9685.526316,7694.023904,0.019021,0.013527,0.028049,0.188270,0.266082,0.183587,0.012687
1041400,116.5046,49,Pinky_C2_Bend,Pinky,bend,2,0.5046,Pinky cycle 2: BEND Pinky,2904,2794,2771,3103,2963,3027,2837,8290.176322,7301.767871,7115.861027,10635.282258,8899.469965,9636.516854,7667.567568,0.022644,0.023837,0.039566,0.181955,0.163329,0.177598,0.009205
1041450,116.5047,49,Pinky_C2_Bend,Pinky,bend,2,0.5047,Pinky cycle 2: BEND Pinky,2905,2793,2765,3094,2949,2999,2829,8300.000000,7293.548387,7068.421053,10509.090909,8749.214660,9303.467153,7597.630332,0.023856,0.022684,0.032635,0.167931,0.143688,0.136899,0.000000
1041500,116.5047,49,Pinky_C2_Bend,Pinky,bend,2,0.5047,Pinky cycle 2: BEND Pinky,2906,2781,2752,3075,2960,3011,2836,8309.840202,7195.890411,6967.088608,10250.000000,8866.960352,9444.095941,7658.776807,0.025069,0.008991,0.017831,0.139137,0.159080,0.154084,0.008048
1041550,116.5475,49,Pinky_C2_Bend,Pinky,bend,2,0.5475,Pinky cycle 2: BEND Pinky,2907,2795,2757,3095,2957,3011,2835,8319.696970,7310.000000,7005.829596,10523.000000,8834.622144,9444.095941,7650.000000,0.026285,0.024991,0.023491,0.169477,0.154853,0.154084,0.006893
1041600,116.5912,49,Pinky_C2_Bend,Pinky,bend,2,0.5912,Pinky cycle 2: BEND Pinky,2905,2793,2758,3098,2945,2993,2829,8300.000000,7293.548387,7013.612565,10564.894684,8706.956522,9234.301270,7597.630332,0.023856,0.022684,0.024628,0.174133,0.138164,0.128447,0.000000
1041650,116.7538,49,Pinky_C2_Bend,Pinky,bend,2,0.7538,Pinky cycle 2: BEND Pinky,2900,2784,2750,3093,2958,3003,2837,8251.046025,7220.137300,6951.672862,10495.209581,8845.382586,9350.000000,7667.567568,0.017817,0.012391,0.015579,0.166388,0.156259,0.142586,0.009205
1041700,116.7539,49,Pinky_C2_Bend,Pinky,bend,2,0.7539,Pinky cycle 2: BEND Pinky,2902,2800,2759,3109,2959,2982,2839,8270.578374,7351.351351,7021.407186,10720.689655,8856.161972,9109.433962,7685.191083,0.020226,0.030789,0.025767,0.191447,0.157668,0.113188,0.011525
1041750,116.7539,49,Pinky_C2_Bend,Pinky,bend,2,0.7539,Pinky cycle 2: BEND Pinky,2910,2799,2759,3108,2946,2976,2833,8349.367089,7343.055556,7021.407186,10706.382979,8717.493473,9042.359249,7632.488114,0.029945,0.029626,0.025767,0.189857,0.139542,0.104991,0.004588
1041800,116.7752,49,Pinky_C2_Bend,Pinky,bend,2,0.7752,Pinky cycle 2: BEND Pinky,2904,2787,2747,3104,2956,2992,2837,8290.176322,7244.495413,6928.635015,10649.445005,8823.880597,9222.846782,7667.567568,0.022644,0.015806,0.012214,0.183529,0.153448,0.127047,0.009205
1041850,116.8291,49,Pinky_C2_Bend,Pinky,bend,2,0.8291,Pinky cycle 2: BEND Pinky,2905,2799,2752,3105,2947,3009,2837,8300.000000,7343.055556,6967.088608,10663.636364,8728.048780,9420.441989,7667.567568,0.023856,0.029626,0.017831,0.185106,0.140921,0.151194,0.009205
1041900,117.0242,49,Pinky_C2_Bend,Pinky,bend,2,1.0242,Pinky cycle 2: BEND Pinky,2909,2799,2754,3090,2936,2977,2830,8339.460371,7343.055556,6982.550336,10453.731343,8612.942192,9053.488372,7606.324111,0.028723,0.029626,0.020090,0.161779,0.125875,0.106351,0.001144
1041950,117.0243,49,Pinky_C2_Bend,Pinky,bend,2,1.0243,Pinky cycle 2: BEND Pinky,2900,2786,2746,3078,2956,3010,2836,8251.046025,7236.363636,6920.978503,10290.265487,8823.880597,9432.258065,7658.776807,0.017817,0.014666,0.011095,0.143612,0.153448,0.152638,0.008048
1042000,117.0243,49,Pinky_C2_Bend,Pinky,bend,2,1.0243,Pinky cycle 2: BEND Pinky,2904,2796,2758,3069,2952,3007,2834,8290.176322,7318.244804,7013.612565,10170.175439,8781.102362,9396.875000,7641.237113,0.022644,0.026147,0.024628,0.130266,0.147857,0.148314,0.005740
1042050,117.0243,49,Pinky_C2_Bend,Pinky,bend,2,1.0243,Pinky cycle 2: BEND Pinky,2906,2793,2753,3103,2943,2986,2829,8309.840202,7293.548387,6974.813711,10635.282258,8685.937500,9154.553652,7597.630332,0.025069,0.022684,0.018960,0.181955,0.135417,0.118702,0.000000
1042100,117.0678,49,Pinky_C2_Bend,Pinky,bend,2,1.0678,Pinky cycle 2: BEND Pinky,2901,2780,2737,3105,2961,3020,2839,8260.804020,7187.832700,6852.577320,10663.636364,8877.777778,9551.627907,7685.191083,0.019021,0.007861,0.001102,0.185106,0.160494,0.167225,0.011525
1042150,117.2658,49,Pinky_C2_Bend,Pinky,bend,2,1.2658,Pinky cycle 2: BEND Pinky,2907,2798,2754,3138,2971,3023,2837,8319.696970,7334.772552,6982.550336,11148.589342,8987.010676,9587.873134,7667.567568,0.026285,0.028465,0.020090,0.239002,0.174773,0.171654,0.009205
1042200,117.2659,49,Pinky_C2_Bend,Pinky,bend,2,1.2659,Pinky cycle 2: BEND Pinky,2911,2797,2736,3169,2980,3024,2831,8359.290541,7326.502311,6845.033113,11635.637149,9086.995516,9600.000000,7615.031646,0.031169,0.027305,0.000000,0.293130,0.187843,0.173136,0.002290
1042250,117.2659,49,Pinky_C2_Bend,Pinky,bend,2,1.2659,Pinky cycle 2: BEND Pinky,2907,2785,2732,3193,2996,3030,2837,8319.696970,7228.244275,6814.966985,12035.698448,9268.789809,9673.239437,7667.567568,0.026285,0.013527,-0.004392,0.337591,0.211607,0.182086,0.009205
1042300,117.2983,49,Pinky_C2_Bend,Pinky,bend,2,1.2983,Pinky cycle 2: BEND Pinky,2907,2791,2751,3123,3188,3003,2832,8319.696970,7277.147239,6959.375000,10924.074074,11950.606395,9350.000000,7623.752969,0.026285,0.020384,0.016704,0.214050,0.562171,0.142586,0.003438
1042350,117.3195,49,Pinky_C2_Bend,Pinky,bend,2,1.3195,Pinky cycle 2: BEND Pinky,2907,2787,2771,3165,3262,3003,2821,8319.696970,7244.495413,7115.861027,11570.967742,13314.285714,9350.000000,7528.571429,0.026285,0.015806,0.039566,0.285943,0.740430,0.142586,-0.009090
1042400,117.3738,49,Pinky_C2_Bend,Pinky,bend,2,1.3738,Pinky cycle 2: BEND Pinky,2903,2776,2756,3154,3247,3069,2833,8280.369128,7155.724033,6998.058252,11395.961743,13018.632075,10170.175439,7632.488114,0.021434,0.003359,0.022356,0.266494,0.701782,0.242812,0.004588
1042450,117.5205,49,Pinky_C2_Bend,Pinky,bend,2,1.5205,Pinky cycle 2: BEND Pinky,2907,2785,2760,3074,3310,3085,2833,8319.696970,7228.244275,7029.213483,10236.630754,14336.305732,10385.148515,7632.488114,0.026285,0.013527,0.026907,0.137651,0.874027,0.269082,0.004588
1042500,117.5205,49,Pinky_C2_Bend,Pinky,bend,2,1.5205,Pinky cycle 2: BEND Pinky,2912,2786,2765,3134,3251,3066,2827,8369.230769,7236.363636,7068.421053,11088.033299,13096.445498,10130.612245,7580.283912,0.032396,0.014666,0.032635,0.232272,0.711954,0.237978,-0.002283
1042550,117.5309,49,Pinky_C2_Bend,Pinky,bend,2,1.5309,Pinky cycle 2: BEND Pinky,2904,2778,2764,3137,3305,3055,2834,8290.176322,7171.753986,7060.555973,11133.402923,14224.050633,9987.500000,7641.237113,0.022644,0.005606,0.031486,0.237314,0.859353,0.220489,0.005740
1042600,117.5953,49,Pinky_C2_Bend,Pinky,bend,2,1.5953,Pinky cycle 2: BEND Pinky,2905,2787,2768,3159,3325,3043,2833,8300.000000,7244.495413,7092.087415,11475.000000,14681.818182,9834.790875,7632.488114,0.023856,0.015806,0.036092,0.275278,0.919192,0.201828,0.004588
1042650,117.6282,49,Pinky_C2_Bend,Pinky,bend,2,1.6282,Pinky cycle 2: BEND Pinky,2905,2790,2761,3221,3318,3040,2827,8300.000000,7268.965517,7037.031484,12530.205950,14518.918919,9797.156398,7580.283912,0.023856,0.019237,0.028049,0.392548,0.897898,0.197229,-0.002283
1042700,117.7707,49,Pinky_C2_Bend,Pinky,bend,2,1.7707,Pinky cycle 2: BEND Pinky,2902,2777,2743,3162,3318,3031,2835,8270.578374,7163.732929,6898.076923,11522.829582,14518.918919,9685.526316,7650.000000,0.020226,0.004482,0.007749,0.280593,0.897898,0.183587,0.006893
1042750,117.7707,49,Pinky_C2_Bend,Pinky,bend,2,1.7707,Pinky cycle 2: BEND Pinky,2901,2791,2754,3182,3282,3025,2836,8260.804020,7277.147239,6982.550336,11849.726177,13725.461255,9612.149533,7658.776807,0.019021,0.020384,0.020090,0.316923,0.794178,0.174621,0.008048
1042800,117.7928,49,Pinky_C2_Bend,Pinky,bend,2,1.7928,Pinky cycle 2: BEND Pinky,2904,2789,2741,3197,3315,3005,2829,8290.176322,7260.796325,6882.865583,12104.454343,14450.000000,9373.394495,7597.630332,0.022644,0.018092,0.005527,0.345232,0.888889,0.145444,0.000000
1042850,117.8365,49,Pinky_C2_Bend,Pinky,bend,2,1.8365,Pinky cycle 2: BEND Pinky,2893,2778,2738,3207,3300,2997,2836,8183.194676,7171.753986,6860.132646,12279.054054,14113.207547,9280.327869,7658.776807,0.009447,0.005606,0.002206,0.364636,0.844864,0.134072,0.008048
1042900,117.8796,49,Pinky_C2_Bend,Pinky,bend,2,1.8796,Pinky cycle 2: BEND Pinky,2895,2787,2760,3188,3280,2994,2833,8202.500000,7244.495413,7029.213483,11950.606395,13683.435583,9245.776567,7632.488114,0.011828,0.015806,0.026907,0.328134,0.788684,0.129849,0.004588
1042950,118.0288,50,Pinky_C3_Open,Pinky,open,3,0.0288,Pinky cycle 3: OPEN,2901,2788,2751,3200,3023,2987,2830,8260.804020,7252.639633,6959.375000,12156.424581,9587.873134,9165.884477,7606.324111,0.019021,0.016948,0.016704,0.351008,0.253317,0.120086,0.001144
1043000,118.0291,50,Pinky_C3_Open,Pinky,open,3,0.0291,Pinky cycle 3: OPEN,2900,2774,2740,3213,3341,2987,2836,8251.046025,7139.742619,6875.276753,12385.714286,15065.517241,9165.884477,7658.776807,0.017817,0.001118,0.004418,0.376490,0.969349,0.120086,0.008048
1043050,118.0403,50,Pinky_C3_Open,Pinky,open,3,0.0403,Pinky cycle 3: OPEN,2899,2784,2762,3204,3024,2980,2837,8241.304348,7220.137300,7044.861215,12226.262626,9600.000000,9086.995516,7667.567568,0.016615,0.012391,0.029193,0.358769,0.254902,0.110446,0.009205
1043100,118.0729,50,Pinky_C3_Open,Pinky,open,3,0.0729,Pinky cycle 3: OPEN,2905,2780,2763,3195,3006,2983,2830,8300.000000,7187.832700,7052.702703,12070.000000,9385.123967,9120.683453,7606.324111,0.023856,0.007861,0.030339,0.341403,0.226814,0.114563,0.001144
1043150,118.1277,50,Pinky_C3_Open,Pinky,open,3,0.1277,Pinky cycle 3: OPEN,2895,2767,2757,3165,3131,3002,2837,8202.500000,7084.186747,7005.829596,11570.967742,11042.946058,9338.334858,7667.567568,0.011828,-0.006672,0.023491,0.285943,0.443522,0.141160,0.009205
1043200,118.2970,50,Pinky_C3_Open,Pinky,open,3,0.2970,Pinky cycle 3: OPEN,2890,2777,2755,3100,3264,2992,2836,8154.356846,7163.732929,6990.298507,10592.964824,13354.512635,9222.846782,7658.776807,0.005890,0.004482,0.021222,0.177252,0.745688,0.127047,0.008048
1043250,118.2971,50,Pinky_C3_Open,Pinky,open,3,0.2971,Pinky cycle 3: OPEN,2895,2774,2765,3119,2986,3005,2830,8202.500000,7139.742619,7068.421053,10865.368852,9154.553652,9373.394495,7606.324111,0.011828,0.001118,0.032635,0.207526,0.196674,0.145444,0.001144
1043300,118.2972,50,Pinky_C3_Open,Pinky,open,3,0.2972,Pinky cycle 3: OPEN,2887,2765,2737,3100,2998,3023,2836,8125.662252,7068.421053,6852.577320,10592.964824,9291.886964,9587.873134,7658.776807,0.002350,-0.008883,0.001102,0.177252,0.214626,0.171654,0.008048
1043350,118.3404,50,Pinky_C3_Open,Pinky,open,3,0.3404,Pinky cycle 3: OPEN,2892,2779,2753,3095,2990,3014,2834,8173.566085,7179.787234,6974.813711,10523.000000,9200.000000,9479.740981,7641.237113,0.008259,0.006733,0.018960,0.169477,0.202614,0.158440,0.005740
1043400,118.3836,50,Pinky_C3_Open,Pinky,open,3,0.3836,Pinky cycle 3: OPEN,2895,2776,2758,3092,3026,3004,2830,8202.500000,7155.724033,7013.612565,10481.355932,9624.321796,9361.686526,7606.324111,0.011828,0.003359,0.024628,0.164849,0.258081,0.144014,0.001144
1043450,118.5353,50,Pinky_C3_Open,Pinky,open,3,0.5353,Pinky cycle 3: OPEN,2896,2768,2742,3088,3339,3012,2834,8212.176814,7092.087415,6890.465632,10426.216485,15016.666667,9455.955679,7641.237113,0.013022,-0.005564,0.006637,0.158721,0.962963,0.155534,0.005740
1043500,118.5354,50,Pinky_C3_Open,Pinky,open,3,0.5354,Pinky cycle 3: OPEN,2886,2780,2756,3096,3003,3012,2835,8116.129032,7187.832700,6998.058252,10536.936937,9350.000000,9455.955679,7650.000000,0.001174,0.007861,0.022356,0.171026,0.222222,0.155534,0.006893
1043550,118.5354,50,Pinky_C3_Open,Pinky,open,3,0.5354,Pinky cycle 3: OPEN,2893,2779,2748,3173,2989,3043,2830,8183.194676,7179.787234,6936.302895,11700.867679,9188.607595,9834.790875,7606.324111,0.009447,0.006733,0.013334,0.300379,0.201125,0.201828,0.001144
1043600,118.5680,50,Pinky_C3_Open,Pinky,open,3,0.5680,Pinky cycle 3: OPEN,2884,2771,2754,3181,3021,3057,2839,8097.109827,7115.861027,6982.550336,11833.041575,9563.687151,10013.294798,7685.191083,-0.001172,-0.002231,0.020090,0.315069,0.250155,0.223641,0.011525
1043650,118.6341,50,Pinky_C3_Open,Pinky,open,3,0.6341,Pinky cycle 3: OPEN,2883,2784,2766,3184,3234,3054,2839,8087.623762,7220.137300,7076.297968,11883.205269,12770.731707,9974.639769,7685.191083,-0.002342,0.012391,0.033786,0.320644,0.669377,0.218918,0.011525
1043700,118.7850,50,Pinky_C3_Open,Pinky,open,3,0.7850,Pinky cycle 3: OPEN,2887,2783,2775,3179,3198,3011,2830,8125.662252,7212.042683,7147.727273,11799.781659,12121.739130,9444.095941,7606.324111,0.002350,0.011256,0.044221,0.311372,0.584541,0.154084,0.001144
1043750,118.7851,50,Pinky_C3_Open,Pinky,open,3,0.7851,Pinky cycle 3: OPEN,2881,2767,2769,3238,3173,3022,2835,8068.698517,7084.186747,7100.000000,12846.207701,11700.867679,9575.768872,7650.000000,-0.004677,-0.006672,0.037248,0.427667,0.529525,0.170175,0.006893
1043800,118.7851,50,Pinky_C3_Open,Pinky,open,3,0.7851,Pinky cycle 3: OPEN,2880,2778,2774,3195,3156,3002,2832,8059.259259,7171.753986,7139.742619,12070.000000,11427.476038,9338.334858,7623.752969,-0.005841,0.005606,0.043055,0.341403,0.493788,0.141160,0.003438
1043850,118.8293,50,Pinky_C3_Open,Pinky,open,3,0.8293,Pinky cycle 3: OPEN,2891,2777,2771,3222,3083,2986,2826,8163.953488,7163.732929,7115.861027,12548.453608,10357.905138,9154.553652,7571.631206,0.007073,0.004482,0.039566,0.394576,0.353975,0.118702,-0.003422
1043900,118.8733,50,Pinky_C3_Open,Pinky,open,3,0.8733,Pinky cycle 3: OPEN,2883,2765,2765,3175,3066,3044,2834,8087.623762,7068.421053,7068.421053,11733.695652,10130.612245,9847.383444,7641.237113,-0.002342,-0.008883,0.032635,0.304028,0.324263,0.203367,0.005740
1043950,119.0409,50,Pinky_C3_Open,Pinky,open,3,1.0409,Pinky cycle 3: OPEN,2884,2777,2785,3188,3041,3070,2833,8097.109827,7163.732929,7228.244275,11950.606395,9809.677419,10183.414634,7632.488114,-0.001172,0.004482,0.055984,0.328134,0.282311,0.244430,0.004588
1044000,119.0410,50,Pinky_C3_Open,Pinky,open,3,1.0410,Pinky cycle 3: OPEN,2884,2781,2766,3183,3018,3067,2826,8097.109827,7195.890411,7076.297968,11866.447368,9527.576602,10143.774319,7571.631206,-0.001172,0.008991,0.033786,0.318781,0.245435,0.239586,-0.003422
1044050,119.0410,50,Pinky_C3_Open,Pinky,open,3,1.0410,Pinky cycle 3: OPEN,2879,2771,2751,3165,3023,3065,2833,8049.835526,7115.861027,6959.375000,11570.967742,9587.873134,10117.475728,7632.488114,-0.007004,-0.002231,0.016704,0.285943,0.253317,0.236372,0.004588
1044100,119.0958,50,Pinky_C3_Open,Pinky,open,3,1.0958,Pinky cycle 3: OPEN,2874,2784,2760,3175,3021,3077,2832,8002.948403,7220.137300,7029.213483,11733.695652,9563.687151,10276.817289,7623.752969,-0.012787,0.012391,0.026907,0.304028,0.250155,0.255844,0.003438
1044150,119.1281,50,Pinky_C3_Open,Pinky,open,3,1.1281,Pinky cycle 3: OPEN,2879,2783,2749,3133,2986,3082,2827,8049.835526,7212.042683,6943.982169,11072.972973,9154.553652,10344.323791,7580.283912,-0.007004,0.011256,0.014456,0.230598,0.196674,0.264094,-0.002283
1044200,119.2928,50,Pinky_C3_Open,Pinky,open,3,1.2928,Pinky cycle 3: OPEN,2875,2772,2741,3109,3003,3060,2834,8012.295082,7123.809524,6882.865583,10720.689655,9350.000000,10052.173913,7641.237113,-0.011635,-0.001116,0.005527,0.191447,0.222222,0.228392,0.005740
1044250,119.2929,50,Pinky_C3_Open,Pinky,open,3,1.2929,Pinky cycle 3: OPEN,2878,2791,2761,3138,2978,3037,2834,8040.427280,7277.147239,7037.031484,11148.589342,9064.637422,9759.735350,7641.237113,-0.008164,0.020384,0.028049,0.239002,0.184920,0.192656,0.005740
1044300,119.2929,50,Pinky_C3_Open,Pinky,open,3,1.2929,Pinky cycle 3: OPEN,2883,2793,2762,3140,2934,3022,2832,8087.623762,7293.548387,7044.861215,11179.057592,8592.248062,9575.768872,7623.752969,-0.002342,0.022684,0.029193,0.242388,0.123170,0.170175,0.003438
1044350,119.3142,50,Pinky_C3_Open,Pinky,open,3,1.3142,Pinky cycle 3: OPEN,2878,2779,2752,3125,2954,3039,2837,8040.427280,7179.787234,6967.088608,10953.608247,8802.453988,9784.659091,7667.567568,-0.008164,0.006733,0.017831,0.217333,0.150648,0.195702,0.009205
1044400,119.3794,50,Pinky_C3_Open,Pinky,open,3,1.3794,Pinky cycle 3: OPEN,2881,2790,2771,3138,2951,3041,2834,8068.698517,7268.965517,7115.861027,11148.589342,8770.454545,9809.677419,7641.237113,-0.004677,0.019237,0.039566,0.239002,0.146465,0.198759,0.005740
1044450,119.5470,50,Pinky_C3_Open,Pinky,open,3,1.5470,Pinky cycle 3: OPEN,2882,2787,2769,3139,2943,3028,2828,8078.153339,7244.495413,7100.000000,11163.807531,8685.937500,9648.734770,7588.950276,-0.003510,0.015806,0.037248,0.240693,0.135417,0.179091,-0.001142
1044500,119.5471,50,Pinky_C3_Open,Pinky,open,3,1.5471,Pinky cycle 3: OPEN,2884,2776,2762,3118,2947,3017,2836,8097.109827,7155.724033,7044.861215,10850.767656,8728.048780,9515.584416,7658.776807,-0.001172,0.003359,0.029193,0.205903,0.140921,0.162820,0.008048
1044550,119.5471,50,Pinky_C3_Open,Pinky,open,3,1.5471,Pinky cycle 3: OPEN,2882,2792,2768,3103,2947,3026,2836,8078.153339,7285.341520,7092.087415,10635.282258,8728.048780,9624.321796,7658.776807,-0.003510,0.021533,0.036092,0.181955,0.140921,0.176108,0.008048
1044600,119.5786,50,Pinky_C3_Open,Pinky,open,3,1.5786,Pinky cycle 3: OPEN,2888,2787,2759,3090,2934,3009,2826,8135.211268,7244.495413,7021.407186,10453.731343,8592.248062,9420.441989,7571.631206,0.003528,0.015806,0.025767,0.161779,0.123170,0.151194,-0.003422
1044650,119.6336,50,Pinky_C3_Open,Pinky,open,3,1.6336,Pinky cycle 3: OPEN,2887,2775,2759,3114,2939,3000,2833,8125.662252,7147.727273,7021.407186,10792.660550,8644.117647,9315.068493,7632.488114,0.002350,0.002237,0.025767,0.199446,0.129950,0.138317,0.004588
1044700,119.8028,50,Pinky_C3_Open,Pinky,open,3,1.8028,Pinky cycle 3: OPEN,2885,2791,2764,3117,2931,3016,2833,8106.611570,7277.147239,7060.555973,10836.196319,8561.340206,9503.614458,7632.488114,0.000000,0.020384,0.031486,0.204284,0.119129,0.161357,0.004588
1044750,119.8029,50,Pinky_C3_Open,Pinky,open,3,1.8029,Pinky cycle 3: OPEN,2892,2794,2761,3130,2929,2989,2829,8173.566085,7301.767871,7037.031484,11027.979275,8540.823328,9188.607595,7597.630332,0.008259,0.023837,0.028049,0.225598,0.116447,0.122863,0.000000
1044800,119.8029,50,Pinky_C3_Open,Pinky,open,3,1.8029,Pinky cycle 3: OPEN,2892,2777,2755,3120,2942,2992,2833,8173.566085,7163.732929,6990.298507,10880.000000,8675.455334,9222.846782,7632.488114,0.008259,0.004482,0.021222,0.209152,0.134046,0.127047,0.004588
1044850,119.8246,50,Pinky_C3_Open,Pinky,open,3,1.8246,Pinky cycle 3: OPEN,2888,2792,2765,3124,2933,2992,2833,8135.211268,7285.341520,7068.421053,10938.825953,8581.927711,9222.846782,7632.488114,0.003528,0.021533,0.032635,0.215690,0.121821,0.127047,0.004588
1044900,119.8895,50,Pinky_C3_Open,Pinky,open,3,1.8895,Pinky cycle 3: OPEN,2883,2795,2762,3126,2928,2991,2828,8087.623762,7310.000000,7044.861215,10968.421053,8530.591260,9211.413043,7588.950276,-0.002342,0.024991,0.029193,0.218979,0.115110,0.125650,-0.001142
1044950,120.0627,51,Pinky_C3_Bend,Pinky,bend,3,0.0627,Pinky cycle 3: BEND Pinky,2887,2786,2751,3133,2935,2999,2837,8125.662252,7236.363636,6959.375000,11072.972973,8602.586207,9303.467153,7667.567568,0.002350,0.014666,0.016704,0.230598,0.124521,0.136899,0.009205
1045000,120.0629,51,Pinky_C3_Bend,Pinky,bend,3,0.0629,Pinky cycle 3: BEND Pinky,2889,2798,2768,3119,2930,2995,2834,8144.776119,7334.772552,7092.087415,10865.368852,8551.072961,9257.272727,7641.237113,0.004708,0.028465,0.036092,0.207526,0.117787,0.131254,0.005740
1045050,120.0630,51,Pinky_C3_Bend,Pinky,bend,3,0.0630,Pinky cycle 3: BEND Pinky,2892,2800,2766,3110,2927,3005,2830,8173.566085,7351.351351,7076.297968,10735.025381,8520.376712,9373.394495,7606.324111,0.008259,0.030789,0.033786,0.193040,0.113775,0.145444,0.001144
1045100,120.0949,51,Pinky_C3_Bend,Pinky,bend,3,0.0949,Pinky cycle 3: BEND Pinky,2885,2784,2753,3089,2932,2995,2837,8106.611570,7220.137300,6974.813711,10439.960239,8571.625107,9257.272727,7667.567568,0.000000,0.012391,0.018960,0.160248,0.120474,0.131254,0.009205
1045150,120.1276,51,Pinky_C3_Bend,Pinky,bend,3,0.1276,Pinky cycle 3: BEND Pinky,2882,2793,2759,3121,2927,2993,2837,8078.153339,7293.548387,7021.407186,10894.661191,8520.376712,9234.301270,7667.567568,-0.003510,0.022684,0.025767,0.210781,0.113775,0.128447,0.009205
1045200,120.1712,51,Pinky_C3_Bend,Pinky,bend,3,0.1712,Pinky cycle 3: BEND Pinky,2892,2790,2758,3110,2922,2977,2829,8173.566085,7268.965517,7013.612565,10735.025381,8469.565217,9053.488372,7597.630332,0.008259,0.019237,0.024628,0.193040,0.107133,0.106351,0.000000
1045250,120.3281,51,Pinky_C3_Bend,Pinky,bend,3,0.3281,Pinky cycle 3: BEND Pinky,2888,2776,2747,3099,2930,2971,2836,8135.211268,7155.724033,6928.635015,10578.915663,8551.072961,8987.010676,7658.776807,0.003528,0.003359,0.012214,0.175691,0.117787,0.098228,0.008048
1045300,120.3282,51,Pinky_C3_Bend,Pinky,bend,3,0.3282,Pinky cycle 3: BEND Pinky,2887,2789,2756,3110,2925,2959,2835,8125.662252,7260.796325,6998.058252,10735.025381,8500.000000,8856.161972,7650.000000,0.002350,0.018092,0.022356,0.193040,0.111111,0.082238,0.006893
1045350,120.3283,51,Pinky_C3_Bend,Pinky,bend,3,0.3283,Pinky cycle 3: BEND Pinky,2894,2788,2752,3106,2913,2945,2830,8192.839301,7252.639633,6967.088608,10677.856421,8379.187817,8706.956522,7606.324111,0.010637,0.016948,0.017831,0.186687,0.095319,0.064005,0.001144
1045400,120.3723,51,Pinky_C3_Bend,Pinky,bend,3,0.3723,Pinky cycle 3: BEND Pinky,2892,2774,2739,3124,2924,2958,2837,8173.566085,7139.742619,6867.699115,10938.825953,8489.837746,8845.382586,7667.567568,0.008259,0.001118,0.003311,0.215690,0.109783,0.080920,0.009205
1045450,120.5688,51,Pinky_C3_Bend,Pinky,bend,3,0.5688,Pinky cycle 3: BEND Pinky,2894,2786,2751,3125,2924,2965,2837,8192.839301,7236.363636,6959.375000,10953.608247,8489.837746,8921.238938,7667.567568,0.010637,0.014666,0.016704,0.217333,0.109783,0.090190,0.009205
1045500,120.5688,51,Pinky_C3_Bend,Pinky,bend,3,0.5688,Pinky cycle 3: BEND Pinky,2893,2783,2758,3122,2916,2945,2831,8183.194676,7212.042683,7013.612565,10909.352518,8409.160305,8706.956522,7615.031646,0.009447,0.011256,0.024628,0.212414,0.099237,0.064005,0.002290
1045550,120.5689,51,Pinky_C3_Bend,Pinky,bend,3,0.5689,Pinky cycle 3: BEND Pinky,2892,2772,2755,3110,2924,2955,2837,8173.566085,7123.809524,6990.298507,10735.025381,8489.837746,8813.157895,7667.567568,0.008259,-0.001116,0.021222,0.193040,0.109783,0.076983,0.009205
1045600,120.5795,51,Pinky_C3_Bend,Pinky,bend,3,0.5795,Pinky cycle 3: BEND Pinky,2892,2781,2770,3121,2919,2966,2837,8173.566085,7195.890411,7107.924528,10894.661191,8439.285714,8932.152347,7667.567568,0.008259,0.008991,0.038406,0.210781,0.103175,0.091524,0.009205
1045650,120.6338,51,Pinky_C3_Bend,Pinky,bend,3,0.6338,Pinky cycle 3: BEND Pinky,2896,2781,2771,3109,2915,2950,2831,8212.176814,7195.890411,7115.861027,10720.689655,8399.152542,8759.825328,7615.031646,0.013022,0.008991,0.039566,0.191447,0.097928,0.070465,0.002290
1045700,120.6663,51,Pinky_C3_Bend,Pinky,bend,3,0.6663,Pinky cycle 3: BEND Pinky,2894,2770,2759,3107,2931,2956,2837,8192.839301,7107.924528,7021.407186,10692.105263,8561.340206,8823.880597,7667.567568,0.010637,-0.003344,0.025767,0.188270,0.119129,0.078293,0.009205
1045750,120.8208,51,Pinky_C3_Bend,Pinky,bend,3,0.8208,Pinky cycle 3: BEND Pinky,2894,2781,2767,3111,2930,2946,2834,8192.839301,7195.890411,7084.186747,10749.390244,8551.072961,8717.493473,7641.237113,0.010637,0.008991,0.034938,0.194637,0.117787,0.065292,0.005740
1045800,120.8208,51,Pinky_C3_Bend,Pinky,bend,3,0.8208,Pinky cycle 3: BEND Pinky,2896,2778,2769,3120,2922,2949,2830,8212.176814,7171.753986,7100.000000,10880.000000,8469.565217,8749.214660,7606.324111,0.013022,0.005606,0.037248,0.209152,0.107133,0.069169,0.001144
1045850,120.8208,51,Pinky_C3_Bend,Pinky,bend,3,0.8208,Pinky cycle 3: BEND Pinky,2892,2771,2762,3116,2929,2957,2835,8173.566085,7115.861027,7044.861215,10821.654750,8540.823328,8834.622144,7650.000000,0.008259,-0.002231,0.029193,0.202668,0.116447,0.079606,0.006893
1045900,120.8861,51,Pinky_C3_Bend,Pinky,bend,3,0.8861,Pinky cycle 3: BEND Pinky,2893,2782,2762,3130,2935,2957,2833,8183.194676,7203.960396,7044.861215,11027.979275,8602.586207,8834.622144,7632.488114,0.009447,0.010122,0.029193,0.225598,0.124521,0.079606,0.004588
1045950,120.9294,51,Pinky_C3_Bend,Pinky,bend,3,0.9294,Pinky cycle 3: BEND Pinky,2892,2787,2756,3126,2920,2929,2828,8173.566085,7244.495413,6998.058252,10968.421053,8449.361702,8540.823328,7588.950276,0.008259,0.015806,0.022356,0.218979,0.104492,0.043703,-0.001142
1046000,121.0721,51,Pinky_C3_Bend,Pinky,bend,3,1.0721,Pinky cycle 3: BEND Pinky,2888,2776,2745,3126,2935,2935,2834,8135.211268,7155.724033,6913.333333,10968.421053,8602.586207,8602.586207,7641.237113,0.003528,0.003359,0.009978,0.218979,0.124521,0.051250,0.005740
1046050,121.0721,51,Pinky_C3_Bend,Pinky,bend,3,1.0721,Pinky cycle 3: BEND Pinky,2884,2791,2759,3155,2952,2947,2834,8097.109827,7277.147239,7021.407186,11411.702128,8781.102362,8728.048780,7641.237113,-0.001172,0.020384,0.025767,0.268243,0.147857,0.066582,0.005740
1046100,121.0722,51,Pinky_C3_Bend,Pinky,bend,3,1.0722,Pinky cycle 3: BEND Pinky,2893,2790,2770,3246,3026,3019,2828,8183.194676,7268.965517,7107.924528,12999.293286,9624.321796,9539.591078,7588.950276,0.009447,0.019237,0.038406,0.444680,0.258081,0.165754,-0.001142
1046150,121.1379,51,Pinky_C3_Bend,Pinky,bend,3,1.1379,Pinky cycle 3: BEND Pinky,2891,2779,2765,3220,3195,3022,2834,8163.953488,7179.787234,7068.421053,12512.000000,12070.000000,9575.768872,7641.237113,0.007073,0.006733,0.032635,0.390525,0.577778,0.170175,0.005740
1046200,121.1814,51,Pinky_C3_Bend,Pinky,bend,3,1.1814,Pinky cycle 3: BEND Pinky,2890,2789,2799,3136,3265,3060,2832,8154.356846,7260.796325,7343.055556,11118.248175,13374.698795,10052.173913,7623.752969,0.005890,0.018092,0.072757,0.235630,0.748327,0.228392,0.003438
1046250,121.3272,51,Pinky_C3_Bend,Pinky,bend,3,1.3272,Pinky cycle 3: BEND Pinky,2898,2784,2788,3092,3298,3093,2830,8231.578947,7220.137300,7252.639633,10481.355932,14069.259724,10495.209581,7606.324111,0.015415,0.012391,0.059548,0.164849,0.839119,0.282532,0.001144
1046300,121.3273,51,Pinky_C3_Bend,Pinky,bend,3,1.3273,Pinky cycle 3: BEND Pinky,2901,2781,2776,3134,3330,3112,2835,8260.804020,7195.890411,7155.724033,11088.033299,14800.000000,10763.784334,7650.000000,0.019021,0.008991,0.045389,0.232272,0.934641,0.315352,0.006893
1046350,121.3273,51,Pinky_C3_Bend,Pinky,bend,3,1.3273,Pinky cycle 3: BEND Pinky,2903,2794,2780,3094,3293,3111,2837,8280.369128,7301.767871,7187.832700,10509.090909,13960.349127,10749.390244,7667.567568,0.021434,0.023837,0.050080,0.167931,0.824882,0.313593,0.009205
1046400,121.3818,51,Pinky_C3_Bend,Pinky,bend,3,1.3818,Pinky cycle 3: BEND Pinky,2900,2793,2767,3166,3355,3125,2831,8251.046025,7293.548387,7084.186747,11587.082885,15414.864865,10953.608247,7615.031646,0.017817,0.022684,0.034938,0.287734,1.015015,0.338549,0.002290
1046450,121.4141,51,Pinky_C3_Bend,Pinky,bend,3,1.4141,Pinky cycle 3: BEND Pinky,2904,2783,2764,3148,3192,3125,2836,8290.176322,7212.042683,7060.555973,11302.217529,12018.604651,10953.608247,7658.776807,0.022644,0.011256,0.031486,0.256075,0.571059,0.338549,0.008048
1046500,121.5815,51,Pinky_C3_Bend,Pinky,bend,3,1.5815,Pinky cycle 3: BEND Pinky,2904,2790,2772,3169,2975,3072,2835,8290.176322,7268.965517,7123.809524,11635.637149,9031.250000,10209.970674,7650.000000,0.022644,0.019237,0.040727,0.293130,0.180556,0.247675,0.006893
1046550,121.5816,51,Pinky_C3_Bend,Pinky,bend,3,1.5816,Pinky cycle 3: BEND Pinky,2903,2788,2781,3156,2972,3035,2827,8280.369128,7252.639633,7195.890411,11427.476038,8998.040962,9734.905660,7580.283912,0.021434,0.016948,0.051257,0.269996,0.176215,0.189622,-0.002283
1046600,121.5816,51,Pinky_C3_Bend,Pinky,bend,3,1.5816,Pinky cycle 3: BEND Pinky,2901,2776,2777,3150,3042,3058,2831,8260.804020,7155.724033,7163.732929,11333.333333,9822.222222,10026.229508,7615.031646,0.019021,0.003359,0.046559,0.259533,0.283951,0.225222,0.002290
1046650,121.6579,51,Pinky_C3_Bend,Pinky,bend,3,1.6579,Pinky cycle 3: BEND Pinky,2900,2787,2772,3145,2970,3039,2831,8251.046025,7244.495413,7123.809524,11255.789474,8976.000000,9784.659091,7615.031646,0.017817,0.015806,0.040727,0.250916,0.173333,0.195702,0.002290
1046700,121.8394,51,Pinky_C3_Bend,Pinky,bend,3,1.8394,Pinky cycle 3: BEND Pinky,2900,2784,2764,3125,2945,3029,2827,8251.046025,7220.137300,7060.555973,10953.608247,8706.956522,9660.975610,7580.283912,0.017817,0.012391,0.031486,0.217333,0.138164,0.180587,-0.002283
1046750,121.8394,51,Pinky_C3_Bend,Pinky,bend,3,1.8394,Pinky cycle 3: BEND Pinky,2896,2774,2753,3084,2956,3039,2832,8212.176814,7139.742619,6974.813711,10371.513353,8823.880597,9784.659091,7623.752969,0.013022,0.001118,0.018960,0.152641,0.153448,0.195702,0.003438
1046800,121.8394,51,Pinky_C3_Bend,Pinky,bend,3,1.8394,Pinky cycle 3: BEND Pinky,2897,2783,2775,3074,2959,3022,2832,8221.869783,7212.042683,7147.727273,10236.630754,8856.161972,9575.768872,7623.752969,0.014218,0.011256,0.044221,0.137651,0.157668,0.170175,0.003438
1046850,121.8395,51,Pinky_C3_Bend,Pinky,bend,3,1.8395,Pinky cycle 3: BEND Pinky,2891,2780,2768,3098,2961,2990,2821,8163.953488,7187.832700,7092.087415,10564.894684,8877.777778,9200.000000,7528.571429,0.007073,0.007861,0.036092,0.174133,0.160494,0.124255,-0.009090
1046900,121.8723,51,Pinky_C3_Bend,Pinky,bend,3,1.8723,Pinky cycle 3: BEND Pinky,2891,2769,2752,3087,3006,2990,2832,8163.953488,7100.000000,6967.088608,10412.500000,9385.123967,9200.000000,7623.752969,0.007073,-0.004455,0.017831,0.157196,0.226814,0.124255,0.003438
1046950,121.9268,51,Pinky_C3_Bend,Pinky,bend,3,1.9268,Pinky cycle 3: BEND Pinky,2887,2779,2756,3084,2957,2979,2830,8125.662252,7179.787234,6998.058252,10371.513353,8834.622144,9075.806452,7606.324111,0.002350,0.006733,0.022356,0.152641,0.154853,0.109079,0.001144
1047000,122.0688,52,Pinky_C4_Open,Pinky,open,4,0.0688,Pinky cycle 4: OPEN,2885,2775,2750,3068,2946,2980,2823,8106.611570,7147.727273,6951.672862,10156.962025,8717.493473,9086.995516,7545.754717,0.000000,0.002237,0.015579,0.128797,0.139542,0.110446,-0.006828
1047050,122.0692,52,Pinky_C4_Open,Pinky,open,4,0.0692,Pinky cycle 4: OPEN,2885,2766,2738,3070,3047,2980,2830,8106.611570,7076.297968,6860.132646,10183.414634,9885.305344,9086.995516,7606.324111,0.000000,-0.007778,0.002206,0.131737,0.292197,0.110446,0.001144
1047100,122.0900,52,Pinky_C4_Open,Pinky,open,4,0.0900,Pinky cycle 4: OPEN,2883,2773,2751,3064,2977,2982,2830,8087.623762,7131.770045,6959.375000,10104.364694,9053.488372,9109.433962,7606.324111,-0.002342,0.000000,0.016704,0.122952,0.183463,0.113188,0.001144
1047150,122.1225,52,Pinky_C4_Open,Pinky,open,4,0.1225,Pinky cycle 4: OPEN,2886,2771,2745,3066,2947,2967,2822,8116.129032,7115.861027,6913.333333,10130.612245,8728.048780,8943.085106,7537.156324,0.001174,-0.002231,0.009978,0.125869,0.140921,0.092860,-0.007960
1047200,122.1989,52,Pinky_C4_Open,Pinky,open,4,0.1989,Pinky cycle 4: OPEN,2882,2764,2731,3063,2955,2967,2831,8078.153339,7060.555973,6807.478006,10091.279070,8813.157895,8943.085106,7615.031646,-0.003510,-0.009985,-0.005486,0.121497,0.152047,0.092860,0.002290
1047250,122.3489,52,Pinky_C4_Open,Pinky,open,4,0.3489,Pinky cycle 4: OPEN,2869,2772,2736,3062,2949,2970,2830,7956.443719,7123.809524,6845.033113,10078.218780,8749.214660,8976.000000,7606.324111,-0.018524,-0.001116,0.000000,0.120046,0.143688,0.096882,0.001144
1047300,122.3490,52,Pinky_C4_Open,Pinky,open,4,0.3490,Pinky cycle 4: OPEN,2882,2772,2741,3069,2941,2956,2818,8078.153339,7123.809524,6882.865583,10170.175439,8664.991334,8823.880597,7502.897416,-0.003510,-0.001116,0.005527,0.130266,0.132679,0.078293,-0.012469
1047350,122.3490,52,Pinky_C4_Open,Pinky,open,4,0.3490,Pinky cycle 4: OPEN,2882,2767,2739,3068,2958,2975,2831,8078.153339,7084.186747,6867.699115,10156.962025,8845.382586,9031.250000,7615.031646,-0.003510,-0.006672,0.003311,0.128797,0.156259,0.103634,0.002290
1047400,122.3809,52,Pinky_C4_Open,Pinky,open,4,0.3809,Pinky cycle 4: OPEN,2890,2780,2747,3067,2954,2965,2830,8154.356846,7187.832700,6928.635015,10143.774319,8802.453988,8921.238938,7606.324111,0.005890,0.007861,0.012214,0.127331,0.150648,0.090190,0.001144
1047450,122.4250,52,Pinky_C4_Open,Pinky,open,4,0.4250,Pinky cycle 4: OPEN,2887,2779,2744,3070,2938,2960,2822,8125.662252,7179.787234,6905.699482,10183.414634,8633.707865,8866.960352,7537.156324,0.002350,0.006733,0.008863,0.131737,0.128589,0.083557,-0.007960
1047500,122.4687,52,Pinky_C4_Open,Pinky,open,4,0.4687,Pinky cycle 4: OPEN,2889,2768,2741,3068,2952,2959,2831,8144.776119,7092.087415,6882.865583,10156.962025,8781.102362,8856.161972,7615.031646,0.004708,-0.005564,0.005527,0.128797,0.147857,0.082238,0.002290
1047550,122.6131,52,Pinky_C4_Open,Pinky,open,4,0.6131,Pinky cycle 4: OPEN,2892,2780,2748,3059,2950,2958,2830,8173.566085,7187.832700,6936.302895,10039.189189,8759.825328,8845.382586,7606.324111,0.008259,0.007861,0.013334,0.115708,0.145075,0.080920,0.001144
1047600,122.6132,52,Pinky_C4_Open,Pinky,open,4,0.6132,Pinky cycle 4: OPEN,2889,2777,2743,3044,2937,2941,2819,8144.776119,7163.732929,6898.076923,9847.383444,8623.316062,8664.991334,7511.442006,0.004708,0.004482,0.007749,0.094392,0.127231,0.058876,-0.011344
1047650,122.6243,52,Pinky_C4_Open,Pinky,open,4,0.6243,Pinky cycle 4: OPEN,2888,2766,2732,3047,2949,2942,2827,8135.211268,7076.297968,6814.966985,9885.305344,8749.214660,8675.455334,7580.283912,0.003528,-0.007778,-0.004392,0.098606,0.143688,0.060155,-0.002283
1047700,122.6792,52,Pinky_C4_Open,Pinky,open,4,0.6792,Pinky cycle 4: OPEN,2888,2777,2744,3037,2951,2949,2828,8135.211268,7163.732929,6905.699482,9759.735350,8770.454545,8749.214660,7588.950276,0.003528,0.004482,0.008863,0.084651,0.146465,0.069169,-0.001142
1047750,122.8630,52,Pinky_C4_Open,Pinky,open,4,0.8630,Pinky cycle 4: OPEN,2889,2773,2746,3030,2941,2930,2817,8144.776119,7131.770045,6920.978503,9673.239437,8664.991334,8551.072961,7494.366197,0.004708,0.000000,0.011095,0.075038,0.132679,0.044955,-0.013592
1047800,122.8631,52,Pinky_C4_Open,Pinky,open,4,0.8631,Pinky cycle 4: OPEN,2886,2765,2736,3019,2952,2931,2825,8116.129032,7068.421053,6845.033113,9539.591078,8781.102362,8561.340206,7562.992126,0.001174,-0.008883,0.000000,0.060185,0.147857,0.046210,-0.004559
1047850,122.8631,52,Pinky_C4_Open,Pinky,open,4,0.8631,Pinky cycle 4: OPEN,2885,2777,2741,3028,2955,2926,2826,8106.611570,7163.732929,6882.865583,9648.734770,8813.157895,8510.179641,7571.631206,0.000000,0.004482,0.005527,0.072315,0.152047,0.039958,-0.003422
1047900,122.8737,52,Pinky_C4_Open,Pinky,open,4,0.8737,Pinky cycle 4: OPEN,2887,2773,2742,3040,2941,2927,2817,8125.662252,7131.770045,6890.465632,9797.156398,8664.991334,8520.376712,7494.366197,0.002350,0.000000,0.006637,0.088810,0.132679,0.041204,-0.013592
1047950,122.9391,52,Pinky_C4_Open,Pinky,open,4,0.9391,Pinky cycle 4: OPEN,2887,2769,2738,3060,2954,2949,2829,8125.662252,7100.000000,6860.132646,10052.173913,8802.453988,8749.214660,7597.630332,0.002350,-0.004455,0.002206,0.117151,0.150648,0.069169,0.000000
1048000,122.9829,52,Pinky_C4_Open,Pinky,open,4,0.9829,Pinky cycle 4: OPEN,2880,2778,2749,3059,2946,2957,2830,8059.259259,7171.753986,6943.982169,10039.189189,8717.493473,8834.622144,7606.324111,-0.005841,0.005606,0.014456,0.115708,0.139542,0.079606,0.001144
1048050,123.1250,52,Pinky_C4_Open,Pinky,open,4,1.1250,Pinky cycle 4: OPEN,2886,2777,2764,3053,2966,2962,2827,8116.129032,7163.732929,7060.555973,9961.804223,8932.152347,8888.614298,7580.283912,0.001174,0.004482,0.031486,0.107108,0.167602,0.086203,-0.002283
1048100,123.1251,52,Pinky_C4_Open,Pinky,open,4,1.1251,Pinky cycle 4: OPEN,2886,2767,2750,3098,3158,3005,2836,8116.129032,7084.186747,6951.672862,10564.894684,11459.124867,9373.394495,7658.776807,0.001174,-0.006672,0.015579,0.174133,0.497925,0.145444,0.008048
1048150,123.1252,52,Pinky_C4_Open,Pinky,open,4,1.1252,Pinky cycle 4: OPEN,2889,2774,2795,3137,3279,3005,2834,8144.776119,7139.742619,7310.000000,11133.402923,13662.500000,9373.394495,7641.237113,0.004708,0.001118,0.067928,0.237314,0.785948,0.145444,0.005740
1048200,123.1788,52,Pinky_C4_Open,Pinky,open,4,1.1788,Pinky cycle 4: OPEN,2889,2770,2785,3240,3131,2971,2827,8144.776119,7107.924528,7228.244275,12884.210526,11042.946058,8987.010676,7580.283912,0.004708,-0.003344,0.055984,0.431891,0.443522,0.098228,-0.002283
1048250,123.2229,52,Pinky_C4_Open,Pinky,open,4,1.2229,Pinky cycle 4: OPEN,2881,2766,2754,3266,3100,2986,2832,8068.698517,7076.297968,6982.550336,13394.933655,10592.964824,9154.553652,7623.752969,-0.004677,-0.007778,0.020090,0.488650,0.384701,0.118702,0.003438
1048300,123.3784,52,Pinky_C4_Open,Pinky,open,4,1.3784,Pinky cycle 4: OPEN,2881,2777,2753,3222,3057,2966,2832,8068.698517,7163.732929,6974.813711,12548.453608,10013.294798,8932.152347,7623.752969,-0.004677,0.004482,0.018960,0.394576,0.308927,0.091524,0.003438
1048350,123.3784,52,Pinky_C4_Open,Pinky,open,4,1.3784,Pinky cycle 4: OPEN,2876,2779,2748,3154,3035,2952,2822,8021.657096,7179.787234,6936.302895,11395.961743,9734.905660,8781.102362,7537.156324,-0.010480,0.006733,0.013334,0.266494,0.272537,0.073065,-0.007960
1048400,123.3785,52,Pinky_C4_Open,Pinky,open,4,1.3785,Pinky cycle 4: OPEN,2876,2771,2733,3183,3046,2980,2830,8021.657096,7115.861027,6822.466960,11866.447368,9872.640610,9086.995516,7606.324111,-0.010480,-0.002231,-0.003297,0.318781,0.290541,0.110446,0.001144
1048450,123.4326,52,Pinky_C4_Open,Pinky,open,4,1.4326,Pinky cycle 4: OPEN,2873,2779,2750,3200,3013,2988,2828,7993.617021,7179.787234,6951.672862,12156.424581,9467.837338,9177.235772,7588.950276,-0.013939,0.006733,0.015579,0.351008,0.237626,0.121473,-0.001142
1048500,123.4768,52,Pinky_C4_Open,Pinky,open,4,1.4768,Pinky cycle 4: OPEN,2876,2780,2747,3200,2997,2952,2821,8021.657096,7187.832700,6928.635015,12156.424581,9280.327869,8781.102362,7528.571429,-0.010480,0.007861,0.012214,0.351008,0.213115,0.073065,-0.009090
1048550,123.6280,52,Pinky_C4_Open,Pinky,open,4,1.6280,Pinky cycle 4: OPEN,2875,2770,2738,3198,3008,2990,2829,8012.295082,7107.924528,6860.132646,12121.739130,9408.647654,9200.000000,7597.630332,-0.011635,-0.003344,0.002206,0.347153,0.229889,0.124255,0.000000
1048600,123.6280,52,Pinky_C4_Open,Pinky,open,4,1.6280,Pinky cycle 4: OPEN,2867,2781,2741,3192,3003,2990,2827,7937.947883,7195.890411,6882.865583,12018.604651,9350.000000,9200.000000,7580.283912,-0.020806,0.008991,0.005527,0.335691,0.222222,0.124255,-0.002283
1048650,123.6388,52,Pinky_C4_Open,Pinky,open,4,1.6388,Pinky cycle 4: OPEN,2869,2773,2741,3165,2991,2968,2819,7956.443719,7131.770045,6882.865583,11570.967742,9211.413043,8954.037267,7511.442006,-0.018524,0.000000,0.005527,0.285943,0.204106,0.094198,-0.011344
1048700,123.7040,52,Pinky_C4_Open,Pinky,open,4,1.7040,Pinky cycle 4: OPEN,2869,2767,2737,3143,2998,3009,2828,7956.443719,7084.186747,6852.577320,11225.000000,9291.886964,9420.441989,7588.950276,-0.018524,-0.006672,0.001102,0.247494,0.214626,0.151194,-0.001142
1048750,123.7252,52,Pinky_C4_Open,Pinky,open,4,1.7252,Pinky cycle 4: OPEN,2862,2777,2745,3145,2991,2988,2827,7891.970803,7163.732929,6913.333333,11255.789474,9211.413043,9177.235772,7580.283912,-0.026477,0.004482,0.009978,0.250916,0.204106,0.121473,-0.002283
1048800,123.8970,52,Pinky_C4_Open,Pinky,open,4,1.8970,Pinky cycle 4: OPEN,2868,2780,2742,3112,2988,2968,2818,7947.188264,7187.832700,6890.465632,10763.784334,9177.235772,8954.037267,7502.897416,-0.019666,0.007861,0.006637,0.196236,0.199639,0.094198,-0.012469
1048850,123.8970,52,Pinky_C4_Open,Pinky,open,4,1.8970,Pinky cycle 4: OPEN,2868,2767,2737,3140,2988,2995,2826,7947.188264,7084.186747,6852.577320,11179.057592,9177.235772,9257.272727,7571.631206,-0.019666,-0.006672,0.001102,0.242388,0.199639,0.131254,-0.003422
1048900,123.8970,52,Pinky_C4_Open,Pinky,open,4,1.8970,Pinky cycle 4: OPEN,2873,2775,2753,3167,2998,2967,2826,7993.617021,7147.727273,6974.813711,11603.232759,9291.886964,8943.085106,7571.631206,-0.013939,0.002237,0.018960,0.289529,0.214626,0.092860,-0.003422
1048950,123.9391,52,Pinky_C4_Open,Pinky,open,4,1.9391,Pinky cycle 4: OPEN,2871,2774,2751,3110,2980,2941,2818,7975.000000,7139.742619,6959.375000,10735.025381,9086.995516,8664.991334,7502.897416,-0.016235,0.001118,0.016704,0.193040,0.187843,0.058876,-0.012469
1049000,123.9829,52,Pinky_C4_Open,Pinky,open,4,1.9829,Pinky cycle 4: OPEN,2870,2768,2741,3141,3001,2949,2826,7965.714286,7092.087415,6882.865583,11194.339623,9326.691042,8749.214660,7571.631206,-0.017381,-0.005564,0.005527,0.244086,0.219175,0.069169,-0.003422
1049050,124.1658,53,Pinky_C4_Bend,Pinky,bend,4,0.1658,Pinky cycle 4: BEND Pinky,2868,2784,2752,3152,2988,2966,2825,7947.188264,7220.137300,6967.088608,11364.581124,9177.235772,8932.152347,7562.992126,-0.019666,0.012391,0.017831,0.263006,0.199639,0.091524,-0.004559
1049100,124.1660,53,Pinky_C4_Bend,Pinky,bend,4,0.1660,Pinky cycle 4: BEND Pinky,2871,2776,2744,3180,2979,2962,2819,7975.000000,7155.724033,6905.699482,11816.393443,9075.806452,8888.614298,7511.442006,-0.016235,0.003359,0.008863,0.313218,0.186380,0.086203,-0.011344
1049150,124.1660,53,Pinky_C4_Bend,Pinky,bend,4,0.1660,Pinky cycle 4: BEND Pinky,2875,2765,2732,3149,3005,2940,2822,8012.295082,7068.421053,6814.966985,11317.758985,9373.394495,8654.545455,7537.156324,-0.011635,-0.008883,-0.004392,0.257803,0.225280,0.057600,-0.007960
1049200,124.1763,53,Pinky_C4_Bend,Pinky,bend,4,0.1763,Pinky cycle 4: BEND Pinky,2877,2773,2739,3189,3003,2949,2821,8031.034483,7131.770045,6867.699115,11967.549669,9350.000000,8749.214660,7528.571429,-0.009323,0.000000,0.003311,0.330017,0.222222,0.069169,-0.009090
1049250,124.2197,53,Pinky_C4_Bend,Pinky,bend,4,0.2197,Pinky cycle 4: BEND Pinky,2875,2770,2743,3187,2992,2931,2813,8012.295082,7107.924528,6898.076923,11933.700441,9222.846782,8561.340206,7460.374415,-0.011635,-0.003344,0.007749,0.326255,0.205601,0.046210,-0.018066
1049300,124.4120,53,Pinky_C4_Bend,Pinky,bend,4,0.4120,Pinky cycle 4: BEND Pinky,2875,2761,2735,3180,3002,2946,2818,8012.295082,7037.031484,6837.500000,11816.393443,9338.334858,8717.493473,7502.897416,-0.011635,-0.013284,-0.001101,0.313218,0.220697,0.065292,-0.012469
1049350,124.4120,53,Pinky_C4_Bend,Pinky,bend,4,0.4120,Pinky cycle 4: BEND Pinky,2871,2770,2739,3161,2999,2936,2816,7975.000000,7107.924528,6867.699115,11506.852248,9303.467153,8612.942192,7485.848319,-0.016235,-0.003344,0.003311,0.278818,0.216139,0.052516,-0.014713
1049400,124.4120,53,Pinky_C4_Bend,Pinky,bend,4,0.4120,Pinky cycle 4: BEND Pinky,2877,2767,2738,3144,2987,2928,2807,8031.034483,7084.186747,6860.132646,11240.378549,9165.884477,8530.591260,7409.782609,-0.009323,-0.006672,0.002206,0.249203,0.198155,0.042452,-0.024725
1049450,124.4232,53,Pinky_C4_Bend,Pinky,bend,4,0.4232,Pinky cycle 4: BEND Pinky,2875,2755,2729,3128,2990,2936,2816,8012.295082,6990.298507,6792.532943,10998.138573,9200.000000,8612.942192,7485.848319,-0.011635,-0.019837,-0.007670,0.222281,0.202614,0.052516,-0.014713
1049500,124.4877,53,Pinky_C4_Bend,Pinky,bend,4,0.4877,Pinky cycle 4: BEND Pinky,2872,2768,2739,3149,2990,2937,2819,7984.300899,7092.087415,6867.699115,11317.758985,9200.000000,8623.316062,7511.442006,-0.015088,-0.005564,0.003311,0.257803,0.202614,0.053784,-0.011344
1049550,124.5202,53,Pinky_C4_Bend,Pinky,bend,4,0.5202,Pinky cycle 4: BEND Pinky,2882,2767,2734,3158,2970,2938,2811,8078.153339,7084.186747,6829.977957,11459.124867,8976.000000,8633.707865,7443.457944,-0.003510,-0.006672,-0.002199,0.273513,0.173333,0.055053,-0.020292
1049600,124.6636,53,Pinky_C4_Bend,Pinky,bend,4,0.6636,Pinky cycle 4: BEND Pinky,2874,2757,2727,3140,2970,2949,2818,8002.948403,7005.829596,6777.631579,11179.057592,8976.000000,8749.214660,7502.897416,-0.012787,-0.017659,-0.009847,0.242388,0.173333,0.069169,-0.012469
1049650,124.6637,53,Pinky_C4_Bend,Pinky,bend,4,0.6637,Pinky cycle 4: BEND Pinky,2868,2767,2736,3165,2961,2948,2820,7947.188264,7084.186747,6845.033113,11570.967742,8877.777778,8738.622493,7520.000000,-0.019666,-0.006672,0.000000,0.285943,0.160494,0.067874,-0.010218
1049700,124.6745,53,Pinky_C4_Bend,Pinky,bend,4,0.6745,Pinky cycle 4: BEND Pinky,2880,2769,2734,3129,2954,2927,2815,8059.259259,7100.000000,6829.977957,11013.043478,8802.453988,8520.376712,7477.343750,-0.005841,-0.004455,-0.002199,0.223938,0.150648,0.041204,-0.015832
1049750,124.7184,53,Pinky_C4_Bend,Pinky,bend,4,0.7184,Pinky cycle 4: BEND Pinky,2878,2762,2722,3117,2961,2938,2823,8040.427280,7044.861215,6740.568099,10836.196319,8877.777778,8633.707865,7545.754717,-0.008164,-0.012186,-0.015261,0.204284,0.160494,0.055053,-0.006828
1049800,124.9154,53,Pinky_C4_Bend,Pinky,bend,4,0.9154,Pinky cycle 4: BEND Pinky,2876,2773,2734,3114,2958,2933,2819,8021.657096,7131.770045,6829.977957,10792.660550,8845.382586,8581.927711,7511.442006,-0.010480,0.000000,-0.002199,0.199446,0.156259,0.048726,-0.011344
1049850,124.9155,53,Pinky_C4_Bend,Pinky,bend,4,0.9155,Pinky cycle 4: BEND Pinky,2877,2771,2735,3075,2945,2906,2813,8031.034483,7115.861027,6837.500000,10250.000000,8706.956522,8309.840202,7460.374415,-0.009323,-0.002231,-0.001101,0.139137,0.138164,0.015476,-0.018066
1049900,124.9155,53,Pinky_C4_Bend,Pinky,bend,4,0.9155,Pinky cycle 4: BEND Pinky,2879,2765,2732,3070,2962,2921,2820,8049.835526,7068.421053,6814.966985,10183.414634,8888.614298,8459.454855,7520.000000,-0.007004,-0.008883,-0.004392,0.131737,0.161910,0.033759,-0.010218
1049950,124.9259,53,Pinky_C4_Bend,Pinky,bend,4,0.9259,Pinky cycle 4: BEND Pinky,2874,2772,2735,3100,2988,2920,2821,8002.948403,7123.809524,6837.500000,10592.964824,9177.235772,8449.361702,7528.571429,-0.012787,-0.001116,-0.001101,0.177252,0.199639,0.032526,-0.009090
1050000,124.9692,53,Pinky_C4_Bend,Pinky,bend,4,0.9692,Pinky cycle 4: BEND Pinky,2890,2774,2755,3172,3036,2962,2816,8154.356846,7139.742619,6990.298507,11684.507042,9747.308782,8888.614298,7485.848319,0.005890,0.001118,0.021222,0.298561,0.274158,0.086203,-0.014713
1050050,125.0236,53,Pinky_C4_Bend,Pinky,bend,4,1.0236,Pinky cycle 4: BEND Pinky,2887,2765,2743,3158,3135,2947,2821,8125.662252,7068.421053,6898.076923,11459.124867,11103.125000,8728.048780,7528.571429,0.002350,-0.008883,0.007749,0.273513,0.451389,0.066582,-0.009090
1050100,125.1647,53,Pinky_C4_Bend,Pinky,bend,4,1.1647,Pinky cycle 4: BEND Pinky,2888,2771,2739,3151,3251,2893,2822,8135.211268,7115.861027,6867.699115,11348.940678,13096.445498,8183.194676,7537.156324,0.003528,-0.002231,0.003311,0.261268,0.711954,0.000000,-0.007960
1050150,125.1647,53,Pinky_C4_Bend,Pinky,bend,4,1.1647,Pinky cycle 4: BEND Pinky,2895,2770,2739,3088,3310,2944,2812,8202.500000,7107.924528,6867.699115,10426.216485,14336.305732,8696.437880,7451.909587,0.011828,-0.003344,0.003311,0.158721,0.874027,0.062719,-0.019180
1050200,125.1758,53,Pinky_C4_Bend,Pinky,bend,4,1.1758,Pinky cycle 4: BEND Pinky,2894,2767,2725,3126,3057,2992,2819,8192.839301,7084.186747,6762.773723,10968.421053,10013.294798,9222.846782,7511.442006,0.010637,-0.006672,-0.012017,0.218979,0.308927,0.127047,-0.011344
1050250,125.2301,53,Pinky_C4_Bend,Pinky,bend,4,1.2301,Pinky cycle 4: BEND Pinky,2884,2778,2736,3106,2984,3009,2823,8097.109827,7171.753986,6845.033113,10677.856421,9131.953195,9420.441989,7545.754717,-0.001172,0.005606,0.000000,0.186687,0.193719,0.151194,-0.006828
1050300,125.2739,53,Pinky_C4_Bend,Pinky,bend,4,1.2739,Pinky cycle 4: BEND Pinky,2880,2776,2724,3110,2959,2989,2816,8059.259259,7155.724033,6755.361050,10735.025381,8856.161972,9188.607595,7485.848319,-0.005841,0.003359,-0.013100,0.193040,0.157668,0.122863,-0.014713
1050350,125.4192,53,Pinky_C4_Bend,Pinky,bend,4,1.4192,Pinky cycle 4: BEND Pinky,2875,2763,2705,3116,2966,3020,2824,8012.295082,7052.702703,6616.546763,10821.654750,8932.152347,9551.627907,7554.366640,-0.011635,-0.011087,-0.033380,0.202668,0.167602,0.167225,-0.005694
1050400,125.4193,53,Pinky_C4_Bend,Pinky,bend,4,1.4193,Pinky cycle 4: BEND Pinky,2879,2771,2717,3089,2982,3005,2825,8049.835526,7115.861027,6703.773585,10439.960239,9109.433962,9373.394495,7562.992126,-0.007004,-0.002231,-0.020637,0.160248,0.190776,0.145444,-0.004559
1050450,125.4521,53,Pinky_C4_Bend,Pinky,bend,4,1.4521,Pinky cycle 4: BEND Pinky,2887,2769,2719,3088,2960,2986,2818,8125.662252,7100.000000,6718.459302,10426.216485,8866.960352,9154.553652,7502.897416,0.002350,-0.004455,-0.018491,0.158721,0.159080,0.118702,-0.012469
1050500,125.4952,53,Pinky_C4_Bend,Pinky,bend,4,1.4952,Pinky cycle 4: BEND Pinky,2886,2760,2707,3126,2964,2979,2822,8116.129032,7029.213483,6630.979827,10968.421053,8910.344828,9075.806452,7537.156324,0.001174,-0.014380,-0.031271,0.218979,0.164751,0.109079,-0.007960
1050550,125.5279,53,Pinky_C4_Bend,Pinky,bend,4,1.5279,Pinky cycle 4: BEND Pinky,2876,2770,2720,3086,2964,2992,2819,8021.657096,7107.924528,6725.818182,10398.810704,8910.344828,9222.846782,7511.442006,-0.010480,-0.003344,-0.017416,0.155675,0.164751,0.127047,-0.011344
1050600,125.6695,53,Pinky_C4_Bend,Pinky,bend,4,1.6695,Pinky cycle 4: BEND Pinky,2883,2773,2716,3075,2986,2993,2816,8087.623762,7131.770045,6696.446701,10250.000000,9154.553652,9234.301270,7485.848319,-0.002342,0.000000,-0.021707,0.139137,0.196674,0.128447,-0.014713
1050650,125.6696,53,Pinky_C4_Bend,Pinky,bend,4,1.6696,Pinky cycle 4: BEND Pinky,2884,2763,2705,3058,3002,2994,2823,8097.109827,7052.702703,6616.546763,10026.229508,9338.334858,9245.776567,7545.754717,-0.001172,-0.011087,-0.033380,0.114268,0.220697,0.129849,-0.006828
1050700,125.6804,53,Pinky_C4_Bend,Pinky,bend,4,1.6804,Pinky cycle 4: BEND Pinky,2878,2774,2714,3060,2962,2968,2828,8040.427280,7139.742619,6681.824765,10052.173913,8888.614298,8954.037267,7588.950276,-0.008164,0.001118,-0.023843,0.117151,0.161910,0.094198,-0.001142
1050750,125.7345,53,Pinky_C4_Bend,Pinky,bend,4,1.7345,Pinky cycle 4: BEND Pinky,2884,2772,2714,3053,2950,2957,2815,8097.109827,7123.809524,6681.824765,9961.804223,8759.825328,8834.622144,7477.343750,-0.001172,-0.001116,-0.023843,0.107108,0.145075,0.079606,-0.015832
1050800,125.9195,53,Pinky_C4_Bend,Pinky,bend,4,1.9195,Pinky cycle 4: BEND Pinky,2880,2762,2716,3043,2963,2947,2827,8059.259259,7044.861215,6696.446701,9834.790875,8899.469965,8728.048780,7580.283912,-0.005841,-0.012186,-0.021707,0.092992,0.163329,0.066582,-0.002283
1050850,125.9196,53,Pinky_C4_Bend,Pinky,bend,4,1.9196,Pinky cycle 4: BEND Pinky,2877,2768,2728,3053,2962,2936,2823,8031.034483,7092.087415,6785.076811,9961.804223,8888.614298,8612.942192,7545.754717,-0.009323,-0.005564,-0.008759,0.107108,0.161910,0.052516,-0.006828
1050900,125.9196,53,Pinky_C4_Bend,Pinky,bend,4,1.9196,Pinky cycle 4: BEND Pinky,2884,2767,2721,3058,2953,2936,2815,8097.109827,7084.186747,6733.187773,10026.229508,8791.768827,8612.942192,7477.343750,-0.001172,-0.006672,-0.016340,0.114268,0.149251,0.052516,-0.015832
1050950,125.9196,53,Pinky_C4_Bend,Pinky,bend,4,1.9196,Pinky cycle 4: BEND Pinky,2879,2756,2710,3012,2959,2928,2823,8049.835526,6998.058252,6652.707581,9455.955679,8856.161972,8530.591260,7545.754717,-0.007004,-0.018749,-0.028097,0.050890,0.157668,0.042452,-0.006828
1051000,125.9957,53,Pinky_C4_Bend,Pinky,bend,4,1.9957,Pinky cycle 4: BEND Pinky,2872,2770,2722,3007,2955,2926,2821,7984.300899,7107.924528,6740.568099,9396.875000,8813.157895,8510.179641,7528.571429,-0.015088,-0.003344,-0.015261,0.044325,0.152047,0.039958,-0.009090
1051050,126.0271,54,Pinky_C5_Open,Pinky,open,5,0.0271,Pinky cycle 5: OPEN,2879,2769,2717,3002,2945,2927,2812,8049.835526,7100.000000,6703.773585,9338.334858,8706.956522,8520.376712,7451.909587,-0.007004,-0.004455,-0.020637,0.037819,0.138164,0.041204,-0.019180
1051100,126.1913,54,Pinky_C5_Open,Pinky,open,5,0.1913,Pinky cycle 5: OPEN,2868,2756,2705,2995,2966,2939,2820,7947.188264,6998.058252,6616.546763,9257.272727,8932.152347,8644.117647,7520.000000,-0.019666,-0.018749,-0.033380,0.028810,0.167602,0.056326,-0.010218
1051150,126.1914,54,Pinky_C5_Open,Pinky,open,5,0.1914,Pinky cycle 5: OPEN,2872,2767,2719,3009,2959,2927,2819,7984.300899,7084.186747,6718.459302,9420.441989,8856.161972,8520.376712,7511.442006,-0.015088,-0.006672,-0.018491,0.046944,0.157668,0.041204,-0.011344
1051200,126.1914,54,Pinky_C5_Open,Pinky,open,5,0.1914,Pinky cycle 5: OPEN,2873,2766,2715,3017,2949,2915,2811,7993.617021,7076.297968,6689.130435,9515.584416,8749.214660,8399.152542,7443.457944,-0.013939,-0.007778,-0.022776,0.057517,0.143688,0.026390,-0.020292
1051250,126.2346,54,Pinky_C5_Open,Pinky,open,5,0.2346,Pinky cycle 5: OPEN,2876,2754,2708,3022,2955,2909,2820,8021.657096,6982.550336,6638.211968,9575.768872,8813.157895,8339.460371,7520.000000,-0.010480,-0.020923,-0.030215,0.064206,0.152047,0.019096,-0.010218
1051300,126.2784,54,Pinky_C5_Open,Pinky,open,5,0.2784,Pinky cycle 5: OPEN,2873,2767,2721,3051,2958,2906,2819,7993.617021,7084.186747,6733.187773,9936.206897,8845.382586,8309.840202,7511.442006,-0.013939,-0.006672,-0.016340,0.104263,0.156259,0.015476,-0.011344
1051350,126.4285,54,Pinky_C5_Open,Pinky,open,5,0.4285,Pinky cycle 5: OPEN,2874,2760,2722,3056,2937,2911,2810,8002.948403,7029.213483,6740.568099,10000.384986,8623.316062,8359.290541,7435.019455,-0.012787,-0.014380,-0.015261,0.111396,0.127231,0.021519,-0.021403
1051400,126.4286,54,Pinky_C5_Open,Pinky,open,5,0.4286,Pinky cycle 5: OPEN,2868,2757,2721,3035,2951,2925,2818,7947.188264,7005.829596,6733.187773,9734.905660,8770.454545,8500.000000,7502.897416,-0.019666,-0.017659,-0.016340,0.081892,0.146465,0.038714,-0.012469
1051450,126.4286,54,Pinky_C5_Open,Pinky,open,5,0.4286,Pinky cycle 5: OPEN,2870,2767,2727,3060,2942,2913,2816,7965.714286,7084.186747,6777.631579,10052.173913,8675.455334,8379.187817,7485.848319,-0.017381,-0.006672,-0.009847,0.117151,0.134046,0.023951,-0.014713
1051500,126.5046,54,Pinky_C5_Open,Pinky,open,5,0.5046,Pinky cycle 5: OPEN,2874,2760,2725,3056,2936,2898,2809,8002.948403,7029.213483,6762.773723,10000.384986,8612.942192,8231.578947,7426.594090,-0.012787,-0.014380,-0.012017,0.111396,0.125875,0.005913,-0.022512
1051550,126.5369,54,Pinky_C5_Open,Pinky,open,5,0.5369,Pinky cycle 5: OPEN,2869,2749,2714,3043,2954,2911,2816,7956.443719,6943.982169,6681.824765,9834.790875,8802.453988,8359.290541,7485.848319,-0.018524,-0.026331,-0.023843,0.092992,0.150648,0.021519,-0.014713
1051600,126.6878,54,Pinky_C5_Open,Pinky,open,5,0.6878,Pinky cycle 5: OPEN,2869,2761,2722,3025,2950,2918,2817,7956.443719,7037.031484,6740.568099,9612.149533,8759.825328,8429.226848,7494.366197,-0.018524,-0.013284,-0.015261,0.068249,0.145075,0.030066,-0.013592
1051650,126.6879,54,Pinky_C5_Open,Pinky,open,5,0.6879,Pinky cycle 5: OPEN,2872,2760,2718,3092,2947,2925,2809,7984.300899,7029.213483,6711.111111,10481.355932,8728.048780,8500.000000,7426.594090,-0.015088,-0.014380,-0.019565,0.164849,0.140921,0.038714,-0.022512
1051700,126.6879,54,Pinky_C5_Open,Pinky,open,5,0.6879,Pinky cycle 5: OPEN,2873,2760,2706,3061,2956,2927,2818,7993.617021,7029.213483,6623.758099,10065.183752,8823.880597,8520.376712,7502.897416,-0.013939,-0.014380,-0.032326,0.118597,0.153448,0.041204,-0.012469
1051750,126.7303,54,Pinky_C5_Open,Pinky,open,5,0.7303,Pinky cycle 5: OPEN,2873,2770,2711,3068,2952,2937,2815,7993.617021,7107.924528,6659.971098,10156.962025,8781.102362,8623.316062,7477.343750,-0.013939,-0.003344,-0.027036,0.128797,0.147857,0.053784,-0.015832
1051800,126.7743,54,Pinky_C5_Open,Pinky,open,5,0.7743,Pinky cycle 5: OPEN,2877,2767,2705,3076,2939,2934,2804,8031.034483,7084.186747,6616.546763,10263.395486,8644.117647,8592.248062,7384.663052,-0.009323,-0.006672,-0.033380,0.140626,0.129950,0.049987,-0.028031
1051850,126.9510,54,Pinky_C5_Open,Pinky,open,5,0.9510,Pinky cycle 5: OPEN,2877,2752,2695,3060,2947,2967,2814,8031.034483,6967.088608,6545.000000,10052.173913,8728.048780,8943.085106,7468.852459,-0.009323,-0.023091,-0.043832,0.117151,0.140921,0.092860,-0.016950
1051900,126.9510,54,Pinky_C5_Open,Pinky,open,5,0.9510,Pinky cycle 5: OPEN,2873,2766,2699,3071,3212,2953,2816,7993.617021,7076.297968,6573.495702,10196.679688,12367.836920,8791.768827,7485.848319,-0.013939,-0.007778,-0.039669,0.133211,0.616711,0.074369,-0.014713
1051950,126.9511,54,Pinky_C5_Open,Pinky,open,5,0.9511,Pinky cycle 5: OPEN,2877,2758,2702,3135,3305,2959,2813,8031.034483,7013.612565,6594.974874,11103.125000,14224.050633,8856.161972,7460.374415,-0.009323,-0.016568,-0.036531,0.233949,0.859353,0.082238,-0.018066
1052000,126.9729,54,Pinky_C5_Open,Pinky,open,5,0.9729,Pinky cycle 5: OPEN,2876,2765,2701,3224,3174,2999,2822,8021.657096,7068.421053,6587.804878,12585.074627,11717.263844,9303.467153,7537.156324,-0.010480,-0.008883,-0.037579,0.398646,0.531668,0.136899,-0.007960
1052050,127.0497,54,Pinky_C5_Open,Pinky,open,5,1.0497,Pinky cycle 5: OPEN,2880,2790,2710,3115,3141,2979,2819,8059.259259,7268.965517,6652.707581,10807.142857,11194.339623,9075.806452,7511.442006,-0.005841,0.019237,-0.028097,0.201055,0.463312,0.109079,-0.011344
1052100,127.2079,54,Pinky_C5_Open,Pinky,open,5,1.2079,Pinky cycle 5: OPEN,2886,2801,2703,3113,3057,2982,2820,8116.129032,7359.659969,6602.155172,10778.207739,10013.294798,9109.433962,7520.000000,0.001174,0.031954,-0.035482,0.197839,0.308927,0.113188,-0.010218
1052150,127.2080,54,Pinky_C5_Open,Pinky,open,5,1.2080,Pinky cycle 5: OPEN,2874,2798,2698,3130,3058,3002,2830,8002.948403,7334.772552,6566.356478,11027.979275,10026.229508,9338.334858,7606.324111,-0.012787,0.028465,-0.040712,0.225598,0.310618,0.141160,0.001144
1052200,127.2080,54,Pinky_C5_Open,Pinky,open,5,1.2080,Pinky cycle 5: OPEN,2879,2807,2720,3136,3031,2990,2825,8049.835526,7409.782609,6725.818182,11118.248175,9685.526316,9200.000000,7562.992126,-0.007004,0.038982,-0.017416,0.235630,0.266082,0.124255,-0.004559
1052250,127.2395,54,Pinky_C5_Open,Pinky,open,5,1.2395,Pinky cycle 5: OPEN,2878,2804,2719,3148,3010,2990,2819,8040.427280,7384.663052,6718.459302,11302.217529,9432.258065,9200.000000,7511.442006,-0.008164,0.035460,-0.018491,0.256075,0.232975,0.124255,-0.011344
1052300,127.2935,54,Pinky_C5_Open,Pinky,open,5,1.2935,Pinky cycle 5: OPEN,2869,2793,2716,3140,3018,2986,2829,7956.443719,7293.548387,6696.446701,11179.057592,9527.576602,9154.553652,7597.630332,-0.018524,0.022684,-0.021707,0.242388,0.245435,0.118702,0.000000
1052350,127.4577,54,Pinky_C5_Open,Pinky,open,5,1.4577,Pinky cycle 5: OPEN,2870,2800,2733,3124,3011,2983,2825,7965.714286,7351.351351,6822.466960,10938.825953,9444.095941,9120.683453,7562.992126,-0.017381,0.030789,-0.003297,0.215690,0.234522,0.114563,-0.004559
1052400,127.4577,54,Pinky_C5_Open,Pinky,open,5,1.4577,Pinky cycle 5: OPEN,2873,2795,2730,3124,3001,2978,2816,7993.617021,7310.000000,6800.000000,10938.825953,9326.691042,9064.637422,7485.848319,-0.013939,0.024991,-0.006579,0.215690,0.219175,0.107714,-0.014713
1052450,127.4578,54,Pinky_C5_Open,Pinky,open,5,1.4578,Pinky cycle 5: OPEN,2873,2785,2709,3129,2996,2990,2826,7993.617021,7228.244275,6645.454545,11013.043478,9268.789809,9200.000000,7571.631206,-0.013939,0.013527,-0.029157,0.223938,0.211607,0.124255,-0.003422
1052500,127.4790,54,Pinky_C5_Open,Pinky,open,5,1.4790,Pinky cycle 5: OPEN,2862,2797,2732,3127,2987,2980,2824,7891.970803,7326.502311,6814.966985,10983.264463,9165.884477,9086.995516,7554.366640,-0.026477,0.027305,-0.004392,0.220628,0.198155,0.110446,-0.005694
1052550,127.5227,54,Pinky_C5_Open,Pinky,open,5,1.5227,Pinky cycle 5: OPEN,2872,2794,2735,3165,2968,2957,2816,7984.300899,7301.767871,6837.500000,11570.967742,8954.037267,8834.622144,7485.848319,-0.015088,0.023837,-0.001101,0.285943,0.170462,0.079606,-0.014713
1052600,127.5660,54,Pinky_C5_Open,Pinky,open,5,1.5660,Pinky cycle 5: OPEN,2863,2785,2732,3163,2991,2977,2823,7901.136364,7228.244275,6814.966985,11538.841202,9211.413043,9053.488372,7545.754717,-0.025347,0.013527,-0.004392,0.282373,0.204106,0.106351,-0.006828
1052650,127.7073,54,Pinky_C5_Open,Pinky,open,5,1.7073,Pinky cycle 5: OPEN,2866,2799,2736,3171,2997,2985,2825,7928.722539,7343.055556,6845.033113,11668.181818,9280.327869,9143.243243,7562.992126,-0.021944,0.029626,0.000000,0.296747,0.213115,0.117320,-0.004559
1052700,127.7074,54,Pinky_C5_Open,Pinky,open,5,1.7074,Pinky cycle 5: OPEN,2870,2799,2735,3163,2993,2960,2816,7965.714286,7343.055556,6837.500000,11538.841202,9234.301270,8866.960352,7485.848319,-0.017381,0.029626,-0.001101,0.282373,0.207098,0.083557,-0.014713
1052750,127.7505,54,Pinky_C5_Open,Pinky,open,5,1.7505,Pinky cycle 5: OPEN,2866,2788,2728,3131,2990,2957,2822,7928.722539,7252.639633,6785.076811,11042.946058,9200.000000,8834.622144,7537.156324,-0.021944,0.016948,-0.008759,0.227261,0.202614,0.079606,-0.007960
1052800,127.7930,54,Pinky_C5_Open,Pinky,open,5,1.7930,Pinky cycle 5: OPEN,2861,2798,2737,3123,2992,2945,2822,7882.820097,7334.772552,6852.577320,10924.074074,9222.846782,8706.956522,7537.156324,-0.027606,0.028465,0.001102,0.214050,0.205601,0.064005,-0.007960
1052850,127.9726,54,Pinky_C5_Open,Pinky,open,5,1.9726,Pinky cycle 5: OPEN,2866,2799,2729,3110,2977,2942,2814,7928.722539,7343.055556,6792.532943,10735.025381,9053.488372,8675.455334,7468.852459,-0.021944,0.029626,-0.007670,0.193040,0.183463,0.060155,-0.016950
1052900,127.9726,54,Pinky_C5_Open,Pinky,open,5,1.9726,Pinky cycle 5: OPEN,2863,2791,2728,3103,2986,2948,2821,7901.136364,7277.147239,6785.076811,10635.282258,9154.553652,8738.622493,7528.571429,-0.025347,0.020384,-0.008759,0.181955,0.196674,0.067874,-0.009090
1052950,127.9727,54,Pinky_C5_Open,Pinky,open,5,1.9727,Pinky cycle 5: OPEN,2864,2800,2728,3117,2975,2939,2821,7910.316816,7351.351351,6785.076811,10836.196319,9031.250000,8644.117647,7528.571429,-0.024214,0.030789,-0.008759,0.204284,0.180556,0.056326,-0.009090
1053000,128.0116,55,Pinky_C5_Bend,Pinky,bend,5,0.0116,Pinky cycle 5: BEND Pinky,2870,2798,2729,3113,2967,2928,2813,7965.714286,7334.772552,6792.532943,10778.207739,8943.085106,8530.591260,7460.374415,-0.017381,0.028465,-0.007670,0.197839,0.169031,0.042452,-0.018066
1053050,128.0230,55,Pinky_C5_Bend,Pinky,bend,5,0.0230,Pinky cycle 5: BEND Pinky,2868,2785,2713,3098,2992,2937,2821,7947.188264,7228.244275,6674.529667,10564.894684,9222.846782,8623.316062,7528.571429,-0.019666,0.013527,-0.024909,0.174133,0.205601,0.053784,-0.009090
1053100,128.0779,55,Pinky_C5_Bend,Pinky,bend,5,0.0779,Pinky cycle 5: BEND Pinky,2870,2798,2726,3098,2996,2935,2823,7965.714286,7334.772552,6770.197224,10564.894684,9268.789809,8602.586207,7545.754717,-0.017381,0.028465,-0.010933,0.174133,0.211607,0.051250,-0.006828
1053150,128.2230,55,Pinky_C5_Bend,Pinky,bend,5,0.2230,Pinky cycle 5: BEND Pinky,2874,2795,2726,3095,2990,2919,2812,8002.948403,7310.000000,6770.197224,10523.000000,9200.000000,8439.285714,7451.909587,-0.012787,0.024991,-0.010933,0.169477,0.202614,0.031295,-0.019180
1053200,128.2230,55,Pinky_C5_Bend,Pinky,bend,5,0.2230,Pinky cycle 5: BEND Pinky,2872,2784,2716,3073,2994,2925,2822,7984.300899,7220.137300,6696.446701,10223.287671,9245.776567,8500.000000,7537.156324,-0.015088,0.012391,-0.021707,0.136168,0.208598,0.038714,-0.007960
1053250,128.2231,55,Pinky_C5_Bend,Pinky,bend,5,0.2231,Pinky cycle 5: BEND Pinky,2864,2799,2734,3087,2984,2924,2822,7910.316816,7343.055556,6829.977957,10412.500000,9131.953195,8489.837746,7537.156324,-0.024214,0.029626,-0.002199,0.157196,0.193719,0.037472,-0.007960
1053300,128.2884,55,Pinky_C5_Bend,Pinky,bend,5,0.2884,Pinky cycle 5: BEND Pinky,2874,2797,2732,3070,2973,2917,2812,8002.948403,7326.502311,6814.966985,10183.414634,9009.090909,8419.185059,7451.909587,-0.012787,0.027305,-0.004392,0.131737,0.177659,0.028838,-0.019180
1053350,128.3217,55,Pinky_C5_Bend,Pinky,bend,5,0.3217,Pinky cycle 5: BEND Pinky,2872,2785,2720,3054,2974,2957,2818,7984.300899,7228.244275,6725.818182,9974.639769,9020.160571,8834.622144,7502.897416,-0.015088,0.013527,-0.017416,0.108535,0.179106,0.079606,-0.012469
1053400,128.4819,55,Pinky_C5_Bend,Pinky,bend,5,0.4819,Pinky cycle 5: BEND Pinky,2865,2797,2729,3059,2965,2940,2820,7919.512195,7326.502311,6792.532943,10039.189189,8921.238938,8654.545455,7520.000000,-0.023080,0.027305,-0.007670,0.115708,0.166175,0.057600,-0.010218
1053450,128.4819,55,Pinky_C5_Bend,Pinky,bend,5,0.4819,Pinky cycle 5: BEND Pinky,2870,2798,2733,3055,2958,2927,2809,7965.714286,7334.772552,6822.466960,9987.500000,8845.382586,8520.376712,7426.594090,-0.017381,0.028465,-0.003297,0.109964,0.156259,0.041204,-0.022512
1053500,128.4819,55,Pinky_C5_Bend,Pinky,bend,5,0.4819,Pinky cycle 5: BEND Pinky,2868,2785,2720,3040,2964,2932,2816,7947.188264,7228.244275,6725.818182,9797.156398,8910.344828,8571.625107,7485.848319,-0.019666,0.013527,-0.017416,0.088810,0.164751,0.047467,-0.014713
1053550,128.5254,55,Pinky_C5_Bend,Pinky,bend,5,0.5254,Pinky cycle 5: BEND Pinky,2865,2799,2720,3058,2979,2931,2818,7919.512195,7343.055556,6725.818182,10026.229508,9075.806452,8561.340206,7502.897416,-0.023080,0.029626,-0.017416,0.114268,0.186380,0.046210,-0.012469
1053600,128.5798,55,Pinky_C5_Bend,Pinky,bend,5,0.5798,Pinky cycle 5: BEND Pinky,2870,2795,2718,3058,2968,2918,2811,7965.714286,7310.000000,6711.111111,10026.229508,8954.037267,8429.226848,7443.457944,-0.017381,0.024991,-0.019565,0.114268,0.170462,0.030066,-0.020292
1053650,128.7316,55,Pinky_C5_Bend,Pinky,bend,5,0.7316,Pinky cycle 5: BEND Pinky,2869,2781,2709,3051,2971,2927,2820,7956.443719,7195.890411,6645.454545,9936.206897,8987.010676,8520.376712,7520.000000,-0.018524,0.008991,-0.029157,0.104263,0.174773,0.041204,-0.010218
1053700,128.7317,55,Pinky_C5_Bend,Pinky,bend,5,0.7317,Pinky cycle 5: BEND Pinky,2868,2796,2714,3056,2963,2930,2820,7947.188264,7318.244804,6681.824765,10000.384986,8899.469965,8551.072961,7520.000000,-0.019666,0.026147,-0.023843,0.111396,0.163329,0.044955,-0.010218
1053750,128.7317,55,Pinky_C5_Bend,Pinky,bend,5,0.7317,Pinky cycle 5: BEND Pinky,2874,2792,2714,3060,2960,2920,2809,8002.948403,7285.341520,6681.824765,10052.173913,8866.960352,8449.361702,7426.594090,-0.012787,0.021533,-0.023843,0.117151,0.159080,0.032526,-0.022512
1053800,128.7640,55,Pinky_C5_Bend,Pinky,bend,5,0.7640,Pinky cycle 5: BEND Pinky,2868,2780,2705,3057,2971,2947,2817,7947.188264,7187.832700,6616.546763,10013.294798,8987.010676,8728.048780,7494.366197,-0.019666,0.007861,-0.033380,0.112831,0.174773,0.066582,-0.013592
1053850,128.8393,55,Pinky_C5_Bend,Pinky,bend,5,0.8393,Pinky cycle 5: BEND Pinky,2865,2793,2719,3068,2977,2925,2817,7919.512195,7293.548387,6718.459302,10156.962025,9053.488372,8500.000000,7494.366197,-0.023080,0.022684,-0.018491,0.128797,0.183463,0.038714,-0.013592
1053900,128.9628,55,Pinky_C5_Bend,Pinky,bend,5,0.9628,Pinky cycle 5: BEND Pinky,2869,2793,2713,3118,3023,2927,2811,7956.443719,7293.548387,6674.529667,10850.767656,9587.873134,8520.376712,7443.457944,-0.018524,0.022684,-0.024909,0.205903,0.253317,0.041204,-0.020292
1053950,128.9629,55,Pinky_C5_Bend,Pinky,bend,5,0.9629,Pinky cycle 5: BEND Pinky,2872,2786,2707,3137,3136,2956,2818,7984.300899,7236.363636,6630.979827,11133.402923,11118.248175,8823.880597,7502.897416,-0.015088,0.014666,-0.031271,0.237314,0.453366,0.078293,-0.012469
1054000,128.9851,55,Pinky_C5_Bend,Pinky,bend,5,0.9851,Pinky cycle 5: BEND Pinky,2864,2795,2732,3126,3264,2938,2817,7910.316816,7310.000000,6814.966985,10968.421053,13354.512635,8633.707865,7494.366197,-0.024214,0.024991,-0.004392,0.218979,0.745688,0.055053,-0.013592
1054050,129.0390,55,Pinky_C5_Bend,Pinky,bend,5,1.0390,Pinky cycle 5: BEND Pinky,2876,2793,2733,3068,3296,2986,2811,8021.657096,7293.548387,6822.466960,10156.962025,14025.531915,9154.553652,7443.457944,-0.010480,0.022684,-0.003297,0.128797,0.833403,0.118702,-0.020292
1054100,129.0720,55,Pinky_C5_Bend,Pinky,bend,5,1.0720,Pinky cycle 5: BEND Pinky,2877,2787,2745,3071,3179,3004,2826,8031.034483,7244.495413,6913.333333,10196.679688,11799.781659,9361.686526,7571.631206,-0.009323,0.015806,0.009978,0.133211,0.542455,0.144014,-0.003422
1054150,129.2278,55,Pinky_C5_Bend,Pinky,bend,5,1.2278,Pinky cycle 5: BEND Pinky,2877,2806,2765,3062,3040,3045,2821,8031.034483,7401.396431,7068.421053,10078.218780,9797.156398,9860.000000,7528.571429,-0.009323,0.037806,0.032635,0.120046,0.280674,0.204908,-0.009090
1054200,129.2278,55,Pinky_C5_Bend,Pinky,bend,5,1.2278,Pinky cycle 5: BEND Pinky,2889,2808,2763,3050,2973,3023,2821,8144.776119,7418.181818,7052.702703,9923.444976,9009.090909,9587.873134,7528.571429,0.004708,0.040160,0.030339,0.102845,0.177659,0.171654,-0.009090
1054250,129.2498,55,Pinky_C5_Bend,Pinky,bend,5,1.2498,Pinky cycle 5: BEND Pinky,2884,2795,2732,3043,2969,3020,2828,8097.109827,7310.000000,6814.966985,9834.790875,8965.008881,9551.627907,7588.950276,-0.001172,0.024991,-0.004392,0.092992,0.171897,0.167225,-0.001142
1054300,129.3039,55,Pinky_C5_Bend,Pinky,bend,5,1.3039,Pinky cycle 5: BEND Pinky,2874,2812,2764,3051,2987,3026,2827,8002.948403,7451.909587,7060.555973,9936.206897,9165.884477,9624.321796,7580.283912,-0.012787,0.044889,0.031486,0.104263,0.198155,0.176108,-0.002283
1054350,129.5115,55,Pinky_C5_Bend,Pinky,bend,5,1.5115,Pinky cycle 5: BEND Pinky,2881,2805,2747,3040,2983,2979,2813,8068.698517,7393.023256,6928.635015,9797.156398,9120.683453,9075.806452,7460.374415,-0.004677,0.036632,0.012214,0.088810,0.192246,0.109079,-0.018066
1054400,129.5116,55,Pinky_C5_Bend,Pinky,bend,5,1.5116,Pinky cycle 5: BEND Pinky,2874,2795,2745,3050,2966,3000,2824,8002.948403,7310.000000,6913.333333,9923.444976,8932.152347,9315.068493,7554.366640,-0.012787,0.024991,0.009978,0.102845,0.167602,0.138317,-0.005694
1054450,129.5116,55,Pinky_C5_Bend,Pinky,bend,5,1.5116,Pinky cycle 5: BEND Pinky,2870,2805,2738,3049,2965,2980,2826,7965.714286,7393.023256,6860.132646,9910.707457,8921.238938,9086.995516,7571.631206,-0.017381,0.036632,0.002206,0.101429,0.166175,0.110446,-0.003422
1054500,129.5116,55,Pinky_C5_Bend,Pinky,bend,5,1.5116,Pinky cycle 5: BEND Pinky,2881,2800,2745,3063,2974,3001,2815,8068.698517,7351.351351,6913.333333,10091.279070,9020.160571,9326.691042,7477.343750,-0.004677,0.030789,0.009978,0.121497,0.179106,0.139737,-0.015832
1054550,129.5433,55,Pinky_C5_Bend,Pinky,bend,5,1.5433,Pinky cycle 5: BEND Pinky,2881,2789,2742,3029,2977,3029,2827,8068.698517,7260.796325,6890.465632,9660.975610,9053.488372,9660.975610,7580.283912,-0.004677,0.018092,0.006637,0.073675,0.183463,0.180587,-0.002283
1054600,129.6074,55,Pinky_C5_Bend,Pinky,bend,5,1.6074,Pinky cycle 5: BEND Pinky,2870,2799,2747,3022,2990,3003,2824,7965.714286,7343.055556,6928.635015,9575.768872,9200.000000,9350.000000,7554.366640,-0.017381,0.029626,0.012214,0.064206,0.202614,0.142586,-0.005694
1054650,129.7292,55,Pinky_C5_Bend,Pinky,bend,5,1.7292,Pinky cycle 5: BEND Pinky,2878,2797,2749,3030,2959,3012,2815,8040.427280,7326.502311,6943.982169,9673.239437,8856.161972,9455.955679,7477.343750,-0.008164,0.027305,0.014456,0.075038,0.157668,0.155534,-0.015832
1054700,129.7293,55,Pinky_C5_Bend,Pinky,bend,5,1.7293,Pinky cycle 5: BEND Pinky,2882,2785,2745,3021,2974,3006,2822,8078.153339,7228.244275,6913.333333,9563.687151,9020.160571,9385.123967,7537.156324,-0.003510,0.013527,0.009978,0.062863,0.179106,0.146878,-0.007960
1054750,129.7396,55,Pinky_C5_Bend,Pinky,bend,5,1.7396,Pinky cycle 5: BEND Pinky,2879,2799,2752,3018,2969,2991,2823,8049.835526,7343.055556,6967.088608,9527.576602,8965.008881,9211.413043,7545.754717,-0.007004,0.029626,0.017831,0.058850,0.171897,0.125650,-0.006828
1054800,129.8049,55,Pinky_C5_Bend,Pinky,bend,5,1.8049,Pinky cycle 5: BEND Pinky,2885,2797,2748,3013,2949,2974,2817,8106.611570,7326.502311,6936.302895,9467.837338,8749.214660,9020.160571,7494.366197,0.000000,0.027305,0.013334,0.052211,0.143688,0.102279,-0.013592
1054850,129.8152,55,Pinky_C5_Bend,Pinky,bend,5,1.8152,Pinky cycle 5: BEND Pinky,2884,2783,2739,3002,2959,2980,2821,8097.109827,7212.042683,6867.699115,9338.334858,8856.161972,9086.995516,7528.571429,-0.001172,0.011256,0.003311,0.037819,0.157668,0.110446,-0.009090
1054900,130.0063,56,Final_Open_Recovery,None,final_open,0,0.0063,OPEN HAND - final recovery,2883,2797,2750,3010,2959,2991,2820,8087.623762,7326.502311,6951.672862,9432.258065,8856.161972,9211.413043,7520.000000,-0.002342,0.027305,0.015579,0.048257,0.157668,0.125650,-0.010218
1054950,130.0067,56,Final_Open_Recovery,None,final_open,0,0.0067,OPEN HAND - final recovery,2883,2794,2746,3009,2955,2975,2815,8087.623762,7301.767871,6920.978503,9420.441989,8813.157895,9031.250000,7477.343750,-0.002342,0.023837,0.011095,0.046944,0.152047,0.103634,-0.015832
1055000,130.0067,56,Final_Open_Recovery,None,final_open,0,0.0067,OPEN HAND - final recovery,2883,2784,2734,2998,2954,2960,2824,8087.623762,7220.137300,6829.977957,9291.886964,8802.453988,8866.960352,7554.366640,-0.002342,0.012391,-0.002199,0.032657,0.150648,0.083557,-0.005694
1055050,130.0388,56,Final_Open_Recovery,None,final_open,0,0.0388,OPEN HAND - final recovery,2875,2796,2741,3014,2958,2962,2823,8012.295082,7318.244804,6882.865583,9479.740981,8845.382586,8888.614298,7545.754717,-0.011635,0.026147,0.005527,0.053534,0.156259,0.086203,-0.006828
1055100,130.0823,56,Final_Open_Recovery,None,final_open,0,0.0823,OPEN HAND - final recovery,2878,2797,2735,3010,2947,2948,2815,8040.427280,7326.502311,6837.500000,9432.258065,8728.048780,8738.622493,7477.343750,-0.008164,0.027305,-0.001101,0.048257,0.140921,0.067874,-0.015832
1055150,130.2835,56,Final_Open_Recovery,None,final_open,0,0.2835,OPEN HAND - final recovery,2883,2789,2730,3025,2960,2947,2820,8087.623762,7260.796325,6800.000000,9612.149533,8866.960352,8728.048780,7520.000000,-0.002342,0.018092,-0.006579,0.068249,0.159080,0.066582,-0.010218
1055200,130.2835,56,Final_Open_Recovery,None,final_open,0,0.2835,OPEN HAND - final recovery,2876,2796,2739,3045,2960,2950,2819,8021.657096,7318.244804,6867.699115,9860.000000,8866.960352,8759.825328,7511.442006,-0.010480,0.026147,0.003311,0.095794,0.159080,0.070465,-0.011344
1055250,130.2836,56,Final_Open_Recovery,None,final_open,0,0.2836,OPEN HAND - final recovery,2890,2797,2739,3087,2941,2943,2812,8154.356846,7326.502311,6867.699115,10412.500000,8664.991334,8685.937500,7451.909587,0.005890,0.027305,0.003311,0.157196,0.132679,0.061436,-0.019180
1055300,130.2938,56,Final_Open_Recovery,None,final_open,0,0.2938,OPEN HAND - final recovery,2884,2787,2722,3051,2954,2924,2819,8097.109827,7244.495413,6740.568099,9936.206897,8802.453988,8489.837746,7511.442006,-0.001172,0.015806,-0.015261,0.104263,0.150648,0.037472,-0.011344
1055350,130.3373,56,Final_Open_Recovery,None,final_open,0,0.3373,OPEN HAND - final recovery,2881,2800,2726,3032,2946,2929,2820,8068.698517,7351.351351,6770.197224,9697.836312,8717.493473,8540.823328,7520.000000,-0.004677,0.030789,-0.010933,0.077772,0.139542,0.043703,-0.010218
1055400,130.5187,56,Final_Open_Recovery,None,final_open,0,0.5187,OPEN HAND - final recovery,2885,2795,2705,3007,2947,2935,2817,8106.611570,7310.000000,6616.546763,9396.875000,8728.048780,8602.586207,7494.366197,0.000000,0.024991,-0.033380,0.044325,0.140921,0.051250,-0.013592
1055450,130.5188,56,Final_Open_Recovery,None,final_open,0,0.5188,OPEN HAND - final recovery,2882,2783,2696,2997,2960,2931,2824,8078.153339,7212.042683,6552.108649,9280.327869,8866.960352,8561.340206,7554.366640,-0.003510,0.011256,-0.042794,0.031372,0.159080,0.046210,-0.005694
1055500,130.5188,56,Final_Open_Recovery,None,final_open,0,0.5188,OPEN HAND - final recovery,2876,2795,2704,3001,2960,2930,2821,8021.657096,7310.000000,6609.345794,9326.691042,8866.960352,8551.072961,7528.571429,-0.010480,0.024991,-0.034432,0.036525,0.159080,0.044955,-0.009090
1055550,130.5188,56,Final_Open_Recovery,None,final_open,0,0.5188,OPEN HAND - final recovery,2884,2796,2705,3006,2950,2942,2814,8097.109827,7318.244804,6616.546763,9385.123967,8759.825328,8675.455334,7468.852459,-0.001172,0.026147,-0.033380,0.043019,0.145075,0.060155,-0.016950
1055600,130.6184,56,Final_Open_Recovery,None,final_open,0,0.6184,OPEN HAND - final recovery,2887,2780,2705,3018,2952,2959,2821,8125.662252,7187.832700,6616.546763,9527.576602,8781.102362,8856.161972,7528.571429,0.002350,0.007861,-0.033380,0.058850,0.147857,0.082238,-0.009090
1055650,130.6293,56,Final_Open_Recovery,None,final_open,0,0.6293,OPEN HAND - final recovery,2888,2792,2732,3090,2957,2974,2826,8135.211268,7285.341520,6814.966985,10453.731343,8834.622144,9020.160571,7571.631206,0.003528,0.021533,-0.004392,0.161779,0.154853,0.102279,-0.003422
1055700,130.7788,56,Final_Open_Recovery,None,final_open,0,0.7788,OPEN HAND - final recovery,2897,2793,2751,3097,3318,2971,2820,8221.869783,7293.548387,6959.375000,10550.901804,14518.918919,8987.010676,7520.000000,0.014218,0.022684,0.016704,0.172578,0.897898,0.098228,-0.010218
1055750,130.7789,56,Final_Open_Recovery,None,final_open,0,0.7789,OPEN HAND - final recovery,2910,2778,2751,3084,3356,3025,2834,8349.367089,7171.753986,6959.375000,10371.513353,15440.324763,9612.149533,7641.237113,0.029945,0.005606,0.016704,0.152641,1.018343,0.174621,0.005740
1055800,130.7789,56,Final_Open_Recovery,None,final_open,0,0.7789,OPEN HAND - final recovery,2908,2797,2766,3184,3271,3012,2834,8329.570345,7326.502311,7076.297968,11883.205269,13496.844660,9455.955679,7641.237113,0.027503,0.027305,0.033786,0.320644,0.764293,0.155534,0.005740
1055850,130.8227,56,Final_Open_Recovery,None,final_open,0,0.8227,OPEN HAND - final recovery,2923,2799,2756,3201,3168,3001,2832,8479.692833,7343.055556,6998.058252,12173.825503,11619.417476,9326.691042,7623.752969,0.046022,0.029626,0.022356,0.352942,0.518878,0.139737,0.003438
1055900,130.8661,56,Final_Open_Recovery,None,final_open,0,0.8661,OPEN HAND - final recovery,2923,2785,2767,3252,3062,3009,2845,8479.692833,7228.244275,7084.186747,13116.014235,10078.218780,9420.441989,7738.400000,0.046022,0.013527,0.034938,0.457652,0.317414,0.151194,0.018528
1055950,131.0421,56,Final_Open_Recovery,None,final_open,0,1.0421,OPEN HAND - final recovery,2931,2798,2772,3245,3055,3022,2855,8561.340206,7334.772552,7123.809524,12980.000000,9987.500000,9575.768872,7828.225806,0.056094,0.028465,0.040727,0.442536,0.305556,0.170175,0.030351
1056000,131.0422,56,Final_Open_Recovery,None,final_open,0,1.0422,OPEN HAND - final recovery,2928,2801,2758,3246,3032,3035,2843,8530.591260,7359.659969,7013.612565,12999.293286,9697.836312,9734.905660,7720.607029,0.052300,0.031954,0.024628,0.444680,0.267691,0.189622,0.016186
1056050,131.0422,56,Final_Open_Recovery,None,final_open,0,1.0422,OPEN HAND - final recovery,2925,2796,2750,3214,3005,3059,2881,8500.000000,7318.244804,6951.672862,12403.632236,9373.394495,10039.189189,8068.698517,0.048527,0.026147,0.015579,0.378481,0.225280,0.226806,0.062002
1056100,131.0743,56,Final_Open_Recovery,None,final_open,0,1.0743,OPEN HAND - final recovery,2912,2804,2737,3198,3005,3081,2876,8369.230769,7384.663052,6852.577320,12121.739130,9373.394495,10330.769231,8021.657096,0.032396,0.035460,0.001102,0.347153,0.225280,0.262437,0.055810
1056150,131.1287,56,Final_Open_Recovery,None,final_open,0,1.1287,OPEN HAND - final recovery,2917,2798,2746,3196,3005,3052,2858,8419.185059,7334.772552,6920.978503,12087.208009,9373.394495,9948.993289,7855.456750,0.038558,0.028465,0.011095,0.343316,0.225280,0.215784,0.033935
1056200,131.2626,56,Final_Open_Recovery,None,final_open,0,1.2626,OPEN HAND - final recovery,2908,2778,2725,3177,3019,3005,2864,8329.570345,7171.753986,6762.773723,11766.666667,9539.591078,9373.394495,7910.316816,0.027503,0.005606,-0.012017,0.307692,0.247005,0.145444,0.041156
1056250,131.2627,56,Final_Open_Recovery,None,final_open,0,1.2627,OPEN HAND - final recovery,2899,2793,2740,3172,3004,2998,2857,8241.304348,7293.548387,6875.276753,11684.507042,9361.686526,9291.886964,7846.365105,0.016615,0.022684,0.004418,0.298561,0.223750,0.135484,0.032738
1056300,131.2837,56,Final_Open_Recovery,None,final_open,0,1.2837,OPEN HAND - final recovery,2904,2792,2737,3166,3006,2967,2849,8290.176322,7285.341520,6852.577320,11587.082885,9385.123967,8943.085106,7774.157303,0.022644,0.021533,0.001102,0.287734,0.226814,0.092860,0.023234
1056350,131.3385,56,Final_Open_Recovery,None,final_open,0,1.3385,OPEN HAND - final recovery,2898,2781,2736,3136,3008,2984,2858,8231.578947,7195.890411,6845.033113,11118.248175,9408.647654,9131.953195,7855.456750,0.015415,0.008991,0.000000,0.235630,0.229889,0.115940,0.033935
1056400,131.3822,56,Final_Open_Recovery,None,final_open,0,1.3822,OPEN HAND - final recovery,2894,2792,2745,3128,2995,3009,2858,8192.839301,7285.341520,6913.333333,10998.138573,9257.272727,9420.441989,7855.456750,0.010637,0.021533,0.009978,0.222281,0.210101,0.151194,0.033935
1056450,131.5387,56,Final_Open_Recovery,None,final_open,0,1.5387,OPEN HAND - final recovery,2897,2786,2737,3119,2974,2987,2846,8221.869783,7236.363636,6852.577320,10865.368852,9020.160571,9165.884477,7747.317854,0.014218,0.014666,0.001102,0.207526,0.179106,0.120086,0.019702
1056500,131.5388,56,Final_Open_Recovery,None,final_open,0,1.5388,OPEN HAND - final recovery,2896,2778,2732,3112,2989,2974,2857,8212.176814,7171.753986,6814.966985,10763.784334,9188.607595,9020.160571,7846.365105,0.013022,0.005606,-0.004392,0.196236,0.201125,0.102279,0.032738
1056550,131.5388,56,Final_Open_Recovery,None,final_open,0,1.5388,OPEN HAND - final recovery,2889,2788,2738,3120,2996,2971,2856,8144.776119,7252.639633,6860.132646,10880.000000,9268.789809,8987.010676,7837.288136,0.004708,0.016948,0.002206,0.209152,0.211607,0.098228,0.031544
1056600,131.5711,56,Final_Open_Recovery,None,final_open,0,1.5711,OPEN HAND - final recovery,2897,2787,2734,3096,2979,2975,2848,8221.869783,7244.495413,6829.977957,10536.936937,9075.806452,9031.250000,7765.196472,0.014218,0.015806,-0.002199,0.171026,0.186380,0.103634,0.022055
1056650,131.6143,56,Final_Open_Recovery,None,final_open,0,1.6143,OPEN HAND - final recovery,2893,2775,2723,3078,2971,2994,2853,8183.194676,7147.727273,6747.959184,10290.265487,8987.010676,9245.776567,7810.144928,0.009447,0.002237,-0.014182,0.143612,0.174773,0.129849,0.027971
1056700,131.8264,56,Final_Open_Recovery,None,final_open,0,1.8264,OPEN HAND - final recovery,2888,2784,2729,3110,2968,2970,2854,8135.211268,7220.137300,6792.532943,10735.025381,8954.037267,8976.000000,7819.178082,0.003528,0.012391,-0.007670,0.193040,0.170462,0.096882,0.029160
1056750,131.8265,56,Final_Open_Recovery,None,final_open,0,1.8265,OPEN HAND - final recovery,2893,2786,2723,3107,2964,2956,2844,8183.194676,7236.363636,6747.959184,10692.105263,8910.344828,8823.880597,7729.496403,0.009447,0.014666,-0.014182,0.188270,0.164751,0.078293,0.017356
1056800,131.8265,56,Final_Open_Recovery,None,final_open,0,1.8265,OPEN HAND - final recovery,2890,2776,2718,3103,2971,2992,2854,8154.356846,7155.724033,6711.111111,10635.282258,8987.010676,9222.846782,7819.178082,0.005890,0.003359,-0.019565,0.181955,0.174773,0.127047,0.029160
1056850,131.8486,56,Final_Open_Recovery,None,final_open,0,1.8486,OPEN HAND - final recovery,2875,2791,2724,3102,2962,2996,2849,8012.295082,7277.147239,6755.361050,10621.148036,8888.614298,9268.789809,7774.157303,-0.011635,0.020384,-0.013100,0.180384,0.161910,0.132662,0.023234
1056900,131.8919,56,Final_Open_Recovery,None,final_open,0,1.8919,OPEN HAND - final recovery,2891,2789,2723,3085,2954,2979,2842,8163.953488,7260.796325,6747.959184,10385.148515,8802.453988,9075.806452,7711.731844,0.007073,0.018092,-0.014182,0.154157,0.150648,0.109079,0.015018
1056950,132.0530,56,Final_Open_Recovery,None,final_open,0,2.0530,OPEN HAND - final recovery,2893,2777,2714,3057,2961,2980,2850,8183.194676,7163.732929,6681.824765,10013.294798,8877.777778,9086.995516,7783.132530,0.009447,0.004482,-0.023843,0.112831,0.160494,0.110446,0.024416
1057000,132.0530,56,Final_Open_Recovery,None,final_open,0,2.0530,OPEN HAND - final recovery,2891,2789,2728,3070,2979,2985,2847,8163.953488,7260.796325,6785.076811,10183.414634,9075.806452,9143.243243,7756.250000,0.007073,0.018092,-0.008759,0.131737,0.186380,0.117320,0.020878
1057050,132.0531,56,Final_Open_Recovery,None,final_open,0,2.0531,OPEN HAND - final recovery,2893,2789,2729,3073,2965,2980,2837,8183.194676,7260.796325,6792.532943,10223.287671,8921.238938,9086.995516,7667.567568,0.009447,0.018092,-0.007670,0.136168,0.166175,0.110446,0.009205
1057100,132.0851,56,Final_Open_Recovery,None,final_open,0,2.0851,OPEN HAND - final recovery,2890,2778,2716,3055,2973,2992,2845,8154.356846,7171.753986,6696.446701,9987.500000,9009.090909,9222.846782,7738.400000,0.005890,0.005606,-0.021707,0.109964,0.177659,0.127047,0.018528
1057150,132.1288,56,Final_Open_Recovery,None,final_open,0,2.1288,OPEN HAND - final recovery,2886,2788,2724,3054,2975,2987,2844,8116.129032,7252.639633,6755.361050,9974.639769,9031.250000,9165.884477,7729.496403,0.001174,0.016948,-0.013100,0.108535,0.180556,0.120086,0.017356
1057200,132.3140,56,Final_Open_Recovery,None,final_open,0,2.3140,OPEN HAND - final recovery,2884,2786,2724,3046,2970,2971,2831,8097.109827,7236.363636,6755.361050,9872.640610,8976.000000,8987.010676,7615.031646,-0.001172,0.014666,-0.013100,0.097199,0.173333,0.098228,0.002290
1057250,132.3140,56,Final_Open_Recovery,None,final_open,0,2.3140,OPEN HAND - final recovery,2881,2775,2717,3052,2980,2969,2842,8068.698517,7147.727273,6703.773585,9948.993289,9086.995516,8965.008881,7711.731844,-0.004677,0.002237,-0.020637,0.105684,0.187843,0.095539,0.015018
1057300,132.3141,56,Final_Open_Recovery,None,final_open,0,2.3141,OPEN HAND - final recovery,2877,2790,2721,3089,2983,2974,2839,8031.034483,7268.965517,6733.187773,10439.960239,9120.683453,9020.160571,7685.191083,-0.009323,0.019237,-0.016340,0.160248,0.192246,0.102279,0.011525
1057350,132.3249,56,Final_Open_Recovery,None,final_open,0,2.3249,OPEN HAND - final recovery,2879,2787,2722,3100,2967,2970,2837,8049.835526,7244.495413,6740.568099,10592.964824,8943.085106,8976.000000,7667.567568,-0.007004,0.015806,-0.015261,0.177252,0.169031,0.096882,0.009205
1057400,132.3678,56,Final_Open_Recovery,None,final_open,0,2.3678,OPEN HAND - final recovery,2877,2777,2716,3094,2975,2976,2842,8031.034483,7163.732929,6696.446701,10509.090909,9031.250000,9042.359249,7711.731844,-0.009323,0.004482,-0.021707,0.167931,0.180556,0.104991,0.015018
1057450,132.5758,56,Final_Open_Recovery,None,final_open,0,2.5758,OPEN HAND - final recovery,2882,2792,2727,3091,2978,2988,2842,8078.153339,7285.341520,6777.631579,10467.529880,9064.637422,9177.235772,7711.731844,-0.003510,0.021533,-0.009847,0.163312,0.184920,0.121473,0.015018
1057500,132.5759,56,Final_Open_Recovery,None,final_open,0,2.5759,OPEN HAND - final recovery,2879,2792,2734,3072,2967,2980,2835,8049.835526,7285.341520,6829.977957,10209.970674,8943.085106,9086.995516,7650.000000,-0.007004,0.021533,-0.002199,0.134688,0.169031,0.110446,0.006893
1057550,132.5759,56,Final_Open_Recovery,None,final_open,0,2.5759,OPEN HAND - final recovery,2877,2782,2718,3038,2956,2984,2843,8031.034483,7203.960396,6711.111111,9772.185430,8823.880597,9131.953195,7720.607029,-0.009323,0.010122,-0.019565,0.086035,0.153448,0.115940,0.016186
1057600,132.5759,56,Final_Open_Recovery,None,final_open,0,2.5759,OPEN HAND - final recovery,2871,2798,2726,3048,2968,2979,2842,7975.000000,7334.772552,6770.197224,9897.994269,8954.037267,9075.806452,7711.731844,-0.016235,0.028465,-0.010933,0.100017,0.170462,0.109079,0.015018
1057650,132.6194,56,Final_Open_Recovery,None,final_open,0,2.6194,OPEN HAND - final recovery,2875,2795,2729,3056,2961,2947,2834,8012.295082,7310.000000,6792.532943,10000.384986,8877.777778,8728.048780,7641.237113,-0.011635,0.024991,-0.007670,0.111396,0.160494,0.066582,0.005740
1057700,132.6738,56,Final_Open_Recovery,None,final_open,0,2.6738,OPEN HAND - final recovery,2878,2784,2719,3047,2975,2960,2843,8040.427280,7220.137300,6718.459302,9885.305344,9031.250000,8866.960352,7720.607029,-0.008164,0.012391,-0.018491,0.098606,0.180556,0.083557,0.016186
1057750,132.8299,56,Final_Open_Recovery,None,final_open,0,2.8299,OPEN HAND - final recovery,2875,2802,2733,3055,2964,2960,2846,8012.295082,7367.981439,6822.466960,9987.500000,8910.344828,8866.960352,7747.317854,-0.011635,0.033121,-0.003297,0.109964,0.164751,0.083557,0.019702
1057800,132.8300,56,Final_Open_Recovery,None,final_open,0,2.8300,OPEN HAND - final recovery,2886,2800,2726,3059,2954,2934,2836,8116.129032,7351.351351,6770.197224,10039.189189,8802.453988,8592.248062,7658.776807,0.001174,0.030789,-0.010933,0.115708,0.150648,0.049987,0.008048
1057850,132.8300,56,Final_Open_Recovery,None,final_open,0,2.8300,OPEN HAND - final recovery,2884,2789,2717,3064,2959,2953,2849,8097.109827,7260.796325,6703.773585,10104.364694,8856.161972,8791.768827,7774.157303,-0.001172,0.018092,-0.020637,0.122952,0.157668,0.074369,0.023234
1057900,132.8850,56,Final_Open_Recovery,None,final_open,0,2.8850,OPEN HAND - final recovery,2880,2799,2725,3055,2964,2951,2848,8059.259259,7343.055556,6762.773723,9987.500000,8910.344828,8770.454545,7765.196472,-0.005841,0.029626,-0.012017,0.109964,0.164751,0.071764,0.022055
1057950,132.9285,56,Final_Open_Recovery,None,final_open,0,2.9285,OPEN HAND - final recovery,2882,2797,2725,3053,2958,2931,2840,8078.153339,7326.502311,6762.773723,9961.804223,8845.382586,8561.340206,7694.023904,-0.003510,0.027305,-0.012017,0.107108,0.156259,0.046210,0.012687
1058000,133.0802,56,Final_Open_Recovery,None,final_open,0,3.0802,OPEN HAND - final recovery,2880,2789,2717,3039,2974,2949,2849,8059.259259,7260.796325,6703.773585,9784.659091,9020.160571,8749.214660,7774.157303,-0.005841,0.018092,-0.020637,0.087421,0.179106,0.069169,0.023234
1058050,133.0803,56,Final_Open_Recovery,None,final_open,0,3.0803,OPEN HAND - final recovery,2873,2798,2728,3056,2966,2952,2845,7993.617021,7334.772552,6785.076811,10000.384986,8932.152347,8781.102362,7738.400000,-0.013939,0.028465,-0.008759,0.111396,0.167602,0.073065,0.018528
1058100,133.0803,56,Final_Open_Recovery,None,final_open,0,3.0803,OPEN HAND - final recovery,2885,2796,2726,3050,2959,2929,2837,8106.611570,7318.244804,6770.197224,9923.444976,8856.161972,8540.823328,7667.567568,0.000000,0.026147,-0.010933,0.102845,0.157668,0.043703,0.009205
1058150,133.1346,56,Final_Open_Recovery,None,final_open,0,3.1346,OPEN HAND - final recovery,2881,2784,2717,3040,2969,2932,2849,8068.698517,7220.137300,6703.773585,9797.156398,8965.008881,8571.625107,7774.157303,-0.004677,0.012391,-0.020637,0.088810,0.171897,0.047467,0.023234
1058200,133.1783,56,Final_Open_Recovery,None,final_open,0,3.1783,OPEN HAND - final recovery,2876,2798,2728,3048,2954,2936,2848,8021.657096,7334.772552,6785.076811,9897.994269,8802.453988,8612.942192,7765.196472,-0.010480,0.028465,-0.008759,0.100017,0.150648,0.052516,0.022055
1058250,133.3461,56,Final_Open_Recovery,None,final_open,0,3.3461,OPEN HAND - final recovery,2883,2794,2727,3049,2914,2929,2841,8087.623762,7301.767871,6777.631579,9910.707457,8389.161727,8540.823328,7702.870813,-0.002342,0.023837,-0.009847,0.101429,0.096622,0.043703,0.013852
1058300,133.3462,56,Final_Open_Recovery,None,final_open,0,3.3462,OPEN HAND - final recovery,2883,2783,2714,3042,2970,2940,2846,8087.623762,7212.042683,6681.824765,9822.222222,8976.000000,8654.545455,7747.317854,-0.002342,0.011256,-0.023843,0.091596,0.173333,0.057600,0.019702
1058350,133.3462,56,Final_Open_Recovery,None,final_open,0,3.3462,OPEN HAND - final recovery,2873,2798,2729,3058,2957,2949,2844,7993.617021,7334.772552,6792.532943,10026.229508,8834.622144,8749.214660,7729.496403,-0.013939,0.028465,-0.007670,0.114268,0.154853,0.069169,0.017356
1058400,133.3890,56,Final_Open_Recovery,None,final_open,0,3.3890,OPEN HAND - final recovery,2879,2795,2727,3062,2951,2945,2833,8049.835526,7310.000000,6777.631579,10078.218780,8770.454545,8706.956522,7632.488114,-0.007004,0.024991,-0.009847,0.120046,0.146465,0.064005,0.004588
1058450,133.4329,56,Final_Open_Recovery,None,final_open,0,3.4329,OPEN HAND - final recovery,2874,2777,2716,3053,2963,2979,2845,8002.948403,7163.732929,6696.446701,9961.804223,8899.469965,9075.806452,7738.400000,-0.012787,0.004482,-0.021707,0.107108,0.163329,0.109079,0.018528
1058500,133.5987,56,Final_Open_Recovery,None,final_open,0,3.5987,OPEN HAND - final recovery,2863,2792,2726,3075,2961,2976,2844,7901.136364,7285.341520,6770.197224,10250.000000,8877.777778,9042.359249,7729.496403,-0.025347,0.021533,-0.010933,0.139137,0.160494,0.104991,0.017356
1058550,133.5987,56,Final_Open_Recovery,None,final_open,0,3.5987,OPEN HAND - final recovery,2871,2791,2721,3066,2947,2947,2835,7975.000000,7277.147239,6733.187773,10130.612245,8728.048780,8728.048780,7650.000000,-0.016235,0.020384,-0.016340,0.125869,0.140921,0.066582,0.006893
1058600,133.5988,56,Final_Open_Recovery,None,final_open,0,3.5988,OPEN HAND - final recovery,2870,2780,2709,3042,2950,2975,2847,7965.714286,7187.832700,6645.454545,9822.222222,8759.825328,9031.250000,7756.250000,-0.017381,0.007861,-0.029157,0.091596,0.145075,0.103634,0.020878
1058650,133.6312,56,Final_Open_Recovery,None,final_open,0,3.6312,OPEN HAND - final recovery,2861,2789,2722,3040,2931,2967,2844,7882.820097,7260.796325,6740.568099,9797.156398,8561.340206,8943.085106,7729.496403,-0.027606,0.018092,-0.015261,0.088810,0.119129,0.092860,0.017356
1058700,133.6753,56,Final_Open_Recovery,None,final_open,0,3.6753,OPEN HAND - final recovery,2870,2792,2725,3035,2943,2949,2834,7965.714286,7285.341520,6762.773723,9734.905660,8685.937500,8749.214660,7641.237113,-0.017381,0.021533,-0.012017,0.081892,0.135417,0.069169,0.005740
1058750,133.8508,56,Final_Open_Recovery,None,final_open,0,3.8508,OPEN HAND - final recovery,2867,2778,2716,3041,2914,2955,2844,7937.947883,7171.753986,6696.446701,9809.677419,8389.161727,8813.157895,7729.496403,-0.020806,0.005606,-0.021707,0.090201,0.096622,0.076983,0.017356
1058800,133.8509,56,Final_Open_Recovery,None,final_open,0,3.8509,OPEN HAND - final recovery,2861,2788,2721,3047,2932,2961,2844,7882.820097,7252.639633,6733.187773,9885.305344,8571.625107,8877.777778,7729.496403,-0.027606,0.016948,-0.016340,0.098606,0.120474,0.084879,0.017356
1058850,133.8509,56,Final_Open_Recovery,None,final_open,0,3.8509,OPEN HAND - final recovery,2866,2786,2719,3038,2900,2950,2835,7928.722539,7236.363636,6718.459302,9772.185430,8251.046025,8759.825328,7650.000000,-0.021944,0.014666,-0.018491,0.086035,0.078568,0.070465,0.006893
1058900,133.8725,56,Final_Open_Recovery,None,final_open,0,3.8725,OPEN HAND - final recovery,2869,2777,2711,3026,2902,2964,2843,7956.443719,7163.732929,6659.971098,9624.321796,8270.578374,8910.344828,7720.607029,-0.018524,0.004482,-0.027036,0.069602,0.081121,0.088859,0.016186
1058950,133.9273,56,Final_Open_Recovery,None,final_open,0,3.9273,OPEN HAND - final recovery,2866,2790,2723,3024,2897,2958,2841,7928.722539,7268.965517,6747.959184,9600.000000,8221.869783,8845.382586,7702.870813,-0.021944,0.019237,-0.014182,0.066899,0.074754,0.080920,0.013852
1059000,134.1077,56,Final_Open_Recovery,None,final_open,0,4.1077,OPEN HAND - final recovery,2870,2788,2722,3022,2893,2941,2834,7965.714286,7252.639633,6740.568099,9575.768872,8183.194676,8664.991334,7641.237113,-0.017381,0.016948,-0.015261,0.064206,0.069699,0.058876,0.005740
1059050,134.1078,56,Final_Open_Recovery,None,final_open,0,4.1078,OPEN HAND - final recovery,2866,2772,2713,3018,2899,2959,2845,7928.722539,7123.809524,6674.529667,9527.576602,8241.304348,8856.161972,7738.400000,-0.021944,-0.001116,-0.024909,0.058850,0.077295,0.082238,0.018528
1059100,134.1078,56,Final_Open_Recovery,None,final_open,0,4.1078,OPEN HAND - final recovery,2865,2793,2719,3024,2901,2957,2844,7919.512195,7293.548387,6718.459302,9600.000000,8260.804020,8834.622144,7729.496403,-0.023080,0.022684,-0.018491,0.066899,0.079844,0.079606,0.017356
1059150,134.1399,56,Final_Open_Recovery,None,final_open,0,4.1399,OPEN HAND - final recovery,2871,2792,2721,3021,2894,2946,2840,7975.000000,7285.341520,6733.187773,9563.687151,8192.839301,8717.493473,7694.023904,-0.016235,0.021533,-0.016340,0.062863,0.070959,0.065292,0.012687
1059200,134.1835,56,Final_Open_Recovery,None,final_open,0,4.1835,OPEN HAND - final recovery,2862,2779,2713,3012,2905,2948,2847,7891.970803,7179.787234,6674.529667,9455.955679,8300.000000,8738.622493,7756.250000,-0.026477,0.006733,-0.024909,0.050890,0.084967,0.067874,0.020878
1059250,134.3599,56,Final_Open_Recovery,None,final_open,0,4.3599,OPEN HAND - final recovery,2865,2791,2724,3016,2908,2946,2846,7919.512195,7277.147239,6755.361050,9503.614458,8329.570345,8717.493473,7747.317854,-0.023080,0.020384,-0.013100,0.056187,0.088833,0.065292,0.019702
1059300,134.3599,56,Final_Open_Recovery,None,final_open,0,4.3599,OPEN HAND - final recovery,2869,2788,2725,3007,2895,2928,2840,7956.443719,7252.639633,6762.773723,9396.875000,8202.500000,8530.591260,7694.023904,-0.018524,0.016948,-0.012017,0.044325,0.072222,0.042452,0.012687
1059350,134.3600,56,Final_Open_Recovery,None,final_open,0,4.3600,OPEN HAND - final recovery,2865,2780,2713,2997,2902,2949,2847,7919.512195,7187.832700,6674.529667,9280.327869,8270.578374,8749.214660,7756.250000,-0.023080,0.007861,-0.024909,0.031372,0.081121,0.069169,0.020878
1059400,134.3822,56,Final_Open_Recovery,None,final_open,0,4.3822,OPEN HAND - final recovery,2862,2791,2724,3001,2901,2945,2849,7891.970803,7277.147239,6755.361050,9326.691042,8260.804020,8706.956522,7774.157303,-0.026477,0.020384,-0.013100,0.036525,0.079844,0.064005,0.023234
1059450,134.4476,56,Final_Open_Recovery,None,final_open,0,4.4476,OPEN HAND - final recovery,2865,2787,2725,3001,2887,2934,2840,7919.512195,7244.495413,6762.773723,9326.691042,8125.662252,8592.248062,7694.023904,-0.023080,0.015806,-0.012017,0.036525,0.062178,0.049987,0.012687
1059500,134.4694,56,Final_Open_Recovery,None,final_open,0,4.4694,OPEN HAND - final recovery,2864,2779,2715,2991,2899,2930,2848,7910.316816,7179.787234,6689.130435,9211.413043,8241.304348,8551.072961,7765.196472,-0.024214,0.006733,-0.022776,0.023713,0.077295,0.044955,0.022055
1059550,134.6149,56,Final_Open_Recovery,None,final_open,0,4.6149,OPEN HAND - final recovery,2862,2788,2721,3012,2895,2930,2845,7891.970803,7252.639633,6733.187773,9455.955679,8202.500000,8551.072961,7738.400000,-0.026477,0.016948,-0.016340,0.050890,0.072222,0.044955,0.018528
1059600,134.6150,56,Final_Open_Recovery,None,final_open,0,4.6150,OPEN HAND - final recovery,2865,2785,2722,3011,2886,2922,2837,7919.512195,7228.244275,6740.568099,9444.095941,8116.129032,8469.565217,7667.567568,-0.023080,0.013527,-0.015261,0.049572,0.060932,0.034995,0.009205
1059650,134.6150,56,Final_Open_Recovery,None,final_open,0,4.6150,OPEN HAND - final recovery,2870,2774,2708,3009,2903,2943,2851,7965.714286,7139.742619,6638.211968,9420.441989,8280.369128,8685.937500,7792.122186,-0.017381,0.001118,-0.030215,0.046944,0.082401,0.061436,0.025599
1059700,134.6910,56,Final_Open_Recovery,None,final_open,0,4.6910,OPEN HAND - final recovery,2862,2788,2716,3010,2898,2933,2851,7891.970803,7252.639633,6696.446701,9432.258065,8231.578947,8581.927711,7792.122186,-0.026477,0.016948,-0.021707,0.048257,0.076023,0.048726,0.025599
1059750,134.8416,56,Final_Open_Recovery,None,final_open,0,4.8416,OPEN HAND - final recovery,2866,2784,2717,3006,2889,2925,2843,7928.722539,7220.137300,6703.773585,9385.123967,8144.776119,8500.000000,7720.607029,-0.021944,0.012391,-0.020637,0.043019,0.064677,0.038714,0.016186
1059800,134.8417,56,Final_Open_Recovery,None,final_open,0,4.8417,OPEN HAND - final recovery,2863,2776,2706,3008,2897,2926,2849,7901.136364,7155.724033,6623.758099,9408.647654,8221.869783,8510.179641,7774.157303,-0.025347,0.003359,-0.032326,0.045633,0.074754,0.039958,0.023234
1059850,134.8417,56,Final_Open_Recovery,None,final_open,0,4.8417,OPEN HAND - final recovery,2857,2786,2717,3017,2896,2921,2853,7846.365105,7236.363636,6703.773585,9515.584416,8212.176814,8459.454855,7810.144928,-0.032103,0.014666,-0.020637,0.057517,0.073487,0.033759,0.027971
1059900,134.8741,56,Final_Open_Recovery,None,final_open,0,4.8741,OPEN HAND - final recovery,2864,2785,2715,3021,2887,2907,2843,7910.316816,7228.244275,6689.130435,9563.687151,8125.662252,8319.696970,7720.607029,-0.024214,0.013527,-0.022776,0.062863,0.062178,0.016681,0.016186
1059950,134.9402,56,Final_Open_Recovery,None,final_open,0,4.9402,OPEN HAND - final recovery,2863,2779,2709,3019,2899,2925,2855,7901.136364,7179.787234,6645.454545,9539.591078,8241.304348,8500.000000,7828.225806,-0.025347,0.006733,-0.029157,0.060185,0.077295,0.038714,0.030351
1060000,134.9839,56,Final_Open_Recovery,None,final_open,0,4.9839,OPEN HAND - final recovery,2868,2785,2719,3029,2896,2923,2854,7947.188264,7228.244275,6718.459302,9660.975610,8212.176814,8479.692833,7819.178082,-0.019666,0.013527,-0.018491,0.073675,0.073487,0.036233,0.029160
