esp32_t_ms,protocol_elapsed_s,event_index,label,target_finger,phase,cycle,phase_elapsed_s,instruction,Thumb_raw_ADC,Index_raw_ADC,Middle_raw_ADC,Ring_raw_ADC,Pinky_raw_ADC,ReverseHorizontal_raw_ADC,ReverseThumb_raw_ADC,Thumb_R_ohm,Index_R_ohm,Middle_R_ohm,Ring_R_ohm,Pinky_R_ohm,ReverseHorizontal_R_ohm,ReverseThumb_R_ohm,Thumb_dR_over_R0,Index_dR_over_R0,Middle_dR_over_R0,Ring_dR_over_R0,Pinky_dR_over_R0,ReverseHorizontal_dR_over_R0,ReverseThumb_dR_over_R0
767000,0.0275,0,Initial_Baseline,None,baseline,0,0.0275,OPEN HAND - baseline,3039,2754,2717,3052,2844,2898,2903,9784.659091,6982.550336,6703.773585,9948.993289,7729.496403,8231.578947,8280.369128,-0.001276,-0.012699,0.019819,0.077395,0.017356,-0.009419,0.006521
767050,0.0718,0,Initial_Baseline,None,baseline,0,0.0718,OPEN HAND - baseline,3045,2752,2715,3052,2830,2883,2900,9860.000000,6967.088608,6689.130435,9948.993289,7606.324111,8087.623762,8251.046025,0.006414,-0.014885,0.017591,0.077395,0.001144,-0.026742,0.002956
767100,0.1158,0,Initial_Baseline,None,baseline,0,0.1158,OPEN HAND - baseline,3046,2743,2704,3053,2850,2893,2904,9872.640610,6898.076923,6609.345794,9961.804223,7783.132530,8183.194676,8290.176322,0.007705,-0.024643,0.005454,0.078783,0.024416,-0.015241,0.007713
767150,0.3848,0,Initial_Baseline,None,baseline,0,0.3848,OPEN HAND - baseline,3041,2753,2714,3057,2838,2895,2911,9809.677419,6974.813711,6681.824765,10013.294798,7676.372315,8202.500000,8359.290541,0.001278,-0.013793,0.016480,0.084359,0.010364,-0.012918,0.016114
767200,0.3849,0,Initial_Baseline,None,baseline,0,0.3849,OPEN HAND - baseline,3051,2752,2714,3058,2827,2884,2905,9936.206897,6967.088608,6681.824765,10026.229508,7580.283912,8097.109827,8300.000000,0.014193,-0.014885,0.016480,0.085759,-0.002283,-0.025601,0.008907
767250,0.3849,0,Initial_Baseline,None,baseline,0,0.3849,OPEN HAND - baseline,3043,2740,2704,3052,2832,2893,2912,9834.790875,6875.276753,6609.345794,9948.993289,7623.752969,8183.194676,8369.230769,0.003841,-0.027867,0.005454,0.077395,0.003438,-0.015241,0.017322
767300,0.3849,0,Initial_Baseline,None,baseline,0,0.3849,OPEN HAND - baseline,3040,2756,2716,3055,2832,2894,2902,9797.156398,6998.058252,6696.446701,9987.500000,7623.752969,8192.839301,8270.578374,0.000000,-0.010506,0.018704,0.081565,0.003438,-0.014081,0.005331
767350,0.3849,0,Initial_Baseline,None,baseline,0,0.3849,OPEN HAND - baseline,3044,2755,2718,3048,2825,2888,2895,9847.383444,6990.298507,6711.111111,9897.994269,7562.992126,8135.211268,8202.500000,0.005127,-0.011603,0.020935,0.071873,-0.004559,-0.021016,-0.002945
767400,0.5456,0,Initial_Baseline,None,baseline,0,0.5456,OPEN HAND - baseline,3042,2742,2708,3043,2832,2897,2909,9822.222222,6890.465632,6638.211968,9834.790875,7623.752969,8221.869783,8339.460371,0.002558,-0.025719,0.009845,0.065028,0.003438,-0.010587,0.013704
767450,0.5457,0,Initial_Baseline,None,baseline,0,0.5457,OPEN HAND - baseline,3031,2751,2717,3053,2833,2896,2909,9685.526316,6959.375000,6703.773585,9961.804223,7632.488114,8212.176814,8339.460371,-0.011394,-0.015976,0.019819,0.078783,0.004588,-0.011754,0.013704
767500,0.5457,0,Initial_Baseline,None,baseline,0,0.5457,OPEN HAND - baseline,3031,2751,2712,3056,2822,2892,2903,9685.526316,6959.375000,6667.245119,10000.384986,7537.156324,8173.566085,8280.369128,-0.011394,-0.015976,0.014262,0.082961,-0.007960,-0.016400,0.006521
767550,0.6006,0,Initial_Baseline,None,baseline,0,0.6006,OPEN HAND - baseline,3028,2739,2704,3046,2830,2903,2912,9648.734770,6867.699115,6609.345794,9872.640610,7606.324111,8280.369128,8369.230769,-0.015149,-0.028938,0.005454,0.069127,0.001144,-0.003548,0.017322
767600,0.6217,0,Initial_Baseline,None,baseline,0,0.6217,OPEN HAND - baseline,3023,2753,2713,3059,2833,2901,2911,9587.873134,6974.813711,6674.529667,10039.189189,7632.488114,8260.804020,8359.290541,-0.021362,-0.013793,0.015370,0.087163,0.004588,-0.005902,0.016114
767650,0.7915,0,Initial_Baseline,None,baseline,0,0.7915,OPEN HAND - baseline,3025,2753,2709,3050,2820,2887,2894,9612.149533,6974.813711,6645.454545,9923.444976,7520.000000,8125.662252,8192.839301,-0.018884,-0.013793,0.010947,0.074629,-0.010218,-0.022165,-0.004119
767700,0.7915,0,Initial_Baseline,None,baseline,0,0.7915,OPEN HAND - baseline,3029,2743,2703,3041,2832,2898,2916,9660.975610,6898.076923,6602.155172,9809.677419,7623.752969,8231.578947,8409.160305,-0.013900,-0.024643,0.004360,0.062309,0.003438,-0.009419,0.022176
767750,0.7915,0,Initial_Baseline,None,baseline,0,0.7915,OPEN HAND - baseline,3014,2756,2717,3059,2834,2899,2918,9479.740981,6998.058252,6703.773585,10039.189189,7641.237113,8241.304348,8429.226848,-0.032399,-0.010506,0.019819,0.087163,0.005740,-0.008249,0.024615
767800,0.8238,0,Initial_Baseline,None,baseline,0,0.8238,OPEN HAND - baseline,3024,2753,2718,3036,2826,2890,2905,9600.000000,6974.813711,6711.111111,9747.308782,7571.631206,8154.356846,8300.000000,-0.020124,-0.013793,0.020935,0.055555,-0.003422,-0.018712,0.008907
767850,0.8786,0,Initial_Baseline,None,baseline,0,0.8786,OPEN HAND - baseline,3025,2748,2712,3042,2830,2896,2914,9612.149533,6936.302895,6667.245119,9822.222222,7606.324111,8212.176814,8389.161727,-0.018884,-0.019238,0.014262,0.063667,0.001144,-0.011754,0.019745
767900,1.0377,0,Initial_Baseline,None,baseline,0,1.0377,OPEN HAND - baseline,3025,2755,2726,3046,2830,2891,2924,9612.149533,6990.298507,6770.197224,9872.640610,7606.324111,8163.953488,8489.837746,-0.018884,-0.011603,0.029923,0.069127,0.001144,-0.017557,0.031983
767950,1.0378,0,Initial_Baseline,None,baseline,0,1.0378,OPEN HAND - baseline,3027,2759,2724,3044,2818,2888,2908,9636.516854,7021.407186,6755.361050,9847.383444,7502.897416,8135.211268,8329.570345,-0.016397,-0.007204,0.027666,0.066392,-0.012469,-0.021016,0.012501
768000,1.0378,0,Initial_Baseline,None,baseline,0,1.0378,OPEN HAND - baseline,3043,2747,2718,3038,2831,2900,2920,9834.790875,6928.635015,6711.111111,9772.185430,7615.031646,8251.046025,8449.361702,0.003841,-0.020322,0.020935,0.058248,0.002290,-0.007076,0.027063
768050,1.0699,0,Initial_Baseline,None,baseline,0,1.0699,OPEN HAND - baseline,3033,2763,2730,3041,2832,2899,2917,9710.169492,7052.702703,6800.000000,9809.677419,7623.752969,8241.304348,8419.185059,-0.008879,-0.002779,0.034457,0.062309,0.003438,-0.008249,0.023395
768100,1.1243,0,Initial_Baseline,None,baseline,0,1.1243,OPEN HAND - baseline,3034,2759,2729,3042,2823,2887,2904,9722.525919,7021.407186,6792.532943,9822.222222,7545.754717,8125.662252,8290.176322,-0.007618,-0.007204,0.033321,0.063667,-0.006828,-0.022165,0.007713
768150,1.3000,0,Initial_Baseline,None,baseline,0,1.3000,OPEN HAND - baseline,3027,2747,2714,3030,2832,2900,2911,9636.516854,6928.635015,6681.824765,9673.239437,7623.752969,8251.046025,8359.290541,-0.016397,-0.020322,0.016480,0.047533,0.003438,-0.007076,0.016114
768200,1.3000,0,Initial_Baseline,None,baseline,0,1.3000,OPEN HAND - baseline,3021,2765,2725,3039,2833,2897,2911,9563.687151,7068.421053,6762.773723,9784.659091,7632.488114,8221.869783,8359.290541,-0.023830,-0.000557,0.028794,0.059599,0.004588,-0.010587,0.016114
768250,1.3000,0,Initial_Baseline,None,baseline,0,1.3000,OPEN HAND - baseline,3024,2760,2724,3031,2820,2887,2910,9600.000000,7029.213483,6755.361050,9685.526316,7520.000000,8125.662252,8349.367089,-0.020124,-0.006101,0.027666,0.048864,-0.010218,-0.022165,0.014908
768300,1.3757,0,Initial_Baseline,None,baseline,0,1.3757,OPEN HAND - baseline,3024,2751,2711,3022,2834,2900,2916,9600.000000,6959.375000,6659.971098,9575.768872,7641.237113,8251.046025,8409.160305,-0.020124,-0.015976,0.013155,0.036978,0.005740,-0.007076,0.022176
768350,1.3757,0,Initial_Baseline,None,baseline,0,1.3757,OPEN HAND - baseline,3021,2764,2724,3030,2823,2898,2909,9563.687151,7060.555973,6755.361050,9673.239437,7545.754717,8231.578947,8339.460371,-0.023830,-0.001669,0.027666,0.047533,-0.006828,-0.009419,0.013704
768400,1.5476,0,Initial_Baseline,None,baseline,0,1.5476,OPEN HAND - baseline,3025,2764,2718,3028,2826,2888,2913,9612.149533,7060.555973,6711.111111,9648.734770,7571.631206,8135.211268,8379.187817,-0.018884,-0.001669,0.020935,0.044880,-0.003422,-0.021016,0.018533
768450,1.5477,0,Initial_Baseline,None,baseline,0,1.5477,OPEN HAND - baseline,3025,2754,2706,3028,2834,2898,2905,9612.149533,6982.550336,6623.758099,9648.734770,7641.237113,8231.578947,8300.000000,-0.018884,-0.012699,0.007646,0.044880,0.005740,-0.009419,0.008907
768500,1.5477,0,Initial_Baseline,None,baseline,0,1.5477,OPEN HAND - baseline,3014,2762,2715,3043,2833,2896,2912,9479.740981,7044.861215,6689.130435,9834.790875,7632.488114,8212.176814,8369.230769,-0.032399,-0.003888,0.017591,0.065028,0.004588,-0.011754,0.017322
768550,1.5694,0,Initial_Baseline,None,baseline,0,1.5694,OPEN HAND - baseline,3023,2762,2709,3031,2826,2887,2908,9587.873134,7044.861215,6645.454545,9685.526316,7571.631206,8125.662252,8329.570345,-0.021362,-0.003888,0.010947,0.048864,-0.003422,-0.022165,0.012501
768600,1.6130,0,Initial_Baseline,None,baseline,0,1.6130,OPEN HAND - baseline,3022,2753,2703,3019,2834,2897,2917,9575.768872,6974.813711,6602.155172,9539.591078,7641.237113,8221.869783,8419.185059,-0.022597,-0.013793,0.004360,0.033060,0.005740,-0.010587,0.023395
768650,1.8164,0,Initial_Baseline,None,baseline,0,1.8164,OPEN HAND - baseline,3014,2761,2707,3033,2832,2897,2913,9479.740981,7037.031484,6630.979827,9710.169492,7623.752969,8221.869783,8379.187817,-0.032399,-0.004995,0.008745,0.051533,0.003438,-0.010587,0.018533
768700,1.8165,0,Initial_Baseline,None,baseline,0,1.8165,OPEN HAND - baseline,3022,2763,2708,3032,2826,2893,2902,9575.768872,7052.702703,6638.211968,9697.836312,7571.631206,8183.194676,8270.578374,-0.022597,-0.002779,0.009845,0.050197,-0.003422,-0.015241,0.005331
768750,1.8165,0,Initial_Baseline,None,baseline,0,1.8165,OPEN HAND - baseline,3023,2752,2704,3038,2833,2901,2911,9587.873134,6967.088608,6609.345794,9772.185430,7632.488114,8260.804020,8359.290541,-0.021362,-0.014885,0.005454,0.058248,0.004588,-0.005902,0.016114
768800,1.8276,0,Initial_Baseline,None,baseline,0,1.8276,OPEN HAND - baseline,3011,2765,2719,3047,2832,2899,2912,9444.095941,7068.421053,6718.459302,9885.305344,7623.752969,8241.304348,8369.230769,-0.036037,-0.000557,0.022053,0.070498,0.003438,-0.008249,0.017322
768850,1.8822,0,Initial_Baseline,None,baseline,0,1.8822,OPEN HAND - baseline,3026,2764,2716,3046,2830,2891,2911,9624.321796,7060.555973,6696.446701,9872.640610,7606.324111,8163.953488,8359.290541,-0.017641,-0.001669,0.018704,0.069127,0.001144,-0.017557,0.016114
768900,1.9251,0,Initial_Baseline,None,baseline,0,1.9251,OPEN HAND - baseline,3025,2756,2701,3026,2834,2893,2917,9612.149533,6998.058252,6587.804878,9624.321796,7641.237113,8183.194676,8419.185059,-0.018884,-0.010506,0.002177,0.042236,0.005740,-0.015241,0.023395
768950,2.0722,0,Initial_Baseline,None,baseline,0,2.0722,OPEN HAND - baseline,3009,2767,2709,3029,2832,2899,2925,9420.441989,7084.186747,6645.454545,9660.975610,7623.752969,8241.304348,8500.000000,-0.038451,0.001672,0.010947,0.046205,0.003438,-0.008249,0.033218
769000,2.0722,0,Initial_Baseline,None,baseline,0,2.0722,OPEN HAND - baseline,3022,2764,2710,3031,2821,2889,2911,9575.768872,7060.555973,6652.707581,9685.526316,7528.571429,8144.776119,8359.290541,-0.022597,-0.001669,0.012050,0.048864,-0.009090,-0.019865,0.016114
769050,2.0722,0,Initial_Baseline,None,baseline,0,2.0722,OPEN HAND - baseline,3016,2750,2704,3034,2834,2897,2920,9503.614458,6951.672862,6609.345794,9722.525919,7641.237113,8221.869783,8449.361702,-0.029962,-0.017065,0.005454,0.052871,0.005740,-0.010587,0.027063
769100,2.1258,0,Initial_Baseline,None,baseline,0,2.1258,OPEN HAND - baseline,3012,2765,2713,3043,2832,2898,2916,9455.955679,7068.421053,6674.529667,9834.790875,7623.752969,8231.578947,8409.160305,-0.034827,-0.000557,0.015370,0.065028,0.003438,-0.009419,0.022176
769150,2.1693,0,Initial_Baseline,None,baseline,0,2.1693,OPEN HAND - baseline,3020,2762,2710,3029,2823,2890,2906,9551.627907,7044.861215,6652.707581,9660.975610,7545.754717,8154.356846,8309.840202,-0.025061,-0.003888,0.012050,0.046205,-0.006828,-0.018712,0.010103
769200,2.3440,0,Initial_Baseline,None,baseline,0,2.3440,OPEN HAND - baseline,3022,2753,2700,3024,2833,2896,2921,9575.768872,6974.813711,6580.645161,9600.000000,7632.488114,8212.176814,8459.454855,-0.022597,-0.013793,0.001088,0.039602,0.004588,-0.011754,0.028290
769250,2.3441,0,Initial_Baseline,None,baseline,0,2.3441,OPEN HAND - baseline,3019,2766,2716,3031,2832,2893,2922,9539.591078,7076.297968,6696.446701,9685.526316,7623.752969,8183.194676,8469.565217,-0.026290,0.000557,0.018704,0.048864,0.003438,-0.015241,0.029519
769300,2.3441,0,Initial_Baseline,None,baseline,0,2.3441,OPEN HAND - baseline,3023,2764,2717,3031,2823,2879,2914,9587.873134,7060.555973,6703.773585,9685.526316,7545.754717,8049.835526,8389.161727,-0.021362,-0.001669,0.019819,0.048864,-0.006828,-0.031290,0.019745
769350,2.3660,0,Initial_Baseline,None,baseline,0,2.3660,OPEN HAND - baseline,3023,2753,2706,3020,2835,2891,2917,9587.873134,6974.813711,6623.758099,9551.627907,7650.000000,8163.953488,8419.185059,-0.021362,-0.013793,0.007646,0.034364,0.006893,-0.017557,0.023395
769400,2.4204,0,Initial_Baseline,None,baseline,0,2.4204,OPEN HAND - baseline,3021,2769,2716,3035,2833,2895,2921,9563.687151,7100.000000,6696.446701,9734.905660,7632.488114,8202.500000,8459.454855,-0.023830,0.003908,0.018704,0.054211,0.004588,-0.012918,0.028290
769450,2.5747,0,Initial_Baseline,None,baseline,0,2.5747,OPEN HAND - baseline,3023,2767,2718,3031,2824,2880,2912,9587.873134,7084.186747,6711.111111,9685.526316,7554.366640,8059.259259,8369.230769,-0.021362,0.001672,0.020935,0.048864,-0.005694,-0.030156,0.017322
769500,2.5748,0,Initial_Baseline,None,baseline,0,2.5748,OPEN HAND - baseline,3020,2750,2705,3025,2832,2893,2920,9551.627907,6951.672862,6616.546763,9612.149533,7623.752969,8183.194676,8449.361702,-0.025061,-0.017065,0.006549,0.040918,0.003438,-0.015241,0.027063
769550,2.5748,0,Initial_Baseline,None,baseline,0,2.5748,OPEN HAND - baseline,3012,2768,2715,3026,2832,2895,2915,9455.955679,7092.087415,6689.130435,9624.321796,7623.752969,8202.500000,8399.152542,-0.034827,0.002789,0.017591,0.042236,0.003438,-0.012918,0.020960
769600,2.6503,0,Initial_Baseline,None,baseline,0,2.6503,OPEN HAND - baseline,3018,2766,2714,3026,2821,2881,2904,9527.576602,7076.297968,6681.824765,9624.321796,7528.571429,8068.698517,8290.176322,-0.027516,0.000557,0.016480,0.042236,-0.009090,-0.029020,0.007713
769650,2.6827,0,Initial_Baseline,None,baseline,0,2.6827,OPEN HAND - baseline,3020,2752,2704,3030,2833,2895,2912,9551.627907,6967.088608,6609.345794,9673.239437,7632.488114,8202.500000,8369.230769,-0.025061,-0.014885,0.005454,0.047533,0.004588,-0.012918,0.017322
769700,2.8192,0,Initial_Baseline,None,baseline,0,2.8192,OPEN HAND - baseline,3010,2763,2710,3035,2831,2888,2917,9432.258065,7052.702703,6652.707581,9734.905660,7615.031646,8135.211268,8419.185059,-0.037245,-0.002779,0.012050,0.054211,0.002290,-0.021016,0.023395
769750,2.8193,0,Initial_Baseline,None,baseline,0,2.8193,OPEN HAND - baseline,3016,2762,2712,3039,2816,2881,2905,9503.614458,7044.861215,6667.245119,9784.659091,7485.848319,8068.698517,8300.000000,-0.029962,-0.003888,0.014262,0.059599,-0.014713,-0.029020,0.008907
769800,2.8301,0,Initial_Baseline,None,baseline,0,2.8301,OPEN HAND - baseline,3007,2754,2705,3025,2831,2895,2914,9396.875000,6982.550336,6616.546763,9612.149533,7615.031646,8202.500000,8389.161727,-0.040857,-0.012699,0.006549,0.040918,0.002290,-0.012918,0.019745
769850,2.8739,0,Initial_Baseline,None,baseline,0,2.8739,OPEN HAND - baseline,3002,2765,2714,3034,2830,2896,2914,9338.334858,7068.421053,6681.824765,9722.525919,7606.324111,8212.176814,8389.161727,-0.046832,-0.000557,0.016480,0.052871,0.001144,-0.011754,0.019745
769900,2.9286,0,Initial_Baseline,None,baseline,0,2.9286,OPEN HAND - baseline,3011,2765,2710,3027,2820,2890,2903,9444.095941,7068.421053,6652.707581,9636.516854,7520.000000,8154.356846,8280.369128,-0.036037,-0.000557,0.012050,0.043557,-0.010218,-0.018712,0.006521
769950,3.0871,0,Initial_Baseline,None,baseline,0,3.0871,OPEN HAND - baseline,3010,2755,2702,3030,2833,2902,2916,9432.258065,6990.298507,6594.974874,9673.239437,7632.488114,8270.578374,8409.160305,-0.037245,-0.011603,0.003268,0.047533,0.004588,-0.004726,0.022176
770000,3.0871,0,Initial_Baseline,None,baseline,0,3.0871,OPEN HAND - baseline,2997,2765,2715,3035,2832,2898,2914,9280.327869,7068.421053,6689.130435,9734.905660,7623.752969,8231.578947,8389.161727,-0.052753,-0.000557,0.017591,0.054211,0.003438,-0.009419,0.019745
770050,3.0871,0,Initial_Baseline,None,baseline,0,3.0871,OPEN HAND - baseline,3012,2765,2717,3034,2820,2889,2902,9455.955679,7068.421053,6703.773585,9722.525919,7520.000000,8144.776119,8270.578374,-0.034827,-0.000557,0.019819,0.052871,-0.010218,-0.019865,0.005331
770100,3.1195,0,Initial_Baseline,None,baseline,0,3.1195,OPEN HAND - baseline,3012,2754,2704,3021,2834,2898,2918,9455.955679,6982.550336,6609.345794,9563.687151,7641.237113,8231.578947,8429.226848,-0.034827,-0.012699,0.005454,0.035670,0.005740,-0.009419,0.024615
770150,3.1739,0,Initial_Baseline,None,baseline,0,3.1739,OPEN HAND - baseline,3009,2764,2710,3029,2832,2897,2928,9420.441989,7060.555973,6652.707581,9660.975610,7623.752969,8221.869783,8530.591260,-0.038451,-0.001669,0.012050,0.046205,0.003438,-0.010587,0.036937
770200,3.3373,0,Initial_Baseline,None,baseline,0,3.3373,OPEN HAND - baseline,3018,2762,2708,3024,2825,2891,2912,9527.576602,7044.861215,6638.211968,9600.000000,7562.992126,8163.953488,8369.230769,-0.027516,-0.003888,0.009845,0.039602,-0.004559,-0.017557,0.017322
770250,3.3374,0,Initial_Baseline,None,baseline,0,3.3374,OPEN HAND - baseline,3014,2751,2701,3023,2836,2897,2922,9479.740981,6959.375000,6587.804878,9587.873134,7658.776807,8221.869783,8469.565217,-0.032399,-0.015976,0.002177,0.038289,0.008048,-0.010587,0.029519
770300,3.3374,0,Initial_Baseline,None,baseline,0,3.3374,OPEN HAND - baseline,3004,2762,2706,3032,2836,2898,2915,9361.686526,7044.861215,6623.758099,9697.836312,7658.776807,8231.578947,8399.152542,-0.044449,-0.003888,0.007646,0.050197,0.008048,-0.009419,0.020960
770350,3.3703,0,Initial_Baseline,None,baseline,0,3.3703,OPEN HAND - baseline,3010,2758,2705,3032,2832,2885,2915,9432.258065,7013.612565,6616.546763,9697.836312,7623.752969,8106.611570,8399.152542,-0.037245,-0.008307,0.006549,0.050197,0.003438,-0.024457,0.020960
770400,3.4142,0,Initial_Baseline,None,baseline,0,3.4142,OPEN HAND - baseline,3007,2747,2694,3028,2844,2897,2916,9396.875000,6928.635015,6537.901499,9648.734770,7729.496403,8221.869783,8409.160305,-0.040857,-0.020322,-0.005415,0.044880,0.017356,-0.010587,0.022176
770450,3.5918,0,Initial_Baseline,None,baseline,0,3.5918,OPEN HAND - baseline,3001,2761,2705,3033,2830,2895,2917,9326.691042,7037.031484,6616.546763,9710.169492,7606.324111,8202.500000,8419.185059,-0.048021,-0.004995,0.006549,0.051533,0.001144,-0.012918,0.023395
770500,3.5919,0,Initial_Baseline,None,baseline,0,3.5919,OPEN HAND - baseline,3009,2758,2702,3028,2819,2885,2913,9420.441989,7013.612565,6594.974874,9648.734770,7511.442006,8106.611570,8379.187817,-0.038451,-0.008307,0.003268,0.044880,-0.011344,-0.024457,0.018533
770550,3.6140,0,Initial_Baseline,None,baseline,0,3.6140,OPEN HAND - baseline,3010,2745,2696,3011,2831,2896,2913,9432.258065,6913.333333,6552.108649,9444.095941,7615.031646,8212.176814,8379.187817,-0.037245,-0.022486,-0.003254,0.022719,0.002290,-0.011754,0.018533
770600,3.6249,0,Initial_Baseline,None,baseline,0,3.6249,OPEN HAND - baseline,2999,2748,2708,3024,2831,2895,2913,9303.467153,6936.302895,6638.211968,9600.000000,7615.031646,8202.500000,8379.187817,-0.050391,-0.019238,0.009845,0.039602,0.002290,-0.012918,0.018533
770650,3.6687,0,Initial_Baseline,None,baseline,0,3.6687,OPEN HAND - baseline,3010,2761,2704,3023,2821,2884,2913,9432.258065,7037.031484,6609.345794,9587.873134,7528.571429,8097.109827,8379.187817,-0.037245,-0.004995,0.005454,0.038289,-0.009090,-0.025601,0.018533
770700,3.8513,0,Initial_Baseline,None,baseline,0,3.8513,OPEN HAND - baseline,3009,2750,2692,3011,2831,2897,2927,9420.441989,6951.672862,6523.734854,9444.095941,7615.031646,8221.869783,8520.376712,-0.038451,-0.017065,-0.007570,0.022719,0.002290,-0.010587,0.035695
770750,3.8513,0,Initial_Baseline,None,baseline,0,3.8513,OPEN HAND - baseline,2998,2762,2700,3023,2830,2901,2926,9291.886964,7044.861215,6580.645161,9587.873134,7606.324111,8260.804020,8510.179641,-0.051573,-0.003888,0.001088,0.038289,0.001144,-0.005902,0.034455
770800,3.8514,0,Initial_Baseline,None,baseline,0,3.8514,OPEN HAND - baseline,3002,2766,2706,3022,2819,2895,2919,9338.334858,7076.297968,6623.758099,9575.768872,7511.442006,8202.500000,8439.285714,-0.046832,0.000557,0.007646,0.036978,-0.011344,-0.012918,0.025838
770850,3.8618,0,Initial_Baseline,None,baseline,0,3.8618,OPEN HAND - baseline,2996,2756,2698,3005,2833,2904,2919,9268.789809,6998.058252,6566.356478,9373.394495,7632.488114,8290.176322,8439.285714,-0.053931,-0.010506,-0.001086,0.015063,0.004588,-0.002367,0.025838
770900,3.9382,0,Initial_Baseline,None,baseline,0,3.9382,OPEN HAND - baseline,2993,2769,2706,3010,2832,2909,2915,9234.301270,7100.000000,6623.758099,9432.258065,7623.752969,8339.460371,8399.152542,-0.057451,0.003908,0.007646,0.021437,0.003438,0.003563,0.020960
770950,4.1040,0,Initial_Baseline,None,baseline,0,4.1040,OPEN HAND - baseline,3000,2768,2705,3013,2821,2897,2907,9315.068493,7092.087415,6616.546763,9467.837338,7528.571429,8221.869783,8319.696970,-0.049207,0.002789,0.006549,0.025290,-0.009090,-0.010587,0.011301
771000,4.1040,0,Initial_Baseline,None,baseline,0,4.1040,OPEN HAND - baseline,2998,2759,2695,3006,2833,2907,2921,9291.886964,7021.407186,6545.000000,9385.123967,7632.488114,8319.696970,8459.454855,-0.051573,-0.007204,-0.004335,0.016333,0.004588,0.001185,0.028290
771050,4.1040,0,Initial_Baseline,None,baseline,0,4.1040,OPEN HAND - baseline,2992,2768,2705,3018,2831,2909,2928,9222.846782,7092.087415,6616.546763,9527.576602,7615.031646,8339.460371,8530.591260,-0.058620,0.002789,0.006549,0.031759,0.002290,0.003563,0.036937
771100,4.1467,0,Initial_Baseline,None,baseline,0,4.1467,OPEN HAND - baseline,3006,2767,2704,3016,2822,2894,2919,9385.123967,7084.186747,6609.345794,9503.614458,7537.156324,8192.839301,8439.285714,-0.042056,0.001672,0.005454,0.029164,-0.007960,-0.014081,0.025838
771150,4.1680,0,Initial_Baseline,None,baseline,0,4.1680,OPEN HAND - baseline,3013,2756,2693,3008,2832,2909,2925,9467.837338,6998.058252,6530.813124,9408.647654,7623.752969,8339.460371,8500.000000,-0.033614,-0.010506,-0.006493,0.018880,0.003438,0.003563,0.033218
771200,4.3481,0,Initial_Baseline,None,baseline,0,4.3481,OPEN HAND - baseline,3014,2768,2706,3014,2832,2906,2935,9479.740981,7092.087415,6623.758099,9479.740981,7623.752969,8309.840202,8602.586207,-0.032399,0.002789,0.007646,0.026579,0.003438,-0.000001,0.045688
771250,4.3482,0,Initial_Baseline,None,baseline,0,4.3482,OPEN HAND - baseline,3023,2767,2703,3015,2823,2893,2928,9587.873134,7084.186747,6602.155172,9491.666667,7545.754717,8183.194676,8530.591260,-0.021362,0.001672,0.004360,0.027871,-0.006828,-0.015241,0.036937
771300,4.3482,0,Initial_Baseline,None,baseline,0,4.3482,OPEN HAND - baseline,3024,2756,2695,3010,2836,2907,2935,9600.000000,6998.058252,6545.000000,9432.258065,7658.776807,8319.696970,8602.586207,-0.020124,-0.010506,-0.004335,0.021437,0.008048,0.001185,0.045688
771350,4.3692,0,Initial_Baseline,None,baseline,0,4.3692,OPEN HAND - baseline,3021,2767,2705,3021,2831,2909,2925,9563.687151,7084.186747,6616.546763,9563.687151,7615.031646,8339.460371,8500.000000,-0.023830,0.001672,0.006549,0.035670,0.002290,0.003563,0.033218
771400,4.4245,0,Initial_Baseline,None,baseline,0,4.4245,OPEN HAND - baseline,3023,2764,2711,3026,2822,2897,2911,9587.873134,7060.555973,6659.971098,9624.321796,7537.156324,8221.869783,8359.290541,-0.021362,-0.001669,0.013155,0.042236,-0.007960,-0.010587,0.016114
771450,4.6134,0,Initial_Baseline,None,baseline,0,4.6134,OPEN HAND - baseline,3028,2755,2700,3015,2831,2911,2922,9648.734770,6990.298507,6580.645161,9491.666667,7615.031646,8359.290541,8469.565217,-0.015149,-0.011603,0.001088,0.027871,0.002290,0.005950,0.029519
771500,4.6135,0,Initial_Baseline,None,baseline,0,4.6135,OPEN HAND - baseline,3028,2769,2714,3022,2830,2908,2917,9648.734770,7100.000000,6681.824765,9575.768872,7606.324111,8329.570345,8419.185059,-0.015149,0.003908,0.016480,0.036978,0.001144,0.002373,0.023395
771550,4.6135,0,Initial_Baseline,None,baseline,0,4.6135,OPEN HAND - baseline,3036,2765,2711,3019,2820,2896,2908,9747.308782,7068.421053,6659.971098,9539.591078,7520.000000,8212.176814,8329.570345,-0.005088,-0.000557,0.013155,0.033060,-0.010218,-0.011754,0.012501
771600,4.6135,0,Initial_Baseline,None,baseline,0,4.6135,OPEN HAND - baseline,3025,2755,2705,3012,2831,2909,2922,9612.149533,6990.298507,6616.546763,9455.955679,7615.031646,8339.460371,8469.565217,-0.018884,-0.011603,0.006549,0.024003,0.002290,0.003563,0.029519
771650,4.6787,0,Initial_Baseline,None,baseline,0,4.6787,OPEN HAND - baseline,3018,2766,2721,3024,2831,2909,2923,9527.576602,7076.297968,6733.187773,9600.000000,7615.031646,8339.460371,8479.692833,-0.027516,0.000557,0.024293,0.039602,0.002290,0.003563,0.030750
771700,4.7234,0,Initial_Baseline,None,baseline,0,4.7234,OPEN HAND - baseline,3025,2760,2721,3009,2821,2900,2913,9612.149533,7029.213483,6733.187773,9420.441989,7528.571429,8251.046025,8379.187817,-0.018884,-0.006101,0.024293,0.020158,-0.009090,-0.007076,0.018533
771750,4.9247,0,Initial_Baseline,None,baseline,0,4.9247,OPEN HAND - baseline,3030,2749,2712,3017,2832,2914,2919,9673.239437,6943.982169,6667.245119,9515.584416,7623.752969,8389.161727,8439.285714,-0.012648,-0.018152,0.014262,0.030461,0.003438,0.009544,0.025838
771800,4.9248,0,Initial_Baseline,None,baseline,0,4.9248,OPEN HAND - baseline,3030,2764,2730,3011,2832,2909,2912,9673.239437,7060.555973,6800.000000,9444.095941,7623.752969,8339.460371,8369.230769,-0.012648,-0.001669,0.034457,0.022719,0.003438,0.003563,0.017322
771850,4.9248,0,Initial_Baseline,None,baseline,0,4.9248,OPEN HAND - baseline,3047,2764,2723,3014,2823,2899,2904,9885.305344,7060.555973,6747.959184,9479.740981,7545.754717,8241.304348,8290.176322,0.008997,-0.001669,0.026540,0.026579,-0.006828,-0.008249,0.007713
771900,4.9248,0,Initial_Baseline,None,baseline,0,4.9248,OPEN HAND - baseline,3050,2752,2709,3010,2831,2920,2913,9923.444976,6967.088608,6645.454545,9432.258065,7615.031646,8449.361702,8379.187817,0.012890,-0.014885,0.010947,0.021437,0.002290,0.016789,0.018533
771950,4.9791,0,Initial_Baseline,None,baseline,0,4.9791,OPEN HAND - baseline,3044,2777,2720,3023,2831,2924,2915,9847.383444,7163.732929,6725.818182,9587.873134,7615.031646,8489.837746,8399.152542,0.005127,0.012920,0.023172,0.038289,0.002290,0.021660,0.020960
772000,5.1140,0,Initial_Baseline,None,baseline,0,5.1140,OPEN HAND - baseline,3038,2777,2719,2994,2821,2910,2903,9772.185430,7163.732929,6718.459302,9245.776567,7528.571429,8349.367089,8280.369128,-0.002549,0.012920,0.022053,0.001243,-0.009090,0.004756,0.006521
772050,5.1141,0,Initial_Baseline,None,baseline,0,5.1141,OPEN HAND - baseline,3039,2767,2716,2998,2831,2915,2909,9784.659091,7084.186747,6696.446701,9291.886964,7615.031646,8399.152542,8339.460371,-0.001276,0.001672,0.018704,0.006236,0.002290,0.010747,0.013704
772100,5.1249,0,Initial_Baseline,None,baseline,0,5.1249,OPEN HAND - baseline,3027,2774,2724,3010,2832,2909,2905,9636.516854,7139.742619,6755.361050,9432.258065,7623.752969,8339.460371,8300.000000,-0.016397,0.009528,0.027666,0.021437,0.003438,0.003563,0.008907
772150,5.1688,0,Initial_Baseline,None,baseline,0,5.1688,OPEN HAND - baseline,3039,2775,2718,3016,2826,2901,2894,9784.659091,7147.727273,6711.111111,9503.614458,7571.631206,8260.804020,8192.839301,-0.001276,0.010657,0.020935,0.029164,-0.003422,-0.005902,-0.004119
772200,5.2117,0,Initial_Baseline,None,baseline,0,5.2117,OPEN HAND - baseline,3040,2761,2709,3007,2833,2914,2898,9797.156398,7037.031484,6645.454545,9396.875000,7632.488114,8389.161727,8231.578947,0.000000,-0.004995,0.010947,0.017605,0.004588,0.009544,0.000590
772250,5.3735,0,Initial_Baseline,None,baseline,0,5.3735,OPEN HAND - baseline,3027,2774,2720,2999,2833,2912,2897,9636.516854,7139.742619,6725.818182,9303.467153,7632.488114,8369.230769,8221.869783,-0.016397,0.009528,0.023172,0.007490,0.004588,0.007146,-0.000590
772300,5.3735,0,Initial_Baseline,None,baseline,0,5.3735,OPEN HAND - baseline,3034,2773,2717,3004,2826,2900,2892,9722.525919,7131.770045,6703.773585,9361.686526,7571.631206,8251.046025,8173.566085,-0.007618,0.008400,0.019819,0.013795,-0.003422,-0.007076,-0.006462
772350,5.3735,0,Initial_Baseline,None,baseline,0,5.3735,OPEN HAND - baseline,3026,2765,2708,3005,2832,2908,2898,9624.321796,7068.421053,6638.211968,9373.394495,7623.752969,8329.570345,8231.578947,-0.017641,-0.000557,0.009845,0.015063,0.003438,0.002373,0.000590
772400,5.4387,0,Initial_Baseline,None,baseline,0,5.4387,OPEN HAND - baseline,3016,2772,2716,3007,2833,2904,2896,9503.614458,7123.809524,6696.446701,9396.875000,7632.488114,8290.176322,8212.176814,-0.029962,0.007275,0.018704,0.017605,0.004588,-0.002367,-0.001768
772450,5.4719,0,Initial_Baseline,None,baseline,0,5.4719,OPEN HAND - baseline,3023,2771,2713,3013,2829,2894,2884,9587.873134,7115.861027,6674.529667,9467.837338,7597.630332,8192.839301,8097.109827,-0.021362,0.006151,0.015370,0.025290,0.000000,-0.014081,-0.015755
772500,5.6371,0,Initial_Baseline,None,baseline,0,5.6371,OPEN HAND - baseline,3026,2762,2703,3001,2833,2904,2894,9624.321796,7044.861215,6602.155172,9326.691042,7632.488114,8290.176322,8192.839301,-0.017641,-0.003888,0.004360,0.010005,0.004588,-0.002367,-0.004119
772550,5.6371,0,Initial_Baseline,None,baseline,0,5.6371,OPEN HAND - baseline,3013,2774,2715,3011,2832,2903,2893,9467.837338,7139.742619,6689.130435,9444.095941,7623.752969,8280.369128,8183.194676,-0.033614,0.009528,0.017591,0.022719,0.003438,-0.003548,-0.005291
772600,5.6371,0,Initial_Baseline,None,baseline,0,5.6371,OPEN HAND - baseline,3028,2771,2709,3008,2823,2894,2885,9648.734770,7115.861027,6645.454545,9408.647654,7545.754717,8192.839301,8106.611570,-0.015149,0.006151,0.010947,0.018880,-0.006828,-0.014081,-0.014600
772650,5.6804,0,Initial_Baseline,None,baseline,0,5.6804,OPEN HAND - baseline,3032,2759,2705,2998,2829,2908,2894,9697.836312,7021.407186,6616.546763,9291.886964,7597.630332,8329.570345,8192.839301,-0.010138,-0.007204,0.006549,0.006236,0.000000,0.002373,-0.004119
772700,5.7235,0,Initial_Baseline,None,baseline,0,5.7235,OPEN HAND - baseline,3016,2771,2717,3004,2833,2902,2892,9503.614458,7115.861027,6703.773585,9361.686526,7632.488114,8270.578374,8173.566085,-0.029962,0.006151,0.019819,0.013795,0.004588,-0.004726,-0.006462
772750,5.8876,0,Initial_Baseline,None,baseline,0,5.8876,OPEN HAND - baseline,3018,2769,2718,2991,2826,2892,2881,9527.576602,7100.000000,6711.111111,9211.413043,7571.631206,8173.566085,8068.698517,-0.027516,0.003908,0.020935,-0.002479,-0.003422,-0.016400,-0.019209
772800,5.8876,0,Initial_Baseline,None,baseline,0,5.8876,OPEN HAND - baseline,3017,2750,2705,2983,2832,2903,2889,9515.584416,6951.672862,6616.546763,9120.683453,7623.752969,8280.369128,8144.776119,-0.028740,-0.017065,0.006549,-0.012304,0.003438,-0.003548,-0.009961
772850,5.8877,0,Initial_Baseline,None,baseline,0,5.8877,OPEN HAND - baseline,3001,2767,2717,2986,2832,2896,2887,9326.691042,7084.186747,6703.773585,9154.553652,7623.752969,8212.176814,8125.662252,-0.048021,0.001672,0.019819,-0.008636,0.003438,-0.011754,-0.012285
772900,5.9311,0,Initial_Baseline,None,baseline,0,5.9311,OPEN HAND - baseline,3007,2766,2713,2990,2819,2892,2878,9396.875000,7076.297968,6674.529667,9200.000000,7511.442006,8173.566085,8040.427280,-0.040857,0.000557,0.015370,-0.003715,-0.011344,-0.016400,-0.022645
772950,5.9639,0,Initial_Baseline,None,baseline,0,5.9639,OPEN HAND - baseline,3004,2756,2706,2989,2829,2897,2887,9361.686526,6998.058252,6623.758099,9188.607595,7597.630332,8221.869783,8125.662252,-0.044449,-0.010506,0.007646,-0.004948,0.000000,-0.010587,-0.012285
773000,6.1389,0,Initial_Baseline,None,baseline,0,6.1389,OPEN HAND - baseline,2990,2768,2720,2989,2830,2900,2886,9200.000000,7092.087415,6725.818182,9188.607595,7606.324111,8251.046025,8116.129032,-0.060952,0.002789,0.023172,-0.004948,0.001144,-0.007076,-0.013443
773050,6.1389,0,Initial_Baseline,None,baseline,0,6.1389,OPEN HAND - baseline,3000,2767,2717,2997,2819,2892,2876,9315.068493,7084.186747,6703.773585,9280.327869,7511.442006,8173.566085,8021.657096,-0.049207,0.001672,0.019819,0.004984,-0.011344,-0.016400,-0.024927
773100,6.1390,0,Initial_Baseline,None,baseline,0,6.1390,OPEN HAND - baseline,2998,2754,2706,2992,2830,2900,2890,9291.886964,6982.550336,6623.758099,9222.846782,7606.324111,8251.046025,8154.356846,-0.051573,-0.012699,0.007646,-0.001240,0.001144,-0.007076,-0.008797
773150,6.1709,0,Initial_Baseline,None,baseline,0,6.1709,OPEN HAND - baseline,3009,2766,2714,2993,2831,2899,2888,9420.441989,7076.297968,6681.824765,9234.301270,7615.031646,8241.304348,8135.211268,-0.038451,0.000557,0.016480,0.000000,0.002290,-0.008249,-0.011124
773200,6.2141,0,Initial_Baseline,None,baseline,0,6.2141,OPEN HAND - baseline,3008,2767,2713,2995,2821,2890,2878,9408.647654,7084.186747,6674.529667,9257.272727,7528.571429,8154.356846,8040.427280,-0.039655,0.001672,0.015370,0.002488,-0.009090,-0.018712,-0.022645
773250,6.4220,0,Initial_Baseline,None,baseline,0,6.4220,OPEN HAND - baseline,3008,2758,2702,2993,2828,2896,2885,9408.647654,7013.612565,6594.974874,9234.301270,7588.950276,8212.176814,8106.611570,-0.039655,-0.008307,0.003268,0.000000,-0.001142,-0.011754,-0.014600
773300,6.4221,0,Initial_Baseline,None,baseline,0,6.4221,OPEN HAND - baseline,3006,2767,2710,2999,2831,2894,2883,9385.123967,7084.186747,6652.707581,9303.467153,7615.031646,8192.839301,8087.623762,-0.042056,0.001672,0.012050,0.007490,0.002290,-0.014081,-0.016908
773350,6.4221,0,Initial_Baseline,None,baseline,0,6.4221,OPEN HAND - baseline,3016,2766,2710,3002,2823,2883,2875,9503.614458,7076.297968,6652.707581,9338.334858,7545.754717,8087.623762,8012.295082,-0.029962,0.000557,0.012050,0.011266,-0.006828,-0.026742,-0.026065
773400,6.4221,0,Initial_Baseline,None,baseline,0,6.4221,OPEN HAND - baseline,3011,2761,2699,2991,2830,2891,2882,9444.095941,7037.031484,6573.495702,9211.413043,7606.324111,8163.953488,8078.153339,-0.036037,-0.004995,0.000000,-0.002479,0.001144,-0.017557,-0.018060
773450,6.4871,0,Initial_Baseline,None,baseline,0,6.4871,OPEN HAND - baseline,3006,2770,2709,3002,2831,2892,2881,9385.123967,7107.924528,6645.454545,9338.334858,7615.031646,8173.566085,8068.698517,-0.042056,0.005029,0.010947,0.011266,0.002290,-0.016400,-0.019209
773500,6.6493,0,Initial_Baseline,None,baseline,0,6.6493,OPEN HAND - baseline,3018,2770,2707,3006,2819,2883,2874,9527.576602,7107.924528,6630.979827,9385.123967,7511.442006,8087.623762,8002.948403,-0.027516,0.005029,0.008745,0.016333,-0.011344,-0.026742,-0.027201
773550,6.6493,0,Initial_Baseline,None,baseline,0,6.6493,OPEN HAND - baseline,3014,2757,2697,3002,2834,2892,2884,9479.740981,7005.829596,6559.227468,9338.334858,7641.237113,8173.566085,8097.109827,-0.032399,-0.009407,-0.002171,0.011266,0.005740,-0.016400,-0.015755
773600,6.6494,0,Initial_Baseline,None,baseline,0,6.6494,OPEN HAND - baseline,3012,2773,2707,3009,2832,2891,2882,9455.955679,7131.770045,6630.979827,9420.441989,7623.752969,8163.953488,8078.153339,-0.034827,0.008400,0.008745,0.020158,0.003438,-0.017557,-0.018060
773650,6.6820,0,Initial_Baseline,None,baseline,0,6.6820,OPEN HAND - baseline,3018,2769,2705,3005,2823,2881,2880,9527.576602,7100.000000,6616.546763,9373.394495,7545.754717,8068.698517,8059.259259,-0.027516,0.003908,0.006549,0.015063,-0.006828,-0.029020,-0.020356
773700,6.7149,0,Initial_Baseline,None,baseline,0,6.7149,OPEN HAND - baseline,3024,2761,2698,3003,2830,2895,2887,9600.000000,7037.031484,6566.356478,9350.000000,7606.324111,8202.500000,8125.662252,-0.020124,-0.004995,-0.001086,0.012529,0.001144,-0.012918,-0.012285
773750,6.9048,0,Initial_Baseline,None,baseline,0,6.9048,OPEN HAND - baseline,3017,2773,2708,3011,2830,2891,2885,9515.584416,7131.770045,6638.211968,9444.095941,7606.324111,8163.953488,8106.611570,-0.028740,0.008400,0.009845,0.022719,0.001144,-0.017557,-0.014600
773800,6.9049,0,Initial_Baseline,None,baseline,0,6.9049,OPEN HAND - baseline,3026,2770,2705,3007,2820,2882,2876,9624.321796,7107.924528,6616.546763,9396.875000,7520.000000,8078.153339,8021.657096,-0.017641,0.005029,0.006549,0.017605,-0.010218,-0.027882,-0.024927
773850,6.9049,0,Initial_Baseline,None,baseline,0,6.9049,OPEN HAND - baseline,3024,2762,2700,2996,2828,2892,2882,9600.000000,7044.861215,6580.645161,9268.789809,7588.950276,8173.566085,8078.153339,-0.020124,-0.003888,0.001088,0.003735,-0.001142,-0.016400,-0.018060
773900,6.9377,0,Initial_Baseline,None,baseline,0,6.9377,OPEN HAND - baseline,3022,2773,2707,3009,2830,2889,2881,9575.768872,7131.770045,6630.979827,9420.441989,7606.324111,8144.776119,8068.698517,-0.022597,0.008400,0.008745,0.020158,0.001144,-0.019865,-0.019209
773950,6.9708,0,Initial_Baseline,None,baseline,0,6.9708,OPEN HAND - baseline,3029,2772,2707,3008,2821,2879,2876,9660.975610,7123.809524,6630.979827,9408.647654,7528.571429,8049.835526,8021.657096,-0.013900,0.007275,0.008745,0.018880,-0.009090,-0.031290,-0.024927
774000,7.0142,0,Initial_Baseline,None,baseline,0,7.0142,OPEN HAND - baseline,3029,2760,2700,2999,2831,2889,2884,9660.975610,7029.213483,6580.645161,9303.467153,7615.031646,8144.776119,8097.109827,-0.013900,-0.006101,0.001088,0.007490,0.002290,-0.019865,-0.015755
774050,7.1633,0,Initial_Baseline,None,baseline,0,7.1633,OPEN HAND - baseline,3027,2770,2707,3013,2830,2889,2885,9636.516854,7107.924528,6630.979827,9467.837338,7606.324111,8144.776119,8106.611570,-0.016397,0.005029,0.008745,0.025290,0.001144,-0.019865,-0.014600
774100,7.1633,0,Initial_Baseline,None,baseline,0,7.1633,OPEN HAND - baseline,3029,2770,2707,3014,2821,2874,2877,9660.975610,7107.924528,6630.979827,9479.740981,7528.571429,8002.948403,8031.034483,-0.013900,0.005029,0.008745,0.026579,-0.009090,-0.036932,-0.023787
774150,7.1745,0,Initial_Baseline,None,baseline,0,7.1745,OPEN HAND - baseline,3028,2768,2698,2986,2834,2888,2887,9648.734770,7092.087415,6566.356478,9154.553652,7641.237113,8135.211268,8125.662252,-0.015149,0.002789,-0.001086,-0.008636,0.005740,-0.021016,-0.012285
774200,7.2293,0,Initial_Baseline,None,baseline,0,7.2293,OPEN HAND - baseline,3023,2778,2706,2991,2831,2879,2886,9587.873134,7171.753986,6623.758099,9211.413043,7615.031646,8049.835526,8116.129032,-0.021362,0.014054,0.007646,-0.002479,0.002290,-0.031290,-0.013443
774250,7.4142,0,Initial_Baseline,None,baseline,0,7.4142,OPEN HAND - baseline,3029,2776,2705,3008,2827,2869,2878,9660.975610,7155.724033,6616.546763,9408.647654,7580.283912,7956.443719,8040.427280,-0.013900,0.011787,0.006549,0.018880,-0.002283,-0.042528,-0.022645
774300,7.4142,0,Initial_Baseline,None,baseline,0,7.4142,OPEN HAND - baseline,3026,2769,2699,3003,2832,2880,2889,9624.321796,7100.000000,6573.495702,9350.000000,7623.752969,8059.259259,8144.776119,-0.017641,0.003908,0.000000,0.012529,0.003438,-0.030156,-0.009961
774350,7.4143,0,Initial_Baseline,None,baseline,0,7.4143,OPEN HAND - baseline,3027,2772,2705,3012,2832,2881,2885,9636.516854,7123.809524,6616.546763,9455.955679,7623.752969,8068.698517,8106.611570,-0.016397,0.007275,0.006549,0.024003,0.003438,-0.029020,-0.014600
774400,7.4469,0,Initial_Baseline,None,baseline,0,7.4469,OPEN HAND - baseline,3036,2770,2706,3007,2825,2871,2877,9747.308782,7107.924528,6623.758099,9396.875000,7562.992126,7975.000000,8031.034483,-0.005088,0.005029,0.007646,0.017605,-0.004559,-0.040295,-0.023787
774450,7.4801,0,Initial_Baseline,None,baseline,0,7.4801,OPEN HAND - baseline,3030,2761,2701,2992,2831,2882,2887,9673.239437,7037.031484,6587.804878,9222.846782,7615.031646,8078.153339,8125.662252,-0.012648,-0.004995,0.002177,-0.001240,0.002290,-0.027882,-0.012285
774500,7.5238,0,Initial_Baseline,None,baseline,0,7.5238,OPEN HAND - baseline,3026,2770,2706,3002,2831,2884,2889,9624.321796,7107.924528,6623.758099,9338.334858,7615.031646,8097.109827,8144.776119,-0.017641,0.005029,0.007646,0.011266,0.002290,-0.025601,-0.009961
774550,7.6692,0,Initial_Baseline,None,baseline,0,7.6692,OPEN HAND - baseline,3026,2770,2705,2994,2825,2872,2884,9624.321796,7107.924528,6616.546763,9245.776567,7562.992126,7984.300899,8097.109827,-0.017641,0.005029,0.006549,0.001243,-0.004559,-0.039176,-0.015755
774600,7.6693,0,Initial_Baseline,None,baseline,0,7.6693,OPEN HAND - baseline,3030,2757,2693,2994,2834,2888,2894,9673.239437,7005.829596,6530.813124,9245.776567,7641.237113,8135.211268,8192.839301,-0.012648,-0.009407,-0.006493,0.001243,0.005740,-0.021016,-0.004119
774650,7.6914,0,Initial_Baseline,None,baseline,0,7.6914,OPEN HAND - baseline,3017,2769,2701,3009,2832,2880,2895,9515.584416,7100.000000,6587.804878,9420.441989,7623.752969,8059.259259,8202.500000,-0.028740,0.003908,0.002177,0.020158,0.003438,-0.030156,-0.002945
774700,7.7237,0,Initial_Baseline,None,baseline,0,7.7237,OPEN HAND - baseline,3019,2766,2699,3006,2825,2870,2884,9539.591078,7076.297968,6573.495702,9385.123967,7562.992126,7965.714286,8097.109827,-0.026290,0.000557,0.000000,0.016333,-0.004559,-0.041413,-0.015755
774750,7.7683,0,Initial_Baseline,None,baseline,0,7.7683,OPEN HAND - baseline,3016,2755,2688,2998,2832,2883,2894,9503.614458,6990.298507,6495.522388,9291.886964,7623.752969,8087.623762,8192.839301,-0.029962,-0.011603,-0.011862,0.006236,0.003438,-0.026742,-0.004119
774800,7.9272,0,Initial_Baseline,None,baseline,0,7.9272,OPEN HAND - baseline,3014,2767,2702,3006,2831,2882,2891,9479.740981,7084.186747,6594.974874,9385.123967,7615.031646,8078.153339,8163.953488,-0.032399,0.001672,0.003268,0.016333,0.002290,-0.027882,-0.007630
774850,7.9272,0,Initial_Baseline,None,baseline,0,7.9272,OPEN HAND - baseline,3013,2766,2703,3006,2823,2871,2882,9467.837338,7076.297968,6602.155172,9385.123967,7545.754717,7975.000000,8078.153339,-0.033614,0.000557,0.004360,0.016333,-0.006828,-0.040295,-0.018060
774900,7.9272,0,Initial_Baseline,None,baseline,0,7.9272,OPEN HAND - baseline,3016,2753,2686,2992,2833,2885,2890,9503.614458,6974.813711,6481.476224,9222.846782,7632.488114,8106.611570,8154.356846,-0.029962,-0.013793,-0.013999,-0.001240,0.004588,-0.024457,-0.008797
774950,7.9925,0,Initial_Baseline,None,baseline,0,7.9925,OPEN HAND - baseline,3021,2766,2698,3007,2832,2884,2892,9563.687151,7076.297968,6566.356478,9396.875000,7623.752969,8097.109827,8173.566085,-0.023830,0.000557,-0.001086,0.017605,0.003438,-0.025601,-0.006462
775000,8.0353,0,Initial_Baseline,None,baseline,0,8.0353,OPEN HAND - baseline,3018,2763,2698,3009,2825,2874,2878,9527.576602,7052.702703,6566.356478,9420.441989,7562.992126,8002.948403,8040.427280,-0.027516,-0.002779,-0.001086,0.020158,-0.004559,-0.036932,-0.022645
775050,8.1791,0,Initial_Baseline,None,baseline,0,8.1791,OPEN HAND - baseline,3023,2753,2692,3003,2832,2888,2891,9587.873134,6974.813711,6523.734854,9350.000000,7623.752969,8135.211268,8163.953488,-0.021362,-0.013793,-0.007570,0.012529,0.003438,-0.021016,-0.007630
775100,8.1792,0,Initial_Baseline,None,baseline,0,8.1792,OPEN HAND - baseline,3018,2770,2702,3006,2832,2884,2890,9527.576602,7107.924528,6594.974874,9385.123967,7623.752969,8097.109827,8154.356846,-0.027516,0.005029,0.003268,0.016333,0.003438,-0.025601,-0.008797
775150,8.1792,0,Initial_Baseline,None,baseline,0,8.1792,OPEN HAND - baseline,3027,2766,2697,3006,2824,2876,2880,9636.516854,7076.297968,6559.227468,9385.123967,7554.366640,8021.657096,8059.259259,-0.016397,0.000557,-0.002171,0.016333,-0.005694,-0.034681,-0.020356
775200,8.2226,0,Initial_Baseline,None,baseline,0,8.2226,OPEN HAND - baseline,3036,2759,2688,2993,2832,2895,2886,9747.308782,7021.407186,6495.522388,9234.301270,7623.752969,8202.500000,8116.129032,-0.005088,-0.007204,-0.011862,0.000000,0.003438,-0.012918,-0.013443
775250,8.2772,0,Initial_Baseline,None,baseline,0,8.2772,OPEN HAND - baseline,3023,2770,2695,3004,2832,2899,2885,9587.873134,7107.924528,6545.000000,9361.686526,7623.752969,8241.304348,8106.611570,-0.021362,0.005029,-0.004335,0.013795,0.003438,-0.008249,-0.014600
775300,8.4272,0,Initial_Baseline,None,baseline,0,8.4272,OPEN HAND - baseline,3040,2768,2695,3006,2821,2898,2874,9797.156398,7092.087415,6545.000000,9385.123967,7528.571429,8231.578947,8002.948403,0.000000,0.002789,-0.004335,0.016333,-0.009090,-0.009419,-0.027201
775350,8.4272,0,Initial_Baseline,None,baseline,0,8.4272,OPEN HAND - baseline,3047,2760,2684,3001,2825,2909,2889,9885.305344,7029.213483,6467.469880,9326.691042,7562.992126,8339.460371,8144.776119,0.008997,-0.006101,-0.016129,0.010005,-0.004559,0.003563,-0.009961
775400,8.4272,0,Initial_Baseline,None,baseline,0,8.4272,OPEN HAND - baseline,3032,2770,2697,3003,2831,2910,2889,9697.836312,7107.924528,6559.227468,9350.000000,7615.031646,8349.367089,8144.776119,-0.010138,0.005029,-0.002171,0.012529,0.002290,0.004756,-0.009961
775450,8.4817,0,Initial_Baseline,None,baseline,0,8.4817,OPEN HAND - baseline,3037,2768,2696,3001,2825,2898,2881,9759.735350,7092.087415,6552.108649,9326.691042,7562.992126,8231.578947,8068.698517,-0.003820,0.002789,-0.003254,0.010005,-0.004559,-0.009419,-0.019209
775500,8.5250,0,Initial_Baseline,None,baseline,0,8.5250,OPEN HAND - baseline,3046,2758,2687,2996,2829,2907,2891,9872.640610,7013.612565,6488.494318,9268.789809,7597.630332,8319.696970,8163.953488,0.007705,-0.008307,-0.012931,0.003735,0.000000,0.001185,-0.007630
775550,8.6879,0,Initial_Baseline,None,baseline,0,8.6879,OPEN HAND - baseline,3030,2769,2694,3004,2831,2909,2889,9673.239437,7100.000000,6537.901499,9361.686526,7615.031646,8339.460371,8144.776119,-0.012648,0.003908,-0.005415,0.013795,0.002290,0.003563,-0.009961
775600,8.6880,0,Initial_Baseline,None,baseline,0,8.6880,OPEN HAND - baseline,3035,2768,2694,3004,2825,2896,2880,9734.905660,7092.087415,6537.901499,9361.686526,7562.992126,8212.176814,8059.259259,-0.006354,0.002789,-0.005415,0.013795,-0.004559,-0.011754,-0.020356
775650,8.6880,0,Initial_Baseline,None,baseline,0,8.6880,OPEN HAND - baseline,3044,2756,2686,2998,2833,2908,2893,9847.383444,6998.058252,6481.476224,9291.886964,7632.488114,8329.570345,8183.194676,0.005127,-0.010506,-0.013999,0.006236,0.004588,0.002373,-0.005291
775700,8.7204,0,Initial_Baseline,None,baseline,0,8.7204,OPEN HAND - baseline,3037,2768,2698,3005,2832,2907,2894,9759.735350,7092.087415,6566.356478,9373.394495,7623.752969,8319.696970,8192.839301,-0.003820,0.002789,-0.001086,0.015063,0.003438,0.001185,-0.004119
775750,8.7637,0,Initial_Baseline,None,baseline,0,8.7637,OPEN HAND - baseline,3037,2766,2694,3004,2822,2897,2884,9759.735350,7076.297968,6537.901499,9361.686526,7537.156324,8221.869783,8097.109827,-0.003820,0.000557,-0.005415,0.013795,-0.007960,-0.010587,-0.015755
775800,8.9486,0,Initial_Baseline,None,baseline,0,8.9486,OPEN HAND - baseline,3041,2756,2685,2990,2832,2907,2893,9809.677419,6998.058252,6474.468085,9200.000000,7623.752969,8319.696970,8183.194676,0.001278,-0.010506,-0.015065,-0.003715,0.003438,0.001185,-0.005291
775850,8.9486,0,Initial_Baseline,None,baseline,0,8.9486,OPEN HAND - baseline,3049,2767,2698,2998,2832,2905,2894,9910.707457,7084.186747,6566.356478,9291.886964,7623.752969,8300.000000,8192.839301,0.011590,0.001672,-0.001086,0.006236,0.003438,-0.001185,-0.004119
775900,8.9587,0,Initial_Baseline,None,baseline,0,8.9587,OPEN HAND - baseline,3047,2765,2700,2998,2826,2898,2901,9885.305344,7068.421053,6580.645161,9291.886964,7571.631206,8231.578947,8260.804020,0.008997,-0.000557,0.001088,0.006236,-0.003422,-0.009419,0.004143
775950,8.9698,0,Initial_Baseline,None,baseline,0,8.9698,OPEN HAND - baseline,3052,2756,2686,2991,2833,2907,2905,9948.993289,6998.058252,6481.476224,9211.413043,7632.488114,8319.696970,8300.000000,0.015498,-0.010506,-0.013999,-0.002479,0.004588,0.001185,0.008907
776000,9.0243,0,Initial_Baseline,None,baseline,0,9.0243,OPEN HAND - baseline,3054,2766,2699,2995,2831,2905,2902,9974.639769,7076.297968,6573.495702,9257.272727,7615.031646,8300.000000,8270.578374,0.018116,0.000557,0.000000,0.002488,0.002290,-0.001185,0.005331
776050,9.1999,0,Initial_Baseline,None,baseline,0,9.1999,OPEN HAND - baseline,3046,2767,2698,2993,2825,2896,2895,9872.640610,7084.186747,6566.356478,9234.301270,7562.992126,8212.176814,8202.500000,0.007705,0.001672,-0.001086,0.000000,-0.004559,-0.011754,-0.002945
776100,9.1999,0,Initial_Baseline,None,baseline,0,9.1999,OPEN HAND - baseline,3036,2757,2686,2986,2829,2909,2906,9747.308782,7005.829596,6481.476224,9154.553652,7597.630332,8339.460371,8309.840202,-0.005088,-0.009407,-0.013999,-0.008636,0.000000,0.003563,0.010103
776150,9.1999,0,Initial_Baseline,None,baseline,0,9.1999,OPEN HAND - baseline,3024,2767,2698,2992,2832,2907,2902,9600.000000,7084.186747,6566.356478,9222.846782,7623.752969,8319.696970,8270.578374,-0.020124,0.001672,-0.001086,-0.001240,0.003438,0.001185,0.005331
776200,9.2218,0,Initial_Baseline,None,baseline,0,9.2218,OPEN HAND - baseline,3039,2765,2704,3003,2822,2898,2892,9784.659091,7068.421053,6609.345794,9350.000000,7537.156324,8231.578947,8173.566085,-0.001276,-0.000557,0.005454,0.012529,-0.007960,-0.009419,-0.006462
776250,9.2658,0,Initial_Baseline,None,baseline,0,9.2658,OPEN HAND - baseline,3040,2756,2702,2994,2832,2910,2897,9797.156398,6998.058252,6594.974874,9245.776567,7623.752969,8349.367089,8221.869783,0.000000,-0.010506,0.003268,0.001243,0.003438,0.004756,-0.000590
776300,9.4478,0,Initial_Baseline,None,baseline,0,9.4478,OPEN HAND - baseline,3031,2767,2707,3005,2829,2911,2897,9685.526316,7084.186747,6630.979827,9373.394495,7597.630332,8359.290541,8221.869783,-0.011394,0.001672,0.008745,0.015063,0.000000,0.005950,-0.000590
776350,9.4479,0,Initial_Baseline,None,baseline,0,9.4479,OPEN HAND - baseline,3036,2766,2704,3002,2826,2895,2891,9747.308782,7076.297968,6609.345794,9338.334858,7571.631206,8202.500000,8163.953488,-0.005088,0.000557,0.005454,0.011266,-0.003422,-0.012918,-0.007630
776400,9.4479,0,Initial_Baseline,None,baseline,0,9.4479,OPEN HAND - baseline,3030,2755,2692,2993,2831,2907,2896,9673.239437,6990.298507,6523.734854,9234.301270,7615.031646,8319.696970,8212.176814,-0.012648,-0.011603,-0.007570,0.000000,0.002290,0.001185,-0.001768
776450,9.4688,0,Initial_Baseline,None,baseline,0,9.4688,OPEN HAND - baseline,3033,2766,2702,2993,2830,2903,2896,9710.169492,7076.297968,6594.974874,9234.301270,7606.324111,8280.369128,8212.176814,-0.008879,0.000557,0.003268,0.000000,0.001144,-0.003548,-0.001768
776500,9.5236,0,Initial_Baseline,None,baseline,0,9.5236,OPEN HAND - baseline,3047,2766,2703,3004,2823,2895,2895,9885.305344,7076.297968,6602.155172,9361.686526,7545.754717,8202.500000,8202.500000,0.008997,0.000557,0.004360,0.013795,-0.006828,-0.012918,-0.002945
776550,9.5678,0,Initial_Baseline,None,baseline,0,9.5678,OPEN HAND - baseline,3042,2754,2691,2990,2831,2911,2904,9822.222222,6982.550336,6516.666667,9200.000000,7615.031646,8359.290541,8290.176322,0.002558,-0.012699,-0.008645,-0.003715,0.002290,0.005950,0.007713
776600,9.7141,0,Initial_Baseline,None,baseline,0,9.7141,OPEN HAND - baseline,3038,2763,2700,2992,2827,2910,2904,9772.185430,7052.702703,6580.645161,9222.846782,7580.283912,8349.367089,8290.176322,-0.002549,-0.002779,0.001088,-0.001240,-0.002283,0.004756,0.007713
776650,9.7141,0,Initial_Baseline,None,baseline,0,9.7141,OPEN HAND - baseline,3044,2763,2699,2993,2824,2897,2896,9847.383444,7052.702703,6573.495702,9234.301270,7554.366640,8221.869783,8212.176814,0.005127,-0.002779,0.000000,0.000000,-0.005694,-0.010587,-0.001768
776700,9.7141,0,Initial_Baseline,None,baseline,0,9.7141,OPEN HAND - baseline,3045,2755,2688,2996,2830,2909,2907,9860.000000,6990.298507,6495.522388,9268.789809,7606.324111,8339.460371,8319.696970,0.006414,-0.011603,-0.011862,0.003735,0.001144,0.003563,0.011301
776750,9.7681,0,Initial_Baseline,None,baseline,0,9.7681,OPEN HAND - baseline,3040,2767,2698,2995,2827,2907,2904,9797.156398,7084.186747,6566.356478,9257.272727,7580.283912,8319.696970,8290.176322,0.000000,0.001672,-0.001086,0.002488,-0.002283,0.001185,0.007713
776800,9.8230,0,Initial_Baseline,None,baseline,0,9.8230,OPEN HAND - baseline,3052,2765,2696,2991,2820,2895,2898,9948.993289,7068.421053,6552.108649,9211.413043,7520.000000,8202.500000,8231.578947,0.015498,-0.000557,-0.003254,-0.002479,-0.010218,-0.012918,0.000590
776850,9.9623,0,Initial_Baseline,None,baseline,0,9.9623,OPEN HAND - baseline,3043,2752,2688,2990,2830,2908,2908,9834.790875,6967.088608,6495.522388,9200.000000,7606.324111,8329.570345,8329.570345,0.003841,-0.014885,-0.011862,-0.003715,0.001144,0.002373,0.012501
776900,9.9624,0,Initial_Baseline,None,baseline,0,9.9624,OPEN HAND - baseline,3037,2766,2701,2993,2829,2905,2907,9759.735350,7076.297968,6587.804878,9234.301270,7597.630332,8300.000000,8319.696970,-0.003820,0.000557,0.002177,0.000000,0.000000,-0.001185,0.011301
776950,9.9735,0,Initial_Baseline,None,baseline,0,9.9735,OPEN HAND - baseline,3057,2766,2702,2999,2827,2897,2896,10013.294798,7076.297968,6594.974874,9303.467153,7580.283912,8221.869783,8212.176814,0.022061,0.000557,0.003268,0.007490,-0.002283,-0.010587,-0.001768
777000,10.0251,1,Thumb_Prep_Open,Thumb,prep_open,0,0.0251,OPEN HAND - prepare for Thumb,3052,2755,2695,2997,2831,2904,2904,9948.993289,6990.298507,6545.000000,9280.327869,7615.031646,8290.176322,8290.176322,0.015498,-0.011603,-0.004335,0.004984,0.002290,-0.002367,0.007713
777050,10.0771,1,Thumb_Prep_Open,Thumb,prep_open,0,0.0771,OPEN HAND - prepare for Thumb,3054,2766,2703,3006,2830,2903,2905,9974.639769,7076.297968,6602.155172,9385.123967,7606.324111,8280.369128,8300.000000,0.018116,0.000557,0.004360,0.016333,0.001144,-0.003548,0.008907
777100,10.2381,1,Thumb_Prep_Open,Thumb,prep_open,0,0.2381,OPEN HAND - prepare for Thumb,3058,2767,2702,3003,2823,2893,2896,10026.229508,7084.186747,6594.974874,9350.000000,7545.754717,8183.194676,8212.176814,0.023382,0.001672,0.003268,0.012529,-0.006828,-0.015241,-0.001768
777150,10.2382,1,Thumb_Prep_Open,Thumb,prep_open,0,0.2382,OPEN HAND - prepare for Thumb,3051,2759,2691,2994,2831,2898,2904,9936.206897,7021.407186,6516.666667,9245.776567,7615.031646,8231.578947,8290.176322,0.014193,-0.007204,-0.008645,0.001243,0.002290,-0.009419,0.007713
777200,10.2382,1,Thumb_Prep_Open,Thumb,prep_open,0,0.2382,OPEN HAND - prepare for Thumb,3045,2767,2703,3002,2829,2899,2899,9860.000000,7084.186747,6602.155172,9338.334858,7597.630332,8241.304348,8241.304348,0.006414,0.001672,0.004360,0.011266,0.000000,-0.008249,0.001772
777250,10.2925,1,Thumb_Prep_Open,Thumb,prep_open,0,0.2925,OPEN HAND - prepare for Thumb,3047,2764,2702,3008,2823,2893,2894,9885.305344,7060.555973,6594.974874,9408.647654,7545.754717,8183.194676,8192.839301,0.008997,-0.001669,0.003268,0.018880,-0.006828,-0.015241,-0.004119
777300,10.3145,1,Thumb_Prep_Open,Thumb,prep_open,0,0.3145,OPEN HAND - prepare for Thumb,3046,2753,2696,2997,2829,2902,2902,9872.640610,6974.813711,6552.108649,9280.327869,7597.630332,8270.578374,8270.578374,0.007705,-0.013793,-0.003254,0.004984,0.000000,-0.004726,0.005331
777350,10.5196,1,Thumb_Prep_Open,Thumb,prep_open,0,0.5196,OPEN HAND - prepare for Thumb,3049,2767,2707,3007,2828,2898,2902,9910.707457,7084.186747,6630.979827,9396.875000,7588.950276,8231.578947,8270.578374,0.011590,0.001672,0.008745,0.017605,-0.001142,-0.009419,0.005331
777400,10.5197,1,Thumb_Prep_Open,Thumb,prep_open,0,0.5197,OPEN HAND - prepare for Thumb,3064,2766,2707,3005,2816,2889,2897,10104.364694,7076.297968,6630.979827,9373.394495,7485.848319,8144.776119,8221.869783,0.031357,0.000557,0.008745,0.015063,-0.014713,-0.019865,-0.000590
777450,10.5197,1,Thumb_Prep_Open,Thumb,prep_open,0,0.5197,OPEN HAND - prepare for Thumb,3071,2758,2695,3006,2830,2897,2910,10196.679688,7013.612565,6545.000000,9385.123967,7606.324111,8221.869783,8349.367089,0.040780,-0.008307,-0.004335,0.016333,0.001144,-0.010587,0.014908
777500,10.5197,1,Thumb_Prep_Open,Thumb,prep_open,0,0.5197,OPEN HAND - prepare for Thumb,3085,2774,2705,3011,2826,2898,2906,10385.148515,7139.742619,6616.546763,9444.095941,7571.631206,8231.578947,8309.840202,0.060017,0.009528,0.006549,0.022719,-0.003422,-0.009419,0.010103
777550,10.5733,1,Thumb_Prep_Open,Thumb,prep_open,0,0.5733,OPEN HAND - prepare for Thumb,3093,2775,2703,3007,2821,2896,2896,10495.209581,7147.727273,6602.155172,9396.875000,7528.571429,8212.176814,8212.176814,0.071251,0.010657,0.004360,0.017605,-0.009090,-0.011754,-0.001768
777600,10.7545,1,Thumb_Prep_Open,Thumb,prep_open,0,0.7545,OPEN HAND - prepare for Thumb,3091,2768,2689,2990,2828,2905,2905,10467.529880,7092.087415,6502.560455,9200.000000,7588.950276,8300.000000,8300.000000,0.068425,0.002789,-0.010791,-0.003715,-0.001142,-0.001185,0.008907
777650,10.7546,1,Thumb_Prep_Open,Thumb,prep_open,0,0.7546,OPEN HAND - prepare for Thumb,3088,2776,2698,2996,2829,2905,2911,10426.216485,7155.724033,6566.356478,9268.789809,7597.630332,8300.000000,8359.290541,0.064208,0.011787,-0.001086,0.003735,0.000000,-0.001185,0.016114
777700,10.7546,1,Thumb_Prep_Open,Thumb,prep_open,0,0.7546,OPEN HAND - prepare for Thumb,3092,2773,2697,2995,2824,2897,2903,10481.355932,7131.770045,6559.227468,9257.272727,7554.366640,8221.869783,8280.369128,0.069837,0.008400,-0.002171,0.002488,-0.005694,-0.010587,0.006521
777750,10.7871,1,Thumb_Prep_Open,Thumb,prep_open,0,0.7871,OPEN HAND - prepare for Thumb,3091,2768,2687,2995,2830,2910,2913,10467.529880,7092.087415,6488.494318,9257.272727,7606.324111,8349.367089,8379.187817,0.068425,0.002789,-0.012931,0.002488,0.001144,0.004756,0.018533
777800,10.8191,1,Thumb_Prep_Open,Thumb,prep_open,0,0.8191,OPEN HAND - prepare for Thumb,3080,2778,2697,3019,2829,2908,2913,10317.241379,7171.753986,6559.227468,9539.591078,7597.630332,8329.570345,8379.187817,0.053085,0.014054,-0.002171,0.033060,0.000000,0.002373,0.018533
777850,10.9656,1,Thumb_Prep_Open,Thumb,prep_open,0,0.9656,OPEN HAND - prepare for Thumb,3068,2776,2698,3013,2823,2897,2900,10156.962025,7155.724033,6566.356478,9467.837338,7545.754717,8221.869783,8251.046025,0.036726,0.011787,-0.001086,0.025290,-0.006828,-0.010587,0.002956
777900,10.9657,1,Thumb_Prep_Open,Thumb,prep_open,0,0.9657,OPEN HAND - prepare for Thumb,3071,2766,2689,3007,2830,2914,2912,10196.679688,7076.297968,6502.560455,9396.875000,7606.324111,8389.161727,8369.230769,0.040780,0.000557,-0.010791,0.017605,0.001144,0.009544,0.017322
777950,10.9768,1,Thumb_Prep_Open,Thumb,prep_open,0,0.9768,OPEN HAND - prepare for Thumb,3054,2779,2703,3008,2831,2913,2910,9974.639769,7179.787234,6602.155172,9408.647654,7615.031646,8379.187817,8349.367089,0.018116,0.015190,0.004360,0.018880,0.002290,0.008344,0.014908
778000,11.0209,1,Thumb_Prep_Open,Thumb,prep_open,0,1.0209,OPEN HAND - prepare for Thumb,3066,2780,2702,3013,2824,2901,2902,10130.612245,7187.832700,6594.974874,9467.837338,7554.366640,8260.804020,8270.578374,0.034036,0.016327,0.003268,0.025290,-0.005694,-0.005902,0.005331
778050,11.0751,1,Thumb_Prep_Open,Thumb,prep_open,0,1.0751,OPEN HAND - prepare for Thumb,3072,2774,2692,3012,2828,2912,2912,10209.970674,7139.742619,6523.734854,9455.955679,7588.950276,8369.230769,8369.230769,0.042136,0.009528,-0.007570,0.024003,-0.001142,0.007146,0.017322
778100,11.2187,1,Thumb_Prep_Open,Thumb,prep_open,0,1.2187,OPEN HAND - prepare for Thumb,3049,2789,2705,3022,2828,2910,2913,9910.707457,7260.796325,6616.546763,9575.768872,7588.950276,8349.367089,8379.187817,0.011590,0.026644,0.006549,0.036978,-0.001142,0.004756,0.018533
778150,11.2187,1,Thumb_Prep_Open,Thumb,prep_open,0,1.2187,OPEN HAND - prepare for Thumb,3058,2792,2704,3018,2824,2900,2901,10026.229508,7285.341520,6609.345794,9527.576602,7554.366640,8251.046025,8260.804020,0.023382,0.030115,0.005454,0.031759,-0.005694,-0.007076,0.004143
778200,11.2296,1,Thumb_Prep_Open,Thumb,prep_open,0,1.2296,OPEN HAND - prepare for Thumb,3052,2780,2696,3009,2829,2914,2912,9948.993289,7187.832700,6552.108649,9420.441989,7597.630332,8389.161727,8369.230769,0.015498,0.016327,-0.003254,0.020158,0.000000,0.009544,0.017322
778250,11.2736,1,Thumb_Prep_Open,Thumb,prep_open,0,1.2736,OPEN HAND - prepare for Thumb,3060,2798,2706,3021,2828,2916,2914,10052.173913,7334.772552,6623.758099,9563.687151,7588.950276,8409.160305,8389.161727,0.026030,0.037104,0.007646,0.035670,-0.001142,0.011951,0.019745
778300,11.3173,1,Thumb_Prep_Open,Thumb,prep_open,0,1.3173,OPEN HAND - prepare for Thumb,3069,2803,2705,3027,2825,2906,2905,10170.175439,7376.315789,6616.546763,9636.516854,7562.992126,8309.840202,8300.000000,0.038074,0.042978,0.006549,0.043557,-0.004559,-0.000001,0.008907
778350,11.5018,1,Thumb_Prep_Open,Thumb,prep_open,0,1.5018,OPEN HAND - prepare for Thumb,3060,2793,2697,3012,2830,2916,2911,10052.173913,7293.548387,6559.227468,9455.955679,7606.324111,8409.160305,8359.290541,0.026030,0.031275,-0.002171,0.024003,0.001144,0.011951,0.016114
778400,11.5019,1,Thumb_Prep_Open,Thumb,prep_open,0,1.5019,OPEN HAND - prepare for Thumb,3086,2806,2706,3013,2827,2915,2912,10398.810704,7401.396431,6623.758099,9467.837338,7580.283912,8399.152542,8369.230769,0.061411,0.046524,0.007646,0.025290,-0.002283,0.010747,0.017322
778450,11.5019,1,Thumb_Prep_Open,Thumb,prep_open,0,1.5019,OPEN HAND - prepare for Thumb,3082,2804,2705,3020,2821,2904,2896,10344.323791,7384.663052,6616.546763,9551.627907,7528.571429,8290.176322,8212.176814,0.055850,0.044158,0.006549,0.034364,-0.009090,-0.002367,-0.001768
778500,11.5124,1,Thumb_Prep_Open,Thumb,prep_open,0,1.5124,OPEN HAND - prepare for Thumb,3091,2793,2695,3019,2829,2915,2907,10467.529880,7293.548387,6545.000000,9539.591078,7597.630332,8399.152542,8319.696970,0.068425,0.031275,-0.004335,0.033060,0.000000,0.010747,0.011301
778550,11.5784,1,Thumb_Prep_Open,Thumb,prep_open,0,1.5784,OPEN HAND - prepare for Thumb,3096,2804,2704,3020,2827,2914,2908,10536.936937,7384.663052,6609.345794,9551.627907,7580.283912,8389.161727,8329.570345,0.075510,0.044158,0.005454,0.034364,-0.002283,0.009544,0.012501
778600,11.7565,1,Thumb_Prep_Open,Thumb,prep_open,0,1.7565,OPEN HAND - prepare for Thumb,3092,2799,2705,3011,2816,2907,2897,10481.355932,7343.055556,6616.546763,9444.095941,7485.848319,8319.696970,8221.869783,0.069837,0.038275,0.006549,0.022719,-0.014713,0.001185,-0.000590
778650,11.7566,1,Thumb_Prep_Open,Thumb,prep_open,0,1.7566,OPEN HAND - prepare for Thumb,3064,2788,2698,3011,2827,2914,2905,10104.364694,7252.639633,6566.356478,9444.095941,7580.283912,8389.161727,8300.000000,0.031357,0.025491,-0.001086,0.022719,-0.002283,0.009544,0.008907
778700,11.7566,1,Thumb_Prep_Open,Thumb,prep_open,0,1.7566,OPEN HAND - prepare for Thumb,3067,2798,2706,3020,2829,2914,2902,10143.774319,7334.772552,6623.758099,9551.627907,7597.630332,8389.161727,8270.578374,0.035379,0.037104,0.007646,0.034364,0.000000,0.009544,0.005331
778750,11.7893,1,Thumb_Prep_Open,Thumb,prep_open,0,1.7893,OPEN HAND - prepare for Thumb,3085,2798,2704,3015,2814,2904,2895,10385.148515,7334.772552,6609.345794,9491.666667,7468.852459,8290.176322,8202.500000,0.060017,0.037104,0.005454,0.027871,-0.016950,-0.002367,-0.002945
778800,11.8106,1,Thumb_Prep_Open,Thumb,prep_open,0,1.8106,OPEN HAND - prepare for Thumb,3102,2783,2700,3004,2831,2916,2898,10621.148036,7212.042683,6580.645161,9361.686526,7615.031646,8409.160305,8231.578947,0.084105,0.019751,0.001088,0.013795,0.002290,0.011951,0.000590
778850,12.0292,1,Thumb_Prep_Open,Thumb,prep_open,0,2.0292,OPEN HAND - prepare for Thumb,3084,2798,2707,3013,2827,2913,2897,10371.513353,7334.772552,6630.979827,9467.837338,7580.283912,8379.187817,8221.869783,0.058625,0.037104,0.008745,0.025290,-0.002283,0.008344,-0.000590
778900,12.0293,1,Thumb_Prep_Open,Thumb,prep_open,0,2.0293,OPEN HAND - prepare for Thumb,3086,2795,2705,3014,2817,2899,2894,10398.810704,7310.000000,6616.546763,9479.740981,7494.366197,8241.304348,8192.839301,0.061411,0.033601,0.006549,0.026579,-0.013592,-0.008249,-0.004119
778950,12.0293,1,Thumb_Prep_Open,Thumb,prep_open,0,2.0293,OPEN HAND - prepare for Thumb,3087,2784,2700,3007,2829,2910,2901,10412.500000,7220.137300,6580.645161,9396.875000,7597.630332,8349.367089,8260.804020,0.062808,0.020895,0.001088,0.017605,0.000000,0.004756,0.004143
779000,12.0400,1,Thumb_Prep_Open,Thumb,prep_open,0,2.0400,OPEN HAND - prepare for Thumb,3076,2798,2703,3014,2827,2906,2902,10263.395486,7334.772552,6602.155172,9479.740981,7580.283912,8309.840202,8270.578374,0.047589,0.037104,0.004360,0.026579,-0.002283,-0.000001,0.005331
779050,12.0947,1,Thumb_Prep_Open,Thumb,prep_open,0,2.0947,OPEN HAND - prepare for Thumb,3096,2796,2703,3009,2816,2895,2895,10536.936937,7318.244804,6602.155172,9420.441989,7485.848319,8202.500000,8202.500000,0.075510,0.034767,0.004360,0.020158,-0.014713,-0.012918,-0.002945
779100,12.2486,1,Thumb_Prep_Open,Thumb,prep_open,0,2.2486,OPEN HAND - prepare for Thumb,3088,2784,2697,3006,2822,2904,2903,10426.216485,7220.137300,6559.227468,9385.123967,7537.156324,8290.176322,8280.369128,0.064208,0.020895,-0.002171,0.016333,-0.007960,-0.002367,0.006521
779150,12.2487,1,Thumb_Prep_Open,Thumb,prep_open,0,2.2487,OPEN HAND - prepare for Thumb,3090,2794,2704,3011,2827,2905,2899,10453.731343,7301.767871,6609.345794,9444.095941,7580.283912,8300.000000,8241.304348,0.067017,0.032437,0.005454,0.022719,-0.002283,-0.001185,0.001772
779200,12.2487,1,Thumb_Prep_Open,Thumb,prep_open,0,2.2487,OPEN HAND - prepare for Thumb,3103,2792,2701,3012,2820,2898,2895,10635.282258,7285.341520,6587.804878,9455.955679,7520.000000,8231.578947,8202.500000,0.085548,0.030115,0.002177,0.024003,-0.010218,-0.009419,-0.002945
779250,12.2589,1,Thumb_Prep_Open,Thumb,prep_open,0,2.2589,OPEN HAND - prepare for Thumb,3113,2778,2690,3008,2827,2907,2900,10778.207739,7171.753986,6509.608541,9408.647654,7580.283912,8319.696970,8251.046025,0.100136,0.014054,-0.009719,0.018880,-0.002283,0.001185,0.002956
779300,12.3240,1,Thumb_Prep_Open,Thumb,prep_open,0,2.3240,OPEN HAND - prepare for Thumb,3100,2789,2699,3013,2828,2904,2901,10592.964824,7260.796325,6573.495702,9467.837338,7588.950276,8290.176322,8260.804020,0.081229,0.026644,0.000000,0.025290,-0.001142,-0.002367,0.004143
779350,12.5066,1,Thumb_Prep_Open,Thumb,prep_open,0,2.5066,OPEN HAND - prepare for Thumb,3118,2788,2698,3012,2818,2892,2895,10850.767656,7252.639633,6566.356478,9455.955679,7502.897416,8173.566085,8202.500000,0.107543,0.025491,-0.001086,0.024003,-0.012469,-0.016400,-0.002945
779400,12.5066,1,Thumb_Prep_Open,Thumb,prep_open,0,2.5066,OPEN HAND - prepare for Thumb,3115,2779,2689,3009,2830,2907,2902,10807.142857,7179.787234,6502.560455,9420.441989,7606.324111,8319.696970,8270.578374,0.103090,0.015190,-0.010791,0.020158,0.001144,0.001185,0.005331
779450,12.5066,1,Thumb_Prep_Open,Thumb,prep_open,0,2.5066,OPEN HAND - prepare for Thumb,3105,2790,2701,3015,2829,2907,2900,10663.636364,7268.965517,6587.804878,9491.666667,7597.630332,8319.696970,8251.046025,0.088442,0.027799,0.002177,0.027871,0.000000,0.001185,0.002956
779500,12.5172,1,Thumb_Prep_Open,Thumb,prep_open,0,2.5172,OPEN HAND - prepare for Thumb,3112,2790,2703,3008,2818,2895,2898,10763.784334,7268.965517,6602.155172,9408.647654,7502.897416,8202.500000,8231.578947,0.098664,0.027799,0.004360,0.018880,-0.012469,-0.012918,0.000590
779550,12.5829,1,Thumb_Prep_Open,Thumb,prep_open,0,2.5829,OPEN HAND - prepare for Thumb,3115,2780,2693,3001,2828,2901,2904,10807.142857,7187.832700,6530.813124,9326.691042,7588.950276,8260.804020,8290.176322,0.103090,0.016327,-0.006493,0.010005,-0.001142,-0.005902,0.007713
779600,12.6263,1,Thumb_Prep_Open,Thumb,prep_open,0,2.6263,OPEN HAND - prepare for Thumb,3113,2794,2703,3010,2830,2898,2904,10778.207739,7301.767871,6602.155172,9432.258065,7606.324111,8231.578947,8290.176322,0.100136,0.032437,0.004360,0.021437,0.001144,-0.009419,0.007713
779650,12.7669,1,Thumb_Prep_Open,Thumb,prep_open,0,2.7669,OPEN HAND - prepare for Thumb,3115,2793,2699,3014,2820,2890,2897,10807.142857,7293.548387,6573.495702,9479.740981,7520.000000,8154.356846,8221.869783,0.103090,0.031275,0.000000,0.026579,-0.010218,-0.018712,-0.000590
779700,12.7669,1,Thumb_Prep_Open,Thumb,prep_open,0,2.7669,OPEN HAND - prepare for Thumb,3111,2778,2692,2998,2831,2900,2908,10749.390244,7171.753986,6523.734854,9291.886964,7615.031646,8251.046025,8329.570345,0.097195,0.014054,-0.007570,0.006236,0.002290,-0.007076,0.012501
779750,12.7780,1,Thumb_Prep_Open,Thumb,prep_open,0,2.7780,OPEN HAND - prepare for Thumb,3106,2790,2701,3012,2830,2900,2907,10677.856421,7268.965517,6587.804878,9455.955679,7606.324111,8251.046025,8319.696970,0.089893,0.027799,0.002177,0.024003,0.001144,-0.007076,0.011301
779800,12.8328,1,Thumb_Prep_Open,Thumb,prep_open,0,2.8328,OPEN HAND - prepare for Thumb,3106,2788,2701,3012,2820,2889,2897,10677.856421,7252.639633,6587.804878,9455.955679,7520.000000,8144.776119,8221.869783,0.089893,0.025491,0.002177,0.024003,-0.010218,-0.019865,-0.000590
779850,12.8660,1,Thumb_Prep_Open,Thumb,prep_open,0,2.8660,OPEN HAND - prepare for Thumb,3111,2775,2691,2998,2829,2904,2904,10749.390244,7147.727273,6516.666667,9291.886964,7597.630332,8290.176322,8290.176322,0.097195,0.010657,-0.008645,0.006236,0.000000,-0.002367,0.007713
779900,13.0177,1,Thumb_Prep_Open,Thumb,prep_open,0,3.0177,OPEN HAND - prepare for Thumb,3106,2787,2700,3006,2830,2903,2903,10677.856421,7244.495413,6580.645161,9385.123967,7606.324111,8280.369128,8280.369128,0.089893,0.024339,0.001088,0.016333,0.001144,-0.003548,0.006521
779950,13.0178,1,Thumb_Prep_Open,Thumb,prep_open,0,3.0178,OPEN HAND - prepare for Thumb,3115,2786,2702,3000,2810,2896,2895,10807.142857,7236.363636,6594.974874,9315.068493,7435.019455,8212.176814,8202.500000,0.103090,0.023189,0.003268,0.008746,-0.021403,-0.011754,-0.002945
780000,13.0286,1,Thumb_Prep_Open,Thumb,prep_open,0,3.0286,OPEN HAND - prepare for Thumb,3112,2777,2690,2995,2826,2903,2903,10763.784334,7163.732929,6509.608541,9257.272727,7571.631206,8280.369128,8280.369128,0.098664,0.012920,-0.009719,0.002488,-0.003422,-0.003548,0.006521
780050,13.0826,1,Thumb_Prep_Open,Thumb,prep_open,0,3.0826,OPEN HAND - prepare for Thumb,3098,2786,2703,3003,2824,2905,2901,10564.894684,7236.363636,6602.155172,9350.000000,7554.366640,8300.000000,8260.804020,0.078363,0.023189,0.004360,0.012529,-0.005694,-0.001185,0.004143
780100,13.1371,1,Thumb_Prep_Open,Thumb,prep_open,0,3.1371,OPEN HAND - prepare for Thumb,3104,2786,2702,3001,2817,2897,2895,10649.445005,7236.363636,6594.974874,9326.691042,7494.366197,8221.869783,8202.500000,0.086993,0.023189,0.003268,0.010005,-0.013592,-0.010587,-0.002945
780150,13.2815,1,Thumb_Prep_Open,Thumb,prep_open,0,3.2815,OPEN HAND - prepare for Thumb,3090,2773,2696,2992,2827,2909,2899,10453.731343,7131.770045,6552.108649,9222.846782,7580.283912,8339.460371,8241.304348,0.067017,0.008400,-0.003254,-0.001240,-0.002283,0.003563,0.001772
780200,13.2816,1,Thumb_Prep_Open,Thumb,prep_open,0,3.2816,OPEN HAND - prepare for Thumb,3078,2787,2703,3006,2826,2908,2898,10290.265487,7244.495413,6602.155172,9385.123967,7571.631206,8329.570345,8231.578947,0.050332,0.024339,0.004360,0.016333,-0.003422,0.002373,0.000590
780250,13.2816,1,Thumb_Prep_Open,Thumb,prep_open,0,3.2816,OPEN HAND - prepare for Thumb,3088,2785,2702,3008,2814,2895,2892,10426.216485,7228.244275,6594.974874,9408.647654,7468.852459,8202.500000,8173.566085,0.064208,0.022041,0.003268,0.018880,-0.016950,-0.012918,-0.006462
780300,13.3146,1,Thumb_Prep_Open,Thumb,prep_open,0,3.3146,OPEN HAND - prepare for Thumb,3074,2772,2698,3002,2828,2909,2898,10236.630754,7123.809524,6566.356478,9338.334858,7588.950276,8339.460371,8231.578947,0.044857,0.007275,-0.001086,0.011266,-0.001142,0.003563,0.000590
780350,13.3905,1,Thumb_Prep_Open,Thumb,prep_open,0,3.3905,OPEN HAND - prepare for Thumb,3064,2786,2706,3009,2826,2912,2899,10104.364694,7236.363636,6623.758099,9420.441989,7571.631206,8369.230769,8241.304348,0.031357,0.023189,0.007646,0.020158,-0.003422,0.007146,0.001772
780400,13.5334,1,Thumb_Prep_Open,Thumb,prep_open,0,3.5334,OPEN HAND - prepare for Thumb,3076,2787,2705,3010,2814,2901,2891,10263.395486,7244.495413,6616.546763,9432.258065,7468.852459,8260.804020,8163.953488,0.047589,0.024339,0.006549,0.021437,-0.016950,-0.005902,-0.007630
780450,13.5335,1,Thumb_Prep_Open,Thumb,prep_open,0,3.5335,OPEN HAND - prepare for Thumb,3075,2772,2700,3003,2825,2913,2896,10250.000000,7123.809524,6580.645161,9350.000000,7562.992126,8379.187817,8212.176814,0.046222,0.007275,0.001088,0.012529,-0.004559,0.008344,-0.001768
780500,13.5335,1,Thumb_Prep_Open,Thumb,prep_open,0,3.5335,OPEN HAND - prepare for Thumb,3065,2789,2707,3005,2824,2913,2895,10117.475728,7260.796325,6630.979827,9373.394495,7554.366640,8379.187817,8202.500000,0.032695,0.026644,0.008745,0.015063,-0.005694,0.008344,-0.002945
780550,13.5880,1,Thumb_Prep_Open,Thumb,prep_open,0,3.5880,OPEN HAND - prepare for Thumb,3071,2786,2705,3004,2817,2905,2889,10196.679688,7236.363636,6616.546763,9361.686526,7494.366197,8300.000000,8144.776119,0.040780,0.023189,0.006549,0.013795,-0.013592,-0.001185,-0.009961
780600,13.6407,1,Thumb_Prep_Open,Thumb,prep_open,0,3.6407,OPEN HAND - prepare for Thumb,3068,2777,2699,2999,2825,2914,2896,10156.962025,7163.732929,6573.495702,9303.467153,7562.992126,8389.161727,8212.176814,0.036726,0.012920,0.000000,0.007490,-0.004559,0.009544,-0.001768
780650,13.7867,1,Thumb_Prep_Open,Thumb,prep_open,0,3.7867,OPEN HAND - prepare for Thumb,3056,2787,2707,3008,2825,2910,2897,10000.384986,7244.495413,6630.979827,9408.647654,7562.992126,8349.367089,8221.869783,0.020744,0.024339,0.008745,0.018880,-0.004559,0.004756,-0.000590
780700,13.7868,1,Thumb_Prep_Open,Thumb,prep_open,0,3.7868,OPEN HAND - prepare for Thumb,3059,2785,2706,3008,2819,2898,2889,10039.189189,7228.244275,6623.758099,9408.647654,7511.442006,8231.578947,8144.776119,0.024704,0.022041,0.007646,0.018880,-0.011344,-0.009419,-0.009961
780750,13.7868,1,Thumb_Prep_Open,Thumb,prep_open,0,3.7868,OPEN HAND - prepare for Thumb,3063,2774,2699,3000,2821,2911,2897,10091.279070,7139.742619,6573.495702,9315.068493,7528.571429,8359.290541,8221.869783,0.030021,0.009528,0.000000,0.008746,-0.009090,0.005950,-0.000590
780800,13.8188,1,Thumb_Prep_Open,Thumb,prep_open,0,3.8188,OPEN HAND - prepare for Thumb,3060,2793,2707,3007,2824,2911,2895,10052.173913,7293.548387,6630.979827,9396.875000,7554.366640,8359.290541,8202.500000,0.026030,0.031275,0.008745,0.017605,-0.005694,0.005950,-0.002945
780850,13.8733,1,Thumb_Prep_Open,Thumb,prep_open,0,3.8733,OPEN HAND - prepare for Thumb,3066,2791,2705,3003,2813,2900,2891,10130.612245,7277.147239,6616.546763,9350.000000,7460.374415,8251.046025,8163.953488,0.034036,0.028956,0.006549,0.012529,-0.018066,-0.007076,-0.007630
780900,14.0537,2,Thumb_C1_Open,Thumb,open,1,0.0537,Thumb cycle 1: OPEN,3066,2779,2695,2995,2825,2908,2896,10130.612245,7179.787234,6545.000000,9257.272727,7562.992126,8329.570345,8212.176814,0.034036,0.015190,-0.004335,0.002488,-0.004559,0.002373,-0.001768
780950,14.0541,2,Thumb_C1_Open,Thumb,open,1,0.0541,Thumb cycle 1: OPEN,3075,2793,2703,3002,2824,2904,2899,10250.000000,7293.548387,6602.155172,9338.334858,7554.366640,8290.176322,8241.304348,0.046222,0.031275,0.004360,0.011266,-0.005694,-0.002367,0.001772
781000,14.0542,2,Thumb_C1_Open,Thumb,open,1,0.0542,Thumb cycle 1: OPEN,3084,2793,2701,3003,2814,2898,2890,10371.513353,7293.548387,6587.804878,9350.000000,7468.852459,8231.578947,8154.356846,0.058625,0.031275,0.002177,0.012529,-0.016950,-0.009419,-0.008797
781050,14.0650,2,Thumb_C1_Open,Thumb,open,1,0.0650,Thumb cycle 1: OPEN,3079,2783,2691,3006,2826,2906,2896,10303.740157,7212.042683,6516.666667,9385.123967,7571.631206,8309.840202,8212.176814,0.051707,0.019751,-0.008645,0.016333,-0.003422,-0.000001,-0.001768
781100,14.1416,2,Thumb_C1_Open,Thumb,open,1,0.1416,Thumb cycle 1: OPEN,3060,2792,2703,3002,2825,2903,2896,10052.173913,7285.341520,6602.155172,9338.334858,7562.992126,8280.369128,8212.176814,0.026030,0.030115,0.004360,0.011266,-0.004559,-0.003548,-0.001768
781150,14.3074,2,Thumb_C1_Open,Thumb,open,1,0.3074,Thumb cycle 1: OPEN,3062,2787,2704,3003,2814,2893,2885,10078.218780,7244.495413,6609.345794,9350.000000,7468.852459,8183.194676,8106.611570,0.028688,0.024339,0.005454,0.012529,-0.016950,-0.015241,-0.014600
781200,14.3075,2,Thumb_C1_Open,Thumb,open,1,0.3075,Thumb cycle 1: OPEN,3068,2774,2696,2991,2823,2901,2895,10156.962025,7139.742619,6552.108649,9211.413043,7545.754717,8260.804020,8202.500000,0.036726,0.009528,-0.003254,-0.002479,-0.006828,-0.005902,-0.002945
781250,14.3075,2,Thumb_C1_Open,Thumb,open,1,0.3075,Thumb cycle 1: OPEN,3053,2791,2705,3003,2823,2896,2895,9961.804223,7277.147239,6616.546763,9350.000000,7545.754717,8212.176814,8202.500000,0.016806,0.028956,0.006549,0.012529,-0.006828,-0.011754,-0.002945
781300,14.3284,2,Thumb_C1_Open,Thumb,open,1,0.3284,Thumb cycle 1: OPEN,3064,2788,2706,3000,2815,2891,2885,10104.364694,7252.639633,6623.758099,9315.068493,7477.343750,8163.953488,8106.611570,0.031357,0.025491,0.007646,0.008746,-0.015832,-0.017557,-0.014600
781350,14.3835,2,Thumb_C1_Open,Thumb,open,1,0.3835,Thumb cycle 1: OPEN,3066,2778,2699,2991,2821,2902,2895,10130.612245,7171.753986,6573.495702,9211.413043,7528.571429,8270.578374,8202.500000,0.034036,0.014054,0.000000,-0.002479,-0.009090,-0.004726,-0.002945
781400,14.5527,2,Thumb_C1_Open,Thumb,open,1,0.5527,Thumb cycle 1: OPEN,3056,2789,2708,2997,2824,2904,2895,10000.384986,7260.796325,6638.211968,9280.327869,7554.366640,8290.176322,8202.500000,0.020744,0.026644,0.009845,0.004984,-0.005694,-0.002367,-0.002945
781450,14.5528,2,Thumb_C1_Open,Thumb,open,1,0.5528,Thumb cycle 1: OPEN,3057,2789,2706,2993,2818,2895,2884,10013.294798,7260.796325,6623.758099,9234.301270,7502.897416,8202.500000,8097.109827,0.022061,0.026644,0.007646,0.000000,-0.012469,-0.012918,-0.015755
781500,14.5528,2,Thumb_C1_Open,Thumb,open,1,0.5528,Thumb cycle 1: OPEN,3057,2777,2700,2987,2822,2901,2895,10013.294798,7163.732929,6580.645161,9165.884477,7537.156324,8260.804020,8202.500000,0.022061,0.012920,0.001088,-0.007409,-0.007960,-0.005902,-0.002945
781550,14.5847,2,Thumb_C1_Open,Thumb,open,1,0.5847,Thumb cycle 1: OPEN,3042,2787,2704,3002,2825,2896,2894,9822.222222,7244.495413,6609.345794,9338.334858,7562.992126,8212.176814,8192.839301,0.002558,0.024339,0.005454,0.011266,-0.004559,-0.011754,-0.004119
781600,14.6174,2,Thumb_C1_Open,Thumb,open,1,0.6174,Thumb cycle 1: OPEN,3053,2786,2703,2999,2816,2887,2888,9961.804223,7236.363636,6602.155172,9303.467153,7485.848319,8125.662252,8135.211268,0.016806,0.023189,0.004360,0.007490,-0.014713,-0.022165,-0.011124
781650,14.6608,2,Thumb_C1_Open,Thumb,open,1,0.6608,Thumb cycle 1: OPEN,3055,2775,2694,2993,2824,2896,2897,9987.500000,7147.727273,6537.901499,9234.301270,7554.366640,8212.176814,8221.869783,0.019428,0.010657,-0.005415,0.000000,-0.005694,-0.011754,-0.000590
781700,14.8005,2,Thumb_C1_Open,Thumb,open,1,0.8005,Thumb cycle 1: OPEN,3046,2791,2704,2994,2825,2896,2896,9872.640610,7277.147239,6609.345794,9245.776567,7562.992126,8212.176814,8212.176814,0.007705,0.028956,0.005454,0.001243,-0.004559,-0.011754,-0.001768
781750,14.8006,2,Thumb_C1_Open,Thumb,open,1,0.8006,Thumb cycle 1: OPEN,3048,2790,2703,2997,2816,2888,2888,9897.994269,7268.965517,6602.155172,9280.327869,7485.848319,8135.211268,8135.211268,0.010293,0.027799,0.004360,0.004984,-0.014713,-0.021016,-0.011124
781800,14.8109,2,Thumb_C1_Open,Thumb,open,1,0.8109,Thumb cycle 1: OPEN,3046,2778,2697,2990,2825,2899,2898,9872.640610,7171.753986,6559.227468,9200.000000,7562.992126,8241.304348,8231.578947,0.007705,0.014054,-0.002171,-0.003715,-0.004559,-0.008249,0.000590
781850,14.8869,2,Thumb_C1_Open,Thumb,open,1,0.8869,Thumb cycle 1: OPEN,3033,2790,2705,2995,2824,2896,2897,9710.169492,7268.965517,6616.546763,9257.272727,7554.366640,8212.176814,8221.869783,-0.008879,0.027799,0.006549,0.002488,-0.005694,-0.011754,-0.000590
781900,14.9198,2,Thumb_C1_Open,Thumb,open,1,0.9198,Thumb cycle 1: OPEN,3042,2786,2707,2996,2817,2888,2890,9822.222222,7236.363636,6630.979827,9268.789809,7494.366197,8135.211268,8154.356846,0.002558,0.023189,0.008745,0.003735,-0.013592,-0.021016,-0.008797
781950,15.0616,2,Thumb_C1_Open,Thumb,open,1,1.0616,Thumb cycle 1: OPEN,3043,2778,2702,2991,2825,2897,2899,9834.790875,7171.753986,6594.974874,9211.413043,7562.992126,8221.869783,8241.304348,0.003841,0.014054,0.003268,-0.002479,-0.004559,-0.010587,0.001772
782000,15.0617,2,Thumb_C1_Open,Thumb,open,1,1.0617,Thumb cycle 1: OPEN,3038,2786,2710,3002,2826,2898,2898,9772.185430,7236.363636,6652.707581,9338.334858,7571.631206,8231.578947,8231.578947,-0.002549,0.023189,0.012050,0.011266,-0.003422,-0.009419,0.000590
782050,15.0728,2,Thumb_C1_Open,Thumb,open,1,1.0728,Thumb cycle 1: OPEN,3048,2786,2708,2997,2817,2887,2892,9897.994269,7236.363636,6638.211968,9280.327869,7494.366197,8125.662252,8173.566085,0.010293,0.023189,0.009845,0.004984,-0.013592,-0.022165,-0.006462
782100,15.1170,2,Thumb_C1_Open,Thumb,open,1,1.1170,Thumb cycle 1: OPEN,3052,2776,2697,2989,2823,2898,2897,9948.993289,7155.724033,6559.227468,9188.607595,7545.754717,8231.578947,8221.869783,0.015498,0.011787,-0.002171,-0.004948,-0.006828,-0.009419,-0.000590
782150,15.3126,2,Thumb_C1_Open,Thumb,open,1,1.3126,Thumb cycle 1: OPEN,3046,2786,2709,2996,2823,2897,2897,9872.640610,7236.363636,6645.454545,9268.789809,7545.754717,8221.869783,8221.869783,0.007705,0.023189,0.010947,0.003735,-0.006828,-0.010587,-0.000590
782200,15.3126,2,Thumb_C1_Open,Thumb,open,1,1.3126,Thumb cycle 1: OPEN,3047,2785,2706,2994,2818,2884,2888,9885.305344,7228.244275,6623.758099,9245.776567,7502.897416,8097.109827,8135.211268,0.008997,0.022041,0.007646,0.001243,-0.012469,-0.025601,-0.011124
782250,15.3126,2,Thumb_C1_Open,Thumb,open,1,1.3126,Thumb cycle 1: OPEN,3041,2773,2699,2983,2823,2896,2897,9809.677419,7131.770045,6573.495702,9120.683453,7545.754717,8212.176814,8221.869783,0.001278,0.008400,0.000000,-0.012304,-0.006828,-0.011754,-0.000590
782300,15.3339,2,Thumb_C1_Open,Thumb,open,1,1.3339,Thumb cycle 1: OPEN,3029,2784,2707,2991,2826,2897,2896,9660.975610,7220.137300,6630.979827,9211.413043,7571.631206,8221.869783,8212.176814,-0.013900,0.020895,0.008745,-0.002479,-0.003422,-0.010587,-0.001768
782350,15.3663,2,Thumb_C1_Open,Thumb,open,1,1.3663,Thumb cycle 1: OPEN,3030,2782,2704,2988,2814,2888,2891,9673.239437,7203.960396,6609.345794,9177.235772,7468.852459,8135.211268,8163.953488,-0.012648,0.018608,0.005454,-0.006180,-0.016950,-0.021016,-0.007630
782400,15.5738,2,Thumb_C1_Open,Thumb,open,1,1.5738,Thumb cycle 1: OPEN,3025,2773,2696,2987,2824,2901,2896,9612.149533,7131.770045,6552.108649,9165.884477,7554.366640,8260.804020,8212.176814,-0.018884,0.008400,-0.003254,-0.007409,-0.005694,-0.005902,-0.001768
782450,15.5739,2,Thumb_C1_Open,Thumb,open,1,1.5739,Thumb cycle 1: OPEN,3019,2783,2703,2993,2824,2899,2896,9539.591078,7212.042683,6602.155172,9234.301270,7554.366640,8241.304348,8212.176814,-0.026290,0.019751,0.004360,0.000000,-0.005694,-0.008249,-0.001768
782500,15.5739,2,Thumb_C1_Open,Thumb,open,1,1.5739,Thumb cycle 1: OPEN,3026,2781,2704,2991,2818,2891,2889,9624.321796,7195.890411,6609.345794,9211.413043,7502.897416,8163.953488,8144.776119,-0.017641,0.017467,0.005454,-0.002479,-0.012469,-0.017557,-0.009961
782550,15.5739,2,Thumb_C1_Open,Thumb,open,1,1.5739,Thumb cycle 1: OPEN,3027,2770,2693,2983,2825,2901,2896,9636.516854,7107.924528,6530.813124,9120.683453,7562.992126,8260.804020,8212.176814,-0.016397,0.005029,-0.006493,-0.012304,-0.004559,-0.005902,-0.001768
782600,15.6288,2,Thumb_C1_Open,Thumb,open,1,1.6288,Thumb cycle 1: OPEN,3021,2785,2703,2993,2825,2898,2898,9563.687151,7228.244275,6602.155172,9234.301270,7562.992126,8231.578947,8231.578947,-0.023830,0.022041,0.004360,0.000000,-0.004559,-0.009419,0.000590
782650,15.6837,2,Thumb_C1_Open,Thumb,open,1,1.6837,Thumb cycle 1: OPEN,3035,2783,2704,2994,2819,2890,2889,9734.905660,7212.042683,6609.345794,9245.776567,7511.442006,8154.356846,8144.776119,-0.006354,0.019751,0.005454,0.001243,-0.011344,-0.018712,-0.009961
782700,15.8232,2,Thumb_C1_Open,Thumb,open,1,1.8232,Thumb cycle 1: OPEN,3045,2774,2693,2980,2821,2901,2896,9860.000000,7139.742619,6530.813124,9086.995516,7528.571429,8260.804020,8212.176814,0.006414,0.009528,-0.006493,-0.015952,-0.009090,-0.005902,-0.001768
782750,15.8233,2,Thumb_C1_Open,Thumb,open,1,1.8233,Thumb cycle 1: OPEN,3034,2786,2704,2992,2825,2900,2896,9722.525919,7236.363636,6609.345794,9222.846782,7562.992126,8251.046025,8212.176814,-0.007618,0.023189,0.005454,-0.001240,-0.004559,-0.007076,-0.001768
782800,15.8233,2,Thumb_C1_Open,Thumb,open,1,1.8233,Thumb cycle 1: OPEN,3042,2783,2702,2992,2817,2889,2890,9822.222222,7212.042683,6594.974874,9222.846782,7494.366197,8144.776119,8154.356846,0.002558,0.019751,0.003268,-0.001240,-0.013592,-0.019865,-0.008797
782850,15.8675,2,Thumb_C1_Open,Thumb,open,1,1.8675,Thumb cycle 1: OPEN,3034,2767,2693,2991,2825,2897,2898,9722.525919,7084.186747,6530.813124,9211.413043,7562.992126,8221.869783,8231.578947,-0.007618,0.001672,-0.006493,-0.002479,-0.004559,-0.010587,0.000590
782900,15.9224,2,Thumb_C1_Open,Thumb,open,1,1.9224,Thumb cycle 1: OPEN,3029,2784,2703,3000,2828,2895,2897,9660.975610,7220.137300,6602.155172,9315.068493,7588.950276,8202.500000,8221.869783,-0.013900,0.020895,0.004360,0.008746,-0.001142,-0.012918,-0.000590
782950,16.1008,3,Thumb_C1_Bend,Thumb,bend,1,0.1008,Thumb cycle 1: BEND Thumb,3037,2780,2703,2997,2817,2885,2891,9759.735350,7187.832700,6602.155172,9280.327869,7494.366197,8106.611570,8163.953488,-0.003820,0.016327,0.004360,0.004984,-0.013592,-0.024457,-0.007630
783000,16.1011,3,Thumb_C1_Bend,Thumb,bend,1,0.1011,Thumb cycle 1: BEND Thumb,3032,2773,2695,2994,2828,2898,2899,9697.836312,7131.770045,6545.000000,9245.776567,7588.950276,8231.578947,8241.304348,-0.010138,0.008400,-0.004335,0.001243,-0.001142,-0.009419,0.001772
783050,16.1011,3,Thumb_C1_Bend,Thumb,bend,1,0.1011,Thumb cycle 1: BEND Thumb,3035,2783,2704,3005,2825,2897,2897,9734.905660,7212.042683,6609.345794,9373.394495,7562.992126,8221.869783,8221.869783,-0.006354,0.019751,0.005454,0.015063,-0.004559,-0.010587,-0.000590
783100,16.1337,3,Thumb_C1_Bend,Thumb,bend,1,0.1337,Thumb cycle 1: BEND Thumb,3036,2784,2704,3010,2819,2888,2892,9747.308782,7220.137300,6609.345794,9432.258065,7511.442006,8135.211268,8173.566085,-0.005088,0.020895,0.005454,0.021437,-0.011344,-0.021016,-0.006462
783150,16.1670,3,Thumb_C1_Bend,Thumb,bend,1,0.1670,Thumb cycle 1: BEND Thumb,3026,2774,2691,2996,2823,2897,2899,9624.321796,7139.742619,6516.666667,9268.789809,7545.754717,8221.869783,8241.304348,-0.017641,0.009528,-0.008645,0.003735,-0.006828,-0.010587,0.001772
783200,16.3513,3,Thumb_C1_Bend,Thumb,bend,1,0.3513,Thumb cycle 1: BEND Thumb,3020,2787,2705,3006,2824,2896,2900,9551.627907,7244.495413,6616.546763,9385.123967,7554.366640,8212.176814,8251.046025,-0.025061,0.024339,0.006549,0.016333,-0.005694,-0.011754,0.002956
783250,16.3514,3,Thumb_C1_Bend,Thumb,bend,1,0.3514,Thumb cycle 1: BEND Thumb,3024,2787,2703,3004,2815,2891,2895,9600.000000,7244.495413,6602.155172,9361.686526,7477.343750,8163.953488,8202.500000,-0.020124,0.024339,0.004360,0.013795,-0.015832,-0.017557,-0.002945
783300,16.3514,3,Thumb_C1_Bend,Thumb,bend,1,0.3514,Thumb cycle 1: BEND Thumb,3023,2775,2693,2994,2824,2902,2901,9587.873134,7147.727273,6530.813124,9245.776567,7554.366640,8270.578374,8260.804020,-0.021362,0.010657,-0.006493,0.001243,-0.005694,-0.004726,0.004143
783350,16.3732,3,Thumb_C1_Bend,Thumb,bend,1,0.3732,Thumb cycle 1: BEND Thumb,3019,2786,2703,3001,2825,2896,2900,9539.591078,7236.363636,6602.155172,9326.691042,7562.992126,8212.176814,8251.046025,-0.026290,0.023189,0.004360,0.010005,-0.004559,-0.011754,0.002956
783400,16.4171,3,Thumb_C1_Bend,Thumb,bend,1,0.4171,Thumb cycle 1: BEND Thumb,3026,2785,2700,3000,2816,2890,2894,9624.321796,7228.244275,6580.645161,9315.068493,7485.848319,8154.356846,8192.839301,-0.017641,0.022041,0.001088,0.008746,-0.014713,-0.018712,-0.004119
783450,16.5894,3,Thumb_C1_Bend,Thumb,bend,1,0.5894,Thumb cycle 1: BEND Thumb,3025,2777,2689,2987,2823,2898,2902,9612.149533,7163.732929,6502.560455,9165.884477,7545.754717,8231.578947,8270.578374,-0.018884,0.012920,-0.010791,-0.007409,-0.006828,-0.009419,0.005331
783500,16.5895,3,Thumb_C1_Bend,Thumb,bend,1,0.5895,Thumb cycle 1: BEND Thumb,3026,2792,2701,2999,2827,2898,2898,9624.321796,7285.341520,6587.804878,9303.467153,7580.283912,8231.578947,8231.578947,-0.017641,0.030115,0.002177,0.007490,-0.002283,-0.009419,0.000590
783550,16.5895,3,Thumb_C1_Bend,Thumb,bend,1,0.5895,Thumb cycle 1: BEND Thumb,3029,2788,2697,3000,2820,2891,2894,9660.975610,7252.639633,6559.227468,9315.068493,7520.000000,8163.953488,8192.839301,-0.013900,0.025491,-0.002171,0.008746,-0.010218,-0.017557,-0.004119
783600,16.6331,3,Thumb_C1_Bend,Thumb,bend,1,0.6331,Thumb cycle 1: BEND Thumb,3032,2777,2686,2988,2829,2899,2899,9697.836312,7163.732929,6481.476224,9177.235772,7597.630332,8241.304348,8241.304348,-0.010138,0.012920,-0.013999,-0.006180,0.000000,-0.008249,0.001772
783650,16.6765,3,Thumb_C1_Bend,Thumb,bend,1,0.6765,Thumb cycle 1: BEND Thumb,3024,2790,2699,2996,2826,2897,2899,9600.000000,7268.965517,6573.495702,9268.789809,7571.631206,8221.869783,8241.304348,-0.020124,0.027799,0.000000,0.003735,-0.003422,-0.010587,0.001772
783700,16.8579,3,Thumb_C1_Bend,Thumb,bend,1,0.8579,Thumb cycle 1: BEND Thumb,3039,2791,2694,2996,2820,2891,2893,9784.659091,7277.147239,6537.901499,9268.789809,7520.000000,8163.953488,8183.194676,-0.001276,0.028956,-0.005415,0.003735,-0.010218,-0.017557,-0.005291
783750,16.8580,3,Thumb_C1_Bend,Thumb,bend,1,0.8580,Thumb cycle 1: BEND Thumb,3041,2778,2689,2987,2823,2898,2901,9809.677419,7171.753986,6502.560455,9165.884477,7545.754717,8231.578947,8260.804020,0.001278,0.014054,-0.010791,-0.007409,-0.006828,-0.009419,0.004143
783800,16.8580,3,Thumb_C1_Bend,Thumb,bend,1,0.8580,Thumb cycle 1: BEND Thumb,3028,2787,2693,2995,2825,2898,2897,9648.734770,7244.495413,6530.813124,9257.272727,7562.992126,8231.578947,8221.869783,-0.015149,0.024339,-0.006493,0.002488,-0.004559,-0.009419,-0.000590
783850,16.8685,3,Thumb_C1_Bend,Thumb,bend,1,0.8685,Thumb cycle 1: BEND Thumb,3031,2791,2691,2991,2818,2892,2892,9685.526316,7277.147239,6516.666667,9211.413043,7502.897416,8173.566085,8173.566085,-0.011394,0.028956,-0.008645,-0.002479,-0.012469,-0.016400,-0.006462
783900,16.9231,3,Thumb_C1_Bend,Thumb,bend,1,0.9231,Thumb cycle 1: BEND Thumb,3029,2776,2684,2985,2823,2899,2900,9660.975610,7155.724033,6467.469880,9143.243243,7545.754717,8241.304348,8251.046025,-0.013900,0.011787,-0.016129,-0.009861,-0.006828,-0.008249,0.002956
783950,17.1140,3,Thumb_C1_Bend,Thumb,bend,1,1.1140,Thumb cycle 1: BEND Thumb,3024,2783,2695,2996,2828,2897,2898,9600.000000,7212.042683,6545.000000,9268.789809,7588.950276,8221.869783,8231.578947,-0.020124,0.019751,-0.004335,0.003735,-0.001142,-0.010587,0.000590
784000,17.1141,3,Thumb_C1_Bend,Thumb,bend,1,1.1141,Thumb cycle 1: BEND Thumb,3026,2783,2694,2998,2818,2889,2894,9624.321796,7212.042683,6537.901499,9291.886964,7502.897416,8144.776119,8192.839301,-0.017641,0.019751,-0.005415,0.006236,-0.012469,-0.019865,-0.004119
784050,17.1141,3,Thumb_C1_Bend,Thumb,bend,1,1.1141,Thumb cycle 1: BEND Thumb,3027,2769,2685,2992,2822,2893,2900,9636.516854,7100.000000,6474.468085,9222.846782,7537.156324,8183.194676,8251.046025,-0.016397,0.003908,-0.015065,-0.001240,-0.007960,-0.015241,0.002956
784100,17.1250,3,Thumb_C1_Bend,Thumb,bend,1,1.1250,Thumb cycle 1: BEND Thumb,3025,2782,2695,2995,2826,2895,2902,9612.149533,7203.960396,6545.000000,9257.272727,7571.631206,8202.500000,8270.578374,-0.018884,0.018608,-0.004335,0.002488,-0.003422,-0.012918,0.005331
784150,17.1691,3,Thumb_C1_Bend,Thumb,bend,1,1.1691,Thumb cycle 1: BEND Thumb,3042,2784,2694,2994,2818,2885,2892,9822.222222,7220.137300,6537.901499,9245.776567,7502.897416,8106.611570,8173.566085,0.002558,0.020895,-0.005415,0.001243,-0.012469,-0.024457,-0.006462
784200,17.2127,3,Thumb_C1_Bend,Thumb,bend,1,1.2127,Thumb cycle 1: BEND Thumb,3041,2772,2684,2994,2822,2892,2902,9809.677419,7123.809524,6467.469880,9245.776567,7537.156324,8173.566085,8270.578374,0.001278,0.007275,-0.016129,0.001243,-0.007960,-0.016400,0.005331
784250,17.3714,3,Thumb_C1_Bend,Thumb,bend,1,1.3714,Thumb cycle 1: BEND Thumb,3061,2782,2695,2999,2826,2889,2909,10065.183752,7203.960396,6545.000000,9303.467153,7571.631206,8144.776119,8339.460371,0.027358,0.018608,-0.004335,0.007490,-0.003422,-0.019865,0.013704
784300,17.3715,3,Thumb_C1_Bend,Thumb,bend,1,1.3715,Thumb cycle 1: BEND Thumb,3115,2798,2693,3002,2820,2885,2924,10807.142857,7334.772552,6530.813124,9338.334858,7520.000000,8106.611570,8489.837746,0.103090,0.037104,-0.006493,0.011266,-0.010218,-0.024457,0.031983
784350,17.3715,3,Thumb_C1_Bend,Thumb,bend,1,1.3715,Thumb cycle 1: BEND Thumb,3166,2820,2687,3004,2828,2924,2949,11587.082885,7520.000000,6488.494318,9361.686526,7588.950276,8489.837746,8749.214660,0.182699,0.063294,-0.012931,0.013795,-0.001142,0.021660,0.063511
784400,17.4259,3,Thumb_C1_Bend,Thumb,bend,1,1.4259,Thumb cycle 1: BEND Thumb,3299,2834,2704,2999,2826,2963,2970,14091.206030,7641.237113,6609.345794,9303.467153,7571.631206,8899.469965,8976.000000,0.438296,0.080437,0.005454,0.007490,-0.003422,0.070955,0.091078
784450,17.4805,3,Thumb_C1_Bend,Thumb,bend,1,1.4805,Thumb cycle 1: BEND Thumb,3276,2880,2706,3014,2824,3008,3082,13600.000000,8059.259259,6623.758099,9479.740981,7554.366640,9408.647654,10344.323791,0.388158,0.139543,0.007646,0.026579,-0.005694,0.132229,0.257405
784500,17.6141,3,Thumb_C1_Bend,Thumb,bend,1,1.6141,Thumb cycle 1: BEND Thumb,3876,2860,2709,3008,2828,2991,3146,60175.342466,7873.684211,6645.454545,9408.647654,7588.950276,9211.413043,11271.232877,5.142123,0.113304,0.010947,0.018880,-0.001142,0.108494,0.370075
784550,17.6142,3,Thumb_C1_Bend,Thumb,bend,1,1.6142,Thumb cycle 1: BEND Thumb,3322,2860,2725,3011,2831,3002,3178,14611.642950,7873.684211,6762.773723,9444.095941,7615.031646,9338.334858,11783.206107,0.491417,0.113304,0.028794,0.022719,0.002290,0.123767,0.432308
784600,17.6363,3,Thumb_C1_Bend,Thumb,bend,1,1.6363,Thumb cycle 1: BEND Thumb,3421,2894,2731,3003,2824,2998,3020,17257.270030,8192.839301,6807.478006,9350.000000,7554.366640,9291.886964,9551.627907,0.761457,0.158431,0.035595,0.012529,-0.005694,0.118178,0.161049
784650,17.6794,3,Thumb_C1_Bend,Thumb,bend,1,1.6794,Thumb cycle 1: BEND Thumb,3725,2913,2730,2998,2827,2994,2949,34229.729730,8379.187817,6800.000000,9291.886964,7580.283912,9245.776567,8749.214660,2.493843,0.184780,0.034457,0.006236,-0.002283,0.112629,0.063511
784700,17.7234,3,Thumb_C1_Bend,Thumb,bend,1,1.7234,Thumb cycle 1: BEND Thumb,3542,2902,2735,3008,2833,3048,2905,21777.215190,8270.578374,6837.500000,9408.647654,7632.488114,9897.994269,8300.000000,1.222810,0.169423,0.040162,0.018880,0.004588,0.191116,0.008907
784750,17.8755,3,Thumb_C1_Bend,Thumb,bend,1,1.8755,Thumb cycle 1: BEND Thumb,3531,2918,2744,3023,2830,3067,2878,21286.170213,8429.226848,6905.699482,9587.873134,7606.324111,10143.774319,8040.427280,1.172689,0.191855,0.050537,0.038289,0.001144,0.220693,-0.022645
784800,17.8756,3,Thumb_C1_Bend,Thumb,bend,1,1.8756,Thumb cycle 1: BEND Thumb,3535,2898,2746,3008,2833,3086,2876,21462.500000,8231.578947,6920.978503,9408.647654,7632.488114,10398.810704,8021.657096,1.190687,0.163908,0.052861,0.018880,0.004588,0.251384,-0.024927
784850,17.8861,3,Thumb_C1_Bend,Thumb,bend,1,1.8861,Thumb cycle 1: BEND Thumb,3412,2913,2762,3025,2834,3068,2862,16985.065886,8379.187817,7044.861215,9612.149533,7641.237113,10156.962025,7891.970803,0.733673,0.184780,0.071707,0.040918,0.005740,0.222280,-0.040691
784900,17.9189,3,Thumb_C1_Bend,Thumb,bend,1,1.9189,Thumb cycle 1: BEND Thumb,3497,2908,2765,3029,2830,3091,2850,19882.608696,8329.570345,7068.421053,9660.975610,7606.324111,10467.529880,7783.132530,1.029426,0.177764,0.075291,0.046205,0.001144,0.259654,-0.053921
784950,17.9843,3,Thumb_C1_Bend,Thumb,bend,1,1.9843,Thumb cycle 1: BEND Thumb,3397,2895,2761,3018,2835,3092,2855,16546.991404,8202.500000,7037.031484,9527.576602,7650.000000,10481.355932,7828.225806,0.688959,0.159797,0.070516,0.031759,0.006893,0.261317,-0.048440
785000,18.1478,4,Thumb_C2_Open,Thumb,open,2,0.1478,Thumb cycle 2: OPEN,3432,2912,2758,3021,2834,3077,2858,17600.000000,8369.230769,7013.612565,9563.687151,7641.237113,10276.817289,7855.456750,0.796440,0.183372,0.066953,0.035670,0.005740,0.236703,-0.045129
785050,18.1480,4,Thumb_C2_Open,Thumb,open,2,0.1480,Thumb cycle 2: OPEN,3422,2901,2754,3018,2830,3071,2850,17287.964339,8260.804020,6982.550336,9527.576602,7606.324111,10196.679688,7783.132530,0.764590,0.168041,0.062228,0.031759,0.001144,0.227060,-0.053921
785100,18.1481,4,Thumb_C2_Open,Thumb,open,2,0.1481,Thumb cycle 2: OPEN,3491,2898,2761,3017,2825,3101,2858,19651.324503,8231.578947,7037.031484,9515.584416,7562.992126,10607.042254,7855.456750,1.005819,0.163908,0.070516,0.030461,-0.004559,0.276442,-0.045129
785150,18.1690,4,Thumb_C2_Open,Thumb,open,2,0.1690,Thumb cycle 2: OPEN,3430,2893,2767,3024,2829,3060,2849,17536.842105,8183.194676,7084.186747,9600.000000,7597.630332,10052.173913,7774.157303,0.789993,0.157067,0.077689,0.039602,0.000000,0.209670,-0.055012
785200,18.2343,4,Thumb_C2_Open,Thumb,open,2,0.2343,Thumb cycle 2: OPEN,3473,2897,2769,3026,2822,3057,2842,18984.244373,8221.869783,7100.000000,9624.321796,7537.156324,10013.294798,7711.731844,0.937730,0.162536,0.080095,0.042236,-0.007960,0.204991,-0.062600
785250,18.4060,4,Thumb_C2_Open,Thumb,open,2,0.4060,Thumb cycle 2: OPEN,3445,2884,2767,3015,2824,3061,2847,18020.000000,8097.109827,7084.186747,9491.666667,7554.366640,10065.183752,7756.250000,0.839309,0.144895,0.077689,0.027871,-0.005694,0.211236,-0.057189
785300,18.4061,4,Thumb_C2_Open,Thumb,open,2,0.4061,Thumb cycle 2: OPEN,3441,2906,2756,3023,2828,3067,2847,17888.990826,8309.840202,6998.058252,9587.873134,7588.950276,10143.774319,7756.250000,0.825937,0.174974,0.064587,0.038289,-0.001142,0.220693,-0.057189
785350,18.4061,4,Thumb_C2_Open,Thumb,open,2,0.4061,Thumb cycle 2: OPEN,3381,2884,2767,3025,2825,3038,2840,16100.000000,8097.109827,7084.186747,9612.149533,7562.992126,9772.185430,7694.023904,0.643334,0.144895,0.077689,0.040918,-0.004559,0.175976,-0.064752
785400,18.4279,4,Thumb_C2_Open,Thumb,open,2,0.4279,Thumb cycle 2: OPEN,3414,2872,2745,3008,2826,3037,2853,17044.933921,7984.300899,6913.333333,9408.647654,7571.631206,9759.735350,7810.144928,0.739784,0.128944,0.051698,0.018880,-0.003422,0.174478,-0.050637
785450,18.4826,4,Thumb_C2_Open,Thumb,open,2,0.4826,Thumb cycle 2: OPEN,3531,2892,2755,3015,2827,3038,2850,21286.170213,8173.566085,6990.298507,9491.666667,7580.283912,9772.185430,7783.132530,1.172689,0.155706,0.063407,0.027871,-0.002283,0.175976,-0.053921
785500,18.5150,4,Thumb_C2_Open,Thumb,open,2,0.5150,Thumb cycle 2: OPEN,3430,2892,2770,3017,2822,3019,2846,17536.842105,8173.566085,7107.924528,9515.584416,7537.156324,9539.591078,7747.317854,0.789993,0.155706,0.081301,0.030461,-0.007960,0.147986,-0.058274
785550,18.6479,4,Thumb_C2_Open,Thumb,open,2,0.6479,Thumb cycle 2: OPEN,3395,2877,2760,2999,2825,3027,2847,16490.000000,8031.034483,7029.213483,9303.467153,7562.992126,9636.516854,7756.250000,0.683141,0.135552,0.069327,0.007490,-0.004559,0.159650,-0.057189
785600,18.6480,4,Thumb_C2_Open,Thumb,open,2,0.6480,Thumb cycle 2: OPEN,3362,2890,2767,3016,2827,3029,2848,15594.542974,8154.356846,7084.186747,9503.614458,7580.283912,9660.975610,7765.196472,0.591742,0.152990,0.077689,0.029164,-0.002283,0.162593,-0.056101
785650,18.6803,4,Thumb_C2_Open,Thumb,open,2,0.6803,Thumb cycle 2: OPEN,3344,2889,2758,3011,2823,3026,2837,15139.280959,8144.776119,7013.612565,9444.095941,7545.754717,9624.321796,7667.567568,0.545273,0.151635,0.066953,0.022719,-0.006828,0.158183,-0.067968
785700,18.7234,4,Thumb_C2_Open,Thumb,open,2,0.7234,Thumb cycle 2: OPEN,3375,2869,2750,3006,2823,3034,2849,15937.500000,7956.443719,6951.672862,9385.123967,7545.754717,9722.525919,7774.157303,0.626748,0.125006,0.057531,0.016333,-0.006828,0.170000,-0.055012
785750,18.8985,4,Thumb_C2_Open,Thumb,open,2,0.8985,Thumb cycle 2: OPEN,3356,2880,2764,3023,2827,3033,2847,15440.324763,8059.259259,7060.555973,9587.873134,7580.283912,9710.169492,7756.250000,0.576001,0.139543,0.074095,0.038289,-0.002283,0.168513,-0.057189
785800,18.8985,4,Thumb_C2_Open,Thumb,open,2,0.8985,Thumb cycle 2: OPEN,3320,2874,2770,3023,2824,3022,2836,14565.161290,8002.948403,7107.924528,9587.873134,7554.366640,9575.768872,7658.776807,0.486672,0.131581,0.081301,0.038289,-0.005694,0.152340,-0.069037
785850,18.8985,4,Thumb_C2_Open,Thumb,open,2,0.8985,Thumb cycle 2: OPEN,3380,2862,2762,3021,2827,3032,2846,16072.727273,7891.970803,7044.861215,9563.687151,7580.283912,9697.836312,7747.317854,0.640550,0.115889,0.071707,0.035670,-0.002283,0.167029,-0.058274
785900,18.9197,4,Thumb_C2_Open,Thumb,open,2,0.9197,Thumb cycle 2: OPEN,3459,2877,2766,3005,2827,3020,2849,18491.509434,8031.034483,7076.297968,9373.394495,7580.283912,9551.627907,7774.157303,0.887436,0.135552,0.076489,0.015063,-0.002283,0.149435,-0.055012
785950,18.9740,4,Thumb_C2_Open,Thumb,open,2,0.9740,Thumb cycle 2: OPEN,3374,2873,2770,3012,2823,3010,2834,15910.679612,7993.617021,7107.924528,9455.955679,7545.754717,9432.258065,7641.237113,0.624010,0.130262,0.081301,0.024003,-0.006828,0.135070,-0.071169
786000,19.1531,4,Thumb_C2_Open,Thumb,open,2,1.1531,Thumb cycle 2: OPEN,3324,2861,2757,3002,2826,3021,2844,14658.365759,7882.820097,7005.829596,9338.334858,7571.631206,9563.687151,7729.496403,0.496186,0.114596,0.065769,0.011266,-0.003422,0.150886,-0.060441
786050,19.1531,4,Thumb_C2_Open,Thumb,open,2,1.1531,Thumb cycle 2: OPEN,3336,2863,2760,3020,2828,3035,2855,14943.873518,7901.136364,7029.213483,9551.627907,7588.950276,9734.905660,7828.225806,0.525328,0.117185,0.069327,0.034364,-0.001142,0.171490,-0.048440
786100,19.1532,4,Thumb_C2_Open,Thumb,open,2,1.1532,Thumb cycle 2: OPEN,3425,2877,2747,3019,2822,3024,2895,17380.597015,8031.034483,6928.635015,9539.591078,7537.156324,9600.000000,8202.500000,0.774045,0.135552,0.054026,0.033060,-0.007960,0.155256,-0.002945
786150,19.2079,4,Thumb_C2_Open,Thumb,open,2,1.2079,Thumb cycle 2: OPEN,3387,2877,2727,3022,2823,3023,2973,16265.254237,8031.034483,6777.631579,9575.768872,7545.754717,9587.873134,9009.090909,0.660202,0.135552,0.031054,0.036978,-0.006828,0.153796,0.095101
786200,19.2180,4,Thumb_C2_Open,Thumb,open,2,1.2180,Thumb cycle 2: OPEN,3466,2903,2735,3045,2831,3061,3068,18735.135135,8280.369128,6837.500000,9860.000000,7615.031646,10065.183752,10156.962025,0.912303,0.170807,0.040162,0.067758,0.002290,0.211236,0.234630
786250,19.2729,4,Thumb_C2_Open,Thumb,open,2,1.2729,Thumb cycle 2: OPEN,3428,2927,2748,3026,2827,3097,3337,17474.062969,8520.376712,6936.302895,9624.321796,7580.283912,10550.901804,14968.073879,0.783585,0.204743,0.055192,0.042236,-0.002283,0.269686,0.819445
786300,19.4118,4,Thumb_C2_Open,Thumb,open,2,1.4118,Thumb cycle 2: OPEN,3360,2962,2765,3017,2830,3098,3517,15542.857143,8888.614298,7068.421053,9515.584416,7606.324111,10564.894684,20688.235294,0.586466,0.256810,0.075291,0.030461,0.001144,0.271370,1.514760
786350,19.4118,4,Thumb_C2_Open,Thumb,open,2,1.4118,Thumb cycle 2: OPEN,3429,2942,2784,3018,2830,3079,3382,17505.405405,8675.455334,7220.137300,9527.576602,7606.324111,10303.740157,16127.349229,0.786784,0.226671,0.098371,0.031759,0.001144,0.239943,0.960361
786400,19.4229,4,Thumb_C2_Open,Thumb,open,2,1.4229,Thumb cycle 2: OPEN,3473,2962,2795,3029,2825,3073,3275,18984.244373,8888.614298,7310.000000,9660.975610,7562.992126,10223.287671,13579.268293,0.937730,0.256810,0.112041,0.046205,-0.004559,0.230262,0.650629
786450,19.4778,4,Thumb_C2_Open,Thumb,open,2,1.4778,Thumb cycle 2: OPEN,3464,2974,2770,3050,2837,3099,3258,18664.976228,9020.160571,7107.924528,9923.444976,7667.567568,10578.915663,13234.408602,0.905142,0.275410,0.081301,0.074629,0.009205,0.273058,0.608709
786500,19.5205,4,Thumb_C2_Open,Thumb,open,2,1.5205,Thumb cycle 2: OPEN,3519,2988,2798,3082,2842,3095,3239,20771.875000,9177.235772,7334.772552,10344.323791,7711.731844,10523.000000,12865.186916,1.120194,0.297620,0.115810,0.120206,0.015018,0.266329,0.563829
786550,19.6668,4,Thumb_C2_Open,Thumb,open,2,1.6668,Thumb cycle 2: OPEN,3421,3023,2798,3079,2839,3112,3236,17257.270030,9587.873134,7334.772552,10303.740157,7685.191083,10763.784334,12808.381839,0.761457,0.355682,0.115810,0.115812,0.011525,0.295305,0.556924
786600,19.6669,4,Thumb_C2_Open,Thumb,open,2,1.6669,Thumb cycle 2: OPEN,3492,3003,2790,3100,2843,3124,3247,19689.552239,9350.000000,7268.965517,10592.964824,7720.607029,10938.825953,13018.632075,1.009721,0.322048,0.105799,0.147132,0.016186,0.316369,0.582481
786650,19.6780,4,Thumb_C2_Open,Thumb,open,2,1.6780,Thumb cycle 2: OPEN,3377,3022,2790,3087,2848,3156,3216,15991.364903,9575.768872,7268.965517,10412.500000,7765.196472,11427.476038,12439.590444,0.632246,0.353971,0.105799,0.127589,0.022055,0.375173,0.512095
786700,19.7223,4,Thumb_C2_Open,Thumb,open,2,1.7223,Thumb cycle 2: OPEN,3390,2999,2789,3105,2843,3125,3190,16348.936170,9303.467153,7260.796325,10663.636364,7720.607029,10953.608247,11984.530387,0.668743,0.315469,0.104556,0.154785,0.016186,0.318148,0.456780
786750,19.7774,4,Thumb_C2_Open,Thumb,open,2,1.7774,Thumb cycle 2: OPEN,3446,2984,2770,3097,2850,3135,3198,18053.004622,9131.953195,7107.924528,10550.901804,7783.132530,11103.125000,12121.739130,0.842678,0.291217,0.081301,0.142577,0.024416,0.336140,0.473459
786800,19.9257,4,Thumb_C2_Open,Thumb,open,2,1.9257,Thumb cycle 2: OPEN,3436,2998,2788,3089,2851,3187,3192,17727.465857,9291.886964,7252.639633,10439.960239,7792.122186,11933.700441,12018.604651,0.809450,0.313831,0.103315,0.130563,0.025599,0.436091,0.460922
786850,19.9258,4,Thumb_C2_Open,Thumb,open,2,1.9258,Thumb cycle 2: OPEN,3399,2993,2782,3095,2850,3160,3197,16604.310345,9234.301270,7203.960396,10523.000000,7783.132530,11490.909091,12104.454343,0.694809,0.305689,0.095910,0.139556,0.024416,0.382806,0.471358
786900,19.9258,4,Thumb_C2_Open,Thumb,open,2,1.9258,Thumb cycle 2: OPEN,3393,2981,2767,3098,2857,3169,3162,16433.333333,9098.204668,7084.186747,10564.894684,7846.365105,11635.637149,11522.829582,0.677357,0.286445,0.077689,0.144092,0.032738,0.400223,0.400658
786950,19.9691,4,Thumb_C2_Open,Thumb,open,2,1.9691,Thumb cycle 2: OPEN,3396,2999,2779,3089,2852,3142,3193,16518.454936,9303.467153,7179.787234,10439.960239,7801.126307,11209.653725,12035.698448,0.686046,0.315469,0.092233,0.130563,0.026784,0.348960,0.463000
787000,20.0316,5,Thumb_C2_Bend,Thumb,bend,2,0.0316,Thumb cycle 2: BEND Thumb,3448,3008,2757,3071,2846,3120,3220,18119.319938,9408.647654,7005.829596,10196.679688,7747.317854,10880.000000,12512.000000,0.849447,0.330341,0.065769,0.104218,0.019702,0.309290,0.520897
787050,20.1878,5,Thumb_C2_Bend,Thumb,bend,2,0.1878,Thumb cycle 2: BEND Thumb,3404,2967,2752,3058,2844,3169,3186,16749.059334,8943.085106,6967.088608,10026.229508,7729.496403,11635.637149,11916.831683,0.709584,0.264512,0.059876,0.085759,0.017356,0.400223,0.448551
787100,20.1879,5,Thumb_C2_Bend,Thumb,bend,2,0.1879,Thumb cycle 2: BEND Thumb,3338,2996,2766,3064,2851,3141,3186,14992.338177,9268.789809,7076.297968,10104.364694,7792.122186,11194.339623,11916.831683,0.530274,0.310565,0.076489,0.094221,0.025599,0.347117,0.448551
787150,20.1879,5,Thumb_C2_Bend,Thumb,bend,2,0.1879,Thumb cycle 2: BEND Thumb,3375,2963,2768,3106,2847,3186,3195,15937.500000,8899.469965,7092.087415,10677.856421,7756.250000,11916.831683,12070.000000,0.626748,0.258345,0.078891,0.156325,0.020878,0.434061,0.467170
787200,20.2092,5,Thumb_C2_Bend,Thumb,bend,2,0.2092,Thumb cycle 2: BEND Thumb,3460,2972,2767,3088,2847,3184,3182,18525.984252,8998.040962,7084.186747,10426.216485,7756.250000,11883.205269,11849.726177,0.890955,0.272283,0.077689,0.129075,0.020878,0.430015,0.440394
787250,20.2746,5,Thumb_C2_Bend,Thumb,bend,2,0.2746,Thumb cycle 2: BEND Thumb,3385,2953,2772,3117,2850,3172,3186,16209.859155,8791.768827,7123.809524,10836.196319,7783.132530,11684.507042,11916.831683,0.654547,0.243117,0.083717,0.173472,0.024416,0.406104,0.448551
787300,20.4285,5,Thumb_C2_Bend,Thumb,bend,2,0.4285,Thumb cycle 2: BEND Thumb,3352,2976,2770,3122,2851,3124,3181,15338.896366,9042.359249,7107.924528,10909.352518,7792.122186,10938.825953,11833.041575,0.565648,0.278549,0.081301,0.181394,0.025599,0.316369,0.438366
787350,20.4286,5,Thumb_C2_Bend,Thumb,bend,2,0.4286,Thumb cycle 2: BEND Thumb,3376,2950,2789,3104,2854,3147,3183,15964.394993,8759.825328,7260.796325,10649.445005,7819.178082,11286.708861,11866.447368,0.629493,0.238600,0.104556,0.153249,0.029160,0.358233,0.442427
787400,20.4286,5,Thumb_C2_Bend,Thumb,bend,2,0.4286,Thumb cycle 2: BEND Thumb,3329,2976,2795,3116,2852,3135,3172,14776.240209,9042.359249,7310.000000,10821.654750,7801.126307,11103.125000,11684.507042,0.508217,0.278549,0.112041,0.171898,0.026784,0.336140,0.420311
787450,20.4875,5,Thumb_C2_Bend,Thumb,bend,2,0.4875,Thumb cycle 2: BEND Thumb,3356,2973,2804,3116,2848,3098,3185,15440.324763,9009.090909,7384.663052,10821.654750,7765.196472,10564.894684,11900.000000,0.576001,0.273845,0.123400,0.171898,0.022055,0.271370,0.446505
787500,20.5089,5,Thumb_C2_Bend,Thumb,bend,2,0.5089,Thumb cycle 2: BEND Thumb,3314,2935,2793,3084,2851,3128,3170,14427.144686,8602.586207,7293.548387,10371.513353,7792.122186,10998.138573,11651.891892,0.472585,0.216367,0.109539,0.123151,0.025599,0.323507,0.416346
787550,20.6868,5,Thumb_C2_Bend,Thumb,bend,2,0.6868,Thumb cycle 2: BEND Thumb,3295,2957,2789,3079,2853,3100,3153,14003.750000,8834.622144,7260.796325,10303.740157,7810.144928,10592.964824,11380.254777,0.429369,0.249176,0.104556,0.115812,0.027971,0.274748,0.383328
787600,20.6869,5,Thumb_C2_Bend,Thumb,bend,2,0.6869,Thumb cycle 2: BEND Thumb,3248,2931,2798,3064,2847,3108,3151,13038.016529,8561.340206,7334.772552,10104.364694,7756.250000,10706.382979,11348.940678,0.330796,0.210535,0.115810,0.094221,0.020878,0.288397,0.379521
787650,20.6869,5,Thumb_C2_Bend,Thumb,bend,2,0.6869,Thumb cycle 2: BEND Thumb,3304,2914,2780,3054,2853,3077,3137,14201.769912,8389.161727,7187.832700,9974.639769,7810.144928,10276.817289,11133.402923,0.449581,0.186190,0.093457,0.080173,0.027971,0.236703,0.353321
787700,20.7189,5,Thumb_C2_Bend,Thumb,bend,2,0.7189,Thumb cycle 2: BEND Thumb,3285,2941,2796,3061,2849,3072,3135,13788.888889,8664.991334,7318.244804,10065.183752,7774.157303,10209.970674,11103.125000,0.407438,0.225191,0.113296,0.089978,0.023234,0.228659,0.349641
787750,20.7839,5,Thumb_C2_Bend,Thumb,bend,2,0.7839,Thumb cycle 2: BEND Thumb,3281,2938,2794,3066,2845,3066,3167,13704.422604,8633.707865,7301.767871,10130.612245,7738.400000,10130.612245,11603.232759,0.398816,0.220768,0.110789,0.097063,0.018528,0.219109,0.410432
787800,20.9432,5,Thumb_C2_Bend,Thumb,bend,2,0.9432,Thumb cycle 2: BEND Thumb,3323,2930,2795,3045,2847,3064,3165,14634.974093,8551.072961,7310.000000,9860.000000,7756.250000,10104.364694,11570.967742,0.493798,0.209083,0.112041,0.067758,0.020878,0.215951,0.406510
787850,20.9433,5,Thumb_C2_Bend,Thumb,bend,2,0.9433,Thumb cycle 2: BEND Thumb,3312,2931,2804,3053,2846,3063,3164,14381.609195,8561.340206,7384.663052,9961.804223,7747.317854,10091.279070,11554.887218,0.467937,0.210535,0.123400,0.078783,0.019702,0.214376,0.404555
787900,20.9433,5,Thumb_C2_Bend,Thumb,bend,2,0.9433,Thumb cycle 2: BEND Thumb,3310,2920,2792,3031,2839,3064,3137,14336.305732,8449.361702,7285.341520,9685.526316,7685.191083,10104.364694,11133.402923,0.463313,0.194702,0.108290,0.048864,0.011525,0.215951,0.353321
787950,20.9653,5,Thumb_C2_Bend,Thumb,bend,2,0.9653,Thumb cycle 2: BEND Thumb,3334,2917,2788,3038,2847,3065,3155,14895.663601,8419.185059,7252.639633,9772.185430,7756.250000,10117.475728,11411.702128,0.520407,0.190435,0.103315,0.058248,0.020878,0.217528,0.387150
788000,21.0418,5,Thumb_C2_Bend,Thumb,bend,2,1.0418,Thumb cycle 2: BEND Thumb,3358,2912,2799,3055,2842,3063,3132,15491.451832,8369.230769,7343.055556,9987.500000,7711.731844,10091.279070,11057.943925,0.581219,0.183372,0.117070,0.081565,0.015018,0.214376,0.344149
788050,21.1943,5,Thumb_C2_Bend,Thumb,bend,2,1.1943,Thumb cycle 2: BEND Thumb,3407,2915,2796,3047,2846,3045,3119,16836.918605,8399.152542,7318.244804,9885.305344,7747.317854,9860.000000,10865.368852,0.718552,0.187603,0.113296,0.070498,0.019702,0.186544,0.320741
788100,21.1944,5,Thumb_C2_Bend,Thumb,bend,2,1.1944,Thumb cycle 2: BEND Thumb,3488,2948,2818,3034,2841,3102,3165,19537.397035,8738.622493,7502.897416,9722.525919,7702.870813,10621.148036,11570.967742,0.994191,0.235602,0.141386,0.052871,0.013852,0.278140,0.406510
788150,21.1944,5,Thumb_C2_Bend,Thumb,bend,2,1.1944,Thumb cycle 2: BEND Thumb,3498,3008,2815,3034,2848,3109,3134,19921.608040,9408.647654,7477.343750,9722.525919,7765.196472,10720.689655,11088.033299,1.033407,0.330341,0.137499,0.052871,0.022055,0.290119,0.347807
788200,21.2159,5,Thumb_C2_Bend,Thumb,bend,2,1.2159,Thumb cycle 2: BEND Thumb,3384,3006,2810,3028,2845,3084,3199,16182.278481,9385.123967,7435.019455,9648.734770,7738.400000,10371.513353,12139.062500,0.651732,0.327015,0.131060,0.044880,0.018528,0.248099,0.475565
788250,21.2592,5,Thumb_C2_Bend,Thumb,bend,2,1.2592,Thumb cycle 2: BEND Thumb,3449,2991,2819,3037,2850,3093,3208,18152.631579,9211.413043,7511.442006,9759.735350,7783.132530,10495.209581,12296.730552,0.852847,0.302453,0.142686,0.056900,0.024416,0.262984,0.494730
788300,21.4512,5,Thumb_C2_Bend,Thumb,bend,2,1.4512,Thumb cycle 2: BEND Thumb,3737,3011,2810,3050,2846,3103,3284,35491.061453,9444.095941,7435.019455,9923.444976,7747.317854,10635.282258,13767.694205,2.622588,0.335353,0.131060,0.074629,0.019702,0.279841,0.673533
788350,21.4512,5,Thumb_C2_Bend,Thumb,bend,2,1.4512,Thumb cycle 2: BEND Thumb,3530,2996,2827,3050,2842,3103,3057,21242.477876,9268.789809,7580.283912,9923.444976,7711.731844,10635.282258,10013.294798,1.168229,0.310565,0.153159,0.074629,0.015018,0.279841,0.217167
788400,21.4513,5,Thumb_C2_Bend,Thumb,bend,2,1.4513,Thumb cycle 2: BEND Thumb,3552,2983,2814,3028,2843,3073,2999,22240.883978,9120.683453,7468.852459,9648.734770,7720.607029,10223.287671,9303.467153,1.270137,0.289624,0.136207,0.044880,0.016186,0.230262,0.130884
788450,21.4730,5,Thumb_C2_Bend,Thumb,bend,2,1.4730,Thumb cycle 2: BEND Thumb,3483,3024,2830,3040,2845,3068,2993,19350.000000,9600.000000,7606.324111,9797.156398,7738.400000,10156.962025,9234.301270,0.975063,0.357397,0.157120,0.060953,0.018528,0.222280,0.122476
788500,21.5388,5,Thumb_C2_Bend,Thumb,bend,2,1.5388,Thumb cycle 2: BEND Thumb,3472,2993,2855,3049,2841,3066,2907,18948.314607,9234.301270,7828.225806,9910.707457,7702.870813,10130.612245,8319.696970,0.934063,0.305689,0.190877,0.073249,0.013852,0.219109,0.011301
788550,21.7091,5,Thumb_C2_Bend,Thumb,bend,2,1.7091,Thumb cycle 2: BEND Thumb,3484,2994,2827,3046,2840,3100,2902,19387.234043,9245.776567,7580.283912,9872.640610,7694.023904,10592.964824,8270.578374,0.978863,0.307311,0.153159,0.069127,0.012687,0.274748,0.005331
788600,21.7092,5,Thumb_C2_Bend,Thumb,bend,2,1.7092,Thumb cycle 2: BEND Thumb,3542,3003,2857,3042,2841,3089,2893,21777.215190,9350.000000,7846.365105,9822.222222,7702.870813,10439.960239,8183.194676,1.222810,0.322048,0.193637,0.063667,0.013852,0.256336,-0.005291
788650,21.7092,5,Thumb_C2_Bend,Thumb,bend,2,1.7092,Thumb cycle 2: BEND Thumb,3484,2997,2861,3061,2837,3059,2883,19387.234043,9280.327869,7882.820097,10065.183752,7667.567568,10039.189189,8087.623762,0.978863,0.312197,0.199182,0.089978,0.009205,0.208107,-0.016908
788700,21.7312,5,Thumb_C2_Bend,Thumb,bend,2,1.7312,Thumb cycle 2: BEND Thumb,3481,3020,2865,3043,2844,3022,2887,19275.895765,9551.627907,7919.512195,9834.790875,7729.496403,9575.768872,8125.662252,0.967499,0.350557,0.204764,0.065028,0.017356,0.152340,-0.012285
788750,21.7752,5,Thumb_C2_Bend,Thumb,bend,2,1.7752,Thumb cycle 2: BEND Thumb,3425,3018,2862,3071,2843,3017,2892,17380.597015,9527.576602,7891.970803,10196.679688,7720.607029,9515.584416,8173.566085,0.774045,0.347157,0.200574,0.104218,0.016186,0.145097,-0.006462
788800,21.8293,5,Thumb_C2_Bend,Thumb,bend,2,1.8293,Thumb cycle 2: BEND Thumb,3353,3013,2857,3093,2839,3021,2867,15364.150943,9467.837338,7846.365105,10495.209581,7685.191083,9563.687151,7937.947883,0.568226,0.338710,0.193637,0.136546,0.011525,0.150886,-0.035102
788850,21.9695,5,Thumb_C2_Bend,Thumb,bend,2,1.9695,Thumb cycle 2: BEND Thumb,3371,3010,2860,3084,2840,3008,2878,15830.662983,9432.258065,7873.684211,10371.513353,7694.023904,9408.647654,8040.427280,0.615843,0.333679,0.197793,0.123151,0.012687,0.132229,-0.022645
788900,21.9696,5,Thumb_C2_Bend,Thumb,bend,2,1.9696,Thumb cycle 2: BEND Thumb,3375,2992,2857,3074,2839,3011,2872,15937.500000,9222.846782,7846.365105,10236.630754,7685.191083,9444.095941,7984.300899,0.626748,0.304069,0.193637,0.108544,0.011525,0.136494,-0.029468
788950,21.9696,5,Thumb_C2_Bend,Thumb,bend,2,1.9696,Thumb cycle 2: BEND Thumb,3351,2992,2844,3076,2839,3000,2866,15313.709677,9222.846782,7729.496403,10263.395486,7685.191083,9315.068493,7928.722539,0.563077,0.304069,0.175858,0.111443,0.011525,0.120967,-0.036224
789000,22.0200,6,Thumb_C3_Open,Thumb,open,3,0.0200,Thumb cycle 3: OPEN,3381,2966,2836,3057,2839,3006,2878,16100.000000,8932.152347,7658.776807,10013.294798,7685.191083,9385.123967,8040.427280,0.643334,0.262966,0.165100,0.084359,0.011525,0.129398,-0.022645
789050,22.0848,6,Thumb_C3_Open,Thumb,open,3,0.0848,Thumb cycle 3: OPEN,3368,2998,2846,3064,2844,3020,2879,15751.306740,9291.886964,7747.317854,10104.364694,7729.496403,9551.627907,8049.835526,0.607743,0.313831,0.178569,0.094221,0.017356,0.149435,-0.021502
789100,22.2258,6,Thumb_C3_Open,Thumb,open,3,0.2258,Thumb cycle 3: OPEN,3336,2992,2852,3047,2842,3006,2864,14943.873518,9222.846782,7801.126307,9885.305344,7711.731844,9385.123967,7910.316816,0.525328,0.304069,0.186755,0.070498,0.015018,0.129398,-0.038461
789150,22.2259,6,Thumb_C3_Open,Thumb,open,3,0.2259,Thumb cycle 3: OPEN,3421,3010,2840,3037,2841,3019,2876,17257.270030,9432.258065,7694.023904,9759.735350,7702.870813,9539.591078,8021.657096,0.761457,0.333679,0.170462,0.056900,0.013852,0.147986,-0.024927
789200,22.2259,6,Thumb_C3_Open,Thumb,open,3,0.2259,Thumb cycle 3: OPEN,3391,3004,2845,3044,2844,3004,2881,16376.988636,9361.686526,7738.400000,9847.383444,7729.496403,9361.686526,8068.698517,0.671606,0.323701,0.177212,0.066392,0.017356,0.126577,-0.019209
789250,22.2698,6,Thumb_C3_Open,Thumb,open,3,0.2698,Thumb cycle 3: OPEN,3384,2990,2840,3056,2844,3010,2869,16182.278481,9200.000000,7694.023904,10000.384986,7729.496403,9432.258065,7956.443719,0.651732,0.300839,0.170462,0.082961,0.017356,0.135070,-0.032854
789300,22.3360,6,Thumb_C3_Open,Thumb,open,3,0.3360,Thumb cycle 3: OPEN,3438,2976,2835,3060,2841,3009,2876,17791.780822,9042.359249,7650.000000,10052.173913,7702.870813,9420.441989,8021.657096,0.816015,0.278549,0.163764,0.088569,0.013852,0.133648,-0.024927
789350,22.4706,6,Thumb_C3_Open,Thumb,open,3,0.4706,Thumb cycle 3: OPEN,3355,2979,2853,3055,2839,3007,2880,15414.864865,9075.806452,7810.144928,9987.500000,7685.191083,9396.875000,8059.259259,0.573402,0.283278,0.188127,0.081565,0.011525,0.130812,-0.020356
789400,22.4707,6,Thumb_C3_Open,Thumb,open,3,0.4707,Thumb cycle 3: OPEN,3361,2976,2855,3046,2837,3000,2864,15568.664850,9042.359249,7828.225806,9872.640610,7667.567568,9315.068493,7910.316816,0.589100,0.278549,0.190877,0.069127,0.009205,0.120967,-0.038461
789450,22.4707,6,Thumb_C3_Open,Thumb,open,3,0.4707,Thumb cycle 3: OPEN,3377,2950,2858,3056,2837,3007,2873,15991.364903,8759.825328,7855.456750,10000.384986,7667.567568,9396.875000,7993.617021,0.632246,0.238600,0.195020,0.082961,0.009205,0.130812,-0.028335
789500,22.5245,6,Thumb_C3_Open,Thumb,open,3,0.5245,Thumb cycle 3: OPEN,3398,2953,2866,3054,2840,3005,2869,16575.609756,8791.768827,7928.722539,9974.639769,7694.023904,9373.394495,7956.443719,0.691880,0.243117,0.206165,0.080173,0.012687,0.127986,-0.032854
789550,22.7258,6,Thumb_C3_Open,Thumb,open,3,0.7258,Thumb cycle 3: OPEN,3403,2936,2864,3054,2832,2993,2866,16719.942197,8612.942192,7910.316816,9974.639769,7623.752969,9234.301270,7928.722539,0.706612,0.217832,0.203365,0.080173,0.003438,0.111248,-0.036224
789600,22.7258,6,Thumb_C3_Open,Thumb,open,3,0.7258,Thumb cycle 3: OPEN,3385,2934,2881,3040,2839,3015,2872,16209.859155,8592.248062,8068.698517,9797.156398,7685.191083,9491.666667,7984.300899,0.654547,0.214905,0.227459,0.060953,0.011525,0.142219,-0.029468
789650,22.7259,6,Thumb_C3_Open,Thumb,open,3,0.7259,Thumb cycle 3: OPEN,3390,2948,2878,3058,2840,3016,2873,16348.936170,8738.622493,8040.427280,10026.229508,7694.023904,9503.614458,7993.617021,0.668743,0.235602,0.223159,0.085759,0.012687,0.143657,-0.028335
789700,22.7259,6,Thumb_C3_Open,Thumb,open,3,0.7259,Thumb cycle 3: OPEN,3387,2943,2859,3048,2835,2992,2860,16265.254237,8685.937500,7864.563107,9897.994269,7650.000000,9222.846782,7873.684211,0.660202,0.228153,0.196405,0.071873,0.006893,0.109869,-0.042914
789750,22.7908,6,Thumb_C3_Open,Thumb,open,3,0.7908,Thumb cycle 3: OPEN,3375,2930,2851,3038,2839,3004,2867,15937.500000,8551.072961,7792.122186,9772.185430,7685.191083,9361.686526,7937.947883,0.626748,0.209083,0.185385,0.058248,0.011525,0.126577,-0.035102
789800,22.8343,6,Thumb_C3_Open,Thumb,open,3,0.8343,Thumb cycle 3: OPEN,3399,2939,2871,3046,2839,2993,2864,16604.310345,8644.117647,7975.000000,9872.640610,7685.191083,9234.301270,7910.316816,0.694809,0.222240,0.213205,0.069127,0.011525,0.111248,-0.038461
789850,22.9852,6,Thumb_C3_Open,Thumb,open,3,0.9852,Thumb cycle 3: OPEN,3472,2975,2857,3053,2835,2991,2900,18948.314607,9031.250000,7846.365105,9961.804223,7650.000000,9211.413043,8251.046025,0.934063,0.276978,0.193637,0.078783,0.006893,0.108494,0.002956
789900,22.9852,6,Thumb_C3_Open,Thumb,open,3,0.9852,Thumb cycle 3: OPEN,3509,2977,2853,3025,2841,3008,3118,20359.385666,9053.488372,7810.144928,9612.149533,7702.870813,9408.647654,10850.767656,1.078091,0.280123,0.188127,0.040918,0.013852,0.132229,0.318966
789950,22.9853,6,Thumb_C3_Open,Thumb,open,3,0.9853,Thumb cycle 3: OPEN,3552,3001,2846,3037,2843,3033,3428,22240.883978,9326.691042,7747.317854,9759.735350,7720.607029,9710.169492,17474.062969,1.270137,0.318752,0.178569,0.056900,0.016186,0.168513,1.124061
790000,23.0178,6,Thumb_C3_Open,Thumb,open,3,1.0178,Thumb cycle 3: OPEN,3534,3004,2817,3026,2839,3040,3405,21418.181818,9361.686526,7494.366197,9624.321796,7685.191083,9797.156398,16778.260870,1.186163,0.323701,0.140088,0.042236,0.011525,0.178981,1.039483
790050,23.0615,6,Thumb_C3_Open,Thumb,open,3,1.0615,Thumb cycle 3: OPEN,3544,2964,2815,3014,2842,3030,3311,21868.602541,8910.344828,7477.343750,9479.740981,7711.731844,9673.239437,14358.928571,1.232138,0.259883,0.137499,0.026579,0.015018,0.164069,0.745400
790100,23.2515,6,Thumb_C3_Open,Thumb,open,3,1.2515,Thumb cycle 3: OPEN,3575,2974,2829,3044,2851,3076,3298,23375.000000,9020.160571,7597.630332,9847.383444,7792.122186,10263.395486,14069.259724,1.385896,0.275410,0.155798,0.066392,0.025599,0.235088,0.710190
790150,23.2515,6,Thumb_C3_Open,Thumb,open,3,1.2515,Thumb cycle 3: OPEN,3533,3013,2831,3054,2854,3096,3282,21374.021352,9467.837338,7615.031646,9974.639769,7819.178082,10536.936937,13725.461255,1.181656,0.338710,0.158445,0.080173,0.029160,0.268006,0.668399
790200,23.2516,6,Thumb_C3_Open,Thumb,open,3,1.2516,Thumb cycle 3: OPEN,3532,3036,2837,3057,2860,3160,3265,21330.017762,9747.308782,7667.567568,10013.294798,7873.684211,11490.909091,13374.698795,1.177164,0.378226,0.166437,0.084359,0.036334,0.382806,0.625762
790250,23.2733,6,Thumb_C3_Open,Thumb,open,3,1.2733,Thumb cycle 3: OPEN,3546,3064,2848,3063,2861,3121,3249,21960.655738,10104.364694,7765.196472,10091.279070,7882.820097,10894.661191,13057.446809,1.241534,0.428712,0.181289,0.092804,0.037537,0.311054,0.587199
790300,23.3169,6,Thumb_C3_Open,Thumb,open,3,1.3169,Thumb cycle 3: OPEN,3637,3020,2824,3052,2854,3142,3250,26999.563319,9551.627907,7554.366640,9948.993289,7819.178082,11209.653725,13076.923077,1.755857,0.350557,0.149216,0.077395,0.029160,0.348960,0.589566
790350,23.3603,6,Thumb_C3_Open,Thumb,open,3,1.3603,Thumb cycle 3: OPEN,3476,2988,2806,3028,2856,3252,3283,19092.730210,9177.235772,7401.396431,9648.734770,7837.288136,13116.014235,13746.551724,0.948803,0.297620,0.125945,0.044880,0.031544,0.578370,0.670963
790400,23.4940,6,Thumb_C3_Open,Thumb,open,3,1.4940,Thumb cycle 3: OPEN,3403,3002,2807,3027,2854,3250,3237,16719.942197,9338.334858,7409.782609,9636.516854,7819.178082,13076.923077,12827.272727,0.706612,0.320399,0.127221,0.043557,0.029160,0.573666,0.559220
790450,23.5052,6,Thumb_C3_Open,Thumb,open,3,1.5052,Thumb cycle 3: OPEN,3443,2994,2815,3031,2854,3241,3226,17954.294479,9245.776567,7477.343750,9685.526316,7819.178082,12903.278689,12621.864212,0.832603,0.307311,0.137499,0.048864,0.029160,0.552769,0.534252
790500,23.5162,6,Thumb_C3_Open,Thumb,open,3,1.5162,Thumb cycle 3: OPEN,3494,2967,2795,3024,2860,3230,3236,19766.389351,8943.085106,7310.000000,9600.000000,7873.684211,12695.953757,12808.381839,1.017564,0.264512,0.112041,0.039602,0.036334,0.527820,0.556924
790550,23.5699,6,Thumb_C3_Open,Thumb,open,3,1.5699,Thumb cycle 3: OPEN,3521,2966,2822,3028,2869,3183,3245,20856.097561,8932.152347,7537.156324,9648.734770,7956.443719,11866.447368,12980.000000,1.128791,0.262966,0.146598,0.044880,0.047227,0.427998,0.577785
790600,23.7578,6,Thumb_C3_Open,Thumb,open,3,1.7578,Thumb cycle 3: OPEN,3548,2953,2839,3056,2858,3172,3204,22053.382084,8791.768827,7685.191083,10000.384986,7855.456750,11684.507042,12226.262626,1.250998,0.243117,0.169118,0.082961,0.033935,0.406104,0.486164
790650,23.7578,6,Thumb_C3_Open,Thumb,open,3,1.7578,Thumb cycle 3: OPEN,3603,2957,2855,3028,2858,3154,3194,24898.780488,8834.622144,7828.225806,9648.734770,7855.456750,11395.961743,12052.830189,1.541429,0.249176,0.190877,0.044880,0.033935,0.371380,0.465083
790700,23.7579,6,Thumb_C3_Open,Thumb,open,3,1.7579,Thumb cycle 3: OPEN,3427,2953,2852,3038,2863,3130,3180,17442.814371,8791.768827,7801.126307,9772.185430,7901.136364,11027.979275,11816.393443,0.780396,0.243117,0.186755,0.058248,0.039947,0.327098,0.436342
790750,23.7686,6,Thumb_C3_Open,Thumb,open,3,1.7686,Thumb cycle 3: OPEN,3314,2958,2850,3039,2856,3140,3153,14427.144686,8845.382586,7783.132530,9784.659091,7837.288136,11179.057592,11380.254777,0.472585,0.250698,0.184017,0.059599,0.031544,0.345278,0.383328
790800,23.8123,6,Thumb_C3_Open,Thumb,open,3,1.8123,Thumb cycle 3: OPEN,3483,2991,2828,3033,2858,3119,3142,19350.000000,9211.413043,7588.950276,9710.169492,7855.456750,10865.368852,11209.653725,0.975063,0.302453,0.154477,0.051533,0.033935,0.307529,0.362590
790850,24.0081,7,Thumb_C3_Bend,Thumb,bend,3,0.0081,Thumb cycle 3: BEND Thumb,3419,2974,2845,3032,2860,3128,3151,17196.153846,9020.160571,7738.400000,9697.836312,7873.684211,10998.138573,11348.940678,0.755219,0.275410,0.177212,0.050197,0.036334,0.323507,0.379521
790900,24.0084,7,Thumb_C3_Bend,Thumb,bend,3,0.0084,Thumb cycle 3: BEND Thumb,3478,2966,2836,3040,2860,3117,3125,19165.640194,8932.152347,7658.776807,9797.156398,7873.684211,10836.196319,10953.608247,0.956245,0.262966,0.165100,0.060953,0.036334,0.304019,0.331467
790950,24.0084,7,Thumb_C3_Bend,Thumb,bend,3,0.0084,Thumb cycle 3: BEND Thumb,3336,2972,2826,3028,2869,3115,3132,14943.873518,8998.040962,7571.631206,9648.734770,7956.443719,10807.142857,11057.943925,0.525328,0.272283,0.151842,0.044880,0.047227,0.300522,0.344149
791000,24.0186,7,Thumb_C3_Bend,Thumb,bend,3,0.0186,Thumb cycle 3: BEND Thumb,3374,2965,2825,3037,2877,3109,3135,15910.679612,8921.238938,7562.992126,9759.735350,8031.034483,10720.689655,11103.125000,0.624010,0.261423,0.150528,0.056900,0.057045,0.290119,0.349641
791050,24.0846,7,Thumb_C3_Bend,Thumb,bend,3,0.0846,Thumb cycle 3: BEND Thumb,3374,2944,2817,3038,2866,3085,3120,15910.679612,8696.437880,7494.366197,9772.185430,7928.722539,10385.148515,10880.000000,0.624010,0.229637,0.140088,0.058248,0.043578,0.249740,0.322519
791100,24.2665,7,Thumb_C3_Bend,Thumb,bend,3,0.2665,Thumb cycle 3: BEND Thumb,3421,2928,2815,3022,2868,3101,3125,17257.270030,8530.591260,7477.343750,9575.768872,7947.188264,10607.042254,10953.608247,0.761457,0.206187,0.137499,0.036978,0.046009,0.276442,0.331467
791150,24.2666,7,Thumb_C3_Bend,Thumb,bend,3,0.2666,Thumb cycle 3: BEND Thumb,3451,2921,2829,3044,2867,3090,3131,18219.565217,8459.454855,7597.630332,9847.383444,7937.947883,10453.731343,11042.946058,0.859679,0.196129,0.155798,0.066392,0.044793,0.257993,0.342326
791200,24.2666,7,Thumb_C3_Bend,Thumb,bend,3,0.2666,Thumb cycle 3: BEND Thumb,3447,2943,2813,3054,2861,3079,3110,18086.111111,8685.937500,7460.374415,9974.639769,7882.820097,10303.740157,10735.025381,0.846057,0.228153,0.134917,0.080173,0.037537,0.239943,0.304897
791250,24.2667,7,Thumb_C3_Bend,Thumb,bend,3,0.2667,Thumb cycle 3: BEND Thumb,3437,2915,2797,3037,2866,3089,3130,17759.574468,8399.152542,7326.502311,9759.735350,7928.722539,10439.960239,11027.979275,0.812727,0.187603,0.114552,0.056900,0.043578,0.256336,0.340507
791300,24.3216,7,Thumb_C3_Bend,Thumb,bend,3,0.3216,Thumb cycle 3: BEND Thumb,3412,2920,2814,3047,2864,3102,3138,16985.065886,8449.361702,7468.852459,9885.305344,7910.316816,10621.148036,11148.589342,0.733673,0.194702,0.136207,0.070498,0.041156,0.278140,0.355167
791350,24.3652,7,Thumb_C3_Bend,Thumb,bend,3,0.3652,Thumb cycle 3: BEND Thumb,3360,2931,2805,3036,2857,3061,3141,15542.857143,8561.340206,7393.023256,9747.308782,7846.365105,10065.183752,11194.339623,0.586466,0.210535,0.124671,0.055555,0.032738,0.211236,0.360729
791400,24.5115,7,Thumb_C3_Bend,Thumb,bend,3,0.5115,Thumb cycle 3: BEND Thumb,3366,2892,2784,3036,2865,3086,3129,15698.765432,8173.566085,7220.137300,9747.308782,7919.512195,10398.810704,11013.043478,0.602380,0.155706,0.098371,0.055555,0.042366,0.251384,0.338691
791450,24.5116,7,Thumb_C3_Bend,Thumb,bend,3,0.5116,Thumb cycle 3: BEND Thumb,3354,2879,2792,3042,2865,3086,3121,15389.473684,8049.835526,7285.341520,9822.222222,7919.512195,10398.810704,10894.661191,0.570810,0.138211,0.108290,0.063667,0.042366,0.251384,0.324301
791500,24.5227,7,Thumb_C3_Bend,Thumb,bend,3,0.5227,Thumb cycle 3: BEND Thumb,3332,2886,2788,3041,2855,3091,3157,14847.706422,8116.129032,7252.639633,9809.677419,7828.225806,10467.529880,11443.283582,0.515512,0.147584,0.103315,0.062309,0.030351,0.259654,0.390989
791550,24.5671,7,Thumb_C3_Bend,Thumb,bend,3,0.5671,Thumb cycle 3: BEND Thumb,3360,2877,2780,3019,2859,3083,3170,15542.857143,8031.034483,7187.832700,9539.591078,7864.563107,10357.905138,11651.891892,0.586466,0.135552,0.093457,0.033060,0.035134,0.246461,0.416346
791600,24.7674,7,Thumb_C3_Bend,Thumb,bend,3,0.7674,Thumb cycle 3: BEND Thumb,3346,2894,2792,3021,2858,3057,3152,15188.785047,8192.839301,7285.341520,9563.687151,7855.456750,10013.294798,11364.581124,0.550326,0.158431,0.108290,0.035670,0.033935,0.204991,0.381422
791650,24.7674,7,Thumb_C3_Bend,Thumb,bend,3,0.7674,Thumb cycle 3: BEND Thumb,3337,2898,2790,3009,2858,3041,3129,14968.073879,8231.578947,7268.965517,9420.441989,7855.456750,9809.677419,11013.043478,0.527798,0.163908,0.105799,0.020158,0.033935,0.180488,0.338691
791700,24.7675,7,Thumb_C3_Bend,Thumb,bend,3,0.7675,Thumb cycle 3: BEND Thumb,3347,2882,2783,3006,2858,3074,3139,15213.636364,8078.153339,7212.042683,9385.123967,7855.456750,10236.630754,11163.807531,0.552862,0.142215,0.097140,0.016333,0.033935,0.231867,0.357017
791750,24.7785,7,Thumb_C3_Bend,Thumb,bend,3,0.7785,Thumb cycle 3: BEND Thumb,3354,2904,2793,3021,2862,3070,3139,15389.473684,8290.176322,7293.548387,9563.687151,7891.970803,10183.414634,11163.807531,0.570810,0.172194,0.109539,0.035670,0.038741,0.225463,0.357017
791800,24.8228,7,Thumb_C3_Bend,Thumb,bend,3,0.8228,Thumb cycle 3: BEND Thumb,3341,2909,2800,3022,2858,3054,3128,15065.517241,8339.460371,7351.351351,9575.768872,7855.456750,9974.639769,10998.138573,0.537744,0.179162,0.118332,0.036978,0.033935,0.200340,0.336879
791850,24.8775,7,Thumb_C3_Bend,Thumb,bend,3,0.8775,Thumb cycle 3: BEND Thumb,3332,2907,2804,3008,2859,3075,3129,14847.706422,8319.696970,7384.663052,9408.647654,7864.563107,10250.000000,11013.043478,0.515512,0.176368,0.123400,0.018880,0.035134,0.233476,0.338691
791900,25.0376,7,Thumb_C3_Bend,Thumb,bend,3,1.0376,Thumb cycle 3: BEND Thumb,3300,2920,2811,3012,2864,3096,3153,14113.207547,8449.361702,7443.457944,9455.955679,7910.316816,10536.936937,11380.254777,0.440541,0.194702,0.132344,0.024003,0.041156,0.268006,0.383328
791950,25.0376,7,Thumb_C3_Bend,Thumb,bend,3,1.0376,Thumb cycle 3: BEND Thumb,3311,2924,2805,3012,2856,3060,3133,14358.928571,8489.837746,7393.023256,9455.955679,7837.288136,10052.173913,11072.972973,0.465622,0.200425,0.124671,0.024003,0.031544,0.209670,0.345976
792000,25.0377,7,Thumb_C3_Bend,Thumb,bend,3,1.0377,Thumb cycle 3: BEND Thumb,3314,2920,2800,3008,2870,3140,3148,14427.144686,8449.361702,7351.351351,9408.647654,7965.714286,11179.057592,11302.217529,0.472585,0.194702,0.118332,0.018880,0.048447,0.345278,0.373842
792050,25.0696,7,Thumb_C3_Bend,Thumb,bend,3,1.0696,Thumb cycle 3: BEND Thumb,3468,3006,2819,3022,2868,3160,3143,18805.741627,9385.123967,7511.442006,9575.768872,7947.188264,11490.909091,11225.000000,0.919510,0.327015,0.142686,0.036978,0.046009,0.382806,0.364456
792100,25.1349,7,Thumb_C3_Bend,Thumb,bend,3,1.1349,Thumb cycle 3: BEND Thumb,3890,2998,2835,3029,2865,3160,3126,64517.073171,9291.886964,7650.000000,9660.975610,7919.512195,11490.909091,10968.421053,5.585286,0.313831,0.163764,0.046205,0.042366,0.382806,0.333267
792150,25.2877,7,Thumb_C3_Bend,Thumb,bend,3,1.2877,Thumb cycle 3: BEND Thumb,3645,3015,2830,3002,2873,3189,3224,27540.000000,9491.666667,7606.324111,9338.334858,7993.617021,11967.549669,12585.074627,1.811020,0.342079,0.157120,0.011266,0.052120,0.440165,0.529780
792200,25.2878,7,Thumb_C3_Bend,Thumb,bend,3,1.2878,Thumb cycle 3: BEND Thumb,3854,3021,2841,3024,2874,3185,3353,54371.784232,9563.687151,7702.870813,9600.000000,8002.948403,11900.000000,15364.150943,4.549752,0.352263,0.171807,0.039602,0.053348,0.432036,0.867590
792250,25.2878,7,Thumb_C3_Bend,Thumb,bend,3,1.2878,Thumb cycle 3: BEND Thumb,3755,3000,2835,3023,2866,3137,3132,37550.000000,9315.068493,7650.000000,9587.873134,7928.722539,11133.402923,11057.943925,2.832745,0.317109,0.163764,0.038289,0.043578,0.339784,0.344149
792300,25.3313,7,Thumb_C3_Bend,Thumb,bend,3,1.3313,Thumb cycle 3: BEND Thumb,3520,2994,2829,3016,2866,3156,3192,20813.913043,9245.776567,7597.630332,9503.614458,7928.722539,11427.476038,12018.604651,1.124485,0.307311,0.155798,0.029164,0.043578,0.375173,0.460922
792350,25.3850,7,Thumb_C3_Bend,Thumb,bend,3,1.3850,Thumb cycle 3: BEND Thumb,3570,3036,2844,3014,2863,3135,3101,23120.000000,9747.308782,7729.496403,9479.740981,7901.136364,11103.125000,10607.042254,1.359868,0.378226,0.175858,0.026579,0.039947,0.336140,0.289340
792400,25.5147,7,Thumb_C3_Bend,Thumb,bend,3,1.5147,Thumb cycle 3: BEND Thumb,3476,3007,2840,3007,2863,3116,3003,19092.730210,9396.875000,7694.023904,9396.875000,7901.136364,10821.654750,9350.000000,0.948803,0.328676,0.170462,0.017605,0.039947,0.302269,0.136540
792450,25.5148,7,Thumb_C3_Bend,Thumb,bend,3,1.5148,Thumb cycle 3: BEND Thumb,3447,2995,2818,2998,2861,3120,2950,18086.111111,9257.272727,7502.897416,9291.886964,7882.820097,10880.000000,8759.825328,0.846057,0.308937,0.141386,0.006236,0.037537,0.309290,0.064801
792500,25.5257,7,Thumb_C3_Bend,Thumb,bend,3,1.5257,Thumb cycle 3: BEND Thumb,3408,2993,2849,3006,2868,3107,2936,16866.375546,9234.301270,7774.157303,9385.123967,7947.188264,10692.105263,8612.942192,0.721558,0.305689,0.182652,0.016333,0.046009,0.286679,0.046947
792550,25.6026,7,Thumb_C3_Bend,Thumb,bend,3,1.6026,Thumb cycle 3: BEND Thumb,3451,2996,2842,3008,2862,3053,2911,18219.565217,9268.789809,7711.731844,9408.647654,7891.970803,9961.804223,8359.290541,0.859679,0.310565,0.173155,0.018880,0.038741,0.198795,0.016114
792600,25.6235,7,Thumb_C3_Bend,Thumb,bend,3,1.6235,Thumb cycle 3: BEND Thumb,3400,2999,2830,3006,2861,3072,2921,16633.093525,9303.467153,7606.324111,9385.123967,7882.820097,10209.970674,8459.454855,0.697747,0.315469,0.157120,0.016333,0.037537,0.228659,0.028290
792650,25.7856,7,Thumb_C3_Bend,Thumb,bend,3,1.7856,Thumb cycle 3: BEND Thumb,3331,2980,2842,3007,2865,3056,2903,14823.821990,9086.995516,7711.731844,9396.875000,7919.512195,10000.384986,8280.369128,0.513074,0.284861,0.173155,0.017605,0.042366,0.203438,0.006521
792700,25.7857,7,Thumb_C3_Bend,Thumb,bend,3,1.7857,Thumb cycle 3: BEND Thumb,3391,2978,2852,3004,2857,3038,2882,16376.988636,9064.637422,7801.126307,9361.686526,7846.365105,9772.185430,8078.153339,0.671606,0.281699,0.186755,0.013795,0.032738,0.175976,-0.018060
792750,25.7857,7,Thumb_C3_Bend,Thumb,bend,3,1.7857,Thumb cycle 3: BEND Thumb,3342,2951,2820,2994,2859,3065,2899,15090.039841,8770.454545,7520.000000,9245.776567,7864.563107,10117.475728,8241.304348,0.540247,0.240103,0.143988,0.001243,0.035134,0.217528,0.001772
792800,25.8395,7,Thumb_C3_Bend,Thumb,bend,3,1.8395,Thumb cycle 3: BEND Thumb,3369,2960,2829,3007,2863,3057,2899,15777.685950,8866.960352,7597.630332,9396.875000,7901.136364,10013.294798,8241.304348,0.610435,0.253749,0.155798,0.017605,0.039947,0.204991,0.001772
792850,25.8724,7,Thumb_C3_Bend,Thumb,bend,3,1.8724,Thumb cycle 3: BEND Thumb,3323,2949,2834,3005,2859,3032,2891,14634.974093,8749.214660,7641.237113,9373.394495,7864.563107,9697.836312,8163.953488,0.493798,0.237100,0.162431,0.015063,0.035134,0.167029,-0.007630
792900,26.0671,8,Thumb_C4_Open,Thumb,open,4,0.0671,Thumb cycle 4: OPEN,3296,2969,2802,2991,2860,3057,2890,14025.531915,8965.008881,7367.981439,9211.413043,7873.684211,10013.294798,8154.356846,0.431592,0.267612,0.120862,-0.002479,0.036334,0.204991,-0.008797
792950,26.0674,8,Thumb_C4_Open,Thumb,open,4,0.0674,Thumb cycle 4: OPEN,3256,2979,2813,3008,2864,3051,2899,13194.755662,9075.806452,7460.374415,9408.647654,7910.316816,9936.206897,8241.304348,0.346794,0.283278,0.134917,0.018880,0.041156,0.195715,0.001772
793000,26.0675,8,Thumb_C4_Open,Thumb,open,4,0.0675,Thumb cycle 4: OPEN,3281,2971,2816,3005,2857,3010,2887,13704.422604,8987.010676,7485.848319,9373.394495,7846.365105,9432.258065,8125.662252,0.398816,0.270723,0.138793,0.015063,0.032738,0.135070,-0.012285
793050,26.0884,8,Thumb_C4_Open,Thumb,open,4,0.0884,Thumb cycle 4: OPEN,3256,2950,2801,2996,2858,3015,2899,13194.755662,8759.825328,7359.659969,9268.789809,7855.456750,9491.666667,8241.304348,0.346794,0.238600,0.119596,0.003735,0.033935,0.142219,0.001772
793100,26.1431,8,Thumb_C4_Open,Thumb,open,4,0.1431,Thumb cycle 4: OPEN,3218,2954,2803,3009,2864,3009,2894,12475.712657,8802.453988,7376.315789,9420.441989,7910.316816,9420.441989,8192.839301,0.273401,0.244628,0.122130,0.020158,0.041156,0.133648,-0.004119
793150,26.1646,8,Thumb_C4_Open,Thumb,open,4,0.1646,Thumb cycle 4: OPEN,3212,2939,2804,3004,2859,2998,2883,12367.836920,8644.117647,7384.663052,9361.686526,7864.563107,9291.886964,8087.623762,0.262390,0.222240,0.123400,0.013795,0.035134,0.118178,-0.016908
793200,26.3342,8,Thumb_C4_Open,Thumb,open,4,0.3342,Thumb cycle 4: OPEN,3217,2933,2797,2987,2865,3012,2869,12457.630979,8581.927711,7326.502311,9165.884477,7919.512195,9455.955679,7956.443719,0.271556,0.213446,0.114552,-0.007409,0.042366,0.137922,-0.032854
793250,26.3343,8,Thumb_C4_Open,Thumb,open,4,0.3343,Thumb cycle 4: OPEN,3205,2944,2814,3001,2864,3022,2864,12243.820225,8696.437880,7468.852459,9326.691042,7910.316816,9575.768872,7910.316816,0.249732,0.229637,0.136207,0.010005,0.041156,0.152340,-0.038461
793300,26.3343,8,Thumb_C4_Open,Thumb,open,4,0.3343,Thumb cycle 4: OPEN,3259,2932,2808,2995,2860,3015,2864,13254.306220,8571.625107,7418.181818,9257.272727,7873.684211,9491.666667,7910.316816,0.352873,0.211989,0.128499,0.002488,0.036334,0.142219,-0.038461
793350,26.3675,8,Thumb_C4_Open,Thumb,open,4,0.3675,Thumb cycle 4: OPEN,3244,2930,2799,2989,2855,3022,2864,12960.752056,8551.072961,7343.055556,9188.607595,7828.225806,9575.768872,7910.316816,0.322910,0.209083,0.117070,-0.004948,0.030351,0.152340,-0.038461
793400,26.4222,8,Thumb_C4_Open,Thumb,open,4,0.4222,Thumb cycle 4: OPEN,3219,2931,2800,3001,2863,3013,2860,12493.835616,8561.340206,7351.351351,9326.691042,7901.136364,9467.837338,7873.684211,0.275251,0.210535,0.118332,0.010005,0.039947,0.139351,-0.042914
793450,26.5690,8,Thumb_C4_Open,Thumb,open,4,0.5690,Thumb cycle 4: OPEN,3230,2929,2809,2999,2856,2999,2864,12695.953757,8540.823328,7426.594090,9303.467153,7837.288136,9303.467153,7910.316816,0.295882,0.207634,0.129778,0.007490,0.031544,0.119571,-0.038461
793500,26.5690,8,Thumb_C4_Open,Thumb,open,4,0.5690,Thumb cycle 4: OPEN,3212,2935,2819,2978,2866,3018,2874,12367.836920,8602.586207,7511.442006,9064.637422,7928.722539,9527.576602,8002.948403,0.262390,0.216367,0.142686,-0.018373,0.043578,0.146540,-0.027201
793550,26.5800,8,Thumb_C4_Open,Thumb,open,4,0.5800,Thumb cycle 4: OPEN,3185,2938,2830,2979,2864,3014,2870,11900.000000,8633.707865,7606.324111,9075.806452,7910.316816,9479.740981,7965.714286,0.214638,0.220768,0.157120,-0.017164,0.041156,0.140784,-0.031727
793600,26.6340,8,Thumb_C4_Open,Thumb,open,4,0.6340,Thumb cycle 4: OPEN,3214,2936,2815,2976,2859,2994,2864,12403.632236,8612.942192,7477.343750,9042.359249,7864.563107,9245.776567,7910.316816,0.266044,0.217832,0.137499,-0.020786,0.035134,0.112629,-0.038461
793650,26.6671,8,Thumb_C4_Open,Thumb,open,4,0.6671,Thumb cycle 4: OPEN,3245,2931,2812,2958,2856,3004,2869,12980.000000,8561.340206,7451.909587,8845.382586,7837.288136,9361.686526,7956.443719,0.324874,0.210535,0.133630,-0.042117,0.031544,0.126577,-0.032854
793700,26.8222,8,Thumb_C4_Open,Thumb,open,4,0.8222,Thumb cycle 4: OPEN,3232,2952,2813,2967,2863,2994,2867,12733.256083,8781.102362,7460.374415,8943.085106,7901.136364,9245.776567,7937.947883,0.299689,0.241609,0.134917,-0.031536,0.039947,0.112629,-0.035102
793750,26.8223,8,Thumb_C4_Open,Thumb,open,4,0.8223,Thumb cycle 4: OPEN,3270,2954,2813,2972,2859,2977,2863,13476.363636,8802.453988,7460.374415,8998.040962,7864.563107,9053.488372,7901.136364,0.375538,0.244628,0.134917,-0.025585,0.035134,0.089489,-0.039577
793800,26.8334,8,Thumb_C4_Open,Thumb,open,4,0.8334,Thumb cycle 4: OPEN,3258,2935,2812,2974,2855,2970,2868,13234.408602,8602.586207,7451.909587,9020.160571,7828.225806,8976.000000,7947.188264,0.350842,0.216367,0.133630,-0.023190,0.030351,0.080164,-0.033979
793850,26.8767,8,Thumb_C4_Open,Thumb,open,4,0.8767,Thumb cycle 4: OPEN,3201,2932,2833,2978,2860,2984,2881,12173.825503,8571.625107,7632.488114,9064.637422,7873.684211,9131.953195,8068.698517,0.242588,0.211989,0.161100,-0.018373,0.036334,0.098931,-0.019209
793900,26.9208,8,Thumb_C4_Open,Thumb,open,4,0.9208,Thumb cycle 4: OPEN,3346,2986,2840,2982,2857,2997,3226,15188.785047,9154.553652,7694.023904,9109.433962,7846.365105,9280.327869,12621.864212,0.550326,0.294413,0.170462,-0.013522,0.032738,0.116787,0.534252
793950,27.0833,8,Thumb_C4_Open,Thumb,open,4,1.0833,Thumb cycle 4: OPEN,3501,2970,2824,2976,2862,3043,3422,20039.393939,8976.000000,7554.366640,9042.359249,7891.970803,9834.790875,17287.964339,1.045430,0.269166,0.149216,-0.020786,0.038741,0.183510,1.101440
794000,27.0833,8,Thumb_C4_Open,Thumb,open,4,1.0833,Thumb cycle 4: OPEN,3500,2962,2808,2985,2862,3051,3357,20000.000000,8888.614298,7418.181818,9143.243243,7891.970803,9936.206897,15465.853659,1.041409,0.256810,0.128499,-0.009861,0.038741,0.195715,0.879953
794050,27.0833,8,Thumb_C4_Open,Thumb,open,4,1.0833,Thumb cycle 4: OPEN,3581,2934,2798,2992,2855,3031,3323,23687.548638,8592.248062,7334.772552,9222.846782,7828.225806,9685.526316,14634.974093,1.417798,0.214905,0.115810,-0.001240,0.030351,0.165548,0.778955
794100,27.1268,8,Thumb_C4_Open,Thumb,open,4,1.1268,Thumb cycle 4: OPEN,3620,2924,2822,2985,2856,3039,3342,25911.578947,8489.837746,7537.156324,9143.243243,7837.288136,9784.659091,15090.039841,1.644806,0.200425,0.146598,-0.009861,0.031544,0.177477,0.834271
794150,27.1698,8,Thumb_C4_Open,Thumb,open,4,1.1698,Thumb cycle 4: OPEN,3777,2953,2824,2996,2863,3122,3317,40383.018868,8791.768827,7554.366640,9268.789809,7901.136364,10909.352518,14495.886889,3.121912,0.243117,0.149216,0.003735,0.039947,0.312822,0.762048
794200,27.3451,8,Thumb_C4_Open,Thumb,open,4,1.3451,Thumb cycle 4: OPEN,3841,2979,2833,2994,2860,3151,3265,51414.960630,9075.806452,7632.488114,9245.776567,7873.684211,11348.940678,13374.698795,4.247947,0.283278,0.161100,0.001243,0.036334,0.365722,0.625762
794250,27.3451,8,Thumb_C4_Open,Thumb,open,4,1.3451,Thumb cycle 4: OPEN,3601,2980,2803,3007,2865,3159,3265,24784.210526,9086.995516,7376.315789,9396.875000,7919.512195,11475.000000,13374.698795,1.529735,0.284861,0.122130,0.017605,0.042366,0.380892,0.625762
794300,27.3452,8,Thumb_C4_Open,Thumb,open,4,1.3452,Thumb cycle 4: OPEN,3847,3007,2802,3022,2866,3203,3229,52741.129032,9396.875000,7367.981439,9575.768872,7928.722539,12208.744395,12677.367206,4.383310,0.328676,0.120862,0.036978,0.043578,0.469190,0.540998
794350,27.3885,8,Thumb_C4_Open,Thumb,open,4,1.3885,Thumb cycle 4: OPEN,3749,2993,2802,3018,2861,3246,3202,36839.884393,9234.301270,7367.981439,9527.576602,7882.820097,12999.293286,12191.265398,2.760263,0.305689,0.120862,0.031759,0.037537,0.564324,0.481910
794400,27.4099,8,Thumb_C4_Open,Thumb,open,4,1.4099,Thumb cycle 4: OPEN,3874,3002,2782,3000,2857,3220,3201,59600.000000,9338.334858,7203.960396,9315.068493,7846.365105,12512.000000,12173.825503,5.083398,0.320399,0.095910,0.008746,0.032738,0.505683,0.479790
794450,27.5934,8,Thumb_C4_Open,Thumb,open,4,1.5934,Thumb cycle 4: OPEN,3742,2975,2798,3011,2861,3182,3198,36041.926346,9031.250000,7334.772552,9444.095941,7882.820097,11849.726177,12121.739130,2.678815,0.276978,0.115810,0.022719,0.037537,0.425986,0.473459
794500,27.5934,8,Thumb_C4_Open,Thumb,open,4,1.5934,Thumb cycle 4: OPEN,3726,2970,2796,3009,2857,3167,3195,34331.707317,8976.000000,7318.244804,9420.441989,7846.365105,11603.232759,12070.000000,2.504252,0.269166,0.113296,0.020158,0.032738,0.396323,0.467170
794550,27.5935,8,Thumb_C4_Open,Thumb,open,4,1.5935,Thumb cycle 4: OPEN,3679,2949,2787,2990,2853,3172,3181,30068.750000,8749.214660,7244.495413,9200.000000,7810.144928,11684.507042,11833.041575,2.069130,0.237100,0.102077,-0.003715,0.027971,0.406104,0.438366
794600,27.6257,8,Thumb_C4_Open,Thumb,open,4,1.6257,Thumb cycle 4: OPEN,3630,2958,2800,3002,2860,3180,3216,26541.935484,8845.382586,7351.351351,9338.334858,7873.684211,11816.393443,12439.590444,1.709147,0.250698,0.118332,0.011266,0.036334,0.421975,0.512095
794650,27.6698,8,Thumb_C4_Open,Thumb,open,4,1.6698,Thumb cycle 4: OPEN,3695,2957,2806,3007,2851,3165,3188,31407.500000,8834.622144,7401.396431,9396.875000,7792.122186,11570.967742,11950.606395,2.205777,0.249176,0.125945,0.017605,0.025599,0.392440,0.452657
794700,27.7138,8,Thumb_C4_Open,Thumb,open,4,1.7138,Thumb cycle 4: OPEN,3654,2929,2794,2998,2861,3180,3202,28171.428571,8540.823328,7301.767871,9291.886964,7882.820097,11816.393443,12191.265398,1.875470,0.207634,0.110789,0.006236,0.037537,0.421975,0.481910
794750,27.8548,8,Thumb_C4_Open,Thumb,open,4,1.8548,Thumb cycle 4: OPEN,3674,2935,2800,3012,2861,3182,3189,29671.258907,8602.586207,7351.351351,9455.955679,7882.820097,11849.726177,11967.549669,2.028558,0.216367,0.118332,0.024003,0.037537,0.425986,0.454716
794800,27.8549,8,Thumb_C4_Open,Thumb,open,4,1.8549,Thumb cycle 4: OPEN,3696,2935,2797,3008,2855,3176,3168,31494.736842,8602.586207,7326.502311,9408.647654,7828.225806,11750.163221,11619.417476,2.214681,0.216367,0.114552,0.018880,0.030351,0.414005,0.412399
794850,27.8659,8,Thumb_C4_Open,Thumb,open,4,1.8659,Thumb cycle 4: OPEN,3638,2927,2788,2996,2853,3180,3168,27066.083151,8520.376712,7252.639633,9268.789809,7810.144928,11816.393443,11619.417476,1.762647,0.204743,0.103315,0.003735,0.027971,0.421975,0.412399
794900,27.9204,8,Thumb_C4_Open,Thumb,open,4,1.9204,Thumb cycle 4: OPEN,3585,2935,2798,3003,2856,3165,3151,23900.000000,8602.586207,7334.772552,9350.000000,7837.288136,11570.967742,11348.940678,1.439483,0.216367,0.115810,0.012529,0.031544,0.392440,0.379521
794950,28.1401,9,Thumb_C4_Bend,Thumb,bend,4,0.1401,Thumb cycle 4: BEND Thumb,3572,2945,2787,3015,2851,3172,3148,23221.414914,8706.956522,7244.495413,9491.666667,7792.122186,11684.507042,11302.217529,1.370220,0.231125,0.102077,0.027871,0.025599,0.406104,0.373842
795000,28.1407,9,Thumb_C4_Bend,Thumb,bend,4,0.1407,Thumb cycle 4: BEND Thumb,3665,2920,2780,3002,2852,3153,3151,28979.069767,8449.361702,7187.832700,9338.334858,7801.126307,11380.254777,11348.940678,1.957906,0.194702,0.093457,0.011266,0.026784,0.369490,0.379521
795050,28.1409,9,Thumb_C4_Bend,Thumb,bend,4,0.1409,Thumb cycle 4: BEND Thumb,3522,2924,2785,3003,2861,3126,3139,20898.429319,8489.837746,7228.244275,9350.000000,7882.820097,10968.421053,11163.807531,1.133112,0.200425,0.099604,0.012529,0.037537,0.319930,0.357017
795100,28.1520,9,Thumb_C4_Bend,Thumb,bend,4,0.1520,Thumb cycle 4: BEND Thumb,3509,2924,2778,2995,2856,3116,3150,20359.385666,8489.837746,7171.753986,9257.272727,7837.288136,10821.654750,11333.333333,1.078091,0.200425,0.091011,0.002488,0.031544,0.302269,0.377624
795150,28.1625,9,Thumb_C4_Bend,Thumb,bend,4,0.1625,Thumb cycle 4: BEND Thumb,3544,2923,2771,2985,2852,3126,3168,21868.602541,8479.692833,7115.861027,9143.243243,7801.126307,10968.421053,11619.417476,1.232138,0.198991,0.082508,-0.009861,0.026784,0.319930,0.412399
795200,28.2178,9,Thumb_C4_Bend,Thumb,bend,4,0.2178,Thumb cycle 4: BEND Thumb,3514,2926,2783,2997,2863,3109,3166,20563.855422,8510.179641,7212.042683,9280.327869,7901.136364,10720.689655,11587.082885,1.098962,0.203301,0.097140,0.004984,0.039947,0.290119,0.408469
795250,28.4214,9,Thumb_C4_Bend,Thumb,bend,4,0.4214,Thumb cycle 4: BEND Thumb,3506,2915,2786,2995,2853,3101,3135,20238.370119,8399.152542,7236.363636,9257.272727,7810.144928,10607.042254,11103.125000,1.065739,0.187603,0.100839,0.002488,0.027971,0.276442,0.349641
795300,28.4215,9,Thumb_C4_Bend,Thumb,bend,4,0.4215,Thumb cycle 4: BEND Thumb,3535,2917,2782,2990,2846,3115,3149,21462.500000,8419.185059,7203.960396,9200.000000,7747.317854,10807.142857,11317.758985,1.190687,0.190435,0.095910,-0.003715,0.019702,0.300522,0.375731
795350,28.4215,9,Thumb_C4_Bend,Thumb,bend,4,0.4215,Thumb cycle 4: BEND Thumb,3579,2926,2785,3000,2858,3113,3142,23582.558140,8510.179641,7228.244275,9315.068493,7855.456750,10778.207739,11209.653725,1.407082,0.203301,0.099604,0.008746,0.033935,0.297040,0.362590
795400,28.4215,9,Thumb_C4_Bend,Thumb,bend,4,0.4215,Thumb cycle 4: BEND Thumb,3627,2912,2783,3005,2854,3099,3124,26350.000000,8369.230769,7212.042683,9373.394495,7819.178082,10578.915663,10938.825953,1.689556,0.183372,0.097140,0.015063,0.029160,0.273058,0.329670
795450,28.4650,9,Thumb_C4_Bend,Thumb,bend,4,0.4650,Thumb cycle 4: BEND Thumb,3676,2914,2768,2996,2859,3107,3130,29829.116945,8389.161727,7092.087415,9268.789809,7864.563107,10692.105263,11027.979275,2.044671,0.186190,0.078891,0.003735,0.035134,0.286679,0.340507
795500,28.6340,9,Thumb_C4_Bend,Thumb,bend,4,0.6340,Thumb cycle 4: BEND Thumb,3693,2914,2776,3000,2853,3108,3120,31234.328358,8389.161727,7155.724033,9315.068493,7810.144928,10706.382979,10880.000000,2.188101,0.186190,0.088572,0.008746,0.027971,0.288397,0.322519
795550,28.6340,9,Thumb_C4_Bend,Thumb,bend,4,0.6340,Thumb cycle 4: BEND Thumb,3707,2907,2777,2998,2851,3099,3105,32484.020619,8319.696970,7163.732929,9291.886964,7792.122186,10578.915663,10663.636364,2.315658,0.176368,0.089790,0.006236,0.025599,0.273058,0.296219
795600,28.6341,9,Thumb_C4_Bend,Thumb,bend,4,0.6341,Thumb cycle 4: BEND Thumb,3771,2897,2769,2986,2848,3111,3120,39572.222222,8221.869783,7100.000000,9154.553652,7765.196472,10749.390244,10880.000000,3.039154,0.162536,0.080095,-0.008636,0.022055,0.293572,0.322519
795650,28.6779,9,Thumb_C4_Bend,Thumb,bend,4,0.6779,Thumb cycle 4: BEND Thumb,3667,2900,2783,2996,2862,3094,3114,29130.373832,8251.046025,7212.042683,9268.789809,7891.970803,10509.090909,10792.660550,1.973350,0.166661,0.097140,0.003735,0.038741,0.264655,0.311903
795700,28.7222,9,Thumb_C4_Bend,Thumb,bend,4,0.7222,Thumb cycle 4: BEND Thumb,3627,2888,2779,2997,2854,3066,3108,26350.000000,8135.211268,7179.787234,9280.327869,7819.178082,10130.612245,10706.382979,1.689556,0.150282,0.092233,0.004984,0.029160,0.219109,0.301415
795750,28.8726,9,Thumb_C4_Bend,Thumb,bend,4,0.8726,Thumb cycle 4: BEND Thumb,3626,2890,2769,2993,2856,3054,3112,26286.567164,8154.356846,7100.000000,9234.301270,7837.288136,9974.639769,10763.784334,1.683081,0.152990,0.080095,0.000000,0.031544,0.200340,0.308392
795800,28.8727,9,Thumb_C4_Bend,Thumb,bend,4,0.8727,Thumb cycle 4: BEND Thumb,3639,2892,2791,3010,2855,3067,3108,27132.894737,8173.566085,7277.147239,9432.258065,7828.225806,10143.774319,10706.382979,1.769466,0.155706,0.107044,0.021437,0.030351,0.220693,0.301415
795850,28.8727,9,Thumb_C4_Bend,Thumb,bend,4,0.8727,Thumb cycle 4: BEND Thumb,3237,2896,2788,3007,2855,3083,3091,12827.272727,8212.176814,7252.639633,9396.875000,7828.225806,10357.905138,10467.529880,0.309285,0.161165,0.103315,0.017605,0.030351,0.246461,0.272381
795900,28.9168,9,Thumb_C4_Bend,Thumb,bend,4,0.9168,Thumb cycle 4: BEND Thumb,3235,2894,2770,2996,2857,3097,3101,12789.534884,8192.839301,7107.924528,9268.789809,7846.365105,10550.901804,10607.042254,0.305433,0.158431,0.081301,0.003735,0.032738,0.269686,0.289340
795950,28.9716,9,Thumb_C4_Bend,Thumb,bend,4,0.9716,Thumb cycle 4: BEND Thumb,3206,2910,2783,3004,2858,3089,3097,12261.417323,8349.367089,7212.042683,9361.686526,7855.456750,10439.960239,10550.901804,0.251528,0.180563,0.097140,0.013795,0.033935,0.256336,0.282516
796000,29.1371,9,Thumb_C4_Bend,Thumb,bend,4,1.1371,Thumb cycle 4: BEND Thumb,3214,2904,2777,2998,2855,3073,3070,12403.632236,8290.176322,7163.732929,9291.886964,7828.225806,10223.287671,10183.414634,0.266044,0.172194,0.089790,0.006236,0.030351,0.230262,0.237846
796050,29.1372,9,Thumb_C4_Bend,Thumb,bend,4,1.1372,Thumb cycle 4: BEND Thumb,3218,2888,2775,2985,2849,3086,3083,12475.712657,8135.211268,7147.727273,9143.243243,7774.157303,10398.810704,10357.905138,0.273401,0.150282,0.087356,-0.009861,0.023234,0.251384,0.259056
796100,29.1372,9,Thumb_C4_Bend,Thumb,bend,4,1.1372,Thumb cycle 4: BEND Thumb,3215,2903,2787,2991,2854,3066,3073,12421.590909,8280.369128,7244.495413,9211.413043,7819.178082,10130.612245,10223.287671,0.267877,0.170807,0.102077,-0.002479,0.029160,0.219109,0.242692
796150,29.1697,9,Thumb_C4_Bend,Thumb,bend,4,1.1697,Thumb cycle 4: BEND Thumb,3210,2895,2782,2994,2851,3054,3071,12332.203390,8202.500000,7203.960396,9245.776567,7792.122186,9974.639769,10196.679688,0.258753,0.159797,0.095910,0.001243,0.025599,0.200340,0.239458
796200,29.2463,9,Thumb_C4_Bend,Thumb,bend,4,1.2463,Thumb cycle 4: BEND Thumb,3236,2905,2770,2984,2853,3058,3090,12808.381839,8300.000000,7107.924528,9131.953195,7810.144928,10026.229508,10453.731343,0.307357,0.173583,0.081301,-0.011083,0.027971,0.206548,0.270704
796250,29.3968,9,Thumb_C4_Bend,Thumb,bend,4,1.3968,Thumb cycle 4: BEND Thumb,3268,2930,2787,2988,2850,3092,3095,13435.550181,8551.072961,7244.495413,9177.235772,7783.132530,10481.355932,10523.000000,0.371372,0.209083,0.102077,-0.006180,0.024416,0.261317,0.279124
796300,29.3969,9,Thumb_C4_Bend,Thumb,bend,4,1.3969,Thumb cycle 4: BEND Thumb,3239,2928,2779,2986,2854,3135,3126,12865.186916,8530.591260,7179.787234,9154.553652,7819.178082,11103.125000,10968.421053,0.313155,0.206187,0.092233,-0.008636,0.029160,0.336140,0.333267
796350,29.3969,9,Thumb_C4_Bend,Thumb,bend,4,1.3969,Thumb cycle 4: BEND Thumb,3658,2948,2776,2979,2854,3190,3118,28460.411899,8738.622493,7155.724033,9075.806452,7819.178082,11984.530387,10850.767656,1.904967,0.235602,0.088572,-0.017164,0.029160,0.442208,0.318966
796400,29.4177,9,Thumb_C4_Bend,Thumb,bend,4,1.4177,Thumb cycle 4: BEND Thumb,3639,2966,2797,2986,2859,3172,3092,27132.894737,8932.152347,7326.502311,9154.553652,7864.563107,11684.507042,10481.355932,1.769466,0.262966,0.114552,-0.008636,0.035134,0.406104,0.274062
796450,29.4830,9,Thumb_C4_Bend,Thumb,bend,4,1.4830,Thumb cycle 4: BEND Thumb,3896,2982,2811,2977,2859,3146,3210,66564.824121,9109.433962,7443.457944,9053.488372,7864.563107,11271.232877,12332.203390,5.794300,0.288033,0.132344,-0.019581,0.035134,0.356370,0.499042
796500,29.6506,9,Thumb_C4_Bend,Thumb,bend,4,1.6506,Thumb cycle 4: BEND Thumb,3676,2981,2814,2980,2859,3173,3187,29829.116945,9098.204668,7468.852459,9086.995516,7864.563107,11700.867679,11933.700441,2.044671,0.286445,0.136207,-0.015952,0.035134,0.408072,0.450602
796550,29.6507,9,Thumb_C4_Bend,Thumb,bend,4,1.6507,Thumb cycle 4: BEND Thumb,3688,2956,2816,2985,2861,3115,3177,30808.845209,8823.880597,7485.848319,9143.243243,7882.820097,10807.142857,11766.666667,2.144672,0.247657,0.138793,-0.009861,0.037537,0.300522,0.430298
796600,29.6507,9,Thumb_C4_Bend,Thumb,bend,4,1.6507,Thumb cycle 4: BEND Thumb,3758,2958,2820,2992,2858,3098,3120,37914.540059,8845.382586,7520.000000,9222.846782,7855.456750,10564.894684,10880.000000,2.869954,0.250698,0.143988,-0.001240,0.033935,0.271370,0.322519
796650,29.6611,9,Thumb_C4_Bend,Thumb,bend,4,1.6611,Thumb cycle 4: BEND Thumb,3513,2945,2820,2982,2853,3169,3085,20522.680412,8706.956522,7520.000000,9109.433962,7810.144928,11635.637149,10385.148515,1.094759,0.231125,0.143988,-0.013522,0.027971,0.400223,0.262367
796700,29.7265,9,Thumb_C4_Bend,Thumb,bend,4,1.7265,Thumb cycle 4: BEND Thumb,3407,2944,2837,2983,2854,3145,3021,16836.918605,8696.437880,7667.567568,9120.683453,7819.178082,11255.789474,9563.687151,0.718552,0.229637,0.166437,-0.012304,0.029160,0.354512,0.162515
796750,29.9046,9,Thumb_C4_Bend,Thumb,bend,4,1.9046,Thumb cycle 4: BEND Thumb,3411,2959,2827,2977,2856,3107,2933,16955.263158,8856.161972,7580.283912,9053.488372,7837.288136,10692.105263,8581.927711,0.730631,0.252222,0.153159,-0.019581,0.031544,0.286679,0.043177
796800,29.9047,9,Thumb_C4_Bend,Thumb,bend,4,1.9047,Thumb cycle 4: BEND Thumb,3414,2966,2821,2979,2849,3139,2949,17044.933921,8932.152347,7528.571429,9075.806452,7774.157303,11163.807531,8749.214660,0.739784,0.262966,0.145292,-0.017164,0.023234,0.343443,0.063511
796850,29.9047,9,Thumb_C4_Bend,Thumb,bend,4,1.9047,Thumb cycle 4: BEND Thumb,3344,2944,2831,2992,2856,3133,2930,15139.280959,8696.437880,7615.031646,9222.846782,7837.288136,11072.972973,8551.072961,0.545273,0.229637,0.158445,-0.001240,0.031544,0.332512,0.039426
796900,29.9366,9,Thumb_C4_Bend,Thumb,bend,4,1.9366,Thumb cycle 4: BEND Thumb,3334,2954,2829,2995,2852,3085,2927,14895.663601,8802.453988,7597.630332,9257.272727,7801.126307,10385.148515,8520.376712,0.520407,0.244628,0.155798,0.002488,0.026784,0.249740,0.035695
796950,29.9799,9,Thumb_C4_Bend,Thumb,bend,4,1.9799,Thumb cycle 4: BEND Thumb,3274,2937,2816,2987,2855,3104,2928,13558.587089,8623.316062,7485.848319,9165.884477,7828.225806,10649.445005,8530.591260,0.383931,0.219298,0.138793,-0.007409,0.030351,0.281545,0.036937
797000,30.1705,10,Thumb_C5_Open,Thumb,open,5,0.1705,Thumb cycle 5: OPEN,3317,2947,2825,2978,2855,3100,2925,14495.886889,8728.048780,7562.992126,9064.637422,7828.225806,10592.964824,8500.000000,0.479601,0.234107,0.150528,-0.018373,0.030351,0.274748,0.033218
797050,30.1706,10,Thumb_C5_Open,Thumb,open,5,0.1706,Thumb cycle 5: OPEN,3247,2952,2829,2958,2853,3077,2936,13018.632075,8781.102362,7597.630332,8845.382586,7810.144928,10276.817289,8612.942192,0.328817,0.241609,0.155798,-0.042117,0.027971,0.236703,0.046947
797100,30.1706,10,Thumb_C5_Open,Thumb,open,5,0.1706,Thumb cycle 5: OPEN,3213,2956,2823,2944,2852,3104,2930,12385.714286,8823.880597,7545.754717,8696.437880,7801.126307,10649.445005,8551.072961,0.264215,0.247657,0.147906,-0.058246,0.026784,0.281545,0.039426
797150,30.1707,10,Thumb_C5_Open,Thumb,open,5,0.1707,Thumb cycle 5: OPEN,3216,2944,2820,2964,2858,3090,2931,12439.590444,8696.437880,7520.000000,8910.344828,7855.456750,10453.731343,8561.340206,0.269714,0.229637,0.143988,-0.035082,0.033935,0.257993,0.040674
797200,30.2356,10,Thumb_C5_Open,Thumb,open,5,0.2356,Thumb cycle 5: OPEN,3211,2926,2825,2954,2859,3067,2917,12350.000000,8510.179641,7562.992126,8802.453988,7864.563107,10143.774319,8419.185059,0.260570,0.203301,0.150528,-0.046766,0.035134,0.220693,0.023395
797250,30.4200,10,Thumb_C5_Open,Thumb,open,5,0.4200,Thumb cycle 5: OPEN,3210,2939,2804,2945,2857,3097,2909,12332.203390,8644.117647,7384.663052,8706.956522,7846.365105,10550.901804,8339.460371,0.258753,0.222240,0.123400,-0.057107,0.032738,0.269686,0.013704
797300,30.4200,10,Thumb_C5_Open,Thumb,open,5,0.4200,Thumb cycle 5: OPEN,3199,2930,2815,2948,2857,3070,2919,12139.062500,8551.072961,7477.343750,8738.622493,7846.365105,10183.414634,8439.285714,0.239039,0.209083,0.137499,-0.053678,0.032738,0.225463,0.025838
797350,30.4201,10,Thumb_C5_Open,Thumb,open,5,0.4201,Thumb cycle 5: OPEN,3201,2926,2813,2952,2855,3071,2910,12173.825503,8510.179641,7460.374415,8781.102362,7828.225806,10196.679688,8349.367089,0.242588,0.203301,0.134917,-0.049078,0.030351,0.227060,0.014908
797400,30.4311,10,Thumb_C5_Open,Thumb,open,5,0.4311,Thumb cycle 5: OPEN,3220,2918,2803,2948,2855,3088,2911,12512.000000,8429.226848,7376.315789,8738.622493,7828.225806,10426.216485,8359.290541,0.277105,0.191855,0.122130,-0.053678,0.030351,0.254682,0.016114
797450,30.4743,10,Thumb_C5_Open,Thumb,open,5,0.4743,Thumb cycle 5: OPEN,3187,2917,2816,2957,2855,3069,2919,11933.700441,8419.185059,7485.848319,8834.622144,7828.225806,10170.175439,8439.285714,0.218078,0.190435,0.138793,-0.043282,0.030351,0.223870,0.025838
797500,30.5284,10,Thumb_C5_Open,Thumb,open,5,0.5284,Thumb cycle 5: OPEN,3177,2911,2814,2960,2855,3056,2909,11766.666667,8359.290541,7468.852459,8866.960352,7828.225806,10000.384986,8339.460371,0.201029,0.181966,0.136207,-0.039780,0.030351,0.203438,0.013704
797550,30.6729,10,Thumb_C5_Open,Thumb,open,5,0.6729,Thumb cycle 5: OPEN,3182,2915,2810,2944,2855,3052,2896,11849.726177,8399.152542,7435.019455,8696.437880,7828.225806,9948.993289,8212.176814,0.209507,0.187603,0.131060,-0.058246,0.030351,0.197253,-0.001768
797600,30.6730,10,Thumb_C5_Open,Thumb,open,5,0.6730,Thumb cycle 5: OPEN,3171,2920,2816,2962,2856,3053,2892,11668.181818,8449.361702,7485.848319,8888.614298,7837.288136,9961.804223,8173.566085,0.190976,0.194702,0.138793,-0.037435,0.031544,0.198795,-0.006462
797650,30.6941,10,Thumb_C5_Open,Thumb,open,5,0.6941,Thumb cycle 5: OPEN,3207,2923,2816,2967,2852,3035,2903,12279.054054,8479.692833,7485.848319,8943.085106,7801.126307,9734.905660,8280.369128,0.253328,0.198991,0.138793,-0.031536,0.026784,0.171490,0.006521
797700,30.7162,10,Thumb_C5_Open,Thumb,open,5,0.7162,Thumb cycle 5: OPEN,3183,2908,2816,2971,2845,3032,2893,11866.447368,8329.570345,7485.848319,8987.010676,7738.400000,9697.836312,8183.194676,0.211213,0.177764,0.138793,-0.026780,0.018528,0.167029,-0.005291
797750,30.7702,10,Thumb_C5_Open,Thumb,open,5,0.7702,Thumb cycle 5: OPEN,3167,2910,2830,2979,2853,3026,2910,11603.232759,8349.367089,7606.324111,9075.806452,7810.144928,9624.321796,8349.367089,0.184347,0.180563,0.157120,-0.017164,0.027971,0.158183,0.014908
797800,30.9333,10,Thumb_C5_Open,Thumb,open,5,0.9333,Thumb cycle 5: OPEN,3150,2917,2827,2974,2854,3016,2899,11333.333333,8419.185059,7580.283912,9020.160571,7819.178082,9503.614458,8241.304348,0.156798,0.190435,0.153159,-0.023190,0.029160,0.143657,0.001772
797850,30.9334,10,Thumb_C5_Open,Thumb,open,5,0.9334,Thumb cycle 5: OPEN,3145,2904,2815,2963,2851,3031,2916,11255.789474,8290.176322,7477.343750,8899.469965,7792.122186,9685.526316,8409.160305,0.148883,0.172194,0.137499,-0.036260,0.025599,0.165548,0.022176
797900,30.9334,10,Thumb_C5_Open,Thumb,open,5,0.9334,Thumb cycle 5: OPEN,3279,2919,2819,2973,2856,3041,3030,13662.500000,8439.285714,7511.442006,9009.090909,7837.288136,9809.677419,9673.239437,0.394537,0.193277,0.142686,-0.024388,0.031544,0.180488,0.175831
797950,30.9885,10,Thumb_C5_Open,Thumb,open,5,0.9885,Thumb cycle 5: OPEN,3466,2965,2808,2973,2853,3024,3326,18735.135135,8921.238938,7418.181818,9009.090909,7810.144928,9600.000000,14705.331599,0.912303,0.261423,0.128499,-0.024388,0.027971,0.155256,0.787508
798000,31.0421,10,Thumb_C5_Open,Thumb,open,5,1.0421,Thumb cycle 5: OPEN,3533,2952,2800,2962,2843,3015,3362,21374.021352,8781.102362,7351.351351,8888.614298,7720.607029,9491.666667,15594.542974,1.181656,0.241609,0.118332,-0.037435,0.016186,0.142219,0.895596
798050,31.1859,10,Thumb_C5_Open,Thumb,open,5,1.1859,Thumb cycle 5: OPEN,3748,2944,2813,2975,2851,3067,3291,36723.919308,8696.437880,7460.374415,9031.250000,7792.122186,10143.774319,13917.164179,2.748426,0.229637,0.134917,-0.021989,0.025599,0.220693,0.691702
798100,31.1860,10,Thumb_C5_Open,Thumb,open,5,1.1860,Thumb cycle 5: OPEN,3921,2899,2809,2970,2847,3043,3285,76617.241379,8241.304348,7426.594090,8976.000000,7756.250000,9834.790875,13788.888889,6.820355,0.165284,0.129778,-0.027972,0.020878,0.183510,0.676109
798150,31.1860,10,Thumb_C5_Open,Thumb,open,5,1.1860,Thumb cycle 5: OPEN,3790,2932,2800,2967,2849,3062,3231,42249.180328,8571.625107,7351.351351,8943.085106,7774.157303,10078.218780,12714.583333,3.312392,0.211989,0.118332,-0.031536,0.023234,0.212804,0.545522
798200,31.2178,10,Thumb_C5_Open,Thumb,open,5,1.2178,Thumb cycle 5: OPEN,3743,2988,2819,2977,2848,3114,3242,36153.977273,9177.235772,7511.442006,9053.488372,7765.196472,10792.660550,12922.391559,2.690252,0.297620,0.142686,-0.019581,0.022055,0.298779,0.570782
798250,31.2831,10,Thumb_C5_Open,Thumb,open,5,1.2831,Thumb cycle 5: OPEN,3901,2990,2807,2989,2846,3117,3203,68368.041237,9200.000000,7409.782609,9188.607595,7747.317854,10836.196319,12208.744395,5.978356,0.300839,0.127221,-0.004948,0.019702,0.304019,0.484035
798300,31.4460,10,Thumb_C5_Open,Thumb,open,5,1.4460,Thumb cycle 5: OPEN,3815,2987,2792,2979,2845,3123,3177,46325.000000,9165.884477,7285.341520,9075.806452,7738.400000,10924.074074,11766.666667,3.728413,0.296015,0.108290,-0.017164,0.018528,0.314594,0.430298
798350,31.4461,10,Thumb_C5_Open,Thumb,open,5,1.4461,Thumb cycle 5: OPEN,3580,2983,2798,2982,2844,3137,3161,23634.951456,9120.683453,7334.772552,9109.433962,7729.496403,11133.402923,11506.852248,1.412430,0.289624,0.115810,-0.013522,0.017356,0.339784,0.398716
798400,31.4461,10,Thumb_C5_Open,Thumb,open,5,1.4461,Thumb cycle 5: OPEN,3667,2965,2791,2973,2835,3129,3147,29130.373832,8921.238938,7277.147239,9009.090909,7650.000000,11013.043478,11286.708861,1.973350,0.261423,0.107044,-0.024388,0.006893,0.325300,0.371957
798450,31.4881,10,Thumb_C5_Open,Thumb,open,5,1.4881,Thumb cycle 5: OPEN,3660,2958,2779,2969,2840,3154,3144,28606.896552,8845.382586,7179.787234,8965.008881,7694.023904,11395.961743,11240.378549,1.919918,0.250698,0.092233,-0.029162,0.012687,0.371380,0.366325
798500,31.5427,10,Thumb_C5_Open,Thumb,open,5,1.5427,Thumb cycle 5: OPEN,3734,2942,2786,2981,2847,3127,3137,35167.867036,8675.455334,7236.363636,9098.204668,7756.250000,10983.264463,11133.402923,2.589599,0.226671,0.100839,-0.014738,0.020878,0.321717,0.353321
798550,31.7060,10,Thumb_C5_Open,Thumb,open,5,1.7060,Thumb cycle 5: OPEN,3742,2943,2780,2981,2840,3115,3120,36041.926346,8685.937500,7187.832700,9098.204668,7694.023904,10807.142857,10880.000000,2.678815,0.228153,0.093457,-0.014738,0.012687,0.300522,0.322519
798600,31.7061,10,Thumb_C5_Open,Thumb,open,5,1.7061,Thumb cycle 5: OPEN,3660,2909,2766,2969,2851,3141,3140,28606.896552,8339.460371,7076.297968,8965.008881,7792.122186,11194.339623,11179.057592,1.919918,0.179162,0.076489,-0.029162,0.025599,0.347117,0.358871
798650,31.7061,10,Thumb_C5_Open,Thumb,open,5,1.7061,Thumb cycle 5: OPEN,3712,2916,2775,2983,2851,3130,3127,32952.480418,8409.160305,7147.727273,9120.683453,7792.122186,11027.979275,10983.264463,2.363474,0.189018,0.087356,-0.012304,0.025599,0.327098,0.335071
798700,31.7167,10,Thumb_C5_Open,Thumb,open,5,1.7167,Thumb cycle 5: OPEN,3672,2905,2770,2985,2842,3091,3121,29514.893617,8300.000000,7107.924528,9143.243243,7711.731844,10467.529880,10894.661191,2.012598,0.173583,0.081301,-0.009861,0.015018,0.259654,0.324301
798750,31.7603,10,Thumb_C5_Open,Thumb,open,5,1.7603,Thumb cycle 5: OPEN,3754,2909,2759,2981,2842,3109,3121,37429.912023,8339.460371,7021.407186,9098.204668,7711.731844,10720.689655,10894.661191,2.820487,0.179162,0.068139,-0.014738,0.015018,0.290119,0.324301
798800,31.9519,10,Thumb_C5_Open,Thumb,open,5,1.9519,Thumb cycle 5: OPEN,3726,2905,2771,3002,2851,3108,3131,34331.707317,8300.000000,7115.861027,9338.334858,7792.122186,10706.382979,11042.946058,2.504252,0.173583,0.082508,0.011266,0.025599,0.288397,0.342326
798850,31.9519,10,Thumb_C5_Open,Thumb,open,5,1.9519,Thumb cycle 5: OPEN,3667,2896,2767,2989,2840,3078,3118,29130.373832,8212.176814,7084.186747,9188.607595,7694.023904,10290.265487,10850.767656,1.973350,0.161165,0.077689,-0.004948,0.012687,0.238322,0.318966
798900,31.9519,10,Thumb_C5_Open,Thumb,open,5,1.9519,Thumb cycle 5: OPEN,3641,2884,2757,2981,2846,3089,3109,27267.400881,8097.109827,7005.829596,9098.204668,7747.317854,10439.960239,10720.689655,1.783195,0.144895,0.065769,-0.014738,0.019702,0.256336,0.303154
798950,31.9842,10,Thumb_C5_Open,Thumb,open,5,1.9842,Thumb cycle 5: OPEN,3700,2899,2771,2992,2850,3087,3118,31848.101266,8241.304348,7115.861027,9222.846782,7783.132530,10412.500000,10850.767656,2.250750,0.165284,0.082508,-0.001240,0.024416,0.253031,0.318966
799000,32.0345,11,Thumb_C5_Bend,Thumb,bend,5,0.0345,Thumb cycle 5: BEND Thumb,3748,2907,2770,2995,2841,3065,3100,36723.919308,8319.696970,7107.924528,9257.272727,7702.870813,10117.475728,10592.964824,2.748426,0.176368,0.081301,0.002488,0.013852,0.217528,0.287629
799050,32.2228,11,Thumb_C5_Bend,Thumb,bend,5,0.2228,Thumb cycle 5: BEND Thumb,3779,2900,2761,2987,2847,3070,3118,40660.126582,8251.046025,7037.031484,9165.884477,7756.250000,10183.414634,10850.767656,3.150197,0.166661,0.070516,-0.007409,0.020878,0.225463,0.318966
799100,32.2228,11,Thumb_C5_Bend,Thumb,bend,5,0.2228,Thumb cycle 5: BEND Thumb,3659,2904,2768,2993,2846,3061,3103,28533.486239,8290.176322,7092.087415,9234.301270,7747.317854,10065.183752,10635.282258,1.912425,0.172194,0.078891,0.000000,0.019702,0.211236,0.292772
799150,32.2229,11,Thumb_C5_Bend,Thumb,bend,5,0.2229,Thumb cycle 5: BEND Thumb,3544,2896,2767,2986,2839,3050,3090,21868.602541,8212.176814,7084.186747,9154.553652,7685.191083,9923.444976,10453.731343,1.232138,0.161165,0.077689,-0.008636,0.011525,0.194179,0.270704
799200,32.2229,11,Thumb_C5_Bend,Thumb,bend,5,0.2229,Thumb cycle 5: BEND Thumb,3510,2889,2755,2970,2840,3064,3103,20400.000000,8144.776119,6990.298507,8976.000000,7694.023904,10104.364694,10635.282258,1.082237,0.151635,0.063407,-0.027972,0.012687,0.215951,0.292772
799250,32.2883,11,Thumb_C5_Bend,Thumb,bend,5,0.2883,Thumb cycle 5: BEND Thumb,3474,2900,2766,2986,2848,3057,3090,19020.289855,8251.046025,7076.297968,9154.553652,7765.196472,10013.294798,10453.731343,0.941409,0.166661,0.076489,-0.008636,0.022055,0.204991,0.270704
799300,32.3216,11,Thumb_C5_Bend,Thumb,bend,5,0.3216,Thumb cycle 5: BEND Thumb,3460,2892,2765,2980,2836,3048,3072,18525.984252,8173.566085,7068.421053,9086.995516,7658.776807,9897.994269,10209.970674,0.890955,0.155706,0.075291,-0.015952,0.008048,0.191116,0.241074
799350,32.4575,11,Thumb_C5_Bend,Thumb,bend,5,0.4575,Thumb cycle 5: BEND Thumb,3409,2879,2755,2982,2842,3050,3096,16895.918367,8049.835526,6990.298507,9109.433962,7711.731844,9923.444976,10536.936937,0.724574,0.138211,0.063407,-0.013522,0.015018,0.194179,0.280818
799400,32.4576,11,Thumb_C5_Bend,Thumb,bend,5,0.4576,Thumb cycle 5: BEND Thumb,3372,2896,2766,2992,2847,3049,3087,15857.261411,8212.176814,7076.297968,9222.846782,7756.250000,9910.707457,10412.500000,0.618558,0.161165,0.076489,-0.001240,0.020878,0.192646,0.265692
799450,32.4683,11,Thumb_C5_Bend,Thumb,bend,5,0.4683,Thumb cycle 5: BEND Thumb,3387,2898,2765,2990,2841,3048,3091,16265.254237,8231.578947,7068.421053,9200.000000,7702.870813,9897.994269,10467.529880,0.660202,0.163908,0.075291,-0.003715,0.013852,0.191116,0.272381
799500,32.5444,11,Thumb_C5_Bend,Thumb,bend,5,0.5444,Thumb cycle 5: BEND Thumb,3445,2894,2755,2980,2841,3056,3085,18020.000000,8192.839301,6990.298507,9086.995516,7702.870813,10000.384986,10385.148515,0.839309,0.158431,0.063407,-0.015952,0.013852,0.203438,0.262367
799550,32.7123,11,Thumb_C5_Bend,Thumb,bend,5,0.7123,Thumb cycle 5: BEND Thumb,3449,2900,2766,2987,2845,3047,3059,18152.631579,8251.046025,7076.297968,9165.884477,7738.400000,9885.305344,10039.189189,0.852847,0.166661,0.076489,-0.007409,0.018528,0.189589,0.220314
799600,32.7124,11,Thumb_C5_Bend,Thumb,bend,5,0.7124,Thumb cycle 5: BEND Thumb,3465,2893,2763,2991,2838,3033,3056,18700.000000,8183.194676,7052.702703,9211.413043,7676.372315,9710.169492,10000.384986,0.908717,0.157067,0.072900,-0.002479,0.010364,0.168513,0.215597
799650,32.7124,11,Thumb_C5_Bend,Thumb,bend,5,0.7124,Thumb cycle 5: BEND Thumb,3530,2885,2749,2977,2841,3033,3063,21242.477876,8106.611570,6943.982169,9053.488372,7702.870813,9710.169492,10091.279070,1.168229,0.146239,0.056361,-0.019581,0.013852,0.168513,0.226646
799700,32.7338,11,Thumb_C5_Bend,Thumb,bend,5,0.7338,Thumb cycle 5: BEND Thumb,3513,2891,2760,2986,2846,3028,3055,20522.680412,8163.953488,7029.213483,9154.553652,7747.317854,9648.734770,9987.500000,1.094759,0.154347,0.069327,-0.008636,0.019702,0.161120,0.214031
799750,32.7769,11,Thumb_C5_Bend,Thumb,bend,5,0.7769,Thumb cycle 5: BEND Thumb,3535,2888,2761,2998,2837,3013,3037,21462.500000,8135.211268,7037.031484,9291.886964,7667.567568,9467.837338,9759.735350,1.190687,0.150282,0.070516,0.006236,0.009205,0.139351,0.186345
799800,32.8093,11,Thumb_C5_Bend,Thumb,bend,5,0.8093,Thumb cycle 5: BEND Thumb,3471,2876,2760,2995,2838,3023,3041,18912.500000,8021.657096,7029.213483,9257.272727,7676.372315,9587.873134,9809.677419,0.930407,0.134226,0.069327,0.002488,0.010364,0.153796,0.192416
799850,32.9800,11,Thumb_C5_Bend,Thumb,bend,5,0.9800,Thumb cycle 5: BEND Thumb,3405,2891,2766,3008,2845,3015,3045,16778.260870,8163.953488,7076.297968,9408.647654,7738.400000,9491.666667,9860.000000,0.712564,0.154347,0.076489,0.018880,0.018528,0.142219,0.198533
799900,32.9801,11,Thumb_C5_Bend,Thumb,bend,5,0.9801,Thumb cycle 5: BEND Thumb,3444,2902,2763,3001,2840,3003,3033,17987.096774,8270.578374,7052.702703,9326.691042,7694.023904,9350.000000,9710.169492,0.835951,0.169423,0.072900,0.010005,0.012687,0.125171,0.180320
799950,32.9801,11,Thumb_C5_Bend,Thumb,bend,5,0.9801,Thumb cycle 5: BEND Thumb,3478,2904,2761,2988,2839,3028,3058,19165.640194,8290.176322,7037.031484,9177.235772,7685.191083,9648.734770,10026.229508,0.956245,0.172194,0.070516,-0.006180,0.011525,0.161120,0.218739
800000,33.0230,11,Thumb_C5_Bend,Thumb,bend,5,1.0230,Thumb cycle 5: BEND Thumb,3474,2943,2758,2979,2847,3050,3070,19020.289855,8685.937500,7013.612565,9075.806452,7756.250000,9923.444976,10183.414634,0.941409,0.228153,0.066953,-0.017164,0.020878,0.194179,0.237846
800050,33.0769,11,Thumb_C5_Bend,Thumb,bend,5,1.0769,Thumb cycle 5: BEND Thumb,3385,2951,2759,2964,2844,3097,3037,16209.859155,8770.454545,7021.407186,8910.344828,7729.496403,10550.901804,9759.735350,0.654547,0.240103,0.068139,-0.035082,0.017356,0.269686,0.186345
800100,33.2229,11,Thumb_C5_Bend,Thumb,bend,5,1.2229,Thumb cycle 5: BEND Thumb,3642,2940,2756,2958,2845,3080,3158,27335.099338,8654.545455,6998.058252,8845.382586,7738.400000,10317.241379,11459.124867,1.790105,0.223714,0.064587,-0.042117,0.018528,0.241568,0.392915
800150,33.2229,11,Thumb_C5_Bend,Thumb,bend,5,1.2229,Thumb cycle 5: BEND Thumb,3835,2957,2778,2963,2857,3054,3145,50150.000000,8834.622144,7171.753986,8899.469965,7846.365105,9974.639769,11255.789474,4.118832,0.249176,0.091011,-0.036260,0.032738,0.200340,0.368198
800200,33.2229,11,Thumb_C5_Bend,Thumb,bend,5,1.2229,Thumb cycle 5: BEND Thumb,3450,2955,2774,2969,2852,3059,3148,18186.046512,8813.157895,7139.742619,8965.008881,7801.126307,10039.189189,11302.217529,0.856258,0.246141,0.086141,-0.029162,0.026784,0.208107,0.373842
800250,33.2880,11,Thumb_C5_Bend,Thumb,bend,5,1.2880,Thumb cycle 5: BEND Thumb,3552,2943,2765,2964,2849,3088,3088,22240.883978,8685.937500,7068.421053,8910.344828,7774.157303,10426.216485,10426.216485,1.270137,0.228153,0.075291,-0.035082,0.023234,0.254682,0.267359
800300,33.3205,11,Thumb_C5_Bend,Thumb,bend,5,1.3205,Thumb cycle 5: BEND Thumb,3383,2934,2774,2979,2852,3050,3045,16154.775281,8592.248062,7139.742619,9075.806452,7801.126307,9923.444976,9860.000000,0.648925,0.214905,0.086141,-0.017164,0.026784,0.194179,0.198533
800350,33.4921,11,Thumb_C5_Bend,Thumb,bend,5,1.4921,Thumb cycle 5: BEND Thumb,3276,2955,2776,2982,2846,3057,3005,13600.000000,8813.157895,7155.724033,9109.433962,7747.317854,10013.294798,9373.394495,0.388158,0.246141,0.088572,-0.013522,0.019702,0.204991,0.139384
800400,33.4922,11,Thumb_C5_Bend,Thumb,bend,5,1.4922,Thumb cycle 5: BEND Thumb,3304,2931,2754,2971,2851,3067,2990,14201.769912,8561.340206,6982.550336,8987.010676,7792.122186,10143.774319,9200.000000,0.449581,0.210535,0.062228,-0.026780,0.025599,0.220693,0.118307
800450,33.4922,11,Thumb_C5_Bend,Thumb,bend,5,1.4922,Thumb cycle 5: BEND Thumb,3267,2933,2766,2990,2853,3058,2959,13415.217391,8581.927711,7076.297968,9200.000000,7810.144928,10026.229508,8856.161972,0.369297,0.213446,0.076489,-0.003715,0.027971,0.206548,0.076511
800500,33.5354,11,Thumb_C5_Bend,Thumb,bend,5,1.5354,Thumb cycle 5: BEND Thumb,3207,2940,2763,2986,2850,3026,2941,12279.054054,8654.545455,7052.702703,9154.553652,7783.132530,9624.321796,8664.991334,0.253328,0.223714,0.072900,-0.008636,0.024416,0.158183,0.053274
800550,33.5677,11,Thumb_C5_Bend,Thumb,bend,5,1.5677,Thumb cycle 5: BEND Thumb,3216,2930,2771,2981,2853,3018,2960,12439.590444,8551.072961,7115.861027,9098.204668,7810.144928,9527.576602,8866.960352,0.269714,0.209083,0.082508,-0.014738,0.027971,0.146540,0.077824
800600,33.7385,11,Thumb_C5_Bend,Thumb,bend,5,1.7385,Thumb cycle 5: BEND Thumb,3210,2932,2770,2982,2854,3017,2956,12332.203390,8571.625107,7107.924528,9109.433962,7819.178082,9515.584416,8823.880597,0.258753,0.211989,0.081301,-0.013522,0.029160,0.145097,0.072587
800650,33.7386,11,Thumb_C5_Bend,Thumb,bend,5,1.7386,Thumb cycle 5: BEND Thumb,3200,2920,2779,2982,2844,3016,2937,12156.424581,8449.361702,7179.787234,9109.433962,7729.496403,9503.614458,8623.316062,0.240812,0.194702,0.092233,-0.013522,0.017356,0.143657,0.048208
800700,33.7386,11,Thumb_C5_Bend,Thumb,bend,5,1.7386,Thumb cycle 5: BEND Thumb,3179,2909,2767,2971,2844,3029,2926,11799.781659,8339.460371,7084.186747,8987.010676,7729.496403,9660.975610,8510.179641,0.204409,0.179162,0.077689,-0.026780,0.017356,0.162593,0.034455
800750,33.7710,11,Thumb_C5_Bend,Thumb,bend,5,1.7710,Thumb cycle 5: BEND Thumb,3149,2924,2780,2975,2850,3018,2932,11317.758985,8489.837746,7187.832700,9031.250000,7783.132530,9527.576602,8571.625107,0.155209,0.200425,0.093457,-0.021989,0.024416,0.146540,0.041924
800800,33.8365,11,Thumb_C5_Bend,Thumb,bend,5,1.8365,Thumb cycle 5: BEND Thumb,3161,2913,2783,2976,2848,3003,2935,11506.852248,8379.187817,7212.042683,9042.359249,7765.196472,9350.000000,8602.586207,0.174509,0.184780,0.097140,-0.020786,0.022055,0.125171,0.045688
800850,34.0126,12,Index_Prep_Open,Index,prep_open,0,0.0126,OPEN HAND - prepare for Index,3146,2895,2774,2974,2842,3003,2927,11271.232877,8202.500000,7139.742619,9020.160571,7711.731844,9350.000000,8520.376712,0.150460,0.159797,0.086141,-0.023190,0.015018,0.125171,0.035695
800900,34.0130,12,Index_Prep_Open,Index,prep_open,0,0.0130,OPEN HAND - prepare for Index,3149,2918,2781,2990,2850,2992,2928,11317.758985,8429.226848,7195.890411,9200.000000,7783.132530,9222.846782,8530.591260,0.155209,0.191855,0.094682,-0.003715,0.024416,0.109869,0.036937
800950,34.0130,12,Index_Prep_Open,Index,prep_open,0,0.0130,OPEN HAND - prepare for Index,3180,2913,2781,2989,2847,2978,2923,11816.393443,8379.187817,7195.890411,9188.607595,7756.250000,9064.637422,8479.692833,0.206104,0.184780,0.094682,-0.004948,0.020878,0.090831,0.030750
801000,34.0232,12,Index_Prep_Open,Index,prep_open,0,0.0232,OPEN HAND - prepare for Index,3194,2897,2780,2978,2840,2988,2932,12052.830189,8221.869783,7187.832700,9064.637422,7694.023904,9177.235772,8571.625107,0.230238,0.162536,0.093457,-0.018373,0.012687,0.104381,0.041924
801050,34.0783,12,Index_Prep_Open,Index,prep_open,0,0.0783,OPEN HAND - prepare for Index,3185,2908,2792,2992,2851,2992,2935,11900.000000,8329.570345,7285.341520,9222.846782,7792.122186,9222.846782,8602.586207,0.214638,0.177764,0.108290,-0.001240,0.025599,0.109869,0.045688
801100,34.2705,12,Index_Prep_Open,Index,prep_open,0,0.2705,OPEN HAND - prepare for Index,3171,2906,2793,2989,2848,2977,2932,11668.181818,8309.840202,7293.548387,9188.607595,7765.196472,9053.488372,8571.625107,0.190976,0.174974,0.109539,-0.004948,0.022055,0.089489,0.041924
801150,34.2706,12,Index_Prep_Open,Index,prep_open,0,0.2706,OPEN HAND - prepare for Index,3202,2895,2793,2988,2845,2982,2933,12191.265398,8202.500000,7293.548387,9177.235772,7738.400000,9109.433962,8581.927711,0.244368,0.159797,0.109539,-0.006180,0.018528,0.096221,0.043177
801200,34.2707,12,Index_Prep_Open,Index,prep_open,0,0.2707,OPEN HAND - prepare for Index,3174,2904,2801,2979,2848,2978,2935,11717.263844,8290.176322,7359.659969,9075.806452,7765.196472,9064.637422,8602.586207,0.195986,0.172194,0.119596,-0.017164,0.022055,0.090831,0.045688
801250,34.2813,12,Index_Prep_Open,Index,prep_open,0,0.2813,OPEN HAND - prepare for Index,3155,2913,2807,2978,2844,2968,2924,11411.702128,8379.187817,7409.782609,9064.637422,7729.496403,8954.037267,8489.837746,0.164797,0.184780,0.127221,-0.018373,0.017356,0.077521,0.031983
801300,34.3145,12,Index_Prep_Open,Index,prep_open,0,0.3145,OPEN HAND - prepare for Index,3177,2895,2800,2960,2844,2984,2948,11766.666667,8202.500000,7351.351351,8866.960352,7729.496403,9131.953195,8738.622493,0.201029,0.159797,0.118332,-0.039780,0.017356,0.098931,0.062224
801350,34.5494,12,Index_Prep_Open,Index,prep_open,0,0.5494,OPEN HAND - prepare for Index,3153,2898,2815,2981,2851,2980,2937,11380.254777,8231.578947,7477.343750,9098.204668,7792.122186,9086.995516,8623.316062,0.161588,0.163908,0.137499,-0.014738,0.025599,0.093521,0.048208
801400,34.5494,12,Index_Prep_Open,Index,prep_open,0,0.5494,OPEN HAND - prepare for Index,3149,2894,2819,2970,2843,2969,2913,11317.758985,8192.839301,7511.442006,8976.000000,7720.607029,8965.008881,8379.187817,0.155209,0.158431,0.142686,-0.027972,0.016186,0.078841,0.018533
801450,34.5495,12,Index_Prep_Open,Index,prep_open,0,0.5495,OPEN HAND - prepare for Index,3151,2880,2799,2966,2845,2978,2910,11348.940678,8059.259259,7343.055556,8932.152347,7738.400000,9064.637422,8349.367089,0.158391,0.139543,0.117070,-0.032720,0.018528,0.090831,0.014908
801500,34.5495,12,Index_Prep_Open,Index,prep_open,0,0.5495,OPEN HAND - prepare for Index,3162,2892,2802,2981,2848,2972,2898,11522.829582,8173.566085,7367.981439,9098.204668,7765.196472,8998.040962,8231.578947,0.176140,0.155706,0.120862,-0.014738,0.022055,0.082816,0.000590
801550,34.6042,12,Index_Prep_Open,Index,prep_open,0,0.6042,OPEN HAND - prepare for Index,3184,2884,2808,2977,2847,2959,2894,11883.205269,8097.109827,7418.181818,9053.488372,7756.250000,8856.161972,8192.839301,0.212924,0.144895,0.128499,-0.019581,0.020878,0.065743,-0.004119
801600,34.6253,12,Index_Prep_Open,Index,prep_open,0,0.6253,OPEN HAND - prepare for Index,3159,2877,2808,2976,2844,2964,2896,11475.000000,8031.034483,7418.181818,9042.359249,7729.496403,8910.344828,8212.176814,0.171258,0.135552,0.128499,-0.020786,0.017356,0.072263,-0.001768
801650,34.7734,12,Index_Prep_Open,Index,prep_open,0,0.7734,OPEN HAND - prepare for Index,3166,2877,2819,2982,2847,2971,2895,11587.082885,8031.034483,7511.442006,9109.433962,7756.250000,8987.010676,8202.500000,0.182699,0.135552,0.142686,-0.013522,0.020878,0.081489,-0.002945
801700,34.7734,12,Index_Prep_Open,Index,prep_open,0,0.7734,OPEN HAND - prepare for Index,3159,2883,2819,2979,2842,2956,2890,11475.000000,8087.623762,7511.442006,9075.806452,7711.731844,8823.880597,8154.356846,0.171258,0.143554,0.142686,-0.017164,0.015018,0.061858,-0.008797
801750,34.7955,12,Index_Prep_Open,Index,prep_open,0,0.7955,OPEN HAND - prepare for Index,3134,2875,2811,2969,2841,2968,2898,11088.033299,8012.295082,7443.457944,8965.008881,7702.870813,8954.037267,8231.578947,0.131760,0.132903,0.132344,-0.029162,0.013852,0.077521,0.000590
801800,34.8169,12,Index_Prep_Open,Index,prep_open,0,0.8169,OPEN HAND - prepare for Index,3119,2874,2818,2984,2846,2964,2889,10865.368852,8002.948403,7502.897416,9131.953195,7747.317854,8910.344828,8144.776119,0.109033,0.131581,0.141386,-0.011083,0.019702,0.072263,-0.009961
801850,35.0234,12,Index_Prep_Open,Index,prep_open,0,1.0234,OPEN HAND - prepare for Index,3131,2882,2832,2979,2843,2970,2893,11042.946058,8078.153339,7623.752969,9075.806452,7720.607029,8976.000000,8183.194676,0.127158,0.142215,0.159771,-0.017164,0.016186,0.080164,-0.005291
801900,35.0234,12,Index_Prep_Open,Index,prep_open,0,1.0234,OPEN HAND - prepare for Index,3134,2868,2818,2972,2839,2985,2899,11088.033299,7947.188264,7502.897416,8998.040962,7685.191083,9143.243243,8241.304348,0.131760,0.123697,0.141386,-0.025585,0.011525,0.100290,0.001772
801950,35.0234,12,Index_Prep_Open,Index,prep_open,0,1.0234,OPEN HAND - prepare for Index,3118,2884,2815,2972,2844,2967,2897,10850.767656,8097.109827,7477.343750,8998.040962,7729.496403,8943.085106,8221.869783,0.107543,0.144895,0.137499,-0.025585,0.017356,0.076203,-0.000590
802000,35.0235,12,Index_Prep_Open,Index,prep_open,0,1.0235,OPEN HAND - prepare for Index,3128,2877,2810,2980,2840,2959,2922,10998.138573,8031.034483,7435.019455,9086.995516,7694.023904,8856.161972,8469.565217,0.122585,0.135552,0.131060,-0.015952,0.012687,0.065743,0.029519
802050,35.0677,12,Index_Prep_Open,Index,prep_open,0,1.0677,OPEN HAND - prepare for Index,3145,2874,2805,2969,2840,2968,2899,11255.789474,8002.948403,7393.023256,8965.008881,7694.023904,8954.037267,8241.304348,0.148883,0.131581,0.124671,-0.029162,0.012687,0.077521,0.001772
802100,35.1225,12,Index_Prep_Open,Index,prep_open,0,1.1225,OPEN HAND - prepare for Index,3125,2883,2818,2978,2846,2961,2929,10953.608247,8087.623762,7502.897416,9064.637422,7747.317854,8877.777778,8540.823328,0.118040,0.143554,0.141386,-0.018373,0.019702,0.068344,0.038180
802150,35.2792,12,Index_Prep_Open,Index,prep_open,0,1.2792,OPEN HAND - prepare for Index,3112,2883,2831,2978,2838,2952,2925,10763.784334,8087.623762,7615.031646,9064.637422,7676.372315,8781.102362,8500.000000,0.098664,0.143554,0.158445,-0.018373,0.010364,0.056710,0.033218
802200,35.2793,12,Index_Prep_Open,Index,prep_open,0,1.2793,OPEN HAND - prepare for Index,3149,2871,2803,2966,2846,2972,2936,11317.758985,7975.000000,7376.315789,8932.152347,7747.317854,8998.040962,8612.942192,0.155209,0.127629,0.122130,-0.032720,0.019702,0.082816,0.046947
802250,35.2903,12,Index_Prep_Open,Index,prep_open,0,1.2903,OPEN HAND - prepare for Index,3266,2882,2800,2976,2847,2985,3141,13394.933655,8078.153339,7351.351351,9042.359249,7756.250000,9143.243243,11194.339623,0.367227,0.142215,0.118332,-0.020786,0.020878,0.100290,0.360729
802300,35.3332,12,Index_Prep_Open,Index,prep_open,0,1.3332,OPEN HAND - prepare for Index,3340,2912,2799,2969,2846,2995,3172,15041.059603,8369.230769,7343.055556,8965.008881,7747.317854,9257.272727,11684.507042,0.535247,0.183372,0.117070,-0.029162,0.019702,0.114012,0.420311
802350,35.3770,12,Index_Prep_Open,Index,prep_open,0,1.3770,OPEN HAND - prepare for Index,3372,2922,2787,2956,2842,3011,3327,15857.261411,8469.565217,7244.495413,8823.880597,7711.731844,9444.095941,14728.906250,0.618558,0.197559,0.102077,-0.044445,0.015018,0.136494,0.790373
802400,35.5297,12,Index_Prep_Open,Index,prep_open,0,1.5297,OPEN HAND - prepare for Index,3394,2925,2799,2965,2844,3020,3257,16461.626248,8500.000000,7343.055556,8921.238938,7729.496403,9551.627907,13214.558473,0.680245,0.201862,0.117070,-0.033902,0.017356,0.149435,0.606296
802450,35.5298,12,Index_Prep_Open,Index,prep_open,0,1.5298,OPEN HAND - prepare for Index,3423,2899,2804,2987,2842,2993,3219,17318.750000,8241.304348,7384.663052,9165.884477,7711.731844,9234.301270,12493.835616,0.767732,0.165284,0.123400,-0.007409,0.015018,0.111248,0.518689
802500,35.5298,12,Index_Prep_Open,Index,prep_open,0,1.5298,OPEN HAND - prepare for Index,3841,2893,2795,2990,2843,3011,3240,51414.960630,8183.194676,7310.000000,9200.000000,7720.607029,9444.095941,12884.210526,4.247947,0.157067,0.112041,-0.003715,0.016186,0.136494,0.566141
802550,35.5731,12,Index_Prep_Open,Index,prep_open,0,1.5731,OPEN HAND - prepare for Index,3423,2911,2798,3020,2851,3027,3235,17318.750000,8359.290541,7334.772552,9551.627907,7792.122186,9636.516854,12789.534884,0.767732,0.181966,0.115810,0.034364,0.025599,0.159650,0.554633
802600,35.6269,12,Index_Prep_Open,Index,prep_open,0,1.6269,OPEN HAND - prepare for Index,3785,2925,2793,3044,2850,3097,3207,41512.903226,8500.000000,7293.548387,9847.383444,7783.132530,10550.901804,12279.054054,3.237240,0.201862,0.109539,0.066392,0.024416,0.269686,0.492581
802650,35.7946,12,Index_Prep_Open,Index,prep_open,0,1.7946,OPEN HAND - prepare for Index,3732,2939,2808,3070,2843,3102,3192,34955.371901,8644.117647,7418.181818,10183.414634,7720.607029,10621.148036,12018.604651,2.567910,0.222240,0.128499,0.102781,0.016186,0.278140,0.460922
802700,35.7947,12,Index_Prep_Open,Index,prep_open,0,1.7947,OPEN HAND - prepare for Index,3839,2927,2811,3087,2853,3118,3216,50986.718750,8520.376712,7443.457944,10412.500000,7810.144928,10850.767656,12439.590444,4.204236,0.204743,0.132344,0.127589,0.027971,0.305772,0.512095
802750,35.7947,12,Index_Prep_Open,Index,prep_open,0,1.7947,OPEN HAND - prepare for Index,3642,2924,2800,3085,2855,3151,3177,27335.099338,8489.837746,7351.351351,10385.148515,7828.225806,11348.940678,11766.666667,1.790105,0.200425,0.118332,0.124627,0.030351,0.365722,0.430298
802800,35.8276,12,Index_Prep_Open,Index,prep_open,0,1.8276,OPEN HAND - prepare for Index,3867,2945,2800,3055,2854,3170,3167,57665.789474,8706.956522,7351.351351,9987.500000,7819.178082,11651.891892,11603.232759,4.885972,0.231125,0.118332,0.081565,0.029160,0.402179,0.410432
802850,35.8712,12,Index_Prep_Open,Index,prep_open,0,1.8712,OPEN HAND - prepare for Index,3649,2932,2802,3052,2855,3132,3128,27817.488789,8571.625107,7367.981439,9948.993289,7828.225806,11057.943925,10998.138573,1.839343,0.211989,0.120862,0.077395,0.030351,0.330703,0.336879
802900,36.0472,12,Index_Prep_Open,Index,prep_open,0,2.0472,OPEN HAND - prepare for Index,3519,2932,2797,3056,2849,3083,3135,20771.875000,8571.625107,7326.502311,10000.384986,7774.157303,10357.905138,11103.125000,1.120194,0.211989,0.114552,0.082961,0.023234,0.246461,0.349641
802950,36.0473,12,Index_Prep_Open,Index,prep_open,0,2.0473,OPEN HAND - prepare for Index,3626,2919,2777,3051,2847,3100,3134,26286.567164,8439.285714,7163.732929,9936.206897,7756.250000,10592.964824,11088.033299,1.683081,0.193277,0.089790,0.076011,0.020878,0.274748,0.347807
803000,36.0473,12,Index_Prep_Open,Index,prep_open,0,2.0473,OPEN HAND - prepare for Index,3720,2918,2795,3049,2855,3134,3105,33728.000000,8429.226848,7310.000000,9910.707457,7828.225806,11088.033299,10663.636364,2.442632,0.191855,0.112041,0.073249,0.030351,0.334324,0.296219
803050,36.0796,12,Index_Prep_Open,Index,prep_open,0,2.0796,OPEN HAND - prepare for Index,3664,2927,2783,3048,2853,3135,3102,28903.944316,8520.376712,7212.042683,9897.994269,7810.144928,11103.125000,10621.148036,1.950238,0.204743,0.097140,0.071873,0.027971,0.336140,0.291054
803100,36.1429,12,Index_Prep_Open,Index,prep_open,0,2.1429,OPEN HAND - prepare for Index,3556,2918,2776,3046,2848,3125,3103,22431.168831,8429.226848,7155.724033,9872.640610,7765.196472,10953.608247,10635.282258,1.289559,0.191855,0.088572,0.069127,0.022055,0.318148,0.292772
803150,36.3012,12,Index_Prep_Open,Index,prep_open,0,2.3012,OPEN HAND - prepare for Index,3531,2921,2789,3059,2855,3116,3093,21286.170213,8459.454855,7260.796325,10039.189189,7828.225806,10821.654750,10495.209581,1.172689,0.196129,0.104556,0.087163,0.030351,0.302269,0.275746
803200,36.3013,12,Index_Prep_Open,Index,prep_open,0,2.3013,OPEN HAND - prepare for Index,3479,2920,2785,3056,2850,3101,3081,19202.272727,8449.361702,7228.244275,10000.384986,7783.132530,10607.042254,10330.769231,0.959984,0.194702,0.099604,0.082961,0.024416,0.276442,0.255757
803250,36.3013,12,Index_Prep_Open,Index,prep_open,0,2.3013,OPEN HAND - prepare for Index,3443,2911,2775,3050,2851,3071,3092,17954.294479,8359.290541,7147.727273,9923.444976,7792.122186,10196.679688,10481.355932,0.832603,0.181966,0.087356,0.074629,0.025599,0.227060,0.274062
803300,36.3232,12,Index_Prep_Open,Index,prep_open,0,2.3232,OPEN HAND - prepare for Index,3526,2915,2793,3066,2850,3085,3100,21069.244288,8399.152542,7293.548387,10130.612245,7783.132530,10385.148515,10592.964824,1.150547,0.187603,0.109539,0.097063,0.024416,0.249740,0.287629
803350,36.3771,12,Index_Prep_Open,Index,prep_open,0,2.3771,OPEN HAND - prepare for Index,3674,2911,2786,3081,2849,3061,3094,29671.258907,8359.290541,7236.363636,10330.769231,7774.157303,10065.183752,10509.090909,2.028558,0.181966,0.100839,0.118739,0.023234,0.211236,0.277433
803400,36.4096,12,Index_Prep_Open,Index,prep_open,0,2.4096,OPEN HAND - prepare for Index,3691,2914,2767,3068,2846,3086,3115,31062.871287,8389.161727,7084.186747,10156.962025,7747.317854,10398.810704,10807.142857,2.170601,0.186190,0.077689,0.099917,0.019702,0.251384,0.313663
803450,36.5651,12,Index_Prep_Open,Index,prep_open,0,2.5651,OPEN HAND - prepare for Index,3812,2925,2777,3091,2851,3073,3084,45797.879859,8500.000000,7163.732929,10467.529880,7792.122186,10223.287671,10371.513353,3.674609,0.201862,0.089790,0.133549,0.025599,0.230262,0.260710
803500,36.5652,12,Index_Prep_Open,Index,prep_open,0,2.5652,OPEN HAND - prepare for Index,3672,2919,2777,3076,2854,3054,3085,29514.893617,8439.285714,7163.732929,10263.395486,7819.178082,9974.639769,10385.148515,2.012598,0.193277,0.089790,0.111443,0.029160,0.200340,0.262367
803550,36.5753,12,Index_Prep_Open,Index,prep_open,0,2.5753,OPEN HAND - prepare for Index,3624,2912,2769,3048,2848,3067,3102,26160.509554,8369.230769,7100.000000,9897.994269,7765.196472,10143.774319,10621.148036,1.670215,0.183372,0.080095,0.071873,0.022055,0.220693,0.291054
803600,36.6406,12,Index_Prep_Open,Index,prep_open,0,2.6406,OPEN HAND - prepare for Index,3591,2917,2781,3065,2854,3062,3092,24225.000000,8419.185059,7195.890411,10117.475728,7819.178082,10078.218780,10481.355932,1.472656,0.190435,0.094682,0.095641,0.029160,0.212804,0.274062
803650,36.8143,12,Index_Prep_Open,Index,prep_open,0,2.8143,OPEN HAND - prepare for Index,3542,2921,2791,3060,2849,3034,3085,21777.215190,8459.454855,7277.147239,10052.173913,7774.157303,9722.525919,10385.148515,1.222810,0.196129,0.107044,0.088569,0.023234,0.170000,0.262367
803700,36.8144,12,Index_Prep_Open,Index,prep_open,0,2.8144,OPEN HAND - prepare for Index,3640,2905,2775,3053,2847,3063,3089,27200.000000,8300.000000,7147.727273,9961.804223,7756.250000,10091.279070,10439.960239,1.776316,0.173583,0.087356,0.078783,0.020878,0.214376,0.269030
803750,36.8144,12,Index_Prep_Open,Index,prep_open,0,2.8144,OPEN HAND - prepare for Index,3610,2925,2786,3051,2853,3058,3093,25307.216495,8500.000000,7236.363636,9936.206897,7810.144928,10026.229508,10495.209581,1.583119,0.201862,0.100839,0.076011,0.027971,0.206548,0.275746
803800,36.8144,12,Index_Prep_Open,Index,prep_open,0,2.8144,OPEN HAND - prepare for Index,3547,2921,2788,3051,2852,3035,3087,22006.934307,8459.454855,7252.639633,9936.206897,7801.126307,9734.905660,10412.500000,1.246257,0.196129,0.103315,0.076011,0.026784,0.171490,0.265692
803850,36.8897,12,Index_Prep_Open,Index,prep_open,0,2.8897,OPEN HAND - prepare for Index,3499,2909,2776,3067,2850,3048,3089,19960.738255,8339.460371,7155.724033,10143.774319,7783.132530,9897.994269,10439.960239,1.037401,0.179162,0.088572,0.098489,0.024416,0.191116,0.269030
803900,36.9218,12,Index_Prep_Open,Index,prep_open,0,2.9218,OPEN HAND - prepare for Index,3519,2906,2797,3064,2851,3029,3089,20771.875000,8309.840202,7326.502311,10104.364694,7792.122186,9660.975610,10439.960239,1.120194,0.174974,0.114552,0.094221,0.025599,0.162593,0.269030
803950,37.0741,12,Index_Prep_Open,Index,prep_open,0,3.0741,OPEN HAND - prepare for Index,3549,2926,2801,3055,2847,3010,3068,22100.000000,8510.179641,7359.659969,9987.500000,7756.250000,9432.258065,10156.962025,1.255757,0.203301,0.119596,0.081565,0.020878,0.135070,0.234630
804000,37.0741,12,Index_Prep_Open,Index,prep_open,0,3.0741,OPEN HAND - prepare for Index,3656,2927,2795,3052,2846,3035,3088,28315.261959,8520.376712,7310.000000,9948.993289,7747.317854,9734.905660,10426.216485,1.890151,0.204743,0.112041,0.077395,0.019702,0.171490,0.267359
804050,37.1061,12,Index_Prep_Open,Index,prep_open,0,3.1061,OPEN HAND - prepare for Index,3720,2929,2810,3058,2849,3032,3094,33728.000000,8540.823328,7435.019455,10026.229508,7774.157303,9697.836312,10509.090909,2.442632,0.207634,0.131060,0.085759,0.023234,0.167029,0.277433
804100,37.1494,12,Index_Prep_Open,Index,prep_open,0,3.1494,OPEN HAND - prepare for Index,3815,2927,2809,3065,2851,3030,3067,46325.000000,8520.376712,7426.594090,10117.475728,7792.122186,9673.239437,10143.774319,3.728413,0.204743,0.129778,0.095641,0.025599,0.164069,0.233027
804150,37.1596,12,Index_Prep_Open,Index,prep_open,0,3.1596,OPEN HAND - prepare for Index,3769,2914,2795,3050,2843,3046,3081,39308.588957,8389.161727,7310.000000,9923.444976,7720.607029,9872.640610,10330.769231,3.012245,0.186190,0.112041,0.074629,0.016186,0.188065,0.255757
804200,37.3356,12,Index_Prep_Open,Index,prep_open,0,3.3356,OPEN HAND - prepare for Index,3697,2908,2807,3054,2850,3024,3087,31582.412060,8329.570345,7409.782609,9974.639769,7783.132530,9600.000000,10412.500000,2.223630,0.177764,0.127221,0.080173,0.024416,0.155256,0.265692
804250,37.3356,12,Index_Prep_Open,Index,prep_open,0,3.3356,OPEN HAND - prepare for Index,3677,2913,2804,3057,2852,3013,3072,29908.612440,8379.187817,7384.663052,10013.294798,7801.126307,9467.837338,10209.970674,2.052785,0.184780,0.123400,0.084359,0.026784,0.139351,0.241074
804300,37.3356,12,Index_Prep_Open,Index,prep_open,0,3.3356,OPEN HAND - prepare for Index,3586,2918,2801,3058,2841,3034,3074,23953.634578,8429.226848,7359.659969,10026.229508,7702.870813,9722.525919,10236.630754,1.444958,0.191855,0.119596,0.085759,0.013852,0.170000,0.244314
804350,37.4013,12,Index_Prep_Open,Index,prep_open,0,3.4013,OPEN HAND - prepare for Index,3617,2922,2814,3061,2849,3033,3070,25727.615063,8469.565217,7468.852459,10065.183752,7774.157303,9710.169492,10183.414634,1.626029,0.197559,0.136207,0.089978,0.023234,0.168513,0.237846
804400,37.4234,12,Index_Prep_Open,Index,prep_open,0,3.4234,OPEN HAND - prepare for Index,3199,2926,2813,3061,2846,3017,3063,12139.062500,8510.179641,7460.374415,10065.183752,7747.317854,9515.584416,10091.279070,0.239039,0.203301,0.134917,0.089978,0.019702,0.145097,0.226646
804450,37.5863,12,Index_Prep_Open,Index,prep_open,0,3.5863,OPEN HAND - prepare for Index,3208,2929,2803,3044,2847,3022,3079,12296.730552,8540.823328,7376.315789,9847.383444,7756.250000,9575.768872,10303.740157,0.255133,0.207634,0.122130,0.066392,0.020878,0.152340,0.252472
804500,37.5863,12,Index_Prep_Open,Index,prep_open,0,3.5863,OPEN HAND - prepare for Index,3332,2930,2811,3046,2847,3007,3070,14847.706422,8551.072961,7443.457944,9872.640610,7756.250000,9396.875000,10183.414634,0.515512,0.209083,0.132344,0.069127,0.020878,0.130812,0.237846
804550,37.6070,12,Index_Prep_Open,Index,prep_open,0,3.6070,OPEN HAND - prepare for Index,3198,2908,2812,3054,2848,3009,3055,12121.739130,8329.570345,7451.909587,9974.639769,7765.196472,9420.441989,9987.500000,0.237271,0.177764,0.133630,0.080173,0.022055,0.133648,0.214031
804600,37.6287,12,Index_Prep_Open,Index,prep_open,0,3.6287,OPEN HAND - prepare for Index,3216,2912,2799,3037,2842,3008,3065,12439.590444,8369.230769,7343.055556,9759.735350,7711.731844,9408.647654,10117.475728,0.269714,0.183372,0.117070,0.056900,0.015018,0.132229,0.229830
804650,37.6727,12,Index_Prep_Open,Index,prep_open,0,3.6727,OPEN HAND - prepare for Index,3221,2926,2807,3048,2850,3001,3063,12530.205950,8510.179641,7409.782609,9897.994269,7783.132530,9326.691042,10091.279070,0.278964,0.203301,0.127221,0.071873,0.024416,0.122366,0.226646
804700,37.8551,12,Index_Prep_Open,Index,prep_open,0,3.8551,OPEN HAND - prepare for Index,3220,2920,2800,3045,2847,2986,3055,12512.000000,8449.361702,7351.351351,9860.000000,7756.250000,9154.553652,9987.500000,0.277105,0.194702,0.118332,0.067758,0.020878,0.101651,0.214031
804750,37.8551,12,Index_Prep_Open,Index,prep_open,0,3.8551,OPEN HAND - prepare for Index,3234,2905,2791,3038,2848,3011,3047,12770.731707,8300.000000,7277.147239,9772.185430,7765.196472,9444.095941,9885.305344,0.303514,0.173583,0.107044,0.058248,0.022055,0.136494,0.201609
804800,37.8552,12,Index_Prep_Open,Index,prep_open,0,3.8552,OPEN HAND - prepare for Index,3244,2907,2799,3048,2849,3000,3040,12960.752056,8319.696970,7343.055556,9897.994269,7774.157303,9315.068493,9797.156398,0.322910,0.176368,0.117070,0.071873,0.023234,0.120967,0.190894
804850,37.8656,12,Index_Prep_Open,Index,prep_open,0,3.8656,OPEN HAND - prepare for Index,3251,2914,2796,3050,2846,2991,3041,13096.445498,8389.161727,7318.244804,9923.444976,7747.317854,9211.413043,9809.677419,0.336760,0.186190,0.113296,0.074629,0.019702,0.108494,0.192416
804900,37.9315,12,Index_Prep_Open,Index,prep_open,0,3.9315,OPEN HAND - prepare for Index,3264,2908,2788,3039,2846,2998,3054,13354.512635,8329.570345,7252.639633,9784.659091,7747.317854,9291.886964,9974.639769,0.363101,0.177764,0.103315,0.059599,0.019702,0.118178,0.212468
804950,38.1101,13,Index_C1_Open,Index,open,1,0.1101,Index cycle 1: OPEN,3244,2913,2801,3047,2848,2990,3053,12960.752056,8379.187817,7359.659969,9885.305344,7765.196472,9200.000000,9961.804223,0.322910,0.184780,0.119596,0.070498,0.022055,0.107120,0.210908
805000,38.1105,13,Index_C1_Open,Index,open,1,0.1105,Index cycle 1: OPEN,3254,2911,2797,3057,2846,2987,3041,13155.291320,8359.290541,7326.502311,10013.294798,7747.317854,9165.884477,9809.677419,0.342766,0.181966,0.114552,0.084359,0.019702,0.103015,0.192416
805050,38.1106,13,Index_C1_Open,Index,open,1,0.1106,Index cycle 1: OPEN,3246,2904,2784,3044,2844,2991,3050,12999.293286,8290.176322,7220.137300,9847.383444,7729.496403,9211.413043,9923.444976,0.326844,0.172194,0.098371,0.066392,0.017356,0.108494,0.206245
805100,38.1212,13,Index_C1_Open,Index,open,1,0.1212,Index cycle 1: OPEN,3227,2915,2794,3051,2847,2980,3043,12640.322581,8399.152542,7301.767871,9936.206897,7756.250000,9086.995516,9834.790875,0.290203,0.187603,0.110789,0.076011,0.020878,0.093521,0.195469
805150,38.1964,13,Index_C1_Open,Index,open,1,0.1964,Index cycle 1: OPEN,3231,2915,2787,3051,2847,2975,3034,12714.583333,8399.152542,7244.495413,9936.206897,7756.250000,9031.250000,9722.525919,0.297783,0.187603,0.102077,0.076011,0.020878,0.086813,0.181822
805200,38.3670,13,Index_C1_Open,Index,open,1,0.3670,Index cycle 1: OPEN,3239,2911,2782,3033,2840,2977,3040,12865.186916,8359.290541,7203.960396,9710.169492,7694.023904,9053.488372,9797.156398,0.313155,0.181966,0.095910,0.051533,0.012687,0.089489,0.190894
805250,38.3671,13,Index_C1_Open,Index,open,1,0.3671,Index cycle 1: OPEN,3208,2923,2794,3041,2848,2977,3035,12296.730552,8479.692833,7301.767871,9809.677419,7765.196472,9053.488372,9734.905660,0.255133,0.198991,0.110789,0.062309,0.022055,0.089489,0.183327
805300,38.3671,13,Index_C1_Open,Index,open,1,0.3671,Index cycle 1: OPEN,3211,2907,2790,3033,2847,2969,3025,12350.000000,8319.696970,7268.965517,9710.169492,7756.250000,8965.008881,9612.149533,0.260570,0.176368,0.105799,0.051533,0.020878,0.078841,0.168405
805350,38.3777,13,Index_C1_Open,Index,open,1,0.3777,Index cycle 1: OPEN,3215,2914,2779,3018,2847,2984,3026,12421.590909,8389.161727,7179.787234,9527.576602,7756.250000,9131.953195,9624.321796,0.267877,0.186190,0.092233,0.031759,0.020878,0.098931,0.169885
805400,38.4109,13,Index_C1_Open,Index,open,1,0.4109,Index cycle 1: OPEN,3215,2925,2798,3031,2850,2982,3027,12421.590909,8500.000000,7334.772552,9685.526316,7783.132530,9109.433962,9636.516854,0.267877,0.201862,0.115810,0.048864,0.024416,0.096221,0.171367
805450,38.6133,13,Index_C1_Open,Index,open,1,0.6133,Index cycle 1: OPEN,3226,2918,2799,3034,2847,2967,3019,12621.864212,8429.226848,7343.055556,9722.525919,7756.250000,8943.085106,9539.591078,0.288319,0.191855,0.117070,0.052871,0.020878,0.076203,0.159586
805500,38.6134,13,Index_C1_Open,Index,open,1,0.6134,Index cycle 1: OPEN,3222,2912,2786,3024,2846,2981,3024,12548.453608,8369.230769,7236.363636,9600.000000,7747.317854,9098.204668,9600.000000,0.280826,0.183372,0.100839,0.039602,0.019702,0.094870,0.166929
805550,38.6134,13,Index_C1_Open,Index,open,1,0.6134,Index cycle 1: OPEN,3206,2918,2788,3036,2848,2977,3029,12261.417323,8429.226848,7252.639633,9747.308782,7765.196472,9053.488372,9660.975610,0.251528,0.191855,0.103315,0.055555,0.022055,0.089489,0.174341
805600,38.6356,13,Index_C1_Open,Index,open,1,0.6356,Index cycle 1: OPEN,3206,2921,2790,3028,2848,2969,3023,12261.417323,8459.454855,7268.965517,9648.734770,7765.196472,8965.008881,9587.873134,0.251528,0.196129,0.105799,0.044880,0.022055,0.078841,0.165455
805650,38.6785,13,Index_C1_Open,Index,open,1,0.6785,Index cycle 1: OPEN,3194,2930,2778,3026,2844,2977,3024,12052.830189,8551.072961,7171.753986,9624.321796,7729.496403,9053.488372,9600.000000,0.230238,0.209083,0.091011,0.042236,0.017356,0.089489,0.166929
805700,38.7221,13,Index_C1_Open,Index,open,1,0.7221,Index cycle 1: OPEN,3168,2932,2789,3025,2847,2971,3014,11619.417476,8571.625107,7260.796325,9612.149533,7756.250000,8987.010676,9479.740981,0.185999,0.211989,0.104556,0.040918,0.020878,0.081489,0.152311
805750,38.8670,13,Index_C1_Open,Index,open,1,0.8670,Index cycle 1: OPEN,3170,2928,2796,3025,2846,2959,3011,11651.891892,8530.591260,7318.244804,9612.149533,7747.317854,8856.161972,9444.095941,0.189314,0.206187,0.113296,0.040918,0.019702,0.065743,0.147978
805800,38.8670,13,Index_C1_Open,Index,open,1,0.8670,Index cycle 1: OPEN,3167,2927,2785,3021,2845,2973,3014,11603.232759,8520.376712,7228.244275,9563.687151,7738.400000,9009.090909,9479.740981,0.184347,0.204743,0.099604,0.035670,0.018528,0.084146,0.152311
805850,38.8781,13,Index_C1_Open,Index,open,1,0.8781,Index cycle 1: OPEN,3185,2971,2802,3020,2847,2966,3019,11900.000000,8987.010676,7367.981439,9551.627907,7756.250000,8932.152347,9539.591078,0.214638,0.270723,0.120862,0.034364,0.020878,0.074888,0.159586
805900,38.9224,13,Index_C1_Open,Index,open,1,0.9224,Index cycle 1: OPEN,3227,2978,2804,3020,2845,2973,3005,12640.322581,9064.637422,7384.663052,9551.627907,7738.400000,9009.090909,9373.394495,0.290203,0.281699,0.123400,0.034364,0.018528,0.084146,0.139384
805950,38.9750,13,Index_C1_Open,Index,open,1,0.9750,Index cycle 1: OPEN,3216,2948,2795,3009,2844,2977,3015,12439.590444,8738.622493,7310.000000,9420.441989,7729.496403,9053.488372,9491.666667,0.269714,0.235602,0.112041,0.020158,0.017356,0.089489,0.153760
806000,39.1356,13,Index_C1_Open,Index,open,1,1.1356,Index cycle 1: OPEN,3192,2946,2808,3021,2845,2972,3021,12018.604651,8717.493473,7418.181818,9563.687151,7738.400000,8998.040962,9563.687151,0.226744,0.232615,0.128499,0.035670,0.018528,0.082816,0.162515
806050,39.1356,13,Index_C1_Open,Index,open,1,1.1356,Index cycle 1: OPEN,3186,2947,2805,3011,2845,2957,3008,11916.831683,8728.048780,7393.023256,9444.095941,7738.400000,8834.622144,9408.647654,0.216356,0.234107,0.124671,0.022719,0.018528,0.063151,0.143669
806100,39.1357,13,Index_C1_Open,Index,open,1,1.1357,Index cycle 1: OPEN,3184,2946,2792,3000,2843,2980,3018,11883.205269,8717.493473,7285.341520,9315.068493,7720.607029,9086.995516,9527.576602,0.212924,0.232615,0.108290,0.008746,0.016186,0.093521,0.158125
806150,39.1793,13,Index_C1_Open,Index,open,1,1.1793,Index cycle 1: OPEN,3167,2963,2794,3005,2845,2979,3018,11603.232759,8899.469965,7301.767871,9373.394495,7738.400000,9075.806452,9527.576602,0.184347,0.258345,0.110789,0.015063,0.018528,0.092175,0.158125
806200,39.2229,13,Index_C1_Open,Index,open,1,1.2229,Index cycle 1: OPEN,3179,2961,2801,2997,2846,2959,3010,11799.781659,8877.777778,7359.659969,9280.327869,7747.317854,8856.161972,9432.258065,0.204409,0.255278,0.119596,0.004984,0.019702,0.065743,0.146539
806250,39.3872,13,Index_C1_Open,Index,open,1,1.3872,Index cycle 1: OPEN,3181,2951,2789,2987,2843,2967,3024,11833.041575,8770.454545,7260.796325,9165.884477,7720.607029,8943.085106,9600.000000,0.207804,0.240103,0.104556,-0.007409,0.016186,0.076203,0.166929
806300,39.3873,13,Index_C1_Open,Index,open,1,1.3873,Index cycle 1: OPEN,3167,2945,2800,3009,2843,2964,3022,11603.232759,8706.956522,7351.351351,9420.441989,7720.607029,8910.344828,9575.768872,0.184347,0.231125,0.118332,0.020158,0.016186,0.072263,0.163983
806350,39.3873,13,Index_C1_Open,Index,open,1,1.3873,Index cycle 1: OPEN,3151,2943,2804,3020,2844,2958,3005,11348.940678,8685.937500,7384.663052,9551.627907,7729.496403,8845.382586,9373.394495,0.158391,0.228153,0.123400,0.034364,0.017356,0.064446,0.139384
806400,39.4309,13,Index_C1_Open,Index,open,1,1.4309,Index cycle 1: OPEN,3165,2926,2792,3012,2840,2973,3015,11570.967742,8510.179641,7285.341520,9455.955679,7694.023904,9009.090909,9491.666667,0.181054,0.203301,0.108290,0.024003,0.012687,0.084146,0.153760
806450,39.4846,13,Index_C1_Open,Index,open,1,1.4846,Index cycle 1: OPEN,3158,2928,2797,3009,2844,2961,3020,11459.124867,8530.591260,7326.502311,9420.441989,7729.496403,8877.777778,9551.627907,0.169638,0.206187,0.114552,0.020158,0.017356,0.068344,0.161049
806500,39.6378,13,Index_C1_Open,Index,open,1,1.6378,Index cycle 1: OPEN,3165,2922,2789,3014,2843,2955,3007,11570.967742,8469.565217,7260.796325,9479.740981,7720.607029,8813.157895,9396.875000,0.181054,0.197559,0.104556,0.026579,0.016186,0.060568,0.142238
806550,39.6378,13,Index_C1_Open,Index,open,1,1.6378,Index cycle 1: OPEN,3149,2929,2786,3002,2836,2974,3021,11317.758985,8540.823328,7236.363636,9338.334858,7658.776807,9020.160571,9563.687151,0.155209,0.207634,0.100839,0.011266,0.008048,0.085478,0.162515
806600,39.6484,13,Index_C1_Open,Index,open,1,1.6484,Index cycle 1: OPEN,3138,2945,2797,3019,2844,2969,3015,11148.589342,8706.956522,7326.502311,9539.591078,7729.496403,8965.008881,9491.666667,0.137941,0.231125,0.114552,0.033060,0.017356,0.078841,0.153760
806650,39.6804,13,Index_C1_Open,Index,open,1,1.6804,Index cycle 1: OPEN,3143,2938,2796,3011,2843,2959,2996,11225.000000,8633.707865,7318.244804,9444.095941,7720.607029,8856.161972,9268.789809,0.145741,0.220768,0.113296,0.022719,0.016186,0.065743,0.126668
806700,39.7234,13,Index_C1_Open,Index,open,1,1.7234,Index cycle 1: OPEN,3141,2926,2784,3015,2840,2959,3007,11194.339623,8510.179641,7220.137300,9491.666667,7694.023904,8856.161972,9396.875000,0.142611,0.203301,0.098371,0.027871,0.012687,0.065743,0.142238
806750,39.9008,13,Index_C1_Open,Index,open,1,1.9008,Index cycle 1: OPEN,3149,2925,2798,3028,2845,2962,3007,11317.758985,8500.000000,7334.772552,9648.734770,7738.400000,8888.614298,9396.875000,0.155209,0.201862,0.115810,0.044880,0.018528,0.069648,0.142238
806800,39.9008,13,Index_C1_Open,Index,open,1,1.9008,Index cycle 1: OPEN,3140,2928,2795,3027,2842,2957,3003,11179.057592,8530.591260,7310.000000,9636.516854,7711.731844,8834.622144,9350.000000,0.141051,0.206187,0.112041,0.043557,0.015018,0.063151,0.136540
806850,39.9009,13,Index_C1_Open,Index,open,1,1.9009,Index cycle 1: OPEN,3152,2922,2786,3015,2842,2975,3016,11364.581124,8469.565217,7236.363636,9491.666667,7711.731844,9031.250000,9503.614458,0.159988,0.197559,0.100839,0.027871,0.015018,0.086813,0.155212
806900,39.9224,13,Index_C1_Open,Index,open,1,1.9224,Index cycle 1: OPEN,3139,2891,2793,3015,2844,2980,3016,11163.807531,8163.953488,7293.548387,9491.666667,7729.496403,9086.995516,9503.614458,0.139495,0.154347,0.109539,0.027871,0.017356,0.093521,0.155212
806950,39.9654,13,Index_C1_Open,Index,open,1,1.9654,Index cycle 1: OPEN,3147,2896,2783,3018,2842,2962,3008,11286.708861,8212.176814,7212.042683,9527.576602,7711.731844,8888.614298,9408.647654,0.152039,0.161165,0.097140,0.031759,0.015018,0.069648,0.143669
807000,40.1725,14,Index_C1_Bend,Index,bend,1,0.1725,Index cycle 1: BEND Index,3157,2877,2775,3003,2843,2980,3020,11443.283582,8031.034483,7147.727273,9350.000000,7720.607029,9086.995516,9551.627907,0.168021,0.135552,0.087356,0.012529,0.016186,0.093521,0.161049
807050,40.1726,14,Index_C1_Bend,Index,bend,1,0.1726,Index cycle 1: BEND Index,3151,2894,2786,3014,2847,2974,3011,11348.940678,8192.839301,7236.363636,9479.740981,7756.250000,9020.160571,9444.095941,0.158391,0.158431,0.100839,0.026579,0.020878,0.085478,0.147978
807100,40.1727,14,Index_C1_Bend,Index,bend,1,0.1727,Index cycle 1: BEND Index,3153,2907,2788,3016,2844,2966,3003,11380.254777,8319.696970,7252.639633,9503.614458,7729.496403,8932.152347,9350.000000,0.161588,0.176368,0.103315,0.029164,0.017356,0.074888,0.136540
807150,40.1837,14,Index_C1_Bend,Index,bend,1,0.1837,Index cycle 1: BEND Index,3146,2899,2789,3007,2840,2979,3006,11271.232877,8241.304348,7260.796325,9396.875000,7694.023904,9075.806452,9385.123967,0.150460,0.165284,0.104556,0.017605,0.012687,0.092175,0.140809
807200,40.2274,14,Index_C1_Bend,Index,bend,1,0.2274,Index cycle 1: BEND Index,3144,2909,2809,3010,2846,2979,3012,11240.378549,8339.460371,7426.594090,9432.258065,7747.317854,9075.806452,9455.955679,0.147310,0.179162,0.129778,0.021437,0.019702,0.092175,0.149419
807250,40.4164,14,Index_C1_Bend,Index,bend,1,0.4164,Index cycle 1: BEND Index,3148,2914,2811,3013,2848,2966,3015,11302.217529,8389.161727,7443.457944,9467.837338,7765.196472,8932.152347,9491.666667,0.153622,0.186190,0.132344,0.025290,0.022055,0.074888,0.153760
807300,40.4165,14,Index_C1_Bend,Index,bend,1,0.4165,Index cycle 1: BEND Index,3138,2913,2794,3006,2843,2976,3025,11148.589342,8379.187817,7301.767871,9385.123967,7720.607029,9042.359249,9612.149533,0.137941,0.184780,0.110789,0.016333,0.016186,0.088150,0.168405
807350,40.4165,14,Index_C1_Bend,Index,bend,1,0.4165,Index cycle 1: BEND Index,3123,2923,2807,3009,2848,2976,3021,10924.074074,8479.692833,7409.782609,9420.441989,7765.196472,9042.359249,9563.687151,0.115025,0.198991,0.127221,0.020158,0.022055,0.088150,0.162515
807400,40.4165,14,Index_C1_Bend,Index,bend,1,0.4165,Index cycle 1: BEND Index,3125,2913,2810,3004,2847,2962,3012,10953.608247,8379.187817,7435.019455,9361.686526,7756.250000,8888.614298,9455.955679,0.118040,0.184780,0.131060,0.013795,0.020878,0.069648,0.149419
807450,40.4602,14,Index_C1_Bend,Index,bend,1,0.4602,Index cycle 1: BEND Index,3117,2905,2800,2986,2843,2977,3011,10836.196319,8300.000000,7351.351351,9154.553652,7720.607029,9053.488372,9444.095941,0.106055,0.173583,0.118332,-0.008636,0.016186,0.089489,0.147978
807500,40.6541,14,Index_C1_Bend,Index,bend,1,0.6541,Index cycle 1: BEND Index,3108,2944,2816,2993,2849,2976,3010,10706.382979,8696.437880,7485.848319,9234.301270,7774.157303,9042.359249,9432.258065,0.092805,0.229637,0.138793,0.000000,0.023234,0.088150,0.146539
807550,40.6541,14,Index_C1_Bend,Index,bend,1,0.6541,Index cycle 1: BEND Index,3091,2937,2821,2989,2848,2968,3003,10467.529880,8623.316062,7528.571429,9188.607595,7765.196472,8954.037267,9350.000000,0.068425,0.219298,0.145292,-0.004948,0.022055,0.077521,0.136540
807600,40.6541,14,Index_C1_Bend,Index,bend,1,0.6541,Index cycle 1: BEND Index,3071,2930,2798,2983,2841,2977,3008,10196.679688,8551.072961,7334.772552,9120.683453,7702.870813,9053.488372,9408.647654,0.040780,0.209083,0.115810,-0.012304,0.013852,0.089489,0.143669
807650,40.6542,14,Index_C1_Bend,Index,bend,1,0.6542,Index cycle 1: BEND Index,3064,2937,2818,2991,2848,2961,3013,10104.364694,8623.316062,7502.897416,9211.413043,7765.196472,8877.777778,9467.837338,0.031357,0.219298,0.141386,-0.002479,0.022055,0.068344,0.150864
807700,40.7203,14,Index_C1_Bend,Index,bend,1,0.7203,Index cycle 1: BEND Index,3081,2934,2807,2990,2848,2960,3003,10330.769231,8592.248062,7409.782609,9200.000000,7765.196472,8866.960352,9350.000000,0.054466,0.214905,0.127221,-0.003715,0.022055,0.067042,0.136540
807750,40.7642,14,Index_C1_Bend,Index,bend,1,0.7642,Index cycle 1: BEND Index,3081,2944,2791,2972,2843,2966,3003,10330.769231,8696.437880,7277.147239,8998.040962,7720.607029,8932.152347,9350.000000,0.054466,0.229637,0.107044,-0.025585,0.016186,0.074888,0.136540
807800,40.9164,14,Index_C1_Bend,Index,bend,1,0.9164,Index cycle 1: BEND Index,3076,2927,2796,2981,2846,2954,3000,10263.395486,8520.376712,7318.244804,9098.204668,7747.317854,8802.453988,9315.068493,0.047589,0.204743,0.113296,-0.014738,0.019702,0.059280,0.132294
807850,40.9165,14,Index_C1_Bend,Index,bend,1,0.9165,Index cycle 1: BEND Index,3082,2930,2798,2985,2847,2937,2990,10344.323791,8551.072961,7334.772552,9143.243243,7756.250000,8623.316062,9200.000000,0.055850,0.209083,0.115810,-0.009861,0.020878,0.037722,0.118307
807900,40.9271,14,Index_C1_Bend,Index,bend,1,0.9271,Index cycle 1: BEND Index,3087,2922,2789,2974,2850,2947,2995,10412.500000,8469.565217,7260.796325,9020.160571,7783.132530,8728.048780,9257.272727,0.062808,0.197559,0.104556,-0.023190,0.024416,0.050326,0.125268
807950,40.9601,14,Index_C1_Bend,Index,bend,1,0.9601,Index cycle 1: BEND Index,3089,2927,2799,2985,2848,2946,2997,10439.960239,8520.376712,7343.055556,9143.243243,7765.196472,8717.493473,9280.327869,0.065611,0.204743,0.117070,-0.009861,0.022055,0.049056,0.128071
808000,41.0146,14,Index_C1_Bend,Index,bend,1,1.0146,Index cycle 1: BEND Index,3098,2917,2792,2986,2850,2944,2992,10564.894684,8419.185059,7285.341520,9154.553652,7783.132530,8696.437880,9222.846782,0.078363,0.190435,0.108290,-0.008636,0.024416,0.046522,0.121084
808050,41.1646,14,Index_C1_Bend,Index,bend,1,1.1646,Index cycle 1: BEND Index,3096,2914,2782,2968,2848,2945,2992,10536.936937,8389.161727,7203.960396,8954.037267,7765.196472,8706.956522,9222.846782,0.075510,0.186190,0.095910,-0.030350,0.022055,0.047788,0.121084
808100,41.1647,14,Index_C1_Bend,Index,bend,1,1.1647,Index cycle 1: BEND Index,3089,2937,2800,2975,2851,2953,2992,10439.960239,8623.316062,7351.351351,9031.250000,7792.122186,8791.768827,9222.846782,0.065611,0.219298,0.118332,-0.021989,0.025599,0.057994,0.121084
808150,41.1647,14,Index_C1_Bend,Index,bend,1,1.1647,Index cycle 1: BEND Index,3103,2956,2798,2975,2851,2949,2985,10635.282258,8823.880597,7334.772552,9031.250000,7792.122186,8749.214660,9143.243243,0.085548,0.247657,0.115810,-0.021989,0.025599,0.052873,0.111408
808200,41.2081,14,Index_C1_Bend,Index,bend,1,1.2081,Index cycle 1: BEND Index,3108,3018,2805,2979,2846,2999,2996,10706.382979,9527.576602,7393.023256,9075.806452,7747.317854,9303.467153,9268.789809,0.092805,0.347157,0.124671,-0.017164,0.019702,0.119571,0.126668
808250,41.2733,14,Index_C1_Bend,Index,bend,1,1.2733,Index cycle 1: BEND Index,3128,3083,2837,2992,2850,3060,2995,10998.138573,10357.905138,7667.567568,9222.846782,7783.132530,10052.173913,9257.272727,0.122585,0.464561,0.166437,-0.001240,0.024416,0.209670,0.125268
808300,41.4306,14,Index_C1_Bend,Index,bend,1,1.4306,Index cycle 1: BEND Index,3182,3190,2862,3007,2849,3054,2993,11849.726177,11984.530387,7891.970803,9396.875000,7774.157303,9974.639769,9234.301270,0.209507,0.694559,0.200574,0.017605,0.023234,0.200340,0.122476
808350,41.4307,14,Index_C1_Bend,Index,bend,1,1.4307,Index cycle 1: BEND Index,3149,3227,2890,3006,2848,3103,3008,11317.758985,12640.322581,8154.356846,9385.123967,7765.196472,10635.282258,9408.647654,0.155209,0.787285,0.240490,0.016333,0.022055,0.279841,0.143669
808400,41.4524,14,Index_C1_Bend,Index,bend,1,1.4524,Index cycle 1: BEND Index,3153,3225,2882,3013,2853,3124,3032,11380.254777,12603.448276,8078.153339,9467.837338,7810.144928,10938.825953,9697.836312,0.161588,0.782071,0.228898,0.025290,0.027971,0.316369,0.178821
808450,41.4625,14,Index_C1_Bend,Index,bend,1,1.4625,Index cycle 1: BEND Index,3182,3303,2873,3033,2851,3110,3028,11849.726177,14179.545455,7993.617021,9710.169492,7792.122186,10735.025381,9648.734770,0.209507,1.004924,0.216037,0.051533,0.025599,0.291844,0.172853
808500,41.5276,14,Index_C1_Bend,Index,bend,1,1.5276,Index cycle 1: BEND Index,3227,3309,2882,3030,2853,3113,3029,12640.322581,14313.740458,8078.153339,9673.239437,7810.144928,10778.207739,9660.975610,0.290203,1.023899,0.228898,0.047533,0.027971,0.297040,0.174341
808550,41.6813,14,Index_C1_Bend,Index,bend,1,1.6813,Index cycle 1: BEND Index,3165,3465,2892,3041,2853,3080,3021,11570.967742,18700.000000,8173.566085,9809.677419,7810.144928,10317.241379,9563.687151,0.181054,1.644096,0.243412,0.062309,0.027971,0.241568,0.162515
808600,41.6814,14,Index_C1_Bend,Index,bend,1,1.6814,Index cycle 1: BEND Index,3181,3452,2857,3066,2848,3031,3009,11833.041575,18253.188180,7846.365105,10130.612245,7765.196472,9685.526316,9420.441989,0.207804,1.580919,0.193637,0.097063,0.022055,0.165548,0.145102
808650,41.6814,14,Index_C1_Bend,Index,bend,1,1.6814,Index cycle 1: BEND Index,3147,3385,2847,3091,2843,3068,3023,11286.708861,16209.859155,7756.250000,10467.529880,7720.607029,10156.962025,9587.873134,0.152039,1.292002,0.179928,0.133549,0.016186,0.222280,0.165455
808700,41.7243,14,Index_C1_Bend,Index,bend,1,1.7243,Index cycle 1: BEND Index,3108,3405,2853,3067,2852,3042,3033,10706.382979,16778.260870,7810.144928,10143.774319,7801.126307,9822.222222,9710.169492,0.092805,1.372371,0.188127,0.098489,0.026784,0.181998,0.180320
808750,41.7681,14,Index_C1_Bend,Index,bend,1,1.7681,Index cycle 1: BEND Index,3120,3316,2834,3069,2850,3008,3029,10880.000000,14472.913992,7641.237113,10170.175439,7783.132530,9408.647654,9660.975610,0.110526,1.046405,0.162431,0.101348,0.024416,0.132229,0.174341
808800,41.9285,14,Index_C1_Bend,Index,bend,1,1.9285,Index cycle 1: BEND Index,3130,3317,2845,3067,2847,3032,3035,11027.979275,14495.886889,7738.400000,10143.774319,7756.250000,9697.836312,9734.905660,0.125631,1.049654,0.177212,0.098489,0.020878,0.167029,0.183327
808850,41.9286,14,Index_C1_Bend,Index,bend,1,1.9286,Index cycle 1: BEND Index,3110,3369,2848,3074,2853,3013,3036,10735.025381,15777.685950,7765.196472,10236.630754,7810.144928,9467.837338,9747.308782,0.095729,1.230894,0.181289,0.108544,0.027971,0.139351,0.184835
808900,41.9286,14,Index_C1_Bend,Index,bend,1,1.9286,Index cycle 1: BEND Index,3128,3389,2836,3073,2846,2997,3022,10998.138573,16320.963173,7658.776807,10223.287671,7747.317854,9280.327869,9575.768872,0.122585,1.307711,0.165100,0.107099,0.019702,0.116787,0.163983
808950,41.9720,14,Index_C1_Bend,Index,bend,1,1.9720,Index cycle 1: BEND Index,3121,3404,2831,3069,2841,3007,3024,10894.661191,16749.059334,7615.031646,10170.175439,7702.870813,9396.875000,9600.000000,0.112023,1.368242,0.158445,0.101348,0.013852,0.130812,0.166929
809000,42.0131,15,Index_C2_Open,Index,open,2,0.0131,Index cycle 2: OPEN,3102,3368,2826,3081,2854,3009,3021,10621.148036,15751.306740,7571.631206,10330.769231,7819.178082,9420.441989,9563.687151,0.084105,1.227164,0.151842,0.118739,0.029160,0.133648,0.162515
809050,42.2070,15,Index_C2_Open,Index,open,2,0.2070,Index cycle 2: OPEN,3098,3403,2828,3043,2847,3012,3019,10564.894684,16719.942197,7588.950276,9834.790875,7756.250000,9455.955679,9539.591078,0.078363,1.364125,0.154477,0.065028,0.020878,0.137922,0.159586
809100,42.2071,15,Index_C2_Open,Index,open,2,0.2071,Index cycle 2: OPEN,3094,3332,2813,3027,2836,3001,3031,10509.090909,14847.706422,7460.374415,9636.516854,7658.776807,9326.691042,9685.526316,0.072667,1.099399,0.134917,0.043557,0.008048,0.122366,0.177325
809150,42.2071,15,Index_C2_Open,Index,open,2,0.2071,Index cycle 2: OPEN,3101,3304,2822,3039,2843,3013,3025,10607.042254,14201.769912,7537.156324,9784.659091,7720.607029,9467.837338,9612.149533,0.082665,1.008067,0.146598,0.059599,0.016186,0.139351,0.168405
809200,42.2178,15,Index_C2_Open,Index,open,2,0.2178,Index cycle 2: OPEN,3094,3294,2814,3021,2841,2994,3012,10509.090909,13982.022472,7468.852459,9563.687151,7702.870813,9245.776567,9455.955679,0.072667,0.976995,0.136207,0.035670,0.013852,0.112629,0.149419
809250,42.2838,15,Index_C2_Open,Index,open,2,0.2838,Index cycle 2: OPEN,3096,3269,2798,3012,2836,3012,3009,10536.936937,13455.932203,7334.772552,9455.955679,7658.776807,9455.955679,9420.441989,0.075510,0.902609,0.115810,0.024003,0.008048,0.137922,0.145102
809300,42.6208,15,Index_C2_Open,Index,open,2,0.6208,Index cycle 2: OPEN,3106,3275,2813,3022,2843,3012,3001,10677.856421,13579.268293,7460.374415,9575.768872,7720.607029,9455.955679,9326.691042,0.089893,0.920048,0.134917,0.036978,0.016186,0.137922,0.133707
809350,42.6209,15,Index_C2_Open,Index,open,2,0.6209,Index cycle 2: OPEN,3102,3336,2815,3029,2840,2989,3000,10621.148036,14943.873518,7477.343750,9660.975610,7694.023904,9188.607595,9315.068493,0.084105,1.112997,0.137499,0.046205,0.012687,0.105749,0.132294
809400,42.6209,15,Index_C2_Open,Index,open,2,0.6209,Index cycle 2: OPEN,3092,3348,2804,3016,2839,2989,3013,10481.355932,15238.554217,7384.663052,9503.614458,7685.191083,9188.607595,9467.837338,0.069837,1.154663,0.123400,0.029164,0.011525,0.105749,0.150864
809450,42.6209,15,Index_C2_Open,Index,open,2,0.6209,Index cycle 2: OPEN,3092,3386,2809,3013,2844,2976,3008,10481.355932,16237.517630,7426.594090,9467.837338,7729.496403,9042.359249,9408.647654,0.069837,1.295912,0.129778,0.025290,0.017356,0.088150,0.143669
809500,42.6210,15,Index_C2_Open,Index,open,2,0.6210,Index cycle 2: OPEN,3111,3344,2816,3016,2841,2988,3003,10749.390244,15139.280959,7485.848319,9503.614458,7702.870813,9177.235772,9350.000000,0.097195,1.140627,0.138793,0.029164,0.013852,0.104381,0.136540
809550,42.6210,15,Index_C2_Open,Index,open,2,0.6210,Index cycle 2: OPEN,3117,3331,2797,3015,2838,2983,3011,10836.196319,14823.821990,7326.502311,9491.666667,7676.372315,9120.683453,9444.095941,0.106055,1.096022,0.114552,0.027871,0.010364,0.097575,0.147978
809600,42.6210,15,Index_C2_Open,Index,open,2,0.6210,Index cycle 2: OPEN,3106,3296,2821,3022,2847,2979,3020,10677.856421,14025.531915,7528.571429,9575.768872,7756.250000,9075.806452,9551.627907,0.089893,0.983147,0.145292,0.036978,0.020878,0.092175,0.161049
809650,42.7870,15,Index_C2_Open,Index,open,2,0.7870,Index cycle 2: OPEN,3116,3321,2807,3024,2840,2971,3004,10821.654750,14588.372093,7409.782609,9600.000000,7694.023904,8987.010676,9361.686526,0.104571,1.062731,0.127221,0.039602,0.012687,0.081489,0.137960
809700,42.7871,15,Index_C2_Open,Index,open,2,0.7871,Index cycle 2: OPEN,3126,3263,2792,3018,2842,2992,3007,10968.421053,13334.375000,7285.341520,9527.576602,7711.731844,9222.846782,9396.875000,0.119551,0.885421,0.108290,0.031759,0.015018,0.109869,0.142238
809750,42.7871,15,Index_C2_Open,Index,open,2,0.7871,Index cycle 2: OPEN,3117,3293,2800,3038,2844,2985,3009,10836.196319,13960.349127,7351.351351,9772.185430,7729.496403,9143.243243,9420.441989,0.106055,0.973931,0.118332,0.058248,0.017356,0.100290,0.145102
809800,42.8194,15,Index_C2_Open,Index,open,2,0.8194,Index cycle 2: OPEN,3120,3312,2796,3029,2839,2980,2996,10880.000000,14381.609195,7318.244804,9660.975610,7685.191083,9086.995516,9268.789809,0.110526,1.033495,0.113296,0.046205,0.011525,0.093521,0.126668
809850,42.8739,15,Index_C2_Open,Index,open,2,0.8739,Index cycle 2: OPEN,3120,3252,2784,3022,2840,2981,3006,10880.000000,13116.014235,7220.137300,9575.768872,7694.023904,9098.204668,9385.123967,0.110526,0.854546,0.098371,0.036978,0.012687,0.094870,0.140809
809900,43.0288,15,Index_C2_Open,Index,open,2,1.0288,Index cycle 2: OPEN,3095,3230,2788,3010,2851,2974,2998,10523.000000,12695.953757,7252.639633,9432.258065,7792.122186,9020.160571,9291.886964,0.074087,0.795151,0.103315,0.021437,0.025599,0.085478,0.129476
809950,43.0289,15,Index_C2_Open,Index,open,2,1.0289,Index cycle 2: OPEN,3107,3225,2792,3013,2846,2960,2990,10692.105263,12603.448276,7285.341520,9467.837338,7747.317854,8866.960352,9200.000000,0.091348,0.782071,0.108290,0.025290,0.019702,0.067042,0.118307
810000,43.0289,15,Index_C2_Open,Index,open,2,1.0289,Index cycle 2: OPEN,3103,3190,2783,3008,2839,2972,3001,10635.282258,11984.530387,7212.042683,9408.647654,7685.191083,8998.040962,9326.691042,0.085548,0.694559,0.097140,0.018880,0.011525,0.082816,0.133707
810050,43.0723,15,Index_C2_Open,Index,open,2,1.0723,Index cycle 2: OPEN,3090,3222,2784,3017,2846,2962,2997,10453.731343,12548.453608,7220.137300,9515.584416,7747.317854,8888.614298,9280.327869,0.067017,0.774295,0.098371,0.030461,0.019702,0.069648,0.128071
810100,43.1160,15,Index_C2_Open,Index,open,2,1.1160,Index cycle 2: OPEN,3093,3200,2778,3009,2841,2953,2992,10495.209581,12156.424581,7171.753986,9420.441989,7702.870813,8791.768827,9222.846782,0.071251,0.718864,0.091011,0.020158,0.013852,0.057994,0.121084
810150,43.2713,15,Index_C2_Open,Index,open,2,1.2713,Index cycle 2: OPEN,3105,3224,2771,3008,2842,2979,2993,10663.636364,12585.074627,7115.861027,9408.647654,7711.731844,9075.806452,9234.301270,0.088442,0.779473,0.082508,0.018880,0.015018,0.092175,0.122476
810200,43.2714,15,Index_C2_Open,Index,open,2,1.2714,Index cycle 2: OPEN,3121,3357,2788,3040,2848,2992,2989,10894.661191,15465.853659,7252.639633,9797.156398,7765.196472,9222.846782,9188.607595,0.112023,1.186803,0.103315,0.060953,0.022055,0.109869,0.116922
810250,43.2922,15,Index_C2_Open,Index,open,2,1.2922,Index cycle 2: OPEN,3163,3345,2774,3035,2841,2992,2981,11538.841202,15164.000000,7139.742619,9734.905660,7702.870813,9222.846782,9098.204668,0.177775,1.144122,0.086141,0.054211,0.013852,0.109869,0.105933
810300,43.3245,15,Index_C2_Open,Index,open,2,1.3245,Index cycle 2: OPEN,3177,3467,2781,3045,2843,3012,2994,11766.666667,18770.382166,7195.890411,9860.000000,7720.607029,9455.955679,9245.776567,0.201029,1.654048,0.094682,0.067758,0.016186,0.137922,0.123871
810350,43.3680,15,Index_C2_Open,Index,open,2,1.3680,Index cycle 2: OPEN,3173,3394,2815,3036,2851,3026,2995,11700.867679,16461.626248,7477.343750,9747.308782,7792.122186,9624.321796,9257.272727,0.194313,1.327600,0.137499,0.055555,0.025599,0.158183,0.125268
810400,43.5135,15,Index_C2_Open,Index,open,2,1.5135,Index cycle 2: OPEN,3199,3483,2816,3024,2850,3021,2993,12139.062500,19350.000000,7485.848319,9600.000000,7783.132530,9563.687151,9234.301270,0.239039,1.736003,0.138793,0.039602,0.024416,0.150886,0.122476
810450,43.5136,15,Index_C2_Open,Index,open,2,1.5136,Index cycle 2: OPEN,3206,3359,2797,3015,2837,3053,2992,12261.417323,15517.119565,7326.502311,9491.666667,7667.567568,9961.804223,9222.846782,0.251528,1.194051,0.114552,0.027871,0.009205,0.198795,0.121084
810500,43.5245,15,Index_C2_Open,Index,open,2,1.5245,Index cycle 2: OPEN,3180,3339,2806,3031,2853,3047,2991,11816.393443,15016.666667,7401.396431,9685.526316,7810.144928,9885.305344,9211.413043,0.206104,1.123289,0.125945,0.048864,0.027971,0.189589,0.119694
810550,43.5789,15,Index_C2_Open,Index,open,2,1.5789,Index cycle 2: OPEN,3243,3334,2812,3028,2845,3037,2974,12941.549296,14895.663601,7451.909587,9648.734770,7738.400000,9759.735350,9020.160571,0.320950,1.106180,0.133630,0.044880,0.018528,0.174478,0.096446
810600,43.6118,15,Index_C2_Open,Index,open,2,1.6118,Index cycle 2: OPEN,3219,3248,2790,3019,2840,3056,2987,12493.835616,13038.016529,7268.965517,9539.591078,7694.023904,10000.384986,9165.884477,0.275251,0.843517,0.105799,0.033060,0.012687,0.203438,0.114160
810650,43.7764,15,Index_C2_Open,Index,open,2,1.7764,Index cycle 2: OPEN,3199,3196,2808,3021,2846,3030,2984,12139.062500,12087.208009,7418.181818,9563.687151,7747.317854,9673.239437,9131.953195,0.239039,0.709077,0.128499,0.035670,0.019702,0.164069,0.110035
810700,43.7765,15,Index_C2_Open,Index,open,2,1.7765,Index cycle 2: OPEN,3201,3165,2807,3016,2845,3009,2973,12173.825503,11570.967742,7409.782609,9503.614458,7738.400000,9420.441989,9009.090909,0.242588,0.636083,0.127221,0.029164,0.018528,0.133648,0.095101
810750,43.7765,15,Index_C2_Open,Index,open,2,1.7765,Index cycle 2: OPEN,3203,3203,2799,3015,2842,3013,2982,12208.744395,12208.744395,7343.055556,9491.666667,7711.731844,9467.837338,9109.433962,0.246152,0.726262,0.117070,0.027871,0.015018,0.139351,0.107298
810800,43.8202,15,Index_C2_Open,Index,open,2,1.8202,Index cycle 2: OPEN,3173,3158,2811,3022,2849,3023,2978,11700.867679,11459.124867,7443.457944,9575.768872,7774.157303,9587.873134,9064.637422,0.194313,0.620269,0.132344,0.036978,0.023234,0.153796,0.101853
810850,43.8637,15,Index_C2_Open,Index,open,2,1.8637,Index cycle 2: OPEN,3166,3140,2806,3020,2840,3006,2968,11587.082885,11179.057592,7401.396431,9551.627907,7694.023904,9385.123967,8954.037267,0.182699,0.580669,0.125945,0.034364,0.012687,0.129398,0.088409
810900,44.0306,16,Index_C2_Bend,Index,bend,2,0.0306,Index cycle 2: BEND Index,3161,3123,2802,3004,2838,3014,2975,11506.852248,10924.074074,7367.981439,9361.686526,7676.372315,9479.740981,9031.250000,0.174509,0.544615,0.120862,0.013795,0.010364,0.140784,0.097794
810950,44.0311,16,Index_C2_Bend,Index,bend,2,0.0311,Index cycle 2: BEND Index,3156,3129,2802,3011,2845,3016,2974,11427.476038,11013.043478,7367.981439,9444.095941,7738.400000,9503.614458,9020.160571,0.166407,0.557195,0.120862,0.022719,0.018528,0.143657,0.096446
811000,44.0419,16,Index_C2_Bend,Index,bend,2,0.0419,Index cycle 2: BEND Index,3161,3103,2818,3009,2838,3006,2966,11506.852248,10635.282258,7502.897416,9420.441989,7676.372315,9385.123967,8932.152347,0.174509,0.503781,0.141386,0.020158,0.010364,0.129398,0.085748
811050,44.0640,16,Index_C2_Bend,Index,bend,2,0.0640,Index cycle 2: BEND Index,3151,3068,2818,3007,2837,3014,2968,11348.940678,10156.962025,7502.897416,9396.875000,7667.567568,9479.740981,8954.037267,0.158391,0.436149,0.141386,0.017605,0.009205,0.140784,0.088409
811100,44.1414,16,Index_C2_Bend,Index,bend,2,0.1414,Index cycle 2: BEND Index,3150,3049,2815,3024,2845,3013,2965,11333.333333,9910.707457,7477.343750,9600.000000,7738.400000,9467.837338,8921.238938,0.156798,0.401330,0.137499,0.039602,0.018528,0.139351,0.084422
811150,44.2914,16,Index_C2_Bend,Index,bend,2,0.2914,Index cycle 2: BEND Index,3149,3043,2818,3013,2838,2998,2960,11317.758985,9834.790875,7502.897416,9467.837338,7676.372315,9291.886964,8866.960352,0.155209,0.390595,0.141386,0.025290,0.010364,0.118178,0.077824
811200,44.2915,16,Index_C2_Bend,Index,bend,2,0.2915,Index cycle 2: BEND Index,3141,3030,2799,3005,2830,3009,2961,11194.339623,9673.239437,7343.055556,9373.394495,7606.324111,9420.441989,8877.777778,0.142611,0.367753,0.117070,0.015063,0.001144,0.133648,0.079139
811250,44.2915,16,Index_C2_Bend,Index,bend,2,0.2915,Index cycle 2: BEND Index,3124,3032,2808,3009,2841,3008,2959,10938.825953,9697.836312,7418.181818,9420.441989,7702.870813,9408.647654,8856.161972,0.116531,0.371231,0.128499,0.020158,0.013852,0.132229,0.076511
811300,44.3350,16,Index_C2_Bend,Index,bend,2,0.3350,Index cycle 2: BEND Index,3124,3029,2809,3004,2839,2998,2956,10938.825953,9660.975610,7426.594090,9361.686526,7685.191083,9291.886964,8823.880597,0.116531,0.366019,0.129778,0.013795,0.011525,0.118178,0.072587
811350,44.3782,16,Index_C2_Bend,Index,bend,2,0.3782,Index cycle 2: BEND Index,3127,3023,2806,2992,2837,3023,2963,10983.264463,9587.873134,7401.396431,9222.846782,7667.567568,9587.873134,8899.469965,0.121067,0.355682,0.125945,-0.001240,0.009205,0.153796,0.081776
811400,44.6400,16,Index_C2_Bend,Index,bend,2,0.6400,Index cycle 2: BEND Index,3123,3020,2818,2999,2843,3013,2961,10924.074074,9551.627907,7502.897416,9303.467153,7720.607029,9467.837338,8877.777778,0.115025,0.350557,0.141386,0.007490,0.016186,0.139351,0.079139
811450,44.6401,16,Index_C2_Bend,Index,bend,2,0.6401,Index cycle 2: BEND Index,3120,3026,2828,2998,2839,3012,2955,10880.000000,9624.321796,7588.950276,9291.886964,7685.191083,9455.955679,8813.157895,0.110526,0.360836,0.154477,0.006236,0.011525,0.137922,0.071284
811500,44.6402,16,Index_C2_Bend,Index,bend,2,0.6402,Index cycle 2: BEND Index,3114,3016,2809,2991,2838,3001,2960,10792.660550,9503.614458,7426.594090,9211.413043,7676.372315,9326.691042,8866.960352,0.101612,0.343769,0.129778,-0.002479,0.010364,0.122366,0.077824
811550,44.6402,16,Index_C2_Bend,Index,bend,2,0.6402,Index cycle 2: BEND Index,3102,3012,2828,3001,2843,2994,2960,10621.148036,9455.955679,7588.950276,9326.691042,7720.607029,9245.776567,8866.960352,0.084105,0.337030,0.154477,0.010005,0.016186,0.112629,0.077824
811600,44.6403,16,Index_C2_Bend,Index,bend,2,0.6403,Index cycle 2: BEND Index,3098,3007,2821,3010,2845,2988,2954,10564.894684,9396.875000,7528.571429,9432.258065,7738.400000,9177.235772,8802.453988,0.078363,0.328676,0.145292,0.021437,0.018528,0.104381,0.069983
811650,44.8193,16,Index_C2_Bend,Index,bend,2,0.8193,Index cycle 2: BEND Index,3088,2997,2814,2998,2837,2982,2963,10426.216485,9280.327869,7468.852459,9291.886964,7667.567568,9109.433962,8899.469965,0.064208,0.312197,0.136207,0.006236,0.009205,0.096221,0.081776
811700,44.8194,16,Index_C2_Bend,Index,bend,2,0.8194,Index cycle 2: BEND Index,3075,3012,2822,3006,2847,2993,2964,10250.000000,9455.955679,7537.156324,9385.123967,7756.250000,9234.301270,8910.344828,0.046222,0.337030,0.146598,0.016333,0.020878,0.111248,0.083098
811750,44.8195,16,Index_C2_Bend,Index,bend,2,0.8195,Index cycle 2: BEND Index,3084,3010,2820,3000,2852,2979,2959,10371.513353,9432.258065,7520.000000,9315.068493,7801.126307,9075.806452,8856.161972,0.058625,0.333679,0.143988,0.008746,0.026784,0.092175,0.076511
811800,44.8305,16,Index_C2_Bend,Index,bend,2,0.8305,Index cycle 2: BEND Index,3078,3000,2796,2995,2839,2988,2962,10290.265487,9315.068493,7318.244804,9257.272727,7685.191083,9177.235772,8888.614298,0.050332,0.317109,0.113296,0.002488,0.011525,0.104381,0.080456
811850,44.8738,16,Index_C2_Bend,Index,bend,2,0.8738,Index cycle 2: BEND Index,3067,2997,2796,3002,2847,2987,2962,10143.774319,9280.327869,7318.244804,9338.334858,7756.250000,9165.884477,8888.614298,0.035379,0.312197,0.113296,0.011266,0.020878,0.103015,0.080456
811900,45.0334,16,Index_C2_Bend,Index,bend,2,1.0334,Index cycle 2: BEND Index,3082,3009,2803,2999,2843,2983,2953,10344.323791,9420.441989,7376.315789,9303.467153,7720.607029,9120.683453,8791.768827,0.055850,0.332008,0.122130,0.007490,0.016186,0.097575,0.068684
811950,45.0335,16,Index_C2_Bend,Index,bend,2,1.0335,Index cycle 2: BEND Index,3072,3000,2795,2993,2840,2987,2961,10209.970674,9315.068493,7310.000000,9234.301270,7694.023904,9165.884477,8877.777778,0.042136,0.317109,0.112041,0.000000,0.012687,0.103015,0.079139
812000,45.0437,16,Index_C2_Bend,Index,bend,2,1.0437,Index cycle 2: BEND Index,3052,2992,2804,2997,2847,2992,2959,9948.993289,9222.846782,7384.663052,9280.327869,7756.250000,9222.846782,8856.161972,0.015498,0.304069,0.123400,0.004984,0.020878,0.109869,0.076511
812050,45.0974,16,Index_C2_Bend,Index,bend,2,1.0974,Index cycle 2: BEND Index,3057,2991,2804,2998,2845,2985,2950,10013.294798,9211.413043,7384.663052,9291.886964,7738.400000,9143.243243,8759.825328,0.022061,0.302453,0.123400,0.006236,0.018528,0.100290,0.064801
812100,45.1187,16,Index_C2_Bend,Index,bend,2,1.1187,Index cycle 2: BEND Index,3054,2984,2788,2993,2840,2995,2957,9974.639769,9131.953195,7252.639633,9234.301270,7694.023904,9257.272727,8834.622144,0.018116,0.291217,0.103315,0.000000,0.012687,0.114012,0.073893
812150,45.3041,16,Index_C2_Bend,Index,bend,2,1.3041,Index cycle 2: BEND Index,3042,2971,2804,3001,2847,2986,2958,9822.222222,8987.010676,7384.663052,9326.691042,7756.250000,9154.553652,8845.382586,0.002558,0.270723,0.123400,0.010005,0.020878,0.101651,0.075201
812200,45.3042,16,Index_C2_Bend,Index,bend,2,1.3042,Index cycle 2: BEND Index,3062,2973,2804,2999,2847,2979,2954,10078.218780,9009.090909,7384.663052,9303.467153,7756.250000,9075.806452,8802.453988,0.028688,0.273845,0.123400,0.007490,0.020878,0.092175,0.069983
812250,45.3042,16,Index_C2_Bend,Index,bend,2,1.3042,Index cycle 2: BEND Index,3061,2986,2801,2987,2837,2991,2963,10065.183752,9154.553652,7359.659969,9165.884477,7667.567568,9211.413043,8899.469965,0.027358,0.294413,0.119596,-0.007409,0.009205,0.108494,0.081776
812300,45.3263,16,Index_C2_Bend,Index,bend,2,1.3263,Index cycle 2: BEND Index,3054,3055,2791,3017,2843,2994,2964,9974.639769,9987.500000,7277.147239,9515.584416,7720.607029,9245.776567,8910.344828,0.018116,0.412188,0.107044,0.030461,0.016186,0.112629,0.083098
812350,45.3918,16,Index_C2_Bend,Index,bend,2,1.3918,Index cycle 2: BEND Index,3058,3120,2798,3025,2842,2993,2965,10026.229508,10880.000000,7334.772552,9612.149533,7711.731844,9234.301270,8921.238938,0.023382,0.538383,0.115810,0.040918,0.015018,0.111248,0.084422
812400,45.4138,16,Index_C2_Bend,Index,bend,2,1.4138,Index cycle 2: BEND Index,3075,3193,2798,3025,2841,2992,2973,10250.000000,12035.698448,7334.772552,9612.149533,7702.870813,9222.846782,9009.090909,0.046222,0.701794,0.115810,0.040918,0.013852,0.109869,0.095101
812450,45.5529,16,Index_C2_Bend,Index,bend,2,1.5529,Index cycle 2: BEND Index,3077,3215,2819,3036,2842,2994,2971,10276.817289,12421.590909,7511.442006,9747.308782,7711.731844,9245.776567,8987.010676,0.048959,0.756357,0.142686,0.055555,0.015018,0.112629,0.092417
812500,45.5530,16,Index_C2_Bend,Index,bend,2,1.5530,Index cycle 2: BEND Index,3098,3174,2826,3043,2839,2978,2965,10564.894684,11717.263844,7571.631206,9834.790875,7685.191083,9064.637422,8921.238938,0.078363,0.656769,0.151842,0.065028,0.011525,0.090831,0.084422
812550,45.5638,16,Index_C2_Bend,Index,bend,2,1.5638,Index cycle 2: BEND Index,3102,3263,2834,3059,2835,2999,2971,10621.148036,13334.375000,7641.237113,10039.189189,7650.000000,9303.467153,8987.010676,0.084105,0.885421,0.162431,0.087163,0.006893,0.119571,0.092417
812600,45.6180,16,Index_C2_Bend,Index,bend,2,1.6180,Index cycle 2: BEND Index,3103,3349,2835,3057,2842,3003,2981,10635.282258,15263.538874,7650.000000,10013.294798,7711.731844,9350.000000,9098.204668,0.085548,1.158196,0.163764,0.084359,0.015018,0.125171,0.105933
812650,45.6725,16,Index_C2_Bend,Index,bend,2,1.6725,Index cycle 2: BEND Index,3116,3371,2829,3056,2840,2974,2984,10821.654750,15830.662983,7597.630332,10000.384986,7694.023904,9020.160571,9131.953195,0.104571,1.238385,0.155798,0.082961,0.012687,0.085478,0.110035
812700,45.8183,16,Index_C2_Bend,Index,bend,2,1.8183,Index cycle 2: BEND Index,3127,3399,2818,3066,2834,2963,2984,10983.264463,16604.310345,7502.897416,10130.612245,7641.237113,8899.469965,9131.953195,0.121067,1.347775,0.141386,0.097063,0.005740,0.070955,0.110035
812750,45.8184,16,Index_C2_Bend,Index,bend,2,1.8184,Index cycle 2: BEND Index,3122,3307,2825,3108,2844,2971,2976,10909.352518,14268.781726,7562.992126,10706.382979,7729.496403,8987.010676,9042.359249,0.113522,1.017542,0.150528,0.159415,0.017356,0.081489,0.099145
812800,45.8508,16,Index_C2_Bend,Index,bend,2,1.8508,Index cycle 2: BEND Index,3119,3209,2834,3133,2842,2974,2966,10865.368852,12314.446953,7641.237113,11072.972973,7711.731844,9020.160571,8932.152347,0.109033,0.741208,0.162431,0.199113,0.015018,0.085478,0.085748
812850,45.8715,16,Index_C2_Bend,Index,bend,2,1.8715,Index cycle 2: BEND Index,3105,3320,2827,3128,2838,3020,2973,10663.636364,14565.161290,7580.283912,10998.138573,7676.372315,9551.627907,9009.090909,0.088442,1.059449,0.153159,0.191009,0.010364,0.149435,0.095101
812900,46.0720,17,Index_C3_Open,Index,open,3,0.0720,Index cycle 3: OPEN,3083,3222,2858,3135,2846,3027,2973,10357.905138,12548.453608,7855.456750,11103.125000,7747.317854,9636.516854,9009.090909,0.057236,0.774295,0.195020,0.202378,0.019702,0.159650,0.095101
812950,46.0724,17,Index_C3_Open,Index,open,3,0.0724,Index cycle 3: OPEN,3060,3174,2845,3124,2845,3018,2961,10052.173913,11717.263844,7738.400000,10938.825953,7738.400000,9527.576602,8877.777778,0.026030,0.656769,0.177212,0.184586,0.018528,0.146540,0.079139
813000,46.0724,17,Index_C3_Open,Index,open,3,0.0724,Index cycle 3: OPEN,3067,3171,2839,3103,2840,3011,2966,10143.774319,11668.181818,7685.191083,10635.282258,7694.023904,9444.095941,8932.152347,0.035379,0.649829,0.169118,0.151715,0.012687,0.136494,0.085748
813050,46.0835,17,Index_C3_Open,Index,open,3,0.0835,Index cycle 3: OPEN,3067,3185,2848,3099,2842,2996,2971,10143.774319,11900.000000,7765.196472,10578.915663,7711.731844,9268.789809,8987.010676,0.035379,0.682607,0.181289,0.145611,0.015018,0.115398,0.092417
813100,46.1385,17,Index_C3_Open,Index,open,3,0.1385,Index cycle 3: OPEN,3091,3148,2838,3114,2841,2993,2965,10467.529880,11302.217529,7676.372315,10792.660550,7702.870813,9234.301270,8921.238938,0.068425,0.598083,0.167776,0.168758,0.013852,0.111248,0.084422
813150,46.1598,17,Index_C3_Open,Index,open,3,0.1598,Index cycle 3: OPEN,3112,3148,2830,3111,2836,2991,2978,10763.784334,11302.217529,7606.324111,10749.390244,7658.776807,9211.413043,9064.637422,0.098664,0.598083,0.157120,0.164072,0.008048,0.108494,0.101853
813200,46.3232,17,Index_C3_Open,Index,open,3,0.3232,Index cycle 3: OPEN,3076,3167,2847,3102,2843,3018,2972,10263.395486,11603.232759,7756.250000,10621.148036,7720.607029,9527.576602,8998.040962,0.047589,0.640645,0.179928,0.150184,0.016186,0.146540,0.093757
813250,46.3233,17,Index_C3_Open,Index,open,3,0.3233,Index cycle 3: OPEN,3073,3226,2851,3104,2841,2995,2959,10223.287671,12621.864212,7792.122186,10649.445005,7702.870813,9257.272727,8856.161972,0.043495,0.784675,0.185385,0.153249,0.013852,0.114012,0.076511
813300,46.3344,17,Index_C3_Open,Index,open,3,0.3344,Index cycle 3: OPEN,3068,3237,2813,3091,2842,2997,2959,10156.962025,12827.272727,7460.374415,10467.529880,7711.731844,9280.327869,8856.161972,0.036726,0.813719,0.134917,0.133549,0.015018,0.116787,0.076511
813350,46.3781,17,Index_C3_Open,Index,open,3,0.3781,Index cycle 3: OPEN,3070,3229,2831,3075,2840,3000,2961,10183.414634,12677.367206,7615.031646,10250.000000,7694.023904,9315.068493,8877.777778,0.039426,0.792523,0.158445,0.109992,0.012687,0.120967,0.079139
813400,46.5724,17,Index_C3_Open,Index,open,3,0.5724,Index cycle 3: OPEN,3090,3263,2819,3071,2837,2991,2959,10453.731343,13334.375000,7511.442006,10196.679688,7667.567568,9211.413043,8856.161972,0.067017,0.885421,0.142686,0.104218,0.009205,0.108494,0.076511
813450,46.5725,17,Index_C3_Open,Index,open,3,0.5725,Index cycle 3: OPEN,3090,3200,2815,3065,2829,3005,2966,10453.731343,12156.424581,7477.343750,10117.475728,7597.630332,9373.394495,8932.152347,0.067017,0.718864,0.137499,0.095641,0.000000,0.127986,0.085748
813500,46.5725,17,Index_C3_Open,Index,open,3,0.5725,Index cycle 3: OPEN,3061,3194,2829,3085,2837,2994,2964,10065.183752,12052.830189,7597.630332,10385.148515,7667.567568,9245.776567,8910.344828,0.027358,0.704216,0.155798,0.124627,0.009205,0.112629,0.083098
813550,46.5831,17,Index_C3_Open,Index,open,3,0.5831,Index cycle 3: OPEN,3067,3197,2819,3085,2838,2981,2961,10143.774319,12104.454343,7511.442006,10385.148515,7676.372315,9098.204668,8877.777778,0.035379,0.711516,0.142686,0.124627,0.010364,0.094870,0.079139
813600,46.6266,17,Index_C3_Open,Index,open,3,0.6266,Index cycle 3: OPEN,3070,3186,2818,3062,2831,2999,2969,10183.414634,11916.831683,7502.897416,10078.218780,7615.031646,9303.467153,8965.008881,0.039426,0.684987,0.141386,0.091389,0.002290,0.119571,0.089742
813650,46.6700,17,Index_C3_Open,Index,open,3,0.6700,Index cycle 3: OPEN,3056,3178,2823,3062,2837,2995,2971,10000.384986,11783.206107,7545.754717,10078.218780,7667.567568,9257.272727,8987.010676,0.020744,0.666093,0.147906,0.091389,0.009205,0.114012,0.092417
813700,46.8299,17,Index_C3_Open,Index,open,3,0.8299,Index cycle 3: OPEN,3055,3191,2813,3064,2836,2977,2960,9987.500000,12001.548673,7460.374415,10104.364694,7658.776807,9053.488372,8866.960352,0.019428,0.696965,0.134917,0.094221,0.008048,0.089489,0.077824
813750,46.8300,17,Index_C3_Open,Index,open,3,0.8300,Index cycle 3: OPEN,3076,3333,2806,3059,2830,2991,2967,10263.395486,14871.653543,7401.396431,10039.189189,7606.324111,9211.413043,8943.085106,0.047589,1.102785,0.125945,0.087163,0.001144,0.108494,0.087077
813800,46.8300,17,Index_C3_Open,Index,open,3,0.8300,Index cycle 3: OPEN,3065,3286,2822,3071,2835,2980,2961,10117.475728,13810.135970,7537.156324,10196.679688,7650.000000,9086.995516,8877.777778,0.032695,0.952691,0.146598,0.104218,0.006893,0.093521,0.079139
813850,46.8843,17,Index_C3_Open,Index,open,3,0.8843,Index cycle 3: OPEN,3055,3314,2821,3063,2834,2983,2953,9987.500000,14427.144686,7528.571429,10091.279070,7641.237113,9120.683453,8791.768827,0.019428,1.039934,0.145292,0.092804,0.005740,0.097575,0.068684
813900,46.9276,17,Index_C3_Open,Index,open,3,0.9276,Index cycle 3: OPEN,3053,3304,2814,3045,2829,3013,2958,9961.804223,14201.769912,7468.852459,9860.000000,7597.630332,9467.837338,8845.382586,0.016806,1.008067,0.136207,0.067758,0.000000,0.139351,0.075201
813950,47.0897,17,Index_C3_Open,Index,open,3,1.0897,Index cycle 3: OPEN,3056,3307,2823,3059,2837,3009,2953,10000.384986,14268.781726,7545.754717,10039.189189,7667.567568,9420.441989,8791.768827,0.020744,1.017542,0.147906,0.087163,0.009205,0.133648,0.068684
814000,47.0898,17,Index_C3_Open,Index,open,3,1.0898,Index cycle 3: OPEN,3074,3214,2830,3055,2835,2993,2943,10236.630754,12403.632236,7606.324111,9987.500000,7650.000000,9234.301270,8685.937500,0.044857,0.753818,0.157120,0.081565,0.006893,0.111248,0.055820
814050,47.0898,17,Index_C3_Open,Index,open,3,1.0898,Index cycle 3: OPEN,3102,3235,2838,3071,2829,3005,2958,10621.148036,12789.534884,7676.372315,10196.679688,7597.630332,9373.394495,8845.382586,0.084105,0.808383,0.167776,0.104218,0.000000,0.127986,0.075201
814100,47.1225,17,Index_C3_Open,Index,open,3,1.1225,Index cycle 3: OPEN,3090,3406,2858,3042,2835,3007,2959,10453.731343,16807.547170,7855.456750,9822.222222,7650.000000,9396.875000,8856.161972,0.067017,1.376512,0.195020,0.063667,0.006893,0.130812,0.076511
814150,47.1764,17,Index_C3_Open,Index,open,3,1.1764,Index cycle 3: OPEN,3107,3399,2846,3035,2833,2967,2962,10692.105263,16604.310345,7747.317854,9734.905660,7632.488114,8943.085106,8888.614298,0.091348,1.347775,0.178569,0.054211,0.004588,0.076203,0.080456
814200,47.3547,17,Index_C3_Open,Index,open,3,1.3547,Index cycle 3: OPEN,3126,3375,2862,3030,2827,2995,2961,10968.421053,15937.500000,7891.970803,9673.239437,7580.283912,9257.272727,8877.777778,0.119551,1.253491,0.200574,0.047533,-0.002283,0.114012,0.079139
814250,47.3548,17,Index_C3_Open,Index,open,3,1.3548,Index cycle 3: OPEN,3145,3386,2869,3030,2834,2998,2960,11255.789474,16237.517630,7956.443719,9673.239437,7641.237113,9291.886964,8866.960352,0.148883,1.295912,0.210382,0.047533,0.005740,0.118178,0.077824
814300,47.3657,17,Index_C3_Open,Index,open,3,1.3657,Index cycle 3: OPEN,3149,3290,2858,3021,2832,2989,2948,11317.758985,13895.652174,7855.456750,9563.687151,7623.752969,9188.607595,8738.622493,0.155209,0.964783,0.195020,0.035670,0.003438,0.105749,0.062224
814350,47.3982,17,Index_C3_Open,Index,open,3,1.3982,Index cycle 3: OPEN,3152,3229,2855,3011,2826,3004,2959,11364.581124,12677.367206,7828.225806,9444.095941,7571.631206,9361.686526,8856.161972,0.159988,0.792523,0.190877,0.022719,-0.003422,0.126577,0.076511
814400,47.4411,17,Index_C3_Open,Index,open,3,1.4411,Index cycle 3: OPEN,3163,3230,2879,3017,2833,3005,2957,11538.841202,12695.953757,8049.835526,9515.584416,7632.488114,9373.394495,8834.622144,0.177775,0.795151,0.224590,0.030461,0.004588,0.127986,0.073893
814450,47.4623,17,Index_C3_Open,Index,open,3,1.4623,Index cycle 3: OPEN,3148,3187,2874,3008,2833,2995,2947,11302.217529,11933.700441,8002.948403,9408.647654,7632.488114,9257.272727,8728.048780,0.153622,0.687372,0.217457,0.018880,0.004588,0.114012,0.060939
814500,47.6034,17,Index_C3_Open,Index,open,3,1.6034,Index cycle 3: OPEN,3139,3198,2848,3008,2831,3004,2959,11163.807531,12121.739130,7765.196472,9408.647654,7615.031646,9361.686526,8856.161972,0.139495,0.713960,0.181289,0.018880,0.002290,0.126577,0.076511
814550,47.6035,17,Index_C3_Open,Index,open,3,1.6035,Index cycle 3: OPEN,3145,3142,2853,3015,2833,3012,2957,11255.789474,11209.653725,7810.144928,9491.666667,7632.488114,9455.955679,8834.622144,0.148883,0.584995,0.188127,0.027871,0.004588,0.137922,0.073893
814600,47.6466,17,Index_C3_Open,Index,open,3,1.6466,Index cycle 3: OPEN,3129,3152,2848,3013,2833,2998,2947,11013.043478,11364.581124,7765.196472,9467.837338,7632.488114,9291.886964,8728.048780,0.124106,0.606901,0.181289,0.025290,0.004588,0.118178,0.060939
814650,47.6568,17,Index_C3_Open,Index,open,3,1.6568,Index cycle 3: OPEN,3125,3131,2847,3001,2824,3014,2957,10953.608247,11042.946058,7756.250000,9326.691042,7554.366640,9479.740981,8834.622144,0.118040,0.561423,0.179928,0.010005,-0.005694,0.140784,0.073893
814700,47.8636,17,Index_C3_Open,Index,open,3,1.8636,Index cycle 3: OPEN,3121,3150,2856,3010,2834,3013,2958,10894.661191,11333.333333,7837.288136,9432.258065,7641.237113,9467.837338,8845.382586,0.112023,0.602483,0.192256,0.021437,0.005740,0.139351,0.075201
814750,47.8636,17,Index_C3_Open,Index,open,3,1.8636,Index cycle 3: OPEN,3119,3146,2851,3013,2833,2997,2945,10865.368852,11271.232877,7792.122186,9467.837338,7632.488114,9280.327869,8706.956522,0.109033,0.593702,0.185385,0.025290,0.004588,0.116787,0.058375
814800,47.8637,17,Index_C3_Open,Index,open,3,1.8637,Index cycle 3: OPEN,3106,3104,2835,3009,2825,2992,2951,10677.856421,10649.445005,7650.000000,9420.441989,7562.992126,9222.846782,8770.454545,0.089893,0.505784,0.163764,0.020158,-0.004559,0.109869,0.066093
814850,47.8747,17,Index_C3_Open,Index,open,3,1.8747,Index cycle 3: OPEN,3095,3085,2846,3043,2833,2995,2949,10523.000000,10385.148515,7747.317854,9834.790875,7632.488114,9257.272727,8749.214660,0.074087,0.468414,0.178569,0.065028,0.004588,0.114012,0.063511
814900,47.9510,17,Index_C3_Open,Index,open,3,1.9510,Index cycle 3: OPEN,3092,3078,2838,3049,2834,3000,2938,10481.355932,10290.265487,7676.372315,9910.707457,7641.237113,9315.068493,8633.707865,0.069837,0.454998,0.167776,0.073249,0.005740,0.120967,0.049471
814950,47.9614,17,Index_C3_Open,Index,open,3,1.9614,Index cycle 3: OPEN,3088,3063,2827,3046,2832,3020,2948,10426.216485,10091.279070,7580.283912,9872.640610,7623.752969,9551.627907,8738.622493,0.064208,0.426862,0.153159,0.069127,0.003438,0.149435,0.062224
815000,48.1168,18,Index_C3_Bend,Index,bend,3,0.1168,Index cycle 3: BEND Index,3077,3051,2852,3036,2837,3017,2949,10276.817289,9936.206897,7801.126307,9747.308782,7667.567568,9515.584416,8749.214660,0.048959,0.404935,0.186755,0.055555,0.009205,0.145097,0.063511
815050,48.1171,18,Index_C3_Bend,Index,bend,3,0.1171,Index cycle 3: BEND Index,3096,3037,2825,3033,2840,3025,2941,10536.936937,9759.735350,7562.992126,9710.169492,7694.023904,9612.149533,8664.991334,0.075510,0.379983,0.150528,0.051533,0.012687,0.156718,0.053274
815100,48.1381,18,Index_C3_Bend,Index,bend,3,0.1381,Index cycle 3: BEND Index,3070,3017,2817,3023,2833,3033,2945,10183.414634,9515.584416,7494.366197,9587.873134,7632.488114,9710.169492,8706.956522,0.039426,0.345461,0.140088,0.038289,0.004588,0.168513,0.058375
815150,48.1708,18,Index_C3_Bend,Index,bend,3,0.1708,Index cycle 3: BEND Index,3059,3010,2822,3013,2836,3025,2944,10039.189189,9432.258065,7537.156324,9467.837338,7658.776807,9612.149533,8696.437880,0.024704,0.333679,0.146598,0.025290,0.008048,0.156718,0.057096
815200,48.3859,18,Index_C3_Bend,Index,bend,3,0.3859,Index cycle 3: BEND Index,3062,3010,2832,3015,2837,3015,2942,10078.218780,9432.258065,7623.752969,9491.666667,7667.567568,9491.666667,8675.455334,0.028688,0.333679,0.159771,0.027871,0.009205,0.142219,0.054546
815250,48.3860,18,Index_C3_Bend,Index,bend,3,0.3860,Index cycle 3: BEND Index,3057,3005,2826,3007,2831,3019,2952,10013.294798,9373.394495,7571.631206,9396.875000,7615.031646,9539.591078,8781.102362,0.022061,0.325356,0.151842,0.017605,0.002290,0.147986,0.067387
815300,48.3861,18,Index_C3_Bend,Index,bend,3,0.3861,Index cycle 3: BEND Index,3054,3003,2830,3023,2838,3027,2956,9974.639769,9350.000000,7606.324111,9587.873134,7676.372315,9636.516854,8823.880597,0.018116,0.322048,0.157120,0.038289,0.010364,0.159650,0.072587
815350,48.3861,18,Index_C3_Bend,Index,bend,3,0.3861,Index cycle 3: BEND Index,3070,3008,2828,3005,2839,3018,2949,10183.414634,9408.647654,7588.950276,9373.394495,7685.191083,9527.576602,8749.214660,0.039426,0.330341,0.154477,0.015063,0.011525,0.146540,0.063511
815400,48.4181,18,Index_C3_Bend,Index,bend,3,0.4181,Index cycle 3: BEND Index,3068,3006,2814,2995,2836,3031,2952,10156.962025,9385.123967,7468.852459,9257.272727,7658.776807,9685.526316,8781.102362,0.036726,0.327015,0.136207,0.002488,0.008048,0.165548,0.067387
815450,48.4838,18,Index_C3_Bend,Index,bend,3,0.4838,Index cycle 3: BEND Index,3056,3006,2831,3010,2838,3022,2950,10000.384986,9385.123967,7615.031646,9432.258065,7676.372315,9575.768872,8759.825328,0.020744,0.327015,0.158445,0.021437,0.010364,0.152340,0.064801
815500,48.6189,18,Index_C3_Bend,Index,bend,3,0.6189,Index cycle 3: BEND Index,3057,2995,2821,3005,2838,3002,2947,10013.294798,9257.272727,7528.571429,9373.394495,7676.372315,9338.334858,8728.048780,0.022061,0.308937,0.145292,0.015063,0.010364,0.123767,0.060939
815550,48.6190,18,Index_C3_Bend,Index,bend,3,0.6190,Index cycle 3: BEND Index,3063,2985,2802,2992,2836,3000,2959,10091.279070,9143.243243,7367.981439,9222.846782,7658.776807,9315.068493,8856.161972,0.030021,0.292814,0.120862,-0.001240,0.008048,0.120967,0.076511
815600,48.6411,18,Index_C3_Bend,Index,bend,3,0.6411,Index cycle 3: BEND Index,3047,2990,2813,2999,2839,2992,2957,9885.305344,9200.000000,7460.374415,9303.467153,7685.191083,9222.846782,8834.622144,0.008997,0.300839,0.134917,0.007490,0.011525,0.109869,0.073893
815650,48.6943,18,Index_C3_Bend,Index,bend,3,0.6943,Index cycle 3: BEND Index,3061,2988,2812,3004,2840,2989,2945,10065.183752,9177.235772,7451.909587,9361.686526,7694.023904,9188.607595,8706.956522,0.027358,0.297620,0.133630,0.013795,0.012687,0.105749,0.058375
815700,48.8749,18,Index_C3_Bend,Index,bend,3,0.8749,Index cycle 3: BEND Index,3087,2995,2803,2993,2829,2979,2958,10412.500000,9257.272727,7376.315789,9234.301270,7597.630332,9075.806452,8845.382586,0.062808,0.308937,0.122130,0.000000,0.000000,0.092175,0.075201
815750,48.8750,18,Index_C3_Bend,Index,bend,3,0.8750,Index cycle 3: BEND Index,3117,2991,2818,3012,2841,2994,2962,10836.196319,9211.413043,7502.897416,9455.955679,7702.870813,9245.776567,8888.614298,0.106055,0.302453,0.141386,0.024003,0.013852,0.112629,0.080456
815800,48.8750,18,Index_C3_Bend,Index,bend,3,0.8750,Index cycle 3: BEND Index,3139,2979,2821,3005,2839,3004,2957,11163.807531,9075.806452,7528.571429,9373.394495,7685.191083,9361.686526,8834.622144,0.139495,0.283278,0.145292,0.015063,0.011525,0.126577,0.073893
815850,48.8750,18,Index_C3_Bend,Index,bend,3,0.8750,Index cycle 3: BEND Index,3141,2963,2813,3016,2832,3016,2960,11194.339623,8899.469965,7460.374415,9503.614458,7623.752969,9503.614458,8866.960352,0.142611,0.258345,0.134917,0.029164,0.003438,0.143657,0.077824
815900,48.9181,18,Index_C3_Bend,Index,bend,3,0.9181,Index cycle 3: BEND Index,3123,2958,2822,3012,2838,3009,2957,10924.074074,8845.382586,7537.156324,9455.955679,7676.372315,9420.441989,8834.622144,0.115025,0.250698,0.146598,0.024003,0.010364,0.133648,0.073893
815950,48.9827,18,Index_C3_Bend,Index,bend,3,0.9827,Index cycle 3: BEND Index,3118,2968,2827,3001,2837,2996,2943,10850.767656,8954.037267,7580.283912,9326.691042,7667.567568,9268.789809,8685.937500,0.107543,0.266061,0.153159,0.010005,0.009205,0.115398,0.055820
816000,49.1360,18,Index_C3_Bend,Index,bend,3,1.1360,Index cycle 3: BEND Index,3112,2955,2819,3006,2833,3007,2950,10763.784334,8813.157895,7511.442006,9385.123967,7632.488114,9396.875000,8759.825328,0.098664,0.246141,0.142686,0.016333,0.004588,0.130812,0.064801
816050,49.1361,18,Index_C3_Bend,Index,bend,3,1.1361,Index cycle 3: BEND Index,3100,2951,2820,3006,2838,3013,2949,10592.964824,8770.454545,7520.000000,9385.123967,7676.372315,9467.837338,8749.214660,0.081229,0.240103,0.143988,0.016333,0.010364,0.139351,0.063511
816100,49.1361,18,Index_C3_Bend,Index,bend,3,1.1361,Index cycle 3: BEND Index,3113,2958,2829,3013,2835,3015,2938,10778.207739,8845.382586,7597.630332,9467.837338,7650.000000,9491.666667,8633.707865,0.100136,0.250698,0.155798,0.025290,0.006893,0.142219,0.049471
816150,49.1684,18,Index_C3_Bend,Index,bend,3,1.1684,Index cycle 3: BEND Index,3110,3116,2818,2979,2836,3047,2962,10735.025381,10821.654750,7502.897416,9075.806452,7658.776807,9885.305344,8888.614298,0.095729,0.530134,0.141386,-0.017164,0.008048,0.189589,0.080456
816200,49.2326,18,Index_C3_Bend,Index,bend,3,1.2326,Index cycle 3: BEND Index,3096,3155,2821,2989,2839,3054,2959,10536.936937,11411.702128,7528.571429,9188.607595,7685.191083,9974.639769,8856.161972,0.075510,0.613564,0.145292,-0.004948,0.011525,0.200340,0.076511
816250,49.3982,18,Index_C3_Bend,Index,bend,3,1.3982,Index cycle 3: BEND Index,3119,3190,2825,2983,2839,3038,2958,10865.368852,11984.530387,7562.992126,9120.683453,7685.191083,9772.185430,8845.382586,0.109033,0.694559,0.150528,-0.012304,0.011525,0.175976,0.075201
816300,49.3983,18,Index_C3_Bend,Index,bend,3,1.3983,Index cycle 3: BEND Index,3146,3184,2829,2974,2833,3038,2967,11271.232877,11883.205269,7597.630332,9020.160571,7632.488114,9772.185430,8943.085106,0.150460,0.680232,0.155798,-0.023190,0.004588,0.175976,0.087077
816350,49.3983,18,Index_C3_Bend,Index,bend,3,1.3983,Index cycle 3: BEND Index,3139,3309,2829,2998,2836,3018,2979,11163.807531,14313.740458,7597.630332,9291.886964,7658.776807,9527.576602,9075.806452,0.139495,1.023899,0.155798,0.006236,0.008048,0.146540,0.103210
816400,49.4515,18,Index_C3_Bend,Index,bend,3,1.4515,Index cycle 3: BEND Index,3127,3428,2847,3000,2835,2989,2963,10983.264463,17474.062969,7756.250000,9315.068493,7650.000000,9188.607595,8899.469965,0.121067,1.470754,0.179928,0.008746,0.006893,0.105749,0.081776
816450,49.4622,18,Index_C3_Bend,Index,bend,3,1.4622,Index cycle 3: BEND Index,3132,3328,2834,3007,2827,2979,2974,11057.943925,14752.542373,7641.237113,9396.875000,7580.283912,9075.806452,9020.160571,0.128689,1.085944,0.162431,0.017605,-0.002283,0.092175,0.096446
816500,49.6507,18,Index_C3_Bend,Index,bend,3,1.6507,Index cycle 3: BEND Index,3126,3349,2830,3040,2832,2976,2964,10968.421053,15263.538874,7606.324111,9797.156398,7623.752969,9042.359249,8910.344828,0.119551,1.158196,0.157120,0.060953,0.003438,0.088150,0.083098
816550,49.6507,18,Index_C3_Bend,Index,bend,3,1.6507,Index cycle 3: BEND Index,3138,3365,2817,3015,2833,2980,2966,11148.589342,15672.602740,7494.366197,9491.666667,7632.488114,9086.995516,8932.152347,0.137941,1.216036,0.140088,0.027871,0.004588,0.093521,0.085748
816600,49.6508,18,Index_C3_Bend,Index,bend,3,1.6508,Index cycle 3: BEND Index,3121,3381,2802,3015,2828,2966,2982,10894.661191,16100.000000,7367.981439,9491.666667,7588.950276,8932.152347,9109.433962,0.112023,1.276468,0.120862,0.027871,-0.001142,0.074888,0.107298
816650,49.6619,18,Index_C3_Bend,Index,bend,3,1.6619,Index cycle 3: BEND Index,3122,3381,2831,3023,2833,2968,2973,10909.352518,16100.000000,7615.031646,9587.873134,7632.488114,8954.037267,9009.090909,0.113522,1.276468,0.158445,0.038289,0.004588,0.077521,0.095101
816700,49.7169,18,Index_C3_Bend,Index,bend,3,1.7169,Index cycle 3: BEND Index,3128,3459,2827,3023,2833,2941,2969,10998.138573,18491.509434,7580.283912,9587.873134,7632.488114,8664.991334,8965.008881,0.122585,1.614617,0.153159,0.038289,0.004588,0.042738,0.089742
816750,49.8994,18,Index_C3_Bend,Index,bend,3,1.8994,Index cycle 3: BEND Index,3128,3500,2834,3009,2831,2961,2963,10998.138573,20000.000000,7641.237113,9420.441989,7615.031646,8877.777778,8899.469965,0.122585,1.827911,0.162431,0.020158,0.002290,0.068344,0.081776
816800,49.8994,18,Index_C3_Bend,Index,bend,3,1.8994,Index cycle 3: BEND Index,3134,3260,2847,3037,2834,2969,2974,11088.033299,13274.251497,7756.250000,9759.735350,7641.237113,8965.008881,9020.160571,0.131760,0.876920,0.179928,0.056900,0.005740,0.078841,0.096446
816850,49.8995,18,Index_C3_Bend,Index,bend,3,1.8995,Index cycle 3: BEND Index,3129,3375,2824,3028,2835,2937,2960,11013.043478,15937.500000,7554.366640,9648.734770,7650.000000,8623.316062,8866.960352,0.124106,1.253491,0.149216,0.044880,0.006893,0.037722,0.077824
816900,49.9426,18,Index_C3_Bend,Index,bend,3,1.9426,Index cycle 3: BEND Index,3122,3346,2812,3032,2829,2941,2967,10909.352518,15188.785047,7451.909587,9697.836312,7597.630332,8664.991334,8943.085106,0.113522,1.147626,0.133630,0.050197,0.000000,0.042738,0.087077
816950,49.9751,18,Index_C3_Bend,Index,bend,3,1.9751,Index cycle 3: BEND Index,3100,3448,2832,3050,2835,2926,2990,10592.964824,18119.319938,7623.752969,9923.444976,7650.000000,8510.179641,9200.000000,0.081229,1.561991,0.159771,0.074629,0.006893,0.024108,0.118307
817000,50.0277,19,Index_C4_Open,Index,open,4,0.0277,Index cycle 4: OPEN,3110,3387,2836,3050,2833,2920,2977,10735.025381,16265.254237,7658.776807,9923.444976,7632.488114,8449.361702,9053.488372,0.095729,1.299834,0.165100,0.074629,0.004588,0.016789,0.100497
817050,50.1740,19,Index_C4_Open,Index,open,4,0.1740,Index cycle 4: OPEN,3103,3355,2835,3034,2831,2937,2987,10635.282258,15414.864865,7650.000000,9722.525919,7615.031646,8623.316062,9165.884477,0.085548,1.179593,0.163764,0.052871,0.002290,0.037722,0.114160
817100,50.1740,19,Index_C4_Open,Index,open,4,0.1740,Index cycle 4: OPEN,3085,3492,2844,3057,2833,2931,2987,10385.148515,19689.552239,7729.496403,10013.294798,7632.488114,8561.340206,9165.884477,0.060017,1.784015,0.175858,0.084359,0.004588,0.030264,0.114160
817150,50.1741,19,Index_C4_Open,Index,open,4,0.1741,Index cycle 4: OPEN,3088,3465,2831,3039,2831,2920,2973,10426.216485,18700.000000,7615.031646,9784.659091,7615.031646,8449.361702,9009.090909,0.064208,1.644096,0.158445,0.059599,0.002290,0.016789,0.095101
817200,50.2175,19,Index_C4_Open,Index,open,4,0.2175,Index cycle 4: OPEN,3084,3441,2805,3029,2829,2927,2987,10371.513353,17888.990826,7393.023256,9660.975610,7597.630332,8520.376712,9165.884477,0.058625,1.529423,0.124671,0.046205,0.000000,0.025335,0.114160
817250,50.2725,19,Index_C4_Open,Index,open,4,0.2725,Index cycle 4: OPEN,3089,3556,2823,3035,2834,2924,2979,10439.960239,22431.168831,7545.754717,9734.905660,7641.237113,8489.837746,9075.806452,0.065611,2.171667,0.147906,0.054211,0.005740,0.021660,0.103210
817300,50.4237,19,Index_C4_Open,Index,open,4,0.4237,Index cycle 4: OPEN,3094,3429,2849,3046,2832,2914,2970,10509.090909,17505.405405,7774.157303,9872.640610,7623.752969,8389.161727,8976.000000,0.072667,1.475186,0.182652,0.069127,0.003438,0.009544,0.091078
817350,50.4238,19,Index_C4_Open,Index,open,4,0.4238,Index cycle 4: OPEN,3088,3347,2842,3039,2826,2932,2975,10426.216485,15213.636364,7711.731844,9784.659091,7571.631206,8571.625107,9031.250000,0.064208,1.151140,0.173155,0.059599,-0.003422,0.031502,0.097794
817400,50.4238,19,Index_C4_Open,Index,open,4,0.4238,Index cycle 4: OPEN,3074,3415,2852,3051,2832,2934,2975,10236.630754,17075.000000,7801.126307,9936.206897,7623.752969,8592.248062,9031.250000,0.044857,1.414329,0.186755,0.076011,0.003438,0.033984,0.097794
817450,50.5117,19,Index_C4_Open,Index,open,4,0.5117,Index cycle 4: OPEN,3090,3414,2848,3032,2831,2918,2957,10453.731343,17044.933921,7765.196472,9697.836312,7615.031646,8429.226848,8834.622144,0.067017,1.410077,0.181289,0.050197,0.002290,0.014366,0.073893
817500,50.5438,19,Index_C4_Open,Index,open,4,0.5438,Index cycle 4: OPEN,3085,3396,2829,3019,2816,2927,2962,10385.148515,16518.454936,7597.630332,9539.591078,7485.848319,8520.376712,8888.614298,0.060017,1.335636,0.155798,0.033060,-0.014713,0.025335,0.080456
817550,50.6792,19,Index_C4_Open,Index,open,4,0.6792,Index cycle 4: OPEN,3070,3419,2832,3044,2831,2924,2961,10183.414634,17196.153846,7623.752969,9847.383444,7615.031646,8489.837746,8877.777778,0.039426,1.431459,0.159771,0.066392,0.002290,0.021660,0.079139
817600,50.6793,19,Index_C4_Open,Index,open,4,0.6793,Index cycle 4: OPEN,3086,3346,2836,3046,2831,2922,2950,10398.810704,15188.785047,7658.776807,9872.640610,7615.031646,8469.565217,8759.825328,0.061411,1.147626,0.165100,0.069127,0.002290,0.019220,0.064801
817650,50.6793,19,Index_C4_Open,Index,open,4,0.6793,Index cycle 4: OPEN,3079,3358,2828,3043,2824,2918,2962,10303.740157,15491.451832,7588.950276,9834.790875,7554.366640,8429.226848,8888.614298,0.051707,1.190422,0.154477,0.065028,-0.005694,0.014366,0.080456
817700,50.7224,19,Index_C4_Open,Index,open,4,0.7224,Index cycle 4: OPEN,3062,3341,2831,3041,2830,2916,2958,10078.218780,15065.517241,7615.031646,9809.677419,7606.324111,8409.160305,8845.382586,0.028688,1.130197,0.158445,0.062309,0.001144,0.011951,0.075201
817750,50.7662,19,Index_C4_Open,Index,open,4,0.7662,Index cycle 4: OPEN,3066,3344,2831,3033,2830,2912,2950,10130.612245,15139.280959,7615.031646,9710.169492,7606.324111,8369.230769,8759.825328,0.034036,1.140627,0.158445,0.051533,0.001144,0.007146,0.064801
817800,50.9417,19,Index_C4_Open,Index,open,4,0.9417,Index cycle 4: OPEN,3059,3341,2820,3021,2826,2922,2959,10039.189189,15065.517241,7520.000000,9563.687151,7571.631206,8469.565217,8856.161972,0.024704,1.130197,0.143988,0.035670,-0.003422,0.019220,0.076511
817850,50.9417,19,Index_C4_Open,Index,open,4,0.9417,Index cycle 4: OPEN,3054,3373,2821,3030,2831,2927,2958,9974.639769,15883.933518,7528.571429,9673.239437,7615.031646,8520.376712,8845.382586,0.018116,1.245917,0.145292,0.047533,0.002290,0.025335,0.075201
817900,50.9418,19,Index_C4_Open,Index,open,4,0.9418,Index cycle 4: OPEN,3074,3351,2815,3038,2831,2931,2947,10236.630754,15313.709677,7477.343750,9772.185430,7615.031646,8561.340206,8728.048780,0.044857,1.165290,0.137499,0.058248,0.002290,0.030264,0.060939
817950,50.9741,19,Index_C4_Open,Index,open,4,0.9741,Index cycle 4: OPEN,3069,3597,2811,3004,2824,2961,2960,10170.175439,24557.831325,7443.457944,9361.686526,7554.366640,8877.777778,8866.960352,0.038074,2.472368,0.132344,0.013795,-0.005694,0.068344,0.077824
818000,51.0391,19,Index_C4_Open,Index,open,4,1.0391,Index cycle 4: OPEN,3089,3442,2814,3012,2829,2977,2960,10439.960239,17921.592649,7468.852459,9455.955679,7597.630332,9053.488372,8866.960352,0.065611,1.534033,0.136207,0.024003,0.000000,0.089489,0.077824
818050,51.1885,19,Index_C4_Open,Index,open,4,1.1885,Index cycle 4: OPEN,3110,3460,2813,3022,2832,3012,2973,10735.025381,18525.984252,7460.374415,9575.768872,7623.752969,9455.955679,9009.090909,0.095729,1.619491,0.134917,0.036978,0.003438,0.137922,0.095101
818100,51.1885,19,Index_C4_Open,Index,open,4,1.1885,Index cycle 4: OPEN,3122,3402,2795,3015,2826,3024,2976,10909.352518,16690.909091,7310.000000,9491.666667,7571.631206,9600.000000,9042.359249,0.113522,1.360020,0.112041,0.027871,-0.003422,0.155256,0.099145
818150,51.1885,19,Index_C4_Open,Index,open,4,1.1885,Index cycle 4: OPEN,3122,3415,2794,3027,2833,3029,2966,10909.352518,17075.000000,7301.767871,9636.516854,7632.488114,9660.975610,8932.152347,0.113522,1.414329,0.110789,0.043557,0.004588,0.162593,0.085748
818200,51.2324,19,Index_C4_Open,Index,open,4,1.2324,Index cycle 4: OPEN,3169,3327,2800,3045,2835,3033,2961,11635.637149,14728.906250,7351.351351,9860.000000,7650.000000,9710.169492,8877.777778,0.187655,1.082601,0.118332,0.067758,0.006893,0.168513,0.079139
818250,51.2863,19,Index_C4_Open,Index,open,4,1.2863,Index cycle 4: OPEN,3142,3187,2803,3027,2832,3024,2973,11209.653725,11933.700441,7376.315789,9636.516854,7623.752969,9600.000000,9009.090909,0.144174,0.687372,0.122130,0.043557,0.003438,0.155256,0.095101
818300,51.3080,19,Index_C4_Open,Index,open,4,1.3080,Index cycle 4: OPEN,3165,3240,2813,3028,2834,3000,2969,11570.967742,12884.210526,7460.374415,9648.734770,7641.237113,9315.068493,8965.008881,0.181054,0.821770,0.134917,0.044880,0.005740,0.120967,0.089742
818350,51.4513,19,Index_C4_Open,Index,open,4,1.4513,Index cycle 4: OPEN,3190,3268,2825,3022,2833,2981,2962,11984.530387,13435.550181,7562.992126,9575.768872,7632.488114,9098.204668,8888.614298,0.223266,0.899727,0.150528,0.036978,0.004588,0.094870,0.080456
818400,51.4514,19,Index_C4_Open,Index,open,4,1.4514,Index cycle 4: OPEN,3194,3201,2813,3008,2831,2998,2970,12052.830189,12173.825503,7460.374415,9408.647654,7615.031646,9291.886964,8976.000000,0.230238,0.721324,0.134917,0.018880,0.002290,0.118178,0.091078
818450,51.4733,19,Index_C4_Open,Index,open,4,1.4733,Index cycle 4: OPEN,3158,3126,2819,3006,2838,2993,2965,11459.124867,10968.421053,7511.442006,9385.123967,7676.372315,9234.301270,8921.238938,0.169638,0.550886,0.142686,0.016333,0.010364,0.111248,0.084422
818500,51.5273,19,Index_C4_Open,Index,open,4,1.5273,Index cycle 4: OPEN,3144,3101,2818,2996,2836,2984,2956,11240.378549,10607.042254,7502.897416,9268.789809,7658.776807,9131.953195,8823.880597,0.147310,0.499788,0.141386,0.003735,0.008048,0.098931,0.072587
818550,51.7000,19,Index_C4_Open,Index,open,4,1.7000,Index cycle 4: OPEN,3132,3089,2811,2988,2830,2990,2960,11057.943925,10439.960239,7443.457944,9177.235772,7606.324111,9200.000000,8866.960352,0.128689,0.476164,0.132344,-0.006180,0.001144,0.107120,0.077824
818600,51.7001,19,Index_C4_Open,Index,open,4,1.7001,Index cycle 4: OPEN,3126,3078,2817,2993,2838,2983,2959,10968.421053,10290.265487,7494.366197,9234.301270,7676.372315,9120.683453,8856.161972,0.119551,0.454998,0.140088,0.000000,0.010364,0.097575,0.076511
818650,51.7001,19,Index_C4_Open,Index,open,4,1.7001,Index cycle 4: OPEN,3133,3038,2812,2991,2834,2965,2954,11072.972973,9772.185430,7451.909587,9211.413043,7641.237113,8921.238938,8802.453988,0.130223,0.381743,0.133630,-0.002479,0.005740,0.073574,0.069983
818700,51.7106,19,Index_C4_Open,Index,open,4,1.7106,Index cycle 4: OPEN,3140,3024,2794,2979,2833,2971,2959,11179.057592,9600.000000,7301.767871,9075.806452,7632.488114,8987.010676,8856.161972,0.141051,0.357397,0.110789,-0.017164,0.004588,0.081489,0.076511
818750,51.7762,19,Index_C4_Open,Index,open,4,1.7762,Index cycle 4: OPEN,3113,3025,2800,2989,2837,2970,2954,10778.207739,9612.149533,7351.351351,9188.607595,7667.567568,8976.000000,8802.453988,0.100136,0.359115,0.118332,-0.004948,0.009205,0.080164,0.069983
818800,51.9601,19,Index_C4_Open,Index,open,4,1.9601,Index cycle 4: OPEN,3129,3019,2791,2987,2834,2955,2945,11013.043478,9539.591078,7277.147239,9165.884477,7641.237113,8813.157895,8706.956522,0.124106,0.348856,0.107044,-0.007409,0.005740,0.060568,0.058375
818850,51.9601,19,Index_C4_Open,Index,open,4,1.9601,Index cycle 4: OPEN,3120,3003,2778,2974,2833,2957,2954,10880.000000,9350.000000,7171.753986,9020.160571,7632.488114,8834.622144,8802.453988,0.110526,0.322048,0.091011,-0.023190,0.004588,0.063151,0.069983
818900,51.9601,19,Index_C4_Open,Index,open,4,1.9601,Index cycle 4: OPEN,3107,3010,2789,2976,2837,2948,2945,10692.105263,9432.258065,7260.796325,9042.359249,7667.567568,8738.622493,8706.956522,0.091348,0.333679,0.104556,-0.020786,0.009205,0.051598,0.058375
818950,51.9819,19,Index_C4_Open,Index,open,4,1.9819,Index cycle 4: OPEN,3111,2991,2786,2974,2830,2948,2934,10749.390244,9211.413043,7236.363636,9020.160571,7606.324111,8738.622493,8592.248062,0.097195,0.302453,0.100839,-0.023190,0.001144,0.051598,0.044431
819000,52.0213,20,Index_C4_Bend,Index,bend,4,0.0213,Index cycle 4: BEND Index,3112,3005,2770,2964,2829,2949,2945,10763.784334,9373.394495,7107.924528,8910.344828,7597.630332,8749.214660,8706.956522,0.098664,0.325356,0.081301,-0.035082,0.000000,0.052873,0.058375
819050,52.0764,20,Index_C4_Bend,Index,bend,4,0.0764,Index cycle 4: BEND Index,3098,2992,2778,2970,2834,2938,2942,10564.894684,9222.846782,7171.753986,8976.000000,7641.237113,8633.707865,8675.455334,0.078363,0.304069,0.091011,-0.027972,0.005740,0.038973,0.054546
819100,52.2381,20,Index_C4_Bend,Index,bend,4,0.2381,Index cycle 4: BEND Index,3101,2999,2778,2970,2833,2923,2931,10607.042254,9303.467153,7171.753986,8976.000000,7632.488114,8479.692833,8561.340206,0.082665,0.315469,0.091011,-0.027972,0.004588,0.020439,0.040674
819150,52.2382,20,Index_C4_Bend,Index,bend,4,0.2382,Index cycle 4: BEND Index,3093,2988,2767,2962,2832,2936,2941,10495.209581,9177.235772,7084.186747,8888.614298,7623.752969,8612.942192,8664.991334,0.071251,0.297620,0.077689,-0.037435,0.003438,0.036474,0.053274
819200,52.2382,20,Index_C4_Bend,Index,bend,4,0.2382,Index cycle 4: BEND Index,3084,3001,2770,2964,2835,2933,2937,10371.513353,9326.691042,7107.924528,8910.344828,7650.000000,8581.927711,8623.316062,0.058625,0.318752,0.081301,-0.035082,0.006893,0.032742,0.048208
819250,52.2820,20,Index_C4_Bend,Index,bend,4,0.2820,Index cycle 4: BEND Index,3089,3010,2767,2964,2834,2920,2927,10439.960239,9432.258065,7084.186747,8910.344828,7641.237113,8449.361702,8520.376712,0.065611,0.333679,0.077689,-0.035082,0.005740,0.016789,0.035695
819300,52.3254,20,Index_C4_Bend,Index,bend,4,0.3254,Index cycle 4: BEND Index,3091,2996,2767,2959,2829,2938,2936,10467.529880,9268.789809,7084.186747,8856.161972,7597.630332,8633.707865,8612.942192,0.068425,0.310565,0.077689,-0.040949,0.000000,0.038973,0.046947
819350,52.4950,20,Index_C4_Bend,Index,bend,4,0.4950,Index cycle 4: BEND Index,3070,2980,2782,2966,2833,2932,2936,10183.414634,9086.995516,7203.960396,8932.152347,7632.488114,8571.625107,8612.942192,0.039426,0.284861,0.095910,-0.032720,0.004588,0.031502,0.046947
819400,52.4951,20,Index_C4_Bend,Index,bend,4,0.4951,Index cycle 4: BEND Index,3066,2988,2788,2963,2831,2929,2927,10130.612245,9177.235772,7252.639633,8899.469965,7615.031646,8540.823328,8520.376712,0.034036,0.297620,0.103315,-0.036260,0.002290,0.027795,0.035695
819450,52.4952,20,Index_C4_Bend,Index,bend,4,0.4952,Index cycle 4: BEND Index,3056,2957,2770,2954,2826,2930,2934,10000.384986,8834.622144,7107.924528,8802.453988,7571.631206,8551.072961,8592.248062,0.020744,0.249176,0.081301,-0.046766,-0.003422,0.029029,0.044431
819500,52.5380,20,Index_C4_Bend,Index,bend,4,0.5380,Index cycle 4: BEND Index,3039,2958,2778,2966,2833,2933,2934,9784.659091,8845.382586,7171.753986,8932.152347,7632.488114,8581.927711,8592.248062,-0.001276,0.250698,0.091011,-0.032720,0.004588,0.032742,0.044431
819550,52.5817,20,Index_C4_Bend,Index,bend,4,0.5817,Index cycle 4: BEND Index,3050,2959,2769,2963,2827,2917,2926,9923.444976,8856.161972,7100.000000,8899.469965,7580.283912,8419.185059,8510.179641,0.012890,0.252222,0.080095,-0.036260,-0.002283,0.013157,0.034455
819600,52.7019,20,Index_C4_Bend,Index,bend,4,0.7019,Index cycle 4: BEND Index,3044,2957,2757,2955,2830,2926,2940,9847.383444,8834.622144,7005.829596,8813.157895,7606.324111,8510.179641,8654.545455,0.005127,0.249176,0.065769,-0.045606,0.001144,0.024108,0.052004
819650,52.7020,20,Index_C4_Bend,Index,bend,4,0.7020,Index cycle 4: BEND Index,3036,2973,2768,2959,2831,2918,2943,9747.308782,9009.090909,7092.087415,8856.161972,7615.031646,8429.226848,8685.937500,-0.005088,0.273845,0.078891,-0.040949,0.002290,0.014366,0.055820
819700,52.7337,20,Index_C4_Bend,Index,bend,4,0.7337,Index cycle 4: BEND Index,3042,2975,2767,2957,2825,2903,2930,9822.222222,9031.250000,7084.186747,8834.622144,7562.992126,8280.369128,8551.072961,0.002558,0.276978,0.077689,-0.043282,-0.004559,-0.003548,0.039426
819750,52.7775,20,Index_C4_Bend,Index,bend,4,0.7775,Index cycle 4: BEND Index,3040,2965,2759,2955,2821,2924,2943,9797.156398,8921.238938,7021.407186,8813.157895,7528.571429,8489.837746,8685.937500,0.000000,0.261423,0.068139,-0.045606,-0.009090,0.021660,0.055820
819800,52.8214,20,Index_C4_Bend,Index,bend,4,0.8214,Index cycle 4: BEND Index,3031,2948,2772,2959,2831,2922,2941,9685.526316,8738.622493,7123.809524,8856.161972,7615.031646,8469.565217,8664.991334,-0.011394,0.235602,0.083717,-0.040949,0.002290,0.019220,0.053274
819850,52.9627,20,Index_C4_Bend,Index,bend,4,0.9627,Index cycle 4: BEND Index,3039,2965,2773,2963,2829,2913,2934,9784.659091,8921.238938,7131.770045,8899.469965,7597.630332,8379.187817,8592.248062,-0.001276,0.261423,0.084928,-0.036260,0.000000,0.008344,0.044431
819900,52.9628,20,Index_C4_Bend,Index,bend,4,0.9628,Index cycle 4: BEND Index,3043,2960,2773,2953,2823,2928,2944,9834.790875,8866.960352,7131.770045,8791.768827,7545.754717,8530.591260,8696.437880,0.003841,0.253749,0.084928,-0.047923,-0.006828,0.026564,0.057096
819950,52.9737,20,Index_C4_Bend,Index,bend,4,0.9737,Index cycle 4: BEND Index,3035,2955,2774,2959,2830,2918,2941,9734.905660,8813.157895,7139.742619,8856.161972,7606.324111,8429.226848,8664.991334,-0.006354,0.246141,0.086141,-0.040949,0.001144,0.014366,0.053274
820000,53.0282,20,Index_C4_Bend,Index,bend,4,1.0282,Index cycle 4: BEND Index,3045,2965,2769,2963,2827,2903,2933,9860.000000,8921.238938,7100.000000,8899.469965,7580.283912,8280.369128,8581.927711,0.006414,0.261423,0.080095,-0.036260,-0.002283,-0.003548,0.043177
820050,53.0607,20,Index_C4_Bend,Index,bend,4,1.0607,Index cycle 4: BEND Index,3036,3025,2754,2954,2824,2917,2950,9747.308782,9612.149533,6982.550336,8802.453988,7554.366640,8419.185059,8759.825328,-0.005088,0.359115,0.062228,-0.046766,-0.005694,0.013157,0.064801
820100,53.2448,20,Index_C4_Bend,Index,bend,4,1.2448,Index cycle 4: BEND Index,3032,3101,2767,2965,2830,2925,2955,9697.836312,10607.042254,7084.186747,8921.238938,7606.324111,8500.000000,8813.157895,-0.010138,0.499788,0.077689,-0.033902,0.001144,0.022883,0.071284
820150,53.2449,20,Index_C4_Bend,Index,bend,4,1.2449,Index cycle 4: BEND Index,3036,3184,2777,2962,2829,2920,2948,9747.308782,11883.205269,7163.732929,8888.614298,7597.630332,8449.361702,8738.622493,-0.005088,0.680232,0.089790,-0.037435,0.000000,0.016789,0.062224
820200,53.2449,20,Index_C4_Bend,Index,bend,4,1.2449,Index cycle 4: BEND Index,3040,3169,2767,2953,2822,2944,2960,9797.156398,11635.637149,7084.186747,8791.768827,7537.156324,8696.437880,8866.960352,0.000000,0.645227,0.077689,-0.047923,-0.007960,0.046522,0.077824
820250,53.2773,20,Index_C4_Bend,Index,bend,4,1.2773,Index cycle 4: BEND Index,3038,3234,2784,2964,2831,2947,2962,9772.185430,12770.731707,7220.137300,8910.344828,7615.031646,8728.048780,8888.614298,-0.002549,0.805724,0.098371,-0.035082,0.002290,0.050326,0.080456
820300,53.3320,20,Index_C4_Bend,Index,bend,4,1.3320,Index cycle 4: BEND Index,3052,3252,2809,2975,2831,2954,2952,9948.993289,13116.014235,7426.594090,9031.250000,7615.031646,8802.453988,8781.102362,0.015498,0.854546,0.129778,-0.021989,0.002290,0.059280,0.067387
820350,53.4893,20,Index_C4_Bend,Index,bend,4,1.4893,Index cycle 4: BEND Index,3055,3318,2803,2975,2827,2946,2964,9987.500000,14518.918919,7376.315789,9031.250000,7580.283912,8717.493473,8910.344828,0.019428,1.052910,0.122130,-0.021989,-0.002283,0.049056,0.083098
820400,53.4893,20,Index_C4_Bend,Index,bend,4,1.4893,Index cycle 4: BEND Index,3060,3274,2803,3005,2833,2927,2970,10052.173913,13558.587089,7376.315789,9373.394495,7632.488114,8520.376712,8976.000000,0.026030,0.917124,0.122130,0.015063,0.004588,0.025335,0.091078
820450,53.4894,20,Index_C4_Bend,Index,bend,4,1.4894,Index cycle 4: BEND Index,3086,3307,2791,2995,2830,2919,2962,10398.810704,14268.781726,7277.147239,9257.272727,7606.324111,8439.285714,8888.614298,0.061411,1.017542,0.107044,0.002488,0.001144,0.015576,0.080456
820500,53.5432,20,Index_C4_Bend,Index,bend,4,1.5432,Index cycle 4: BEND Index,3073,3290,2772,2989,2829,2928,2969,10223.287671,13895.652174,7123.809524,9188.607595,7597.630332,8530.591260,8965.008881,0.043495,0.964783,0.083717,-0.004948,0.000000,0.026564,0.089742
820550,53.5752,20,Index_C4_Bend,Index,bend,4,1.5752,Index cycle 4: BEND Index,3058,3177,2783,3026,2833,2927,2969,10026.229508,11766.666667,7212.042683,9624.321796,7632.488114,8520.376712,8965.008881,0.023382,0.663754,0.097140,0.042236,0.004588,0.025335,0.089742
820600,53.7489,20,Index_C4_Bend,Index,bend,4,1.7489,Index cycle 4: BEND Index,3061,3177,2802,3055,2832,2953,2957,10065.183752,11766.666667,7367.981439,9987.500000,7623.752969,8791.768827,8834.622144,0.027358,0.663754,0.120862,0.081565,0.003438,0.057994,0.073893
820650,53.7489,20,Index_C4_Bend,Index,bend,4,1.7489,Index cycle 4: BEND Index,3046,3210,2796,3045,2830,2954,2967,9872.640610,12332.203390,7318.244804,9860.000000,7606.324111,8802.453988,8943.085106,0.007705,0.743718,0.113296,0.067758,0.001144,0.059280,0.087077
820700,53.7489,20,Index_C4_Bend,Index,bend,4,1.7489,Index cycle 4: BEND Index,3012,3180,2816,3054,2832,2950,2970,9455.955679,11816.393443,7485.848319,9974.639769,7623.752969,8759.825328,8976.000000,-0.034827,0.670785,0.138793,0.080173,0.003438,0.054150,0.091078
820750,53.7711,20,Index_C4_Bend,Index,bend,4,1.7711,Index cycle 4: BEND Index,3020,3182,2802,3053,2830,2949,2954,9551.627907,11849.726177,7367.981439,9961.804223,7606.324111,8749.214660,8802.453988,-0.025061,0.675498,0.120862,0.078783,0.001144,0.052873,0.069983
820800,53.8258,20,Index_C4_Bend,Index,bend,4,1.8258,Index cycle 4: BEND Index,3027,3133,2798,3035,2831,2989,2954,9636.516854,11072.972973,7334.772552,9734.905660,7615.031646,9188.607595,8802.453988,-0.016397,0.565669,0.115810,0.054211,0.002290,0.105749,0.069983
820850,54.0061,21,Index_C5_Open,Index,open,5,0.0061,Index cycle 5: OPEN,3022,3155,2810,3036,2833,2973,2953,9575.768872,11411.702128,7435.019455,9747.308782,7632.488114,9009.090909,8791.768827,-0.022597,0.613564,0.131060,0.055555,0.004588,0.084146,0.068684
820900,54.0064,21,Index_C5_Open,Index,open,5,0.0064,Index cycle 5: OPEN,3026,3133,2823,3027,2832,2950,2937,9624.321796,11072.972973,7545.754717,9636.516854,7623.752969,8759.825328,8623.316062,-0.017641,0.565669,0.147906,0.043557,0.003438,0.054150,0.048208
820950,54.0064,21,Index_C5_Open,Index,open,5,0.0064,Index cycle 5: OPEN,3024,3143,2822,3033,2832,2976,2953,9600.000000,11225.000000,7537.156324,9710.169492,7623.752969,9042.359249,8791.768827,-0.020124,0.587165,0.146598,0.051533,0.003438,0.088150,0.068684
821000,54.0166,21,Index_C5_Open,Index,open,5,0.0166,Index cycle 5: OPEN,3023,3140,2826,3038,2833,2981,2955,9587.873134,11179.057592,7571.631206,9772.185430,7632.488114,9098.204668,8813.157895,-0.021362,0.580669,0.151842,0.058248,0.004588,0.094870,0.071284
821050,54.0822,21,Index_C5_Open,Index,open,5,0.0822,Index cycle 5: OPEN,3023,3113,2823,3038,2829,2955,2944,9587.873134,10778.207739,7545.754717,9772.185430,7597.630332,8813.157895,8696.437880,-0.021362,0.523990,0.147906,0.058248,0.000000,0.060568,0.057096
821100,54.2355,21,Index_C5_Open,Index,open,5,0.2355,Index cycle 5: OPEN,3023,3100,2816,3027,2830,2977,2959,9587.873134,10592.964824,7485.848319,9636.516854,7606.324111,9053.488372,8856.161972,-0.021362,0.497798,0.138793,0.043557,0.001144,0.089489,0.076511
821150,54.2356,21,Index_C5_Open,Index,open,5,0.2356,Index cycle 5: OPEN,3022,3108,2819,3023,2836,2992,2960,9575.768872,10706.382979,7511.442006,9587.873134,7658.776807,9222.846782,8866.960352,-0.022597,0.513835,0.142686,0.038289,0.008048,0.109869,0.077824
821200,54.2356,21,Index_C5_Open,Index,open,5,0.2356,Index cycle 5: OPEN,3041,3116,2817,3019,2833,2961,2953,9809.677419,10821.654750,7494.366197,9539.591078,7632.488114,8877.777778,8791.768827,0.001278,0.530134,0.140088,0.033060,0.004588,0.068344,0.068684
821250,54.2890,21,Index_C5_Open,Index,open,5,0.2890,Index cycle 5: OPEN,3052,3108,2797,3008,2831,2981,2950,9948.993289,10706.382979,7326.502311,9408.647654,7615.031646,9098.204668,8759.825328,0.015498,0.513835,0.114552,0.018880,0.002290,0.094870,0.064801
821300,54.3219,21,Index_C5_Open,Index,open,5,0.3219,Index cycle 5: OPEN,3022,3094,2814,3018,2834,2974,2951,9575.768872,10509.090909,7468.852459,9527.576602,7641.237113,9020.160571,8770.454545,-0.022597,0.485938,0.136207,0.031759,0.005740,0.085478,0.066093
821350,54.4962,21,Index_C5_Open,Index,open,5,0.4962,Index cycle 5: OPEN,3029,3125,2809,3023,2835,2945,2947,9660.975610,10953.608247,7426.594090,9587.873134,7650.000000,8706.956522,8728.048780,-0.013900,0.548791,0.129778,0.038289,0.006893,0.047788,0.060939
821400,54.4963,21,Index_C5_Open,Index,open,5,0.4963,Index cycle 5: OPEN,3014,3098,2792,3011,2834,2948,2967,9479.740981,10564.894684,7285.341520,9444.095941,7641.237113,8738.622493,8943.085106,-0.032399,0.493829,0.108290,0.022719,0.005740,0.051598,0.087077
821450,54.4963,21,Index_C5_Open,Index,open,5,0.4963,Index cycle 5: OPEN,2997,3087,2797,3017,2833,2944,2963,9280.327869,10412.500000,7326.502311,9515.584416,7632.488114,8696.437880,8899.469965,-0.052753,0.472281,0.114552,0.030461,0.004588,0.046522,0.081776
821500,54.5282,21,Index_C5_Open,Index,open,5,0.5282,Index cycle 5: OPEN,3001,3089,2794,3012,2834,2931,2952,9326.691042,10439.960239,7301.767871,9455.955679,7641.237113,8561.340206,8781.102362,-0.048021,0.476164,0.110789,0.024003,0.005740,0.030264,0.067387
821550,54.5833,21,Index_C5_Open,Index,open,5,0.5833,Index cycle 5: OPEN,2998,3072,2785,3002,2826,2933,2958,9291.886964,10209.970674,7228.244275,9338.334858,7571.631206,8581.927711,8845.382586,-0.051573,0.443644,0.099604,0.011266,-0.003422,0.032742,0.075201
821600,54.7516,21,Index_C5_Open,Index,open,5,0.7516,Index cycle 5: OPEN,2994,3097,2798,3007,2833,2930,2955,9245.776567,10550.901804,7334.772552,9396.875000,7632.488114,8551.072961,8813.157895,-0.056280,0.491850,0.115810,0.017605,0.004588,0.029029,0.071284
821650,54.7517,21,Index_C5_Open,Index,open,5,0.7517,Index cycle 5: OPEN,2999,3100,2797,3010,2833,2937,2946,9303.467153,10592.964824,7326.502311,9432.258065,7632.488114,8623.316062,8717.493473,-0.050391,0.497798,0.114552,0.021437,0.004588,0.037722,0.059655
821700,54.7517,21,Index_C5_Open,Index,open,5,0.7517,Index cycle 5: OPEN,2999,3095,2781,3000,2825,2948,2953,9303.467153,10523.000000,7195.890411,9315.068493,7562.992126,8738.622493,8791.768827,-0.050391,0.487905,0.094682,0.008746,-0.004559,0.051598,0.068684
821750,54.7735,21,Index_C5_Open,Index,open,5,0.7735,Index cycle 5: OPEN,2996,3089,2790,3012,2833,2942,2949,9268.789809,10439.960239,7268.965517,9455.955679,7632.488114,8675.455334,8749.214660,-0.053931,0.476164,0.105799,0.024003,0.004588,0.043997,0.063511
821800,54.8278,21,Index_C5_Open,Index,open,5,0.8278,Index cycle 5: OPEN,3014,3078,2795,3013,2831,2955,2943,9479.740981,10290.265487,7310.000000,9467.837338,7615.031646,8813.157895,8685.937500,-0.032399,0.454998,0.112041,0.025290,0.002290,0.060568,0.055820
821850,54.8717,21,Index_C5_Open,Index,open,5,0.8717,Index cycle 5: OPEN,3041,3231,2816,3014,2827,3005,2957,9809.677419,12714.583333,7485.848319,9479.740981,7580.283912,9373.394495,8834.622144,0.001278,0.797785,0.138793,0.026579,-0.002283,0.127986,0.073893
821900,55.0274,21,Index_C5_Open,Index,open,5,1.0274,Index cycle 5: OPEN,3066,3391,2871,3029,2834,3006,2963,10130.612245,16376.988636,7975.000000,9660.975610,7641.237113,9385.123967,8899.469965,0.034036,1.315633,0.213205,0.046205,0.005740,0.129398,0.081776
821950,55.0275,21,Index_C5_Open,Index,open,5,1.0275,Index cycle 5: OPEN,3115,3380,2871,3019,2832,3035,2963,10807.142857,16072.727273,7975.000000,9539.591078,7623.752969,9734.905660,8899.469965,0.103090,1.272612,0.213205,0.033060,0.003438,0.171490,0.081776
822000,55.0598,21,Index_C5_Open,Index,open,5,1.0598,Index cycle 5: OPEN,3146,3334,2844,3002,2834,3016,2961,11271.232877,14895.663601,7729.496403,9338.334858,7641.237113,9503.614458,8877.777778,0.150460,1.106180,0.175858,0.011266,0.005740,0.143657,0.079139
822050,55.0814,21,Index_C5_Open,Index,open,5,1.0814,Index cycle 5: OPEN,3142,3309,2856,3017,2836,3030,2960,11209.653725,14313.740458,7837.288136,9515.584416,7658.776807,9673.239437,8866.960352,0.144174,1.023899,0.192256,0.030461,0.008048,0.164069,0.077824
822100,55.2628,21,Index_C5_Open,Index,open,5,1.2628,Index cycle 5: OPEN,3150,3278,2860,3010,2834,3038,2950,11333.333333,13641.615667,7873.684211,9432.258065,7641.237113,9772.185430,8759.825328,0.156798,0.928863,0.197793,0.021437,0.005740,0.175976,0.064801
822150,55.2629,21,Index_C5_Open,Index,open,5,1.2629,Index cycle 5: OPEN,3153,3159,2848,3009,2828,3034,2951,11380.254777,11475.000000,7765.196472,9420.441989,7588.950276,9722.525919,8770.454545,0.161588,0.622514,0.181289,0.020158,-0.001142,0.170000,0.066093
822200,55.2629,21,Index_C5_Open,Index,open,5,1.2629,Index cycle 5: OPEN,3156,3306,2859,3026,2834,3018,2954,11427.476038,14246.387833,7864.563107,9624.321796,7641.237113,9527.576602,8802.453988,0.166407,1.014376,0.196405,0.042236,0.005740,0.146540,0.069983
822250,55.2629,21,Index_C5_Open,Index,open,5,1.2629,Index cycle 5: OPEN,3136,3250,2866,3004,2832,3001,2949,11118.248175,13076.923077,7928.722539,9361.686526,7623.752969,9326.691042,8749.214660,0.134844,0.849018,0.206165,0.013795,0.003438,0.122366,0.063511
822300,55.3165,21,Index_C5_Open,Index,open,5,1.3165,Index cycle 5: OPEN,3121,3185,2847,3012,2829,3023,2945,10894.661191,11900.000000,7756.250000,9455.955679,7597.630332,9587.873134,8706.956522,0.112023,0.682607,0.179928,0.024003,0.000000,0.153796,0.058375
822350,55.3700,21,Index_C5_Open,Index,open,5,1.3700,Index cycle 5: OPEN,3100,3139,2852,3022,2836,3016,2938,10592.964824,11163.807531,7801.126307,9575.768872,7658.776807,9503.614458,8633.707865,0.081229,0.578512,0.186755,0.036978,0.008048,0.143657,0.049471
822400,55.5180,21,Index_C5_Open,Index,open,5,1.5180,Index cycle 5: OPEN,3106,3120,2847,3035,2833,3017,2936,10677.856421,10880.000000,7756.250000,9734.905660,7632.488114,9515.584416,8612.942192,0.089893,0.538383,0.179928,0.054211,0.004588,0.145097,0.046947
822450,55.5180,21,Index_C5_Open,Index,open,5,1.5180,Index cycle 5: OPEN,3102,3062,2823,3024,2830,3022,2939,10621.148036,10078.218780,7545.754717,9600.000000,7606.324111,9575.768872,8644.117647,0.084105,0.425015,0.147906,0.039602,0.001144,0.152340,0.050736
822500,55.5181,21,Index_C5_Open,Index,open,5,1.5181,Index cycle 5: OPEN,3090,3067,2831,3033,2835,3013,2933,10453.731343,10143.774319,7615.031646,9710.169492,7650.000000,9467.837338,8581.927711,0.067017,0.434284,0.158445,0.051533,0.006893,0.139351,0.043177
822550,55.5832,21,Index_C5_Open,Index,open,5,1.5832,Index cycle 5: OPEN,3096,3053,2820,3033,2833,3000,2933,10536.936937,9961.804223,7520.000000,9710.169492,7632.488114,9315.068493,8581.927711,0.075510,0.408555,0.143988,0.051533,0.004588,0.120967,0.043177
822600,55.6271,21,Index_C5_Open,Index,open,5,1.6271,Index cycle 5: OPEN,3093,3037,2815,3027,2829,3006,2935,10495.209581,9759.735350,7477.343750,9636.516854,7597.630332,9385.123967,8602.586207,0.071251,0.379983,0.137499,0.043557,0.000000,0.129398,0.045688
822650,55.7759,21,Index_C5_Open,Index,open,5,1.7759,Index cycle 5: OPEN,3080,3048,2823,3029,2832,2992,2936,10317.241379,9897.994269,7545.754717,9660.975610,7623.752969,9222.846782,8612.942192,0.053085,0.399532,0.147906,0.046205,0.003438,0.109869,0.046947
822700,55.7759,21,Index_C5_Open,Index,open,5,1.7759,Index cycle 5: OPEN,3086,3043,2827,3031,2832,3001,2930,10398.810704,9834.790875,7580.283912,9685.526316,7623.752969,9326.691042,8551.072961,0.061411,0.390595,0.153159,0.048864,0.003438,0.122366,0.039426
822750,55.7760,21,Index_C5_Open,Index,open,5,1.7760,Index cycle 5: OPEN,3077,3024,2815,3019,2826,2997,2939,10276.817289,9600.000000,7477.343750,9539.591078,7571.631206,9280.327869,8644.117647,0.048959,0.357397,0.137499,0.033060,-0.003422,0.116787,0.050736
822800,55.8195,21,Index_C5_Open,Index,open,5,1.8195,Index cycle 5: OPEN,3065,3032,2824,3023,2832,2991,2942,10117.475728,9697.836312,7554.366640,9587.873134,7623.752969,9211.413043,8675.455334,0.032695,0.371231,0.149216,0.038289,0.003438,0.108494,0.054546
822850,55.8846,21,Index_C5_Open,Index,open,5,1.8846,Index cycle 5: OPEN,3072,3024,2818,3013,2830,2974,2926,10209.970674,9600.000000,7502.897416,9467.837338,7606.324111,9020.160571,8510.179641,0.042136,0.357397,0.141386,0.025290,0.001144,0.085478,0.034455
822900,56.0363,22,Index_C5_Bend,Index,bend,5,0.0363,Index cycle 5: BEND Index,3072,3006,2799,3005,2826,2996,2935,10209.970674,9385.123967,7343.055556,9373.394495,7571.631206,9268.789809,8602.586207,0.042136,0.327015,0.117070,0.015063,-0.003422,0.115398,0.045688
822950,56.0366,22,Index_C5_Bend,Index,bend,5,0.0366,Index cycle 5: BEND Index,3054,2999,2817,3004,2832,2999,2933,9974.639769,9303.467153,7494.366197,9361.686526,7623.752969,9303.467153,8581.927711,0.018116,0.315469,0.140088,0.013795,0.003438,0.119571,0.043177
823000,56.0366,22,Index_C5_Bend,Index,bend,5,0.0366,Index cycle 5: BEND Index,3060,2995,2807,3002,2832,2982,2922,10052.173913,9257.272727,7409.782609,9338.334858,7623.752969,9109.433962,8469.565217,0.026030,0.308937,0.127221,0.011266,0.003438,0.096221,0.029519
823050,56.0580,22,Index_C5_Bend,Index,bend,5,0.0580,Index cycle 5: BEND Index,3057,2981,2798,3000,2824,2977,2931,10013.294798,9098.204668,7334.772552,9315.068493,7554.366640,9053.488372,8561.340206,0.022061,0.286445,0.115810,0.008746,-0.005694,0.089489,0.040674
823100,56.1237,22,Index_C5_Bend,Index,bend,5,0.1237,Index cycle 5: BEND Index,3051,3016,2811,3007,2832,2961,2931,9936.206897,9503.614458,7443.457944,9396.875000,7623.752969,8877.777778,8561.340206,0.014193,0.343769,0.132344,0.017605,0.003438,0.068344,0.040674
823150,56.2968,22,Index_C5_Bend,Index,bend,5,0.2968,Index cycle 5: BEND Index,3054,3015,2804,3011,2832,2972,2921,9974.639769,9491.666667,7384.663052,9444.095941,7623.752969,8998.040962,8459.454855,0.018116,0.342079,0.123400,0.022719,0.003438,0.082816,0.028290
823200,56.2969,22,Index_C5_Bend,Index,bend,5,0.2969,Index cycle 5: BEND Index,3054,3001,2797,3006,2824,2982,2931,9974.639769,9326.691042,7326.502311,9385.123967,7554.366640,9109.433962,8561.340206,0.018116,0.318752,0.114552,0.016333,-0.005694,0.096221,0.040674
823250,56.2969,22,Index_C5_Bend,Index,bend,5,0.2969,Index cycle 5: BEND Index,3041,2997,2809,3009,2832,2969,2928,9809.677419,9280.327869,7426.594090,9420.441989,7623.752969,8965.008881,8530.591260,0.001278,0.312197,0.129778,0.020158,0.003438,0.078841,0.036937
823300,56.3510,22,Index_C5_Bend,Index,bend,5,0.3510,Index cycle 5: BEND Index,3050,3004,2809,3007,2831,2973,2928,9923.444976,9361.686526,7426.594090,9396.875000,7615.031646,9009.090909,8530.591260,0.012890,0.323701,0.129778,0.017605,0.002290,0.084146,0.036937
823350,56.3944,22,Index_C5_Bend,Index,bend,5,0.3944,Index cycle 5: BEND Index,3049,2984,2787,3013,2823,2969,2933,9910.707457,9131.953195,7244.495413,9467.837338,7545.754717,8965.008881,8581.927711,0.011590,0.291217,0.102077,0.025290,-0.006828,0.078841,0.043177
823400,56.4047,22,Index_C5_Bend,Index,bend,5,0.4047,Index cycle 5: BEND Index,3042,2963,2806,3019,2831,2960,2930,9822.222222,8899.469965,7401.396431,9539.591078,7615.031646,8866.960352,8551.072961,0.002558,0.258345,0.125945,0.033060,0.002290,0.067042,0.039426
823450,56.5378,22,Index_C5_Bend,Index,bend,5,0.5378,Index cycle 5: BEND Index,3049,2974,2800,3005,2831,2956,2918,9910.707457,9020.160571,7351.351351,9373.394495,7615.031646,8823.880597,8429.226848,0.011590,0.275410,0.118332,0.015063,0.002290,0.061858,0.024615
823500,56.5379,22,Index_C5_Bend,Index,bend,5,0.5379,Index cycle 5: BEND Index,3050,2968,2790,2998,2829,2965,2927,9923.444976,8954.037267,7268.965517,9291.886964,7597.630332,8921.238938,8520.376712,0.012890,0.266061,0.105799,0.006236,0.000000,0.073574,0.035695
823550,56.5706,22,Index_C5_Bend,Index,bend,5,0.5706,Index cycle 5: BEND Index,3044,2963,2801,3009,2832,2969,2926,9847.383444,8899.469965,7359.659969,9420.441989,7623.752969,8965.008881,8510.179641,0.005127,0.258345,0.119596,0.020158,0.003438,0.078841,0.034455
823600,56.6358,22,Index_C5_Bend,Index,bend,5,0.6358,Index cycle 5: BEND Index,3057,2989,2800,3008,2829,2962,2921,10013.294798,9188.607595,7351.351351,9408.647654,7597.630332,8888.614298,8459.454855,0.022061,0.299228,0.118332,0.018880,0.000000,0.069648,0.028290
823650,56.7885,22,Index_C5_Bend,Index,bend,5,0.7885,Index cycle 5: BEND Index,3067,2952,2793,2997,2819,2962,2925,10143.774319,8781.102362,7293.548387,9280.327869,7511.442006,8888.614298,8500.000000,0.035379,0.241609,0.109539,0.004984,-0.011344,0.069648,0.033218
823700,56.7886,22,Index_C5_Bend,Index,bend,5,0.7886,Index cycle 5: BEND Index,3056,2967,2803,3005,2830,2973,2929,10000.384986,8943.085106,7376.315789,9373.394495,7606.324111,9009.090909,8540.823328,0.020744,0.264512,0.122130,0.015063,0.001144,0.084146,0.038180
823750,56.7886,22,Index_C5_Bend,Index,bend,5,0.7886,Index cycle 5: BEND Index,3055,2976,2787,3002,2830,2961,2926,9987.500000,9042.359249,7244.495413,9338.334858,7606.324111,8877.777778,8510.179641,0.019428,0.278549,0.102077,0.011266,0.001144,0.068344,0.034455
823800,56.8101,22,Index_C5_Bend,Index,bend,5,0.8101,Index cycle 5: BEND Index,3054,2982,2772,2995,2819,2964,2932,9974.639769,9109.433962,7123.809524,9257.272727,7511.442006,8910.344828,8571.625107,0.018116,0.288033,0.083717,0.002488,-0.011344,0.072263,0.041924
823850,56.8865,22,Index_C5_Bend,Index,bend,5,0.8865,Index cycle 5: BEND Index,3034,2954,2776,3005,2829,2971,2923,9722.525919,8802.453988,7155.724033,9373.394495,7597.630332,8987.010676,8479.692833,-0.007618,0.244628,0.088572,0.015063,0.000000,0.081489,0.030750
823900,57.0463,22,Index_C5_Bend,Index,bend,5,1.0463,Index cycle 5: BEND Index,3034,2946,2770,2995,2828,2959,2926,9722.525919,8717.493473,7107.924528,9257.272727,7588.950276,8856.161972,8510.179641,-0.007618,0.232615,0.081301,0.002488,-0.001142,0.065743,0.034455
823950,57.0464,22,Index_C5_Bend,Index,bend,5,1.0464,Index cycle 5: BEND Index,3030,2943,2758,2983,2821,2965,2932,9673.239437,8685.937500,7013.612565,9120.683453,7528.571429,8921.238938,8571.625107,-0.012648,0.228153,0.066953,-0.012304,-0.009090,0.073574,0.041924
824000,57.0464,22,Index_C5_Bend,Index,bend,5,1.0464,Index cycle 5: BEND Index,3028,2929,2767,2992,2830,2952,2931,9648.734770,8540.823328,7084.186747,9222.846782,7606.324111,8781.102362,8561.340206,-0.015149,0.207634,0.077689,-0.001240,0.001144,0.056710,0.040674
824050,57.0785,22,Index_C5_Bend,Index,bend,5,1.0785,Index cycle 5: BEND Index,3042,3048,2777,2993,2830,2936,2928,9822.222222,9897.994269,7163.732929,9234.301270,7606.324111,8612.942192,8530.591260,0.002558,0.399532,0.089790,0.000000,0.001144,0.036474,0.036937
824100,57.1111,22,Index_C5_Bend,Index,bend,5,1.1111,Index cycle 5: BEND Index,3045,3173,2768,2985,2825,2971,2930,9860.000000,11700.867679,7092.087415,9143.243243,7562.992126,8987.010676,8551.072961,0.006414,0.654450,0.078891,-0.009861,-0.004559,0.081489,0.039426
824150,57.2997,22,Index_C5_Bend,Index,bend,5,1.2997,Index cycle 5: BEND Index,3042,3150,2784,2999,2831,2951,2929,9822.222222,11333.333333,7220.137300,9303.467153,7615.031646,8770.454545,8540.823328,0.002558,0.602483,0.098371,0.007490,0.002290,0.055429,0.038180
824200,57.2998,22,Index_C5_Bend,Index,bend,5,1.2998,Index cycle 5: BEND Index,3056,3212,2788,3002,2832,2995,2937,10000.384986,12367.836920,7252.639633,9338.334858,7623.752969,9257.272727,8623.316062,0.020744,0.748757,0.103315,0.011266,0.003438,0.114012,0.048208
824250,57.2998,22,Index_C5_Bend,Index,bend,5,1.2998,Index cycle 5: BEND Index,3086,3335,2815,2995,2829,3002,2951,10398.810704,14919.736842,7477.343750,9257.272727,7597.630332,9338.334858,8770.454545,0.061411,1.109584,0.137499,0.002488,0.000000,0.123767,0.066093
824300,57.3215,22,Index_C5_Bend,Index,bend,5,1.3215,Index cycle 5: BEND Index,3077,3329,2810,3001,2835,2985,2956,10276.817289,14776.240209,7435.019455,9326.691042,7650.000000,9143.243243,8823.880597,0.048959,1.089294,0.131060,0.010005,0.006893,0.100290,0.072587
824350,57.3654,22,Index_C5_Bend,Index,bend,5,1.3654,Index cycle 5: BEND Index,3093,3412,2803,2993,2834,2986,2940,10495.209581,16985.065886,7376.315789,9234.301270,7641.237113,9154.553652,8654.545455,0.071251,1.401612,0.122130,0.000000,0.005740,0.101651,0.052004
824400,57.5530,22,Index_C5_Bend,Index,bend,5,1.5530,Index cycle 5: BEND Index,3067,3506,2774,3002,2829,3013,2944,10143.774319,20238.370119,7139.742619,9338.334858,7597.630332,9467.837338,8696.437880,0.035379,1.861615,0.086141,0.011266,0.000000,0.139351,0.057096
824450,57.5530,22,Index_C5_Bend,Index,bend,5,1.5530,Index cycle 5: BEND Index,3084,3376,2795,3006,2833,2978,2942,10371.513353,15964.394993,7310.000000,9385.123967,7632.488114,9064.637422,8675.455334,0.058625,1.257294,0.112041,0.016333,0.004588,0.090831,0.054546
824500,57.5530,22,Index_C5_Bend,Index,bend,5,1.5530,Index cycle 5: BEND Index,3104,3442,2807,3001,2833,2966,2939,10649.445005,17921.592649,7409.782609,9326.691042,7632.488114,8932.152347,8644.117647,0.086993,1.534033,0.127221,0.010005,0.004588,0.074888,0.050736
824550,57.5745,22,Index_C5_Bend,Index,bend,5,1.5745,Index cycle 5: BEND Index,3114,3401,2784,2983,2830,2980,2952,10792.660550,16661.959654,7220.137300,9120.683453,7606.324111,9086.995516,8781.102362,0.101612,1.355927,0.098371,-0.012304,0.001144,0.093521,0.067387
824600,57.6176,22,Index_C5_Bend,Index,bend,5,1.6176,Index cycle 5: BEND Index,3102,3505,2800,2992,2835,2977,2951,10621.148036,20198.305085,7351.351351,9222.846782,7650.000000,9053.488372,8770.454545,0.084105,1.855950,0.118332,-0.001240,0.006893,0.089489,0.066093
824650,57.7846,22,Index_C5_Bend,Index,bend,5,1.7846,Index cycle 5: BEND Index,3093,3417,2798,2991,2837,2959,2936,10495.209581,17135.398230,7334.772552,9211.413043,7667.567568,8856.161972,8612.942192,0.071251,1.422869,0.115810,-0.002479,0.009205,0.065743,0.046947
824700,57.7847,22,Index_C5_Bend,Index,bend,5,1.7847,Index cycle 5: BEND Index,3101,3470,2782,2981,2833,2960,2948,10607.042254,18876.800000,7203.960396,9098.204668,7632.488114,8866.960352,8738.622493,0.082665,1.669095,0.095910,-0.014738,0.004588,0.067042,0.062224
824750,57.7847,22,Index_C5_Bend,Index,bend,5,1.7847,Index cycle 5: BEND Index,3109,3366,2798,2993,2837,2944,2947,10720.689655,15698.765432,7334.772552,9234.301270,7667.567568,8696.437880,8728.048780,0.094265,1.219735,0.115810,0.000000,0.009205,0.046522,0.060939
824800,57.8175,22,Index_C5_Bend,Index,bend,5,1.8175,Index cycle 5: BEND Index,3128,3342,2796,2992,2835,2947,2942,10998.138573,15090.039841,7318.244804,9222.846782,7650.000000,8728.048780,8675.455334,0.122585,1.133664,0.113296,-0.001240,0.006893,0.050326,0.054546
824850,57.8607,22,Index_C5_Bend,Index,bend,5,1.8607,Index cycle 5: BEND Index,3117,3324,2782,2987,2834,2953,2942,10836.196319,14658.365759,7203.960396,9165.884477,7641.237113,8791.768827,8675.455334,0.106055,1.072627,0.095910,-0.007409,0.005740,0.057994,0.054546
824900,57.9256,22,Index_C5_Bend,Index,bend,5,1.9256,Index cycle 5: BEND Index,3098,3372,2798,2994,2834,2949,2943,10564.894684,15857.261411,7334.772552,9245.776567,7641.237113,8749.214660,8685.937500,0.078363,1.242146,0.115810,0.001243,0.005740,0.052873,0.055820
824950,58.0570,23,Middle_Prep_Open,Middle,prep_open,0,0.0570,OPEN HAND - prepare for Middle,3095,3371,2802,2993,2835,2936,2933,10523.000000,15830.662983,7367.981439,9234.301270,7650.000000,8612.942192,8581.927711,0.074087,1.238385,0.120862,0.000000,0.006893,0.036474,0.043177
825000,58.0574,23,Middle_Prep_Open,Middle,prep_open,0,0.0574,OPEN HAND - prepare for Middle,3085,3376,2783,2985,2830,2946,2944,10385.148515,15964.394993,7212.042683,9143.243243,7606.324111,8717.493473,8696.437880,0.060017,1.257294,0.097140,-0.009861,0.001144,0.049056,0.057096
825050,58.0677,23,Middle_Prep_Open,Middle,prep_open,0,0.0677,OPEN HAND - prepare for Middle,3086,3346,2795,2995,2836,2940,2938,10398.810704,15188.785047,7310.000000,9257.272727,7658.776807,8654.545455,8633.707865,0.061411,1.147626,0.112041,0.002488,0.008048,0.041481,0.049471
825100,58.1221,23,Middle_Prep_Open,Middle,prep_open,0,0.1221,OPEN HAND - prepare for Middle,3093,3419,2767,2995,2833,2933,2932,10495.209581,17196.153846,7084.186747,9257.272727,7632.488114,8581.927711,8571.625107,0.071251,1.431459,0.077689,0.002488,0.004588,0.032742,0.041924
825150,58.1660,23,Middle_Prep_Open,Middle,prep_open,0,0.1660,OPEN HAND - prepare for Middle,3093,3352,2750,2986,2832,2955,2940,10495.209581,15338.896366,6951.672862,9154.553652,7623.752969,8813.157895,8654.545455,0.071251,1.168851,0.057531,-0.008636,0.003438,0.060568,0.052004
825200,58.3298,23,Middle_Prep_Open,Middle,prep_open,0,0.3298,OPEN HAND - prepare for Middle,3087,3350,2766,2994,2837,2952,2931,10412.500000,15288.590604,7076.297968,9245.776567,7667.567568,8781.102362,8561.340206,0.062808,1.161738,0.076489,0.001243,0.009205,0.056710,0.040674
825250,58.3299,23,Middle_Prep_Open,Middle,prep_open,0,0.3299,OPEN HAND - prepare for Middle,3092,3315,2776,2991,2835,2942,2929,10481.355932,14450.000000,7155.724033,9211.413043,7650.000000,8675.455334,8540.823328,0.069837,1.043165,0.088572,-0.002479,0.006893,0.043997,0.038180
825300,58.3299,23,Middle_Prep_Open,Middle,prep_open,0,0.3299,OPEN HAND - prepare for Middle,3090,3277,2770,2982,2830,2950,2932,10453.731343,13620.782396,7107.924528,9109.433962,7606.324111,8759.825328,8571.625107,0.067017,0.925918,0.081301,-0.013522,0.001144,0.054150,0.041924
825350,58.3731,23,Middle_Prep_Open,Middle,prep_open,0,0.3731,OPEN HAND - prepare for Middle,3100,3316,2785,2991,2835,2943,2932,10592.964824,14472.913992,7228.244275,9211.413043,7650.000000,8685.937500,8571.625107,0.081229,1.046405,0.099604,-0.002479,0.006893,0.045258,0.041924
825400,58.4274,23,Middle_Prep_Open,Middle,prep_open,0,0.4274,OPEN HAND - prepare for Middle,3118,3322,2779,2988,2834,2927,2929,10850.767656,14611.642950,7179.787234,9177.235772,7641.237113,8520.376712,8540.823328,0.107543,1.066021,0.092233,-0.006180,0.005740,0.025335,0.038180
825450,58.5799,23,Middle_Prep_Open,Middle,prep_open,0,0.5799,OPEN HAND - prepare for Middle,3105,3304,2781,2979,2830,2941,2942,10663.636364,14201.769912,7195.890411,9075.806452,7606.324111,8664.991334,8675.455334,0.088442,1.008067,0.094682,-0.017164,0.001144,0.042738,0.054546
825500,58.5799,23,Middle_Prep_Open,Middle,prep_open,0,0.5799,OPEN HAND - prepare for Middle,3091,3314,2800,2988,2834,2940,2943,10467.529880,14427.144686,7351.351351,9177.235772,7641.237113,8654.545455,8685.937500,0.068425,1.039934,0.118332,-0.006180,0.005740,0.041481,0.055820
825550,58.5799,23,Middle_Prep_Open,Middle,prep_open,0,0.5799,OPEN HAND - prepare for Middle,3101,3270,2814,2990,2834,2946,2932,10607.042254,13476.363636,7468.852459,9200.000000,7641.237113,8717.493473,8571.625107,0.082665,0.905498,0.136207,-0.003715,0.005740,0.049056,0.041924
825600,58.6129,23,Middle_Prep_Open,Middle,prep_open,0,0.6129,OPEN HAND - prepare for Middle,3093,3278,2798,2980,2835,2956,2941,10495.209581,13641.615667,7334.772552,9086.995516,7650.000000,8823.880597,8664.991334,0.071251,0.928863,0.115810,-0.015952,0.006893,0.061858,0.053274
825650,58.6670,23,Middle_Prep_Open,Middle,prep_open,0,0.6670,OPEN HAND - prepare for Middle,3107,3273,2798,3003,2835,2949,2937,10692.105263,13537.956204,7334.772552,9350.000000,7650.000000,8749.214660,8623.316062,0.091348,0.914206,0.115810,0.012529,0.006893,0.052873,0.048208
825700,58.8126,23,Middle_Prep_Open,Middle,prep_open,0,0.8126,OPEN HAND - prepare for Middle,3107,3226,2793,3005,2833,2945,2927,10692.105263,12621.864212,7293.548387,9373.394495,7632.488114,8706.956522,8520.376712,0.091348,0.784675,0.109539,0.015063,0.004588,0.047788,0.035695
825750,58.8126,23,Middle_Prep_Open,Middle,prep_open,0,0.8126,OPEN HAND - prepare for Middle,3104,3225,2776,2999,2832,2960,2936,10649.445005,12603.448276,7155.724033,9303.467153,7623.752969,8866.960352,8612.942192,0.086993,0.782071,0.088572,0.007490,0.003438,0.067042,0.046947
825800,58.8236,23,Middle_Prep_Open,Middle,prep_open,0,0.8236,OPEN HAND - prepare for Middle,3091,3237,2784,3009,2835,2959,2933,10467.529880,12827.272727,7220.137300,9420.441989,7650.000000,8856.161972,8581.927711,0.068425,0.813719,0.098371,0.020158,0.006893,0.065743,0.043177
825850,58.8674,23,Middle_Prep_Open,Middle,prep_open,0,0.8674,OPEN HAND - prepare for Middle,3094,3208,2788,3004,2833,2953,2922,10509.090909,12296.730552,7252.639633,9361.686526,7632.488114,8791.768827,8469.565217,0.072667,0.738703,0.103315,0.013795,0.004588,0.057994,0.029519
825900,58.9213,23,Middle_Prep_Open,Middle,prep_open,0,0.9213,OPEN HAND - prepare for Middle,3097,3201,2774,2997,2831,2964,2927,10550.901804,12173.825503,7139.742619,9280.327869,7615.031646,8910.344828,8520.376712,0.076935,0.721324,0.086141,0.004984,0.002290,0.072263,0.035695
825950,59.0779,23,Middle_Prep_Open,Middle,prep_open,0,1.0779,OPEN HAND - prepare for Middle,3085,3208,2790,3010,2834,2959,2929,10385.148515,12296.730552,7268.965517,9432.258065,7641.237113,8856.161972,8540.823328,0.060017,0.738703,0.105799,0.021437,0.005740,0.065743,0.038180
826000,59.0780,23,Middle_Prep_Open,Middle,prep_open,0,1.0780,OPEN HAND - prepare for Middle,3095,3265,2785,3007,2834,2948,2919,10523.000000,13374.698795,7228.244275,9396.875000,7641.237113,8738.622493,8439.285714,0.074087,0.891123,0.099604,0.017605,0.005740,0.051598,0.025838
826050,59.0780,23,Middle_Prep_Open,Middle,prep_open,0,1.0780,OPEN HAND - prepare for Middle,3084,3225,2775,2998,2830,2964,2930,10371.513353,12603.448276,7147.727273,9291.886964,7606.324111,8910.344828,8551.072961,0.058625,0.782071,0.087356,0.006236,0.001144,0.072263,0.039426
826100,59.1211,23,Middle_Prep_Open,Middle,prep_open,0,1.1211,OPEN HAND - prepare for Middle,3077,3247,2780,3011,2833,2963,2929,10276.817289,13018.632075,7187.832700,9444.095941,7632.488114,8899.469965,8540.823328,0.048959,0.840776,0.093457,0.022719,0.004588,0.070955,0.038180
826150,59.1647,23,Middle_Prep_Open,Middle,prep_open,0,1.1647,OPEN HAND - prepare for Middle,3088,3242,2779,3006,2832,2953,2912,10426.216485,12922.391559,7179.787234,9385.123967,7623.752969,8791.768827,8369.230769,0.064208,0.827168,0.092233,0.016333,0.003438,0.057994,0.017322
826200,59.3222,23,Middle_Prep_Open,Middle,prep_open,0,1.3222,OPEN HAND - prepare for Middle,3087,3234,2768,2992,2829,2961,2926,10412.500000,12770.731707,7092.087415,9222.846782,7597.630332,8877.777778,8510.179641,0.062808,0.805724,0.078891,-0.001240,0.000000,0.068344,0.034455
826250,59.3223,23,Middle_Prep_Open,Middle,prep_open,0,1.3223,OPEN HAND - prepare for Middle,3084,3245,2783,3004,2833,2951,2920,10371.513353,12980.000000,7212.042683,9361.686526,7632.488114,8770.454545,8449.361702,0.058625,0.835314,0.097140,0.013795,0.004588,0.055429,0.027063
826300,59.3332,23,Middle_Prep_Open,Middle,prep_open,0,1.3332,OPEN HAND - prepare for Middle,3098,3307,2785,2997,2833,2956,2916,10564.894684,14268.781726,7228.244275,9280.327869,7632.488114,8823.880597,8409.160305,0.078363,1.017542,0.099604,0.004984,0.004588,0.061858,0.022176
826350,59.3767,23,Middle_Prep_Open,Middle,prep_open,0,1.3767,OPEN HAND - prepare for Middle,3107,3440,2785,2999,2829,2966,2926,10692.105263,17856.488550,7228.244275,9303.467153,7597.630332,8932.152347,8510.179641,0.091348,1.524828,0.099604,0.007490,0.000000,0.074888,0.034455
826400,59.4203,23,Middle_Prep_Open,Middle,prep_open,0,1.4203,OPEN HAND - prepare for Middle,3067,3322,2808,3009,2832,2969,2925,10143.774319,14611.642950,7418.181818,9420.441989,7623.752969,8965.008881,8500.000000,0.035379,1.066021,0.128499,0.020158,0.003438,0.078841,0.033218
826450,59.5879,23,Middle_Prep_Open,Middle,prep_open,0,1.5879,OPEN HAND - prepare for Middle,3093,3385,2823,3013,2831,2941,2915,10495.209581,16209.859155,7545.754717,9467.837338,7615.031646,8664.991334,8399.152542,0.071251,1.292002,0.147906,0.025290,0.002290,0.042738,0.020960
826500,59.5879,23,Middle_Prep_Open,Middle,prep_open,0,1.5879,OPEN HAND - prepare for Middle,3077,3410,2797,2977,2834,2969,2930,10276.817289,16925.547445,7326.502311,9053.488372,7641.237113,8965.008881,8551.072961,0.048959,1.393197,0.114552,-0.019581,0.005740,0.078841,0.039426
826550,59.5879,23,Middle_Prep_Open,Middle,prep_open,0,1.5879,OPEN HAND - prepare for Middle,3069,3421,2801,2996,2833,2995,2926,10170.175439,17257.270030,7359.659969,9268.789809,7632.488114,9257.272727,8510.179641,0.038074,1.440101,0.119596,0.003735,0.004588,0.114012,0.034455
826600,59.6425,23,Middle_Prep_Open,Middle,prep_open,0,1.6425,OPEN HAND - prepare for Middle,3101,3379,2807,2991,2832,2997,2924,10607.042254,16045.530726,7409.782609,9211.413043,7623.752969,9280.327869,8489.837746,0.082665,1.268766,0.127221,-0.002479,0.003438,0.116787,0.031983
826650,59.6643,23,Middle_Prep_Open,Middle,prep_open,0,1.6643,OPEN HAND - prepare for Middle,3088,3294,2827,2988,2826,3023,2927,10426.216485,13982.022472,7580.283912,9177.235772,7571.631206,9587.873134,8520.376712,0.064208,0.976995,0.153159,-0.006180,-0.003422,0.153796,0.035695
826700,59.8330,23,Middle_Prep_Open,Middle,prep_open,0,1.8330,OPEN HAND - prepare for Middle,3088,3250,2862,2983,2834,3003,2924,10426.216485,13076.923077,7891.970803,9120.683453,7641.237113,9350.000000,8489.837746,0.064208,0.849018,0.200574,-0.012304,0.005740,0.125171,0.031983
826750,59.8331,23,Middle_Prep_Open,Middle,prep_open,0,1.8331,OPEN HAND - prepare for Middle,3081,3219,2865,2984,2832,3003,2915,10330.769231,12493.835616,7919.512195,9131.953195,7623.752969,9350.000000,8399.152542,0.054466,0.766572,0.204764,-0.011083,0.003438,0.125171,0.020960
826800,59.8331,23,Middle_Prep_Open,Middle,prep_open,0,1.8331,OPEN HAND - prepare for Middle,3068,3154,2865,2978,2828,3022,2928,10156.962025,11395.961743,7919.512195,9064.637422,7588.950276,9575.768872,8530.591260,0.036726,0.611338,0.204764,-0.018373,-0.001142,0.152340,0.036937
826850,59.8767,23,Middle_Prep_Open,Middle,prep_open,0,1.8767,OPEN HAND - prepare for Middle,3063,3138,2870,2994,2833,3020,2924,10091.279070,11148.589342,7965.714286,9245.776567,7632.488114,9551.627907,8489.837746,0.030021,0.576361,0.211793,0.001243,0.004588,0.149435,0.031983
826900,59.9316,23,Middle_Prep_Open,Middle,prep_open,0,1.9316,OPEN HAND - prepare for Middle,3078,3120,2874,2981,2832,3011,2912,10290.265487,10880.000000,8002.948403,9098.204668,7623.752969,9444.095941,8369.230769,0.050332,0.538383,0.217457,-0.014738,0.003438,0.136494,0.017322
826950,60.0997,23,Middle_Prep_Open,Middle,prep_open,0,2.0997,OPEN HAND - prepare for Middle,3075,3106,2857,2989,2825,3050,2926,10250.000000,10677.856421,7846.365105,9188.607595,7562.992126,9923.444976,8510.179641,0.046222,0.509801,0.193637,-0.004948,-0.004559,0.194179,0.034455
827000,60.0998,23,Middle_Prep_Open,Middle,prep_open,0,2.0998,OPEN HAND - prepare for Middle,3072,3099,2866,2997,2831,3041,2928,10209.970674,10578.915663,7928.722539,9280.327869,7615.031646,9809.677419,8530.591260,0.042136,0.495811,0.206165,0.004984,0.002290,0.180488,0.036937
827050,60.0998,23,Middle_Prep_Open,Middle,prep_open,0,2.0998,OPEN HAND - prepare for Middle,3063,3086,2858,2993,2831,3052,2921,10091.279070,10398.810704,7855.456750,9234.301270,7615.031646,9948.993289,8459.454855,0.030021,0.470345,0.195020,0.000000,0.002290,0.197253,0.028290
827100,60.1321,23,Middle_Prep_Open,Middle,prep_open,0,2.1321,OPEN HAND - prepare for Middle,3062,3064,2871,3006,2830,3042,2931,10078.218780,10104.364694,7975.000000,9385.123967,7606.324111,9822.222222,8561.340206,0.028688,0.428712,0.213205,0.016333,0.001144,0.181998,0.040674
827150,60.1748,23,Middle_Prep_Open,Middle,prep_open,0,2.1748,OPEN HAND - prepare for Middle,3061,3082,2894,3009,2832,3049,2933,10065.183752,10344.323791,8192.839301,9420.441989,7623.752969,9910.707457,8581.927711,0.027358,0.462641,0.246344,0.020158,0.003438,0.192646,0.043177
827200,60.3497,23,Middle_Prep_Open,Middle,prep_open,0,2.3497,OPEN HAND - prepare for Middle,3063,3070,2870,3014,2833,3040,2925,10091.279070,10183.414634,7965.714286,9479.740981,7632.488114,9797.156398,8500.000000,0.030021,0.439889,0.211793,0.026579,0.004588,0.178981,0.033218
827250,60.3498,23,Middle_Prep_Open,Middle,prep_open,0,2.3498,OPEN HAND - prepare for Middle,3071,3040,2871,3011,2830,3050,2934,10196.679688,9797.156398,7975.000000,9444.095941,7606.324111,9923.444976,8592.248062,0.040780,0.385274,0.213205,0.022719,0.001144,0.194179,0.044431
827300,60.3498,23,Middle_Prep_Open,Middle,prep_open,0,2.3498,OPEN HAND - prepare for Middle,3067,3039,2886,3014,2837,3059,2935,10143.774319,9784.659091,8116.129032,9479.740981,7667.567568,10039.189189,8602.586207,0.035379,0.383507,0.234675,0.026579,0.009205,0.208107,0.045688
827350,60.3826,23,Middle_Prep_Open,Middle,prep_open,0,2.3826,OPEN HAND - prepare for Middle,3076,3018,2880,3009,2835,3036,2923,10263.395486,9527.576602,8059.259259,9420.441989,7650.000000,9747.308782,8479.692833,0.047589,0.347157,0.226023,0.020158,0.006893,0.172983,0.030750
827400,60.4158,23,Middle_Prep_Open,Middle,prep_open,0,2.4158,OPEN HAND - prepare for Middle,3068,3019,2855,3008,2833,3046,2935,10156.962025,9539.591078,7828.225806,9408.647654,7632.488114,9872.640610,8602.586207,0.036726,0.348856,0.190877,0.018880,0.004588,0.188065,0.045688
827450,60.6151,23,Middle_Prep_Open,Middle,prep_open,0,2.6151,OPEN HAND - prepare for Middle,3059,3021,2836,3023,2840,3048,2943,10039.189189,9563.687151,7658.776807,9587.873134,7694.023904,9897.994269,8685.937500,0.024704,0.352263,0.165100,0.038289,0.012687,0.191116,0.055820
827500,60.6152,23,Middle_Prep_Open,Middle,prep_open,0,2.6152,OPEN HAND - prepare for Middle,3064,3020,2859,3024,2835,3056,2936,10104.364694,9551.627907,7864.563107,9600.000000,7650.000000,10000.384986,8612.942192,0.031357,0.350557,0.196405,0.039602,0.006893,0.203438,0.046947
827550,60.6153,23,Middle_Prep_Open,Middle,prep_open,0,2.6153,OPEN HAND - prepare for Middle,3048,3027,2828,3024,2831,3068,2944,9897.994269,9636.516854,7588.950276,9600.000000,7615.031646,10156.962025,8696.437880,0.010293,0.362560,0.154477,0.039602,0.002290,0.222280,0.057096
827600,60.6153,23,Middle_Prep_Open,Middle,prep_open,0,2.6153,OPEN HAND - prepare for Middle,3039,3010,2833,3052,2837,3051,2942,9784.659091,9432.258065,7632.488114,9948.993289,7667.567568,9936.206897,8675.455334,-0.001276,0.333679,0.161100,0.077395,0.009205,0.195715,0.054546
827650,60.6800,23,Middle_Prep_Open,Middle,prep_open,0,2.6800,OPEN HAND - prepare for Middle,3053,2993,2824,3041,2836,3039,2929,9961.804223,9234.301270,7554.366640,9809.677419,7658.776807,9784.659091,8540.823328,0.016806,0.305689,0.149216,0.062309,0.008048,0.177477,0.038180
827700,60.7128,23,Middle_Prep_Open,Middle,prep_open,0,2.7128,OPEN HAND - prepare for Middle,3056,2989,2818,3024,2830,3036,2940,10000.384986,9188.607595,7502.897416,9600.000000,7606.324111,9747.308782,8654.545455,0.020744,0.299228,0.141386,0.039602,0.001144,0.172983,0.052004
827750,60.8561,23,Middle_Prep_Open,Middle,prep_open,0,2.8561,OPEN HAND - prepare for Middle,3050,2993,2836,3037,2835,3032,2939,9923.444976,9234.301270,7658.776807,9759.735350,7650.000000,9697.836312,8644.117647,0.012890,0.305689,0.165100,0.056900,0.006893,0.167029,0.050736
827800,60.8562,23,Middle_Prep_Open,Middle,prep_open,0,2.8562,OPEN HAND - prepare for Middle,3063,2996,2832,3032,2834,3023,2929,10091.279070,9268.789809,7623.752969,9697.836312,7641.237113,9587.873134,8540.823328,0.030021,0.310565,0.159771,0.050197,0.005740,0.153796,0.038180
827850,60.8773,23,Middle_Prep_Open,Middle,prep_open,0,2.8773,OPEN HAND - prepare for Middle,3056,2970,2821,3016,2832,3029,2935,10000.384986,8976.000000,7528.571429,9503.614458,7623.752969,9660.975610,8602.586207,0.020744,0.269166,0.145292,0.029164,0.003438,0.162593,0.045688
827900,60.9202,23,Middle_Prep_Open,Middle,prep_open,0,2.9202,OPEN HAND - prepare for Middle,3036,2951,2837,3024,2835,3016,2934,9747.308782,8770.454545,7667.567568,9600.000000,7650.000000,9503.614458,8592.248062,-0.005088,0.240103,0.166437,0.039602,0.006893,0.143657,0.044431
827950,60.9637,23,Middle_Prep_Open,Middle,prep_open,0,2.9637,OPEN HAND - prepare for Middle,3043,2949,2826,3020,2834,3009,2927,9834.790875,8749.214660,7571.631206,9551.627907,7641.237113,9420.441989,8520.376712,0.003841,0.237100,0.151842,0.034364,0.005740,0.133648,0.035695
828000,61.1056,23,Middle_Prep_Open,Middle,prep_open,0,3.1056,OPEN HAND - prepare for Middle,3033,2956,2806,3009,2829,3015,2935,9710.169492,8823.880597,7401.396431,9420.441989,7597.630332,9491.666667,8602.586207,-0.008879,0.247657,0.125945,0.020158,0.000000,0.142219,0.045688
828050,61.1057,23,Middle_Prep_Open,Middle,prep_open,0,3.1057,OPEN HAND - prepare for Middle,3027,2948,2816,3019,2835,3009,2932,9636.516854,8738.622493,7485.848319,9539.591078,7650.000000,9420.441989,8571.625107,-0.016397,0.235602,0.138793,0.033060,0.006893,0.133648,0.041924
828100,61.1163,23,Middle_Prep_Open,Middle,prep_open,0,3.1163,OPEN HAND - prepare for Middle,3033,2938,2808,3020,2834,3006,2924,9710.169492,8633.707865,7418.181818,9551.627907,7641.237113,9385.123967,8489.837746,-0.008879,0.220768,0.128499,0.034364,0.005740,0.129398,0.031983
828150,61.1823,23,Middle_Prep_Open,Middle,prep_open,0,3.1823,OPEN HAND - prepare for Middle,3026,2945,2796,3009,2832,3011,2928,9624.321796,8706.956522,7318.244804,9420.441989,7623.752969,9444.095941,8530.591260,-0.017641,0.231125,0.113296,0.020158,0.003438,0.136494,0.036937
828200,61.2036,23,Middle_Prep_Open,Middle,prep_open,0,3.2036,OPEN HAND - prepare for Middle,3016,2932,2809,3023,2834,3001,2920,9503.614458,8571.625107,7426.594090,9587.873134,7641.237113,9326.691042,8449.361702,-0.029962,0.211989,0.129778,0.038289,0.005740,0.122366,0.027063
828250,61.3503,23,Middle_Prep_Open,Middle,prep_open,0,3.3503,OPEN HAND - prepare for Middle,3020,2919,2811,3003,2834,2989,2913,9551.627907,8439.285714,7443.457944,9350.000000,7641.237113,9188.607595,8379.187817,-0.025061,0.193277,0.132344,0.012529,0.005740,0.105749,0.018533
828300,61.3504,23,Middle_Prep_Open,Middle,prep_open,0,3.3504,OPEN HAND - prepare for Middle,3025,2919,2805,2993,2829,3003,2920,9612.149533,8439.285714,7393.023256,9234.301270,7597.630332,9350.000000,8449.361702,-0.018884,0.193277,0.124671,0.000000,0.000000,0.125171,0.027063
828350,61.3721,23,Middle_Prep_Open,Middle,prep_open,0,3.3721,OPEN HAND - prepare for Middle,3021,2909,2815,3009,2833,3010,2918,9563.687151,8339.460371,7477.343750,9420.441989,7632.488114,9432.258065,8429.226848,-0.023830,0.179162,0.137499,0.020158,0.004588,0.135070,0.024615
828400,61.4375,23,Middle_Prep_Open,Middle,prep_open,0,3.4375,OPEN HAND - prepare for Middle,3024,2923,2818,3016,2833,3002,2905,9600.000000,8479.692833,7502.897416,9503.614458,7632.488114,9338.334858,8300.000000,-0.020124,0.198991,0.141386,0.029164,0.004588,0.123767,0.008907
828450,61.4589,23,Middle_Prep_Open,Middle,prep_open,0,3.4589,OPEN HAND - prepare for Middle,3025,2934,2810,3014,2826,3021,2917,9612.149533,8592.248062,7435.019455,9479.740981,7571.631206,9563.687151,8419.185059,-0.018884,0.214905,0.131060,0.026579,-0.003422,0.150886,0.023395
828500,61.5797,23,Middle_Prep_Open,Middle,prep_open,0,3.5797,OPEN HAND - prepare for Middle,3015,2932,2812,3026,2832,3016,2916,9491.666667,8571.625107,7451.909587,9624.321796,7623.752969,9503.614458,8409.160305,-0.031181,0.211989,0.133630,0.042236,0.003438,0.143657,0.022176
828550,61.5797,23,Middle_Prep_Open,Middle,prep_open,0,3.5797,OPEN HAND - prepare for Middle,3021,2944,2802,3026,2831,3020,2911,9563.687151,8696.437880,7367.981439,9624.321796,7615.031646,9551.627907,8359.290541,-0.023830,0.229637,0.120862,0.042236,0.002290,0.149435,0.016114
828600,61.6126,23,Middle_Prep_Open,Middle,prep_open,0,3.6126,OPEN HAND - prepare for Middle,3020,2940,2798,3025,2825,3023,2915,9551.627907,8654.545455,7334.772552,9612.149533,7562.992126,9587.873134,8399.152542,-0.025061,0.223714,0.115810,0.040918,-0.004559,0.153796,0.020960
828650,61.6886,23,Middle_Prep_Open,Middle,prep_open,0,3.6886,OPEN HAND - prepare for Middle,3014,2934,2805,3025,2831,3025,2914,9479.740981,8592.248062,7393.023256,9612.149533,7615.031646,9612.149533,8389.161727,-0.032399,0.214905,0.124671,0.040918,0.002290,0.156718,0.019745
828700,61.8452,23,Middle_Prep_Open,Middle,prep_open,0,3.8452,OPEN HAND - prepare for Middle,3020,2930,2807,3025,2831,3019,2905,9551.627907,8551.072961,7409.782609,9612.149533,7615.031646,9539.591078,8300.000000,-0.025061,0.209083,0.127221,0.040918,0.002290,0.147986,0.008907
828750,61.8453,23,Middle_Prep_Open,Middle,prep_open,0,3.8453,OPEN HAND - prepare for Middle,3023,2927,2794,3015,2829,3008,2916,9587.873134,8520.376712,7301.767871,9491.666667,7597.630332,9408.647654,8409.160305,-0.021362,0.204743,0.110789,0.027871,0.000000,0.132229,0.022176
828800,61.8453,23,Middle_Prep_Open,Middle,prep_open,0,3.8453,OPEN HAND - prepare for Middle,3021,2926,2804,3027,2832,3017,2916,9563.687151,8510.179641,7384.663052,9636.516854,7623.752969,9515.584416,8409.160305,-0.023830,0.203301,0.123400,0.043557,0.003438,0.145097,0.022176
828850,61.8774,23,Middle_Prep_Open,Middle,prep_open,0,3.8774,OPEN HAND - prepare for Middle,3026,2928,2802,3033,2831,3008,2901,9624.321796,8530.591260,7367.981439,9710.169492,7615.031646,9408.647654,8260.804020,-0.017641,0.206187,0.120862,0.051533,0.002290,0.132229,0.004143
828900,61.9323,23,Middle_Prep_Open,Middle,prep_open,0,3.9323,OPEN HAND - prepare for Middle,3024,2922,2793,3023,2822,3020,2912,9600.000000,8469.565217,7293.548387,9587.873134,7537.156324,9551.627907,8369.230769,-0.020124,0.197559,0.109539,0.038289,-0.007960,0.149435,0.017322
828950,61.9760,23,Middle_Prep_Open,Middle,prep_open,0,3.9760,OPEN HAND - prepare for Middle,3012,2916,2805,3024,2831,3015,2908,9455.955679,8409.160305,7393.023256,9600.000000,7615.031646,9491.666667,8329.570345,-0.034827,0.189018,0.124671,0.039602,0.002290,0.142219,0.012501
829000,62.1260,24,Middle_C1_Open,Middle,open,1,0.1260,Middle cycle 1: OPEN,3021,2918,2809,3023,2831,2994,2899,9563.687151,8429.226848,7426.594090,9587.873134,7615.031646,9245.776567,8241.304348,-0.023830,0.191855,0.129778,0.038289,0.002290,0.112629,0.001772
829050,62.1263,24,Middle_C1_Open,Middle,open,1,0.1263,Middle cycle 1: OPEN,3019,2909,2797,3027,2824,3008,2905,9539.591078,8339.460371,7326.502311,9636.516854,7554.366640,9408.647654,8300.000000,-0.026290,0.179162,0.114552,0.043557,-0.005694,0.132229,0.008907
829100,62.1263,24,Middle_C1_Open,Middle,open,1,0.1263,Middle cycle 1: OPEN,3002,2913,2801,3033,2831,3008,2908,9338.334858,8379.187817,7359.659969,9710.169492,7615.031646,9408.647654,8329.570345,-0.046832,0.184780,0.119596,0.051533,0.002290,0.132229,0.012501
829150,62.1701,24,Middle_C1_Open,Middle,open,1,0.1701,Middle cycle 1: OPEN,3011,2912,2797,3025,2829,2993,2897,9444.095941,8369.230769,7326.502311,9612.149533,7597.630332,9234.301270,8221.869783,-0.036037,0.183372,0.114552,0.040918,0.000000,0.111248,-0.000590
829200,62.2248,24,Middle_C1_Open,Middle,open,1,0.2248,Middle cycle 1: OPEN,3004,2899,2785,3010,2822,3006,2907,9361.686526,8241.304348,7228.244275,9432.258065,7537.156324,9385.123967,8319.696970,-0.044449,0.165284,0.099604,0.021437,-0.007960,0.129398,0.011301
829250,62.3841,24,Middle_C1_Open,Middle,open,1,0.3841,Middle cycle 1: OPEN,3001,2908,2798,3031,2832,3002,2907,9326.691042,8329.570345,7334.772552,9685.526316,7623.752969,9338.334858,8319.696970,-0.048021,0.177764,0.115810,0.048864,0.003438,0.123767,0.011301
829300,62.3842,24,Middle_C1_Open,Middle,open,1,0.3842,Middle cycle 1: OPEN,3008,2898,2797,3025,2833,2990,2897,9408.647654,8231.578947,7326.502311,9612.149533,7632.488114,9200.000000,8221.869783,-0.039655,0.163908,0.114552,0.040918,0.004588,0.107120,-0.000590
829350,62.3842,24,Middle_C1_Open,Middle,open,1,0.3842,Middle cycle 1: OPEN,3008,2895,2784,3025,2829,2999,2910,9408.647654,8202.500000,7220.137300,9612.149533,7597.630332,9303.467153,8349.367089,-0.039655,0.159797,0.098371,0.040918,0.000000,0.119571,0.014908
829400,62.4159,24,Middle_C1_Open,Middle,open,1,0.4159,Middle cycle 1: OPEN,2996,2903,2800,3028,2832,2994,2909,9268.789809,8280.369128,7351.351351,9648.734770,7623.752969,9245.776567,8339.460371,-0.053931,0.170807,0.118332,0.044880,0.003438,0.112629,0.013704
829450,62.4713,24,Middle_C1_Open,Middle,open,1,0.4713,Middle cycle 1: OPEN,3012,2892,2798,3032,2828,2988,2901,9455.955679,8173.566085,7334.772552,9697.836312,7588.950276,9177.235772,8260.804020,-0.034827,0.155706,0.115810,0.050197,-0.001142,0.104381,0.004143
829500,62.6279,24,Middle_C1_Open,Middle,open,1,0.6279,Middle cycle 1: OPEN,3009,2887,2782,3025,2825,2994,2912,9420.441989,8125.662252,7203.960396,9612.149533,7562.992126,9245.776567,8369.230769,-0.038451,0.148932,0.095910,0.040918,-0.004559,0.112629,0.017322
829550,62.6280,24,Middle_C1_Open,Middle,open,1,0.6280,Middle cycle 1: OPEN,2998,2878,2797,3034,2832,3001,2908,9291.886964,8040.427280,7326.502311,9722.525919,7623.752969,9326.691042,8329.570345,-0.051573,0.136880,0.114552,0.052871,0.003438,0.122366,0.012501
829600,62.6280,24,Middle_C1_Open,Middle,open,1,0.6280,Middle cycle 1: OPEN,3010,2889,2798,3024,2831,2991,2897,9432.258065,8144.776119,7334.772552,9600.000000,7615.031646,9211.413043,8221.869783,-0.037245,0.151635,0.115810,0.039602,0.002290,0.108494,-0.000590
829650,62.6607,24,Middle_C1_Open,Middle,open,1,0.6607,Middle cycle 1: OPEN,3005,2876,2786,3025,2822,3005,2907,9373.394495,8021.657096,7236.363636,9612.149533,7537.156324,9373.394495,8319.696970,-0.043254,0.134226,0.100839,0.040918,-0.007960,0.127986,0.011301
829700,62.7266,24,Middle_C1_Open,Middle,open,1,0.7266,Middle cycle 1: OPEN,2996,2882,2802,3035,2833,3007,2907,9268.789809,8078.153339,7367.981439,9734.905660,7632.488114,9396.875000,8319.696970,-0.053931,0.142215,0.120862,0.054211,0.004588,0.130812,0.011301
829750,62.8817,24,Middle_C1_Open,Middle,open,1,0.8817,Middle cycle 1: OPEN,3007,2882,2798,3044,2829,2996,2899,9396.875000,8078.153339,7334.772552,9847.383444,7597.630332,9268.789809,8241.304348,-0.040857,0.142215,0.115810,0.066392,0.000000,0.115398,0.001772
829800,62.8817,24,Middle_C1_Open,Middle,open,1,0.8817,Middle cycle 1: OPEN,2998,2874,2788,3028,2827,3014,2909,9291.886964,8002.948403,7252.639633,9648.734770,7580.283912,9479.740981,8339.460371,-0.051573,0.131581,0.103315,0.044880,-0.002283,0.140784,0.013704
829850,62.8818,24,Middle_C1_Open,Middle,open,1,0.8818,Middle cycle 1: OPEN,2991,2875,2798,3044,2833,3011,2907,9211.413043,8012.295082,7334.772552,9847.383444,7632.488114,9444.095941,8319.696970,-0.059787,0.132903,0.115810,0.066392,0.004588,0.136494,0.011301
829900,62.9142,24,Middle_C1_Open,Middle,open,1,0.9142,Middle cycle 1: OPEN,3002,2881,2797,3047,2831,2998,2903,9338.334858,8068.698517,7326.502311,9885.305344,7615.031646,9291.886964,8280.369128,-0.046832,0.140878,0.114552,0.070498,0.002290,0.118178,0.006521
829950,62.9787,24,Middle_C1_Open,Middle,open,1,0.9787,Middle cycle 1: OPEN,3000,2881,2782,3032,2826,3006,2910,9315.068493,8068.698517,7203.960396,9697.836312,7571.631206,9385.123967,8349.367089,-0.049207,0.140878,0.095910,0.050197,-0.003422,0.129398,0.014908
830000,63.1365,24,Middle_C1_Open,Middle,open,1,1.1365,Middle cycle 1: OPEN,2996,2885,2798,3035,2835,3003,2910,9268.789809,8106.611570,7334.772552,9734.905660,7650.000000,9350.000000,8349.367089,-0.053931,0.146239,0.115810,0.054211,0.006893,0.125171,0.014908
830050,63.1365,24,Middle_C1_Open,Middle,open,1,1.1365,Middle cycle 1: OPEN,3005,2886,2795,3034,2834,2992,2899,9373.394495,8116.129032,7310.000000,9722.525919,7641.237113,9222.846782,8241.304348,-0.043254,0.147584,0.112041,0.052871,0.005740,0.109869,0.001772
830100,63.1366,24,Middle_C1_Open,Middle,open,1,1.1366,Middle cycle 1: OPEN,3006,2888,2782,3033,2828,3001,2909,9385.123967,8135.211268,7203.960396,9710.169492,7588.950276,9326.691042,8339.460371,-0.042056,0.150282,0.095910,0.051533,-0.001142,0.122366,0.013704
830150,63.1679,24,Middle_C1_Open,Middle,open,1,1.1679,Middle cycle 1: OPEN,2996,2879,2797,3034,2833,2993,2907,9268.789809,8049.835526,7326.502311,9722.525919,7632.488114,9234.301270,8319.696970,-0.053931,0.138211,0.114552,0.052871,0.004588,0.111248,0.011301
830200,63.2223,24,Middle_C1_Open,Middle,open,1,1.2223,Middle cycle 1: OPEN,3010,2872,2786,3026,2832,2983,2897,9432.258065,7984.300899,7236.363636,9624.321796,7623.752969,9120.683453,8221.869783,-0.037245,0.128944,0.100839,0.042236,0.003438,0.097575,-0.000590
830250,63.3983,24,Middle_C1_Open,Middle,open,1,1.3983,Middle cycle 1: OPEN,2996,2862,2785,3013,2827,2999,2910,9268.789809,7891.970803,7228.244275,9467.837338,7580.283912,9303.467153,8349.367089,-0.053931,0.115889,0.099604,0.025290,-0.002283,0.119571,0.014908
830300,63.3984,24,Middle_C1_Open,Middle,open,1,1.3984,Middle cycle 1: OPEN,2988,2862,2797,3014,2833,2992,2910,9177.235772,7891.970803,7326.502311,9479.740981,7632.488114,9222.846782,8349.367089,-0.063276,0.115889,0.114552,0.026579,0.004588,0.109869,0.014908
830350,63.3984,24,Middle_C1_Open,Middle,open,1,1.3984,Middle cycle 1: OPEN,2997,2865,2797,3018,2832,2981,2898,9280.327869,7919.512195,7326.502311,9527.576602,7623.752969,9098.204668,8231.578947,-0.052753,0.119784,0.114552,0.031759,0.003438,0.094870,0.000590
830400,63.4308,24,Middle_C1_Open,Middle,open,1,1.4308,Middle cycle 1: OPEN,2995,2865,2782,3010,2825,2993,2911,9257.272727,7919.512195,7203.960396,9432.258065,7562.992126,9234.301270,8359.290541,-0.055106,0.119784,0.095910,0.021437,-0.004559,0.111248,0.016114
830450,63.4743,24,Middle_C1_Open,Middle,open,1,1.4743,Middle cycle 1: OPEN,2987,2870,2788,3023,2832,2992,2910,9165.884477,7965.714286,7252.639633,9587.873134,7623.752969,9222.846782,8349.367089,-0.064434,0.126316,0.103315,0.038289,0.003438,0.109869,0.014908
830500,63.6486,24,Middle_C1_Open,Middle,open,1,1.6486,Middle cycle 1: OPEN,2994,2872,2777,3022,2831,2985,2900,9245.776567,7984.300899,7163.732929,9575.768872,7615.031646,9143.243243,8251.046025,-0.056280,0.128944,0.089790,0.036978,0.002290,0.100290,0.002956
830550,63.6487,24,Middle_C1_Open,Middle,open,1,1.6487,Middle cycle 1: OPEN,2999,2861,2772,3002,2830,2992,2911,9303.467153,7882.820097,7123.809524,9338.334858,7606.324111,9222.846782,8359.290541,-0.050391,0.114596,0.083717,0.011266,0.001144,0.109869,0.016114
830600,63.6487,24,Middle_C1_Open,Middle,open,1,1.6487,Middle cycle 1: OPEN,2993,2862,2783,3011,2831,2989,2908,9234.301270,7891.970803,7212.042683,9444.095941,7615.031646,9188.607595,8329.570345,-0.057451,0.115889,0.097140,0.022719,0.002290,0.105749,0.012501
830650,63.6707,24,Middle_C1_Open,Middle,open,1,1.6707,Middle cycle 1: OPEN,2995,2861,2781,3005,2830,2971,2902,9257.272727,7882.820097,7195.890411,9373.394495,7606.324111,8987.010676,8270.578374,-0.055106,0.114596,0.094682,0.015063,0.001144,0.081489,0.005331
830700,63.7150,24,Middle_C1_Open,Middle,open,1,1.7150,Middle cycle 1: OPEN,2992,2857,2773,3000,2824,2985,2909,9222.846782,7846.365105,7131.770045,9315.068493,7554.366640,9143.243243,8339.460371,-0.058620,0.109441,0.084928,0.008746,-0.005694,0.100290,0.013704
830750,63.8989,24,Middle_C1_Open,Middle,open,1,1.8989,Middle cycle 1: OPEN,2987,2861,2784,3008,2831,2985,2908,9165.884477,7882.820097,7220.137300,9408.647654,7615.031646,9143.243243,8329.570345,-0.064434,0.114596,0.098371,0.018880,0.002290,0.100290,0.012501
830800,63.8990,24,Middle_C1_Open,Middle,open,1,1.8990,Middle cycle 1: OPEN,2991,2863,2780,3006,2831,2973,2900,9211.413043,7901.136364,7187.832700,9385.123967,7615.031646,9009.090909,8251.046025,-0.059787,0.117185,0.093457,0.016333,0.002290,0.084146,0.002956
830850,63.8990,24,Middle_C1_Open,Middle,open,1,1.8990,Middle cycle 1: OPEN,2991,2858,2767,2993,2827,2990,2904,9211.413043,7855.456750,7084.186747,9234.301270,7580.283912,9200.000000,8290.176322,-0.059787,0.110726,0.077689,0.000000,-0.002283,0.107120,0.007713
830900,63.9206,24,Middle_C1_Open,Middle,open,1,1.9206,Middle cycle 1: OPEN,2986,2868,2776,3003,2831,2986,2903,9154.553652,7947.188264,7155.724033,9350.000000,7615.031646,9154.553652,8280.369128,-0.065591,0.123697,0.088572,0.012529,0.002290,0.101651,0.006521
830950,63.9862,24,Middle_C1_Open,Middle,open,1,1.9862,Middle cycle 1: OPEN,2993,2864,2777,3005,2831,2961,2895,9234.301270,7910.316816,7163.732929,9373.394495,7615.031646,8877.777778,8202.500000,-0.057451,0.118483,0.089790,0.015063,0.002290,0.068344,-0.002945
831000,64.0182,25,Middle_C1_Bend,Middle,bend,1,0.0182,Middle cycle 1: BEND Middle,2994,2859,2769,2994,2824,2969,2903,9245.776567,7864.563107,7100.000000,9245.776567,7554.366640,8965.008881,8280.369128,-0.056280,0.112014,0.080095,0.001243,-0.005694,0.078841,0.006521
831050,64.1816,25,Middle_C1_Bend,Middle,bend,1,0.1816,Middle cycle 1: BEND Middle,2989,2861,2782,2997,2832,2966,2901,9188.607595,7882.820097,7203.960396,9280.327869,7623.752969,8932.152347,8260.804020,-0.062115,0.114596,0.095910,0.004984,0.003438,0.074888,0.004143
831100,64.1817,25,Middle_C1_Bend,Middle,bend,1,0.1817,Middle cycle 1: BEND Middle,2993,2865,2774,3003,2831,2956,2894,9234.301270,7919.512195,7139.742619,9350.000000,7615.031646,8823.880597,8192.839301,-0.057451,0.119784,0.086141,0.012529,0.002290,0.061858,-0.004119
831150,64.1817,25,Middle_C1_Bend,Middle,bend,1,0.1817,Middle cycle 1: BEND Middle,2992,2866,2766,3005,2823,2966,2900,9222.846782,7928.722539,7076.297968,9373.394495,7545.754717,8932.152347,8251.046025,-0.058620,0.121086,0.076489,0.015063,-0.006828,0.074888,0.002956
831200,64.2244,25,Middle_C1_Bend,Middle,bend,1,0.2244,Middle cycle 1: BEND Middle,2990,2862,2778,3012,2832,2979,2899,9200.000000,7891.970803,7171.753986,9455.955679,7623.752969,9075.806452,8241.304348,-0.060952,0.115889,0.091011,0.024003,0.003438,0.092175,0.001772
831250,64.2790,25,Middle_C1_Bend,Middle,bend,1,0.2790,Middle cycle 1: BEND Middle,2994,2867,2777,3011,2831,2973,2893,9245.776567,7937.947883,7163.732929,9444.095941,7615.031646,9009.090909,8183.194676,-0.056280,0.122390,0.089790,0.022719,0.002290,0.084146,-0.005291
831300,64.4282,25,Middle_C1_Bend,Middle,bend,1,0.4282,Middle cycle 1: BEND Middle,2993,2873,2767,3003,2828,2972,2901,9234.301270,7993.617021,7084.186747,9350.000000,7588.950276,8998.040962,8260.804020,-0.057451,0.130262,0.077689,0.012529,-0.001142,0.082816,0.004143
831350,64.4283,25,Middle_C1_Bend,Middle,bend,1,0.4283,Middle cycle 1: BEND Middle,2987,2869,2776,3001,2832,2986,2900,9165.884477,7956.443719,7155.724033,9326.691042,7623.752969,9154.553652,8251.046025,-0.064434,0.125006,0.088572,0.010005,0.003438,0.101651,0.002956
831400,64.4283,25,Middle_C1_Bend,Middle,bend,1,0.4283,Middle cycle 1: BEND Middle,2993,2877,2771,3001,2831,2976,2892,9234.301270,8031.034483,7115.861027,9326.691042,7615.031646,9042.359249,8173.566085,-0.057451,0.135552,0.082508,0.010005,0.002290,0.088150,-0.006462
831450,64.4715,25,Middle_C1_Bend,Middle,bend,1,0.4715,Middle cycle 1: BEND Middle,2992,2866,2765,2996,2825,2979,2900,9222.846782,7928.722539,7068.421053,9268.789809,7562.992126,9075.806452,8251.046025,-0.058620,0.121086,0.075291,0.003735,-0.004559,0.092175,0.002956
831500,64.5254,25,Middle_C1_Bend,Middle,bend,1,0.5254,Middle cycle 1: BEND Middle,2984,2864,2773,2992,2831,2974,2904,9131.953195,7910.316816,7131.770045,9222.846782,7615.031646,9020.160571,8290.176322,-0.067898,0.118483,0.084928,-0.001240,0.002290,0.085478,0.007713
831550,64.6837,25,Middle_C1_Bend,Middle,bend,1,0.6837,Middle cycle 1: BEND Middle,2992,2868,2772,3000,2831,2959,2896,9222.846782,7947.188264,7123.809524,9315.068493,7615.031646,8856.161972,8212.176814,-0.058620,0.123697,0.083717,0.008746,0.002290,0.065743,-0.001768
831600,64.6837,25,Middle_C1_Bend,Middle,bend,1,0.6837,Middle cycle 1: BEND Middle,2993,2859,2767,2991,2828,2966,2905,9234.301270,7864.563107,7084.186747,9211.413043,7588.950276,8932.152347,8300.000000,-0.057451,0.112014,0.077689,-0.002479,-0.001142,0.074888,0.008907
831650,64.6838,25,Middle_C1_Bend,Middle,bend,1,0.6838,Middle cycle 1: BEND Middle,2984,2861,2783,2995,2833,2965,2906,9131.953195,7882.820097,7212.042683,9257.272727,7632.488114,8921.238938,8309.840202,-0.067898,0.114596,0.097140,0.002488,0.004588,0.073574,0.010103
831700,64.7162,25,Middle_C1_Bend,Middle,bend,1,0.7162,Middle cycle 1: BEND Middle,2991,2860,2773,2995,2831,2953,2897,9211.413043,7873.684211,7131.770045,9257.272727,7615.031646,8791.768827,8221.869783,-0.059787,0.113304,0.084928,0.002488,0.002290,0.057994,-0.000590
831750,64.7597,25,Middle_C1_Bend,Middle,bend,1,0.7597,Middle cycle 1: BEND Middle,2989,2858,2757,2989,2824,2969,2907,9188.607595,7855.456750,7005.829596,9188.607595,7554.366640,8965.008881,8319.696970,-0.062115,0.110726,0.065769,-0.004948,-0.005694,0.078841,0.011301
831800,64.9482,25,Middle_C1_Bend,Middle,bend,1,0.9482,Middle cycle 1: BEND Middle,2982,2857,2769,2995,2833,2966,2908,9109.433962,7846.365105,7100.000000,9257.272727,7632.488114,8932.152347,8329.570345,-0.070196,0.109441,0.080095,0.002488,0.004588,0.074888,0.012501
831850,64.9483,25,Middle_C1_Bend,Middle,bend,1,0.9483,Middle cycle 1: BEND Middle,2990,2864,2775,3002,2833,2961,2899,9200.000000,7910.316816,7147.727273,9338.334858,7632.488114,8877.777778,8241.304348,-0.060952,0.118483,0.087356,0.011266,0.004588,0.068344,0.001772
831900,64.9483,25,Middle_C1_Bend,Middle,bend,1,0.9483,Middle cycle 1: BEND Middle,2982,2857,2768,2996,2826,2969,2910,9109.433962,7846.365105,7092.087415,9268.789809,7571.631206,8965.008881,8349.367089,-0.070196,0.109441,0.078891,0.003735,-0.003422,0.078841,0.014908
831950,64.9693,25,Middle_C1_Bend,Middle,bend,1,0.9693,Middle cycle 1: BEND Middle,2975,2859,2783,3010,2833,2969,2908,9031.250000,7864.563107,7212.042683,9432.258065,7632.488114,8965.008881,8329.570345,-0.078176,0.112014,0.097140,0.021437,0.004588,0.078841,0.012501
832000,65.0126,25,Middle_C1_Bend,Middle,bend,1,1.0126,Middle cycle 1: BEND Middle,2986,2865,2779,3010,2832,2955,2898,9154.553652,7919.512195,7179.787234,9432.258065,7623.752969,8813.157895,8231.578947,-0.065591,0.119784,0.092233,0.021437,0.003438,0.060568,0.000590
832050,65.1961,25,Middle_C1_Bend,Middle,bend,1,1.1961,Middle cycle 1: BEND Middle,2983,2859,2776,3005,2825,2974,2908,9120.683453,7864.563107,7155.724033,9373.394495,7562.992126,9020.160571,8329.570345,-0.069048,0.112014,0.088572,0.015063,-0.004559,0.085478,0.012501
832100,65.1962,25,Middle_C1_Bend,Middle,bend,1,1.1962,Middle cycle 1: BEND Middle,2973,2867,2784,3020,2833,2967,2908,9009.090909,7937.947883,7220.137300,9551.627907,7632.488114,8943.085106,8329.570345,-0.080438,0.122390,0.098371,0.034364,0.004588,0.076203,0.012501
832150,65.1962,25,Middle_C1_Bend,Middle,bend,1,1.1962,Middle cycle 1: BEND Middle,2986,2866,2789,3015,2832,2966,2898,9154.553652,7928.722539,7260.796325,9491.666667,7623.752969,8932.152347,8231.578947,-0.065591,0.121086,0.104556,0.027871,0.003438,0.074888,0.000590
832200,65.2063,25,Middle_C1_Bend,Middle,bend,1,1.2063,Middle cycle 1: BEND Middle,2982,2865,2778,3015,2827,2985,2907,9109.433962,7919.512195,7171.753986,9491.666667,7580.283912,9143.243243,8319.696970,-0.070196,0.119784,0.091011,0.027871,-0.002283,0.100290,0.011301
832250,65.2722,25,Middle_C1_Bend,Middle,bend,1,1.2722,Middle cycle 1: BEND Middle,2971,2895,2838,3041,2836,3013,2907,8987.010676,8202.500000,7676.372315,9809.677419,7658.776807,9467.837338,8319.696970,-0.082692,0.159797,0.167776,0.062309,0.008048,0.139351,0.011301
832300,65.4587,25,Middle_C1_Bend,Middle,bend,1,1.4587,Middle cycle 1: BEND Middle,2990,2913,2856,3098,2835,3050,2896,9200.000000,8379.187817,7837.288136,10564.894684,7650.000000,9923.444976,8212.176814,-0.060952,0.184780,0.192256,0.144092,0.006893,0.194179,-0.001768
832350,65.4588,25,Middle_C1_Bend,Middle,bend,1,1.4588,Middle cycle 1: BEND Middle,2992,2916,2897,3162,2836,3088,2909,9222.846782,8409.160305,8221.869783,11522.829582,7658.776807,10426.216485,8339.460371,-0.058620,0.189018,0.250761,0.247829,0.008048,0.254682,0.013704
832400,65.4588,25,Middle_C1_Bend,Middle,bend,1,1.4588,Middle cycle 1: BEND Middle,2999,2929,2909,3165,2849,3077,2908,9303.467153,8540.823328,8339.460371,11570.967742,7774.157303,10276.817289,8329.570345,-0.050391,0.207634,0.268649,0.253042,0.023234,0.236703,0.012501
832450,65.4805,25,Middle_C1_Bend,Middle,bend,1,1.4805,Middle cycle 1: BEND Middle,3024,2956,2914,3179,2859,3066,2904,9600.000000,8823.880597,8389.161727,11799.781659,7864.563107,10130.612245,8290.176322,-0.020124,0.247657,0.276210,0.277821,0.035134,0.219109,0.007713
832500,65.5240,25,Middle_C1_Bend,Middle,bend,1,1.5240,Middle cycle 1: BEND Middle,3022,2926,2877,3181,2857,3105,2916,9575.768872,8510.179641,8031.034483,11833.041575,7846.365105,10663.636364,8409.160305,-0.022597,0.203301,0.221730,0.281423,0.032738,0.283253,0.022176
832550,65.5673,25,Middle_C1_Bend,Middle,bend,1,1.5673,Middle cycle 1: BEND Middle,3012,2993,2900,3207,2874,3131,2909,9455.955679,9234.301270,8251.046025,12279.054054,8002.948403,11042.946058,8339.460371,-0.034827,0.305689,0.255199,0.329722,0.053348,0.328899,0.013704
832600,65.7047,25,Middle_C1_Bend,Middle,bend,1,1.7047,Middle cycle 1: BEND Middle,3015,2978,2896,3202,2874,3100,2897,9491.666667,9064.637422,8212.176814,12191.265398,8002.948403,10592.964824,8221.869783,-0.031181,0.281699,0.249286,0.320215,0.053348,0.274748,-0.000590
832650,65.7047,25,Middle_C1_Bend,Middle,bend,1,1.7047,Middle cycle 1: BEND Middle,3011,3011,2850,3217,2867,3120,2914,9444.095941,9444.095941,7783.132530,12457.630979,7937.947883,10880.000000,8389.161727,-0.036037,0.335353,0.184017,0.349060,0.044793,0.309290,0.019745
832700,65.7158,25,Middle_C1_Bend,Middle,bend,1,1.7158,Middle cycle 1: BEND Middle,2999,3011,2874,3182,2881,3133,2916,9303.467153,9444.095941,8002.948403,11849.726177,8068.698517,11072.972973,8409.160305,-0.050391,0.335353,0.217457,0.283229,0.062002,0.332512,0.022176
832750,65.7818,25,Middle_C1_Bend,Middle,bend,1,1.7818,Middle cycle 1: BEND Middle,3003,3015,2873,3204,2870,3092,2905,9350.000000,9491.666667,7993.617021,12226.262626,7965.714286,10481.355932,8300.000000,-0.045641,0.342079,0.216037,0.324005,0.048447,0.261317,0.008907
832800,65.8150,25,Middle_C1_Bend,Middle,bend,1,1.8150,Middle cycle 1: BEND Middle,3006,3009,2848,3183,2872,3125,2915,9385.123967,9420.441989,7765.196472,11866.447368,7984.300899,10953.608247,8399.152542,-0.042056,0.332008,0.181289,0.285040,0.050894,0.318148,0.020960
832850,65.9662,25,Middle_C1_Bend,Middle,bend,1,1.9662,Middle cycle 1: BEND Middle,3003,3000,2845,3149,2872,3097,2912,9350.000000,9315.068493,7738.400000,11317.758985,7984.300899,10550.901804,8369.230769,-0.045641,0.317109,0.177212,0.225622,0.050894,0.269686,0.017322
832900,65.9663,25,Middle_C1_Bend,Middle,bend,1,1.9663,Middle cycle 1: BEND Middle,3020,2979,2842,3183,2874,3038,2902,9551.627907,9075.806452,7711.731844,11866.447368,8002.948403,9772.185430,8270.578374,-0.025061,0.283278,0.173155,0.285040,0.053348,0.175976,0.005331
832950,65.9770,25,Middle_C1_Bend,Middle,bend,1,1.9770,Middle cycle 1: BEND Middle,3018,2982,2831,3171,2862,3066,2908,9527.576602,9109.433962,7615.031646,11668.181818,7891.970803,10130.612245,8329.570345,-0.027516,0.288033,0.158445,0.263570,0.038741,0.219109,0.012501
833000,66.0271,26,Middle_C2_Open,Middle,open,2,0.0271,Middle cycle 2: OPEN,3011,2975,2831,3196,2867,3070,2904,9444.095941,9031.250000,7615.031646,12087.208009,7937.947883,10183.414634,8290.176322,-0.036037,0.276978,0.158445,0.308947,0.044793,0.225463,0.007713
833050,66.2502,26,Middle_C2_Open,Middle,open,2,0.2502,Middle cycle 2: OPEN,3022,2976,2836,3166,2866,3053,2897,9575.768872,9042.359249,7658.776807,11587.082885,7928.722539,9961.804223,8221.869783,-0.022597,0.278549,0.165100,0.254787,0.043578,0.198795,-0.000590
833100,66.2503,26,Middle_C2_Open,Middle,open,2,0.2503,Middle cycle 2: OPEN,3023,2958,2837,3188,2862,3039,2901,9587.873134,8845.382586,7667.567568,11950.606395,7891.970803,9784.659091,8260.804020,-0.021362,0.250698,0.166437,0.294154,0.038741,0.177477,0.004143
833150,66.2503,26,Middle_C2_Open,Middle,open,2,0.2503,Middle cycle 2: OPEN,3011,2969,2842,3186,2861,3046,2901,9444.095941,8965.008881,7711.731844,11916.831683,7882.820097,9872.640610,8260.804020,-0.036037,0.267612,0.173155,0.290496,0.037537,0.188065,0.004143
833200,66.2503,26,Middle_C2_Open,Middle,open,2,0.2503,Middle cycle 2: OPEN,3020,2980,2852,3179,2863,3056,2893,9551.627907,9086.995516,7801.126307,11799.781659,7901.136364,10000.384986,8183.194676,-0.025061,0.284861,0.186755,0.277821,0.039947,0.203438,-0.005291
833250,66.2608,26,Middle_C2_Open,Middle,open,2,0.2608,Middle cycle 2: OPEN,3016,2968,2840,3175,2848,3039,2898,9503.614458,8954.037267,7694.023904,11733.695652,7765.196472,9784.659091,8231.578947,-0.029962,0.266061,0.170462,0.270664,0.022055,0.177477,0.000590
833300,66.3158,26,Middle_C2_Open,Middle,open,2,0.3158,Middle cycle 2: OPEN,3009,2964,2856,3181,2862,3041,2897,9420.441989,8910.344828,7837.288136,11833.041575,7891.970803,9809.677419,8221.869783,-0.038451,0.259883,0.192256,0.281423,0.038741,0.180488,-0.000590
833350,66.5377,26,Middle_C2_Open,Middle,open,2,0.5377,Middle cycle 2: OPEN,3011,2964,2836,3181,2862,3012,2890,9444.095941,8910.344828,7658.776807,11833.041575,7891.970803,9455.955679,8154.356846,-0.036037,0.259883,0.165100,0.281423,0.038741,0.137922,-0.008797
833400,66.5378,26,Middle_C2_Open,Middle,open,2,0.5378,Middle cycle 2: OPEN,3002,2952,2826,3126,2850,3017,2897,9338.334858,8781.102362,7571.631206,10968.421053,7783.132530,9515.584416,8221.869783,-0.046832,0.241609,0.151842,0.187791,0.024416,0.145097,-0.000590
833450,66.5378,26,Middle_C2_Open,Middle,open,2,0.5378,Middle cycle 2: OPEN,2994,2939,2832,3161,2860,3014,2896,9245.776567,8644.117647,7623.752969,11506.852248,7873.684211,9479.740981,8212.176814,-0.056280,0.222240,0.159771,0.246099,0.036334,0.140784,-0.001768
833500,66.5488,26,Middle_C2_Open,Middle,open,2,0.5488,Middle cycle 2: OPEN,3003,2944,2833,3155,2860,3012,2887,9350.000000,8696.437880,7632.488114,11411.702128,7873.684211,9455.955679,8125.662252,-0.045641,0.229637,0.161100,0.235795,0.036334,0.137922,-0.012285
833550,66.5816,26,Middle_C2_Open,Middle,open,2,0.5816,Middle cycle 2: OPEN,3000,2942,2823,3150,2845,3037,2896,9315.068493,8675.455334,7545.754717,11333.333333,7738.400000,9759.735350,8212.176814,-0.049207,0.226671,0.147906,0.227308,0.018528,0.174478,-0.001768
833600,66.7541,26,Middle_C2_Open,Middle,open,2,0.7541,Middle cycle 2: OPEN,2988,2928,2827,3165,2854,3027,2897,9177.235772,8530.591260,7580.283912,11570.967742,7819.178082,9636.516854,8221.869783,-0.063276,0.206187,0.153159,0.253042,0.029160,0.159650,-0.000590
833650,66.7542,26,Middle_C2_Open,Middle,open,2,0.7542,Middle cycle 2: OPEN,2991,2933,2834,3158,2855,3024,2886,9211.413043,8581.927711,7641.237113,11459.124867,7828.225806,9600.000000,8116.129032,-0.059787,0.213446,0.162431,0.240930,0.030351,0.155256,-0.013443
833700,66.7543,26,Middle_C2_Open,Middle,open,2,0.7543,Middle cycle 2: OPEN,2995,2940,2824,3151,2847,3042,2896,9257.272727,8654.545455,7554.366640,11348.940678,7756.250000,9822.222222,8212.176814,-0.055106,0.223714,0.149216,0.228998,0.020878,0.181998,-0.001768
833750,66.7765,26,Middle_C2_Open,Middle,open,2,0.7765,Middle cycle 2: OPEN,2990,2921,2819,3158,2855,3024,2895,9200.000000,8459.454855,7511.442006,11459.124867,7828.225806,9600.000000,8202.500000,-0.060952,0.196129,0.142686,0.240930,0.030351,0.155256,-0.002945
833800,66.8208,26,Middle_C2_Open,Middle,open,2,0.8208,Middle cycle 2: OPEN,2993,2916,2826,3161,2847,3011,2887,9234.301270,8409.160305,7571.631206,11506.852248,7756.250000,9444.095941,8125.662252,-0.057451,0.189018,0.151842,0.246099,0.020878,0.136494,-0.012285
833850,66.9763,26,Middle_C2_Open,Middle,open,2,0.9763,Middle cycle 2: OPEN,2996,2900,2815,3160,2848,3023,2895,9268.789809,8251.046025,7477.343750,11490.909091,7765.196472,9587.873134,8202.500000,-0.053931,0.166661,0.137499,0.244372,0.022055,0.153796,-0.002945
833900,66.9764,26,Middle_C2_Open,Middle,open,2,0.9764,Middle cycle 2: OPEN,2987,2912,2822,3158,2853,3016,2894,9165.884477,8369.230769,7537.156324,11459.124867,7810.144928,9503.614458,8192.839301,-0.064434,0.183372,0.146598,0.240930,0.027971,0.143657,-0.004119
833950,66.9983,26,Middle_C2_Open,Middle,open,2,0.9983,Middle cycle 2: OPEN,2996,2919,2812,3177,2851,3013,2885,9268.789809,8439.285714,7451.909587,11766.666667,7792.122186,9467.837338,8106.611570,-0.053931,0.193277,0.133630,0.274235,0.025599,0.139351,-0.014600
834000,67.0307,26,Middle_C2_Open,Middle,open,2,1.0307,Middle cycle 2: OPEN,2997,2911,2799,3176,2847,3012,2893,9280.327869,8359.290541,7343.055556,11750.163221,7756.250000,9455.955679,8183.194676,-0.052753,0.181966,0.117070,0.272447,0.020878,0.137922,-0.005291
834050,67.0732,26,Middle_C2_Open,Middle,open,2,1.0732,Middle cycle 2: OPEN,2987,2897,2819,3187,2861,3015,2889,9165.884477,8221.869783,7511.442006,11933.700441,7882.820097,9491.666667,8144.776119,-0.064434,0.162536,0.142686,0.292323,0.037537,0.142219,-0.009961
834100,67.2338,26,Middle_C2_Open,Middle,open,2,1.2338,Middle cycle 2: OPEN,2992,2901,2799,3183,2860,3013,2882,9222.846782,8260.804020,7343.055556,11866.447368,7873.684211,9467.837338,8078.153339,-0.058620,0.168041,0.117070,0.285040,0.036334,0.139351,-0.018060
834150,67.2339,26,Middle_C2_Open,Middle,open,2,1.2339,Middle cycle 2: OPEN,2991,2930,2796,3154,2851,3028,2894,9211.413043,8551.072961,7318.244804,11395.961743,7792.122186,9648.734770,8192.839301,-0.059787,0.209083,0.113296,0.234090,0.025599,0.161120,-0.004119
834200,67.2339,26,Middle_C2_Open,Middle,open,2,1.2339,Middle cycle 2: OPEN,2986,2927,2819,3133,2863,3019,2895,9154.553652,8520.376712,7511.442006,11072.972973,7901.136364,9539.591078,8202.500000,-0.065591,0.204743,0.142686,0.199113,0.039947,0.147986,-0.002945
834250,67.2659,26,Middle_C2_Open,Middle,open,2,1.2659,Middle cycle 2: OPEN,2993,2939,2840,3173,2873,3015,2896,9234.301270,8644.117647,7694.023904,11700.867679,7993.617021,9491.666667,8212.176814,-0.057451,0.222240,0.170462,0.267109,0.052120,0.142219,-0.001768
834300,67.3096,26,Middle_C2_Open,Middle,open,2,1.3096,Middle cycle 2: OPEN,3011,2927,2846,3190,2860,3047,2903,9444.095941,8520.376712,7747.317854,11984.530387,7873.684211,9885.305344,8280.369128,-0.036037,0.204743,0.178569,0.297828,0.036334,0.189589,0.006521
834350,67.4940,26,Middle_C2_Open,Middle,open,2,1.4940,Middle cycle 2: OPEN,3028,2924,2897,3282,2867,3140,2896,9648.734770,8489.837746,8221.869783,13725.461255,7937.947883,11179.057592,8212.176814,-0.015149,0.200425,0.250761,0.486356,0.044793,0.345278,-0.001768
834400,67.4941,26,Middle_C2_Open,Middle,open,2,1.4941,Middle cycle 2: OPEN,3026,2946,2900,3290,2866,3111,2893,9624.321796,8717.493473,8251.046025,13895.652174,7928.722539,10749.390244,8183.194676,-0.017641,0.232615,0.255199,0.504787,0.043578,0.293572,-0.005291
834450,67.4941,26,Middle_C2_Open,Middle,open,2,1.4941,Middle cycle 2: OPEN,3034,2992,2873,3264,2873,3131,2896,9722.525919,9222.846782,7993.617021,13354.512635,7993.617021,11042.946058,8212.176814,-0.007618,0.304069,0.216037,0.446186,0.052120,0.328899,-0.001768
834500,67.5267,26,Middle_C2_Open,Middle,open,2,1.5267,Middle cycle 2: OPEN,3031,3003,2916,3207,2870,3112,2898,9685.526316,9350.000000,8409.160305,12279.054054,7965.714286,10763.784334,8231.578947,-0.011394,0.322048,0.279252,0.329722,0.048447,0.295305,0.000590
834550,67.5818,26,Middle_C2_Open,Middle,open,2,1.5818,Middle cycle 2: OPEN,3024,3002,2932,3216,2865,3117,2890,9600.000000,9338.334858,8571.625107,12439.590444,7919.512195,10836.196319,8154.356846,-0.020124,0.320399,0.303968,0.347107,0.042366,0.304019,-0.008797
834600,67.7440,26,Middle_C2_Open,Middle,open,2,1.7440,Middle cycle 2: OPEN,3026,3007,2921,3174,2861,3098,2896,9624.321796,9396.875000,8459.454855,11717.263844,7882.820097,10564.894684,8212.176814,-0.017641,0.328676,0.286904,0.268885,0.037537,0.271370,-0.001768
834650,67.7441,26,Middle_C2_Open,Middle,open,2,1.7441,Middle cycle 2: OPEN,2992,2997,2932,3171,2872,3101,2895,9222.846782,9280.327869,8571.625107,11668.181818,7984.300899,10607.042254,8202.500000,-0.058620,0.312197,0.303968,0.263570,0.050894,0.276442,-0.002945
834700,67.7441,26,Middle_C2_Open,Middle,open,2,1.7441,Middle cycle 2: OPEN,3011,2986,2926,3155,2874,3095,2883,9444.095941,9154.553652,8510.179641,11411.702128,8002.948403,10523.000000,8087.623762,-0.036037,0.294413,0.294620,0.235795,0.053348,0.266329,-0.016908
834750,67.7768,26,Middle_C2_Open,Middle,open,2,1.7768,Middle cycle 2: OPEN,2999,2975,2928,3147,2866,3074,2896,9303.467153,9031.250000,8530.591260,11286.708861,7928.722539,10236.630754,8212.176814,-0.050391,0.276978,0.297725,0.222259,0.043578,0.231867,-0.001768
834800,67.8204,26,Middle_C2_Open,Middle,open,2,1.8204,Middle cycle 2: OPEN,2996,2960,2959,3161,2876,3081,2896,9268.789809,8866.960352,8856.161972,11506.852248,8021.657096,10330.769231,8212.176814,-0.053931,0.253749,0.347253,0.246099,0.055810,0.243196,-0.001768
834850,68.0102,27,Middle_C2_Bend,Middle,bend,2,0.0102,Middle cycle 2: BEND Middle,3023,2955,2909,3151,2871,3055,2890,9587.873134,8813.157895,8339.460371,11348.940678,7975.000000,9987.500000,8154.356846,-0.021362,0.246141,0.268649,0.228998,0.049669,0.201887,-0.008797
834900,68.0105,27,Middle_C2_Bend,Middle,bend,2,0.0105,Middle cycle 2: BEND Middle,3024,2940,2923,3128,2863,3057,2898,9600.000000,8654.545455,8479.692833,10998.138573,7901.136364,10013.294798,8231.578947,-0.020124,0.223714,0.289982,0.191009,0.039947,0.204991,0.000590
834950,68.0105,27,Middle_C2_Bend,Middle,bend,2,0.0105,Middle cycle 2: BEND Middle,3044,2930,2942,3133,2869,3044,2896,9847.383444,8551.072961,8675.455334,11072.972973,7956.443719,9847.383444,8212.176814,0.005127,0.209083,0.319763,0.199113,0.047227,0.185026,-0.001768
835000,68.0217,27,Middle_C2_Bend,Middle,bend,2,0.0217,Middle cycle 2: BEND Middle,3052,2948,2908,3132,2866,3032,2888,9948.993289,8738.622493,8329.570345,11057.943925,7928.722539,9697.836312,8135.211268,0.015498,0.235602,0.267145,0.197486,0.043578,0.167029,-0.011124
835050,68.0769,27,Middle_C2_Bend,Middle,bend,2,0.0769,Middle cycle 2: BEND Middle,3037,2948,2912,3129,2863,3024,2898,9759.735350,8738.622493,8369.230769,11013.043478,7901.136364,9600.000000,8231.578947,-0.003820,0.235602,0.273178,0.192623,0.039947,0.155256,0.000590
835100,68.1101,27,Middle_C2_Bend,Middle,bend,2,0.1101,Middle cycle 2: BEND Middle,3010,2920,2917,3136,2864,3044,2896,9432.258065,8449.361702,8419.185059,11118.248175,7910.316816,9847.383444,8212.176814,-0.037245,0.194702,0.280777,0.204016,0.041156,0.185026,-0.001768
835150,68.2715,27,Middle_C2_Bend,Middle,bend,2,0.2715,Middle cycle 2: BEND Middle,3021,2938,2923,3134,2866,3030,2886,9563.687151,8633.707865,8479.692833,11088.033299,7928.722539,9673.239437,8116.129032,-0.023830,0.220768,0.289982,0.200744,0.043578,0.164069,-0.013443
835200,68.2716,27,Middle_C2_Bend,Middle,bend,2,0.2716,Middle cycle 2: BEND Middle,3018,2928,2871,3119,2860,3047,2896,9527.576602,8530.591260,7975.000000,10865.368852,7873.684211,9885.305344,8212.176814,-0.027516,0.206187,0.213205,0.176631,0.036334,0.189589,-0.001768
835250,68.2716,27,Middle_C2_Bend,Middle,bend,2,0.2716,Middle cycle 2: BEND Middle,3012,2921,2885,3088,2871,3031,2896,9455.955679,8459.454855,8106.611570,10426.216485,7975.000000,9685.526316,8212.176814,-0.034827,0.196129,0.233227,0.129075,0.049669,0.165548,-0.001768
835300,68.3376,27,Middle_C2_Bend,Middle,bend,2,0.3376,Middle cycle 2: BEND Middle,3013,2911,2892,3094,2870,3032,2887,9467.837338,8359.290541,8173.566085,10509.090909,7965.714286,9697.836312,8125.662252,-0.033614,0.181966,0.243412,0.138049,0.048447,0.167029,-0.012285
835350,68.3589,27,Middle_C2_Bend,Middle,bend,2,0.3589,Middle cycle 2: BEND Middle,3014,2910,2870,3070,2860,3030,2897,9479.740981,8349.367089,7965.714286,10183.414634,7873.684211,9673.239437,8221.869783,-0.032399,0.180563,0.211793,0.102781,0.036334,0.164069,-0.000590
835400,68.5160,27,Middle_C2_Bend,Middle,bend,2,0.5160,Middle cycle 2: BEND Middle,3003,2902,2864,3091,2867,3009,2895,9350.000000,8270.578374,7910.316816,10467.529880,7937.947883,9420.441989,8202.500000,-0.045641,0.169423,0.203365,0.133549,0.044793,0.133648,-0.002945
835450,68.5160,27,Middle_C2_Bend,Middle,bend,2,0.5160,Middle cycle 2: BEND Middle,3013,2909,2880,3091,2864,3001,2889,9467.837338,8339.460371,8059.259259,10467.529880,7910.316816,9326.691042,8144.776119,-0.033614,0.179162,0.226023,0.133549,0.041156,0.122366,-0.009961
835500,68.5265,27,Middle_C2_Bend,Middle,bend,2,0.5265,Middle cycle 2: BEND Middle,3016,2899,2867,3082,2860,3016,2898,9503.614458,8241.304348,7937.947883,10344.323791,7873.684211,9503.614458,8231.578947,-0.029962,0.165284,0.207569,0.120206,0.036334,0.143657,0.000590
835550,68.5700,27,Middle_C2_Bend,Middle,bend,2,0.5700,Middle cycle 2: BEND Middle,3009,2895,2877,3096,2865,3016,2896,9420.441989,8202.500000,8031.034483,10536.936937,7919.512195,9503.614458,8212.176814,-0.038451,0.159797,0.221730,0.141065,0.042366,0.143657,-0.001768
835600,68.6354,27,Middle_C2_Bend,Middle,bend,2,0.6354,Middle cycle 2: BEND Middle,3018,2895,2862,3088,2864,3012,2882,9527.576602,8202.500000,7891.970803,10426.216485,7910.316816,9455.955679,8078.153339,-0.027516,0.159797,0.200574,0.129075,0.041156,0.137922,-0.018060
835650,68.7681,27,Middle_C2_Bend,Middle,bend,2,0.7681,Middle cycle 2: BEND Middle,3009,2897,2846,3060,2855,3026,2898,9420.441989,8221.869783,7747.317854,10052.173913,7828.225806,9624.321796,8231.578947,-0.038451,0.162536,0.178569,0.088569,0.030351,0.158183,0.000590
835700,68.7682,27,Middle_C2_Bend,Middle,bend,2,0.7682,Middle cycle 2: BEND Middle,2999,2892,2864,3067,2863,3017,2896,9303.467153,8173.566085,7910.316816,10143.774319,7901.136364,9515.584416,8212.176814,-0.050391,0.155706,0.203365,0.098489,0.039947,0.145097,-0.001768
835750,68.7785,27,Middle_C2_Bend,Middle,bend,2,0.7785,Middle cycle 2: BEND Middle,3005,2892,2858,3058,2861,3021,2892,9373.394495,8173.566085,7855.456750,10026.229508,7882.820097,9563.687151,8173.566085,-0.043254,0.155706,0.195020,0.085759,0.037537,0.150886,-0.006462
835800,68.8113,27,Middle_C2_Bend,Middle,bend,2,0.8113,Middle cycle 2: BEND Middle,2998,2897,2856,3084,2858,3034,2896,9291.886964,8221.869783,7837.288136,10371.513353,7855.456750,9722.525919,8212.176814,-0.051573,0.162536,0.192256,0.123151,0.033935,0.170000,-0.001768
835850,68.8658,27,Middle_C2_Bend,Middle,bend,2,0.8658,Middle cycle 2: BEND Middle,2988,2897,2876,3118,2863,3056,2898,9177.235772,8221.869783,8021.657096,10850.767656,7901.136364,10000.384986,8231.578947,-0.063276,0.162536,0.220303,0.175050,0.039947,0.203438,0.000590
835900,69.0000,27,Middle_C2_Bend,Middle,bend,2,1.0000,Middle cycle 2: BEND Middle,3001,2897,2887,3154,2862,3056,2893,9326.691042,8221.869783,8125.662252,11395.961743,7891.970803,10000.384986,8183.194676,-0.048021,0.162536,0.236125,0.234090,0.038741,0.203438,-0.005291
835950,69.0000,27,Middle_C2_Bend,Middle,bend,2,1.0000,Middle cycle 2: BEND Middle,2994,2883,2868,3139,2850,3077,2898,9245.776567,8087.623762,7947.188264,11163.807531,7783.132530,10276.817289,8231.578947,-0.056280,0.143554,0.208974,0.208950,0.024416,0.236703,0.000590
836000,69.0111,27,Middle_C2_Bend,Middle,bend,2,1.0111,Middle cycle 2: BEND Middle,2981,2865,2912,3165,2858,3063,2895,9098.204668,7919.512195,8369.230769,11570.967742,7855.456750,10091.279070,8202.500000,-0.071342,0.119784,0.273178,0.253042,0.033935,0.214376,-0.002945
836050,69.0984,27,Middle_C2_Bend,Middle,bend,2,1.0984,Middle cycle 2: BEND Middle,2992,2863,2874,3184,2859,3063,2884,9222.846782,7901.136364,8002.948403,11883.205269,7864.563107,10091.279070,8097.109827,-0.058620,0.117185,0.217457,0.286855,0.035134,0.214376,-0.015755
836100,69.1311,27,Middle_C2_Bend,Middle,bend,2,1.1311,Middle cycle 2: BEND Middle,3009,2865,2897,3209,2853,3063,2900,9420.441989,7919.512195,8221.869783,12314.446953,7810.144928,10091.279070,8251.046025,-0.038451,0.119784,0.250761,0.333555,0.027971,0.214376,0.002956
836150,69.2673,27,Middle_C2_Bend,Middle,bend,2,1.2673,Middle cycle 2: BEND Middle,2986,2870,2871,3210,2864,3053,2895,9154.553652,7965.714286,7975.000000,12332.203390,7910.316816,9961.804223,8202.500000,-0.065591,0.126316,0.213205,0.335478,0.041156,0.198795,-0.002945
836200,69.2673,27,Middle_C2_Bend,Middle,bend,2,1.2673,Middle cycle 2: BEND Middle,2992,2873,2864,3248,2870,3039,2884,9222.846782,7993.617021,7910.316816,13038.016529,7965.714286,9784.659091,8097.109827,-0.058620,0.130262,0.203365,0.411912,0.048447,0.177477,-0.015755
836250,69.2674,27,Middle_C2_Bend,Middle,bend,2,1.2674,Middle cycle 2: BEND Middle,2991,2901,2873,3238,2866,3105,2896,9211.413043,8260.804020,7993.617021,12846.207701,7928.722539,10663.636364,8212.176814,-0.059787,0.168041,0.216037,0.391140,0.043578,0.283253,-0.001768
836300,69.3219,27,Middle_C2_Bend,Middle,bend,2,1.3219,Middle cycle 2: BEND Middle,2980,2894,2863,3284,2882,3057,2893,9086.995516,8192.839301,7901.136364,13767.694205,8078.153339,10013.294798,8183.194676,-0.072486,0.158431,0.201969,0.490930,0.063246,0.204991,-0.005291
836350,69.3763,27,Middle_C2_Bend,Middle,bend,2,1.3763,Middle cycle 2: BEND Middle,2985,2949,2848,3257,2874,3075,2881,9143.243243,8749.214660,7765.196472,13214.558473,8002.948403,10250.000000,8068.698517,-0.066745,0.237100,0.181289,0.431030,0.053348,0.233476,-0.019209
836400,69.5436,27,Middle_C2_Bend,Middle,bend,2,1.5436,Middle cycle 2: BEND Middle,2991,2967,2833,3215,2866,3068,2887,9211.413043,8943.085106,7632.488114,12421.590909,7928.722539,10156.962025,8125.662252,-0.059787,0.264512,0.161100,0.345158,0.043578,0.222280,-0.012285
836450,69.5436,27,Middle_C2_Bend,Middle,bend,2,1.5436,Middle cycle 2: BEND Middle,2984,2966,2825,3217,2870,3056,2893,9131.953195,8932.152347,7562.992126,12457.630979,7965.714286,10000.384986,8183.194676,-0.067898,0.262966,0.150528,0.349060,0.048447,0.203438,-0.005291
836500,69.5436,27,Middle_C2_Bend,Middle,bend,2,1.5436,Middle cycle 2: BEND Middle,2999,2978,2805,3205,2869,3036,2883,9303.467153,9064.637422,7393.023256,12243.820225,7956.443719,9747.308782,8087.623762,-0.050391,0.281699,0.124671,0.325907,0.047227,0.172983,-0.016908
836550,69.5984,27,Middle_C2_Bend,Middle,bend,2,1.5984,Middle cycle 2: BEND Middle,2999,3003,2805,3194,2865,3052,2894,9303.467153,9350.000000,7393.023256,12052.830189,7919.512195,9948.993289,8192.839301,-0.050391,0.322048,0.124671,0.305224,0.042366,0.197253,-0.004119
836600,69.6188,27,Middle_C2_Bend,Middle,bend,2,1.6188,Middle cycle 2: BEND Middle,2986,2993,2816,3163,2867,3057,2887,9154.553652,9234.301270,7485.848319,11538.841202,7937.947883,10013.294798,8125.662252,-0.065591,0.305689,0.138793,0.249563,0.044793,0.204991,-0.012285
836650,69.7992,27,Middle_C2_Bend,Middle,bend,2,1.7992,Middle cycle 2: BEND Middle,2998,3030,2817,3176,2863,3033,2878,9291.886964,9673.239437,7494.366197,11750.163221,7901.136364,9710.169492,8040.427280,-0.051573,0.367753,0.140088,0.272447,0.039947,0.168513,-0.022645
836700,69.7993,27,Middle_C2_Bend,Middle,bend,2,1.7993,Middle cycle 2: BEND Middle,3001,3033,2824,3200,2864,3059,2891,9326.691042,9710.169492,7554.366640,12156.424581,7910.316816,10039.189189,8163.953488,-0.048021,0.372975,0.149216,0.316442,0.041156,0.208107,-0.007630
836750,69.7993,27,Middle_C2_Bend,Middle,bend,2,1.7993,Middle cycle 2: BEND Middle,2987,3036,2832,3197,2876,3055,2888,9165.884477,9747.308782,7623.752969,12104.454343,8021.657096,9987.500000,8135.211268,-0.064434,0.378226,0.159771,0.310814,0.055810,0.201887,-0.011124
836800,69.8320,27,Middle_C2_Bend,Middle,bend,2,1.8320,Middle cycle 2: BEND Middle,2994,3062,2822,3167,2868,3027,2878,9245.776567,10078.218780,7537.156324,11603.232759,7947.188264,9636.516854,8040.427280,-0.056280,0.425015,0.146598,0.256536,0.046009,0.159650,-0.022645
836850,69.8640,27,Middle_C2_Bend,Middle,bend,2,1.8640,Middle cycle 2: BEND Middle,3008,3110,2809,3171,2860,3024,2889,9408.647654,10735.025381,7426.594090,11668.181818,7873.684211,9600.000000,8144.776119,-0.039655,0.517885,0.129778,0.263570,0.036334,0.155256,-0.009961
836900,70.0524,28,Middle_C3_Open,Middle,open,3,0.0524,Middle cycle 3: OPEN,2994,3074,2801,3145,2868,3033,2893,9245.776567,10236.630754,7359.659969,11255.789474,7947.188264,9710.169492,8183.194676,-0.056280,0.447414,0.119596,0.218911,0.046009,0.168513,-0.005291
836950,70.0527,28,Middle_C3_Open,Middle,open,3,0.0527,Middle cycle 3: OPEN,2994,3097,2818,3153,2871,3029,2883,9245.776567,10550.901804,7502.897416,11380.254777,7975.000000,9660.975610,8087.623762,-0.056280,0.491850,0.141386,0.232389,0.049669,0.162593,-0.016908
837000,70.0528,28,Middle_C3_Open,Middle,open,3,0.0528,Middle cycle 3: OPEN,2995,3095,2793,3150,2866,3027,2894,9257.272727,10523.000000,7293.548387,11333.333333,7928.722539,9636.516854,8192.839301,-0.055106,0.487905,0.109539,0.227308,0.043578,0.159650,-0.004119
837050,70.0750,28,Middle_C3_Open,Middle,open,3,0.0750,Middle cycle 3: OPEN,2987,3080,2801,3174,2869,3011,2894,9165.884477,10317.241379,7359.659969,11717.263844,7956.443719,9444.095941,8192.839301,-0.064434,0.458812,0.119596,0.268885,0.047227,0.136494,-0.004119
837100,70.1194,28,Middle_C3_Open,Middle,open,3,0.1194,Middle cycle 3: OPEN,2994,3091,2810,3159,2866,2995,2885,9245.776567,10467.529880,7435.019455,11475.000000,7928.722539,9257.272727,8106.611570,-0.056280,0.480062,0.131060,0.242650,0.043578,0.114012,-0.014600
837150,70.3224,28,Middle_C3_Open,Middle,open,3,0.3224,Middle cycle 3: OPEN,2988,3061,2790,3163,2860,3021,2894,9177.235772,10065.183752,7268.965517,11538.841202,7873.684211,9563.687151,8192.839301,-0.063276,0.423172,0.105799,0.249563,0.036334,0.150886,-0.004119
837200,70.3225,28,Middle_C3_Open,Middle,open,3,0.3225,Middle cycle 3: OPEN,2987,3048,2813,3179,2863,3031,2895,9165.884477,9897.994269,7460.374415,11799.781659,7901.136364,9685.526316,8202.500000,-0.064434,0.399532,0.134917,0.277821,0.039947,0.165548,-0.002945
837250,70.3226,28,Middle_C3_Open,Middle,open,3,0.3226,Middle cycle 3: OPEN,2989,3077,2805,3169,2864,3035,2882,9188.607595,10276.817289,7393.023256,11635.637149,7910.316816,9734.905660,8078.153339,-0.062115,0.453096,0.124671,0.260045,0.041156,0.171490,-0.018060
837300,70.3226,28,Middle_C3_Open,Middle,open,3,0.3226,Middle cycle 3: OPEN,2991,3062,2783,3169,2863,3033,2896,9211.413043,10078.218780,7212.042683,11635.637149,7901.136364,9710.169492,8212.176814,-0.059787,0.425015,0.097140,0.260045,0.039947,0.168513,-0.001768
837350,70.3874,28,Middle_C3_Open,Middle,open,3,0.3874,Middle cycle 3: OPEN,2986,3064,2788,3185,2868,3056,2895,9154.553652,10104.364694,7252.639633,11900.000000,7947.188264,10000.384986,8202.500000,-0.065591,0.428712,0.103315,0.288674,0.046009,0.203438,-0.002945
837400,70.5556,28,Middle_C3_Open,Middle,open,3,0.5556,Middle cycle 3: OPEN,2992,3055,2785,3185,2866,3037,2884,9222.846782,9987.500000,7228.244275,11900.000000,7928.722539,9759.735350,8097.109827,-0.058620,0.412188,0.099604,0.288674,0.043578,0.174478,-0.015755
837450,70.5557,28,Middle_C3_Open,Middle,open,3,0.5557,Middle cycle 3: OPEN,2992,3067,2775,3170,2860,3042,2890,9222.846782,10143.774319,7147.727273,11651.891892,7873.684211,9822.222222,8154.356846,-0.058620,0.434284,0.087356,0.261805,0.036334,0.181998,-0.008797
837500,70.5557,28,Middle_C3_Open,Middle,open,3,0.5557,Middle cycle 3: OPEN,2987,3090,2772,3154,2864,3040,2887,9165.884477,10453.731343,7123.809524,11395.961743,7910.316816,9797.156398,8125.662252,-0.064434,0.478111,0.083717,0.234090,0.041156,0.178981,-0.012285
837550,70.5665,28,Middle_C3_Open,Middle,open,3,0.5665,Middle cycle 3: OPEN,2990,3066,2772,3168,2864,3029,2878,9200.000000,10130.612245,7123.809524,11619.417476,7910.316816,9660.975610,8040.427280,-0.060952,0.432423,0.083717,0.258289,0.041156,0.162593,-0.022645
837600,70.6211,28,Middle_C3_Open,Middle,open,3,0.6211,Middle cycle 3: OPEN,2998,3070,2770,3153,2858,3025,2889,9291.886964,10183.414634,7107.924528,11380.254777,7855.456750,9612.149533,8144.776119,-0.051573,0.439889,0.081301,0.232389,0.033935,0.156718,-0.009961
837650,70.6753,28,Middle_C3_Open,Middle,open,3,0.6753,Middle cycle 3: OPEN,2988,3070,2780,3163,2864,3013,2886,9177.235772,10183.414634,7187.832700,11538.841202,7910.316816,9467.837338,8116.129032,-0.063276,0.439889,0.093457,0.249563,0.041156,0.139351,-0.013443
837700,70.7847,28,Middle_C3_Open,Middle,open,3,0.7847,Middle cycle 3: OPEN,2997,3061,2775,3163,2863,3010,2877,9280.327869,10065.183752,7147.727273,11538.841202,7901.136364,9432.258065,8031.034483,-0.052753,0.423172,0.087356,0.249563,0.039947,0.135070,-0.023787
837750,70.7848,28,Middle_C3_Open,Middle,open,3,0.7848,Middle cycle 3: OPEN,2996,3059,2758,3154,2854,3022,2885,9268.789809,10039.189189,7013.612565,11395.961743,7819.178082,9575.768872,8106.611570,-0.053931,0.419496,0.066953,0.234090,0.029160,0.152340,-0.014600
837800,70.8389,28,Middle_C3_Open,Middle,open,3,0.8389,Middle cycle 3: OPEN,2992,3048,2768,3146,2862,3032,2892,9222.846782,9897.994269,7092.087415,11271.232877,7891.970803,9697.836312,8173.566085,-0.058620,0.399532,0.078891,0.220583,0.038741,0.167029,-0.006462
837850,70.8819,28,Middle_C3_Open,Middle,open,3,0.8819,Middle cycle 3: OPEN,2999,3056,2764,3151,2862,3029,2888,9303.467153,10000.384986,7060.555973,11348.940678,7891.970803,9660.975610,8135.211268,-0.050391,0.414010,0.074095,0.228998,0.038741,0.162593,-0.011124
837900,70.9151,28,Middle_C3_Open,Middle,open,3,0.9151,Middle cycle 3: OPEN,2999,3062,2776,3162,2862,3029,2898,9303.467153,10078.218780,7155.724033,11522.829582,7891.970803,9660.975610,8231.578947,-0.050391,0.425015,0.088572,0.247829,0.038741,0.162593,0.000590
837950,71.0478,28,Middle_C3_Open,Middle,open,3,1.0478,Middle cycle 3: OPEN,2985,3041,2793,3173,2867,3016,2897,9143.243243,9809.677419,7293.548387,11700.867679,7937.947883,9503.614458,8221.869783,-0.066745,0.387045,0.109539,0.267109,0.044793,0.143657,-0.000590
838000,71.0478,28,Middle_C3_Open,Middle,open,3,1.0478,Middle cycle 3: OPEN,2980,3041,2845,3218,2866,3036,2892,9086.995516,9809.677419,7738.400000,12475.712657,7928.722539,9747.308782,8173.566085,-0.072486,0.387045,0.177212,0.351019,0.043578,0.172983,-0.006462
838050,71.0795,28,Middle_C3_Open,Middle,open,3,1.0795,Middle cycle 3: OPEN,2989,3057,2843,3251,2862,3071,2900,9188.607595,10013.294798,7720.607029,13096.445498,7891.970803,10196.679688,8251.046025,-0.062115,0.415835,0.174506,0.418239,0.038741,0.227060,0.002956
838100,71.1231,28,Middle_C3_Open,Middle,open,3,1.1231,Middle cycle 3: OPEN,3015,3098,2896,3211,2863,3061,2897,9491.666667,10564.894684,8212.176814,12350.000000,7901.136364,10065.183752,8221.869783,-0.031181,0.493829,0.249286,0.337405,0.039947,0.211236,-0.000590
838150,71.1774,28,Middle_C3_Open,Middle,open,3,1.1774,Middle cycle 3: OPEN,3040,3128,2902,3261,2866,3043,2890,9797.156398,10998.138573,8270.578374,13294.244604,7928.722539,9834.790875,8154.356846,0.000000,0.555088,0.258170,0.439659,0.043578,0.183510,-0.008797
838200,71.3146,28,Middle_C3_Open,Middle,open,3,1.3146,Middle cycle 3: OPEN,3067,3087,2900,3205,2871,3052,2897,10143.774319,10412.500000,8251.046025,12243.820225,7975.000000,9948.993289,8221.869783,0.035379,0.472281,0.255199,0.325907,0.049669,0.197253,-0.000590
838250,71.3147,28,Middle_C3_Open,Middle,open,3,1.3147,Middle cycle 3: OPEN,3137,3062,2979,3185,2880,3034,2902,11133.402923,10078.218780,9075.806452,11900.000000,8059.259259,9722.525919,8270.578374,0.136391,0.425015,0.380667,0.288674,0.060760,0.170000,0.005331
838300,71.3147,28,Middle_C3_Open,Middle,open,3,1.3147,Middle cycle 3: OPEN,3070,3028,2943,3156,2879,2993,2890,10183.414634,9648.734770,8685.937500,11427.476038,8049.835526,9234.301270,8154.356846,0.039426,0.364288,0.321357,0.237503,0.059519,0.111248,-0.008797
838350,71.3569,28,Middle_C3_Open,Middle,open,3,1.3569,Middle cycle 3: OPEN,3036,3094,2939,3167,2867,3000,2895,9747.308782,10509.090909,8644.117647,11603.232759,7937.947883,9315.068493,8202.500000,-0.005088,0.485938,0.314996,0.256536,0.044793,0.120967,-0.002945
838400,71.4219,28,Middle_C3_Open,Middle,open,3,1.4219,Middle cycle 3: OPEN,3043,3039,2976,3162,2877,2994,2894,9834.790875,9784.659091,9042.359249,11522.829582,8031.034483,9245.776567,8192.839301,0.003841,0.383507,0.375578,0.247829,0.057045,0.112629,-0.004119
838450,71.5731,28,Middle_C3_Open,Middle,open,3,1.5731,Middle cycle 3: OPEN,3059,3053,2953,3151,2867,2980,2891,10039.189189,9961.804223,8791.768827,11348.940678,7937.947883,9086.995516,8163.953488,0.024704,0.408555,0.337457,0.228998,0.044793,0.093521,-0.007630
838500,71.5731,28,Middle_C3_Open,Middle,open,3,1.5731,Middle cycle 3: OPEN,3051,3051,2935,3124,2866,2984,2896,9936.206897,9936.206897,8602.586207,10938.825953,7928.722539,9131.953195,8212.176814,0.014193,0.404935,0.308678,0.184586,0.043578,0.098931,-0.001768
838550,71.5731,28,Middle_C3_Open,Middle,open,3,1.5731,Middle cycle 3: OPEN,3058,3038,2894,3144,2877,2975,2896,10026.229508,9772.185430,8192.839301,11240.378549,8031.034483,9031.250000,8212.176814,0.023382,0.381743,0.246344,0.217242,0.057045,0.086813,-0.001768
838600,71.6504,28,Middle_C3_Open,Middle,open,3,1.6504,Middle cycle 3: OPEN,3058,3039,2919,3135,2876,2988,2886,10026.229508,9784.659091,8439.285714,11103.125000,8021.657096,9177.235772,8116.129032,0.023382,0.383507,0.283835,0.202378,0.055810,0.104381,-0.013443
838650,71.6612,28,Middle_C3_Open,Middle,open,3,1.6612,Middle cycle 3: OPEN,3052,3044,2874,3105,2863,2997,2895,9948.993289,9847.383444,8002.948403,10663.636364,7901.136364,9280.327869,8202.500000,0.015498,0.392376,0.217457,0.154785,0.039947,0.116787,-0.002945
838700,71.8196,28,Middle_C3_Open,Middle,open,3,1.8196,Middle cycle 3: OPEN,3056,3034,2889,3101,2874,2994,2895,10000.384986,9722.525919,8144.776119,10607.042254,8002.948403,9245.776567,8202.500000,0.020744,0.374722,0.239033,0.148657,0.053348,0.112629,-0.002945
838750,71.8196,28,Middle_C3_Open,Middle,open,3,1.8196,Middle cycle 3: OPEN,3068,3032,2888,3113,2876,3004,2884,10156.962025,9697.836312,8135.211268,10778.207739,8021.657096,9361.686526,8097.109827,0.036726,0.371231,0.237578,0.167193,0.055810,0.126577,-0.015755
838800,71.8196,28,Middle_C3_Open,Middle,open,3,1.8196,Middle cycle 3: OPEN,3075,3051,2884,3106,2864,2993,2898,10250.000000,9936.206897,8097.109827,10677.856421,7910.316816,9234.301270,8231.578947,0.046222,0.404935,0.231781,0.156325,0.041156,0.111248,0.000590
838850,71.8740,28,Middle_C3_Open,Middle,open,3,1.8740,Middle cycle 3: OPEN,3077,3060,2884,3090,2868,2992,2898,10276.817289,10052.173913,8097.109827,10453.731343,7947.188264,9222.846782,8231.578947,0.048959,0.421332,0.231781,0.132054,0.046009,0.109869,0.000590
838900,71.9181,28,Middle_C3_Open,Middle,open,3,1.9181,Middle cycle 3: OPEN,3081,3084,2855,3089,2867,2983,2888,10330.769231,10371.513353,7828.225806,10439.960239,7937.947883,9120.683453,8135.211268,0.054466,0.466486,0.190877,0.130563,0.044793,0.097575,-0.011124
838950,72.0870,29,Middle_C3_Bend,Middle,bend,3,0.0870,Middle cycle 3: BEND Middle,3069,3043,2826,3072,2862,2978,2895,10170.175439,9834.790875,7571.631206,10209.970674,7891.970803,9064.637422,8202.500000,0.038074,0.390595,0.151842,0.105657,0.038741,0.090831,-0.002945
839000,72.0873,29,Middle_C3_Bend,Middle,bend,3,0.0873,Middle cycle 3: BEND Middle,3076,3036,2822,3090,2868,2967,2896,10263.395486,9747.308782,7537.156324,10453.731343,7947.188264,8943.085106,8212.176814,0.047589,0.378226,0.146598,0.132054,0.046009,0.076203,-0.001768
839050,72.0873,29,Middle_C3_Bend,Middle,bend,3,0.0873,Middle cycle 3: BEND Middle,3085,3043,2803,3077,2865,2963,2887,10385.148515,9834.790875,7376.315789,10276.817289,7919.512195,8899.469965,8125.662252,0.060017,0.390595,0.122130,0.112896,0.042366,0.070955,-0.012285
839100,72.1089,29,Middle_C3_Bend,Middle,bend,3,0.1089,Middle cycle 3: BEND Middle,3069,3037,2801,3101,2866,2965,2896,10170.175439,9759.735350,7359.659969,10607.042254,7928.722539,8921.238938,8212.176814,0.038074,0.379983,0.119596,0.148657,0.043578,0.073574,-0.001768
839150,72.1731,29,Middle_C3_Bend,Middle,bend,3,0.1731,Middle cycle 3: BEND Middle,3059,3023,2830,3091,2867,2972,2894,10039.189189,9587.873134,7606.324111,10467.529880,7937.947883,8998.040962,8192.839301,0.024704,0.355682,0.157120,0.133549,0.044793,0.082816,-0.004119
839200,72.3519,29,Middle_C3_Bend,Middle,bend,3,0.3519,Middle cycle 3: BEND Middle,3066,3018,2846,3070,2867,2963,2884,10130.612245,9527.576602,7747.317854,10183.414634,7937.947883,8899.469965,8097.109827,0.034036,0.347157,0.178569,0.102781,0.044793,0.070955,-0.015755
839250,72.3520,29,Middle_C3_Bend,Middle,bend,3,0.3520,Middle cycle 3: BEND Middle,3066,3014,2830,3087,2860,2975,2896,10130.612245,9479.740981,7606.324111,10412.500000,7873.684211,9031.250000,8212.176814,0.034036,0.340393,0.157120,0.127589,0.036334,0.086813,-0.001768
839300,72.3520,29,Middle_C3_Bend,Middle,bend,3,0.3520,Middle cycle 3: BEND Middle,3047,3023,2842,3121,2869,2976,2894,9885.305344,9587.873134,7711.731844,10894.661191,7956.443719,9042.359249,8192.839301,0.008997,0.355682,0.173155,0.179804,0.047227,0.088150,-0.004119
839350,72.3623,29,Middle_C3_Bend,Middle,bend,3,0.3623,Middle cycle 3: BEND Middle,3053,3053,2834,3119,2878,2971,2887,9961.804223,9961.804223,7641.237113,10865.368852,8040.427280,8987.010676,8125.662252,0.016806,0.408555,0.162431,0.176631,0.058281,0.081489,-0.012285
839400,72.4272,29,Middle_C3_Bend,Middle,bend,3,0.4272,Middle cycle 3: BEND Middle,3047,3064,2829,3103,2875,2974,2896,9885.305344,10104.364694,7597.630332,10635.282258,8012.295082,9020.160571,8212.176814,0.008997,0.428712,0.155798,0.151715,0.054578,0.085478,-0.001768
839450,72.6147,29,Middle_C3_Bend,Middle,bend,3,0.6147,Middle cycle 3: BEND Middle,3031,3057,2837,3096,2879,2987,2895,9685.526316,10013.294798,7667.567568,10536.936937,8049.835526,9165.884477,8202.500000,-0.011394,0.415835,0.166437,0.141065,0.059519,0.103015,-0.002945
839500,72.6148,29,Middle_C3_Bend,Middle,bend,3,0.6148,Middle cycle 3: BEND Middle,3039,3053,2840,3088,2898,2966,2880,9784.659091,9961.804223,7694.023904,10426.216485,8231.578947,8932.152347,8059.259259,-0.001276,0.408555,0.170462,0.129075,0.083440,0.074888,-0.020356
839550,72.6148,29,Middle_C3_Bend,Middle,bend,3,0.6148,Middle cycle 3: BEND Middle,3037,3034,2810,3063,2908,2990,2891,9759.735350,9722.525919,7435.019455,10091.279070,8329.570345,9200.000000,8163.953488,-0.003820,0.374722,0.131060,0.092804,0.096338,0.107120,-0.007630
839600,72.6260,29,Middle_C3_Bend,Middle,bend,3,0.6260,Middle cycle 3: BEND Middle,3021,3038,2812,3067,2894,2977,2882,9563.687151,9772.185430,7451.909587,10143.774319,8192.839301,9053.488372,8078.153339,-0.023830,0.381743,0.133630,0.098489,0.078341,0.089489,-0.018060
839650,72.6906,29,Middle_C3_Bend,Middle,bend,3,0.6906,Middle cycle 3: BEND Middle,3028,3034,2812,3080,2882,2955,2877,9648.734770,9722.525919,7451.909587,10317.241379,8078.153339,8813.157895,8031.034483,-0.015149,0.374722,0.133630,0.117274,0.063246,0.060568,-0.023787
839700,72.8452,29,Middle_C3_Bend,Middle,bend,3,0.8452,Middle cycle 3: BEND Middle,3033,3013,2814,3050,2875,2954,2885,9710.169492,9467.837338,7468.852459,9923.444976,8012.295082,8802.453988,8106.611570,-0.008879,0.338710,0.136207,0.074629,0.054578,0.059280,-0.014600
839750,72.8453,29,Middle_C3_Bend,Middle,bend,3,0.8453,Middle cycle 3: BEND Middle,3029,3017,2853,3066,2874,2960,2884,9660.975610,9515.584416,7810.144928,10130.612245,8002.948403,8866.960352,8097.109827,-0.013900,0.345461,0.188127,0.097063,0.053348,0.067042,-0.015755
839800,72.8453,29,Middle_C3_Bend,Middle,bend,3,0.8453,Middle cycle 3: BEND Middle,3044,3010,2860,3081,2878,2959,2876,9847.383444,9432.258065,7873.684211,10330.769231,8040.427280,8856.161972,8021.657096,0.005127,0.333679,0.197793,0.118739,0.058281,0.065743,-0.024927
839850,72.8776,29,Middle_C3_Bend,Middle,bend,3,0.8776,Middle cycle 3: BEND Middle,3045,2981,2838,3060,2881,2971,2882,9860.000000,9098.204668,7676.372315,10052.173913,8068.698517,8987.010676,8078.153339,0.006414,0.286445,0.167776,0.088569,0.062002,0.081489,-0.018060
839900,72.9311,29,Middle_C3_Bend,Middle,bend,3,0.9311,Middle cycle 3: BEND Middle,3035,2974,2847,3065,2879,2963,2883,9734.905660,9020.160571,7756.250000,10117.475728,8049.835526,8899.469965,8087.623762,-0.006354,0.275410,0.179928,0.095641,0.059519,0.070955,-0.016908
839950,73.0908,29,Middle_C3_Bend,Middle,bend,3,1.0908,Middle cycle 3: BEND Middle,3041,2977,2849,3087,2864,2959,2877,9809.677419,9053.488372,7774.157303,10412.500000,7910.316816,8856.161972,8031.034483,0.001278,0.280123,0.182652,0.127589,0.041156,0.065743,-0.023787
840000,73.0909,29,Middle_C3_Bend,Middle,bend,3,1.0909,Middle cycle 3: BEND Middle,3039,2968,2849,3091,2858,2956,2883,9784.659091,8954.037267,7774.157303,10467.529880,7855.456750,8823.880597,8087.623762,-0.001276,0.266061,0.182652,0.133549,0.033935,0.061858,-0.016908
840050,73.0910,29,Middle_C3_Bend,Middle,bend,3,1.0910,Middle cycle 3: BEND Middle,3031,2966,2860,3086,2865,2966,2886,9685.526316,8932.152347,7873.684211,10398.810704,7919.512195,8932.152347,8116.129032,-0.011394,0.262966,0.197793,0.126107,0.042366,0.074888,-0.013443
840100,73.1123,29,Middle_C3_Bend,Middle,bend,3,1.1123,Middle cycle 3: BEND Middle,3034,2970,2884,3149,2863,2973,2878,9722.525919,8976.000000,8097.109827,11317.758985,7901.136364,9009.090909,8040.427280,-0.007618,0.269166,0.231781,0.225622,0.039947,0.084146,-0.022645
840150,73.1775,29,Middle_C3_Bend,Middle,bend,3,1.1775,Middle cycle 3: BEND Middle,3037,2961,2891,3204,2857,3007,2885,9759.735350,8877.777778,8163.953488,12226.262626,7846.365105,9396.875000,8106.611570,-0.003820,0.255278,0.241950,0.324005,0.032738,0.130812,-0.014600
840200,73.3490,29,Middle_C3_Bend,Middle,bend,3,1.3490,Middle cycle 3: BEND Middle,3025,2952,2888,3138,2866,3048,2883,9612.149533,8781.102362,8135.211268,11148.589342,7928.722539,9897.994269,8087.623762,-0.018884,0.241609,0.237578,0.207302,0.043578,0.191116,-0.016908
840250,73.3491,29,Middle_C3_Bend,Middle,bend,3,1.3491,Middle cycle 3: BEND Middle,3032,2960,2910,3165,2861,2998,2876,9697.836312,8866.960352,8349.367089,11570.967742,7882.820097,9291.886964,8021.657096,-0.010138,0.253749,0.270156,0.253042,0.037537,0.118178,-0.024927
840300,73.3491,29,Middle_C3_Bend,Middle,bend,3,1.3491,Middle cycle 3: BEND Middle,3030,2961,2894,3216,2845,3049,2887,9673.239437,8877.777778,8192.839301,12439.590444,7738.400000,9910.707457,8125.662252,-0.012648,0.255278,0.246344,0.347107,0.018528,0.192646,-0.012285
840350,73.3708,29,Middle_C3_Bend,Middle,bend,3,1.3708,Middle cycle 3: BEND Middle,3019,2978,2902,3230,2861,3040,2890,9539.591078,9064.637422,8270.578374,12695.953757,7882.820097,9797.156398,8154.356846,-0.026290,0.281699,0.258170,0.374869,0.037537,0.178981,-0.008797
840400,73.4145,29,Middle_C3_Bend,Middle,bend,3,1.4145,Middle cycle 3: BEND Middle,3035,2955,2865,3221,2873,3034,2887,9734.905660,8813.157895,7919.512195,12530.205950,7993.617021,9722.525919,8125.662252,-0.006354,0.246141,0.204764,0.356920,0.052120,0.170000,-0.012285
840450,73.6074,29,Middle_C3_Bend,Middle,bend,3,1.6074,Middle cycle 3: BEND Middle,3045,2945,2833,3173,2870,3056,2891,9860.000000,8706.956522,7632.488114,11700.867679,7965.714286,10000.384986,8163.953488,0.006414,0.231125,0.161100,0.267109,0.048447,0.203438,-0.007630
840500,73.6074,29,Middle_C3_Bend,Middle,bend,3,1.6074,Middle cycle 3: BEND Middle,3028,2948,2831,3180,2880,3076,2885,9648.734770,8738.622493,7615.031646,11816.393443,8059.259259,10263.395486,8106.611570,-0.015149,0.235602,0.158445,0.279620,0.060760,0.235088,-0.014600
840550,73.6075,29,Middle_C3_Bend,Middle,bend,3,1.6075,Middle cycle 3: BEND Middle,3039,2956,2875,3170,2878,3018,2883,9784.659091,8823.880597,8012.295082,11651.891892,8040.427280,9527.576602,8087.623762,-0.001276,0.247657,0.218879,0.261805,0.058281,0.146540,-0.016908
840600,73.6296,29,Middle_C3_Bend,Middle,bend,3,1.6296,Middle cycle 3: BEND Middle,3042,2949,2850,3232,2870,3033,2897,9822.222222,8749.214660,7783.132530,12733.256083,7965.714286,9710.169492,8221.869783,0.002558,0.237100,0.184017,0.378908,0.048447,0.168513,-0.000590
840650,73.6727,29,Middle_C3_Bend,Middle,bend,3,1.6727,Middle cycle 3: BEND Middle,3039,2951,2845,3188,2879,3025,2898,9784.659091,8770.454545,7738.400000,11950.606395,8049.835526,9612.149533,8231.578947,-0.001276,0.240103,0.177212,0.294154,0.059519,0.156718,0.000590
840700,73.7167,29,Middle_C3_Bend,Middle,bend,3,1.7167,Middle cycle 3: BEND Middle,3044,2974,2826,3180,2879,3019,2891,9847.383444,9020.160571,7571.631206,11816.393443,8049.835526,9539.591078,8163.953488,0.005127,0.275410,0.151842,0.279620,0.059519,0.147986,-0.007630
840750,73.8705,29,Middle_C3_Bend,Middle,bend,3,1.8705,Middle cycle 3: BEND Middle,3037,2957,2825,3209,2864,3017,2899,9759.735350,8834.622144,7562.992126,12314.446953,7910.316816,9515.584416,8241.304348,-0.003820,0.249176,0.150528,0.333555,0.041156,0.145097,0.001772
840800,73.8705,29,Middle_C3_Bend,Middle,bend,3,1.8705,Middle cycle 3: BEND Middle,3037,2963,2820,3240,2877,3007,2897,9759.735350,8899.469965,7520.000000,12884.210526,8031.034483,9396.875000,8221.869783,-0.003820,0.258345,0.143988,0.395256,0.057045,0.130812,-0.000590
840850,73.8810,29,Middle_C3_Bend,Middle,bend,3,1.8810,Middle cycle 3: BEND Middle,3037,2967,2827,3246,2878,3001,2894,9759.735350,8943.085106,7580.283912,12999.293286,8040.427280,9326.691042,8192.839301,-0.003820,0.264512,0.153159,0.407718,0.058281,0.122366,-0.004119
840900,73.9135,29,Middle_C3_Bend,Middle,bend,3,1.9135,Middle cycle 3: BEND Middle,3029,2957,2799,3207,2873,3016,2903,9660.975610,8834.622144,7343.055556,12279.054054,7993.617021,9503.614458,8280.369128,-0.013900,0.249176,0.117070,0.329722,0.052120,0.143657,0.006521
840950,73.9671,29,Middle_C3_Bend,Middle,bend,3,1.9671,Middle cycle 3: BEND Middle,3021,2951,2819,3193,2888,3033,2905,9563.687151,8770.454545,7511.442006,12035.698448,8135.211268,9710.169492,8300.000000,-0.023830,0.240103,0.142686,0.303369,0.070756,0.168513,0.008907
841000,74.1234,30,Middle_C4_Open,Middle,open,4,0.1234,Middle cycle 4: OPEN,3024,2956,2817,3197,2881,3004,2896,9600.000000,8823.880597,7494.366197,12104.454343,8068.698517,9361.686526,8212.176814,-0.020124,0.247657,0.140088,0.310814,0.062002,0.126577,-0.001768
841050,74.1236,30,Middle_C4_Open,Middle,open,4,0.1236,Middle cycle 4: OPEN,3029,2959,2795,3154,2876,3004,2905,9660.975610,8856.161972,7310.000000,11395.961743,8021.657096,9361.686526,8300.000000,-0.013900,0.252222,0.112041,0.234090,0.055810,0.126577,0.008907
841100,74.1341,30,Middle_C4_Open,Middle,open,4,0.1341,Middle cycle 4: OPEN,3025,2969,2797,3178,2882,3001,2909,9612.149533,8965.008881,7326.502311,11783.206107,8078.153339,9326.691042,8339.460371,-0.018884,0.267612,0.114552,0.276026,0.063246,0.122366,0.013704
841150,74.1670,30,Middle_C4_Open,Middle,open,4,0.1670,Middle cycle 4: OPEN,3036,2966,2807,3171,2885,2995,2898,9747.308782,8932.152347,7409.782609,11668.181818,8106.611570,9257.272727,8231.578947,-0.005088,0.262966,0.127221,0.263570,0.066992,0.114012,0.000590
841200,74.2211,30,Middle_C4_Open,Middle,open,4,0.2211,Middle cycle 4: OPEN,3023,2948,2799,3156,2882,3015,2910,9587.873134,8738.622493,7343.055556,11427.476038,8078.153339,9491.666667,8349.367089,-0.021362,0.235602,0.117070,0.237503,0.063246,0.142219,0.014908
841250,74.3840,30,Middle_C4_Open,Middle,open,4,0.3840,Middle cycle 4: OPEN,3018,2936,2799,3195,2880,3009,2913,9527.576602,8612.942192,7343.055556,12070.000000,8059.259259,9420.441989,8379.187817,-0.027516,0.217832,0.117070,0.307083,0.060760,0.133648,0.018533
841300,74.3841,30,Middle_C4_Open,Middle,open,4,0.3841,Middle cycle 4: OPEN,3029,2944,2787,3195,2880,3018,2898,9660.975610,8696.437880,7244.495413,12070.000000,8059.259259,9527.576602,8231.578947,-0.013900,0.229637,0.102077,0.307083,0.060760,0.146540,0.000590
841350,74.3841,30,Middle_C4_Open,Middle,open,4,0.3841,Middle cycle 4: OPEN,3020,2917,2775,3168,2869,3026,2910,9551.627907,8419.185059,7147.727273,11619.417476,7956.443719,9624.321796,8349.367089,-0.025061,0.190435,0.087356,0.258289,0.047227,0.158183,0.014908
841400,74.4160,30,Middle_C4_Open,Middle,open,4,0.4160,Middle cycle 4: OPEN,3011,2931,2786,3217,2873,3037,2906,9444.095941,8561.340206,7236.363636,12457.630979,7993.617021,9759.735350,8309.840202,-0.036037,0.210535,0.100839,0.349060,0.052120,0.174478,0.010103
841450,74.4710,30,Middle_C4_Open,Middle,open,4,0.4710,Middle cycle 4: OPEN,3025,2947,2775,3201,2870,3029,2898,9612.149533,8728.048780,7147.727273,12173.825503,7965.714286,9660.975610,8231.578947,-0.018884,0.234107,0.087356,0.318327,0.048447,0.162593,0.000590
841500,74.6323,30,Middle_C4_Open,Middle,open,4,0.6323,Middle cycle 4: OPEN,3025,2953,2761,3182,2864,3037,2908,9612.149533,8791.768827,7037.031484,11849.726177,7910.316816,9759.735350,8329.570345,-0.018884,0.243117,0.070516,0.283229,0.041156,0.174478,0.012501
841550,74.6324,30,Middle_C4_Open,Middle,open,4,0.6324,Middle cycle 4: OPEN,3022,2950,2780,3202,2870,3048,2908,9575.768872,8759.825328,7187.832700,12191.265398,7965.714286,9897.994269,8329.570345,-0.022597,0.238600,0.093457,0.320215,0.048447,0.191116,0.012501
841600,74.6324,30,Middle_C4_Open,Middle,open,4,0.6324,Middle cycle 4: OPEN,3025,2975,2773,3174,2868,3022,2898,9612.149533,9031.250000,7131.770045,11717.263844,7947.188264,9575.768872,8231.578947,-0.018884,0.276978,0.084928,0.268885,0.046009,0.152340,0.000590
841650,74.6760,30,Middle_C4_Open,Middle,open,4,0.6760,Middle cycle 4: OPEN,3028,2975,2762,3161,2862,3019,2908,9648.734770,9031.250000,7044.861215,11506.852248,7891.970803,9539.591078,8329.570345,-0.015149,0.276978,0.071707,0.246099,0.038741,0.147986,0.012501
841700,74.7198,30,Middle_C4_Open,Middle,open,4,0.7198,Middle cycle 4: OPEN,3015,2951,2778,3173,2872,3019,2910,9491.666667,8770.454545,7171.753986,11700.867679,7984.300899,9539.591078,8349.367089,-0.031181,0.240103,0.091011,0.267109,0.050894,0.147986,0.014908
841750,74.8884,30,Middle_C4_Open,Middle,open,4,0.8884,Middle cycle 4: OPEN,3022,2946,2784,3169,2869,3004,2899,9575.768872,8717.493473,7220.137300,11635.637149,7956.443719,9361.686526,8241.304348,-0.022597,0.232615,0.098371,0.260045,0.047227,0.126577,0.001772
841800,74.8885,30,Middle_C4_Open,Middle,open,4,0.8885,Middle cycle 4: OPEN,3019,2955,2754,3118,2861,3012,2906,9539.591078,8813.157895,6982.550336,10850.767656,7882.820097,9455.955679,8309.840202,-0.026290,0.246141,0.062228,0.175050,0.037537,0.137922,0.010103
841850,74.8885,30,Middle_C4_Open,Middle,open,4,0.8885,Middle cycle 4: OPEN,3009,2969,2780,3125,2873,3011,2905,9420.441989,8965.008881,7187.832700,10953.608247,7993.617021,9444.095941,8300.000000,-0.038451,0.267612,0.093457,0.186187,0.052120,0.136494,0.008907
841900,74.9320,30,Middle_C4_Open,Middle,open,4,0.9320,Middle cycle 4: OPEN,3024,2963,2766,3127,2871,2988,2894,9600.000000,8899.469965,7076.297968,10983.264463,7975.000000,9177.235772,8192.839301,-0.020124,0.258345,0.076489,0.189399,0.049669,0.104381,-0.004119
841950,74.9651,30,Middle_C4_Open,Middle,open,4,0.9651,Middle cycle 4: OPEN,3024,2958,2762,3103,2864,3001,2900,9600.000000,8845.382586,7044.861215,10635.282258,7910.316816,9326.691042,8251.046025,-0.020124,0.250698,0.071707,0.151715,0.041156,0.122366,0.002956
842000,75.1573,30,Middle_C4_Open,Middle,open,4,1.1573,Middle cycle 4: OPEN,3022,2948,2786,3187,2875,3034,2901,9575.768872,8738.622493,7236.363636,11933.700441,8012.295082,9722.525919,8260.804020,-0.022597,0.235602,0.100839,0.292323,0.054578,0.170000,0.004143
842050,75.1574,30,Middle_C4_Open,Middle,open,4,1.1574,Middle cycle 4: OPEN,3031,2936,2809,3291,2880,3000,2891,9685.526316,8612.942192,7426.594090,13917.164179,8059.259259,9315.068493,8163.953488,-0.011394,0.217832,0.129778,0.507116,0.060760,0.120967,-0.007630
842100,75.1574,30,Middle_C4_Open,Middle,open,4,1.1574,Middle cycle 4: OPEN,3023,2930,2806,3334,2871,3024,2901,9587.873134,8551.072961,7401.396431,14895.663601,7975.000000,9600.000000,8260.804020,-0.021362,0.209083,0.125945,0.613080,0.049669,0.155256,0.004143
842150,75.1796,30,Middle_C4_Open,Middle,open,4,1.1796,Middle cycle 4: OPEN,3013,2943,2847,3368,2882,3002,2913,9467.837338,8685.937500,7756.250000,15751.306740,8078.153339,9338.334858,8379.187817,-0.033614,0.228153,0.179928,0.705739,0.063246,0.123767,0.018533
842200,75.2119,30,Middle_C4_Open,Middle,open,4,1.2119,Middle cycle 4: OPEN,3021,2978,2892,3300,2877,3025,2903,9563.687151,9064.637422,8173.566085,14113.207547,8031.034483,9612.149533,8280.369128,-0.023830,0.281699,0.243412,0.528346,0.057045,0.156718,0.006521
842250,75.2665,30,Middle_C4_Open,Middle,open,4,1.2665,Middle cycle 4: OPEN,3015,2974,2914,3251,2870,3047,2918,9491.666667,9020.160571,8389.161727,13096.445498,7965.714286,9885.305344,8429.226848,-0.031181,0.275410,0.276210,0.418239,0.048447,0.189589,0.024615
842300,75.4112,30,Middle_C4_Open,Middle,open,4,1.4112,Middle cycle 4: OPEN,3009,2970,2968,3295,2878,3045,2915,9420.441989,8976.000000,8954.037267,14003.750000,8040.427280,9860.000000,8399.152542,-0.038451,0.269166,0.362142,0.516493,0.058281,0.186544,0.020960
842350,75.4113,30,Middle_C4_Open,Middle,open,4,1.4113,Middle cycle 4: OPEN,3021,2959,2977,3301,2875,3055,2902,9563.687151,8856.161972,9053.488372,14135.264484,8012.295082,9987.500000,8270.578374,-0.023830,0.252222,0.377272,0.530735,0.054578,0.201887,0.005331
842400,75.4113,30,Middle_C4_Open,Middle,open,4,1.4113,Middle cycle 4: OPEN,3014,2960,2955,3217,2877,3014,2912,9479.740981,8866.960352,8813.157895,12457.630979,8031.034483,9479.740981,8369.230769,-0.032399,0.253749,0.340711,0.349060,0.057045,0.140784,0.017322
842450,75.4883,30,Middle_C4_Open,Middle,open,4,1.4883,Middle cycle 4: OPEN,3012,2957,2969,3276,2885,3022,2908,9455.955679,8834.622144,8965.008881,13600.000000,8106.611570,9575.768872,8329.570345,-0.034827,0.249176,0.363811,0.472770,0.066992,0.152340,0.012501
842500,75.5209,30,Middle_C4_Open,Middle,open,4,1.5209,Middle cycle 4: OPEN,3024,2960,2963,3235,2879,3010,2900,9600.000000,8866.960352,8899.469965,12789.534884,8049.835526,9432.258065,8251.046025,-0.020124,0.253749,0.353841,0.385003,0.059519,0.135070,0.002956
842550,75.6619,30,Middle_C4_Open,Middle,open,4,1.6619,Middle cycle 4: OPEN,3028,2956,2931,3265,2883,3022,2903,9648.734770,8823.880597,8561.340206,13374.698795,8087.623762,9575.768872,8280.369128,-0.015149,0.247657,0.302403,0.448372,0.064493,0.152340,0.006521
842600,75.6620,30,Middle_C4_Open,Middle,open,4,1.6620,Middle cycle 4: OPEN,3022,2954,2941,3270,2883,3026,2901,9575.768872,8802.453988,8664.991334,13476.363636,8087.623762,9624.321796,8260.804020,-0.022597,0.244628,0.318171,0.459381,0.064493,0.158183,0.004143
842650,75.6620,30,Middle_C4_Open,Middle,open,4,1.6620,Middle cycle 4: OPEN,3012,2951,2950,3255,2886,2998,2894,9455.955679,8770.454545,8759.825328,13175.000000,8116.129032,9291.886964,8192.839301,-0.034827,0.240103,0.332598,0.426746,0.068245,0.118178,-0.004119
842700,75.7164,30,Middle_C4_Open,Middle,open,4,1.7164,Middle cycle 4: OPEN,2997,2940,2925,3268,2878,3010,2901,9280.327869,8654.545455,8500.000000,13435.550181,8040.427280,9432.258065,8260.804020,-0.052753,0.223714,0.293072,0.454961,0.058281,0.135070,0.004143
842750,75.7714,30,Middle_C4_Open,Middle,open,4,1.7714,Middle cycle 4: OPEN,2990,2929,2921,3279,2885,3016,2899,9200.000000,8540.823328,8459.454855,13662.500000,8106.611570,9503.614458,8241.304348,-0.060952,0.207634,0.286904,0.479538,0.066992,0.143657,0.001772
842800,75.9171,30,Middle_C4_Open,Middle,open,4,1.9171,Middle cycle 4: OPEN,3002,2930,2907,3296,2884,2993,2892,9338.334858,8551.072961,8319.696970,14025.531915,8097.109827,9234.301270,8173.566085,-0.046832,0.209083,0.265643,0.518851,0.065741,0.111248,-0.006462
842850,75.9171,30,Middle_C4_Open,Middle,open,4,1.9171,Middle cycle 4: OPEN,3004,2930,2938,3271,2876,3025,2901,9361.686526,8551.072961,8633.707865,13496.844660,8021.657096,9612.149533,8260.804020,-0.044449,0.209083,0.313412,0.461599,0.055810,0.156718,0.004143
842900,75.9172,30,Middle_C4_Open,Middle,open,4,1.9172,Middle cycle 4: OPEN,2985,2920,2932,3278,2887,2983,2900,9143.243243,8449.361702,8571.625107,13641.615667,8125.662252,9120.683453,8251.046025,-0.066745,0.194702,0.303968,0.477276,0.069500,0.097575,0.002956
842950,75.9824,30,Middle_C4_Open,Middle,open,4,1.9824,Middle cycle 4: OPEN,2996,2927,2898,3267,2889,2966,2891,9268.789809,8520.376712,8231.578947,13415.217391,8144.776119,8932.152347,8163.953488,-0.053931,0.204743,0.252238,0.452759,0.072015,0.074888,-0.007630
843000,76.0247,31,Middle_C4_Bend,Middle,bend,4,0.0247,Middle cycle 4: BEND Middle,2998,2926,2902,3255,2876,2983,2897,9291.886964,8510.179641,8270.578374,13175.000000,8021.657096,9120.683453,8221.869783,-0.051573,0.203301,0.258170,0.426746,0.055810,0.097575,-0.000590
843050,76.1796,31,Middle_C4_Bend,Middle,bend,4,0.1796,Middle cycle 4: BEND Middle,2986,2928,2908,3225,2887,2974,2897,9154.553652,8530.591260,8329.570345,12603.448276,8125.662252,9020.160571,8221.869783,-0.065591,0.206187,0.267145,0.364851,0.069500,0.085478,-0.000590
843100,76.1797,31,Middle_C4_Bend,Middle,bend,4,0.1797,Middle cycle 4: BEND Middle,3003,2935,2896,3214,2882,2955,2891,9350.000000,8602.586207,8212.176814,12403.632236,8078.153339,8813.157895,8163.953488,-0.045641,0.216367,0.249286,0.343213,0.063246,0.060568,-0.007630
843150,76.1797,31,Middle_C4_Bend,Middle,bend,4,0.1797,Middle cycle 4: BEND Middle,3007,2937,2880,3192,2878,2960,2898,9396.875000,8623.316062,8059.259259,12018.604651,8040.427280,8866.960352,8231.578947,-0.040857,0.219298,0.226023,0.301517,0.058281,0.067042,0.000590
843200,76.2228,31,Middle_C4_Bend,Middle,bend,4,0.2228,Middle cycle 4: BEND Middle,3008,2926,2885,3216,2884,2959,2897,9408.647654,8510.179641,8106.611570,12439.590444,8097.109827,8856.161972,8221.869783,-0.039655,0.203301,0.233227,0.347107,0.065741,0.065743,-0.000590
843250,76.2669,31,Middle_C4_Bend,Middle,bend,4,0.2669,Middle cycle 4: BEND Middle,3017,2923,2902,3204,2882,2952,2889,9515.584416,8479.692833,8270.578374,12226.262626,8078.153339,8781.102362,8144.776119,-0.028740,0.198991,0.258170,0.324005,0.063246,0.056710,-0.009961
843300,76.4117,31,Middle_C4_Bend,Middle,bend,4,0.4117,Middle cycle 4: BEND Middle,3003,2919,2899,3207,2871,2965,2897,9350.000000,8439.285714,8241.304348,12279.054054,7975.000000,8921.238938,8221.869783,-0.045641,0.193277,0.253717,0.329722,0.049669,0.073574,-0.000590
843350,76.4118,31,Middle_C4_Bend,Middle,bend,4,0.4118,Middle cycle 4: BEND Middle,3001,2913,2914,3219,2883,2955,2896,9326.691042,8379.187817,8389.161727,12493.835616,8087.623762,8813.157895,8212.176814,-0.048021,0.184780,0.276210,0.352981,0.064493,0.060568,-0.001768
843400,76.4118,31,Middle_C4_Bend,Middle,bend,4,0.4118,Middle cycle 4: BEND Middle,3013,2912,2910,3213,2880,2939,2891,9467.837338,8369.230769,8349.367089,12385.714286,8059.259259,8644.117647,8163.953488,-0.033614,0.183372,0.270156,0.341272,0.060760,0.040226,-0.007630
843450,76.4667,31,Middle_C4_Bend,Middle,bend,4,0.4667,Middle cycle 4: BEND Middle,3011,2903,2886,3227,2864,2956,2897,9444.095941,8280.369128,8116.129032,12640.322581,7910.316816,8823.880597,8221.869783,-0.036037,0.170807,0.234675,0.368845,0.041156,0.061858,-0.000590
843500,76.5218,31,Middle_C4_Bend,Middle,bend,4,0.5218,Middle cycle 4: BEND Middle,3005,2898,2892,3218,2881,2967,2895,9373.394495,8231.578947,8173.566085,12475.712657,8068.698517,8943.085106,8202.500000,-0.043254,0.163908,0.243412,0.351019,0.062002,0.076203,-0.002945
843550,76.6726,31,Middle_C4_Bend,Middle,bend,4,0.6726,Middle cycle 4: BEND Middle,3008,2911,2876,3209,2880,2948,2885,9408.647654,8359.290541,8021.657096,12314.446953,8059.259259,8738.622493,8106.611570,-0.039655,0.181966,0.220303,0.333555,0.060760,0.051598,-0.014600
843600,76.6726,31,Middle_C4_Bend,Middle,bend,4,0.6726,Middle cycle 4: BEND Middle,3003,2908,2862,3208,2871,2960,2894,9350.000000,8329.570345,7891.970803,12296.730552,7975.000000,8866.960352,8192.839301,-0.045641,0.177764,0.200574,0.331636,0.049669,0.067042,-0.004119
843650,76.6726,31,Middle_C4_Bend,Middle,bend,4,0.6726,Middle cycle 4: BEND Middle,2999,2899,2896,3212,2878,2955,2893,9303.467153,8241.304348,8212.176814,12367.836920,8040.427280,8813.157895,8183.194676,-0.050391,0.165284,0.249286,0.339337,0.058281,0.060568,-0.005291
843700,76.7155,31,Middle_C4_Bend,Middle,bend,4,0.7155,Middle cycle 4: BEND Middle,3006,2897,2860,3207,2875,2947,2883,9385.123967,8221.869783,7873.684211,12279.054054,8012.295082,8728.048780,8087.623762,-0.042056,0.162536,0.197793,0.329722,0.054578,0.050326,-0.016908
843750,76.7916,31,Middle_C4_Bend,Middle,bend,4,0.7916,Middle cycle 4: BEND Middle,3005,2892,2826,3186,2866,2967,2894,9373.394495,8173.566085,7571.631206,11916.831683,7928.722539,8943.085106,8192.839301,-0.043254,0.155706,0.151842,0.290496,0.043578,0.076203,-0.004119
843800,76.9394,31,Middle_C4_Bend,Middle,bend,4,0.9394,Middle cycle 4: BEND Middle,2995,2880,2832,3194,2875,2960,2891,9257.272727,8059.259259,7623.752969,12052.830189,8012.295082,8866.960352,8163.953488,-0.055106,0.139543,0.159771,0.305224,0.054578,0.067042,-0.007630
843850,76.9395,31,Middle_C4_Bend,Middle,bend,4,0.9395,Middle cycle 4: BEND Middle,3004,2893,2831,3184,2869,2954,2881,9361.686526,8183.194676,7615.031646,11883.205269,7956.443719,8802.453988,8068.698517,-0.044449,0.157067,0.158445,0.286855,0.047227,0.059280,-0.019209
843900,76.9395,31,Middle_C4_Bend,Middle,bend,4,0.9395,Middle cycle 4: BEND Middle,3007,2893,2867,3186,2862,2962,2890,9396.875000,8183.194676,7937.947883,11916.831683,7891.970803,8888.614298,8154.356846,-0.040857,0.157067,0.207569,0.290496,0.038741,0.069648,-0.008797
843950,76.9721,31,Middle_C4_Bend,Middle,bend,4,0.9721,Middle cycle 4: BEND Middle,2999,2894,2900,3197,2868,2958,2888,9303.467153,8192.839301,8251.046025,12104.454343,7947.188264,8845.382586,8135.211268,-0.050391,0.158431,0.255199,0.310814,0.046009,0.064446,-0.011124
844000,77.0159,31,Middle_C4_Bend,Middle,bend,4,1.0159,Middle cycle 4: BEND Middle,3012,2897,2903,3210,2870,2984,2878,9455.955679,8221.869783,8280.369128,12332.203390,7965.714286,9131.953195,8040.427280,-0.034827,0.162536,0.259660,0.335478,0.048447,0.098931,-0.022645
844050,77.1939,31,Middle_C4_Bend,Middle,bend,4,1.1939,Middle cycle 4: BEND Middle,3019,2902,2953,3294,2860,3006,2888,9539.591078,8270.578374,8791.768827,13982.022472,7873.684211,9385.123967,8135.211268,-0.026290,0.169423,0.337457,0.514140,0.036334,0.129398,-0.011124
844100,77.1940,31,Middle_C4_Bend,Middle,bend,4,1.1940,Middle cycle 4: BEND Middle,3009,2897,2928,3271,2872,2981,2890,9420.441989,8221.869783,8530.591260,13496.844660,7984.300899,9098.204668,8154.356846,-0.038451,0.162536,0.297725,0.461599,0.050894,0.094870,-0.008797
844150,77.1940,31,Middle_C4_Bend,Middle,bend,4,1.1940,Middle cycle 4: BEND Middle,3020,2901,2912,3256,2865,2990,2881,9551.627907,8260.804020,8369.230769,13194.755662,7919.512195,9200.000000,8068.698517,-0.025061,0.168041,0.273178,0.428885,0.042366,0.107120,-0.019209
844200,77.2162,31,Middle_C4_Bend,Middle,bend,4,1.2162,Middle cycle 4: BEND Middle,3041,2900,2867,3227,2860,3025,2891,9809.677419,8251.046025,7937.947883,12640.322581,7873.684211,9612.149533,8163.953488,0.001278,0.166661,0.207569,0.368845,0.036334,0.156718,-0.007630
844250,77.2712,31,Middle_C4_Bend,Middle,bend,4,1.2712,Middle cycle 4: BEND Middle,3035,2919,2863,3288,2866,3028,2885,9734.905660,8439.285714,7901.136364,13852.788104,7928.722539,9648.734770,8106.611570,-0.006354,0.193277,0.201969,0.500145,0.043578,0.161120,-0.014600
844300,77.4165,31,Middle_C4_Bend,Middle,bend,4,1.4165,Middle cycle 4: BEND Middle,3036,2918,2891,3263,2864,3001,2878,9747.308782,8429.226848,8163.953488,13334.375000,7910.316816,9326.691042,8040.427280,-0.005088,0.191855,0.241950,0.444005,0.041156,0.122366,-0.022645
844350,77.4165,31,Middle_C4_Bend,Middle,bend,4,1.4165,Middle cycle 4: BEND Middle,3033,2940,2864,3256,2863,3005,2893,9710.169492,8654.545455,7910.316816,13194.755662,7901.136364,9373.394495,8183.194676,-0.008879,0.223714,0.203365,0.428885,0.039947,0.127986,-0.005291
844400,77.4166,31,Middle_C4_Bend,Middle,bend,4,1.4166,Middle cycle 4: BEND Middle,3017,2950,2877,3230,2872,2971,2894,9515.584416,8759.825328,8031.034483,12695.953757,7984.300899,8987.010676,8192.839301,-0.028740,0.238600,0.221730,0.374869,0.050894,0.081489,-0.004119
844450,77.4823,31,Middle_C4_Bend,Middle,bend,4,1.4823,Middle cycle 4: BEND Middle,3025,2983,2878,3233,2870,2981,2889,9612.149533,9120.683453,8040.427280,12751.972158,7965.714286,9098.204668,8144.776119,-0.018884,0.289624,0.223159,0.380935,0.048447,0.094870,-0.009961
844500,77.5260,31,Middle_C4_Bend,Middle,bend,4,1.5260,Middle cycle 4: BEND Middle,3019,2980,2842,3216,2870,3006,2892,9539.591078,9086.995516,7711.731844,12439.590444,7965.714286,9385.123967,8173.566085,-0.026290,0.284861,0.173155,0.347107,0.048447,0.129398,-0.006462
844550,77.6952,31,Middle_C4_Bend,Middle,bend,4,1.6952,Middle cycle 4: BEND Middle,2999,2973,2854,3209,2869,3000,2889,9303.467153,9009.090909,7819.178082,12314.446953,7956.443719,9315.068493,8144.776119,-0.050391,0.273845,0.189501,0.333555,0.047227,0.120967,-0.009961
844600,77.6952,31,Middle_C4_Bend,Middle,bend,4,1.6952,Middle cycle 4: BEND Middle,3026,2973,2860,3188,2868,2984,2880,9624.321796,9009.090909,7873.684211,11950.606395,7947.188264,9131.953195,8059.259259,-0.017641,0.273845,0.197793,0.294154,0.046009,0.098931,-0.020356
844650,77.6953,31,Middle_C4_Bend,Middle,bend,4,1.6953,Middle cycle 4: BEND Middle,3016,2956,2865,3159,2856,2999,2893,9503.614458,8823.880597,7919.512195,11475.000000,7837.288136,9303.467153,8183.194676,-0.029962,0.247657,0.204764,0.242650,0.031544,0.119571,-0.005291
844700,77.7170,31,Middle_C4_Bend,Middle,bend,4,1.7170,Middle cycle 4: BEND Middle,3000,2991,2879,3183,2867,2995,2892,9315.068493,9211.413043,8049.835526,11866.447368,7937.947883,9257.272727,8173.566085,-0.049207,0.302453,0.224590,0.285040,0.044793,0.114012,-0.006462
844750,77.7715,31,Middle_C4_Bend,Middle,bend,4,1.7715,Middle cycle 4: BEND Middle,2995,2992,2846,3215,2862,3001,2882,9257.272727,9222.846782,7747.317854,12421.590909,7891.970803,9326.691042,8078.153339,-0.055106,0.304069,0.178569,0.345158,0.038741,0.122366,-0.018060
844800,77.9619,31,Middle_C4_Bend,Middle,bend,4,1.9619,Middle cycle 4: BEND Middle,2990,2982,2814,3230,2854,3017,2896,9200.000000,9109.433962,7468.852459,12695.953757,7819.178082,9515.584416,8212.176814,-0.060952,0.288033,0.136207,0.374869,0.029160,0.145097,-0.001768
844850,77.9620,31,Middle_C4_Bend,Middle,bend,4,1.9620,Middle cycle 4: BEND Middle,2976,2966,2820,3263,2860,3011,2888,9042.359249,8932.152347,7520.000000,13334.375000,7873.684211,9444.095941,8135.211268,-0.077042,0.262966,0.143988,0.444005,0.036334,0.136494,-0.011124
844900,77.9620,31,Middle_C4_Bend,Middle,bend,4,1.9620,Middle cycle 4: BEND Middle,2983,2995,2819,3249,2851,2987,2871,9120.683453,9257.272727,7511.442006,13057.446809,7792.122186,9165.884477,7975.000000,-0.069048,0.308937,0.142686,0.414016,0.025599,0.103015,-0.030598
844950,77.9722,31,Middle_C4_Bend,Middle,bend,4,1.9722,Middle cycle 4: BEND Middle,2986,2981,2804,3218,2849,2999,2881,9154.553652,9098.204668,7384.663052,12475.712657,7774.157303,9303.467153,8068.698517,-0.065591,0.286445,0.123400,0.351019,0.023234,0.119571,-0.019209
845000,78.0228,32,Middle_C5_Open,Middle,open,5,0.0228,Middle cycle 5: OPEN,2973,2966,2804,3218,2857,2992,2881,9009.090909,8932.152347,7384.663052,12475.712657,7846.365105,9222.846782,8068.698517,-0.080438,0.262966,0.123400,0.351019,0.032738,0.109869,-0.019209
845050,78.0669,32,Middle_C5_Open,Middle,open,5,0.0669,Middle cycle 5: OPEN,2990,2965,2797,3217,2857,2981,2868,9200.000000,8921.238938,7326.502311,12457.630979,7846.365105,9098.204668,7947.188264,-0.060952,0.261423,0.114552,0.349060,0.032738,0.094870,-0.033979
845100,78.2280,32,Middle_C5_Open,Middle,open,5,0.2280,Middle cycle 5: OPEN,2993,2966,2790,3185,2846,2991,2878,9234.301270,8932.152347,7268.965517,11900.000000,7747.317854,9211.413043,8040.427280,-0.057451,0.262966,0.105799,0.288674,0.019702,0.108494,-0.022645
845150,78.2281,32,Middle_C5_Open,Middle,open,5,0.2281,Middle cycle 5: OPEN,2984,2966,2799,3190,2854,2988,2878,9131.953195,8932.152347,7343.055556,11984.530387,7819.178082,9177.235772,8040.427280,-0.067898,0.262966,0.117070,0.297828,0.029160,0.104381,-0.022645
845200,78.2281,32,Middle_C5_Open,Middle,open,5,0.2281,Middle cycle 5: OPEN,2993,2958,2802,3198,2857,2991,2874,9234.301270,8845.382586,7367.981439,12121.739130,7846.365105,9211.413043,8002.948403,-0.057451,0.250698,0.120862,0.312686,0.032738,0.108494,-0.027201
845250,78.2711,32,Middle_C5_Open,Middle,open,5,0.2711,Middle cycle 5: OPEN,2991,2945,2785,3194,2844,3012,2886,9211.413043,8706.956522,7228.244275,12052.830189,7729.496403,9455.955679,8116.129032,-0.059787,0.231125,0.099604,0.305224,0.017356,0.137922,-0.013443
845300,78.3261,32,Middle_C5_Open,Middle,open,5,0.3261,Middle cycle 5: OPEN,2990,2933,2801,3168,2856,3008,2884,9200.000000,8581.927711,7359.659969,11619.417476,7837.288136,9408.647654,8097.109827,-0.060952,0.213446,0.119596,0.258289,0.031544,0.132229,-0.015755
845350,78.4813,32,Middle_C5_Open,Middle,open,5,0.4813,Middle cycle 5: OPEN,3001,2941,2800,3189,2849,2996,2876,9326.691042,8664.991334,7351.351351,11967.549669,7774.157303,9268.789809,8021.657096,-0.048021,0.225191,0.118332,0.295989,0.023234,0.115398,-0.024927
845400,78.4814,32,Middle_C5_Open,Middle,open,5,0.4814,Middle cycle 5: OPEN,3003,2941,2800,3148,2844,3002,2884,9350.000000,8664.991334,7351.351351,11302.217529,7729.496403,9338.334858,8097.109827,-0.045641,0.225191,0.118332,0.223939,0.017356,0.123767,-0.015755
845450,78.4814,32,Middle_C5_Open,Middle,open,5,0.4814,Middle cycle 5: OPEN,2989,2939,2810,3179,2854,3005,2882,9188.607595,8644.117647,7435.019455,11799.781659,7819.178082,9373.394495,8078.153339,-0.062115,0.222240,0.131060,0.277821,0.029160,0.127986,-0.018060
845500,78.5129,32,Middle_C5_Open,Middle,open,5,0.5129,Middle cycle 5: OPEN,3000,2943,2803,3179,2852,2985,2872,9315.068493,8685.937500,7376.315789,11799.781659,7801.126307,9143.243243,7984.300899,-0.049207,0.228153,0.122130,0.277821,0.026784,0.100290,-0.029468
845550,78.5784,32,Middle_C5_Open,Middle,open,5,0.5784,Middle cycle 5: OPEN,3001,2942,2797,3158,2843,2999,2881,9326.691042,8675.455334,7326.502311,11459.124867,7720.607029,9303.467153,8068.698517,-0.048021,0.226671,0.114552,0.240930,0.016186,0.119571,-0.019209
845600,78.7186,32,Middle_C5_Open,Middle,open,5,0.7186,Middle cycle 5: OPEN,2995,2933,2812,3157,2854,3002,2880,9257.272727,8581.927711,7451.909587,11443.283582,7819.178082,9338.334858,8059.259259,-0.055106,0.213446,0.133630,0.239215,0.029160,0.123767,-0.020356
845650,78.7187,32,Middle_C5_Open,Middle,open,5,0.7187,Middle cycle 5: OPEN,2993,2935,2810,3153,2851,2979,2874,9234.301270,8602.586207,7435.019455,11380.254777,7792.122186,9075.806452,8002.948403,-0.057451,0.216367,0.131060,0.232389,0.025599,0.092175,-0.027201
845700,78.7187,32,Middle_C5_Open,Middle,open,5,0.7187,Middle cycle 5: OPEN,2984,2933,2812,3123,2841,2983,2881,9131.953195,8581.927711,7451.909587,10924.074074,7702.870813,9120.683453,8068.698517,-0.067898,0.213446,0.133630,0.182989,0.013852,0.097575,-0.019209
845750,78.7831,32,Middle_C5_Open,Middle,open,5,0.7831,Middle cycle 5: OPEN,2980,2931,2830,3153,2848,2974,2881,9086.995516,8561.340206,7606.324111,11380.254777,7765.196472,9020.160571,8068.698517,-0.072486,0.210535,0.157120,0.232389,0.022055,0.085478,-0.019209
845800,78.8158,32,Middle_C5_Open,Middle,open,5,0.8158,Middle cycle 5: OPEN,2989,2929,2820,3164,2843,2959,2871,9188.607595,8540.823328,7520.000000,11554.887218,7720.607029,8856.161972,7975.000000,-0.062115,0.207634,0.143988,0.251301,0.016186,0.065743,-0.030598
845850,78.9873,32,Middle_C5_Open,Middle,open,5,0.9873,Middle cycle 5: OPEN,2985,2949,2801,3191,2846,3001,2881,9143.243243,8749.214660,7359.659969,12001.548673,7747.317854,9326.691042,8068.698517,-0.066745,0.237100,0.119596,0.299670,0.019702,0.122366,-0.019209
845900,78.9873,32,Middle_C5_Open,Middle,open,5,0.9873,Middle cycle 5: OPEN,2974,2962,2828,3179,2850,2990,2880,9020.160571,8888.614298,7588.950276,11799.781659,7783.132530,9200.000000,8059.259259,-0.079308,0.256810,0.154477,0.277821,0.024416,0.107120,-0.020356
845950,78.9979,32,Middle_C5_Open,Middle,open,5,0.9979,Middle cycle 5: OPEN,2991,2951,2805,3175,2849,2979,2878,9211.413043,8770.454545,7393.023256,11733.695652,7774.157303,9075.806452,8040.427280,-0.059787,0.240103,0.124671,0.270664,0.023234,0.092175,-0.022645
846000,79.0082,32,Middle_C5_Open,Middle,open,5,1.0082,Middle cycle 5: OPEN,3003,2952,2819,3185,2836,2971,2895,9350.000000,8781.102362,7511.442006,11900.000000,7658.776807,8987.010676,8202.500000,-0.045641,0.241609,0.142686,0.288674,0.008048,0.081489,-0.002945
846050,79.0725,32,Middle_C5_Open,Middle,open,5,1.0725,Middle cycle 5: OPEN,2989,2969,2847,3225,2858,3009,2897,9188.607595,8965.008881,7756.250000,12603.448276,7855.456750,9420.441989,8221.869783,-0.062115,0.267612,0.179928,0.364851,0.033935,0.133648,-0.000590
846100,79.2375,32,Middle_C5_Open,Middle,open,5,1.2375,Middle cycle 5: OPEN,2994,2974,2877,3272,2855,3002,2893,9245.776567,9020.160571,8031.034483,13517.375456,7828.225806,9338.334858,8183.194676,-0.056280,0.275410,0.221730,0.463822,0.030351,0.123767,-0.005291
846150,79.2376,32,Middle_C5_Open,Middle,open,5,1.2376,Middle cycle 5: OPEN,2990,2958,2869,3232,2854,3015,2897,9200.000000,8845.382586,7956.443719,12733.256083,7819.178082,9491.666667,8221.869783,-0.060952,0.250698,0.210382,0.378908,0.029160,0.142219,-0.000590
846200,79.2376,32,Middle_C5_Open,Middle,open,5,1.2376,Middle cycle 5: OPEN,2974,2949,2912,3265,2863,3021,2896,9020.160571,8749.214660,8369.230769,13374.698795,7901.136364,9563.687151,8212.176814,-0.079308,0.237100,0.273178,0.448372,0.039947,0.150886,-0.001768
846250,79.2811,32,Middle_C5_Open,Middle,open,5,1.2811,Middle cycle 5: OPEN,2987,2978,2930,3226,2868,2980,2888,9165.884477,9064.637422,8551.072961,12621.864212,7947.188264,9086.995516,8135.211268,-0.064434,0.281699,0.300841,0.366846,0.046009,0.093521,-0.011124
846300,79.3468,32,Middle_C5_Open,Middle,open,5,1.3468,Middle cycle 5: OPEN,2987,2993,2917,3184,2862,3003,2896,9165.884477,9234.301270,8419.185059,11883.205269,7891.970803,9350.000000,8212.176814,-0.064434,0.305689,0.280777,0.286855,0.038741,0.125171,-0.001768
846350,79.4907,32,Middle_C5_Open,Middle,open,5,1.4907,Middle cycle 5: OPEN,2989,2999,2915,3245,2877,2992,2895,9188.607595,9303.467153,8399.152542,12980.000000,8031.034483,9222.846782,8202.500000,-0.062115,0.315469,0.277730,0.405629,0.057045,0.109869,-0.002945
846400,79.4907,32,Middle_C5_Open,Middle,open,5,1.4907,Middle cycle 5: OPEN,3012,2993,2968,3272,2869,2986,2884,9455.955679,9234.301270,8954.037267,13517.375456,7956.443719,9154.553652,8097.109827,-0.034827,0.305689,0.362142,0.463822,0.047227,0.101651,-0.015755
846450,79.4907,32,Middle_C5_Open,Middle,open,5,1.4907,Middle cycle 5: OPEN,3008,2996,2932,3263,2873,3010,2895,9408.647654,9268.789809,8571.625107,13334.375000,7993.617021,9432.258065,8202.500000,-0.039655,0.310565,0.303968,0.444005,0.052120,0.135070,-0.002945
846500,79.5227,32,Middle_C5_Open,Middle,open,5,1.5227,Middle cycle 5: OPEN,3011,2990,2945,3206,2877,2994,2892,9444.095941,9200.000000,8706.956522,12261.417323,8031.034483,9245.776567,8173.566085,-0.036037,0.300839,0.324555,0.327812,0.057045,0.112629,-0.006462
846550,79.5667,32,Middle_C5_Open,Middle,open,5,1.5667,Middle cycle 5: OPEN,3023,2992,2914,3202,2876,2985,2886,9587.873134,9222.846782,8389.161727,12191.265398,8021.657096,9143.243243,8116.129032,-0.021362,0.304069,0.276210,0.320215,0.055810,0.100290,-0.013443
846600,79.7477,32,Middle_C5_Open,Middle,open,5,1.7477,Middle cycle 5: OPEN,3019,2987,2914,3231,2865,3006,2895,9539.591078,9165.884477,8389.161727,12714.583333,7919.512195,9385.123967,8202.500000,-0.026290,0.296015,0.276210,0.376886,0.042366,0.129398,-0.002945
846650,79.7477,32,Middle_C5_Open,Middle,open,5,1.7477,Middle cycle 5: OPEN,3007,2976,2921,3283,2872,3003,2890,9396.875000,9042.359249,8459.454855,13746.551724,7984.300899,9350.000000,8154.356846,-0.040857,0.278549,0.286904,0.488640,0.050894,0.125171,-0.008797
846700,79.7478,32,Middle_C5_Open,Middle,open,5,1.7478,Middle cycle 5: OPEN,3007,2975,2925,3233,2867,2995,2877,9396.875000,9031.250000,8500.000000,12751.972158,7937.947883,9257.272727,8031.034483,-0.040857,0.276978,0.293072,0.380935,0.044793,0.114012,-0.023787
846750,79.7579,32,Middle_C5_Open,Middle,open,5,1.7579,Middle cycle 5: OPEN,3006,2970,2924,3247,2867,2997,2895,9385.123967,8976.000000,8489.837746,13018.632075,7937.947883,9280.327869,8202.500000,-0.042056,0.269166,0.291526,0.409812,0.044793,0.116787,-0.002945
846800,79.8231,32,Middle_C5_Open,Middle,open,5,1.8231,Middle cycle 5: OPEN,3009,2974,2940,3269,2877,2986,2895,9420.441989,9020.160571,8654.545455,13455.932203,8031.034483,9154.553652,8202.500000,-0.038451,0.275410,0.316582,0.457168,0.057045,0.101651,-0.002945
846850,80.0073,33,Middle_C5_Bend,Middle,bend,5,0.0073,Middle cycle 5: BEND Middle,3024,2977,2941,3202,2866,2988,2880,9600.000000,9053.488372,8664.991334,12191.265398,7928.722539,9177.235772,8059.259259,-0.020124,0.280123,0.318171,0.320215,0.043578,0.104381,-0.020356
846900,80.0075,33,Middle_C5_Bend,Middle,bend,5,0.0075,Middle cycle 5: BEND Middle,3029,2984,2933,3218,2861,2985,2896,9660.975610,9131.953195,8581.927711,12475.712657,7882.820097,9143.243243,8212.176814,-0.013900,0.291217,0.305535,0.351019,0.037537,0.100290,-0.001768
846950,80.0076,33,Middle_C5_Bend,Middle,bend,5,0.0076,Middle cycle 5: BEND Middle,3020,2988,2924,3208,2864,2989,2892,9551.627907,9177.235772,8489.837746,12296.730552,7910.316816,9188.607595,8173.566085,-0.025061,0.297620,0.291526,0.331636,0.041156,0.105749,-0.006462
847000,80.0182,33,Middle_C5_Bend,Middle,bend,5,0.0182,Middle cycle 5: BEND Middle,3013,3020,2940,3203,2863,2985,2878,9467.837338,9551.627907,8654.545455,12208.744395,7901.136364,9143.243243,8040.427280,-0.033614,0.350557,0.316582,0.322108,0.039947,0.100290,-0.022645
847050,80.0723,33,Middle_C5_Bend,Middle,bend,5,0.0723,Middle cycle 5: BEND Middle,3003,2992,2907,3223,2853,2983,2888,9350.000000,9222.846782,8319.696970,12566.743119,7810.144928,9120.683453,8135.211268,-0.045641,0.304069,0.265643,0.360876,0.027971,0.097575,-0.011124
847100,80.2772,33,Middle_C5_Bend,Middle,bend,5,0.2772,Middle cycle 5: BEND Middle,3001,2990,2912,3227,2866,2997,2888,9326.691042,9200.000000,8369.230769,12640.322581,7928.722539,9280.327869,8135.211268,-0.048021,0.300839,0.273178,0.368845,0.043578,0.116787,-0.011124
847150,80.2773,33,Middle_C5_Bend,Middle,bend,5,0.2773,Middle cycle 5: BEND Middle,3004,2987,2905,3231,2864,2981,2879,9361.686526,9165.884477,8300.000000,12714.583333,7910.316816,9098.204668,8049.835526,-0.044449,0.296015,0.262646,0.376886,0.041156,0.094870,-0.021502
847200,80.2773,33,Middle_C5_Bend,Middle,bend,5,0.2773,Middle cycle 5: BEND Middle,3007,2983,2889,3218,2859,2989,2887,9396.875000,9120.683453,8144.776119,12475.712657,7864.563107,9188.607595,8125.662252,-0.040857,0.289624,0.239033,0.351019,0.035134,0.105749,-0.012285
847250,80.2774,33,Middle_C5_Bend,Middle,bend,5,0.2774,Middle cycle 5: BEND Middle,2995,2992,2914,3264,2867,2993,2886,9257.272727,9222.846782,8389.161727,13354.512635,7937.947883,9234.301270,8116.129032,-0.055106,0.304069,0.276210,0.446186,0.044793,0.111248,-0.013443
847300,80.3315,33,Middle_C5_Bend,Middle,bend,5,0.3315,Middle cycle 5: BEND Middle,2997,2990,2910,3261,2870,2975,2877,9280.327869,9200.000000,8349.367089,13294.244604,7965.714286,9031.250000,8031.034483,-0.052753,0.300839,0.270156,0.439659,0.048447,0.086813,-0.023787
847350,80.3755,33,Middle_C5_Bend,Middle,bend,5,0.3755,Middle cycle 5: BEND Middle,2996,2992,2908,3253,2863,2978,2883,9268.789809,9222.846782,8329.570345,13135.629454,7901.136364,9064.637422,8087.623762,-0.053931,0.304069,0.267145,0.422482,0.039947,0.090831,-0.016908
847400,80.5299,33,Middle_C5_Bend,Middle,bend,5,0.5299,Middle cycle 5: BEND Middle,2992,2979,2931,3237,2870,2977,2882,9222.846782,9075.806452,8561.340206,12827.272727,7965.714286,9053.488372,8078.153339,-0.058620,0.283278,0.302403,0.389090,0.048447,0.089489,-0.018060
847450,80.5300,33,Middle_C5_Bend,Middle,bend,5,0.5300,Middle cycle 5: BEND Middle,2995,2980,2899,3211,2869,2973,2871,9257.272727,9086.995516,8241.304348,12350.000000,7956.443719,9009.090909,7975.000000,-0.055106,0.284861,0.253717,0.337405,0.047227,0.084146,-0.030598
847500,80.5300,33,Middle_C5_Bend,Middle,bend,5,0.5300,Middle cycle 5: BEND Middle,2992,2980,2881,3171,2868,2983,2883,9222.846782,9086.995516,8068.698517,11668.181818,7947.188264,9120.683453,8087.623762,-0.058620,0.284861,0.227459,0.263570,0.046009,0.097575,-0.016908
847550,80.5724,33,Middle_C5_Bend,Middle,bend,5,0.5724,Middle cycle 5: BEND Middle,2983,2973,2926,3207,2867,2989,2881,9120.683453,9009.090909,8510.179641,12279.054054,7937.947883,9188.607595,8068.698517,-0.069048,0.273845,0.294620,0.329722,0.044793,0.105749,-0.019209
847600,80.6162,33,Middle_C5_Bend,Middle,bend,5,0.6162,Middle cycle 5: BEND Middle,2980,2977,2894,3235,2864,2982,2875,9086.995516,9053.488372,8192.839301,12789.534884,7910.316816,9109.433962,8012.295082,-0.072486,0.280123,0.246344,0.385003,0.041156,0.096221,-0.026065
847650,80.7644,33,Middle_C5_Bend,Middle,bend,5,0.7644,Middle cycle 5: BEND Middle,2984,2981,2891,3216,2859,2969,2883,9131.953195,9098.204668,8163.953488,12439.590444,7864.563107,8965.008881,8087.623762,-0.067898,0.286445,0.241950,0.347107,0.035134,0.078841,-0.016908
847700,80.7645,33,Middle_C5_Bend,Middle,bend,5,0.7645,Middle cycle 5: BEND Middle,2970,2964,2901,3291,2866,2974,2883,8976.000000,8910.344828,8260.804020,13917.164179,7928.722539,9020.160571,8087.623762,-0.083816,0.259883,0.256684,0.507116,0.043578,0.085478,-0.016908
847750,80.7867,33,Middle_C5_Bend,Middle,bend,5,0.7867,Middle cycle 5: BEND Middle,2985,2963,2908,3263,2866,2948,2879,9143.243243,8899.469965,8329.570345,13334.375000,7928.722539,8738.622493,8049.835526,-0.066745,0.258345,0.267145,0.444005,0.043578,0.051598,-0.021502
847800,80.8082,33,Middle_C5_Bend,Middle,bend,5,0.8082,Middle cycle 5: BEND Middle,2984,2950,2896,3249,2858,2959,2888,9131.953195,8759.825328,8212.176814,13057.446809,7855.456750,8856.161972,8135.211268,-0.067898,0.238600,0.249286,0.414016,0.033935,0.065743,-0.011124
847850,80.8748,33,Middle_C5_Bend,Middle,bend,5,0.8748,Middle cycle 5: BEND Middle,2969,2954,2885,3247,2870,2965,2887,8965.008881,8802.453988,8106.611570,13018.632075,7965.714286,8921.238938,8125.662252,-0.084938,0.244628,0.233227,0.409812,0.048447,0.073574,-0.012285
847900,81.0439,33,Middle_C5_Bend,Middle,bend,5,1.0439,Middle cycle 5: BEND Middle,2983,2959,2869,3262,2867,2945,2879,9120.683453,8856.161972,7956.443719,13314.285714,7937.947883,8706.956522,8049.835526,-0.069048,0.252222,0.210382,0.441829,0.044793,0.047788,-0.021502
847950,81.0440,33,Middle_C5_Bend,Middle,bend,5,1.0440,Middle cycle 5: BEND Middle,2983,2958,2852,3260,2863,2959,2888,9120.683453,8845.382586,7801.126307,13274.251497,7901.136364,8856.161972,8135.211268,-0.069048,0.250698,0.186755,0.437494,0.039947,0.065743,-0.011124
848000,81.0440,33,Middle_C5_Bend,Middle,bend,5,1.0440,Middle cycle 5: BEND Middle,2974,2952,2879,3208,2875,2964,2888,9020.160571,8781.102362,8049.835526,12296.730552,8012.295082,8910.344828,8135.211268,-0.079308,0.241609,0.224590,0.331636,0.054578,0.072263,-0.011124
848050,81.0758,33,Middle_C5_Bend,Middle,bend,5,1.0758,Middle cycle 5: BEND Middle,2987,2959,2858,3236,2876,2952,2880,9165.884477,8856.161972,7855.456750,12808.381839,8021.657096,8781.102362,8059.259259,-0.064434,0.252222,0.195020,0.387044,0.055810,0.056710,-0.020356
848100,81.1083,33,Middle_C5_Bend,Middle,bend,5,1.1083,Middle cycle 5: BEND Middle,2990,2953,2858,3221,2870,2953,2891,9200.000000,8791.768827,7855.456750,12530.205950,7965.714286,8791.768827,8163.953488,-0.060952,0.243117,0.195020,0.356920,0.048447,0.057994,-0.007630
848150,81.2812,33,Middle_C5_Bend,Middle,bend,5,1.2812,Middle cycle 5: BEND Middle,2986,2940,2886,3236,2877,2947,2892,9154.553652,8654.545455,8116.129032,12808.381839,8031.034483,8728.048780,8173.566085,-0.065591,0.223714,0.234675,0.387044,0.057045,0.050326,-0.006462
848200,81.2812,33,Middle_C5_Bend,Middle,bend,5,1.2812,Middle cycle 5: BEND Middle,2991,2954,2931,3276,2876,2995,2881,9211.413043,8802.453988,8561.340206,13600.000000,8021.657096,9257.272727,8068.698517,-0.059787,0.244628,0.302403,0.472770,0.055810,0.114012,-0.019209
848250,81.2813,33,Middle_C5_Bend,Middle,bend,5,1.2813,Middle cycle 5: BEND Middle,2980,2940,2941,3293,2866,3024,2885,9086.995516,8654.545455,8664.991334,13960.349127,7928.722539,9600.000000,8106.611570,-0.072486,0.223714,0.318171,0.511793,0.043578,0.155256,-0.014600
848300,81.3235,33,Middle_C5_Bend,Middle,bend,5,1.3235,Middle cycle 5: BEND Middle,3003,2940,2987,3297,2875,3019,2884,9350.000000,8654.545455,9165.884477,14047.368421,8012.295082,9539.591078,8097.109827,-0.045641,0.223714,0.394370,0.521216,0.054578,0.147986,-0.015755
848350,81.3677,33,Middle_C5_Bend,Middle,bend,5,1.3677,Middle cycle 5: BEND Middle,3009,2956,2927,3284,2867,2986,2876,9420.441989,8823.880597,8520.376712,13767.694205,7937.947883,9154.553652,8021.657096,-0.038451,0.247657,0.296171,0.490930,0.044793,0.101651,-0.024927
848400,81.5508,33,Middle_C5_Bend,Middle,bend,5,1.5508,Middle cycle 5: BEND Middle,2993,2955,2898,3243,2866,3026,2891,9234.301270,8813.157895,8231.578947,12941.549296,7928.722539,9624.321796,8163.953488,-0.057451,0.246141,0.252238,0.401465,0.043578,0.158183,-0.007630
848450,81.5509,33,Middle_C5_Bend,Middle,bend,5,1.5509,Middle cycle 5: BEND Middle,2986,2935,2902,3308,2875,3009,2896,9154.553652,8602.586207,8270.578374,14291.232529,8012.295082,9420.441989,8212.176814,-0.065591,0.216367,0.258170,0.547625,0.054578,0.133648,-0.001768
848500,81.5509,33,Middle_C5_Bend,Middle,bend,5,1.5509,Middle cycle 5: BEND Middle,2993,2958,2926,3317,2874,3038,2886,9234.301270,8845.382586,8510.179641,14495.886889,8002.948403,9772.185430,8116.129032,-0.057451,0.250698,0.294620,0.569787,0.053348,0.175976,-0.013443
848550,81.5616,33,Middle_C5_Bend,Middle,bend,5,1.5616,Middle cycle 5: BEND Middle,2992,2982,2890,3234,2855,3021,2886,9222.846782,9109.433962,8154.356846,12770.731707,7828.225806,9563.687151,8116.129032,-0.058620,0.288033,0.240490,0.382967,0.030351,0.150886,-0.013443
848600,81.6272,33,Middle_C5_Bend,Middle,bend,5,1.6272,Middle cycle 5: BEND Middle,2983,2983,2894,3287,2866,3027,2885,9120.683453,9120.683453,8192.839301,13831.435644,7928.722539,9636.516854,8106.611570,-0.069048,0.289624,0.246344,0.497832,0.043578,0.159650,-0.014600
848650,81.8072,33,Middle_C5_Bend,Middle,bend,5,1.8072,Middle cycle 5: BEND Middle,2980,2956,2869,3266,2870,3017,2881,9086.995516,8823.880597,7956.443719,13394.933655,7965.714286,9515.584416,8068.698517,-0.072486,0.247657,0.210382,0.450563,0.048447,0.145097,-0.019209
848700,81.8073,33,Middle_C5_Bend,Middle,bend,5,1.8073,Middle cycle 5: BEND Middle,2974,2942,2865,3268,2852,3043,2884,9020.160571,8675.455334,7919.512195,13435.550181,7801.126307,9834.790875,8097.109827,-0.079308,0.226671,0.204764,0.454961,0.026784,0.183510,-0.015755
848750,81.8073,33,Middle_C5_Bend,Middle,bend,5,1.8073,Middle cycle 5: BEND Middle,2968,2933,2896,3251,2862,3006,2883,8954.037267,8581.927711,8212.176814,13096.445498,7891.970803,9385.123967,8087.623762,-0.086058,0.213446,0.249286,0.418239,0.038741,0.129398,-0.016908
848800,81.8175,33,Middle_C5_Bend,Middle,bend,5,1.8175,Middle cycle 5: BEND Middle,2981,2929,2885,3231,2867,2982,2870,9098.204668,8540.823328,8106.611570,12714.583333,7937.947883,9109.433962,7965.714286,-0.071342,0.207634,0.233227,0.376886,0.044793,0.096221,-0.031727
848850,81.8615,33,Middle_C5_Bend,Middle,bend,5,1.8615,Middle cycle 5: BEND Middle,2982,2909,2882,3233,2861,2987,2881,9109.433962,8339.460371,8078.153339,12751.972158,7882.820097,9165.884477,8068.698517,-0.070196,0.179162,0.228898,0.380935,0.037537,0.103015,-0.019209
848900,81.9155,33,Middle_C5_Bend,Middle,bend,5,1.9155,Middle cycle 5: BEND Middle,2964,2902,2891,3249,2863,3010,2881,8910.344828,8270.578374,8163.953488,13057.446809,7901.136364,9432.258065,8068.698517,-0.090517,0.169423,0.241950,0.414016,0.039947,0.135070,-0.019209
848950,82.0702,34,Ring_Prep_Open,Ring,prep_open,0,0.0702,OPEN HAND - prepare for Ring,2974,2905,2874,3223,2866,2996,2872,9020.160571,8300.000000,8002.948403,12566.743119,7928.722539,9268.789809,7984.300899,-0.079308,0.173583,0.217457,0.360876,0.043578,0.115398,-0.029468
849000,82.0706,34,Ring_Prep_Open,Ring,prep_open,0,0.0706,OPEN HAND - prepare for Ring,2977,2900,2866,3208,2850,2966,2881,9053.488372,8251.046025,7928.722539,12296.730552,7783.132530,8932.152347,8068.698517,-0.075907,0.166661,0.206165,0.331636,0.024416,0.074888,-0.019209
849050,82.0817,34,Ring_Prep_Open,Ring,prep_open,0,0.0817,OPEN HAND - prepare for Ring,2968,2893,2849,3182,2862,2961,2880,8954.037267,8183.194676,7774.157303,11849.726177,7891.970803,8877.777778,8059.259259,-0.086058,0.157067,0.182652,0.283229,0.038741,0.068344,-0.020356
849100,82.1369,34,Ring_Prep_Open,Ring,prep_open,0,0.1369,OPEN HAND - prepare for Ring,2974,2895,2863,3172,2864,2965,2870,9020.160571,8202.500000,7901.136364,11684.507042,7910.316816,8921.238938,7965.714286,-0.079308,0.159797,0.201969,0.265337,0.041156,0.073574,-0.031727
849150,82.3197,34,Ring_Prep_Open,Ring,prep_open,0,0.3197,OPEN HAND - prepare for Ring,2969,2897,2849,3161,2857,2969,2880,8965.008881,8221.869783,7774.157303,11506.852248,7846.365105,8965.008881,8059.259259,-0.084938,0.162536,0.182652,0.246099,0.032738,0.078841,-0.020356
849200,82.3197,34,Ring_Prep_Open,Ring,prep_open,0,0.3197,OPEN HAND - prepare for Ring,2961,2891,2853,3174,2862,2978,2880,8877.777778,8163.953488,7810.144928,11717.263844,7891.970803,9064.637422,8059.259259,-0.093841,0.154347,0.188127,0.268885,0.038741,0.090831,-0.020356
849250,82.3198,34,Ring_Prep_Open,Ring,prep_open,0,0.3198,OPEN HAND - prepare for Ring,2969,2903,2833,3171,2859,2985,2868,8965.008881,8280.369128,7632.488114,11668.181818,7864.563107,9143.243243,7947.188264,-0.084938,0.170807,0.161100,0.263570,0.035134,0.100290,-0.033979
849300,82.3198,34,Ring_Prep_Open,Ring,prep_open,0,0.3198,OPEN HAND - prepare for Ring,2975,2898,2825,3142,2854,2989,2880,9031.250000,8231.578947,7562.992126,11209.653725,7819.178082,9188.607595,8059.259259,-0.078176,0.163908,0.150528,0.213915,0.029160,0.105749,-0.020356
849350,82.3744,34,Ring_Prep_Open,Ring,prep_open,0,0.3744,OPEN HAND - prepare for Ring,2960,2893,2848,3128,2863,2968,2878,8866.960352,8183.194676,7765.196472,10998.138573,7901.136364,8954.037267,8040.427280,-0.094946,0.157067,0.181289,0.191009,0.039947,0.077521,-0.022645
849400,82.4187,34,Ring_Prep_Open,Ring,prep_open,0,0.4187,OPEN HAND - prepare for Ring,2961,2894,2837,3125,2862,2961,2868,8877.777778,8192.839301,7667.567568,10953.608247,7891.970803,8877.777778,7947.188264,-0.093841,0.158431,0.166437,0.186187,0.038741,0.068344,-0.033979
849450,82.5711,34,Ring_Prep_Open,Ring,prep_open,0,0.5711,OPEN HAND - prepare for Ring,2958,2889,2824,3090,2855,2959,2878,8845.382586,8144.776119,7554.366640,10453.731343,7828.225806,8856.161972,8040.427280,-0.097148,0.151635,0.149216,0.132054,0.030351,0.065743,-0.022645
849500,82.5711,34,Ring_Prep_Open,Ring,prep_open,0,0.5711,OPEN HAND - prepare for Ring,2950,2885,2839,3117,2864,2960,2876,8759.825328,8106.611570,7685.191083,10836.196319,7910.316816,8866.960352,8021.657096,-0.105881,0.146239,0.169118,0.173472,0.041156,0.067042,-0.024927
849550,82.5819,34,Ring_Prep_Open,Ring,prep_open,0,0.5819,OPEN HAND - prepare for Ring,2960,2889,2817,3118,2863,2961,2865,8866.960352,8144.776119,7494.366197,10850.767656,7901.136364,8877.777778,7919.512195,-0.094946,0.151635,0.140088,0.175050,0.039947,0.068344,-0.037343
849600,82.6257,34,Ring_Prep_Open,Ring,prep_open,0,0.6257,OPEN HAND - prepare for Ring,2956,2887,2810,3109,2853,2964,2878,8823.880597,8125.662252,7435.019455,10720.689655,7810.144928,8910.344828,8040.427280,-0.099343,0.148932,0.131060,0.160964,0.027971,0.072263,-0.022645
849650,82.6689,34,Ring_Prep_Open,Ring,prep_open,0,0.6689,OPEN HAND - prepare for Ring,2944,2884,2816,3145,2861,2960,2876,8696.437880,8097.109827,7485.848319,11255.789474,7882.820097,8866.960352,8021.657096,-0.112351,0.144895,0.138793,0.218911,0.037537,0.067042,-0.024927
849700,82.8236,34,Ring_Prep_Open,Ring,prep_open,0,0.8236,OPEN HAND - prepare for Ring,2959,2890,2813,3155,2861,2952,2867,8856.161972,8154.356846,7460.374415,11411.702128,7882.820097,8781.102362,7937.947883,-0.096048,0.152990,0.134917,0.235795,0.037537,0.056710,-0.035102
849750,82.8236,34,Ring_Prep_Open,Ring,prep_open,0,0.8236,OPEN HAND - prepare for Ring,2958,2892,2811,3141,2854,2950,2878,8845.382586,8173.566085,7443.457944,11194.339623,7819.178082,8759.825328,8040.427280,-0.097148,0.155706,0.132344,0.212256,0.029160,0.054150,-0.022645
849800,82.8237,34,Ring_Prep_Open,Ring,prep_open,0,0.8237,OPEN HAND - prepare for Ring,2947,2886,2817,3161,2868,2962,2880,8728.048780,8116.129032,7494.366197,11506.852248,7947.188264,8888.614298,8059.259259,-0.109124,0.147584,0.140088,0.246099,0.046009,0.069648,-0.020356
849850,82.9003,34,Ring_Prep_Open,Ring,prep_open,0,0.9003,OPEN HAND - prepare for Ring,2952,2890,2793,3169,2865,2949,2868,8781.102362,8154.356846,7293.548387,11635.637149,7919.512195,8749.214660,7947.188264,-0.103709,0.152990,0.109539,0.260045,0.042366,0.052873,-0.033979
849900,82.9211,34,Ring_Prep_Open,Ring,prep_open,0,0.9211,OPEN HAND - prepare for Ring,2948,2896,2794,3140,2859,2954,2885,8738.622493,8212.176814,7301.767871,11179.057592,7864.563107,8802.453988,8106.611570,-0.108045,0.161165,0.110789,0.210601,0.035134,0.059280,-0.014600
849950,83.0696,34,Ring_Prep_Open,Ring,prep_open,0,1.0696,OPEN HAND - prepare for Ring,2945,2899,2814,3151,2864,2947,2885,8706.956522,8241.304348,7468.852459,11348.940678,7910.316816,8728.048780,8106.611570,-0.111277,0.165284,0.136207,0.228998,0.041156,0.050326,-0.014600
850000,83.0697,34,Ring_Prep_Open,Ring,prep_open,0,1.0697,OPEN HAND - prepare for Ring,2958,2892,2803,3169,2865,2938,2875,8845.382586,8173.566085,7376.315789,11635.637149,7919.512195,8633.707865,8012.295082,-0.097148,0.155706,0.122130,0.260045,0.042366,0.038973,-0.026065
850050,83.0697,34,Ring_Prep_Open,Ring,prep_open,0,1.0697,OPEN HAND - prepare for Ring,2961,2896,2810,3177,2859,2976,2892,8877.777778,8212.176814,7435.019455,11766.666667,7864.563107,9042.359249,8173.566085,-0.093841,0.161165,0.131060,0.274235,0.035134,0.088150,-0.006462
850100,83.1240,34,Ring_Prep_Open,Ring,prep_open,0,1.1240,OPEN HAND - prepare for Ring,2956,2893,2829,3190,2863,2962,2892,8823.880597,8183.194676,7597.630332,11984.530387,7901.136364,8888.614298,8173.566085,-0.099343,0.157067,0.155798,0.297828,0.039947,0.069648,-0.006462
850150,83.1681,34,Ring_Prep_Open,Ring,prep_open,0,1.1681,OPEN HAND - prepare for Ring,2964,2891,2814,3254,2863,2950,2880,8910.344828,8163.953488,7468.852459,13155.291320,7901.136364,8759.825328,8059.259259,-0.090517,0.154347,0.136207,0.424611,0.039947,0.054150,-0.020356
850200,83.3385,34,Ring_Prep_Open,Ring,prep_open,0,1.3385,OPEN HAND - prepare for Ring,2959,2892,2817,3217,2853,3004,2888,8856.161972,8173.566085,7494.366197,12457.630979,7810.144928,9361.686526,8135.211268,-0.096048,0.155706,0.140088,0.349060,0.027971,0.126577,-0.011124
850250,83.3386,34,Ring_Prep_Open,Ring,prep_open,0,1.3386,OPEN HAND - prepare for Ring,2947,2888,2886,3218,2862,3009,2884,8728.048780,8135.211268,8116.129032,12475.712657,7891.970803,9420.441989,8097.109827,-0.109124,0.150282,0.234675,0.351019,0.038741,0.133648,-0.015755
850300,83.3386,34,Ring_Prep_Open,Ring,prep_open,0,1.3386,OPEN HAND - prepare for Ring,2966,2897,2887,3230,2862,2992,2868,8932.152347,8221.869783,8125.662252,12695.953757,7891.970803,9222.846782,7947.188264,-0.088291,0.162536,0.236125,0.374869,0.038741,0.109869,-0.033979
850350,83.3706,34,Ring_Prep_Open,Ring,prep_open,0,1.3706,OPEN HAND - prepare for Ring,2969,2912,2897,3269,2860,2987,2882,8965.008881,8369.230769,8221.869783,13455.932203,7873.684211,9165.884477,8078.153339,-0.084938,0.183372,0.250761,0.457168,0.036334,0.103015,-0.018060
850400,83.4030,34,Ring_Prep_Open,Ring,prep_open,0,1.4030,OPEN HAND - prepare for Ring,2966,2917,2928,3235,2868,2979,2880,8932.152347,8419.185059,8530.591260,12789.534884,7947.188264,9075.806452,8059.259259,-0.088291,0.190435,0.297725,0.385003,0.046009,0.092175,-0.020356
850450,83.5897,34,Ring_Prep_Open,Ring,prep_open,0,1.5897,OPEN HAND - prepare for Ring,2977,2911,2930,3219,2864,2977,2875,9053.488372,8359.290541,8551.072961,12493.835616,7910.316816,9053.488372,8012.295082,-0.075907,0.181966,0.300841,0.352981,0.041156,0.089489,-0.026065
850500,83.5897,34,Ring_Prep_Open,Ring,prep_open,0,1.5897,OPEN HAND - prepare for Ring,2975,2900,2895,3193,2850,2983,2885,9031.250000,8251.046025,8202.500000,12035.698448,7783.132530,9120.683453,8106.611570,-0.078176,0.166661,0.247814,0.303369,0.024416,0.097575,-0.014600
850550,83.5898,34,Ring_Prep_Open,Ring,prep_open,0,1.5898,OPEN HAND - prepare for Ring,2978,2903,2927,3207,2862,3000,2882,9064.637422,8280.369128,8520.376712,12279.054054,7891.970803,9315.068493,8078.153339,-0.074769,0.170807,0.296171,0.329722,0.038741,0.120967,-0.018060
850600,83.6330,34,Ring_Prep_Open,Ring,prep_open,0,1.6330,OPEN HAND - prepare for Ring,3006,2912,2893,3173,2860,2975,2876,9385.123967,8369.230769,8183.194676,11700.867679,7873.684211,9031.250000,8021.657096,-0.042056,0.183372,0.244877,0.267109,0.036334,0.086813,-0.024927
850650,83.6656,34,Ring_Prep_Open,Ring,prep_open,0,1.6656,OPEN HAND - prepare for Ring,3030,2901,2882,3170,2851,2988,2886,9673.239437,8260.804020,8078.153339,11651.891892,7792.122186,9177.235772,8116.129032,-0.012648,0.168041,0.228898,0.261805,0.025599,0.104381,-0.013443
850700,83.8353,34,Ring_Prep_Open,Ring,prep_open,0,1.8353,OPEN HAND - prepare for Ring,3027,2896,2894,3190,2863,2984,2880,9636.516854,8212.176814,8192.839301,11984.530387,7901.136364,9131.953195,8059.259259,-0.016397,0.161165,0.246344,0.297828,0.039947,0.098931,-0.020356
850750,83.8354,34,Ring_Prep_Open,Ring,prep_open,0,1.8354,OPEN HAND - prepare for Ring,3027,2917,2906,3149,2859,2959,2871,9636.516854,8419.185059,8309.840202,11317.758985,7864.563107,8856.161972,7975.000000,-0.016397,0.190435,0.264143,0.225622,0.035134,0.065743,-0.030598
850800,83.8354,34,Ring_Prep_Open,Ring,prep_open,0,1.8354,OPEN HAND - prepare for Ring,3021,2910,2904,3145,2858,2961,2887,9563.687151,8349.367089,8290.176322,11255.789474,7855.456750,8877.777778,8125.662252,-0.023830,0.180563,0.261152,0.218911,0.033935,0.068344,-0.012285
850850,83.8572,34,Ring_Prep_Open,Ring,prep_open,0,1.8572,OPEN HAND - prepare for Ring,2996,2905,2890,3146,2862,2946,2883,9268.789809,8300.000000,8154.356846,11271.232877,7891.970803,8717.493473,8087.623762,-0.053931,0.173583,0.240490,0.220583,0.038741,0.049056,-0.016908
850900,83.9338,34,Ring_Prep_Open,Ring,prep_open,0,1.9338,OPEN HAND - prepare for Ring,3000,2909,2895,3188,2863,2942,2876,9315.068493,8339.460371,8202.500000,11950.606395,7901.136364,8675.455334,8021.657096,-0.049207,0.179162,0.247814,0.294154,0.039947,0.043997,-0.024927
850950,84.1045,34,Ring_Prep_Open,Ring,prep_open,0,2.1045,OPEN HAND - prepare for Ring,3004,2911,2875,3142,2856,2947,2888,9361.686526,8359.290541,8012.295082,11209.653725,7837.288136,8728.048780,8135.211268,-0.044449,0.181966,0.218879,0.213915,0.031544,0.050326,-0.011124
851000,84.1045,34,Ring_Prep_Open,Ring,prep_open,0,2.1045,OPEN HAND - prepare for Ring,2992,2898,2874,3166,2864,2944,2887,9222.846782,8231.578947,8002.948403,11587.082885,7910.316816,8696.437880,8125.662252,-0.058620,0.163908,0.217457,0.254787,0.041156,0.046522,-0.012285
851050,84.1046,34,Ring_Prep_Open,Ring,prep_open,0,2.1046,OPEN HAND - prepare for Ring,3004,2900,2856,3137,2862,2928,2868,9361.686526,8251.046025,7837.288136,11133.402923,7891.970803,8530.591260,7947.188264,-0.044449,0.166661,0.192256,0.205657,0.038741,0.026564,-0.033979
851100,84.1155,34,Ring_Prep_Open,Ring,prep_open,0,2.1155,OPEN HAND - prepare for Ring,3006,2906,2860,3133,2848,2940,2879,9385.123967,8309.840202,7873.684211,11072.972973,7765.196472,8654.545455,8049.835526,-0.042056,0.174974,0.197793,0.199113,0.022055,0.041481,-0.021502
851150,84.1693,34,Ring_Prep_Open,Ring,prep_open,0,2.1693,OPEN HAND - prepare for Ring,3004,2897,2880,3144,2857,2933,2886,9361.686526,8221.869783,8059.259259,11240.378549,7846.365105,8581.927711,8116.129032,-0.044449,0.162536,0.226023,0.217242,0.032738,0.032742,-0.013443
851200,84.3630,34,Ring_Prep_Open,Ring,prep_open,0,2.3630,OPEN HAND - prepare for Ring,3008,2908,2876,3170,2856,2908,2878,9408.647654,8329.570345,8021.657096,11651.891892,7837.288136,8329.570345,8040.427280,-0.039655,0.177764,0.220303,0.261805,0.031544,0.002373,-0.022645
851250,84.3631,34,Ring_Prep_Open,Ring,prep_open,0,2.3631,OPEN HAND - prepare for Ring,3003,2902,2864,3157,2850,2914,2884,9350.000000,8270.578374,7910.316816,11443.283582,7783.132530,8389.161727,8097.109827,-0.045641,0.169423,0.203365,0.239215,0.024416,0.009544,-0.015755
851300,84.3631,34,Ring_Prep_Open,Ring,prep_open,0,2.3631,OPEN HAND - prepare for Ring,2998,2894,2867,3169,2860,2909,2885,9291.886964,8192.839301,7937.947883,11635.637149,7873.684211,8339.460371,8106.611570,-0.051573,0.158431,0.207569,0.260045,0.036334,0.003563,-0.014600
851350,84.3631,34,Ring_Prep_Open,Ring,prep_open,0,2.3631,OPEN HAND - prepare for Ring,3004,2898,2863,3152,2858,2895,2876,9361.686526,8231.578947,7901.136364,11364.581124,7855.456750,8202.500000,8021.657096,-0.044449,0.163908,0.201969,0.230692,0.033935,-0.012918,-0.024927
851400,84.4281,34,Ring_Prep_Open,Ring,prep_open,0,2.4281,OPEN HAND - prepare for Ring,3004,2900,2860,3140,2848,2910,2889,9361.686526,8251.046025,7873.684211,11179.057592,7765.196472,8349.367089,8144.776119,-0.044449,0.166661,0.197793,0.210601,0.022055,0.004756,-0.009961
851450,84.4608,34,Ring_Prep_Open,Ring,prep_open,0,2.4608,OPEN HAND - prepare for Ring,2995,2903,2873,3156,2856,2909,2886,9257.272727,8280.369128,7993.617021,11427.476038,7837.288136,8339.460371,8116.129032,-0.055106,0.170807,0.216037,0.237503,0.031544,0.003563,-0.013443
851500,84.6230,34,Ring_Prep_Open,Ring,prep_open,0,2.6230,OPEN HAND - prepare for Ring,3003,2902,2879,3145,2854,2896,2869,9350.000000,8270.578374,8049.835526,11255.789474,7819.178082,8212.176814,7956.443719,-0.045641,0.169423,0.224590,0.218911,0.029160,-0.011754,-0.032854
851550,84.6231,34,Ring_Prep_Open,Ring,prep_open,0,2.6231,OPEN HAND - prepare for Ring,3004,2897,2867,3129,2853,2910,2883,9361.686526,8221.869783,7937.947883,11013.043478,7810.144928,8349.367089,8087.623762,-0.044449,0.162536,0.207569,0.192623,0.027971,0.004756,-0.016908
851600,84.6231,34,Ring_Prep_Open,Ring,prep_open,0,2.6231,OPEN HAND - prepare for Ring,2990,2905,2881,3123,2860,2916,2882,9200.000000,8300.000000,8068.698517,10924.074074,7873.684211,8409.160305,8078.153339,-0.060952,0.173583,0.227459,0.182989,0.036334,0.011951,-0.018060
851650,84.6671,34,Ring_Prep_Open,Ring,prep_open,0,2.6671,OPEN HAND - prepare for Ring,2997,2918,2876,3136,2860,2906,2873,9280.327869,8429.226848,8021.657096,11118.248175,7873.684211,8309.840202,7993.617021,-0.052753,0.191855,0.220303,0.204016,0.036334,-0.000001,-0.028335
851700,84.7211,34,Ring_Prep_Open,Ring,prep_open,0,2.7211,OPEN HAND - prepare for Ring,2996,2911,2836,3134,2849,2919,2879,9268.789809,8359.290541,7658.776807,11088.033299,7774.157303,8439.285714,8049.835526,-0.053931,0.181966,0.165100,0.200744,0.023234,0.015576,-0.021502
851750,84.8811,34,Ring_Prep_Open,Ring,prep_open,0,2.8811,OPEN HAND - prepare for Ring,2989,2911,2877,3139,2861,2918,2876,9188.607595,8359.290541,8031.034483,11163.807531,7882.820097,8429.226848,8021.657096,-0.062115,0.181966,0.221730,0.208950,0.037537,0.014366,-0.024927
851800,84.8812,34,Ring_Prep_Open,Ring,prep_open,0,2.8812,OPEN HAND - prepare for Ring,2992,2918,2875,3151,2860,2906,2857,9222.846782,8429.226848,8012.295082,11348.940678,7873.684211,8309.840202,7846.365105,-0.058620,0.191855,0.218879,0.228998,0.036334,-0.000001,-0.046235
851850,84.8812,34,Ring_Prep_Open,Ring,prep_open,0,2.8812,OPEN HAND - prepare for Ring,2992,2913,2861,3128,2853,2920,2878,9222.846782,8379.187817,7882.820097,10998.138573,7810.144928,8449.361702,8040.427280,-0.058620,0.184780,0.199182,0.191009,0.027971,0.016789,-0.022645
851900,84.9024,34,Ring_Prep_Open,Ring,prep_open,0,2.9024,OPEN HAND - prepare for Ring,2972,2903,2865,3143,2863,2916,2874,8998.040962,8280.369128,7919.512195,11225.000000,7901.136364,8409.160305,8002.948403,-0.081566,0.170807,0.204764,0.215577,0.039947,0.011951,-0.027201
851950,84.9679,34,Ring_Prep_Open,Ring,prep_open,0,2.9679,OPEN HAND - prepare for Ring,2978,2911,2864,3132,2860,2903,2864,9064.637422,8359.290541,7910.316816,11057.943925,7873.684211,8280.369128,7910.316816,-0.074769,0.181966,0.203365,0.197486,0.036334,-0.003548,-0.038461
852000,85.1383,34,Ring_Prep_Open,Ring,prep_open,0,3.1383,OPEN HAND - prepare for Ring,2978,2925,2859,3120,2852,2910,2871,9064.637422,8500.000000,7864.563107,10880.000000,7801.126307,8349.367089,7975.000000,-0.074769,0.201862,0.196405,0.178216,0.026784,0.004756,-0.030598
852050,85.1384,34,Ring_Prep_Open,Ring,prep_open,0,3.1384,OPEN HAND - prepare for Ring,2973,2913,2864,3117,2860,2909,2868,9009.090909,8379.187817,7910.316816,10836.196319,7873.684211,8339.460371,7947.188264,-0.080438,0.184780,0.203365,0.173472,0.036334,0.003563,-0.033979
852100,85.1384,34,Ring_Prep_Open,Ring,prep_open,0,3.1384,OPEN HAND - prepare for Ring,2990,2919,2869,3102,2856,2901,2859,9200.000000,8439.285714,7956.443719,10621.148036,7837.288136,8260.804020,7864.563107,-0.060952,0.193277,0.210382,0.150184,0.031544,-0.005902,-0.044023
852150,85.1701,34,Ring_Prep_Open,Ring,prep_open,0,3.1701,OPEN HAND - prepare for Ring,2985,2926,2859,3095,2846,2922,2878,9143.243243,8510.179641,7864.563107,10523.000000,7747.317854,8469.565217,8040.427280,-0.066745,0.203301,0.196405,0.139556,0.019702,0.019220,-0.022645
852200,85.2025,34,Ring_Prep_Open,Ring,prep_open,0,3.2025,OPEN HAND - prepare for Ring,2985,2931,2868,3100,2855,2916,2879,9143.243243,8561.340206,7947.188264,10592.964824,7828.225806,8409.160305,8049.835526,-0.066745,0.210535,0.208974,0.147132,0.030351,0.011951,-0.021502
852250,85.3620,34,Ring_Prep_Open,Ring,prep_open,0,3.3620,OPEN HAND - prepare for Ring,2987,2947,2863,3106,2851,2903,2869,9165.884477,8728.048780,7901.136364,10677.856421,7792.122186,8280.369128,7956.443719,-0.064434,0.234107,0.201969,0.156325,0.025599,-0.003548,-0.032854
852300,85.3621,34,Ring_Prep_Open,Ring,prep_open,0,3.3621,OPEN HAND - prepare for Ring,2977,2944,2843,3105,2848,2923,2881,9053.488372,8696.437880,7720.607029,10663.636364,7765.196472,8479.692833,8068.698517,-0.075907,0.229637,0.174506,0.154785,0.022055,0.020439,-0.019209
852350,85.3621,34,Ring_Prep_Open,Ring,prep_open,0,3.3621,OPEN HAND - prepare for Ring,2969,2941,2862,3109,2857,2923,2870,8965.008881,8664.991334,7891.970803,10720.689655,7846.365105,8479.692833,7965.714286,-0.084938,0.225191,0.200574,0.160964,0.032738,0.020439,-0.031727
852400,85.4274,34,Ring_Prep_Open,Ring,prep_open,0,3.4274,OPEN HAND - prepare for Ring,2974,2948,2861,3098,2852,2919,2868,9020.160571,8738.622493,7882.820097,10564.894684,7801.126307,8439.285714,7947.188264,-0.079308,0.235602,0.199182,0.144092,0.026784,0.015576,-0.033979
852450,85.4601,34,Ring_Prep_Open,Ring,prep_open,0,3.4601,OPEN HAND - prepare for Ring,2971,2939,2839,3076,2844,2930,2887,8987.010676,8644.117647,7685.191083,10263.395486,7729.496403,8551.072961,8125.662252,-0.082692,0.222240,0.169118,0.111443,0.017356,0.029029,-0.012285
852500,85.5038,34,Ring_Prep_Open,Ring,prep_open,0,3.5038,OPEN HAND - prepare for Ring,2959,2941,2871,3089,2852,2925,2878,8856.161972,8664.991334,7975.000000,10439.960239,7801.126307,8500.000000,8040.427280,-0.096048,0.225191,0.213205,0.130563,0.026784,0.022883,-0.022645
852550,85.6390,34,Ring_Prep_Open,Ring,prep_open,0,3.6390,OPEN HAND - prepare for Ring,2971,2948,2865,3096,2851,2921,2866,8987.010676,8738.622493,7919.512195,10536.936937,7792.122186,8459.454855,7928.722539,-0.082692,0.235602,0.204764,0.141065,0.025599,0.018004,-0.036224
852600,85.6390,34,Ring_Prep_Open,Ring,prep_open,0,3.6390,OPEN HAND - prepare for Ring,2963,2957,2850,3108,2841,2930,2877,8899.469965,8834.622144,7783.132530,10706.382979,7702.870813,8551.072961,8031.034483,-0.091627,0.249176,0.184017,0.159415,0.013852,0.029029,-0.023787
852650,85.6606,34,Ring_Prep_Open,Ring,prep_open,0,3.6606,OPEN HAND - prepare for Ring,2959,2952,2861,3111,2849,2928,2875,8856.161972,8781.102362,7882.820097,10749.390244,7774.157303,8530.591260,8012.295082,-0.096048,0.241609,0.199182,0.164072,0.023234,0.026564,-0.026065
852700,85.7259,34,Ring_Prep_Open,Ring,prep_open,0,3.7259,OPEN HAND - prepare for Ring,2970,2951,2856,3090,2847,2922,2866,8976.000000,8770.454545,7837.288136,10453.731343,7756.250000,8469.565217,7928.722539,-0.083816,0.240103,0.192256,0.132054,0.020878,0.019220,-0.036224
852750,85.7582,34,Ring_Prep_Open,Ring,prep_open,0,3.7582,OPEN HAND - prepare for Ring,2972,2962,2840,3087,2843,2937,2878,8998.040962,8888.614298,7694.023904,10412.500000,7720.607029,8623.316062,8040.427280,-0.081566,0.256810,0.170462,0.127589,0.016186,0.037722,-0.022645
852800,85.9047,34,Ring_Prep_Open,Ring,prep_open,0,3.9047,OPEN HAND - prepare for Ring,2963,2955,2851,3092,2849,2937,2872,8899.469965,8813.157895,7792.122186,10481.355932,7774.157303,8623.316062,7984.300899,-0.091627,0.246141,0.185385,0.135046,0.023234,0.037722,-0.029468
852850,85.9048,34,Ring_Prep_Open,Ring,prep_open,0,3.9048,OPEN HAND - prepare for Ring,2968,2954,2858,3105,2846,2933,2869,8954.037267,8802.453988,7855.456750,10663.636364,7747.317854,8581.927711,7956.443719,-0.086058,0.244628,0.195020,0.154785,0.019702,0.032742,-0.032854
852900,85.9159,34,Ring_Prep_Open,Ring,prep_open,0,3.9159,OPEN HAND - prepare for Ring,2974,2956,2833,3097,2843,2941,2874,9020.160571,8823.880597,7632.488114,10550.901804,7720.607029,8664.991334,8002.948403,-0.079308,0.247657,0.161100,0.142577,0.016186,0.042738,-0.027201
852950,85.9601,34,Ring_Prep_Open,Ring,prep_open,0,3.9601,OPEN HAND - prepare for Ring,2960,2947,2840,3096,2850,2954,2873,8866.960352,8728.048780,7694.023904,10536.936937,7783.132530,8802.453988,7993.617021,-0.094946,0.234107,0.170462,0.141065,0.024416,0.059280,-0.028335
853000,86.0241,35,Ring_C1_Open,Ring,open,1,0.0241,Ring cycle 1: OPEN,2967,2956,2846,3086,2845,2944,2863,8943.085106,8823.880597,7747.317854,10398.810704,7738.400000,8696.437880,7901.136364,-0.087175,0.247657,0.178569,0.126107,0.018528,0.046522,-0.039577
853050,86.1838,35,Ring_C1_Open,Ring,open,1,0.1838,Ring cycle 1: OPEN,2966,2948,2834,3082,2838,2942,2874,8932.152347,8738.622493,7641.237113,10344.323791,7676.372315,8675.455334,8002.948403,-0.088291,0.235602,0.162431,0.120206,0.010364,0.043997,-0.027201
853100,86.1839,35,Ring_C1_Open,Ring,open,1,0.1839,Ring cycle 1: OPEN,2961,2941,2849,3084,2846,2944,2870,8877.777778,8664.991334,7774.157303,10371.513353,7747.317854,8696.437880,7965.714286,-0.093841,0.225191,0.182652,0.123151,0.019702,0.046522,-0.031727
853150,86.1839,35,Ring_C1_Open,Ring,open,1,0.1839,Ring cycle 1: OPEN,2967,2943,2849,3088,2846,2932,2863,8943.085106,8685.937500,7774.157303,10426.216485,7747.317854,8571.625107,7901.136364,-0.087175,0.228153,0.182652,0.129075,0.019702,0.031502,-0.039577
853200,86.2159,35,Ring_C1_Open,Ring,open,1,0.2159,Ring cycle 1: OPEN,2962,2947,2838,3069,2841,2934,2876,8888.614298,8728.048780,7676.372315,10170.175439,7702.870813,8592.248062,8021.657096,-0.092735,0.234107,0.167776,0.101348,0.013852,0.033984,-0.024927
853250,86.2706,35,Ring_C1_Open,Ring,open,1,0.2706,Ring cycle 1: OPEN,2957,2946,2852,3095,2847,2941,2873,8834.622144,8717.493473,7801.126307,10523.000000,7756.250000,8664.991334,7993.617021,-0.098246,0.232615,0.186755,0.139556,0.020878,0.042738,-0.028335
853300,86.4427,35,Ring_C1_Open,Ring,open,1,0.4427,Ring cycle 1: OPEN,2965,2954,2849,3089,2843,2929,2864,8921.238938,8802.453988,7774.157303,10439.960239,7720.607029,8540.823328,7910.316816,-0.089405,0.244628,0.182652,0.130563,0.016186,0.027795,-0.038461
853350,86.4428,35,Ring_C1_Open,Ring,open,1,0.4428,Ring cycle 1: OPEN,2965,2947,2832,3089,2835,2948,2872,8921.238938,8728.048780,7623.752969,10439.960239,7650.000000,8738.622493,7984.300899,-0.089405,0.234107,0.159771,0.130563,0.006893,0.051598,-0.029468
853400,86.4428,35,Ring_C1_Open,Ring,open,1,0.4428,Ring cycle 1: OPEN,2960,2934,2842,3111,2844,2947,2880,8866.960352,8592.248062,7711.731844,10749.390244,7729.496403,8728.048780,8059.259259,-0.094946,0.214905,0.173155,0.164072,0.017356,0.050326,-0.020356
853450,86.4643,35,Ring_C1_Open,Ring,open,1,0.4643,Ring cycle 1: OPEN,2966,2935,2843,3104,2840,2924,2862,8932.152347,8602.586207,7720.607029,10649.445005,7694.023904,8489.837746,7891.970803,-0.088291,0.216367,0.174506,0.153249,0.012687,0.021660,-0.040691
853500,86.5079,35,Ring_C1_Open,Ring,open,1,0.5079,Ring cycle 1: OPEN,2965,2929,2823,3096,2836,2941,2876,8921.238938,8540.823328,7545.754717,10536.936937,7658.776807,8664.991334,8021.657096,-0.089405,0.207634,0.147906,0.141065,0.008048,0.042738,-0.024927
853550,86.6837,35,Ring_C1_Open,Ring,open,1,0.6837,Ring cycle 1: OPEN,2957,2921,2844,3092,2844,2942,2874,8834.622144,8459.454855,7729.496403,10481.355932,7729.496403,8675.455334,8002.948403,-0.098246,0.196129,0.175858,0.135046,0.017356,0.043997,-0.027201
853600,86.6838,35,Ring_C1_Open,Ring,open,1,0.6838,Ring cycle 1: OPEN,2965,2924,2833,3100,2842,2924,2865,8921.238938,8489.837746,7632.488114,10592.964824,7711.731844,8489.837746,7919.512195,-0.089405,0.200425,0.161100,0.147132,0.015018,0.021660,-0.037343
853650,86.6838,35,Ring_C1_Open,Ring,open,1,0.6838,Ring cycle 1: OPEN,2963,2920,2825,3097,2835,2944,2877,8899.469965,8449.361702,7562.992126,10550.901804,7650.000000,8696.437880,8031.034483,-0.091627,0.194702,0.150528,0.142577,0.006893,0.046522,-0.023787
853700,86.7055,35,Ring_C1_Open,Ring,open,1,0.7055,Ring cycle 1: OPEN,2954,2912,2835,3098,2844,2951,2868,8802.453988,8369.230769,7650.000000,10564.894684,7729.496403,8770.454545,7947.188264,-0.101530,0.183372,0.163764,0.144092,0.017356,0.055429,-0.033979
853750,86.7712,35,Ring_C1_Open,Ring,open,1,0.7712,Ring cycle 1: OPEN,2976,2922,2841,3109,2842,2939,2860,9042.359249,8469.565217,7702.870813,10720.689655,7711.731844,8644.117647,7873.684211,-0.077042,0.197559,0.171807,0.160964,0.015018,0.040226,-0.042914
853800,86.9455,35,Ring_C1_Open,Ring,open,1,0.9455,Ring cycle 1: OPEN,2974,2916,2822,3107,2833,2967,2868,9020.160571,8409.160305,7537.156324,10692.105263,7632.488114,8943.085106,7947.188264,-0.079308,0.189018,0.146598,0.157868,0.004588,0.076203,-0.033979
853850,86.9456,35,Ring_C1_Open,Ring,open,1,0.9456,Ring cycle 1: OPEN,2989,2912,2830,3118,2841,2968,2872,9188.607595,8369.230769,7606.324111,10850.767656,7702.870813,8954.037267,7984.300899,-0.062115,0.183372,0.157120,0.175050,0.013852,0.077521,-0.029468
853900,86.9456,35,Ring_C1_Open,Ring,open,1,0.9456,Ring cycle 1: OPEN,2991,2918,2821,3117,2840,2959,2864,9211.413043,8429.226848,7528.571429,10836.196319,7694.023904,8856.161972,7910.316816,-0.059787,0.191855,0.145292,0.173472,0.012687,0.065743,-0.038461
853950,87.0000,35,Ring_C1_Open,Ring,open,1,1.0000,Ring cycle 1: OPEN,2986,2917,2818,3103,2833,2974,2876,9154.553652,8419.185059,7502.897416,10635.282258,7632.488114,9020.160571,8021.657096,-0.065591,0.190435,0.141386,0.151715,0.004588,0.085478,-0.024927
854000,87.0219,35,Ring_C1_Open,Ring,open,1,1.0219,Ring cycle 1: OPEN,2974,2922,2833,3122,2840,2968,2872,9020.160571,8469.565217,7632.488114,10909.352518,7694.023904,8954.037267,7984.300899,-0.079308,0.197559,0.161100,0.181394,0.012687,0.077521,-0.029468
854050,87.1904,35,Ring_C1_Open,Ring,open,1,1.1904,Ring cycle 1: OPEN,2993,2928,2832,3116,2836,2946,2866,9234.301270,8530.591260,7623.752969,10821.654750,7658.776807,8717.493473,7928.722539,-0.057451,0.206187,0.159771,0.171898,0.008048,0.049056,-0.036224
854100,87.1905,35,Ring_C1_Open,Ring,open,1,1.1905,Ring cycle 1: OPEN,2992,2933,2820,3097,2832,2960,2878,9222.846782,8581.927711,7520.000000,10550.901804,7623.752969,8866.960352,8040.427280,-0.058620,0.213446,0.143988,0.142577,0.003438,0.067042,-0.022645
854150,87.1905,35,Ring_C1_Open,Ring,open,1,1.1905,Ring cycle 1: OPEN,2987,2921,2832,3116,2836,2963,2866,9165.884477,8459.454855,7623.752969,10821.654750,7658.776807,8899.469965,7928.722539,-0.064434,0.196129,0.159771,0.171898,0.008048,0.070955,-0.036224
854200,87.2117,35,Ring_C1_Open,Ring,open,1,1.2117,Ring cycle 1: OPEN,3000,2928,2831,3115,2836,2953,2863,9315.068493,8530.591260,7615.031646,10807.142857,7658.776807,8791.768827,7901.136364,-0.049207,0.206187,0.158445,0.170326,0.008048,0.057994,-0.039577
854250,87.2665,35,Ring_C1_Open,Ring,open,1,1.2665,Ring cycle 1: OPEN,2997,2932,2821,3099,2828,2956,2870,9280.327869,8571.625107,7528.571429,10578.915663,7588.950276,8823.880597,7965.714286,-0.052753,0.211989,0.145292,0.145611,-0.001142,0.061858,-0.031727
854300,87.4535,35,Ring_C1_Open,Ring,open,1,1.4535,Ring cycle 1: OPEN,2983,2921,2831,3117,2838,2951,2867,9120.683453,8459.454855,7615.031646,10836.196319,7676.372315,8770.454545,7937.947883,-0.069048,0.196129,0.158445,0.173472,0.010364,0.055429,-0.035102
854350,87.4536,35,Ring_C1_Open,Ring,open,1,1.4536,Ring cycle 1: OPEN,2984,2930,2827,3118,2839,2937,2858,9131.953195,8551.072961,7580.283912,10850.767656,7685.191083,8623.316062,7855.456750,-0.067898,0.209083,0.153159,0.175050,0.011525,0.037722,-0.045129
854400,87.4536,35,Ring_C1_Open,Ring,open,1,1.4536,Ring cycle 1: OPEN,2986,2927,2821,3114,2831,2950,2864,9154.553652,8520.376712,7528.571429,10792.660550,7615.031646,8759.825328,7910.316816,-0.065591,0.204743,0.145292,0.168758,0.002290,0.054150,-0.038461
854450,87.4536,35,Ring_C1_Open,Ring,open,1,1.4536,Ring cycle 1: OPEN,2977,2920,2826,3125,2841,2945,2866,9053.488372,8449.361702,7571.631206,10953.608247,7702.870813,8706.956522,7928.722539,-0.075907,0.194702,0.151842,0.186187,0.013852,0.047788,-0.036224
854500,87.5200,35,Ring_C1_Open,Ring,open,1,1.5200,Ring cycle 1: OPEN,2984,2930,2829,3137,2841,2937,2861,9131.953195,8551.072961,7597.630332,11133.402923,7702.870813,8623.316062,7882.820097,-0.067898,0.209083,0.155798,0.205657,0.013852,0.037722,-0.041803
854550,87.6984,35,Ring_C1_Open,Ring,open,1,1.6984,Ring cycle 1: OPEN,2987,2930,2821,3121,2831,2947,2870,9165.884477,8551.072961,7528.571429,10894.661191,7615.031646,8728.048780,7965.714286,-0.064434,0.209083,0.145292,0.179804,0.002290,0.050326,-0.031727
854600,87.6984,35,Ring_C1_Open,Ring,open,1,1.6984,Ring cycle 1: OPEN,2979,2921,2832,3121,2840,2956,2868,9075.806452,8459.454855,7623.752969,10894.661191,7694.023904,8823.880597,7947.188264,-0.073629,0.196129,0.159771,0.179804,0.012687,0.061858,-0.033979
854650,87.6985,35,Ring_C1_Open,Ring,open,1,1.6985,Ring cycle 1: OPEN,2985,2927,2827,3114,2839,2938,2862,9143.243243,8520.376712,7580.283912,10792.660550,7685.191083,8633.707865,7891.970803,-0.066745,0.204743,0.153159,0.168758,0.011525,0.038973,-0.040691
854700,87.7089,35,Ring_C1_Open,Ring,open,1,1.7089,Ring cycle 1: OPEN,2982,2923,2816,3122,2833,2945,2869,9109.433962,8479.692833,7485.848319,10909.352518,7632.488114,8706.956522,7956.443719,-0.070196,0.198991,0.138793,0.181394,0.004588,0.047788,-0.032854
854750,87.7524,35,Ring_C1_Open,Ring,open,1,1.7524,Ring cycle 1: OPEN,2972,2915,2830,3122,2841,2943,2867,8998.040962,8399.152542,7606.324111,10909.352518,7702.870813,8685.937500,7937.947883,-0.081566,0.187603,0.157120,0.181394,0.013852,0.045258,-0.035102
854800,87.9551,35,Ring_C1_Open,Ring,open,1,1.9551,Ring cycle 1: OPEN,2985,2925,2830,3117,2841,2926,2858,9143.243243,8500.000000,7606.324111,10836.196319,7702.870813,8510.179641,7855.456750,-0.066745,0.201862,0.157120,0.173472,0.013852,0.024108,-0.045129
854850,87.9552,35,Ring_C1_Open,Ring,open,1,1.9552,Ring cycle 1: OPEN,2983,2925,2818,3110,2835,2930,2868,9120.683453,8500.000000,7502.897416,10735.025381,7650.000000,8551.072961,7947.188264,-0.069048,0.201862,0.141386,0.162516,0.006893,0.029029,-0.033979
854900,87.9552,35,Ring_C1_Open,Ring,open,1,1.9552,Ring cycle 1: OPEN,2976,2915,2838,3104,2843,2937,2869,9042.359249,8399.152542,7676.372315,10649.445005,7720.607029,8623.316062,7956.443719,-0.077042,0.187603,0.167776,0.153249,0.016186,0.037722,-0.032854
854950,87.9657,35,Ring_C1_Open,Ring,open,1,1.9657,Ring cycle 1: OPEN,2984,2922,2841,3099,2842,2932,2860,9131.953195,8469.565217,7702.870813,10578.915663,7711.731844,8571.625107,7873.684211,-0.067898,0.197559,0.171807,0.145611,0.015018,0.031502,-0.042914
855000,88.0152,36,Ring_C1_Bend,Ring,bend,1,0.0152,Ring cycle 1: BEND Ring,2975,2925,2828,3090,2835,2941,2867,9031.250000,8500.000000,7588.950276,10453.731343,7650.000000,8664.991334,7937.947883,-0.078176,0.201862,0.154477,0.132054,0.006893,0.042738,-0.035102
855050,88.2159,36,Ring_C1_Bend,Ring,bend,1,0.2159,Ring cycle 1: BEND Ring,2978,2916,2835,3099,2845,2933,2866,9064.637422,8409.160305,7650.000000,10578.915663,7738.400000,8581.927711,7928.722539,-0.074769,0.189018,0.163764,0.145611,0.018528,0.032742,-0.036224
855100,88.2160,36,Ring_C1_Bend,Ring,bend,1,0.2160,Ring cycle 1: BEND Ring,2997,2916,2829,3099,2844,2913,2856,9280.327869,8409.160305,7597.630332,10578.915663,7729.496403,8379.187817,7837.288136,-0.052753,0.189018,0.155798,0.145611,0.017356,0.008344,-0.047338
855150,88.2160,36,Ring_C1_Bend,Ring,bend,1,0.2160,Ring cycle 1: BEND Ring,2980,2912,2801,3098,2836,2927,2866,9086.995516,8369.230769,7359.659969,10564.894684,7658.776807,8520.376712,7928.722539,-0.072486,0.183372,0.119596,0.144092,0.008048,0.025335,-0.036224
855200,88.2160,36,Ring_C1_Bend,Ring,bend,1,0.2160,Ring cycle 1: BEND Ring,2971,2908,2815,3114,2844,2932,2864,8987.010676,8329.570345,7477.343750,10792.660550,7729.496403,8571.625107,7910.316816,-0.082692,0.177764,0.137499,0.168758,0.017356,0.031502,-0.038461
855250,88.2703,36,Ring_C1_Bend,Ring,bend,1,0.2703,Ring cycle 1: BEND Ring,2978,2914,2815,3099,2845,2922,2854,9064.637422,8389.161727,7477.343750,10578.915663,7738.400000,8469.565217,7819.178082,-0.074769,0.186190,0.137499,0.145611,0.018528,0.019220,-0.049539
855300,88.3148,36,Ring_C1_Bend,Ring,bend,1,0.3148,Ring cycle 1: BEND Ring,2981,2916,2815,3088,2835,2932,2865,9098.204668,8409.160305,7477.343750,10426.216485,7650.000000,8571.625107,7919.512195,-0.071342,0.189018,0.137499,0.129075,0.006893,0.031502,-0.037343
855350,88.4614,36,Ring_C1_Bend,Ring,bend,1,0.4614,Ring cycle 1: BEND Ring,2971,2908,2823,3104,2844,2943,2865,8987.010676,8329.570345,7545.754717,10649.445005,7729.496403,8685.937500,7919.512195,-0.082692,0.177764,0.147906,0.153249,0.017356,0.045258,-0.037343
855400,88.4615,36,Ring_C1_Bend,Ring,bend,1,0.4615,Ring cycle 1: BEND Ring,2965,2914,2825,3105,2844,2923,2861,8921.238938,8389.161727,7562.992126,10663.636364,7729.496403,8479.692833,7882.820097,-0.089405,0.186190,0.150528,0.154785,0.017356,0.020439,-0.041803
855450,88.4718,36,Ring_C1_Bend,Ring,bend,1,0.4718,Ring cycle 1: BEND Ring,2959,2913,2816,3100,2835,2933,2869,8856.161972,8379.187817,7485.848319,10592.964824,7650.000000,8581.927711,7956.443719,-0.096048,0.184780,0.138793,0.147132,0.006893,0.032742,-0.032854
855500,88.5045,36,Ring_C1_Bend,Ring,bend,1,0.5045,Ring cycle 1: BEND Ring,2952,2900,2828,3116,2845,2930,2869,8781.102362,8251.046025,7588.950276,10821.654750,7738.400000,8551.072961,7956.443719,-0.103709,0.166661,0.154477,0.171898,0.018528,0.029029,-0.032854
855550,88.5709,36,Ring_C1_Bend,Ring,bend,1,0.5709,Ring cycle 1: BEND Ring,2961,2910,2830,3111,2846,2926,2861,8877.777778,8349.367089,7606.324111,10749.390244,7747.317854,8510.179641,7882.820097,-0.093841,0.180563,0.157120,0.164072,0.019702,0.024108,-0.041803
855600,88.7139,36,Ring_C1_Bend,Ring,bend,1,0.7139,Ring cycle 1: BEND Ring,2963,2914,2823,3105,2837,2935,2866,8899.469965,8389.161727,7545.754717,10663.636364,7667.567568,8602.586207,7928.722539,-0.091627,0.186190,0.147906,0.154785,0.009205,0.035228,-0.036224
855650,88.7139,36,Ring_C1_Bend,Ring,bend,1,0.7139,Ring cycle 1: BEND Ring,2958,2914,2831,3106,2846,2943,2865,8845.382586,8389.161727,7615.031646,10677.856421,7747.317854,8685.937500,7919.512195,-0.097148,0.186190,0.158445,0.156325,0.019702,0.045258,-0.037343
855700,88.7361,36,Ring_C1_Bend,Ring,bend,1,0.7361,Ring cycle 1: BEND Ring,2978,2920,2831,3096,2844,2933,2859,9064.637422,8449.361702,7615.031646,10536.936937,7729.496403,8581.927711,7864.563107,-0.074769,0.194702,0.158445,0.141065,0.017356,0.032742,-0.044023
855750,88.7572,36,Ring_C1_Bend,Ring,bend,1,0.7572,Ring cycle 1: BEND Ring,2978,2920,2817,3086,2832,2938,2865,9064.637422,8449.361702,7494.366197,10398.810704,7623.752969,8633.707865,7919.512195,-0.074769,0.194702,0.140088,0.126107,0.003438,0.038973,-0.037343
855800,88.8115,36,Ring_C1_Bend,Ring,bend,1,0.8115,Ring cycle 1: BEND Ring,2970,2923,2826,3097,2843,2940,2865,8976.000000,8479.692833,7571.631206,10550.901804,7720.607029,8654.545455,7919.512195,-0.083816,0.198991,0.151842,0.142577,0.016186,0.041481,-0.037343
855850,88.9724,36,Ring_C1_Bend,Ring,bend,1,0.9724,Ring cycle 1: BEND Ring,2981,2940,2832,3097,2843,2929,2858,9098.204668,8654.545455,7623.752969,10550.901804,7720.607029,8540.823328,7855.456750,-0.071342,0.223714,0.159771,0.142577,0.016186,0.027795,-0.045129
855900,88.9724,36,Ring_C1_Bend,Ring,bend,1,0.9724,Ring cycle 1: BEND Ring,2974,2942,2849,3118,2835,2955,2868,9020.160571,8675.455334,7774.157303,10850.767656,7650.000000,8813.157895,7947.188264,-0.079308,0.226671,0.182652,0.175050,0.006893,0.060568,-0.033979
855950,88.9725,36,Ring_C1_Bend,Ring,bend,1,0.9725,Ring cycle 1: BEND Ring,2966,2931,2832,3149,2843,2957,2866,8932.152347,8561.340206,7623.752969,11317.758985,7720.607029,8834.622144,7928.722539,-0.088291,0.210535,0.159771,0.225622,0.016186,0.063151,-0.036224
856000,89.0165,36,Ring_C1_Bend,Ring,bend,1,1.0165,Ring cycle 1: BEND Ring,2974,2928,2841,3140,2842,2942,2859,9020.160571,8530.591260,7702.870813,11179.057592,7711.731844,8675.455334,7864.563107,-0.079308,0.206187,0.171807,0.210601,0.015018,0.043997,-0.044023
856050,89.0603,36,Ring_C1_Bend,Ring,bend,1,1.0603,Ring cycle 1: BEND Ring,2970,2927,2851,3140,2836,2985,2864,8976.000000,8520.376712,7792.122186,11179.057592,7658.776807,9143.243243,7910.316816,-0.083816,0.204743,0.185385,0.210601,0.008048,0.100290,-0.038461
856100,89.2314,36,Ring_C1_Bend,Ring,bend,1,1.2314,Ring cycle 1: BEND Ring,2975,2924,2862,3209,2855,3054,2864,9031.250000,8489.837746,7891.970803,12314.446953,7828.225806,9974.639769,7910.316816,-0.078176,0.200425,0.200574,0.333555,0.030351,0.200340,-0.038461
856150,89.2315,36,Ring_C1_Bend,Ring,bend,1,1.2315,Ring cycle 1: BEND Ring,2996,2952,2880,3267,2862,3050,2868,9268.789809,8781.102362,8059.259259,13415.217391,7891.970803,9923.444976,7947.188264,-0.053931,0.241609,0.226023,0.452759,0.038741,0.194179,-0.033979
856200,89.2315,36,Ring_C1_Bend,Ring,bend,1,1.2315,Ring cycle 1: BEND Ring,3009,2959,2849,3210,2860,3091,2883,9420.441989,8856.161972,7774.157303,12332.203390,7873.684211,10467.529880,8087.623762,-0.038451,0.252222,0.182652,0.335478,0.036334,0.259654,-0.016908
856250,89.2529,36,Ring_C1_Bend,Ring,bend,1,1.2529,Ring cycle 1: BEND Ring,3013,2944,2863,3278,2889,3133,2889,9467.837338,8696.437880,7901.136364,13641.615667,8144.776119,11072.972973,8144.776119,-0.033614,0.229637,0.201969,0.477276,0.072015,0.332512,-0.009961
856300,89.3297,36,Ring_C1_Bend,Ring,bend,1,1.3297,Ring cycle 1: BEND Ring,3019,2938,2851,3321,2929,3169,2885,9539.591078,8633.707865,7792.122186,14588.372093,8540.823328,11635.637149,8106.611570,-0.026290,0.220768,0.185385,0.579802,0.124143,0.400223,-0.014600
856350,89.4903,36,Ring_C1_Bend,Ring,bend,1,1.4903,Ring cycle 1: BEND Ring,3023,2929,2852,3295,2946,3200,2895,9587.873134,8540.823328,7801.126307,14003.750000,8717.493473,12156.424581,8202.500000,-0.021362,0.207634,0.186755,0.516493,0.147396,0.462894,-0.002945
856400,89.4903,36,Ring_C1_Bend,Ring,bend,1,1.4903,Ring cycle 1: BEND Ring,3043,2904,2883,3284,2949,3212,2887,9834.790875,8290.176322,8087.623762,13767.694205,8749.214660,12367.836920,8125.662252,0.003841,0.172194,0.230338,0.490930,0.151572,0.488335,-0.012285
856450,89.4904,36,Ring_C1_Bend,Ring,bend,1,1.4904,Ring cycle 1: BEND Ring,3057,2912,2890,3255,2991,3207,2879,10013.294798,8369.230769,8154.356846,13175.000000,9211.413043,12279.054054,8049.835526,0.022061,0.183372,0.240490,0.426746,0.212406,0.477651,-0.021502
856500,89.5122,36,Ring_C1_Bend,Ring,bend,1,1.5122,Ring cycle 1: BEND Ring,3050,2902,2864,3290,2991,3216,2891,9923.444976,8270.578374,7910.316816,13895.652174,9211.413043,12439.590444,8163.953488,0.012890,0.169423,0.203365,0.504787,0.212406,0.496970,-0.007630
856550,89.5668,36,Ring_C1_Bend,Ring,bend,1,1.5668,Ring cycle 1: BEND Ring,2987,2913,2869,3306,2989,3162,2876,9165.884477,8379.187817,7956.443719,14246.387833,9188.607595,11522.829582,8021.657096,-0.064434,0.184780,0.210382,0.542768,0.209404,0.386647,-0.024927
856600,89.7549,36,Ring_C1_Bend,Ring,bend,1,1.7549,Ring cycle 1: BEND Ring,3007,2908,2881,3309,2995,3144,2871,9396.875000,8329.570345,8068.698517,14313.740458,9257.272727,11240.378549,7975.000000,-0.040857,0.177764,0.227459,0.550062,0.218442,0.352657,-0.030598
856650,89.7550,36,Ring_C1_Bend,Ring,bend,1,1.7550,Ring cycle 1: BEND Ring,3004,2908,2877,3326,3004,3191,2880,9361.686526,8329.570345,8031.034483,14705.331599,9361.686526,12001.548673,8059.259259,-0.044449,0.177764,0.221730,0.592468,0.232185,0.444256,-0.020356
856700,89.7550,36,Ring_C1_Bend,Ring,bend,1,1.7550,Ring cycle 1: BEND Ring,2985,2890,2872,3328,2992,3178,2877,9143.243243,8154.356846,7984.300899,14752.542373,9222.846782,11783.206107,8031.034483,-0.066745,0.152990,0.214620,0.597581,0.213911,0.417981,-0.023787
856750,89.7988,36,Ring_C1_Bend,Ring,bend,1,1.7988,Ring cycle 1: BEND Ring,3010,2887,2860,3320,2992,3173,2883,9432.258065,8125.662252,7873.684211,14565.161290,9222.846782,11700.867679,8087.623762,-0.037245,0.148932,0.197793,0.577289,0.213911,0.408072,-0.016908
856800,89.8322,36,Ring_C1_Bend,Ring,bend,1,1.8322,Ring cycle 1: BEND Ring,3005,2877,2855,3302,2996,3184,2890,9373.394495,8031.034483,7828.225806,14157.377049,9268.789809,11883.205269,8154.356846,-0.043254,0.135552,0.190877,0.533129,0.219958,0.430015,-0.008797
856850,89.8537,36,Ring_C1_Bend,Ring,bend,1,1.8537,Ring cycle 1: BEND Ring,3002,2860,2864,3335,2989,3199,2892,9338.334858,7873.684211,7910.316816,14919.736842,9188.607595,12139.062500,8173.566085,-0.046832,0.113304,0.203365,0.615687,0.209404,0.460804,-0.006462
856900,90.0080,37,Ring_C2_Open,Ring,open,2,0.0080,Ring cycle 2: OPEN,3013,2871,2837,3311,2992,3193,2887,9467.837338,7975.000000,7667.567568,14358.928571,9222.846782,12035.698448,8125.662252,-0.033614,0.127629,0.166437,0.554956,0.213911,0.448366,-0.012285
856950,90.0083,37,Ring_C2_Open,Ring,open,2,0.0083,Ring cycle 2: OPEN,3005,2872,2842,3278,2998,3165,2895,9373.394495,7984.300899,7711.731844,13641.615667,9291.886964,11570.967742,8202.500000,-0.043254,0.128944,0.173155,0.477276,0.222998,0.392440,-0.002945
857000,90.0187,37,Ring_C2_Open,Ring,open,2,0.0187,Ring cycle 2: OPEN,2993,2869,2833,3290,2994,3181,2894,9234.301270,7956.443719,7632.488114,13895.652174,9245.776567,11833.041575,8192.839301,-0.057451,0.125006,0.161100,0.504787,0.216929,0.423978,-0.004119
857050,90.0823,37,Ring_C2_Open,Ring,open,2,0.0823,Ring cycle 2: OPEN,2999,2875,2826,3274,2975,3146,2874,9303.467153,8012.295082,7571.631206,13558.587089,9031.250000,11271.232877,8002.948403,-0.050391,0.132903,0.151842,0.468285,0.188693,0.356370,-0.027201
857100,90.2674,37,Ring_C2_Open,Ring,open,2,0.2674,Ring cycle 2: OPEN,3009,2874,2826,3243,2969,3154,2893,9420.441989,8002.948403,7571.631206,12941.549296,8965.008881,11395.961743,8183.194676,-0.038451,0.131581,0.151842,0.401465,0.179974,0.371380,-0.005291
857150,90.2675,37,Ring_C2_Open,Ring,open,2,0.2675,Ring cycle 2: OPEN,3017,2859,2830,3248,2975,3139,2884,9515.584416,7864.563107,7606.324111,13038.016529,9031.250000,11163.807531,8097.109827,-0.028740,0.112014,0.157120,0.411912,0.188693,0.343443,-0.015755
857200,90.2675,37,Ring_C2_Open,Ring,open,2,0.2675,Ring cycle 2: OPEN,3020,2861,2833,3228,2989,3149,2880,9551.627907,7882.820097,7632.488114,12658.823529,9188.607595,11317.758985,8059.259259,-0.025061,0.114596,0.161100,0.370848,0.209404,0.361969,-0.020356
857250,90.2785,37,Ring_C2_Open,Ring,open,2,0.2785,Ring cycle 2: OPEN,3025,2868,2824,3231,2984,3120,2888,9612.149533,7947.188264,7554.366640,12714.583333,9131.953195,10880.000000,8135.211268,-0.018884,0.123697,0.149216,0.376886,0.201948,0.309290,-0.011124
857300,90.3217,37,Ring_C2_Open,Ring,open,2,0.3217,Ring cycle 2: OPEN,3028,2862,2859,3257,2990,3132,2885,9648.734770,7891.970803,7864.563107,13214.558473,9200.000000,11057.943925,8106.611570,-0.015149,0.115889,0.196405,0.431030,0.210904,0.330703,-0.014600
857350,90.5178,37,Ring_C2_Open,Ring,open,2,0.5178,Ring cycle 2: OPEN,3039,2871,2853,3261,2991,3125,2878,9784.659091,7975.000000,7810.144928,13294.244604,9211.413043,10953.608247,8040.427280,-0.001276,0.127629,0.188127,0.439659,0.212406,0.318148,-0.022645
857400,90.5178,37,Ring_C2_Open,Ring,open,2,0.5178,Ring cycle 2: OPEN,3042,2869,2848,3266,2986,3136,2889,9822.222222,7956.443719,7765.196472,13394.933655,9154.553652,11118.248175,8144.776119,0.002558,0.125006,0.181289,0.450563,0.204922,0.337960,-0.009961
857450,90.5179,37,Ring_C2_Open,Ring,open,2,0.5179,Ring cycle 2: OPEN,3038,2858,2848,3232,2994,3137,2894,9772.185430,7855.456750,7765.196472,12733.256083,9245.776567,11133.402923,8192.839301,-0.002549,0.110726,0.181289,0.378908,0.216929,0.339784,-0.004119
857500,90.5179,37,Ring_C2_Open,Ring,open,2,0.5179,Ring cycle 2: OPEN,3045,2878,2846,3229,2994,3138,2890,9860.000000,8040.427280,7747.317854,12677.367206,9245.776567,11148.589342,8154.356846,0.006414,0.136880,0.178569,0.372856,0.216929,0.341612,-0.008797
857550,90.5721,37,Ring_C2_Open,Ring,open,2,0.5721,Ring cycle 2: OPEN,3037,2880,2832,3247,2984,3112,2882,9759.735350,8059.259259,7623.752969,13018.632075,9131.953195,10763.784334,8078.153339,-0.003820,0.139543,0.159771,0.409812,0.201948,0.295305,-0.018060
857600,90.7583,37,Ring_C2_Open,Ring,open,2,0.7583,Ring cycle 2: OPEN,3032,2875,2851,3265,2987,3114,2871,9697.836312,8012.295082,7792.122186,13374.698795,9165.884477,10792.660550,7975.000000,-0.010138,0.132903,0.185385,0.448372,0.206414,0.298779,-0.030598
857650,90.7583,37,Ring_C2_Open,Ring,open,2,0.7583,Ring cycle 2: OPEN,3039,2891,2825,3258,2986,3121,2862,9784.659091,8163.953488,7562.992126,13234.408602,9154.553652,10894.661191,7891.970803,-0.001276,0.154347,0.150528,0.433179,0.204922,0.311054,-0.040691
857700,90.7584,37,Ring_C2_Open,Ring,open,2,0.7584,Ring cycle 2: OPEN,3040,2892,2846,3255,2984,3142,2868,9797.156398,8173.566085,7747.317854,13175.000000,9131.953195,11209.653725,7947.188264,0.000000,0.155706,0.178569,0.426746,0.201948,0.348960,-0.033979
857750,90.7688,37,Ring_C2_Open,Ring,open,2,0.7688,Ring cycle 2: OPEN,3018,2880,2852,3257,2992,3119,2866,9527.576602,8059.259259,7801.126307,13214.558473,9222.846782,10865.368852,7928.722539,-0.027516,0.139543,0.186755,0.431030,0.213911,0.307529,-0.036224
857800,90.8451,37,Ring_C2_Open,Ring,open,2,0.8451,Ring cycle 2: OPEN,3019,2893,2848,3287,2990,3111,2858,9539.591078,8183.194676,7765.196472,13831.435644,9200.000000,10749.390244,7855.456750,-0.026290,0.157067,0.181289,0.497832,0.210904,0.293572,-0.045129
857850,91.0133,37,Ring_C2_Open,Ring,open,2,1.0133,Ring cycle 2: OPEN,3010,2903,2830,3265,2972,3099,2867,9432.258065,8280.369128,7606.324111,13374.698795,8998.040962,10578.915663,7937.947883,-0.037245,0.170807,0.157120,0.448372,0.184322,0.273058,-0.035102
857900,91.0134,37,Ring_C2_Open,Ring,open,2,1.0134,Ring cycle 2: OPEN,3009,2897,2845,3254,2981,3138,2865,9420.441989,8221.869783,7738.400000,13155.291320,9098.204668,11148.589342,7919.512195,-0.038451,0.162536,0.177212,0.424611,0.197506,0.341612,-0.037343
857950,91.0134,37,Ring_C2_Open,Ring,open,2,1.0134,Ring cycle 2: OPEN,3023,2912,2864,3273,2992,3142,2858,9587.873134,8369.230769,7910.316816,13537.956204,9222.846782,11209.653725,7855.456750,-0.021362,0.183372,0.203365,0.466051,0.213911,0.348960,-0.045129
858000,91.0134,37,Ring_C2_Open,Ring,open,2,1.0134,Ring cycle 2: OPEN,3011,2916,2840,3267,3011,3173,2872,9444.095941,8409.160305,7694.023904,13415.217391,9444.095941,11700.867679,7984.300899,-0.036037,0.189018,0.170462,0.452759,0.243032,0.408072,-0.029468
858050,91.0563,37,Ring_C2_Open,Ring,open,2,1.0563,Ring cycle 2: OPEN,3006,2913,2865,3257,2978,3175,2872,9385.123967,8379.187817,7919.512195,13214.558473,9064.637422,11733.695652,7984.300899,-0.042056,0.184780,0.204764,0.431030,0.193087,0.412023,-0.029468
858100,91.2621,37,Ring_C2_Open,Ring,open,2,1.2621,Ring cycle 2: OPEN,2996,2912,2843,3397,2982,3140,2883,9268.789809,8369.230769,7720.607029,16546.991404,9109.433962,11179.057592,8087.623762,-0.053931,0.183372,0.174506,0.791905,0.198984,0.345278,-0.016908
858150,91.2622,37,Ring_C2_Open,Ring,open,2,1.2622,Ring cycle 2: OPEN,2985,2900,2853,3463,2969,3199,2896,9143.243243,8251.046025,7810.144928,18630.063291,8965.008881,12139.062500,8212.176814,-0.066745,0.166661,0.188127,1.017485,0.179974,0.460804,-0.001768
858200,91.2622,37,Ring_C2_Open,Ring,open,2,1.2622,Ring cycle 2: OPEN,2978,2893,2904,3451,2962,3238,2897,9064.637422,8183.194676,8290.176322,18219.565217,8888.614298,12846.207701,8221.869783,-0.074769,0.157067,0.261152,0.973031,0.169919,0.545902,-0.000590
858250,91.2844,37,Ring_C2_Open,Ring,open,2,1.2844,Ring cycle 2: OPEN,2982,2897,2940,3457,2953,3249,2890,9109.433962,8221.869783,8654.545455,18422.884013,8791.768827,13057.446809,8154.356846,-0.070196,0.162536,0.316582,0.995049,0.157172,0.571322,-0.008797
858300,91.3058,37,Ring_C2_Open,Ring,open,2,1.3058,Ring cycle 2: OPEN,2982,2894,2868,3377,2954,3188,2894,9109.433962,8192.839301,7947.188264,15991.364903,8802.453988,11950.606395,8192.839301,-0.070196,0.158431,0.208974,0.731735,0.158579,0.438126,-0.004119
858350,91.3603,37,Ring_C2_Open,Ring,open,2,1.3603,Ring cycle 2: OPEN,2981,2897,2897,3350,2963,3256,2896,9098.204668,8221.869783,8221.869783,15288.590604,8899.469965,13194.755662,8212.176814,-0.071342,0.162536,0.250761,0.655630,0.171348,0.587846,-0.001768
858400,91.5223,37,Ring_C2_Open,Ring,open,2,1.5223,Ring cycle 2: OPEN,2987,2895,2873,3357,2958,3204,2885,9165.884477,8202.500000,7993.617021,15465.853659,8845.382586,12226.262626,8106.611570,-0.064434,0.159797,0.216037,0.674827,0.164229,0.471298,-0.014600
858450,91.5223,37,Ring_C2_Open,Ring,open,2,1.5223,Ring cycle 2: OPEN,2991,2888,2858,3299,2947,3185,2900,9211.413043,8135.211268,7855.456750,14091.206030,8728.048780,11900.000000,8251.046025,-0.059787,0.150282,0.195020,0.525963,0.148786,0.432036,0.002956
858500,91.5328,37,Ring_C2_Open,Ring,open,2,1.5328,Ring cycle 2: OPEN,2970,2881,2870,3284,2939,3205,2893,8976.000000,8068.698517,7965.714286,13767.694205,8644.117647,12243.820225,8183.194676,-0.083816,0.140878,0.211793,0.490930,0.137739,0.473411,-0.005291
858550,91.5656,37,Ring_C2_Open,Ring,open,2,1.5656,Ring cycle 2: OPEN,2988,2894,2875,3347,2937,3219,2882,9177.235772,8192.839301,8012.295082,15213.636364,8623.316062,12493.835616,8078.153339,-0.063276,0.158431,0.218879,0.647514,0.135001,0.503497,-0.018060
858600,91.6421,37,Ring_C2_Open,Ring,open,2,1.6421,Ring cycle 2: OPEN,2988,2894,2848,3289,2926,3193,2891,9177.235772,8192.839301,7765.196472,13874.193548,8510.179641,12035.698448,8163.953488,-0.063276,0.158431,0.181289,0.502463,0.120110,0.448366,-0.007630
858650,91.7919,37,Ring_C2_Open,Ring,open,2,1.7919,Ring cycle 2: OPEN,2985,2881,2873,3294,2935,3217,2891,9143.243243,8068.698517,7993.617021,13982.022472,8602.586207,12457.630979,8163.953488,-0.066745,0.140878,0.216037,0.514140,0.132272,0.499141,-0.007630
858700,91.7919,37,Ring_C2_Open,Ring,open,2,1.7919,Ring cycle 2: OPEN,2992,2884,2881,3316,2941,3183,2882,9222.846782,8097.109827,8068.698517,14472.913992,8664.991334,11866.447368,8078.153339,-0.058620,0.144895,0.227459,0.567299,0.140486,0.427998,-0.018060
858750,91.7919,37,Ring_C2_Open,Ring,open,2,1.7919,Ring cycle 2: OPEN,2994,2882,2889,3216,2940,3186,2892,9245.776567,8078.153339,8144.776119,12439.590444,8654.545455,11916.831683,8173.566085,-0.056280,0.142215,0.239033,0.347107,0.139111,0.434061,-0.006462
858800,91.8243,37,Ring_C2_Open,Ring,open,2,1.8243,Ring cycle 2: OPEN,2982,2881,2884,3224,2945,3139,2888,9109.433962,8068.698517,8097.109827,12585.074627,8706.956522,11163.807531,8135.211268,-0.070196,0.140878,0.231781,0.362862,0.146009,0.343443,-0.011124
858850,91.8685,37,Ring_C2_Open,Ring,open,2,1.8685,Ring cycle 2: OPEN,2991,2892,2894,3301,2943,3175,2877,9211.413043,8173.566085,8192.839301,14135.264484,8685.937500,11733.695652,8031.034483,-0.059787,0.155706,0.246344,0.530735,0.143243,0.412023,-0.023787
858900,92.0481,38,Ring_C2_Bend,Ring,bend,2,0.0481,Ring cycle 2: BEND Ring,2985,2894,2881,3306,2928,3182,2882,9143.243243,8192.839301,8068.698517,14246.387833,8530.591260,11849.726177,8078.153339,-0.066745,0.158431,0.227459,0.542768,0.122796,0.425986,-0.018060
858950,92.0484,38,Ring_C2_Bend,Ring,bend,2,0.0484,Ring cycle 2: BEND Ring,2971,2887,2882,3244,2943,3147,2868,8987.010676,8125.662252,8078.153339,12960.752056,8685.937500,11286.708861,7947.188264,-0.082692,0.148932,0.228898,0.403544,0.143243,0.358233,-0.033979
859000,92.0485,38,Ring_C2_Bend,Ring,bend,2,0.0485,Ring cycle 2: BEND Ring,2979,2895,2879,3264,2938,3150,2857,9075.806452,8202.500000,8049.835526,13354.512635,8633.707865,11333.333333,7846.365105,-0.073629,0.159797,0.224590,0.446186,0.136369,0.363844,-0.046235
859050,92.0591,38,Ring_C2_Bend,Ring,bend,2,0.0591,Ring cycle 2: BEND Ring,2979,2883,2849,3237,2925,3125,2861,9075.806452,8087.623762,7774.157303,12827.272727,8500.000000,10953.608247,7882.820097,-0.073629,0.143554,0.182652,0.389090,0.118770,0.318148,-0.041803
859100,92.1028,38,Ring_C2_Bend,Ring,bend,2,0.1028,Ring cycle 2: BEND Ring,2976,2878,2860,3364,2934,3055,2859,9042.359249,8040.427280,7873.684211,15646.511628,8592.248062,9987.500000,7864.563107,-0.077042,0.136880,0.197793,0.694390,0.130912,0.201887,-0.044023
859150,92.3127,38,Ring_C2_Bend,Ring,bend,2,0.3127,Ring cycle 2: BEND Ring,2985,2880,2849,3189,2931,3050,2848,9143.243243,8059.259259,7774.157303,11967.549669,8561.340206,9923.444976,7765.196472,-0.066745,0.139543,0.182652,0.295989,0.126843,0.194179,-0.056101
859200,92.3128,38,Ring_C2_Bend,Ring,bend,2,0.3128,Ring cycle 2: BEND Ring,2986,2886,2844,3304,2930,3093,2860,9154.553652,8116.129032,7729.496403,14201.769912,8551.072961,10495.209581,7873.684211,-0.065591,0.147584,0.175858,0.537937,0.125492,0.262984,-0.042914
859250,92.3128,38,Ring_C2_Bend,Ring,bend,2,0.3128,Ring cycle 2: BEND Ring,2982,2874,2861,3293,2933,3088,2855,9109.433962,8002.948403,7882.820097,13960.349127,8581.927711,10426.216485,7828.225806,-0.070196,0.131581,0.199182,0.511793,0.129553,0.254682,-0.048440
859300,92.3128,38,Ring_C2_Bend,Ring,bend,2,0.3128,Ring cycle 2: BEND Ring,2988,2875,2847,3276,2927,3062,2846,9177.235772,8012.295082,7756.250000,13600.000000,8520.376712,10078.218780,7747.317854,-0.063276,0.132903,0.179928,0.472770,0.121452,0.212804,-0.058274
859350,92.4003,38,Ring_C2_Bend,Ring,bend,2,0.4003,Ring cycle 2: BEND Ring,2988,2882,2833,3244,2921,3045,2858,9177.235772,8078.153339,7632.488114,12960.752056,8459.454855,9860.000000,7855.456750,-0.063276,0.142215,0.161100,0.403544,0.113433,0.186544,-0.045129
859400,92.4115,38,Ring_C2_Bend,Ring,bend,2,0.4115,Ring cycle 2: BEND Ring,2974,2866,2849,3240,2935,3093,2854,9020.160571,7928.722539,7774.157303,12884.210526,8602.586207,10495.209581,7819.178082,-0.079308,0.121086,0.182652,0.395256,0.132272,0.262984,-0.049539
859450,92.5606,38,Ring_C2_Bend,Ring,bend,2,0.5606,Ring cycle 2: BEND Ring,2982,2870,2854,3218,2934,3092,2844,9109.433962,7965.714286,7819.178082,12475.712657,8592.248062,10481.355932,7729.496403,-0.070196,0.126316,0.189501,0.351019,0.130912,0.261317,-0.060441
859500,92.5607,38,Ring_C2_Bend,Ring,bend,2,0.5607,Ring cycle 2: BEND Ring,2975,2873,2836,3260,2925,3098,2858,9031.250000,7993.617021,7658.776807,13274.251497,8500.000000,10564.894684,7855.456750,-0.078176,0.130262,0.165100,0.437494,0.118770,0.271370,-0.045129
859550,92.5711,38,Ring_C2_Bend,Ring,bend,2,0.5711,Ring cycle 2: BEND Ring,2977,2869,2853,3254,2932,3089,2856,9053.488372,7956.443719,7810.144928,13155.291320,8571.625107,10439.960239,7837.288136,-0.075907,0.125006,0.188127,0.424611,0.128197,0.256336,-0.047338
859600,92.6149,38,Ring_C2_Bend,Ring,bend,2,0.6149,Ring cycle 2: BEND Ring,2986,2875,2843,3249,2929,3075,2845,9154.553652,8012.295082,7720.607029,13057.446809,8540.823328,10250.000000,7738.400000,-0.065591,0.132903,0.174506,0.414016,0.124143,0.233476,-0.059358
859650,92.6586,38,Ring_C2_Bend,Ring,bend,2,0.6586,Ring cycle 2: BEND Ring,2983,2875,2849,3241,2924,3083,2855,9120.683453,8012.295082,7774.157303,12903.278689,8489.837746,10357.905138,7828.225806,-0.069048,0.132903,0.182652,0.397321,0.117432,0.246461,-0.048440
859700,92.8027,38,Ring_C2_Bend,Ring,bend,2,0.8027,Ring cycle 2: BEND Ring,2977,2872,2860,3282,2938,3077,2856,9053.488372,7984.300899,7873.684211,13725.461255,8633.707865,10276.817289,7837.288136,-0.075907,0.128944,0.197793,0.486356,0.136369,0.236703,-0.047338
859750,92.8028,38,Ring_C2_Bend,Ring,bend,2,0.8028,Ring cycle 2: BEND Ring,2986,2877,2870,3271,2927,3073,2849,9154.553652,8031.034483,7965.714286,13496.844660,8520.376712,10223.287671,7774.157303,-0.065591,0.135552,0.211793,0.461599,0.121452,0.230262,-0.055012
859800,92.8446,38,Ring_C2_Bend,Ring,bend,2,0.8446,Ring cycle 2: BEND Ring,2985,2880,2840,3302,2918,3085,2857,9143.243243,8059.259259,7694.023904,14157.377049,8429.226848,10385.148515,7846.365105,-0.066745,0.139543,0.170462,0.533129,0.109455,0.249740,-0.046235
859850,92.8551,38,Ring_C2_Bend,Ring,bend,2,0.8551,Ring cycle 2: BEND Ring,2977,2874,2846,3284,2927,3029,2858,9053.488372,8002.948403,7747.317854,13767.694205,8520.376712,9660.975610,7855.456750,-0.075907,0.131581,0.178569,0.490930,0.121452,0.162593,-0.045129
859900,92.9204,38,Ring_C2_Bend,Ring,bend,2,0.9204,Ring cycle 2: BEND Ring,2988,2889,2857,3215,2925,3016,2847,9177.235772,8144.776119,7846.365105,12421.590909,8500.000000,9503.614458,7756.250000,-0.063276,0.151635,0.193637,0.345158,0.118770,0.143657,-0.057189
859950,93.0333,38,Ring_C2_Bend,Ring,bend,2,1.0333,Ring cycle 2: BEND Ring,2992,2884,2824,3314,2909,3103,2859,9222.846782,8097.109827,7554.366640,14427.144686,8339.460371,10635.282258,7864.563107,-0.058620,0.144895,0.149216,0.562343,0.097640,0.279841,-0.044023
860000,93.0334,38,Ring_C2_Bend,Ring,bend,2,1.0334,Ring cycle 2: BEND Ring,2987,2880,2878,3467,2921,3129,2859,9165.884477,8059.259259,8040.427280,18770.382166,8459.454855,11013.043478,7864.563107,-0.064434,0.139543,0.223159,1.032680,0.113433,0.325300,-0.044023
860050,93.0767,38,Ring_C2_Bend,Ring,bend,2,1.0767,Ring cycle 2: BEND Ring,2998,2889,2928,3427,2918,3095,2850,9291.886964,8144.776119,8530.591260,17442.814371,8429.226848,10523.000000,7783.132530,-0.051573,0.151635,0.297725,0.888915,0.109455,0.266329,-0.053921
860100,93.1094,38,Ring_C2_Bend,Ring,bend,2,1.1094,Ring cycle 2: BEND Ring,3001,2900,2914,3412,2913,3108,2863,9326.691042,8251.046025,8389.161727,16985.065886,8379.187817,10706.382979,7901.136364,-0.048021,0.166661,0.276210,0.839345,0.102869,0.288397,-0.039577
860150,93.1746,38,Ring_C2_Bend,Ring,bend,2,1.1746,Ring cycle 2: BEND Ring,2995,2909,2958,3374,2943,3189,2863,9257.272727,8339.460371,8845.382586,15910.679612,8685.937500,11967.549669,7901.136364,-0.055106,0.179162,0.345613,0.722998,0.143243,0.440165,-0.039577
860200,93.2968,38,Ring_C2_Bend,Ring,bend,2,1.2968,Ring cycle 2: BEND Ring,3009,2908,2941,3404,2955,3190,2859,9420.441989,8329.570345,8664.991334,16749.059334,8813.157895,11984.530387,7864.563107,-0.038451,0.177764,0.318171,0.813787,0.159988,0.442208,-0.044023
860250,93.2969,38,Ring_C2_Bend,Ring,bend,2,1.2969,Ring cycle 2: BEND Ring,3005,2928,2908,3333,2957,3206,2866,9373.394495,8530.591260,8329.570345,14871.653543,8834.622144,12261.417323,7928.722539,-0.043254,0.206187,0.267145,0.610480,0.162813,0.475528,-0.036224
860300,93.3401,38,Ring_C2_Bend,Ring,bend,2,1.3401,Ring cycle 2: BEND Ring,2986,2922,2901,3375,2980,3100,2868,9154.553652,8469.565217,8260.804020,15937.500000,9086.995516,10592.964824,7947.188264,-0.065591,0.197559,0.256684,0.725902,0.196030,0.274748,-0.033979
860350,93.3841,38,Ring_C2_Bend,Ring,bend,2,1.3841,Ring cycle 2: BEND Ring,3010,2920,2882,3344,2967,3147,2874,9432.258065,8449.361702,8078.153339,15139.280959,8943.085106,11286.708861,8002.948403,-0.037245,0.194702,0.228898,0.639461,0.177089,0.358233,-0.027201
860400,93.4282,38,Ring_C2_Bend,Ring,bend,2,1.4282,Ring cycle 2: BEND Ring,2997,2911,2866,3356,2990,3188,2887,9280.327869,8359.290541,7928.722539,15440.324763,9200.000000,11950.606395,8125.662252,-0.052753,0.181966,0.206165,0.672062,0.210904,0.438126,-0.012285
860450,93.5717,38,Ring_C2_Bend,Ring,bend,2,1.5717,Ring cycle 2: BEND Ring,3006,2892,2890,3328,2979,3156,2873,9385.123967,8173.566085,8154.356846,14752.542373,9075.806452,11427.476038,7993.617021,-0.042056,0.155706,0.240490,0.597581,0.194558,0.375173,-0.028335
860500,93.5717,38,Ring_C2_Bend,Ring,bend,2,1.5717,Ring cycle 2: BEND Ring,3004,2892,2877,3332,2965,3190,2862,9361.686526,8173.566085,8031.034483,14847.706422,8921.238938,11984.530387,7891.970803,-0.044449,0.155706,0.221730,0.607886,0.174213,0.442208,-0.040691
860550,93.5717,38,Ring_C2_Bend,Ring,bend,2,1.5717,Ring cycle 2: BEND Ring,3001,2886,2880,3306,2959,3183,2869,9326.691042,8116.129032,8059.259259,14246.387833,8856.161972,11866.447368,7956.443719,-0.048021,0.147584,0.226023,0.542768,0.165648,0.427998,-0.032854
860600,93.6043,38,Ring_C2_Bend,Ring,bend,2,1.6043,Ring cycle 2: BEND Ring,3012,2879,2910,3312,2949,3178,2869,9455.955679,8049.835526,8349.367089,14381.609195,8749.214660,11783.206107,7956.443719,-0.034827,0.138211,0.270156,0.557412,0.151572,0.417981,-0.032854
860650,93.8230,38,Ring_C2_Bend,Ring,bend,2,1.8230,Ring cycle 2: BEND Ring,3020,2881,2905,3309,2947,3145,2859,9551.627907,8068.698517,8300.000000,14313.740458,8728.048780,11255.789474,7864.563107,-0.025061,0.140878,0.262646,0.550062,0.148786,0.354512,-0.044023
860700,93.8230,38,Ring_C2_Bend,Ring,bend,2,1.8230,Ring cycle 2: BEND Ring,3006,2880,2879,3306,2928,3163,2866,9385.123967,8059.259259,8049.835526,14246.387833,8530.591260,11538.841202,7928.722539,-0.042056,0.139543,0.224590,0.542768,0.122796,0.388574,-0.036224
860750,93.8231,38,Ring_C2_Bend,Ring,bend,2,1.8231,Ring cycle 2: BEND Ring,2998,2870,2885,3269,2942,3125,2865,9291.886964,7965.714286,8106.611570,13455.932203,8675.455334,10953.608247,7919.512195,-0.051573,0.126316,0.233227,0.457168,0.141863,0.318148,-0.037343
860800,93.8231,38,Ring_C2_Bend,Ring,bend,2,1.8231,Ring cycle 2: BEND Ring,3003,2876,2880,3284,2940,3134,2852,9350.000000,8021.657096,8059.259259,13767.694205,8654.545455,11088.033299,7801.126307,-0.045641,0.134226,0.226023,0.490930,0.139111,0.334324,-0.051734
860850,93.8772,38,Ring_C2_Bend,Ring,bend,2,1.8772,Ring cycle 2: BEND Ring,2995,2878,2877,3265,2934,3115,2863,9257.272727,8040.427280,8031.034483,13374.698795,8592.248062,10807.142857,7901.136364,-0.055106,0.136880,0.221730,0.448372,0.130912,0.300522,-0.039577
860900,93.9208,38,Ring_C2_Bend,Ring,bend,2,1.9208,Ring cycle 2: BEND Ring,2990,2863,2870,3298,2956,3110,2863,9200.000000,7901.136364,7965.714286,14069.259724,8823.880597,10735.025381,7901.136364,-0.060952,0.117185,0.211793,0.523587,0.161399,0.291844,-0.039577
860950,94.0791,39,Ring_C3_Open,Ring,open,3,0.0791,Ring cycle 3: OPEN,2996,2872,2871,3283,2955,3117,2852,9268.789809,7984.300899,7975.000000,13746.551724,8813.157895,10836.196319,7801.126307,-0.053931,0.128944,0.213205,0.488640,0.159988,0.304019,-0.051734
861000,94.0794,39,Ring_C3_Open,Ring,open,3,0.0794,Ring cycle 3: OPEN,2992,2866,2855,3295,2937,3113,2862,9222.846782,7928.722539,7828.225806,14003.750000,8623.316062,10778.207739,7891.970803,-0.058620,0.121086,0.190877,0.516493,0.135001,0.297040,-0.040691
861050,94.0795,39,Ring_C3_Open,Ring,open,3,0.0795,Ring cycle 3: OPEN,2982,2857,2862,3281,2938,3106,2861,9109.433962,7846.365105,7891.970803,13704.422604,8633.707865,10677.856421,7882.820097,-0.070196,0.109441,0.200574,0.484078,0.136369,0.284964,-0.041803
861100,94.1119,39,Ring_C3_Open,Ring,open,3,0.1119,Ring cycle 3: OPEN,2993,2864,2854,3256,2944,3065,2852,9234.301270,7910.316816,7819.178082,13194.755662,8696.437880,10117.475728,7801.126307,-0.057451,0.118483,0.189501,0.428885,0.144625,0.217528,-0.051734
861150,94.1774,39,Ring_C3_Open,Ring,open,3,0.1774,Ring cycle 3: OPEN,2987,2867,2839,3255,2930,3066,2862,9165.884477,7937.947883,7685.191083,13175.000000,8551.072961,10130.612245,7891.970803,-0.064434,0.122390,0.169118,0.426746,0.125492,0.219109,-0.040691
861200,94.3477,39,Ring_C3_Open,Ring,open,3,0.3477,Ring cycle 3: OPEN,2987,2860,2849,3248,2957,3101,2859,9165.884477,7873.684211,7774.157303,13038.016529,8834.622144,10607.042254,7864.563107,-0.064434,0.113304,0.182652,0.411912,0.162813,0.276442,-0.044023
861250,94.3477,39,Ring_C3_Open,Ring,open,3,0.3477,Ring cycle 3: OPEN,3000,2869,2832,3252,2938,3084,2849,9315.068493,7956.443719,7623.752969,13116.014235,8633.707865,10371.513353,7774.157303,-0.049207,0.125006,0.159771,0.420358,0.136369,0.248099,-0.055012
861300,94.3478,39,Ring_C3_Open,Ring,open,3,0.3478,Ring cycle 3: OPEN,3000,2859,2824,3253,2921,3098,2862,9315.068493,7864.563107,7554.366640,13135.629454,8459.454855,10564.894684,7891.970803,-0.049207,0.112014,0.149216,0.422482,0.113433,0.271370,-0.040691
861350,94.3586,39,Ring_C3_Open,Ring,open,3,0.3586,Ring cycle 3: OPEN,2989,2857,2831,3257,2932,3102,2860,9188.607595,7846.365105,7615.031646,13214.558473,8571.625107,10621.148036,7873.684211,-0.062115,0.109441,0.158445,0.431030,0.128197,0.278140,-0.042914
861400,94.4356,39,Ring_C3_Open,Ring,open,3,0.4356,Ring cycle 3: OPEN,3000,2858,2837,3260,2934,3070,2846,9315.068493,7855.456750,7667.567568,13274.251497,8592.248062,10183.414634,7747.317854,-0.049207,0.110726,0.166437,0.437494,0.130912,0.225463,-0.058274
861450,94.5889,39,Ring_C3_Open,Ring,open,3,0.5889,Ring cycle 3: OPEN,2994,2861,2830,3248,2921,3105,2859,9245.776567,7882.820097,7606.324111,13038.016529,8459.454855,10663.636364,7864.563107,-0.056280,0.114596,0.157120,0.411912,0.113433,0.283253,-0.044023
861500,94.5889,39,Ring_C3_Open,Ring,open,3,0.5889,Ring cycle 3: OPEN,2980,2851,2835,3286,2928,3102,2857,9086.995516,7792.122186,7650.000000,13810.135970,8530.591260,10621.148036,7846.365105,-0.072486,0.101771,0.163764,0.495526,0.122796,0.278140,-0.046235
861550,94.5890,39,Ring_C3_Open,Ring,open,3,0.5890,Ring cycle 3: OPEN,2986,2856,2829,3270,2930,3094,2847,9154.553652,7837.288136,7597.630332,13476.363636,8551.072961,10509.090909,7756.250000,-0.065591,0.108157,0.155798,0.459381,0.125492,0.264655,-0.057189
861600,94.6105,39,Ring_C3_Open,Ring,open,3,0.6105,Ring cycle 3: OPEN,2985,2855,2817,3263,2926,3098,2858,9143.243243,7828.225806,7494.366197,13334.375000,8510.179641,10564.894684,7855.456750,-0.066745,0.106876,0.140088,0.444005,0.120110,0.271370,-0.045129
861650,94.6873,39,Ring_C3_Open,Ring,open,3,0.6873,Ring cycle 3: OPEN,2985,2848,2833,3260,2928,3096,2856,9143.243243,7765.196472,7632.488114,13274.251497,8530.591260,10536.936937,7837.288136,-0.066745,0.097964,0.161100,0.437494,0.122796,0.268006,-0.047338
861700,94.8403,39,Ring_C3_Open,Ring,open,3,0.8403,Ring cycle 3: OPEN,2988,2855,2824,3259,2926,3103,2844,9177.235772,7828.225806,7554.366640,13254.306220,8510.179641,10635.282258,7729.496403,-0.063276,0.106876,0.149216,0.435334,0.120110,0.279841,-0.060441
861750,94.8403,39,Ring_C3_Open,Ring,open,3,0.8403,Ring cycle 3: OPEN,2987,2850,2814,3255,2919,3102,2854,9165.884477,7783.132530,7468.852459,13175.000000,8439.285714,10621.148036,7819.178082,-0.064434,0.100500,0.136207,0.426746,0.110779,0.278140,-0.049539
861800,94.8404,39,Ring_C3_Open,Ring,open,3,0.8404,Ring cycle 3: OPEN,2977,2851,2820,3254,2923,3107,2854,9053.488372,7792.122186,7520.000000,13155.291320,8479.692833,10692.105263,7819.178082,-0.075907,0.101771,0.143988,0.424611,0.116097,0.286679,-0.049539
861850,94.8939,39,Ring_C3_Open,Ring,open,3,0.8939,Ring cycle 3: OPEN,2977,2861,2820,3257,2923,3095,2844,9053.488372,7882.820097,7520.000000,13214.558473,8479.692833,10523.000000,7729.496403,-0.075907,0.114596,0.143988,0.431030,0.116097,0.266329,-0.060441
861900,94.9161,39,Ring_C3_Open,Ring,open,3,0.9161,Ring cycle 3: OPEN,2977,2860,2813,3243,2912,3094,2856,9053.488372,7873.684211,7460.374415,12941.549296,8369.230769,10509.090909,7837.288136,-0.075907,0.113304,0.134917,0.401465,0.101558,0.264655,-0.047338
861950,95.0904,39,Ring_C3_Open,Ring,open,3,1.0904,Ring cycle 3: OPEN,2964,2855,2818,3230,2917,3092,2853,8910.344828,7828.225806,7502.897416,12695.953757,8419.185059,10481.355932,7810.144928,-0.090517,0.106876,0.141386,0.374869,0.108133,0.261317,-0.050637
862000,95.0905,39,Ring_C3_Open,Ring,open,3,1.0905,Ring cycle 3: OPEN,2968,2864,2829,3247,2919,3061,2844,8954.037267,7910.316816,7597.630332,13018.632075,8439.285714,10065.183752,7729.496403,-0.086058,0.118483,0.155798,0.409812,0.110779,0.211236,-0.060441
862050,95.0905,39,Ring_C3_Open,Ring,open,3,1.0905,Ring cycle 3: OPEN,2972,2858,2802,3250,2911,3115,2857,8998.040962,7855.456750,7367.981439,13076.923077,8359.290541,10807.142857,7846.365105,-0.081566,0.110726,0.120862,0.416125,0.100250,0.300522,-0.046235
862100,95.1225,39,Ring_C3_Open,Ring,open,3,1.1225,Ring cycle 3: OPEN,2989,2846,2816,3279,2933,3119,2860,9188.607595,7747.317854,7485.848319,13662.500000,8581.927711,10865.368852,7873.684211,-0.062115,0.095436,0.138793,0.479538,0.129553,0.307529,-0.042914
862150,95.1769,39,Ring_C3_Open,Ring,open,3,1.1769,Ring cycle 3: OPEN,3033,2875,2847,3365,2935,3167,2856,9710.169492,8012.295082,7756.250000,15672.602740,8602.586207,11603.232759,7837.288136,-0.008879,0.132903,0.179928,0.697216,0.132272,0.396323,-0.047338
862200,95.3388,39,Ring_C3_Open,Ring,open,3,1.3388,Ring cycle 3: OPEN,3042,2876,2862,3495,2935,3257,2868,9822.222222,8021.657096,7891.970803,19805.000000,8602.586207,13214.558473,7947.188264,0.002558,0.134226,0.200574,1.144721,0.132272,0.590229,-0.033979
862250,95.3389,39,Ring_C3_Open,Ring,open,3,1.3389,Ring cycle 3: OPEN,3023,2882,2894,3550,2951,3283,2868,9587.873134,8078.153339,8192.839301,22146.788991,8770.454545,13746.551724,7947.188264,-0.021362,0.142215,0.246344,1.398318,0.154367,0.654248,-0.033979
862300,95.3389,39,Ring_C3_Open,Ring,open,3,1.3389,Ring cycle 3: OPEN,3048,2893,2903,3433,2939,3215,2862,9897.994269,8183.194676,8280.369128,17631.722054,8644.117647,12421.590909,7891.970803,0.010293,0.157067,0.259660,0.909373,0.137739,0.494804,-0.040691
862350,95.3822,39,Ring_C3_Open,Ring,open,3,1.3822,Ring cycle 3: OPEN,3047,2891,2875,3365,2939,3268,2871,9885.305344,8163.953488,8012.295082,15672.602740,8644.117647,13435.550181,7975.000000,0.008997,0.154347,0.218879,0.697216,0.137739,0.616823,-0.030598
862400,95.4036,39,Ring_C3_Open,Ring,open,3,1.4036,Ring cycle 3: OPEN,3033,2884,2888,3261,2945,3266,2872,9710.169492,8097.109827,8135.211268,13294.244604,8706.956522,13394.933655,7984.300899,-0.008879,0.144895,0.237578,0.439659,0.146009,0.611935,-0.029468
862450,95.6159,39,Ring_C3_Open,Ring,open,3,1.6159,Ring cycle 3: OPEN,3037,2893,2898,3314,2940,3210,2863,9759.735350,8183.194676,8231.578947,14427.144686,8654.545455,12332.203390,7901.136364,-0.003820,0.157067,0.252238,0.562343,0.139111,0.484047,-0.039577
862500,95.6160,39,Ring_C3_Open,Ring,open,3,1.6160,Ring cycle 3: OPEN,3035,2890,2878,3374,2927,3216,2867,9734.905660,8154.356846,8040.427280,15910.679612,8520.376712,12439.590444,7937.947883,-0.006354,0.152990,0.223159,0.722998,0.121452,0.496970,-0.035102
862550,95.6160,39,Ring_C3_Open,Ring,open,3,1.6160,Ring cycle 3: OPEN,3028,2873,2883,3250,2940,3190,2866,9648.734770,7993.617021,8087.623762,13076.923077,8654.545455,11984.530387,7928.722539,-0.015149,0.130262,0.230338,0.416125,0.139111,0.442208,-0.036224
862600,95.6262,39,Ring_C3_Open,Ring,open,3,1.6262,Ring cycle 3: OPEN,3018,2878,2880,3190,2934,3211,2857,9527.576602,8040.427280,8059.259259,11984.530387,8592.248062,12350.000000,7846.365105,-0.027516,0.136880,0.226023,0.297828,0.130912,0.486188,-0.046235
862650,95.6591,39,Ring_C3_Open,Ring,open,3,1.6591,Ring cycle 3: OPEN,2999,2874,2871,3290,2928,3171,2865,9303.467153,8002.948403,7975.000000,13895.652174,8530.591260,11668.181818,7919.512195,-0.050391,0.131581,0.213205,0.504787,0.122796,0.404139,-0.037343
862700,95.8527,39,Ring_C3_Open,Ring,open,3,1.8527,Ring cycle 3: OPEN,2989,2876,2872,3239,2944,3139,2864,9188.607595,8021.657096,7984.300899,12865.186916,8696.437880,11163.807531,7910.316816,-0.062115,0.134226,0.214620,0.393195,0.144625,0.343443,-0.038461
862750,95.8528,39,Ring_C3_Open,Ring,open,3,1.8528,Ring cycle 3: OPEN,2992,2879,2853,3184,2938,3151,2854,9222.846782,8049.835526,7810.144928,11883.205269,8633.707865,11348.940678,7819.178082,-0.058620,0.138211,0.188127,0.286855,0.136369,0.365722,-0.049539
862800,95.8528,39,Ring_C3_Open,Ring,open,3,1.8528,Ring cycle 3: OPEN,2988,2873,2834,3247,2941,3127,2863,9177.235772,7993.617021,7641.237113,13018.632075,8664.991334,10983.264463,7901.136364,-0.063276,0.130262,0.162431,0.409812,0.140486,0.321717,-0.039577
862850,95.8528,39,Ring_C3_Open,Ring,open,3,1.8528,Ring cycle 3: OPEN,2977,2864,2840,3268,2946,3079,2864,9053.488372,7910.316816,7694.023904,13435.550181,8717.493473,10303.740157,7910.316816,-0.075907,0.118483,0.170462,0.454961,0.147396,0.239943,-0.038461
862900,95.9189,39,Ring_C3_Open,Ring,open,3,1.9189,Ring cycle 3: OPEN,2981,2866,2851,3252,2942,3095,2856,9098.204668,7928.722539,7792.122186,13116.014235,8675.455334,10523.000000,7837.288136,-0.071342,0.121086,0.185385,0.420358,0.141863,0.266329,-0.047338
862950,95.9734,39,Ring_C3_Open,Ring,open,3,1.9734,Ring cycle 3: OPEN,2979,2866,2855,3254,2929,3118,2864,9075.806452,7928.722539,7828.225806,13155.291320,8540.823328,10850.767656,7910.316816,-0.073629,0.121086,0.190877,0.424611,0.124143,0.305772,-0.038461
863000,96.1240,40,Ring_C3_Bend,Ring,bend,3,0.1240,Ring cycle 3: BEND Ring,2966,2859,2871,3251,2934,3131,2864,8932.152347,7864.563107,7975.000000,13096.445498,8592.248062,11042.946058,7910.316816,-0.088291,0.112014,0.213205,0.418239,0.130912,0.328899,-0.038461
863050,96.1243,40,Ring_C3_Bend,Ring,bend,3,0.1243,Ring cycle 3: BEND Ring,2976,2861,2861,3198,2927,3056,2854,9042.359249,7882.820097,7882.820097,12121.739130,8520.376712,10000.384986,7819.178082,-0.077042,0.114596,0.199182,0.312686,0.121452,0.203438,-0.049539
863100,96.1243,40,Ring_C3_Bend,Ring,bend,3,0.1243,Ring cycle 3: BEND Ring,2975,2861,2865,3281,2920,3038,2862,9031.250000,7882.820097,7919.512195,13704.422604,8449.361702,9772.185430,7891.970803,-0.078176,0.114596,0.204764,0.484078,0.112105,0.175976,-0.040691
863150,96.1679,40,Ring_C3_Bend,Ring,bend,3,0.1679,Ring cycle 3: BEND Ring,2969,2847,2880,3265,2931,3088,2863,8965.008881,7756.250000,8059.259259,13374.698795,8561.340206,10426.216485,7901.136364,-0.084938,0.096699,0.226023,0.448372,0.126843,0.254682,-0.039577
863200,96.2337,40,Ring_C3_Bend,Ring,bend,3,0.2337,Ring cycle 3: BEND Ring,2979,2872,2887,3234,2940,3060,2856,9075.806452,7984.300899,8125.662252,12770.731707,8654.545455,10052.173913,7837.288136,-0.073629,0.128944,0.236125,0.382967,0.139111,0.209670,-0.047338
863250,96.3924,40,Ring_C3_Bend,Ring,bend,3,0.3924,Ring cycle 3: BEND Ring,2980,2863,2877,3230,2928,3048,2865,9086.995516,7901.136364,8031.034483,12695.953757,8530.591260,9897.994269,7919.512195,-0.072486,0.117185,0.221730,0.374869,0.122796,0.191116,-0.037343
863300,96.3925,40,Ring_C3_Bend,Ring,bend,3,0.3925,Ring cycle 3: BEND Ring,2967,2869,2881,3251,2930,3036,2863,8943.085106,7956.443719,8068.698517,13096.445498,8551.072961,9747.308782,7901.136364,-0.087175,0.125006,0.227459,0.418239,0.125492,0.172983,-0.039577
863350,96.3925,40,Ring_C3_Bend,Ring,bend,3,0.3925,Ring cycle 3: BEND Ring,2976,2866,2877,3181,2929,3063,2850,9042.359249,7928.722539,8031.034483,11833.041575,8540.823328,10091.279070,7783.132530,-0.077042,0.121086,0.221730,0.281423,0.124143,0.214376,-0.053921
863400,96.4148,40,Ring_C3_Bend,Ring,bend,3,0.4148,Ring cycle 3: BEND Ring,2979,2869,2864,3163,2918,3066,2861,9075.806452,7956.443719,7910.316816,11538.841202,8429.226848,10130.612245,7882.820097,-0.073629,0.125006,0.203365,0.249563,0.109455,0.219109,-0.041803
863450,96.4592,40,Ring_C3_Bend,Ring,bend,3,0.4592,Ring cycle 3: BEND Ring,2963,2860,2861,3150,2927,3005,2862,8899.469965,7873.684211,7882.820097,11333.333333,8520.376712,9373.394495,7891.970803,-0.091627,0.113304,0.199182,0.227308,0.121452,0.127986,-0.040691
863500,96.6426,40,Ring_C3_Bend,Ring,bend,3,0.6426,Ring cycle 3: BEND Ring,2967,2867,2852,3133,2925,3002,2848,8943.085106,7937.947883,7801.126307,11072.972973,8500.000000,9338.334858,7765.196472,-0.087175,0.122390,0.186755,0.199113,0.118770,0.123767,-0.056101
863550,96.6427,40,Ring_C3_Bend,Ring,bend,3,0.6427,Ring cycle 3: BEND Ring,2977,2869,2846,3114,2916,3029,2857,9053.488372,7956.443719,7747.317854,10792.660550,8409.160305,9660.975610,7846.365105,-0.075907,0.125006,0.178569,0.168758,0.106814,0.162593,-0.046235
863600,96.6427,40,Ring_C3_Bend,Ring,bend,3,0.6427,Ring cycle 3: BEND Ring,2958,2863,2887,3249,2927,3024,2858,8845.382586,7901.136364,8125.662252,13057.446809,8520.376712,9600.000000,7855.456750,-0.097148,0.117185,0.236125,0.414016,0.121452,0.155256,-0.045129
863650,96.6974,40,Ring_C3_Bend,Ring,bend,3,0.6974,Ring cycle 3: BEND Ring,2961,2871,2874,3189,2922,2997,2846,8877.777778,7975.000000,8002.948403,11967.549669,8469.565217,9280.327869,7747.317854,-0.093841,0.127629,0.217457,0.295989,0.114764,0.116787,-0.058274
863700,96.7299,40,Ring_C3_Bend,Ring,bend,3,0.7299,Ring cycle 3: BEND Ring,2959,2866,2873,3144,2916,3016,2860,8856.161972,7928.722539,7993.617021,11240.378549,8409.160305,9503.614458,7873.684211,-0.096048,0.121086,0.216037,0.217242,0.106814,0.143657,-0.042914
863750,96.8878,40,Ring_C3_Bend,Ring,bend,3,0.8878,Ring cycle 3: BEND Ring,2951,2847,2895,3164,2925,2993,2855,8770.454545,7756.250000,8202.500000,11554.887218,8500.000000,9234.301270,7828.225806,-0.104796,0.096699,0.247814,0.251301,0.118770,0.111248,-0.048440
863800,96.8879,40,Ring_C3_Bend,Ring,bend,3,0.8879,Ring cycle 3: BEND Ring,2962,2859,2894,3164,2924,2975,2844,8888.614298,7864.563107,8192.839301,11554.887218,8489.837746,9031.250000,7729.496403,-0.092735,0.112014,0.246344,0.251301,0.117432,0.086813,-0.060441
863850,96.8879,40,Ring_C3_Bend,Ring,bend,3,0.8879,Ring cycle 3: BEND Ring,2962,2854,2871,3168,2915,2976,2854,8888.614298,7819.178082,7975.000000,11619.417476,8399.152542,9042.359249,7819.178082,-0.092735,0.105597,0.213205,0.258289,0.105496,0.088150,-0.049539
863900,96.9308,40,Ring_C3_Bend,Ring,bend,3,0.9308,Ring cycle 3: BEND Ring,2956,2841,2880,3195,2923,2978,2857,8823.880597,7702.870813,8059.259259,12070.000000,8479.692833,9064.637422,7846.365105,-0.099343,0.089151,0.226023,0.307083,0.116097,0.090831,-0.046235
863950,96.9964,40,Ring_C3_Bend,Ring,bend,3,0.9964,Ring cycle 3: BEND Ring,2961,2845,2870,3252,2918,2969,2845,8877.777778,7738.400000,7965.714286,13116.014235,8429.226848,8965.008881,7738.400000,-0.093841,0.094175,0.211793,0.420358,0.109455,0.078841,-0.059358
864000,97.1501,40,Ring_C3_Bend,Ring,bend,3,1.1501,Ring cycle 3: BEND Ring,2963,2849,2851,3194,2911,2980,2859,8899.469965,7774.157303,7792.122186,12052.830189,8359.290541,9086.995516,7864.563107,-0.091627,0.099231,0.185385,0.305224,0.100250,0.093521,-0.044023
864050,97.1502,40,Ring_C3_Bend,Ring,bend,3,1.1502,Ring cycle 3: BEND Ring,2956,2849,2865,3236,2921,3047,2860,8823.880597,7774.157303,7919.512195,12808.381839,8459.454855,9885.305344,7873.684211,-0.099343,0.099231,0.204764,0.387044,0.113433,0.189589,-0.042914
864100,97.1502,40,Ring_C3_Bend,Ring,bend,3,1.1502,Ring cycle 3: BEND Ring,2984,2862,2865,3335,2926,3045,2848,9131.953195,7891.970803,7919.512195,14919.736842,8510.179641,9860.000000,7765.196472,-0.067898,0.115889,0.204764,0.615687,0.120110,0.186544,-0.056101
864150,97.1937,40,Ring_C3_Bend,Ring,bend,3,1.1937,Ring cycle 3: BEND Ring,2974,2865,2894,3360,2922,3075,2861,9020.160571,7919.512195,8192.839301,15542.857143,8469.565217,10250.000000,7882.820097,-0.079308,0.119784,0.246344,0.683165,0.114764,0.233476,-0.041803
864200,97.2153,40,Ring_C3_Bend,Ring,bend,3,1.2153,Ring cycle 3: BEND Ring,2959,2860,2910,3540,2926,3064,2855,8856.161972,7873.684211,8349.367089,21686.486486,8510.179641,10104.364694,7828.225806,-0.096048,0.113304,0.270156,1.348471,0.120110,0.215951,-0.048440
864250,97.4007,40,Ring_C3_Bend,Ring,bend,3,1.4007,Ring cycle 3: BEND Ring,2971,2873,2889,3428,2919,3110,2848,8987.010676,7993.617021,8144.776119,17474.062969,8439.285714,10735.025381,7765.196472,-0.082692,0.130262,0.239033,0.892299,0.110779,0.291844,-0.056101
864300,97.4008,40,Ring_C3_Bend,Ring,bend,3,1.4008,Ring cycle 3: BEND Ring,2976,2882,2893,3462,2900,3108,2861,9042.359249,8078.153339,8183.194676,18595.260664,8251.046025,10706.382979,7882.820097,-0.077042,0.142215,0.244877,1.013716,0.086003,0.288397,-0.041803
864350,97.4008,40,Ring_C3_Bend,Ring,bend,3,1.4008,Ring cycle 3: BEND Ring,2976,2880,2883,3388,2921,3210,2853,9042.359249,8059.259259,8087.623762,16293.069307,8459.454855,12332.203390,7810.144928,-0.077042,0.139543,0.230338,0.764407,0.113433,0.484047,-0.050637
864400,97.4110,40,Ring_C3_Bend,Ring,bend,3,1.4110,Ring cycle 3: BEND Ring,2991,2887,2881,3431,2944,3109,2847,9211.413043,8125.662252,8068.698517,17568.373494,8696.437880,10720.689655,7756.250000,-0.059787,0.148932,0.227459,0.902512,0.144625,0.290119,-0.057189
864450,97.4647,40,Ring_C3_Bend,Ring,bend,3,1.4647,Ring cycle 3: BEND Ring,2982,2884,2879,3404,2942,3191,2859,9109.433962,8097.109827,8049.835526,16749.059334,8675.455334,12001.548673,7864.563107,-0.070196,0.144895,0.224590,0.813787,0.141863,0.444256,-0.044023
864500,97.5091,40,Ring_C3_Bend,Ring,bend,3,1.5091,Ring cycle 3: BEND Ring,2981,2866,2879,3398,2947,3193,2860,9098.204668,7928.722539,8049.835526,16575.609756,8728.048780,12035.698448,7873.684211,-0.071342,0.121086,0.224590,0.795004,0.148786,0.448366,-0.042914
864550,97.6489,40,Ring_C3_Bend,Ring,bend,3,1.6489,Ring cycle 3: BEND Ring,2999,2871,2899,3330,2958,3206,2849,9303.467153,7975.000000,8241.304348,14800.000000,8845.382586,12261.417323,7774.157303,-0.050391,0.127629,0.253717,0.602720,0.164229,0.475528,-0.055012
864600,97.6490,40,Ring_C3_Bend,Ring,bend,3,1.6490,Ring cycle 3: BEND Ring,3010,2867,2878,3346,2932,3199,2858,9432.258065,7937.947883,8040.427280,15188.785047,8571.625107,12139.062500,7855.456750,-0.037245,0.122390,0.223159,0.644822,0.128197,0.460804,-0.045129
864650,97.6601,40,Ring_C3_Bend,Ring,bend,3,1.6601,Ring cycle 3: BEND Ring,2985,2849,2874,3319,2940,3147,2858,9143.243243,7774.157303,8002.948403,14542.010309,8654.545455,11286.708861,7855.456750,-0.066745,0.099231,0.217457,0.574782,0.139111,0.358233,-0.045129
864700,97.7480,40,Ring_C3_Bend,Ring,bend,3,1.7480,Ring cycle 3: BEND Ring,2998,2867,2916,3300,2952,3151,2849,9291.886964,7937.947883,8409.160305,14113.207547,8781.102362,11348.940678,7774.157303,-0.051573,0.122390,0.279252,0.528346,0.155769,0.365722,-0.055012
864750,97.7583,40,Ring_C3_Bend,Ring,bend,3,1.7583,Ring cycle 3: BEND Ring,3001,2857,2896,3278,2921,3114,2861,9326.691042,7846.365105,8212.176814,13641.615667,8459.454855,10792.660550,7882.820097,-0.048021,0.109441,0.249286,0.477276,0.113433,0.298779,-0.041803
864800,97.9158,40,Ring_C3_Bend,Ring,bend,3,1.9158,Ring cycle 3: BEND Ring,2998,2846,2892,3307,2938,3118,2862,9291.886964,7747.317854,8173.566085,14268.781726,8633.707865,10850.767656,7891.970803,-0.051573,0.095436,0.243412,0.545193,0.136369,0.305772,-0.040691
864850,97.9159,40,Ring_C3_Bend,Ring,bend,3,1.9159,Ring cycle 3: BEND Ring,3006,2856,2895,3331,2936,3113,2851,9385.123967,7837.288136,8202.500000,14823.821990,8612.942192,10778.207739,7792.122186,-0.042056,0.108157,0.247814,0.605300,0.133635,0.297040,-0.052828
864900,97.9159,40,Ring_C3_Bend,Ring,bend,3,1.9159,Ring cycle 3: BEND Ring,3004,2856,2879,3344,2925,3135,2864,9361.686526,7837.288136,8049.835526,15139.280959,8500.000000,11103.125000,7910.316816,-0.044449,0.108157,0.224590,0.639461,0.118770,0.336140,-0.038461
864950,97.9710,40,Ring_C3_Bend,Ring,bend,3,1.9710,Ring cycle 3: BEND Ring,2992,2852,2894,3350,2931,3119,2863,9222.846782,7801.126307,8192.839301,15288.590604,8561.340206,10865.368852,7901.136364,-0.058620,0.103044,0.246344,0.655630,0.126843,0.307529,-0.039577
865000,98.1790,41,Ring_C4_Open,Ring,open,4,0.1790,Ring cycle 4: OPEN,2993,2860,2882,3344,2936,3081,2851,9234.301270,7873.684211,8078.153339,15139.280959,8612.942192,10330.769231,7792.122186,-0.057451,0.113304,0.228898,0.639461,0.133635,0.243196,-0.052828
865050,98.1791,41,Ring_C4_Open,Ring,open,4,0.1791,Ring cycle 4: OPEN,2987,2861,2876,3319,2917,3028,2863,9165.884477,7882.820097,8021.657096,14542.010309,8419.185059,9648.734770,7901.136364,-0.064434,0.114596,0.220303,0.574782,0.108133,0.161120,-0.039577
865100,98.1791,41,Ring_C4_Open,Ring,open,4,0.1791,Ring cycle 4: OPEN,2980,2846,2882,3303,2931,3034,2862,9086.995516,7747.317854,8078.153339,14179.545455,8561.340206,9722.525919,7891.970803,-0.072486,0.095436,0.228898,0.535530,0.126843,0.170000,-0.040691
865150,98.1791,41,Ring_C4_Open,Ring,open,4,0.1791,Ring cycle 4: OPEN,2990,2862,2894,3318,2936,3045,2850,9200.000000,7891.970803,8192.839301,14518.918919,8612.942192,9860.000000,7783.132530,-0.060952,0.115889,0.246344,0.572281,0.133635,0.186544,-0.053921
865200,98.2121,41,Ring_C4_Open,Ring,open,4,0.2121,Ring cycle 4: OPEN,2987,2862,2885,3312,2924,3070,2861,9165.884477,7891.970803,8106.611570,14381.609195,8489.837746,10183.414634,7882.820097,-0.064434,0.115889,0.233227,0.557412,0.117432,0.225463,-0.041803
865250,98.2665,41,Ring_C4_Open,Ring,open,4,0.2665,Ring cycle 4: OPEN,2988,2851,2876,3310,2927,3055,2856,9177.235772,7792.122186,8021.657096,14336.305732,8520.376712,9987.500000,7837.288136,-0.063276,0.101771,0.220303,0.552506,0.121452,0.201887,-0.047338
865300,98.4340,41,Ring_C4_Open,Ring,open,4,0.4340,Ring cycle 4: OPEN,2999,2861,2876,3293,2926,3059,2847,9303.467153,7882.820097,8021.657096,13960.349127,8510.179641,10039.189189,7756.250000,-0.050391,0.114596,0.220303,0.511793,0.120110,0.208107,-0.057189
865350,98.4341,41,Ring_C4_Open,Ring,open,4,0.4341,Ring cycle 4: OPEN,2993,2862,2865,3307,2927,3069,2857,9234.301270,7891.970803,7919.512195,14268.781726,8520.376712,10170.175439,7846.365105,-0.057451,0.115889,0.204764,0.545193,0.121452,0.223870,-0.046235
865400,98.4341,41,Ring_C4_Open,Ring,open,4,0.4341,Ring cycle 4: OPEN,2982,2848,2867,3294,2925,3064,2851,9109.433962,7765.196472,7937.947883,13982.022472,8500.000000,10104.364694,7792.122186,-0.070196,0.097964,0.207569,0.514140,0.118770,0.215951,-0.052828
865450,98.4667,41,Ring_C4_Open,Ring,open,4,0.4667,Ring cycle 4: OPEN,2990,2855,2875,3302,2920,3048,2844,9200.000000,7828.225806,8012.295082,14157.377049,8449.361702,9897.994269,7729.496403,-0.060952,0.106876,0.218879,0.533129,0.112105,0.191116,-0.060441
865500,98.5211,41,Ring_C4_Open,Ring,open,4,0.5211,Ring cycle 4: OPEN,2989,2854,2866,3296,2911,3063,2852,9188.607595,7819.178082,7928.722539,14025.531915,8359.290541,10091.279070,7801.126307,-0.062115,0.105597,0.206165,0.518851,0.100250,0.214376,-0.051734
865550,98.6717,41,Ring_C4_Open,Ring,open,4,0.6717,Ring cycle 4: OPEN,2980,2857,2872,3300,2919,3061,2851,9086.995516,7846.365105,7984.300899,14113.207547,8439.285714,10065.183752,7792.122186,-0.072486,0.109441,0.214620,0.528346,0.110779,0.211236,-0.052828
865600,98.6718,41,Ring_C4_Open,Ring,open,4,0.6718,Ring cycle 4: OPEN,2983,2863,2865,3284,2918,3015,2841,9120.683453,7901.136364,7919.512195,13767.694205,8429.226848,9491.666667,7702.870813,-0.069048,0.117185,0.204764,0.490930,0.109455,0.142219,-0.063677
865650,98.6718,41,Ring_C4_Open,Ring,open,4,0.6718,Ring cycle 4: OPEN,2983,2865,2849,3284,2911,3057,2853,9120.683453,7919.512195,7774.157303,13767.694205,8359.290541,10013.294798,7810.144928,-0.069048,0.119784,0.182652,0.490930,0.100250,0.204991,-0.050637
865700,98.7044,41,Ring_C4_Open,Ring,open,4,0.7044,Ring cycle 4: OPEN,2968,2862,2864,3281,2925,3099,2853,8954.037267,7891.970803,7910.316816,13704.422604,8500.000000,10578.915663,7810.144928,-0.086058,0.115889,0.203365,0.484078,0.118770,0.273058,-0.050637
865750,98.7915,41,Ring_C4_Open,Ring,open,4,0.7915,Ring cycle 4: OPEN,2980,2866,2853,3287,2910,3068,2841,9086.995516,7928.722539,7810.144928,13831.435644,8349.367089,10156.962025,7702.870813,-0.072486,0.121086,0.188127,0.497832,0.098944,0.222280,-0.063677
865800,98.9369,41,Ring_C4_Open,Ring,open,4,0.9369,Ring cycle 4: OPEN,2983,2862,2848,3268,2905,3039,2853,9120.683453,7891.970803,7765.196472,13435.550181,8300.000000,9784.659091,7810.144928,-0.069048,0.115889,0.181289,0.454961,0.092446,0.177477,-0.050637
865850,98.9369,41,Ring_C4_Open,Ring,open,4,0.9369,Ring cycle 4: OPEN,2970,2850,2855,3263,2914,3098,2852,8976.000000,7783.132530,7828.225806,13334.375000,8389.161727,10564.894684,7801.126307,-0.083816,0.100500,0.190877,0.444005,0.104181,0.271370,-0.051734
865900,98.9370,41,Ring_C4_Open,Ring,open,4,0.9370,Ring cycle 4: OPEN,2991,2860,2843,3252,2899,3068,2844,9211.413043,7873.684211,7720.607029,13116.014235,8241.304348,10156.962025,7729.496403,-0.059787,0.113304,0.174506,0.420358,0.084720,0.222280,-0.060441
865950,98.9584,41,Ring_C4_Open,Ring,open,4,0.9584,Ring cycle 4: OPEN,2989,2855,2825,3290,2902,3136,2855,9188.607595,7828.225806,7562.992126,13895.652174,8270.578374,11118.248175,7828.225806,-0.062115,0.106876,0.150528,0.504787,0.088573,0.337960,-0.048440
866000,99.0237,41,Ring_C4_Open,Ring,open,4,1.0237,Ring cycle 4: OPEN,2985,2836,2851,3314,2927,3153,2860,9143.243243,7658.776807,7792.122186,14427.144686,8520.376712,11380.254777,7873.684211,-0.066745,0.082917,0.185385,0.562343,0.121452,0.369490,-0.042914
866050,99.1889,41,Ring_C4_Open,Ring,open,4,1.1889,Ring cycle 4: OPEN,2994,2847,2879,3340,2924,3212,2853,9245.776567,7756.250000,8049.835526,15041.059603,8489.837746,12367.836920,7810.144928,-0.056280,0.096699,0.224590,0.628825,0.117432,0.488335,-0.050637
866100,99.1890,41,Ring_C4_Open,Ring,open,4,1.1890,Ring cycle 4: OPEN,3006,2861,2894,3531,2933,3268,2866,9385.123967,7882.820097,8192.839301,21286.170213,8581.927711,13435.550181,7928.722539,-0.042056,0.114596,0.246344,1.305120,0.129553,0.616823,-0.036224
866150,99.1890,41,Ring_C4_Open,Ring,open,4,1.1890,Ring cycle 4: OPEN,3008,2842,2895,3577,2950,3248,2878,9408.647654,7711.731844,8202.500000,23478.378378,8759.825328,13038.016529,8040.427280,-0.039655,0.090404,0.247814,1.542518,0.152968,0.568984,-0.022645
866200,99.2317,41,Ring_C4_Open,Ring,open,4,1.2317,Ring cycle 4: OPEN,2992,2854,2883,3443,2927,3273,2861,9222.846782,7819.178082,8087.623762,17954.294479,8520.376712,13537.956204,7882.820097,-0.058620,0.105597,0.230338,0.944305,0.121452,0.629146,-0.041803
866250,99.2648,41,Ring_C4_Open,Ring,open,4,1.2648,Ring cycle 4: OPEN,2963,2852,2861,3324,2918,3273,2871,8899.469965,7801.126307,7882.820097,14658.365759,8429.226848,13537.956204,7975.000000,-0.091627,0.103044,0.199182,0.587382,0.109455,0.629146,-0.030598
866300,99.4427,41,Ring_C4_Open,Ring,open,4,1.4427,Ring cycle 4: OPEN,2952,2843,2859,3331,2928,3226,2864,8781.102362,7720.607029,7864.563107,14823.821990,8530.591260,12621.864212,7910.316816,-0.103709,0.091659,0.196405,0.605300,0.122796,0.518904,-0.038461
866350,99.4428,41,Ring_C4_Open,Ring,open,4,1.4428,Ring cycle 4: OPEN,2954,2848,2838,3342,2930,3187,2857,8802.453988,7765.196472,7676.372315,15090.039841,8551.072961,11933.700441,7846.365105,-0.101530,0.097964,0.167776,0.634129,0.125492,0.436091,-0.046235
866400,99.4428,41,Ring_C4_Open,Ring,open,4,1.4428,Ring cycle 4: OPEN,2950,2847,2826,3337,2929,3150,2866,8759.825328,7756.250000,7571.631206,14968.073879,8540.823328,11333.333333,7928.722539,-0.105881,0.096699,0.151842,0.620921,0.124143,0.363844,-0.036224
866450,99.4754,41,Ring_C4_Open,Ring,open,4,1.4754,Ring cycle 4: OPEN,2940,2835,2827,3317,2931,3127,2865,8654.545455,7650.000000,7580.283912,14495.886889,8561.340206,10983.264463,7919.512195,-0.116627,0.081676,0.153159,0.569787,0.126843,0.321717,-0.037343
866500,99.5188,41,Ring_C4_Open,Ring,open,4,1.5188,Ring cycle 4: OPEN,2948,2834,2835,3325,2934,3122,2860,8738.622493,7641.237113,7650.000000,14681.818182,8592.248062,10909.352518,7873.684211,-0.108045,0.080437,0.163764,0.589922,0.130912,0.312822,-0.042914
866550,99.6940,41,Ring_C4_Open,Ring,open,4,1.6940,Ring cycle 4: OPEN,2938,2835,2803,3330,2919,3122,2863,8633.707865,7650.000000,7376.315789,14800.000000,8439.285714,10909.352518,7901.136364,-0.118754,0.081676,0.122130,0.602720,0.110779,0.312822,-0.039577
866600,99.6941,41,Ring_C4_Open,Ring,open,4,1.6941,Ring cycle 4: OPEN,2929,2830,2802,3311,2930,3118,2860,8540.823328,7606.324111,7367.981439,14358.928571,8551.072961,10850.767656,7873.684211,-0.128234,0.075500,0.120862,0.554956,0.125492,0.305772,-0.042914
866650,99.6941,41,Ring_C4_Open,Ring,open,4,1.6941,Ring cycle 4: OPEN,2944,2835,2808,3333,2926,3096,2851,8696.437880,7650.000000,7418.181818,14871.653543,8510.179641,10536.936937,7792.122186,-0.112351,0.081676,0.128499,0.610480,0.120110,0.268006,-0.052828
866700,99.7364,41,Ring_C4_Open,Ring,open,4,1.7364,Ring cycle 4: OPEN,2944,2829,2801,3319,2911,3109,2856,8696.437880,7597.630332,7359.659969,14542.010309,8359.290541,10720.689655,7837.288136,-0.112351,0.074271,0.119596,0.574782,0.100250,0.290119,-0.047338
866750,99.7583,41,Ring_C4_Open,Ring,open,4,1.7583,Ring cycle 4: OPEN,2944,2821,2798,3345,2924,3108,2853,8696.437880,7528.571429,7334.772552,15164.000000,8489.837746,10706.382979,7810.144928,-0.112351,0.064506,0.115810,0.642138,0.117432,0.288397,-0.050637
866800,99.8122,41,Ring_C4_Open,Ring,open,4,1.8122,Ring cycle 4: OPEN,2949,2829,2792,3307,2914,3090,2845,8749.214660,7597.630332,7285.341520,14268.781726,8389.161727,10453.731343,7738.400000,-0.106964,0.074271,0.108290,0.545193,0.104181,0.257993,-0.059358
866850,99.9548,41,Ring_C4_Open,Ring,open,4,1.9548,Ring cycle 4: OPEN,2952,2829,2780,3250,2906,3097,2855,8781.102362,7597.630332,7187.832700,13076.923077,8309.840202,10550.901804,7828.225806,-0.103709,0.074271,0.093457,0.416125,0.093741,0.269686,-0.048440
866900,99.9548,41,Ring_C4_Open,Ring,open,4,1.9548,Ring cycle 4: OPEN,2941,2822,2798,3304,2916,3089,2853,8664.991334,7537.156324,7334.772552,14201.769912,8409.160305,10439.960239,7810.144928,-0.115561,0.065720,0.115810,0.537937,0.106814,0.256336,-0.050637
866950,99.9654,41,Ring_C4_Open,Ring,open,4,1.9654,Ring cycle 4: OPEN,2947,2827,2797,3245,2907,3057,2845,8728.048780,7580.283912,7326.502311,12980.000000,8319.696970,10013.294798,7738.400000,-0.109124,0.071818,0.114552,0.405629,0.095038,0.204991,-0.059358
867000,100.0258,42,Ring_C4_Bend,Ring,bend,4,0.0258,Ring cycle 4: BEND Ring,2951,2826,2787,3179,2904,3075,2862,8770.454545,7571.631206,7244.495413,11799.781659,8290.176322,10250.000000,7891.970803,-0.104796,0.070595,0.102077,0.277821,0.091153,0.233476,-0.040691
867050,100.0590,42,Ring_C4_Bend,Ring,bend,4,0.0590,Ring cycle 4: BEND Ring,2943,2822,2781,3211,2910,3068,2860,8685.937500,7537.156324,7195.890411,12350.000000,8349.367089,10156.962025,7873.684211,-0.113423,0.065720,0.094682,0.337405,0.098944,0.222280,-0.042914
867100,100.2266,42,Ring_C4_Bend,Ring,bend,4,0.2266,Ring cycle 4: BEND Ring,2955,2830,2787,3174,2910,3053,2849,8813.157895,7606.324111,7244.495413,11717.263844,8349.367089,9961.804223,7774.157303,-0.100437,0.075500,0.102077,0.268885,0.098944,0.198795,-0.055012
867150,100.2267,42,Ring_C4_Bend,Ring,bend,4,0.2267,Ring cycle 4: BEND Ring,2951,2833,2777,3153,2905,3046,2859,8770.454545,7632.488114,7163.732929,11380.254777,8300.000000,9872.640610,7864.563107,-0.104796,0.079200,0.089790,0.232389,0.092446,0.188065,-0.044023
867200,100.2267,42,Ring_C4_Bend,Ring,bend,4,0.2267,Ring cycle 4: BEND Ring,2942,2829,2798,3146,2912,3030,2857,8675.455334,7597.630332,7334.772552,11271.232877,8369.230769,9673.239437,7846.365105,-0.114493,0.074271,0.115810,0.220583,0.101558,0.164069,-0.046235
867250,100.2701,42,Ring_C4_Bend,Ring,bend,4,0.2701,Ring cycle 4: BEND Ring,2946,2833,2788,3148,2911,3041,2848,8717.493473,7632.488114,7252.639633,11302.217529,8359.290541,9809.677419,7765.196472,-0.110202,0.079200,0.103315,0.223939,0.100250,0.180488,-0.056101
867300,100.3145,42,Ring_C4_Bend,Ring,bend,4,0.3145,Ring cycle 4: BEND Ring,2942,2830,2768,3153,2901,3045,2860,8675.455334,7606.324111,7092.087415,11380.254777,8260.804020,9860.000000,7873.684211,-0.114493,0.075500,0.078891,0.232389,0.087287,0.186544,-0.042914
867350,100.4687,42,Ring_C4_Bend,Ring,bend,4,0.4687,Ring cycle 4: BEND Ring,2928,2819,2775,3205,2909,3040,2859,8530.591260,7511.442006,7147.727273,12243.820225,8339.460371,9797.156398,7864.563107,-0.129279,0.062084,0.087356,0.325907,0.097640,0.178981,-0.044023
867400,100.4688,42,Ring_C4_Bend,Ring,bend,4,0.4688,Ring cycle 4: BEND Ring,2938,2830,2788,3210,2910,3033,2851,8633.707865,7606.324111,7252.639633,12332.203390,8349.367089,9710.169492,7792.122186,-0.118754,0.075500,0.103315,0.335478,0.098944,0.168513,-0.052828
867450,100.4688,42,Ring_C4_Bend,Ring,bend,4,0.4688,Ring cycle 4: BEND Ring,2931,2830,2772,3179,2897,3042,2858,8561.340206,7606.324111,7123.809524,11799.781659,8221.869783,9822.222222,7855.456750,-0.126140,0.075500,0.083717,0.277821,0.082162,0.181998,-0.045129
867500,100.5231,42,Ring_C4_Bend,Ring,bend,4,0.5231,Ring cycle 4: BEND Ring,2927,2825,2786,3197,2904,3042,2857,8520.376712,7562.992126,7236.363636,12104.454343,8290.176322,9822.222222,7846.365105,-0.130321,0.069373,0.100839,0.310814,0.091153,0.181998,-0.046235
867550,100.5772,42,Ring_C4_Bend,Ring,bend,4,0.5772,Ring cycle 4: BEND Ring,2941,2836,2776,3201,2904,3031,2848,8664.991334,7658.776807,7155.724033,12173.825503,8290.176322,9685.526316,7765.196472,-0.115561,0.082917,0.088572,0.318327,0.091153,0.165548,-0.056101
867600,100.7174,42,Ring_C4_Bend,Ring,bend,4,0.7174,Ring cycle 4: BEND Ring,2943,2836,2769,3159,2892,3023,2857,8685.937500,7658.776807,7100.000000,11475.000000,8173.566085,9587.873134,7846.365105,-0.113423,0.082917,0.080095,0.242650,0.075805,0.153796,-0.046235
867650,100.7175,42,Ring_C4_Bend,Ring,bend,4,0.7175,Ring cycle 4: BEND Ring,2934,2830,2781,3174,2903,3024,2854,8592.248062,7606.324111,7195.890411,11717.263844,8280.369128,9600.000000,7819.178082,-0.122986,0.075500,0.094682,0.268885,0.089862,0.155256,-0.049539
867700,100.7279,42,Ring_C4_Bend,Ring,bend,4,0.7279,Ring cycle 4: BEND Ring,2941,2834,2783,3174,2901,3020,2845,8664.991334,7641.237113,7212.042683,11717.263844,8260.804020,9551.627907,7738.400000,-0.115561,0.080437,0.097140,0.268885,0.087287,0.149435,-0.059358
867750,100.7607,42,Ring_C4_Bend,Ring,bend,4,0.7607,Ring cycle 4: BEND Ring,2941,2835,2775,3207,2895,3031,2861,8664.991334,7650.000000,7147.727273,12279.054054,8202.500000,9685.526316,7882.820097,-0.115561,0.081676,0.087356,0.329722,0.079613,0.165548,-0.041803
867800,100.8152,42,Ring_C4_Bend,Ring,bend,4,0.8152,Ring cycle 4: BEND Ring,2928,2831,2798,3180,2902,3028,2858,8530.591260,7615.031646,7334.772552,11816.393443,8270.578374,9648.734770,7855.456750,-0.129279,0.076731,0.115810,0.279620,0.088573,0.161120,-0.045129
867850,100.9788,42,Ring_C4_Bend,Ring,bend,4,0.9788,Ring cycle 4: BEND Ring,2940,2835,2791,3268,2906,3031,2847,8654.545455,7650.000000,7277.147239,13435.550181,8309.840202,9685.526316,7756.250000,-0.116627,0.081676,0.107044,0.454961,0.093741,0.165548,-0.057189
867900,100.9789,42,Ring_C4_Bend,Ring,bend,4,0.9789,Ring cycle 4: BEND Ring,2937,2832,2768,3322,2890,3072,2857,8623.316062,7623.752969,7092.087415,14611.642950,8154.356846,10209.970674,7846.365105,-0.119814,0.077965,0.078891,0.582323,0.073276,0.228659,-0.046235
867950,100.9789,42,Ring_C4_Bend,Ring,bend,4,0.9789,Ring cycle 4: BEND Ring,2930,2828,2789,3317,2914,3091,2854,8551.072961,7588.950276,7260.796325,14495.886889,8389.161727,10467.529880,7819.178082,-0.127188,0.073044,0.104556,0.569787,0.104181,0.259654,-0.049539
868000,101.0335,42,Ring_C4_Bend,Ring,bend,4,1.0335,Ring cycle 4: BEND Ring,2945,2832,2801,3348,2916,3068,2843,8706.956522,7623.752969,7359.659969,15238.554217,8409.160305,10156.962025,7720.607029,-0.111277,0.077965,0.119596,0.650212,0.106814,0.222280,-0.061521
868050,101.2390,42,Ring_C4_Bend,Ring,bend,4,1.2390,Ring cycle 4: BEND Ring,2941,2825,2798,3369,2896,3081,2854,8664.991334,7562.992126,7334.772552,15777.685950,8212.176814,10330.769231,7819.178082,-0.115561,0.069373,0.115810,0.708596,0.080887,0.243196,-0.049539
868100,101.2391,42,Ring_C4_Bend,Ring,bend,4,1.2391,Ring cycle 4: BEND Ring,2929,2837,2825,3431,2908,3168,2852,8540.823328,7667.567568,7562.992126,17568.373494,8329.570345,11619.417476,7801.126307,-0.128234,0.084160,0.150528,0.902512,0.096338,0.398271,-0.051734
868150,101.2391,42,Ring_C4_Bend,Ring,bend,4,1.2391,Ring cycle 4: BEND Ring,2933,2846,2887,3448,2925,3132,2838,8581.927711,7747.317854,8125.662252,18119.319938,8500.000000,11057.943925,7676.372315,-0.124039,0.095436,0.236125,0.962176,0.118770,0.330703,-0.066898
868200,101.2391,42,Ring_C4_Bend,Ring,bend,4,1.2391,Ring cycle 4: BEND Ring,2938,2848,2896,3411,2933,3203,2848,8633.707865,7765.196472,8212.176814,16955.263158,8581.927711,12208.744395,7765.196472,-0.118754,0.097964,0.249286,0.836118,0.129553,0.469190,-0.056101
868250,101.2717,42,Ring_C4_Bend,Ring,bend,4,1.2717,Ring cycle 4: BEND Ring,2939,2852,2924,3401,2935,3146,2853,8644.117647,7801.126307,8489.837746,16661.959654,8602.586207,11271.232877,7810.144928,-0.117691,0.103044,0.291526,0.804355,0.132272,0.356370,-0.050637
868300,101.3156,42,Ring_C4_Bend,Ring,bend,4,1.3156,Ring cycle 4: BEND Ring,2971,2866,2894,3389,2970,3142,2841,8987.010676,7928.722539,8192.839301,16320.963173,8976.000000,11209.653725,7702.870813,-0.082692,0.121086,0.246344,0.767428,0.181421,0.348960,-0.063677
868350,101.4922,42,Ring_C4_Bend,Ring,bend,4,1.4922,Ring cycle 4: BEND Ring,2980,2863,2876,3341,2962,3130,2849,9086.995516,7901.136364,8021.657096,15065.517241,8888.614298,11027.979275,7774.157303,-0.072486,0.117185,0.220303,0.631473,0.169919,0.327098,-0.055012
868400,101.4923,42,Ring_C4_Bend,Ring,bend,4,1.4923,Ring cycle 4: BEND Ring,2979,2852,2878,3350,2986,3132,2849,9075.806452,7801.126307,8040.427280,15288.590604,9154.553652,11057.943925,7774.157303,-0.073629,0.103044,0.223159,0.655630,0.204922,0.330703,-0.055012
868450,101.4923,42,Ring_C4_Bend,Ring,bend,4,1.4923,Ring cycle 4: BEND Ring,2993,2866,2862,3291,2956,3139,2843,9234.301270,7928.722539,7891.970803,13917.164179,8823.880597,11163.807531,7720.607029,-0.057451,0.121086,0.200574,0.507116,0.161399,0.343443,-0.061521
868500,101.5138,42,Ring_C4_Bend,Ring,bend,4,1.5138,Ring cycle 4: BEND Ring,2984,2872,2863,3244,2936,3236,2851,9131.953195,7984.300899,7901.136364,12960.752056,8612.942192,12808.381839,7792.122186,-0.067898,0.128944,0.201969,0.403544,0.133635,0.541350,-0.052828
868550,101.5902,42,Ring_C4_Bend,Ring,bend,4,1.5902,Ring cycle 4: BEND Ring,2972,2869,2854,3235,2945,3132,2852,8998.040962,7956.443719,7819.178082,12789.534884,8706.956522,11057.943925,7801.126307,-0.081566,0.125006,0.189501,0.385003,0.146009,0.330703,-0.051734
868600,101.7373,42,Ring_C4_Bend,Ring,bend,4,1.7373,Ring cycle 4: BEND Ring,2980,2868,2871,3278,2940,3146,2841,9086.995516,7947.188264,7975.000000,13641.615667,8654.545455,11271.232877,7702.870813,-0.072486,0.123697,0.213205,0.477276,0.139111,0.356370,-0.063677
868650,101.7373,42,Ring_C4_Bend,Ring,bend,4,1.7373,Ring cycle 4: BEND Ring,2989,2868,2861,3304,2932,3130,2852,9188.607595,7947.188264,7882.820097,14201.769912,8571.625107,11027.979275,7801.126307,-0.062115,0.123697,0.199182,0.537937,0.128197,0.327098,-0.051734
868700,101.7373,42,Ring_C4_Bend,Ring,bend,4,1.7373,Ring cycle 4: BEND Ring,2967,2862,2862,3319,2933,3120,2848,8943.085106,7891.970803,7891.970803,14542.010309,8581.927711,10880.000000,7765.196472,-0.087175,0.115889,0.200574,0.574782,0.129553,0.309290,-0.056101
868750,101.7811,42,Ring_C4_Bend,Ring,bend,4,1.7811,Ring cycle 4: BEND Ring,2982,2864,2866,3320,2930,3106,2841,9109.433962,7910.316816,7928.722539,14565.161290,8551.072961,10677.856421,7702.870813,-0.070196,0.118483,0.206165,0.577289,0.125492,0.284964,-0.063677
868800,101.8142,42,Ring_C4_Bend,Ring,bend,4,1.8142,Ring cycle 4: BEND Ring,2980,2864,2847,3308,2916,3131,2853,9086.995516,7910.316816,7756.250000,14291.232529,8409.160305,11042.946058,7810.144928,-0.072486,0.118483,0.179928,0.547625,0.106814,0.328899,-0.050637
868850,101.8583,42,Ring_C4_Bend,Ring,bend,4,1.8583,Ring cycle 4: BEND Ring,2963,2858,2874,3311,2927,3121,2851,8899.469965,7855.456750,8002.948403,14358.928571,8520.376712,10894.661191,7792.122186,-0.091627,0.110726,0.217457,0.554956,0.121452,0.311054,-0.052828
868900,102.0107,43,Ring_C5_Open,Ring,open,5,0.0107,Ring cycle 5: OPEN,2972,2862,2867,3291,2923,3094,2840,8998.040962,7891.970803,7937.947883,13917.164179,8479.692833,10509.090909,7694.023904,-0.081566,0.115889,0.207569,0.507116,0.116097,0.264655,-0.064752
868950,102.0110,43,Ring_C5_Open,Ring,open,5,0.0110,Ring cycle 5: OPEN,2968,2856,2849,3306,2916,3101,2849,8954.037267,7837.288136,7774.157303,14246.387833,8409.160305,10607.042254,7774.157303,-0.086058,0.108157,0.182652,0.542768,0.106814,0.276442,-0.055012
869000,102.0111,43,Ring_C5_Open,Ring,open,5,0.0111,Ring cycle 5: OPEN,2959,2850,2851,3320,2916,3102,2849,8856.161972,7783.132530,7792.122186,14565.161290,8409.160305,10621.148036,7774.157303,-0.096048,0.100500,0.185385,0.577289,0.106814,0.278140,-0.055012
869050,102.0884,43,Ring_C5_Open,Ring,open,5,0.0884,Ring cycle 5: OPEN,2969,2852,2861,3298,2923,3100,2840,8965.008881,7801.126307,7882.820097,14069.259724,8479.692833,10592.964824,7694.023904,-0.084938,0.103044,0.199182,0.523587,0.116097,0.274748,-0.064752
869100,102.2661,43,Ring_C5_Open,Ring,open,5,0.2661,Ring cycle 5: OPEN,2973,2852,2829,3294,2914,3085,2848,9009.090909,7801.126307,7597.630332,13982.022472,8389.161727,10385.148515,7765.196472,-0.080438,0.103044,0.155798,0.514140,0.104181,0.249740,-0.056101
869150,102.2662,43,Ring_C5_Open,Ring,open,5,0.2662,Ring cycle 5: OPEN,2958,2841,2831,3312,2925,3089,2845,8845.382586,7702.870813,7615.031646,14381.609195,8500.000000,10439.960239,7738.400000,-0.097148,0.089151,0.158445,0.557412,0.118770,0.256336,-0.059358
869200,102.2662,43,Ring_C5_Open,Ring,open,5,0.2662,Ring cycle 5: OPEN,2963,2846,2820,3283,2919,3051,2835,8899.469965,7747.317854,7520.000000,13746.551724,8439.285714,9936.206897,7650.000000,-0.091627,0.095436,0.143988,0.488640,0.110779,0.195715,-0.070104
869250,102.2771,43,Ring_C5_Open,Ring,open,5,0.2771,Ring cycle 5: OPEN,2962,2846,2805,3292,2909,3047,2846,8888.614298,7747.317854,7393.023256,13938.729763,8339.460371,9885.305344,7747.317854,-0.092735,0.095436,0.124671,0.509451,0.097640,0.189589,-0.058274
869300,102.3208,43,Ring_C5_Open,Ring,open,5,0.3208,Ring cycle 5: OPEN,2953,2841,2821,3300,2913,3045,2845,8791.768827,7702.870813,7528.571429,14113.207547,8379.187817,9860.000000,7738.400000,-0.102620,0.089151,0.145292,0.528346,0.102869,0.186544,-0.059358
869350,102.5099,43,Ring_C5_Open,Ring,open,5,0.5099,Ring cycle 5: OPEN,2956,2849,2814,3292,2913,3031,2835,8823.880597,7774.157303,7468.852459,13938.729763,8379.187817,9685.526316,7650.000000,-0.099343,0.099231,0.136207,0.509451,0.102869,0.165548,-0.070104
869400,102.5099,43,Ring_C5_Open,Ring,open,5,0.5099,Ring cycle 5: OPEN,2956,2852,2805,3284,2905,3040,2845,8823.880597,7801.126307,7393.023256,13767.694205,8300.000000,9797.156398,7738.400000,-0.099343,0.103044,0.124671,0.490930,0.092446,0.178981,-0.059358
869450,102.5100,43,Ring_C5_Open,Ring,open,5,0.5100,Ring cycle 5: OPEN,2946,2848,2815,3278,2918,3064,2844,8717.493473,7765.196472,7477.343750,13641.615667,8429.226848,10104.364694,7729.496403,-0.110202,0.097964,0.137499,0.477276,0.109455,0.215951,-0.060441
869500,102.5211,43,Ring_C5_Open,Ring,open,5,0.5211,Ring cycle 5: OPEN,2959,2855,2816,3265,2924,3048,2832,8856.161972,7828.225806,7485.848319,13374.698795,8489.837746,9897.994269,7623.752969,-0.096048,0.106876,0.138793,0.448372,0.117432,0.191116,-0.073294
869550,102.5649,43,Ring_C5_Open,Ring,open,5,0.5649,Ring cycle 5: OPEN,2973,2853,2825,3275,2900,3043,2846,9009.090909,7810.144928,7562.992126,13579.268293,8251.046025,9834.790875,7747.317854,-0.080438,0.104320,0.150528,0.470525,0.086003,0.183510,-0.058274
869600,102.7568,43,Ring_C5_Open,Ring,open,5,0.7568,Ring cycle 5: OPEN,2955,2831,2831,3273,2907,3058,2844,8813.157895,7615.031646,7615.031646,13537.956204,8319.696970,10026.229508,7729.496403,-0.100437,0.076731,0.158445,0.466051,0.095038,0.206548,-0.060441
869650,102.7569,43,Ring_C5_Open,Ring,open,5,0.7569,Ring cycle 5: OPEN,2968,2838,2824,3298,2908,3109,2834,8954.037267,7676.372315,7554.366640,14069.259724,8329.570345,10720.689655,7641.237113,-0.086058,0.085405,0.149216,0.523587,0.096338,0.290119,-0.071169
869700,102.7570,43,Ring_C5_Open,Ring,open,5,0.7570,Ring cycle 5: OPEN,2963,2832,2820,3277,2905,3026,2844,8899.469965,7623.752969,7520.000000,13620.782396,8300.000000,9624.321796,7729.496403,-0.091627,0.077965,0.143988,0.475020,0.092446,0.158183,-0.060441
869750,102.7673,43,Ring_C5_Open,Ring,open,5,0.7673,Ring cycle 5: OPEN,2954,2828,2822,3288,2912,3009,2842,8802.453988,7588.950276,7537.156324,13852.788104,8369.230769,9420.441989,7711.731844,-0.101530,0.073044,0.146598,0.500145,0.101558,0.133648,-0.062600
869800,102.8217,43,Ring_C5_Open,Ring,open,5,0.8217,Ring cycle 5: OPEN,2961,2831,2810,3276,2912,3051,2834,8877.777778,7615.031646,7435.019455,13600.000000,8369.230769,9936.206897,7641.237113,-0.093841,0.076731,0.131060,0.472770,0.101558,0.195715,-0.071169
869850,102.8767,43,Ring_C5_Open,Ring,open,5,0.8767,Ring cycle 5: OPEN,2961,2831,2819,3295,2917,3179,2849,8877.777778,7615.031646,7511.442006,14003.750000,8419.185059,11799.781659,7774.157303,-0.093841,0.076731,0.142686,0.516493,0.108133,0.419976,-0.055012
869900,103.0185,43,Ring_C5_Open,Ring,open,5,1.0185,Ring cycle 5: OPEN,2969,2827,2876,3310,2948,3227,2850,8965.008881,7580.283912,8021.657096,14336.305732,8738.622493,12640.322581,7783.132530,-0.084938,0.071818,0.220303,0.552506,0.150177,0.521126,-0.053921
869950,103.0186,43,Ring_C5_Open,Ring,open,5,1.0186,Ring cycle 5: OPEN,2978,2827,2867,3334,2921,3200,2841,9064.637422,7580.283912,7937.947883,14895.663601,8459.454855,12156.424581,7702.870813,-0.074769,0.071818,0.207569,0.613080,0.113433,0.462894,-0.063677
870000,103.0186,43,Ring_C5_Open,Ring,open,5,1.0186,Ring cycle 5: OPEN,2972,2822,2847,3527,2931,3161,2855,8998.040962,7537.156324,7756.250000,21112.323944,8561.340206,11506.852248,7828.225806,-0.081566,0.065720,0.179928,1.286294,0.126843,0.384725,-0.048440
870050,103.0509,43,Ring_C5_Open,Ring,open,5,1.0509,Ring cycle 5: OPEN,2963,2820,2905,3492,2955,3247,2856,8899.469965,7520.000000,8300.000000,19689.552239,8813.157895,13018.632075,7837.288136,-0.091627,0.063294,0.262646,1.132219,0.159988,0.566651,-0.047338
870100,103.1276,43,Ring_C5_Open,Ring,open,5,1.1276,Ring cycle 5: OPEN,2968,2824,2916,3437,2931,3171,2850,8954.037267,7554.366640,8409.160305,17759.574468,8561.340206,11668.181818,7783.132530,-0.086058,0.068154,0.279252,0.923218,0.126843,0.404139,-0.053921
870150,103.2664,43,Ring_C5_Open,Ring,open,5,1.2664,Ring cycle 5: OPEN,2960,2822,2894,3345,2923,3218,2858,8866.960352,7537.156324,8192.839301,15164.000000,8479.692833,12475.712657,7855.456750,-0.094946,0.065720,0.246344,0.642138,0.116097,0.501317,-0.045129
870200,103.2664,43,Ring_C5_Open,Ring,open,5,1.2664,Ring cycle 5: OPEN,2950,2811,2897,3398,2930,3148,2856,8759.825328,7443.457944,8221.869783,16575.609756,8551.072961,11302.217529,7837.288136,-0.105881,0.052472,0.250761,0.795004,0.125492,0.360099,-0.047338
870250,103.2665,43,Ring_C5_Open,Ring,open,5,1.2665,Ring cycle 5: OPEN,2963,2822,2882,3399,2932,3124,2847,8899.469965,7537.156324,8078.153339,16604.310345,8571.625107,10938.825953,7756.250000,-0.091627,0.065720,0.228898,0.798112,0.128197,0.316369,-0.057189
870300,103.3205,43,Ring_C5_Open,Ring,open,5,1.3205,Ring cycle 5: OPEN,2965,2822,2839,3281,2921,3156,2856,8921.238938,7537.156324,7685.191083,13704.422604,8459.454855,11427.476038,7837.288136,-0.089405,0.065720,0.169118,0.484078,0.113433,0.375173,-0.047338
870350,103.3530,43,Ring_C5_Open,Ring,open,5,1.3530,Ring cycle 5: OPEN,2948,2821,2850,3340,2931,3147,2857,8738.622493,7528.571429,7783.132530,15041.059603,8561.340206,11286.708861,7846.365105,-0.108045,0.064506,0.184017,0.628825,0.126843,0.358233,-0.046235
870400,103.5232,43,Ring_C5_Open,Ring,open,5,1.5232,Ring cycle 5: OPEN,2957,2826,2880,3271,2940,3173,2844,8834.622144,7571.631206,8059.259259,13496.844660,8654.545455,11700.867679,7729.496403,-0.098246,0.070595,0.226023,0.461599,0.139111,0.408072,-0.060441
870450,103.5233,43,Ring_C5_Open,Ring,open,5,1.5233,Ring cycle 5: OPEN,2959,2828,2855,3234,2921,3154,2856,8856.161972,7588.950276,7828.225806,12770.731707,8459.454855,11395.961743,7837.288136,-0.096048,0.073044,0.190877,0.382967,0.113433,0.371380,-0.047338
870500,103.5233,43,Ring_C5_Open,Ring,open,5,1.5233,Ring cycle 5: OPEN,2945,2817,2889,3250,2931,3147,2854,8706.956522,7494.366197,8144.776119,13076.923077,8561.340206,11286.708861,7819.178082,-0.111277,0.059670,0.239033,0.416125,0.126843,0.358233,-0.049539
870550,103.5674,43,Ring_C5_Open,Ring,open,5,1.5674,Ring cycle 5: OPEN,2953,2823,2879,3217,2915,3105,2843,8791.768827,7545.754717,8049.835526,12457.630979,8399.152542,10663.636364,7720.607029,-0.102620,0.066936,0.224590,0.349060,0.105496,0.283253,-0.061521
870600,103.6217,43,Ring_C5_Open,Ring,open,5,1.6217,Ring cycle 5: OPEN,2951,2822,2868,3146,2905,3127,2857,8770.454545,7537.156324,7947.188264,11271.232877,8300.000000,10983.264463,7846.365105,-0.104796,0.065720,0.208974,0.220583,0.092446,0.321717,-0.046235
870650,103.7839,43,Ring_C5_Open,Ring,open,5,1.7839,Ring cycle 5: OPEN,2937,2815,2879,3227,2926,3107,2854,8623.316062,7477.343750,8049.835526,12640.322581,8510.179641,10692.105263,7819.178082,-0.119814,0.057263,0.224590,0.368845,0.120110,0.286679,-0.049539
870700,103.7839,43,Ring_C5_Open,Ring,open,5,1.7839,Ring cycle 5: OPEN,2947,2819,2867,3268,2927,3088,2844,8728.048780,7511.442006,7937.947883,13435.550181,8520.376712,10426.216485,7729.496403,-0.109124,0.062084,0.207569,0.454961,0.121452,0.254682,-0.060441
870750,103.7839,43,Ring_C5_Open,Ring,open,5,1.7839,Ring cycle 5: OPEN,2946,2820,2853,3282,2913,3064,2853,8717.493473,7520.000000,7810.144928,13725.461255,8379.187817,10104.364694,7810.144928,-0.110202,0.063294,0.188127,0.486356,0.102869,0.215951,-0.050637
870800,103.8160,43,Ring_C5_Open,Ring,open,5,1.8160,Ring cycle 5: OPEN,2930,2810,2887,3193,2920,3043,2855,8551.072961,7435.019455,8125.662252,12035.698448,8449.361702,9834.790875,7828.225806,-0.127188,0.051278,0.236125,0.303369,0.112105,0.183510,-0.048440
870850,103.8703,43,Ring_C5_Open,Ring,open,5,1.8703,Ring cycle 5: OPEN,2931,2816,2876,3178,2924,3079,2843,8561.340206,7485.848319,8021.657096,11783.206107,8489.837746,10303.740157,7720.607029,-0.126140,0.058465,0.220303,0.276026,0.117432,0.239943,-0.061521
870900,104.0535,44,Ring_C5_Bend,Ring,bend,5,0.0535,Ring cycle 5: BEND Ring,2935,2816,2861,3132,2914,3070,2851,8602.586207,7485.848319,7882.820097,11057.943925,8389.161727,10183.414634,7792.122186,-0.121930,0.058465,0.199182,0.197486,0.104181,0.225463,-0.052828
870950,104.0538,44,Ring_C5_Bend,Ring,bend,5,0.0538,Ring cycle 5: BEND Ring,2921,2808,2865,3111,2914,3096,2849,8459.454855,7418.181818,7919.512195,10749.390244,8389.161727,10536.936937,7774.157303,-0.136540,0.048898,0.204764,0.164072,0.104181,0.268006,-0.055012
871000,104.0538,44,Ring_C5_Bend,Ring,bend,5,0.0538,Ring cycle 5: BEND Ring,2929,2817,2865,3119,2909,3083,2836,8540.823328,7494.366197,7919.512195,10865.368852,8339.460371,10357.905138,7658.776807,-0.128234,0.059670,0.204764,0.176631,0.097640,0.246461,-0.069037
871050,104.0650,44,Ring_C5_Bend,Ring,bend,5,0.0650,Ring cycle 5: BEND Ring,2928,2818,2862,3128,2893,3088,2849,8530.591260,7502.897416,7891.970803,10998.138573,8183.194676,10426.216485,7774.157303,-0.129279,0.060876,0.200574,0.191009,0.077072,0.254682,-0.055012
871100,104.1200,44,Ring_C5_Bend,Ring,bend,5,0.1200,Ring cycle 5: BEND Ring,2931,2811,2880,3129,2907,3065,2848,8561.340206,7443.457944,8059.259259,11013.043478,8319.696970,10117.475728,7765.196472,-0.126140,0.052472,0.226023,0.192623,0.095038,0.217528,-0.056101
871150,104.1638,44,Ring_C5_Bend,Ring,bend,5,0.1638,Ring cycle 5: BEND Ring,2940,2823,2861,3131,2917,3053,2837,8654.545455,7545.754717,7882.820097,11042.946058,8419.185059,9961.804223,7667.567568,-0.116627,0.066936,0.199182,0.195862,0.108133,0.198795,-0.067968
871200,104.3243,44,Ring_C5_Bend,Ring,bend,5,0.3243,Ring cycle 5: BEND Ring,2938,2819,2869,3159,2910,3088,2848,8633.707865,7511.442006,7956.443719,11475.000000,8349.367089,10426.216485,7765.196472,-0.118754,0.062084,0.210382,0.242650,0.098944,0.254682,-0.056101
871250,104.3244,44,Ring_C5_Bend,Ring,bend,5,0.3244,Ring cycle 5: BEND Ring,2936,2811,2868,3231,2927,3064,2848,8612.942192,7443.457944,7947.188264,12714.583333,8520.376712,10104.364694,7765.196472,-0.120873,0.052472,0.208974,0.376886,0.121452,0.215951,-0.056101
871300,104.3355,44,Ring_C5_Bend,Ring,bend,5,0.3355,Ring cycle 5: BEND Ring,2942,2814,2873,3219,2916,3059,2835,8675.455334,7468.852459,7993.617021,12493.835616,8409.160305,10039.189189,7650.000000,-0.114493,0.056062,0.216037,0.352981,0.106814,0.208107,-0.070104
871350,104.3570,44,Ring_C5_Bend,Ring,bend,5,0.3570,Ring cycle 5: BEND Ring,2937,2815,2847,3318,2911,3024,2844,8623.316062,7477.343750,7756.250000,14518.918919,8359.290541,9600.000000,7729.496403,-0.119814,0.057263,0.179928,0.572281,0.100250,0.155256,-0.060441
871400,104.4226,44,Ring_C5_Bend,Ring,bend,5,0.4226,Ring cycle 5: BEND Ring,2925,2807,2849,3230,2915,3044,2844,8500.000000,7409.782609,7774.157303,12695.953757,8399.152542,9847.383444,7729.496403,-0.132401,0.047710,0.182652,0.374869,0.105496,0.185026,-0.060441
871450,104.5763,44,Ring_C5_Bend,Ring,bend,5,0.5763,Ring cycle 5: BEND Ring,2935,2812,2859,3237,2923,3024,2835,8602.586207,7451.909587,7864.563107,12827.272727,8479.692833,9600.000000,7650.000000,-0.121930,0.053667,0.196405,0.389090,0.116097,0.155256,-0.070104
871500,104.5764,44,Ring_C5_Bend,Ring,bend,5,0.5764,Ring cycle 5: BEND Ring,2937,2813,2862,3251,2906,3000,2845,8623.316062,7460.374415,7891.970803,13096.445498,8309.840202,9315.068493,7738.400000,-0.119814,0.054864,0.200574,0.418239,0.093741,0.120967,-0.059358
871550,104.5764,44,Ring_C5_Bend,Ring,bend,5,0.5764,Ring cycle 5: BEND Ring,2927,2812,2863,3289,2912,2985,2842,8520.376712,7451.909587,7901.136364,13874.193548,8369.230769,9143.243243,7711.731844,-0.130321,0.053667,0.201969,0.502463,0.101558,0.100290,-0.062600
871600,104.6203,44,Ring_C5_Bend,Ring,bend,5,0.6203,Ring cycle 5: BEND Ring,2934,2817,2845,3223,2914,2986,2834,8592.248062,7494.366197,7738.400000,12566.743119,8389.161727,9154.553652,7641.237113,-0.122986,0.059670,0.177212,0.360876,0.104181,0.101651,-0.071169
871650,104.6646,44,Ring_C5_Bend,Ring,bend,5,0.6646,Ring cycle 5: BEND Ring,2933,2817,2844,3198,2900,2991,2843,8581.927711,7494.366197,7729.496403,12121.739130,8251.046025,9211.413043,7720.607029,-0.124039,0.059670,0.175858,0.312686,0.086003,0.108494,-0.061521
871700,104.8123,44,Ring_C5_Bend,Ring,bend,5,0.8123,Ring cycle 5: BEND Ring,2927,2809,2881,3218,2922,3023,2841,8520.376712,7426.594090,8068.698517,12475.712657,8469.565217,9587.873134,7702.870813,-0.130321,0.050087,0.227459,0.351019,0.114764,0.153796,-0.063677
871750,104.8124,44,Ring_C5_Bend,Ring,bend,5,0.8124,Ring cycle 5: BEND Ring,2936,2821,2844,3231,2915,3038,2834,8612.942192,7528.571429,7729.496403,12714.583333,8399.152542,9772.185430,7641.237113,-0.120873,0.064506,0.175858,0.376886,0.105496,0.175976,-0.071169
871800,104.8124,44,Ring_C5_Bend,Ring,bend,5,0.8124,Ring cycle 5: BEND Ring,2934,2816,2851,3162,2899,3065,2845,8592.248062,7485.848319,7792.122186,11522.829582,8241.304348,10117.475728,7738.400000,-0.122986,0.058465,0.185385,0.247829,0.084720,0.217528,-0.059358
871850,104.8664,44,Ring_C5_Bend,Ring,bend,5,0.8664,Ring cycle 5: BEND Ring,2924,2804,2856,3256,2907,3059,2841,8489.837746,7384.663052,7837.288136,13194.755662,8319.696970,10039.189189,7702.870813,-0.133439,0.044158,0.192256,0.428885,0.095038,0.208107,-0.063677
871900,104.9323,44,Ring_C5_Bend,Ring,bend,5,0.9323,Ring cycle 5: BEND Ring,2929,2817,2850,3209,2906,3044,2833,8540.823328,7494.366197,7783.132530,12314.446953,8309.840202,9847.383444,7632.488114,-0.128234,0.059670,0.184017,0.333555,0.093741,0.185026,-0.072232
871950,105.0748,44,Ring_C5_Bend,Ring,bend,5,1.0748,Ring cycle 5: BEND Ring,2928,2813,2873,3349,2901,3069,2845,8530.591260,7460.374415,7993.617021,15263.538874,8260.804020,10170.175439,7738.400000,-0.129279,0.054864,0.216037,0.652918,0.087287,0.223870,-0.059358
872000,105.0748,44,Ring_C5_Bend,Ring,bend,5,1.0748,Ring cycle 5: BEND Ring,2915,2803,2914,3379,2901,3045,2840,8399.152542,7376.315789,8389.161727,16045.530726,8260.804020,9860.000000,7694.023904,-0.142695,0.042978,0.276210,0.737601,0.087287,0.186544,-0.064752
872050,105.0749,44,Ring_C5_Bend,Ring,bend,5,1.0749,Ring cycle 5: BEND Ring,2928,2813,2880,3478,2909,3057,2834,8530.591260,7460.374415,8059.259259,19165.640194,8339.460371,10013.294798,7641.237113,-0.129279,0.054864,0.226023,1.075484,0.097640,0.204991,-0.071169
872100,105.1074,44,Ring_C5_Bend,Ring,bend,5,1.1074,Ring cycle 5: BEND Ring,2927,2825,2870,3390,2903,3120,2846,8520.376712,7562.992126,7965.714286,16348.936170,8280.369128,10880.000000,7747.317854,-0.130321,0.069373,0.211793,0.770457,0.089862,0.309290,-0.058274
872150,105.1508,44,Ring_C5_Bend,Ring,bend,5,1.1508,Ring cycle 5: BEND Ring,2923,2822,2921,3402,2924,3140,2840,8479.692833,7537.156324,8459.454855,16690.909091,8489.837746,11179.057592,7694.023904,-0.134474,0.065720,0.286904,0.807490,0.117432,0.345278,-0.064752
872200,105.3224,44,Ring_C5_Bend,Ring,bend,5,1.3224,Ring cycle 5: BEND Ring,2937,2845,2953,3389,2907,3156,2833,8623.316062,7738.400000,8791.768827,16320.963173,8319.696970,11427.476038,7632.488114,-0.119814,0.094175,0.337457,0.767428,0.095038,0.375173,-0.072232
872250,105.3225,44,Ring_C5_Bend,Ring,bend,5,1.3225,Ring cycle 5: BEND Ring,2940,2843,2888,3358,2894,3131,2838,8654.545455,7720.607029,8135.211268,15491.451832,8192.839301,11042.946058,7676.372315,-0.116627,0.091659,0.237578,0.677599,0.078341,0.328899,-0.066898
872300,105.3225,44,Ring_C5_Bend,Ring,bend,5,1.3225,Ring cycle 5: BEND Ring,2942,2848,2897,3306,2914,3180,2837,8675.455334,7765.196472,8221.869783,14246.387833,8389.161727,11816.393443,7667.567568,-0.114493,0.097964,0.250761,0.542768,0.104181,0.421975,-0.067968
872350,105.3666,44,Ring_C5_Bend,Ring,bend,5,1.3666,Ring cycle 5: BEND Ring,2949,2859,2891,3321,2938,3169,2837,8749.214660,7864.563107,8163.953488,14588.372093,8633.707865,11635.637149,7667.567568,-0.106964,0.112014,0.241950,0.579802,0.136369,0.400223,-0.067968
872400,105.4106,44,Ring_C5_Bend,Ring,bend,5,1.4106,Ring cycle 5: BEND Ring,2958,2866,2873,3284,2895,3178,2847,8845.382586,7928.722539,7993.617021,13767.694205,8202.500000,11783.206107,7756.250000,-0.097148,0.121086,0.216037,0.490930,0.079613,0.417981,-0.057189
872450,105.5842,44,Ring_C5_Bend,Ring,bend,5,1.5842,Ring cycle 5: BEND Ring,2944,2857,2895,3344,2907,3158,2846,8696.437880,7846.365105,8202.500000,15139.280959,8319.696970,11459.124867,7747.317854,-0.112351,0.109441,0.247814,0.639461,0.095038,0.378981,-0.058274
872500,105.5843,44,Ring_C5_Bend,Ring,bend,5,1.5843,Ring cycle 5: BEND Ring,2951,2861,2892,3305,2921,3122,2832,8770.454545,7882.820097,8173.566085,14224.050633,8459.454855,10909.352518,7623.752969,-0.104796,0.114596,0.243412,0.540349,0.113433,0.312822,-0.073294
872550,105.5843,44,Ring_C5_Bend,Ring,bend,5,1.5843,Ring cycle 5: BEND Ring,2942,2849,2885,3316,2905,3142,2843,8675.455334,7774.157303,8106.611570,14472.913992,8300.000000,11209.653725,7720.607029,-0.114493,0.099231,0.233227,0.567299,0.092446,0.348960,-0.061521
872600,105.6062,44,Ring_C5_Bend,Ring,bend,5,1.6062,Ring cycle 5: BEND Ring,2930,2834,2913,3333,2911,3108,2845,8551.072961,7641.237113,8379.187817,14871.653543,8359.290541,10706.382979,7738.400000,-0.127188,0.080437,0.274693,0.610480,0.100250,0.288397,-0.059358
872650,105.6826,44,Ring_C5_Bend,Ring,bend,5,1.6826,Ring cycle 5: BEND Ring,2933,2846,2906,3347,2916,3112,2833,8581.927711,7747.317854,8309.840202,15213.636364,8409.160305,10763.784334,7632.488114,-0.124039,0.095436,0.264143,0.647514,0.106814,0.295305,-0.072232
872700,105.8487,44,Ring_C5_Bend,Ring,bend,5,1.8487,Ring cycle 5: BEND Ring,2931,2846,2891,3327,2904,3075,2846,8561.340206,7747.317854,8163.953488,14728.906250,8290.176322,10250.000000,7747.317854,-0.126140,0.095436,0.241950,0.595021,0.091153,0.233476,-0.058274
872750,105.8487,44,Ring_C5_Bend,Ring,bend,5,1.8487,Ring cycle 5: BEND Ring,2920,2839,2896,3337,2909,3067,2846,8449.361702,7685.191083,8212.176814,14968.073879,8339.460371,10143.774319,7747.317854,-0.137570,0.086652,0.249286,0.620921,0.097640,0.220693,-0.058274
872800,105.8488,44,Ring_C5_Bend,Ring,bend,5,1.8488,Ring cycle 5: BEND Ring,2932,2852,2902,3269,2916,3070,2833,8571.625107,7801.126307,8270.578374,13455.932203,8409.160305,10183.414634,7632.488114,-0.125091,0.103044,0.258170,0.457168,0.106814,0.225463,-0.072232
872850,105.8593,44,Ring_C5_Bend,Ring,bend,5,1.8593,Ring cycle 5: BEND Ring,2934,2849,2879,3264,2911,3057,2844,8592.248062,7774.157303,8049.835526,13354.512635,8359.290541,10013.294798,7729.496403,-0.122986,0.099231,0.224590,0.446186,0.100250,0.204991,-0.060441
872900,105.9029,44,Ring_C5_Bend,Ring,bend,5,1.9029,Ring cycle 5: BEND Ring,2923,2834,2875,3286,2915,3054,2843,8479.692833,7641.237113,8012.295082,13810.135970,8399.152542,9974.639769,7720.607029,-0.134474,0.080437,0.218879,0.495526,0.105496,0.200340,-0.061521
872950,106.1051,45,Pinky_Prep_Open,Pinky,prep_open,0,0.1051,OPEN HAND - prepare for Pinky,2929,2850,2879,3290,2911,3032,2832,8540.823328,7783.132530,8049.835526,13895.652174,8359.290541,9697.836312,7623.752969,-0.128234,0.100500,0.224590,0.504787,0.100250,0.167029,-0.073294
873000,106.1054,45,Pinky_Prep_Open,Pinky,prep_open,0,0.1054,OPEN HAND - prepare for Pinky,2927,2849,2865,3237,2905,3063,2844,8520.376712,7774.157303,7919.512195,12827.272727,8300.000000,10091.279070,7729.496403,-0.130321,0.099231,0.204764,0.389090,0.092446,0.214376,-0.060441
873050,106.1055,45,Pinky_Prep_Open,Pinky,prep_open,0,0.1055,OPEN HAND - prepare for Pinky,2918,2839,2864,3236,2911,3039,2844,8429.226848,7685.191083,7910.316816,12808.381839,8359.290541,9784.659091,7729.496403,-0.139625,0.086652,0.203365,0.387044,0.100250,0.177477,-0.060441
873100,106.1266,45,Pinky_Prep_Open,Pinky,prep_open,0,0.1266,OPEN HAND - prepare for Pinky,2926,2848,2860,3217,2902,3049,2834,8510.179641,7765.196472,7873.684211,12457.630979,8270.578374,9910.707457,7641.237113,-0.131362,0.097964,0.197793,0.349060,0.088573,0.192646,-0.071169
873150,106.1593,45,Pinky_Prep_Open,Pinky,prep_open,0,0.1593,OPEN HAND - prepare for Pinky,2924,2847,2835,3177,2888,3036,2844,8489.837746,7756.250000,7650.000000,11766.666667,8135.211268,9747.308782,7729.496403,-0.133439,0.096699,0.163764,0.274235,0.070756,0.172983,-0.060441
873200,106.2029,45,Pinky_Prep_Open,Pinky,prep_open,0,0.2029,OPEN HAND - prepare for Pinky,2912,2841,2845,3181,2897,3029,2840,8369.230769,7702.870813,7738.400000,11833.041575,8221.869783,9660.975610,7694.023904,-0.145749,0.089151,0.177212,0.281423,0.082162,0.162593,-0.064752
873250,106.3757,45,Pinky_Prep_Open,Pinky,prep_open,0,0.3757,OPEN HAND - prepare for Pinky,2927,2848,2840,3179,2899,3025,2832,8520.376712,7765.196472,7694.023904,11799.781659,8241.304348,9612.149533,7623.752969,-0.130321,0.097964,0.170462,0.277821,0.084720,0.156718,-0.073294
873300,106.3758,45,Pinky_Prep_Open,Pinky,prep_open,0,0.3758,OPEN HAND - prepare for Pinky,2927,2846,2824,3184,2888,3027,2847,8520.376712,7747.317854,7554.366640,11883.205269,8135.211268,9636.516854,7756.250000,-0.130321,0.095436,0.149216,0.286855,0.070756,0.159650,-0.057189
873350,106.3868,45,Pinky_Prep_Open,Pinky,prep_open,0,0.3868,OPEN HAND - prepare for Pinky,2923,2839,2834,3172,2904,3034,2848,8479.692833,7685.191083,7641.237113,11684.507042,8290.176322,9722.525919,7765.196472,-0.134474,0.086652,0.162431,0.265337,0.091153,0.170000,-0.056101
873400,106.4305,45,Pinky_Prep_Open,Pinky,prep_open,0,0.4305,OPEN HAND - prepare for Pinky,2931,2850,2829,3180,2900,3025,2836,8561.340206,7783.132530,7597.630332,11816.393443,8251.046025,9612.149533,7658.776807,-0.126140,0.100500,0.155798,0.279620,0.086003,0.156718,-0.069037
873450,106.4638,45,Pinky_Prep_Open,Pinky,prep_open,0,0.4638,OPEN HAND - prepare for Pinky,2925,2847,2831,3164,2893,3028,2847,8500.000000,7756.250000,7615.031646,11554.887218,8183.194676,9648.734770,7756.250000,-0.132401,0.096699,0.158445,0.251301,0.077072,0.161120,-0.057189
873500,106.6285,45,Pinky_Prep_Open,Pinky,prep_open,0,0.6285,OPEN HAND - prepare for Pinky,2913,2839,2838,3182,2898,3016,2848,8379.187817,7685.191083,7676.372315,11849.726177,8231.578947,9503.614458,7765.196472,-0.144733,0.086652,0.167776,0.283229,0.083440,0.143657,-0.056101
873550,106.6285,45,Pinky_Prep_Open,Pinky,prep_open,0,0.6285,OPEN HAND - prepare for Pinky,2923,2857,2843,3181,2899,3010,2840,8479.692833,7846.365105,7720.607029,11833.041575,8241.304348,9432.258065,7694.023904,-0.134474,0.109441,0.174506,0.281423,0.084720,0.135070,-0.064752
873600,106.6286,45,Pinky_Prep_Open,Pinky,prep_open,0,0.6286,OPEN HAND - prepare for Pinky,2927,2856,2816,3180,2895,3017,2849,8520.376712,7837.288136,7485.848319,11816.393443,8202.500000,9515.584416,7774.157303,-0.130321,0.108157,0.138793,0.279620,0.079613,0.145097,-0.055012
873650,106.6715,45,Pinky_Prep_Open,Pinky,prep_open,0,0.6715,OPEN HAND - prepare for Pinky,2915,2835,2858,3183,2913,3012,2846,8399.152542,7650.000000,7855.456750,11866.447368,8379.187817,9455.955679,7747.317854,-0.142695,0.081676,0.195020,0.285040,0.102869,0.137922,-0.058274
873700,106.7154,45,Pinky_Prep_Open,Pinky,prep_open,0,0.7154,OPEN HAND - prepare for Pinky,2926,2847,2866,3186,2903,3002,2836,8510.179641,7756.250000,7928.722539,11916.831683,8280.369128,9338.334858,7658.776807,-0.131362,0.096699,0.206165,0.290496,0.089862,0.123767,-0.069037
873750,106.8669,45,Pinky_Prep_Open,Pinky,prep_open,0,0.8669,OPEN HAND - prepare for Pinky,2922,2845,2850,3173,2897,3006,2847,8469.565217,7738.400000,7783.132530,11700.867679,8221.869783,9385.123967,7756.250000,-0.135508,0.094175,0.184017,0.267109,0.082162,0.129398,-0.057189
873800,106.8669,45,Pinky_Prep_Open,Pinky,prep_open,0,0.8669,OPEN HAND - prepare for Pinky,2908,2830,2835,3180,2905,3015,2847,8329.570345,7606.324111,7650.000000,11816.393443,8300.000000,9491.666667,7756.250000,-0.149797,0.075500,0.163764,0.279620,0.092446,0.142219,-0.057189
873850,106.8669,45,Pinky_Prep_Open,Pinky,prep_open,0,0.8669,OPEN HAND - prepare for Pinky,2921,2846,2860,3181,2902,3019,2837,8459.454855,7747.317854,7873.684211,11833.041575,8270.578374,9539.591078,7667.567568,-0.136540,0.095436,0.197793,0.281423,0.088573,0.147986,-0.067968
873900,106.9323,45,Pinky_Prep_Open,Pinky,prep_open,0,0.9323,OPEN HAND - prepare for Pinky,2920,2846,2841,3172,2897,3021,2849,8449.361702,7747.317854,7702.870813,11684.507042,8221.869783,9563.687151,7774.157303,-0.137570,0.095436,0.171807,0.265337,0.082162,0.150886,-0.055012
873950,106.9537,45,Pinky_Prep_Open,Pinky,prep_open,0,0.9537,OPEN HAND - prepare for Pinky,2910,2835,2841,3183,2909,3028,2846,8349.367089,7650.000000,7702.870813,11866.447368,8339.460371,9648.734770,7747.317854,-0.147776,0.081676,0.171807,0.285040,0.097640,0.161120,-0.058274
874000,107.1314,45,Pinky_Prep_Open,Pinky,prep_open,0,1.1314,OPEN HAND - prepare for Pinky,2915,2841,2857,3181,2911,3033,2840,8399.152542,7702.870813,7846.365105,11833.041575,8359.290541,9710.169492,7694.023904,-0.142695,0.089151,0.193637,0.281423,0.100250,0.168513,-0.064752
874050,107.1315,45,Pinky_Prep_Open,Pinky,prep_open,0,1.1315,OPEN HAND - prepare for Pinky,2914,2839,2838,3174,2898,3084,2843,8389.161727,7685.191083,7676.372315,11717.263844,8231.578947,10371.513353,7720.607029,-0.143715,0.086652,0.167776,0.268885,0.083440,0.248099,-0.061521
874100,107.1315,45,Pinky_Prep_Open,Pinky,prep_open,0,1.1315,OPEN HAND - prepare for Pinky,2904,2829,2833,3180,2899,3063,2842,8290.176322,7597.630332,7632.488114,11816.393443,8241.304348,10091.279070,7711.731844,-0.153818,0.074271,0.161100,0.279620,0.084720,0.214376,-0.062600
874150,107.1862,45,Pinky_Prep_Open,Pinky,prep_open,0,1.1862,OPEN HAND - prepare for Pinky,2915,2841,2830,3178,2905,3071,2833,8399.152542,7702.870813,7606.324111,11783.206107,8300.000000,10196.679688,7632.488114,-0.142695,0.089151,0.157120,0.276026,0.092446,0.227060,-0.072232
874200,107.2077,45,Pinky_Prep_Open,Pinky,prep_open,0,1.2077,OPEN HAND - prepare for Pinky,2911,2836,2833,3178,2897,3135,2844,8359.290541,7658.776807,7632.488114,11783.206107,8221.869783,11103.125000,7729.496403,-0.146764,0.082917,0.161100,0.276026,0.082162,0.336140,-0.060441
874250,107.3818,45,Pinky_Prep_Open,Pinky,prep_open,0,1.3818,OPEN HAND - prepare for Pinky,2918,2821,2869,3261,2911,3127,2844,8429.226848,7528.571429,7956.443719,13294.244604,8359.290541,10983.264463,7729.496403,-0.139625,0.064506,0.210382,0.439659,0.100250,0.321717,-0.060441
874300,107.3819,45,Pinky_Prep_Open,Pinky,prep_open,0,1.3819,OPEN HAND - prepare for Pinky,2923,2830,2855,3316,2901,3229,2834,8479.692833,7606.324111,7828.225806,14472.913992,8260.804020,12677.367206,7641.237113,-0.134474,0.075500,0.190877,0.567299,0.087287,0.525583,-0.071169
874350,107.3819,45,Pinky_Prep_Open,Pinky,prep_open,0,1.3819,OPEN HAND - prepare for Pinky,2928,2828,2848,3377,2906,3212,2849,8530.591260,7588.950276,7765.196472,15991.364903,8309.840202,12367.836920,7774.157303,-0.129279,0.073044,0.181289,0.731735,0.093741,0.488335,-0.055012
874400,107.4035,45,Pinky_Prep_Open,Pinky,prep_open,0,1.4035,OPEN HAND - prepare for Pinky,2940,2827,2872,3484,2921,3129,2848,8654.545455,7580.283912,7984.300899,19387.234043,8459.454855,11013.043478,7765.196472,-0.116627,0.071818,0.214620,1.099480,0.113433,0.325300,-0.056101
874450,107.4912,45,Pinky_Prep_Open,Pinky,prep_open,0,1.4912,OPEN HAND - prepare for Pinky,2958,2831,2879,3491,2919,3149,2838,8845.382586,7615.031646,8049.835526,19651.324503,8439.285714,11317.758985,7676.372315,-0.097148,0.076731,0.224590,1.128079,0.110779,0.361969,-0.066898
874500,107.6581,45,Pinky_Prep_Open,Pinky,prep_open,0,1.6581,OPEN HAND - prepare for Pinky,2950,2833,2895,3395,2903,3129,2850,8759.825328,7632.488114,8202.500000,16490.000000,8280.369128,11013.043478,7783.132530,-0.105881,0.079200,0.247814,0.785733,0.089862,0.325300,-0.053921
874550,107.6582,45,Pinky_Prep_Open,Pinky,prep_open,0,1.6582,OPEN HAND - prepare for Pinky,2934,2821,2895,3405,2918,3113,2850,8592.248062,7528.571429,8202.500000,16778.260870,8429.226848,10778.207739,7783.132530,-0.122986,0.064506,0.247814,0.816950,0.109455,0.297040,-0.053921
874600,107.6582,45,Pinky_Prep_Open,Pinky,prep_open,0,1.6582,OPEN HAND - prepare for Pinky,2944,2828,2858,3372,2918,3135,2842,8696.437880,7588.950276,7855.456750,15857.261411,8429.226848,11103.125000,7711.731844,-0.112351,0.073044,0.195020,0.717213,0.109455,0.336140,-0.062600
874650,107.6582,45,Pinky_Prep_Open,Pinky,prep_open,0,1.6582,OPEN HAND - prepare for Pinky,2941,2830,2851,3321,2906,3153,2849,8664.991334,7606.324111,7792.122186,14588.372093,8309.840202,11380.254777,7774.157303,-0.115561,0.075500,0.185385,0.579802,0.093741,0.369490,-0.055012
874700,107.7239,45,Pinky_Prep_Open,Pinky,prep_open,0,1.7239,OPEN HAND - prepare for Pinky,2929,2819,2862,3321,2911,3109,2846,8540.823328,7511.442006,7891.970803,14588.372093,8359.290541,10720.689655,7747.317854,-0.128234,0.062084,0.200574,0.579802,0.100250,0.290119,-0.058274
874750,107.8844,45,Pinky_Prep_Open,Pinky,prep_open,0,1.8844,OPEN HAND - prepare for Pinky,2937,2827,2846,3297,2916,3090,2832,8623.316062,7580.283912,7747.317854,14047.368421,8409.160305,10453.731343,7623.752969,-0.119814,0.071818,0.178569,0.521216,0.106814,0.257993,-0.073294
874800,107.8844,45,Pinky_Prep_Open,Pinky,prep_open,0,1.8844,OPEN HAND - prepare for Pinky,2938,2827,2839,3287,2902,3097,2843,8633.707865,7580.283912,7685.191083,13831.435644,8270.578374,10550.901804,7720.607029,-0.118754,0.071818,0.169118,0.497832,0.088573,0.269686,-0.061521
874850,107.8845,45,Pinky_Prep_Open,Pinky,prep_open,0,1.8845,OPEN HAND - prepare for Pinky,2926,2814,2856,3267,2922,3096,2840,8510.179641,7468.852459,7837.288136,13415.217391,8469.565217,10536.936937,7694.023904,-0.131362,0.056062,0.192256,0.452759,0.114764,0.268006,-0.064752
874900,107.9273,45,Pinky_Prep_Open,Pinky,prep_open,0,1.9273,OPEN HAND - prepare for Pinky,2936,2823,2858,3261,2918,3064,2832,8612.942192,7545.754717,7855.456750,13294.244604,8429.226848,10104.364694,7623.752969,-0.120873,0.066936,0.195020,0.439659,0.109455,0.215951,-0.073294
874950,107.9599,45,Pinky_Prep_Open,Pinky,prep_open,0,1.9599,OPEN HAND - prepare for Pinky,2934,2829,2844,3240,2906,3081,2842,8592.248062,7597.630332,7729.496403,12884.210526,8309.840202,10330.769231,7711.731844,-0.122986,0.074271,0.175858,0.395256,0.093741,0.243196,-0.062600
875000,108.0035,45,Pinky_Prep_Open,Pinky,prep_open,0,2.0035,OPEN HAND - prepare for Pinky,2924,2819,2848,3287,2917,3056,2840,8489.837746,7511.442006,7765.196472,13831.435644,8419.185059,10000.384986,7694.023904,-0.133439,0.062084,0.181289,0.497832,0.108133,0.203438,-0.064752
875050,108.1454,45,Pinky_Prep_Open,Pinky,prep_open,0,2.1454,OPEN HAND - prepare for Pinky,2930,2826,2844,3226,2925,3075,2831,8551.072961,7571.631206,7729.496403,12621.864212,8500.000000,10250.000000,7615.031646,-0.127188,0.070595,0.175858,0.366846,0.118770,0.233476,-0.074354
875100,108.1455,45,Pinky_Prep_Open,Pinky,prep_open,0,2.1455,OPEN HAND - prepare for Pinky,2930,2819,2824,3261,2918,3113,2840,8551.072961,7511.442006,7554.366640,13294.244604,8429.226848,10778.207739,7694.023904,-0.127188,0.062084,0.149216,0.439659,0.109455,0.297040,-0.064752
875150,108.1991,45,Pinky_Prep_Open,Pinky,prep_open,0,2.1991,OPEN HAND - prepare for Pinky,2918,2806,2845,3216,2927,3114,2836,8429.226848,7401.396431,7738.400000,12439.590444,8520.376712,10792.660550,7658.776807,-0.139625,0.046524,0.177212,0.347107,0.121452,0.298779,-0.069037
875200,108.2321,45,Pinky_Prep_Open,Pinky,prep_open,0,2.2321,OPEN HAND - prepare for Pinky,2930,2816,2845,3240,2924,3085,2830,8551.072961,7485.848319,7738.400000,12884.210526,8489.837746,10385.148515,7606.324111,-0.127188,0.058465,0.177212,0.395256,0.117432,0.249740,-0.075413
875250,108.3955,45,Pinky_Prep_Open,Pinky,prep_open,0,2.3955,OPEN HAND - prepare for Pinky,2926,2818,2843,3254,2914,3115,2839,8510.179641,7502.897416,7720.607029,13155.291320,8389.161727,10807.142857,7685.191083,-0.131362,0.060876,0.174506,0.424611,0.104181,0.300522,-0.065826
875300,108.3956,45,Pinky_Prep_Open,Pinky,prep_open,0,2.3956,OPEN HAND - prepare for Pinky,2918,2811,2859,3253,2925,3087,2836,8429.226848,7443.457944,7864.563107,13135.629454,8500.000000,10412.500000,7658.776807,-0.139625,0.052472,0.196405,0.422482,0.118770,0.253031,-0.069037
875350,108.3956,45,Pinky_Prep_Open,Pinky,prep_open,0,2.3956,OPEN HAND - prepare for Pinky,2932,2821,2861,3271,2923,3061,2829,8571.625107,7528.571429,7882.820097,13496.844660,8479.692833,10065.183752,7597.630332,-0.125091,0.064506,0.199182,0.461599,0.116097,0.211236,-0.076470
875400,108.4395,45,Pinky_Prep_Open,Pinky,prep_open,0,2.4395,OPEN HAND - prepare for Pinky,2928,2826,2837,3277,2909,3060,2835,8530.591260,7571.631206,7667.567568,13620.782396,8339.460371,10052.173913,7650.000000,-0.129279,0.070595,0.166437,0.475020,0.097640,0.209670,-0.070104
875450,108.4718,45,Pinky_Prep_Open,Pinky,prep_open,0,2.4718,OPEN HAND - prepare for Pinky,2921,2823,2855,3282,2925,3057,2836,8459.454855,7545.754717,7828.225806,13725.461255,8500.000000,10013.294798,7658.776807,-0.136540,0.066936,0.190877,0.486356,0.118770,0.204991,-0.069037
875500,108.6457,45,Pinky_Prep_Open,Pinky,prep_open,0,2.6457,OPEN HAND - prepare for Pinky,2925,2823,2847,3257,2915,3053,2829,8500.000000,7545.754717,7756.250000,13214.558473,8399.152542,9961.804223,7597.630332,-0.132401,0.066936,0.179928,0.431030,0.105496,0.198795,-0.076470
875550,108.6458,45,Pinky_Prep_Open,Pinky,prep_open,0,2.6458,OPEN HAND - prepare for Pinky,2928,2827,2824,3283,2909,3091,2840,8530.591260,7580.283912,7554.366640,13746.551724,8339.460371,10467.529880,7694.023904,-0.129279,0.071818,0.149216,0.488640,0.097640,0.259654,-0.064752
875600,108.6458,45,Pinky_Prep_Open,Pinky,prep_open,0,2.6458,OPEN HAND - prepare for Pinky,2924,2816,2827,3311,2912,3064,2844,8489.837746,7485.848319,7580.283912,14358.928571,8369.230769,10104.364694,7729.496403,-0.133439,0.058465,0.153159,0.554956,0.101558,0.215951,-0.060441
875650,108.6782,45,Pinky_Prep_Open,Pinky,prep_open,0,2.6782,OPEN HAND - prepare for Pinky,2927,2830,2828,3267,2908,3045,2832,8520.376712,7606.324111,7588.950276,13415.217391,8329.570345,9860.000000,7623.752969,-0.130321,0.075500,0.154477,0.452759,0.096338,0.186544,-0.073294
875700,108.7215,45,Pinky_Prep_Open,Pinky,prep_open,0,2.7215,OPEN HAND - prepare for Pinky,2928,2829,2818,3245,2903,3045,2843,8530.591260,7597.630332,7502.897416,12980.000000,8280.369128,9860.000000,7720.607029,-0.129279,0.074271,0.141386,0.405629,0.089862,0.186544,-0.061521
875750,108.9124,45,Pinky_Prep_Open,Pinky,prep_open,0,2.9124,OPEN HAND - prepare for Pinky,2918,2814,2836,3263,2907,3051,2838,8429.226848,7468.852459,7658.776807,13334.375000,8319.696970,9936.206897,7676.372315,-0.139625,0.056062,0.165100,0.444005,0.095038,0.195715,-0.066898
875800,108.9125,45,Pinky_Prep_Open,Pinky,prep_open,0,2.9125,OPEN HAND - prepare for Pinky,2923,2817,2829,3207,2905,3029,2831,8479.692833,7494.366197,7597.630332,12279.054054,8300.000000,9660.975610,7615.031646,-0.134474,0.059670,0.155798,0.329722,0.092446,0.162593,-0.074354
875850,108.9125,45,Pinky_Prep_Open,Pinky,prep_open,0,2.9125,OPEN HAND - prepare for Pinky,2920,2817,2814,3215,2895,3024,2840,8449.361702,7494.366197,7468.852459,12421.590909,8202.500000,9600.000000,7694.023904,-0.137570,0.059670,0.136207,0.345158,0.079613,0.155256,-0.064752
875900,108.9236,45,Pinky_Prep_Open,Pinky,prep_open,0,2.9236,OPEN HAND - prepare for Pinky,2913,2810,2851,3193,2902,3057,2840,8379.187817,7435.019455,7792.122186,12035.698448,8270.578374,10013.294798,7694.023904,-0.144733,0.051278,0.185385,0.303369,0.088573,0.204991,-0.064752
875950,108.9677,45,Pinky_Prep_Open,Pinky,prep_open,0,2.9677,OPEN HAND - prepare for Pinky,2919,2819,2845,3267,2906,3040,2831,8439.285714,7511.442006,7738.400000,13415.217391,8309.840202,9797.156398,7615.031646,-0.138598,0.062084,0.177212,0.452759,0.093741,0.178981,-0.074354
876000,109.0115,45,Pinky_Prep_Open,Pinky,prep_open,0,3.0115,OPEN HAND - prepare for Pinky,2917,2815,2833,3154,2897,3087,2836,8419.185059,7477.343750,7632.488114,11395.961743,8221.869783,10412.500000,7658.776807,-0.140650,0.057263,0.161100,0.234090,0.082162,0.253031,-0.069037
876050,109.1623,45,Pinky_Prep_Open,Pinky,prep_open,0,3.1623,OPEN HAND - prepare for Pinky,2903,2806,2835,3203,2907,3091,2837,8280.369128,7401.396431,7650.000000,12208.744395,8319.696970,10467.529880,7667.567568,-0.154819,0.046524,0.163764,0.322108,0.095038,0.259654,-0.067968
876100,109.1624,45,Pinky_Prep_Open,Pinky,prep_open,0,3.1624,OPEN HAND - prepare for Pinky,2914,2815,2830,3247,2899,3032,2829,8389.161727,7477.343750,7606.324111,13018.632075,8241.304348,9697.836312,7597.630332,-0.143715,0.057263,0.157120,0.409812,0.084720,0.167029,-0.076470
876150,109.1728,45,Pinky_Prep_Open,Pinky,prep_open,0,3.1728,OPEN HAND - prepare for Pinky,2912,2817,2814,3197,2892,3061,2835,8369.230769,7494.366197,7468.852459,12104.454343,8173.566085,10065.183752,7650.000000,-0.145749,0.059670,0.136207,0.310814,0.075805,0.211236,-0.070104
876200,109.2159,45,Pinky_Prep_Open,Pinky,prep_open,0,3.2159,OPEN HAND - prepare for Pinky,2902,2810,2829,3182,2897,3070,2834,8270.578374,7435.019455,7597.630332,11849.726177,8221.869783,10183.414634,7641.237113,-0.155818,0.051278,0.155798,0.283229,0.082162,0.225463,-0.071169
876250,109.2703,45,Pinky_Prep_Open,Pinky,prep_open,0,3.2703,OPEN HAND - prepare for Pinky,2915,2813,2830,3207,2895,2997,2826,8399.152542,7460.374415,7606.324111,12279.054054,8202.500000,9280.327869,7571.631206,-0.142695,0.054864,0.157120,0.329722,0.079613,0.116787,-0.079630
876300,109.4244,45,Pinky_Prep_Open,Pinky,prep_open,0,3.4244,OPEN HAND - prepare for Pinky,2910,2815,2823,3243,2889,3019,2835,8349.367089,7477.343750,7545.754717,12941.549296,8144.776119,9539.591078,7650.000000,-0.147776,0.057263,0.147906,0.401465,0.072015,0.147986,-0.070104
876350,109.4244,45,Pinky_Prep_Open,Pinky,prep_open,0,3.4244,OPEN HAND - prepare for Pinky,2901,2804,2851,3240,2898,3017,2832,8260.804020,7384.663052,7792.122186,12884.210526,8231.578947,9515.584416,7623.752969,-0.156816,0.044158,0.185385,0.395256,0.083440,0.145097,-0.073294
876400,109.4356,45,Pinky_Prep_Open,Pinky,prep_open,0,3.4356,OPEN HAND - prepare for Pinky,2907,2813,2853,3248,2899,3008,2825,8319.696970,7460.374415,7810.144928,13038.016529,8241.304348,9408.647654,7562.992126,-0.150805,0.054864,0.188127,0.411912,0.084720,0.132229,-0.080680
876450,109.4570,45,Pinky_Prep_Open,Pinky,prep_open,0,3.4570,OPEN HAND - prepare for Pinky,2905,2812,2839,3212,2894,3021,2834,8300.000000,7451.909587,7685.191083,12367.836920,8192.839301,9563.687151,7641.237113,-0.152815,0.053667,0.169118,0.339337,0.078341,0.150886,-0.071169
876500,109.5224,45,Pinky_Prep_Open,Pinky,prep_open,0,3.5224,OPEN HAND - prepare for Pinky,2896,2806,2845,3252,2902,2999,2831,8212.176814,7401.396431,7738.400000,13116.014235,8270.578374,9303.467153,7615.031646,-0.161780,0.046524,0.177212,0.420358,0.088573,0.119571,-0.074354
876550,109.6763,45,Pinky_Prep_Open,Pinky,prep_open,0,3.6763,OPEN HAND - prepare for Pinky,2909,2814,2835,3201,2902,3009,2823,8339.460371,7468.852459,7650.000000,12173.825503,8270.578374,9420.441989,7545.754717,-0.148788,0.056062,0.163764,0.318327,0.088573,0.133648,-0.082775
876600,109.6763,45,Pinky_Prep_Open,Pinky,prep_open,0,3.6763,OPEN HAND - prepare for Pinky,2911,2814,2811,3182,2896,3006,2832,8359.290541,7468.852459,7443.457944,11849.726177,8212.176814,9385.123967,7623.752969,-0.146764,0.056062,0.132344,0.283229,0.080887,0.129398,-0.073294
876650,109.6763,45,Pinky_Prep_Open,Pinky,prep_open,0,3.6763,OPEN HAND - prepare for Pinky,2898,2805,2823,3193,2904,3003,2832,8231.578947,7393.023256,7545.754717,12035.698448,8290.176322,9350.000000,7623.752969,-0.159799,0.045340,0.147906,0.303369,0.091153,0.125171,-0.073294
876700,109.7205,45,Pinky_Prep_Open,Pinky,prep_open,0,3.7205,OPEN HAND - prepare for Pinky,2916,2815,2826,3233,2898,2984,2825,8409.160305,7477.343750,7571.631206,12751.972158,8231.578947,9131.953195,7562.992126,-0.141673,0.057263,0.151842,0.380935,0.083440,0.098931,-0.080680
876750,109.7648,45,Pinky_Prep_Open,Pinky,prep_open,0,3.7648,OPEN HAND - prepare for Pinky,2916,2817,2817,3242,2894,2997,2832,8409.160305,7494.366197,7494.366197,12922.391559,8192.839301,9280.327869,7623.752969,-0.141673,0.059670,0.140088,0.399390,0.078341,0.116787,-0.073294
876800,109.9330,45,Pinky_Prep_Open,Pinky,prep_open,0,3.9330,OPEN HAND - prepare for Pinky,2899,2808,2831,3241,2905,2997,2831,8241.304348,7418.181818,7615.031646,12903.278689,8300.000000,9280.327869,7615.031646,-0.158806,0.048898,0.158445,0.397321,0.092446,0.116787,-0.074354
876850,109.9330,45,Pinky_Prep_Open,Pinky,prep_open,0,3.9330,OPEN HAND - prepare for Pinky,2916,2816,2832,3241,2906,3007,2822,8409.160305,7485.848319,7623.752969,12903.278689,8309.840202,9396.875000,7537.156324,-0.141673,0.058465,0.159771,0.397321,0.093741,0.130812,-0.083820
876900,109.9331,45,Pinky_Prep_Open,Pinky,prep_open,0,3.9331,OPEN HAND - prepare for Pinky,2912,2814,2816,3167,2894,2989,2834,8369.230769,7468.852459,7485.848319,11603.232759,8192.839301,9188.607595,7641.237113,-0.145749,0.056062,0.138793,0.256536,0.078341,0.105749,-0.071169
876950,109.9768,45,Pinky_Prep_Open,Pinky,prep_open,0,3.9768,OPEN HAND - prepare for Pinky,2901,2810,2830,3142,2902,3012,2832,8260.804020,7435.019455,7606.324111,11209.653725,8270.578374,9455.955679,7623.752969,-0.156816,0.051278,0.157120,0.213915,0.088573,0.137922,-0.073294
877000,110.0275,46,Pinky_C1_Open,Pinky,open,1,0.0275,Pinky cycle 1: OPEN,2913,2815,2825,3140,2899,2986,2824,8379.187817,7477.343750,7562.992126,11179.057592,8241.304348,9154.553652,7554.366640,-0.144733,0.057263,0.150528,0.210601,0.084720,0.101651,-0.081728
877050,110.1926,46,Pinky_C1_Open,Pinky,open,1,0.1926,Pinky cycle 1: OPEN,2912,2817,2802,3171,2891,3004,2832,8369.230769,7494.366197,7367.981439,11668.181818,8163.953488,9361.686526,7623.752969,-0.145749,0.059670,0.120862,0.263570,0.074539,0.126577,-0.073294
877100,110.1927,46,Pinky_C1_Open,Pinky,open,1,0.1927,Pinky cycle 1: OPEN,2909,2805,2818,3190,2898,3014,2832,8339.460371,7393.023256,7502.897416,11984.530387,8231.578947,9479.740981,7623.752969,-0.148788,0.045340,0.141386,0.297828,0.083440,0.140784,-0.073294
877150,110.1927,46,Pinky_C1_Open,Pinky,open,1,0.1927,Pinky cycle 1: OPEN,2918,2812,2822,3180,2898,3001,2824,8429.226848,7451.909587,7537.156324,11816.393443,8231.578947,9326.691042,7554.366640,-0.139625,0.053667,0.146598,0.279620,0.083440,0.122366,-0.081728
877200,110.2148,46,Pinky_C1_Open,Pinky,open,1,0.2148,Pinky cycle 1: OPEN,2919,2809,2805,3148,2890,3009,2831,8439.285714,7426.594090,7393.023256,11302.217529,8154.356846,9420.441989,7615.031646,-0.138598,0.050087,0.124671,0.223939,0.073276,0.133648,-0.074354
877250,110.2592,46,Pinky_C1_Open,Pinky,open,1,0.2592,Pinky cycle 1: OPEN,2914,2799,2813,3130,2896,3008,2831,8389.161727,7343.055556,7460.374415,11027.979275,8212.176814,9408.647654,7615.031646,-0.143715,0.038275,0.134917,0.194241,0.080887,0.132229,-0.074354
877300,110.4335,46,Pinky_C1_Open,Pinky,open,1,0.4335,Pinky cycle 1: OPEN,2926,2805,2812,3169,2896,2995,2817,8510.179641,7393.023256,7451.909587,11635.637149,8212.176814,9257.272727,7494.366197,-0.131362,0.045340,0.133630,0.260045,0.080887,0.114012,-0.089022
877350,110.4336,46,Pinky_C1_Open,Pinky,open,1,0.4336,Pinky cycle 1: OPEN,2926,2800,2789,3153,2887,2993,2831,8510.179641,7351.351351,7260.796325,11380.254777,8125.662252,9234.301270,7615.031646,-0.131362,0.039448,0.104556,0.232389,0.069500,0.111248,-0.074354
877400,110.4336,46,Pinky_C1_Open,Pinky,open,1,0.4336,Pinky cycle 1: OPEN,2912,2794,2790,3149,2897,2990,2828,8369.230769,7301.767871,7268.965517,11317.758985,8221.869783,9200.000000,7588.950276,-0.145749,0.032437,0.105799,0.225622,0.082162,0.107120,-0.077525
877450,110.4666,46,Pinky_C1_Open,Pinky,open,1,0.4666,Pinky cycle 1: OPEN,2922,2804,2804,3208,2895,2971,2819,8469.565217,7384.663052,7384.663052,12296.730552,8202.500000,8987.010676,7511.442006,-0.135508,0.044158,0.123400,0.331636,0.079613,0.081489,-0.086946
877500,110.5104,46,Pinky_C1_Open,Pinky,open,1,0.5104,Pinky cycle 1: OPEN,2921,2800,2791,3203,2892,2984,2829,8459.454855,7351.351351,7277.147239,12208.744395,8173.566085,9131.953195,7597.630332,-0.136540,0.039448,0.107044,0.322108,0.075805,0.098931,-0.076470
877550,110.6839,46,Pinky_C1_Open,Pinky,open,1,0.6839,Pinky cycle 1: OPEN,2914,2793,2799,3159,2896,2978,2826,8389.161727,7293.548387,7343.055556,11475.000000,8212.176814,9064.637422,7571.631206,-0.143715,0.031275,0.117070,0.242650,0.080887,0.090831,-0.079630
877600,110.6840,46,Pinky_C1_Open,Pinky,open,1,0.6840,Pinky cycle 1: OPEN,2924,2799,2792,3171,2901,2967,2814,8489.837746,7343.055556,7285.341520,11668.181818,8260.804020,8943.085106,7468.852459,-0.133439,0.038275,0.108290,0.263570,0.087287,0.076203,-0.092123
877650,110.6840,46,Pinky_C1_Open,Pinky,open,1,0.6840,Pinky cycle 1: OPEN,2921,2800,2783,3166,2881,2974,2827,8459.454855,7351.351351,7212.042683,11587.082885,8068.698517,9020.160571,7580.283912,-0.136540,0.039448,0.097140,0.254787,0.062002,0.085478,-0.078578
877700,110.7495,46,Pinky_C1_Open,Pinky,open,1,0.7495,Pinky cycle 1: OPEN,2916,2793,2796,3168,2894,2974,2825,8409.160305,7293.548387,7318.244804,11619.417476,8192.839301,9020.160571,7562.992126,-0.141673,0.031275,0.113296,0.258289,0.078341,0.085478,-0.080680
877750,110.7710,46,Pinky_C1_Open,Pinky,open,1,0.7710,Pinky cycle 1: OPEN,2925,2801,2789,3155,2892,2975,2815,8500.000000,7359.659969,7260.796325,11411.702128,8173.566085,9031.250000,7477.343750,-0.132401,0.040623,0.104556,0.235795,0.075805,0.086813,-0.091091
877800,110.9459,46,Pinky_C1_Open,Pinky,open,1,0.9459,Pinky cycle 1: OPEN,2927,2800,2774,3201,2886,2978,2828,8520.376712,7351.351351,7139.742619,12173.825503,8116.129032,9064.637422,7588.950276,-0.130321,0.039448,0.086141,0.318327,0.068245,0.090831,-0.077525
877850,110.9459,46,Pinky_C1_Open,Pinky,open,1,0.9459,Pinky cycle 1: OPEN,2917,2795,2789,3180,2895,2954,2827,8419.185059,7310.000000,7260.796325,11816.393443,8202.500000,8802.453988,7580.283912,-0.140650,0.033601,0.104556,0.279620,0.079613,0.059280,-0.078578
877900,110.9460,46,Pinky_C1_Open,Pinky,open,1,0.9460,Pinky cycle 1: OPEN,2927,2801,2811,3191,2897,2960,2815,8520.376712,7359.659969,7443.457944,12001.548673,8221.869783,8866.960352,7477.343750,-0.130321,0.040623,0.132344,0.299670,0.082162,0.067042,-0.091091
877950,110.9562,46,Pinky_C1_Open,Pinky,open,1,0.9562,Pinky cycle 1: OPEN,2927,2803,2805,3220,2892,2994,2830,8520.376712,7376.315789,7393.023256,12512.000000,8173.566085,9245.776567,7606.324111,-0.130321,0.042978,0.124671,0.354948,0.075805,0.112629,-0.075413
878000,110.9996,46,Pinky_C1_Open,Pinky,open,1,0.9996,Pinky cycle 1: OPEN,2914,2797,2797,3160,2901,2995,2831,8389.161727,7326.502311,7326.502311,11490.909091,8260.804020,9257.272727,7615.031646,-0.143715,0.035935,0.114552,0.244372,0.087287,0.114012,-0.074354
878050,111.1964,46,Pinky_C1_Open,Pinky,open,1,1.1964,Pinky cycle 1: OPEN,2928,2804,2804,3192,2900,2995,2821,8530.591260,7384.663052,7384.663052,12018.604651,8251.046025,9257.272727,7528.571429,-0.129279,0.044158,0.123400,0.301517,0.086003,0.114012,-0.084864
878100,111.1964,46,Pinky_C1_Open,Pinky,open,1,1.1964,Pinky cycle 1: OPEN,2926,2801,2796,3194,2891,2993,2830,8510.179641,7359.659969,7318.244804,12052.830189,8163.953488,9234.301270,7606.324111,-0.131362,0.040623,0.113296,0.305224,0.074539,0.111248,-0.075413
878150,111.1964,46,Pinky_C1_Open,Pinky,open,1,1.1964,Pinky cycle 1: OPEN,2914,2796,2804,3215,2899,2982,2830,8389.161727,7318.244804,7384.663052,12421.590909,8241.304348,9109.433962,7606.324111,-0.143715,0.034767,0.123400,0.345158,0.084720,0.096221,-0.075413
878200,111.2186,46,Pinky_C1_Open,Pinky,open,1,1.2186,Pinky cycle 1: OPEN,2923,2808,2797,3207,2896,2965,2821,8479.692833,7418.181818,7326.502311,12279.054054,8212.176814,8921.238938,7528.571429,-0.134474,0.048898,0.114552,0.329722,0.080887,0.073574,-0.084864
878250,111.2734,46,Pinky_C1_Open,Pinky,open,1,1.2734,Pinky cycle 1: OPEN,2920,2813,2786,3205,2892,2984,2831,8449.361702,7460.374415,7236.363636,12243.820225,8173.566085,9131.953195,7615.031646,-0.137570,0.054864,0.100839,0.325907,0.075805,0.098931,-0.074354
878300,111.3063,46,Pinky_C1_Open,Pinky,open,1,1.3063,Pinky cycle 1: OPEN,2909,2802,2801,3205,2897,2988,2831,8339.460371,7367.981439,7359.659969,12243.820225,8221.869783,9177.235772,7615.031646,-0.148788,0.041800,0.119596,0.325907,0.082162,0.104381,-0.074354
878350,111.4457,46,Pinky_C1_Open,Pinky,open,1,1.4457,Pinky cycle 1: OPEN,2920,2815,2795,3192,2893,2980,2821,8449.361702,7477.343750,7310.000000,12018.604651,8183.194676,9086.995516,7528.571429,-0.137570,0.057263,0.112041,0.301517,0.077072,0.093521,-0.084864
878400,111.4458,46,Pinky_C1_Open,Pinky,open,1,1.4458,Pinky cycle 1: OPEN,2918,2820,2785,3143,2884,2992,2831,8429.226848,7520.000000,7228.244275,11225.000000,8097.109827,9222.846782,7615.031646,-0.139625,0.063294,0.099604,0.215577,0.065741,0.109869,-0.074354
878450,111.4566,46,Pinky_C1_Open,Pinky,open,1,1.4566,Pinky cycle 1: OPEN,2908,2809,2798,3155,2894,2988,2828,8329.570345,7426.594090,7334.772552,11411.702128,8192.839301,9177.235772,7588.950276,-0.149797,0.050087,0.115810,0.235795,0.078341,0.104381,-0.077525
878500,111.5111,46,Pinky_C1_Open,Pinky,open,1,1.5111,Pinky cycle 1: OPEN,2916,2817,2794,3163,2893,2985,2820,8409.160305,7494.366197,7301.767871,11538.841202,8183.194676,9143.243243,7520.000000,-0.141673,0.059670,0.110789,0.249563,0.077072,0.100290,-0.085906
878550,111.7070,46,Pinky_C1_Open,Pinky,open,1,1.7070,Pinky cycle 1: OPEN,2911,2816,2786,3143,2882,2999,2829,8359.290541,7485.848319,7236.363636,11225.000000,8078.153339,9303.467153,7597.630332,-0.146764,0.058465,0.100839,0.215577,0.063246,0.119571,-0.076470
878600,111.7070,46,Pinky_C1_Open,Pinky,open,1,1.7070,Pinky cycle 1: OPEN,2905,2809,2789,3154,2894,2977,2831,8300.000000,7426.594090,7260.796325,11395.961743,8192.839301,9053.488372,7615.031646,-0.152815,0.050087,0.104556,0.234090,0.078341,0.089489,-0.074354
878650,111.7071,46,Pinky_C1_Open,Pinky,open,1,1.7071,Pinky cycle 1: OPEN,2912,2817,2788,3151,2893,2981,2820,8369.230769,7494.366197,7252.639633,11348.940678,8183.194676,9098.204668,7520.000000,-0.145749,0.059670,0.103315,0.228998,0.077072,0.094870,-0.085906
878700,111.7071,46,Pinky_C1_Open,Pinky,open,1,1.7071,Pinky cycle 1: OPEN,2911,2815,2777,3154,2882,2972,2831,8359.290541,7477.343750,7163.732929,11395.961743,8078.153339,8998.040962,7615.031646,-0.146764,0.057263,0.089790,0.234090,0.063246,0.082816,-0.074354
878750,111.7721,46,Pinky_C1_Open,Pinky,open,1,1.7721,Pinky cycle 1: OPEN,2902,2808,2783,3154,2895,2985,2830,8270.578374,7418.181818,7212.042683,11395.961743,8202.500000,9143.243243,7606.324111,-0.155818,0.048898,0.097140,0.234090,0.079613,0.100290,-0.075413
878800,111.9534,46,Pinky_C1_Open,Pinky,open,1,1.9534,Pinky cycle 1: OPEN,2913,2819,2779,3160,2894,2982,2817,8379.187817,7511.442006,7179.787234,11490.909091,8192.839301,9109.433962,7494.366197,-0.144733,0.062084,0.092233,0.244372,0.078341,0.096221,-0.089022
878850,111.9535,46,Pinky_C1_Open,Pinky,open,1,1.9535,Pinky cycle 1: OPEN,2907,2817,2772,3142,2883,2980,2830,8319.696970,7494.366197,7123.809524,11209.653725,8087.623762,9086.995516,7606.324111,-0.150805,0.059670,0.083717,0.213915,0.064493,0.093521,-0.075413
878900,111.9535,46,Pinky_C1_Open,Pinky,open,1,1.9535,Pinky cycle 1: OPEN,2898,2808,2773,3153,2896,2986,2828,8231.578947,7418.181818,7131.770045,11380.254777,8212.176814,9154.553652,7588.950276,-0.159799,0.048898,0.084928,0.232389,0.080887,0.101651,-0.077525
878950,111.9641,46,Pinky_C1_Open,Pinky,open,1,1.9641,Pinky cycle 1: OPEN,2904,2816,2775,3147,2895,2970,2816,8290.176322,7485.848319,7147.727273,11286.708861,8202.500000,8976.000000,7485.848319,-0.153818,0.058465,0.087356,0.222259,0.079613,0.080164,-0.090057
879000,112.0149,47,Pinky_C1_Bend,Pinky,bend,1,0.0149,Pinky cycle 1: BEND Pinky,2913,2816,2770,3129,2887,2983,2827,8379.187817,7485.848319,7107.924528,11013.043478,8125.662252,9120.683453,7580.283912,-0.144733,0.058465,0.081301,0.192623,0.069500,0.097575,-0.078578
879050,112.0704,47,Pinky_C1_Bend,Pinky,bend,1,0.0704,Pinky cycle 1: BEND Pinky,2907,2809,2781,3124,2894,2985,2828,8319.696970,7426.594090,7195.890411,10938.825953,8192.839301,9143.243243,7588.950276,-0.150805,0.050087,0.094682,0.184586,0.078341,0.100290,-0.077525
879100,112.2266,47,Pinky_C1_Bend,Pinky,bend,1,0.2266,Pinky cycle 1: BEND Pinky,2911,2815,2774,3124,2891,2967,2815,8359.290541,7477.343750,7139.742619,10938.825953,8163.953488,8943.085106,7477.343750,-0.146764,0.057263,0.086141,0.184586,0.074539,0.076203,-0.091091
879150,112.2267,47,Pinky_C1_Bend,Pinky,bend,1,0.2267,Pinky cycle 1: BEND Pinky,2909,2814,2766,3097,2886,2952,2824,8339.460371,7468.852459,7076.297968,10550.901804,8116.129032,8781.102362,7554.366640,-0.148788,0.056062,0.076489,0.142577,0.068245,0.056710,-0.081728
879200,112.2267,47,Pinky_C1_Bend,Pinky,bend,1,0.2267,Pinky cycle 1: BEND Pinky,2899,2801,2769,3120,2891,2954,2824,8241.304348,7359.659969,7100.000000,10880.000000,8163.953488,8802.453988,7554.366640,-0.158806,0.040623,0.080095,0.178216,0.074539,0.059280,-0.081728
879250,112.2700,47,Pinky_C1_Bend,Pinky,bend,1,0.2700,Pinky cycle 1: BEND Pinky,2911,2807,2767,3123,2891,2950,2812,8359.290541,7409.782609,7084.186747,10924.074074,8163.953488,8759.825328,7451.909587,-0.146764,0.047710,0.077689,0.182989,0.074539,0.054150,-0.094183
879300,112.3252,47,Pinky_C1_Bend,Pinky,bend,1,0.3252,Pinky cycle 1: BEND Pinky,2909,2814,2757,3116,2877,2959,2823,8339.460371,7468.852459,7005.829596,10821.654750,8031.034483,8856.161972,7545.754717,-0.148788,0.056062,0.065769,0.171898,0.057045,0.065743,-0.082775
879350,112.4329,47,Pinky_C1_Bend,Pinky,bend,1,0.4329,Pinky cycle 1: BEND Pinky,2899,2805,2770,3118,2888,2956,2825,8241.304348,7393.023256,7107.924528,10850.767656,8135.211268,8823.880597,7562.992126,-0.158806,0.045340,0.081301,0.175050,0.070756,0.061858,-0.080680
879400,112.4330,47,Pinky_C1_Bend,Pinky,bend,1,0.4330,Pinky cycle 1: BEND Pinky,2912,2815,2771,3111,2893,2943,2812,8369.230769,7477.343750,7115.861027,10749.390244,8183.194676,8685.937500,7451.909587,-0.145749,0.057263,0.082508,0.164072,0.077072,0.045258,-0.094183
879450,112.4762,47,Pinky_C1_Bend,Pinky,bend,1,0.4762,Pinky cycle 1: BEND Pinky,2912,2815,2764,3103,2883,2953,2823,8369.230769,7477.343750,7060.555973,10635.282258,8087.623762,8791.768827,7545.754717,-0.145749,0.057263,0.074095,0.151715,0.064493,0.057994,-0.082775
879500,112.5313,47,Pinky_C1_Bend,Pinky,bend,1,0.5313,Pinky cycle 1: BEND Pinky,2899,2804,2774,3116,2891,2953,2822,8241.304348,7384.663052,7139.742619,10821.654750,8163.953488,8791.768827,7537.156324,-0.158806,0.044158,0.086141,0.171898,0.074539,0.057994,-0.083820
879550,112.5746,47,Pinky_C1_Bend,Pinky,bend,1,0.5746,Pinky cycle 1: BEND Pinky,2911,2814,2776,3112,2887,2949,2811,8359.290541,7468.852459,7155.724033,10763.784334,8125.662252,8749.214660,7443.457944,-0.146764,0.056062,0.088572,0.165631,0.069500,0.052873,-0.095210
879600,112.8208,47,Pinky_C1_Bend,Pinky,bend,1,0.8208,Pinky cycle 1: BEND Pinky,2915,2815,2762,3107,2880,2956,2822,8399.152542,7477.343750,7044.861215,10692.105263,8059.259259,8823.880597,7537.156324,-0.142695,0.057263,0.071707,0.157868,0.060760,0.061858,-0.083820
879650,112.8209,47,Pinky_C1_Bend,Pinky,bend,1,0.8209,Pinky cycle 1: BEND Pinky,2901,2806,2772,3117,2887,2957,2822,8260.804020,7401.396431,7123.809524,10836.196319,8125.662252,8834.622144,7537.156324,-0.156816,0.046524,0.083717,0.173472,0.069500,0.063151,-0.083820
879700,112.8210,47,Pinky_C1_Bend,Pinky,bend,1,0.8210,Pinky cycle 1: BEND Pinky,2912,2809,2774,3117,2891,2953,2812,8369.230769,7426.594090,7139.742619,10836.196319,8163.953488,8791.768827,7451.909587,-0.145749,0.050087,0.086141,0.173472,0.074539,0.057994,-0.094183
879750,112.8210,47,Pinky_C1_Bend,Pinky,bend,1,0.8210,Pinky cycle 1: BEND Pinky,2913,2807,2762,3097,2881,2963,2825,8379.187817,7409.782609,7044.861215,10550.901804,8068.698517,8899.469965,7562.992126,-0.144733,0.047710,0.071707,0.142577,0.062002,0.070955,-0.080680
879800,112.8211,47,Pinky_C1_Bend,Pinky,bend,1,0.8211,Pinky cycle 1: BEND Pinky,2900,2800,2770,3104,2890,2957,2823,8251.046025,7351.351351,7107.924528,10649.445005,8154.356846,8834.622144,7545.754717,-0.157812,0.039448,0.081301,0.153249,0.073276,0.063151,-0.082775
879850,113.0180,47,Pinky_C1_Bend,Pinky,bend,1,1.0180,Pinky cycle 1: BEND Pinky,2906,2807,2769,3105,2889,2951,2814,8309.840202,7409.782609,7100.000000,10663.636364,8144.776119,8770.454545,7468.852459,-0.151811,0.047710,0.080095,0.154785,0.072015,0.055429,-0.092123
879900,113.0181,47,Pinky_C1_Bend,Pinky,bend,1,1.0181,Pinky cycle 1: BEND Pinky,2909,2804,2761,3091,2880,2962,2823,8339.460371,7384.663052,7037.031484,10467.529880,8059.259259,8888.614298,7545.754717,-0.148788,0.044158,0.070516,0.133549,0.060760,0.069648,-0.082775
879950,113.0181,47,Pinky_C1_Bend,Pinky,bend,1,1.0181,Pinky cycle 1: BEND Pinky,2898,2797,2768,3099,2893,2965,2823,8231.578947,7326.502311,7092.087415,10578.915663,8183.194676,8921.238938,7545.754717,-0.159799,0.035935,0.078891,0.145611,0.077072,0.073574,-0.082775
880000,113.0181,47,Pinky_C1_Bend,Pinky,bend,1,1.0181,Pinky cycle 1: BEND Pinky,2907,2800,2767,3108,2889,2964,2816,8319.696970,7351.351351,7084.186747,10706.382979,8144.776119,8910.344828,7485.848319,-0.150805,0.039448,0.077689,0.159415,0.072015,0.072263,-0.090057
880050,113.0611,47,Pinky_C1_Bend,Pinky,bend,1,1.0611,Pinky cycle 1: BEND Pinky,2905,2802,2759,3098,2881,2964,2829,8300.000000,7367.981439,7021.407186,10564.894684,8068.698517,8910.344828,7597.630332,-0.152815,0.041800,0.068139,0.144092,0.062002,0.072263,-0.076470
880100,113.2398,47,Pinky_C1_Bend,Pinky,bend,1,1.2398,Pinky cycle 1: BEND Pinky,2897,2793,2765,3112,2891,2962,2827,8221.869783,7293.548387,7068.421053,10763.784334,8163.953488,8888.614298,7580.283912,-0.160790,0.031275,0.075291,0.165631,0.074539,0.069648,-0.078578
880150,113.2399,47,Pinky_C1_Bend,Pinky,bend,1,1.2399,Pinky cycle 1: BEND Pinky,2915,2800,2758,3114,2892,2965,2816,8399.152542,7351.351351,7013.612565,10792.660550,8173.566085,8921.238938,7485.848319,-0.142695,0.039448,0.066953,0.168758,0.075805,0.073574,-0.090057
880200,113.2399,47,Pinky_C1_Bend,Pinky,bend,1,1.2399,Pinky cycle 1: BEND Pinky,2915,2800,2753,3122,2893,2990,2832,8399.152542,7351.351351,6974.813711,10909.352518,8183.194676,9200.000000,7623.752969,-0.142695,0.039448,0.061051,0.181394,0.077072,0.107120,-0.073294
880250,113.2612,47,Pinky_C1_Bend,Pinky,bend,1,1.2612,Pinky cycle 1: BEND Pinky,2919,2799,2794,3149,2920,3063,2831,8439.285714,7343.055556,7301.767871,11317.758985,8449.361702,10091.279070,7615.031646,-0.138598,0.038275,0.110789,0.225622,0.112105,0.214376,-0.074354
880300,113.3159,47,Pinky_C1_Bend,Pinky,bend,1,1.3159,Pinky cycle 1: BEND Pinky,2945,2819,2776,3323,2954,3146,2827,8706.956522,7511.442006,7155.724033,14634.974093,8802.453988,11271.232877,7580.283912,-0.111277,0.062084,0.088572,0.584849,0.158579,0.356370,-0.078578
880350,113.4864,47,Pinky_C1_Bend,Pinky,bend,1,1.4864,Pinky cycle 1: BEND Pinky,2968,2831,2795,3244,2974,3279,2831,8954.037267,7615.031646,7310.000000,12960.752056,9020.160571,13662.500000,7615.031646,-0.086058,0.076731,0.112041,0.403544,0.187233,0.644133,-0.074354
880400,113.4865,47,Pinky_C1_Bend,Pinky,bend,1,1.4865,Pinky cycle 1: BEND Pinky,2959,2845,2813,3326,3001,3232,2831,8856.161972,7738.400000,7460.374415,14705.331599,9326.691042,12733.256083,7615.031646,-0.096048,0.094175,0.134917,0.592468,0.227579,0.532309,-0.074354
880450,113.4865,47,Pinky_C1_Bend,Pinky,bend,1,1.4865,Pinky cycle 1: BEND Pinky,2965,2851,2823,3321,3040,3092,2817,8921.238938,7792.122186,7545.754717,14588.372093,9797.156398,10481.355932,7494.366197,-0.089405,0.101771,0.147906,0.579802,0.289502,0.261317,-0.089022
880500,113.5081,47,Pinky_C1_Bend,Pinky,bend,1,1.5081,Pinky cycle 1: BEND Pinky,2964,2859,2837,3271,3185,3095,2826,8910.344828,7864.563107,7667.567568,13496.844660,11900.000000,10523.000000,7571.631206,-0.090517,0.112014,0.166437,0.461599,0.566278,0.266329,-0.079630
880550,113.5830,47,Pinky_C1_Bend,Pinky,bend,1,1.5830,Pinky cycle 1: BEND Pinky,2964,2850,2823,3309,3219,3153,2824,8910.344828,7783.132530,7545.754717,14313.740458,12493.835616,11380.254777,7554.366640,-0.090517,0.100500,0.147906,0.550062,0.644438,0.369490,-0.081728
880600,113.7527,47,Pinky_C1_Bend,Pinky,bend,1,1.7527,Pinky cycle 1: BEND Pinky,2978,2845,2844,3374,3338,3123,2817,9064.637422,7738.400000,7729.496403,15910.679612,14992.338177,10924.074074,7494.366197,-0.074769,0.094175,0.175858,0.722998,0.973291,0.314594,-0.089022
880650,113.7528,47,Pinky_C1_Bend,Pinky,bend,1,1.7528,Pinky cycle 1: BEND Pinky,2977,2844,2857,3193,3352,3150,2831,9053.488372,7729.496403,7846.365105,12035.698448,15338.896366,11333.333333,7615.031646,-0.075907,0.092916,0.193637,0.303369,1.018905,0.363844,-0.074354
880700,113.7528,47,Pinky_C1_Bend,Pinky,bend,1,1.7528,Pinky cycle 1: BEND Pinky,2977,2839,2848,3255,3347,3138,2832,9053.488372,7685.191083,7765.196472,13175.000000,15213.636364,11148.589342,7623.752969,-0.075907,0.086652,0.181289,0.426746,1.002419,0.341612,-0.073294
880750,113.7850,47,Pinky_C1_Bend,Pinky,bend,1,1.7850,Pinky cycle 1: BEND Pinky,2993,2849,2813,3186,3278,3051,2825,9234.301270,7774.157303,7460.374415,11916.831683,13641.615667,9936.206897,7562.992126,-0.057451,0.099231,0.134917,0.290496,0.795509,0.195715,-0.080680
880800,113.8285,47,Pinky_C1_Bend,Pinky,bend,1,1.8285,Pinky cycle 1: BEND Pinky,2991,2843,2815,3222,3348,3109,2832,9211.413043,7720.607029,7477.343750,12548.453608,15238.554217,10720.689655,7623.752969,-0.059787,0.091659,0.137499,0.358896,1.005698,0.290119,-0.073294
880850,114.0120,48,Pinky_C2_Open,Pinky,open,2,0.0120,Pinky cycle 2: OPEN,2970,2838,2815,3181,3336,3106,2832,8976.000000,7676.372315,7477.343750,11833.041575,14943.873518,10677.856421,7623.752969,-0.083816,0.085405,0.137499,0.281423,0.966912,0.284964,-0.073294
880900,114.0123,48,Pinky_C2_Open,Pinky,open,2,0.0123,Pinky cycle 2: OPEN,2980,2844,2824,3186,3362,3103,2824,9086.995516,7729.496403,7554.366640,11916.831683,15594.542974,10635.282258,7554.366640,-0.072486,0.092916,0.149216,0.290496,1.052554,0.279841,-0.081728
880950,114.0124,48,Pinky_C2_Open,Pinky,open,2,0.0124,Pinky cycle 2: OPEN,2991,2841,2814,3222,3337,3105,2833,9211.413043,7702.870813,7468.852459,12548.453608,14968.073879,10663.636364,7632.488114,-0.059787,0.089151,0.136207,0.358896,0.970098,0.283253,-0.072232
881000,114.0124,48,Pinky_C2_Open,Pinky,open,2,0.0124,Pinky cycle 2: OPEN,2984,2826,2808,3189,3345,3109,2833,9131.953195,7571.631206,7418.181818,11967.549669,15164.000000,10720.689655,7632.488114,-0.067898,0.070595,0.128499,0.295989,0.995885,0.290119,-0.072232
881050,114.0775,48,Pinky_C2_Open,Pinky,open,2,0.0775,Pinky cycle 2: OPEN,2995,2835,2811,3171,3349,3085,2825,9257.272727,7650.000000,7443.457944,11668.181818,15263.538874,10385.148515,7562.992126,-0.055106,0.081676,0.132344,0.263570,1.008987,0.249740,-0.080680
881100,114.2739,48,Pinky_C2_Open,Pinky,open,2,0.2739,Pinky cycle 2: OPEN,2991,2832,2811,3144,3380,3061,2835,9211.413043,7623.752969,7443.457944,11240.378549,16072.727273,10065.183752,7650.000000,-0.059787,0.077965,0.132344,0.217242,1.115492,0.211236,-0.070104
881150,114.2740,48,Pinky_C2_Open,Pinky,open,2,0.2740,Pinky cycle 2: OPEN,2989,2819,2813,3182,3338,3087,2833,9188.607595,7511.442006,7460.374415,11849.726177,14992.338177,10412.500000,7632.488114,-0.062115,0.062084,0.134917,0.283229,0.973291,0.253031,-0.072232
881200,114.2740,48,Pinky_C2_Open,Pinky,open,2,0.2740,Pinky cycle 2: OPEN,2993,2829,2814,3166,3325,3063,2824,9234.301270,7597.630332,7468.852459,11587.082885,14681.818182,10091.279070,7554.366640,-0.057451,0.074271,0.136207,0.254787,0.932421,0.214376,-0.081728
881250,114.2843,48,Pinky_C2_Open,Pinky,open,2,0.2843,Pinky cycle 2: OPEN,2991,2828,2808,3136,3356,3074,2834,9211.413043,7588.950276,7418.181818,11118.248175,15440.324763,10236.630754,7641.237113,-0.059787,0.073044,0.128499,0.204016,1.032255,0.231867,-0.071169
881300,114.3165,48,Pinky_C2_Open,Pinky,open,2,0.3165,Pinky cycle 2: OPEN,2979,2819,2817,3162,3352,3110,2832,9075.806452,7511.442006,7494.366197,11522.829582,15338.896366,10735.025381,7623.752969,-0.073629,0.062084,0.140088,0.247829,1.018905,0.291844,-0.073294
881350,114.3599,48,Pinky_C2_Open,Pinky,open,2,0.3599,Pinky cycle 2: OPEN,2984,2828,2815,3160,3309,3081,2825,9131.953195,7588.950276,7477.343750,11490.909091,14313.740458,10330.769231,7562.992126,-0.067898,0.073044,0.137499,0.244372,0.883974,0.243196,-0.080680
881400,114.5390,48,Pinky_C2_Open,Pinky,open,2,0.5390,Pinky cycle 2: OPEN,2988,2830,2800,3187,3334,3060,2835,9177.235772,7606.324111,7351.351351,11933.700441,14895.663601,10052.173913,7650.000000,-0.063276,0.075500,0.118332,0.292323,0.960567,0.209670,-0.070104
881450,114.5391,48,Pinky_C2_Open,Pinky,open,2,0.5391,Pinky cycle 2: OPEN,2984,2822,2809,3214,3316,3052,2833,9131.953195,7537.156324,7426.594090,12403.632236,14472.913992,9948.993289,7632.488114,-0.067898,0.065720,0.129778,0.343213,0.904925,0.197253,-0.072232
881500,114.5391,48,Pinky_C2_Open,Pinky,open,2,0.5391,Pinky cycle 2: OPEN,3006,2836,2800,3185,3104,3050,2828,9385.123967,7658.776807,7351.351351,11900.000000,10649.445005,9923.444976,7588.950276,-0.042056,0.082917,0.118332,0.288674,0.401680,0.194179,-0.077525
881550,114.6050,48,Pinky_C2_Open,Pinky,open,2,0.6050,Pinky cycle 2: OPEN,2992,2833,2795,3187,3028,3051,2836,9222.846782,7632.488114,7310.000000,11933.700441,9648.734770,9936.206897,7658.776807,-0.058620,0.079200,0.112041,0.292323,0.269966,0.195715,-0.069037
881600,114.6051,48,Pinky_C2_Open,Pinky,open,2,0.6051,Pinky cycle 2: OPEN,2989,2823,2804,3193,3309,3049,2832,9188.607595,7545.754717,7384.663052,12035.698448,14313.740458,9910.707457,7623.752969,-0.062115,0.066936,0.123400,0.303369,0.883974,0.192646,-0.073294
881650,114.7788,48,Pinky_C2_Open,Pinky,open,2,0.7788,Pinky cycle 2: OPEN,2989,2832,2798,3204,3316,3053,2823,9188.607595,7623.752969,7334.772552,12226.262626,14472.913992,9961.804223,7545.754717,-0.062115,0.077965,0.115810,0.324005,0.904925,0.198795,-0.082775
881700,114.7789,48,Pinky_C2_Open,Pinky,open,2,0.7789,Pinky cycle 2: OPEN,2990,2833,2787,3167,3031,3047,2832,9200.000000,7632.488114,7244.495413,11603.232759,9685.526316,9885.305344,7623.752969,-0.060952,0.079200,0.102077,0.256536,0.274809,0.189589,-0.073294
881750,114.7789,48,Pinky_C2_Open,Pinky,open,2,0.7789,Pinky cycle 2: OPEN,2975,2823,2794,3167,3033,3033,2830,9031.250000,7545.754717,7301.767871,11603.232759,9710.169492,9710.169492,7606.324111,-0.078176,0.066936,0.110789,0.256536,0.278052,0.168513,-0.075413
881800,114.8107,48,Pinky_C2_Open,Pinky,open,2,0.8107,Pinky cycle 2: OPEN,2973,2830,2799,3180,3036,3049,2820,9009.090909,7606.324111,7343.055556,11816.393443,9747.308782,9910.707457,7520.000000,-0.080438,0.075500,0.117070,0.279620,0.282941,0.192646,-0.085906
881850,114.8759,48,Pinky_C2_Open,Pinky,open,2,0.8759,Pinky cycle 2: OPEN,2971,2832,2789,3164,3037,3042,2833,8987.010676,7623.752969,7260.796325,11554.887218,9759.735350,9822.222222,7632.488114,-0.082692,0.077965,0.104556,0.251301,0.284576,0.181998,-0.072232
881900,115.0452,48,Pinky_C2_Open,Pinky,open,2,1.0452,Pinky cycle 2: OPEN,2968,2829,2800,3123,3048,3067,2831,8954.037267,7597.630332,7351.351351,10924.074074,9897.994269,10143.774319,7615.031646,-0.086058,0.074271,0.118332,0.182989,0.302774,0.220693,-0.074354
881950,115.0452,48,Pinky_C2_Open,Pinky,open,2,1.0452,Pinky cycle 2: OPEN,2981,2838,2821,3231,3055,3065,2821,9098.204668,7676.372315,7528.571429,12714.583333,9987.500000,10117.475728,7528.571429,-0.071342,0.085405,0.145292,0.376886,0.314555,0.217528,-0.084864
882000,115.0453,48,Pinky_C2_Open,Pinky,open,2,1.0453,Pinky cycle 2: OPEN,2983,2837,2851,3223,3316,3139,2832,9120.683453,7667.567568,7792.122186,12566.743119,14472.913992,11163.807531,7623.752969,-0.069048,0.084160,0.185385,0.360876,0.904925,0.343443,-0.073294
882050,115.0560,48,Pinky_C2_Open,Pinky,open,2,1.0560,Pinky cycle 2: OPEN,2987,2828,2867,3367,3215,3116,2832,9165.884477,7588.950276,7937.947883,15725.000000,12421.590909,10821.654750,7623.752969,-0.064434,0.073044,0.207569,0.702890,0.634930,0.302269,-0.073294
882100,115.1418,48,Pinky_C2_Open,Pinky,open,2,1.1418,Pinky cycle 2: OPEN,2980,2830,2883,3340,3071,3123,2821,9086.995516,7606.324111,8087.623762,15041.059603,10196.679688,10924.074074,7528.571429,-0.072486,0.075500,0.230338,0.628825,0.342087,0.314594,-0.084864
882150,115.2968,48,Pinky_C2_Open,Pinky,open,2,1.2968,Pinky cycle 2: OPEN,2988,2831,2865,3349,3057,3194,2837,9177.235772,7615.031646,7919.512195,15263.538874,10013.294798,12052.830189,7667.567568,-0.063276,0.076731,0.204764,0.652918,0.317950,0.450427,-0.067968
882200,115.2968,48,Pinky_C2_Open,Pinky,open,2,1.2968,Pinky cycle 2: OPEN,2978,2820,2866,3370,3073,3139,2843,9064.637422,7520.000000,7928.722539,15804.137931,10223.287671,11163.807531,7720.607029,-0.074769,0.063294,0.206165,0.711460,0.345589,0.343443,-0.061521
882250,115.2969,48,Pinky_C2_Open,Pinky,open,2,1.2969,Pinky cycle 2: OPEN,2987,2817,2823,3261,3051,3206,2830,9165.884477,7494.366197,7545.754717,13294.244604,9936.206897,12261.417323,7606.324111,-0.064434,0.059670,0.147906,0.439659,0.307803,0.475528,-0.075413
882300,115.3295,48,Pinky_C2_Open,Pinky,open,2,1.3295,Pinky cycle 2: OPEN,2970,2816,2824,3294,2994,3124,2836,8976.000000,7485.848319,7554.366640,13982.022472,9245.776567,10938.825953,7658.776807,-0.083816,0.058465,0.149216,0.514140,0.216929,0.316369,-0.069037
882350,115.3509,48,Pinky_C2_Open,Pinky,open,2,1.3509,Pinky cycle 2: OPEN,2961,2814,2832,3267,3007,3093,2834,8877.777778,7468.852459,7623.752969,13415.217391,9396.875000,10495.209581,7641.237113,-0.093841,0.056062,0.159771,0.452759,0.236817,0.262984,-0.071169
882400,115.5481,48,Pinky_C2_Open,Pinky,open,2,1.5481,Pinky cycle 2: OPEN,2965,2821,2807,3262,2993,3125,2826,8921.238938,7528.571429,7409.782609,13314.285714,9234.301270,10953.608247,7571.631206,-0.089405,0.064506,0.127221,0.441829,0.215419,0.318148,-0.079630
882450,115.5481,48,Pinky_C2_Open,Pinky,open,2,1.5481,Pinky cycle 2: OPEN,2966,2816,2802,3276,2973,3096,2832,8932.152347,7485.848319,7367.981439,13600.000000,9009.090909,10536.936937,7623.752969,-0.088291,0.058465,0.120862,0.472770,0.185776,0.268006,-0.073294
882500,115.5481,48,Pinky_C2_Open,Pinky,open,2,1.5481,Pinky cycle 2: OPEN,2961,2811,2813,3237,2991,3088,2832,8877.777778,7443.457944,7460.374415,12827.272727,9211.413043,10426.216485,7623.752969,-0.093841,0.052472,0.134917,0.389090,0.212406,0.254682,-0.073294
882550,115.5903,48,Pinky_C2_Open,Pinky,open,2,1.5903,Pinky cycle 2: OPEN,2968,2818,2790,3294,2988,3099,2825,8954.037267,7502.897416,7268.965517,13982.022472,9177.235772,10578.915663,7562.992126,-0.086058,0.060876,0.105799,0.514140,0.207908,0.273058,-0.080680
882600,115.6230,48,Pinky_C2_Open,Pinky,open,2,1.6230,Pinky cycle 2: OPEN,2964,2816,2806,3246,2969,3116,2833,8910.344828,7485.848319,7401.396431,12999.293286,8965.008881,10821.654750,7632.488114,-0.090517,0.058465,0.125945,0.407718,0.179974,0.302269,-0.072232
882650,115.6560,48,Pinky_C2_Open,Pinky,open,2,1.6560,Pinky cycle 2: OPEN,2945,2806,2812,3250,2978,3053,2832,8706.956522,7401.396431,7451.909587,13076.923077,9064.637422,9961.804223,7623.752969,-0.111277,0.046524,0.133630,0.416125,0.193087,0.198795,-0.073294
882700,115.8123,48,Pinky_C2_Open,Pinky,open,2,1.8123,Pinky cycle 2: OPEN,2952,2816,2807,3233,2981,3035,2820,8781.102362,7485.848319,7409.782609,12751.972158,9098.204668,9734.905660,7520.000000,-0.103709,0.058465,0.127221,0.380935,0.197506,0.171490,-0.085906
882750,115.8124,48,Pinky_C2_Open,Pinky,open,2,1.8124,Pinky cycle 2: OPEN,2949,2815,2798,3231,2984,3037,2832,8749.214660,7477.343750,7334.772552,12714.583333,9131.953195,9759.735350,7623.752969,-0.106964,0.057263,0.115810,0.376886,0.201948,0.174478,-0.073294
882800,115.8124,48,Pinky_C2_Open,Pinky,open,2,1.8124,Pinky cycle 2: OPEN,2946,2808,2810,3236,2982,3058,2831,8717.493473,7418.181818,7435.019455,12808.381839,9109.433962,10026.229508,7615.031646,-0.110202,0.048898,0.131060,0.387044,0.198984,0.206548,-0.074354
882850,115.8777,48,Pinky_C2_Open,Pinky,open,2,1.8777,Pinky cycle 2: OPEN,2956,2813,2814,3244,2974,3067,2823,8823.880597,7460.374415,7468.852459,12960.752056,9020.160571,10143.774319,7545.754717,-0.099343,0.054864,0.136207,0.403544,0.187233,0.220693,-0.082775
882900,115.9104,48,Pinky_C2_Open,Pinky,open,2,1.9104,Pinky cycle 2: OPEN,2952,2815,2807,3262,2961,3057,2833,8781.102362,7477.343750,7409.782609,13314.285714,8877.777778,10013.294798,7632.488114,-0.103709,0.057263,0.127221,0.441829,0.168493,0.204991,-0.072232
882950,116.0666,49,Pinky_C2_Bend,Pinky,bend,2,0.0666,Pinky cycle 2: BEND Pinky,2941,2810,2805,3265,2964,3040,2834,8664.991334,7435.019455,7393.023256,13374.698795,8910.344828,9797.156398,7641.237113,-0.115561,0.051278,0.124671,0.448372,0.172779,0.178981,-0.071169
883000,116.0669,49,Pinky_C2_Bend,Pinky,bend,2,0.0669,Pinky cycle 2: BEND Pinky,2949,2822,2808,3255,2962,3014,2824,8749.214660,7537.156324,7418.181818,13175.000000,8888.614298,9479.740981,7554.366640,-0.106964,0.065720,0.128499,0.426746,0.169919,0.140784,-0.081728
883050,116.0670,49,Pinky_C2_Bend,Pinky,bend,2,0.0670,Pinky cycle 2: BEND Pinky,2948,2815,2792,3243,2955,3039,2832,8738.622493,7477.343750,7285.341520,12941.549296,8813.157895,9784.659091,7623.752969,-0.108045,0.057263,0.108290,0.401465,0.159988,0.177477,-0.073294
883100,116.1209,49,Pinky_C2_Bend,Pinky,bend,2,0.1209,Pinky cycle 2: BEND Pinky,2940,2808,2799,3246,2960,3032,2832,8654.545455,7418.181818,7343.055556,12999.293286,8866.960352,9697.836312,7623.752969,-0.116627,0.048898,0.117070,0.407718,0.167069,0.167029,-0.073294
883150,116.1645,49,Pinky_C2_Bend,Pinky,bend,2,0.1645,Pinky cycle 2: BEND Pinky,2946,2815,2800,3206,2961,3030,2822,8717.493473,7477.343750,7351.351351,12261.417323,8877.777778,9673.239437,7537.156324,-0.110202,0.057263,0.118332,0.327812,0.168493,0.164069,-0.083820
883200,116.3328,49,Pinky_C2_Bend,Pinky,bend,2,0.3328,Pinky cycle 2: BEND Pinky,2949,2816,2784,3192,2948,3011,2832,8749.214660,7485.848319,7220.137300,12018.604651,8738.622493,9444.095941,7623.752969,-0.106964,0.058465,0.098371,0.301517,0.150177,0.136494,-0.073294
883250,116.3329,49,Pinky_C2_Bend,Pinky,bend,2,0.3329,Pinky cycle 2: BEND Pinky,2938,2810,2801,3166,2960,3008,2832,8633.707865,7435.019455,7359.659969,11587.082885,8866.960352,9408.647654,7623.752969,-0.118754,0.051278,0.119596,0.254787,0.167069,0.132229,-0.073294
883300,116.3330,49,Pinky_C2_Bend,Pinky,bend,2,0.3330,Pinky cycle 2: BEND Pinky,2945,2816,2795,3163,2955,2997,2826,8706.956522,7485.848319,7310.000000,11538.841202,8813.157895,9280.327869,7571.631206,-0.111277,0.058465,0.112041,0.249563,0.159988,0.116787,-0.079630
883350,116.3650,49,Pinky_C2_Bend,Pinky,bend,2,0.3650,Pinky cycle 2: BEND Pinky,2947,2820,2780,3158,2941,2999,2836,8728.048780,7520.000000,7187.832700,11459.124867,8664.991334,9303.467153,7658.776807,-0.109124,0.063294,0.093457,0.240930,0.140486,0.119571,-0.069037
883400,116.4087,49,Pinky_C2_Bend,Pinky,bend,2,0.4087,Pinky cycle 2: BEND Pinky,2936,2806,2791,3169,2945,2994,2834,8612.942192,7401.396431,7277.147239,11635.637149,8706.956522,9245.776567,7641.237113,-0.120873,0.046524,0.107044,0.260045,0.146009,0.112629,-0.071169
883450,116.5810,49,Pinky_C2_Bend,Pinky,bend,2,0.5810,Pinky cycle 2: BEND Pinky,2945,2812,2800,3171,2952,2984,2823,8706.956522,7451.909587,7351.351351,11668.181818,8781.102362,9131.953195,7545.754717,-0.111277,0.053667,0.118332,0.263570,0.155769,0.098931,-0.082775
883500,116.5811,49,Pinky_C2_Bend,Pinky,bend,2,0.5811,Pinky cycle 2: BEND Pinky,2955,2811,2787,3159,2942,2986,2833,8813.157895,7443.457944,7244.495413,11475.000000,8675.455334,9154.553652,7632.488114,-0.100437,0.052472,0.102077,0.242650,0.141863,0.101651,-0.072232
883550,116.5812,49,Pinky_C2_Bend,Pinky,bend,2,0.5812,Pinky cycle 2: BEND Pinky,2949,2797,2801,3175,2948,2982,2834,8749.214660,7326.502311,7359.659969,11733.695652,8738.622493,9109.433962,7641.237113,-0.106964,0.035935,0.119596,0.270664,0.150177,0.096221,-0.071169
883600,116.6241,49,Pinky_C2_Bend,Pinky,bend,2,0.6241,Pinky cycle 2: BEND Pinky,2949,2802,2812,3177,2952,2982,2820,8749.214660,7367.981439,7451.909587,11766.666667,8781.102362,9109.433962,7520.000000,-0.106964,0.041800,0.133630,0.274235,0.155769,0.096221,-0.085906
883650,116.6567,49,Pinky_C2_Bend,Pinky,bend,2,0.6567,Pinky cycle 2: BEND Pinky,2943,2801,2798,3176,2939,2992,2832,8685.937500,7359.659969,7334.772552,11750.163221,8644.117647,9222.846782,7623.752969,-0.113423,0.040623,0.115810,0.272447,0.137739,0.109869,-0.073294
883700,116.8294,49,Pinky_C2_Bend,Pinky,bend,2,0.8294,Pinky cycle 2: BEND Pinky,2941,2794,2812,3170,2952,3017,2832,8664.991334,7301.767871,7451.909587,11651.891892,8781.102362,9515.584416,7623.752969,-0.115561,0.032437,0.133630,0.261805,0.155769,0.145097,-0.073294
883750,116.8295,49,Pinky_C2_Bend,Pinky,bend,2,0.8295,Pinky cycle 2: BEND Pinky,2951,2808,2816,3163,2944,3005,2822,8770.454545,7418.181818,7485.848319,11538.841202,8696.437880,9373.394495,7537.156324,-0.104796,0.048898,0.138793,0.249563,0.144625,0.127986,-0.083820
883800,116.8295,49,Pinky_C2_Bend,Pinky,bend,2,0.8295,Pinky cycle 2: BEND Pinky,2948,2811,2797,3176,2937,3010,2832,8738.622493,7443.457944,7326.502311,11750.163221,8623.316062,9432.258065,7623.752969,-0.108045,0.052472,0.114552,0.272447,0.135001,0.135070,-0.073294
883850,116.8507,49,Pinky_C2_Bend,Pinky,bend,2,0.8507,Pinky cycle 2: BEND Pinky,2930,2802,2802,3185,2949,3019,2831,8551.072961,7367.981439,7367.981439,11900.000000,8749.214660,9539.591078,7615.031646,-0.127188,0.041800,0.120862,0.288674,0.151572,0.147986,-0.074354
883900,116.9275,49,Pinky_C2_Bend,Pinky,bend,2,0.9275,Pinky cycle 2: BEND Pinky,2942,2812,2812,3198,2945,3017,2821,8675.455334,7451.909587,7451.909587,12121.739130,8706.956522,9515.584416,7528.571429,-0.114493,0.053667,0.133630,0.312686,0.146009,0.145097,-0.084864
883950,117.0914,49,Pinky_C2_Bend,Pinky,bend,2,1.0914,Pinky cycle 2: BEND Pinky,2937,2821,2797,3207,2957,3022,2831,8623.316062,7528.571429,7326.502311,12279.054054,8834.622144,9575.768872,7615.031646,-0.119814,0.064506,0.114552,0.329722,0.162813,0.152340,-0.074354
884000,117.0914,49,Pinky_C2_Bend,Pinky,bend,2,1.0914,Pinky cycle 2: BEND Pinky,2931,2804,2851,3243,2971,3075,2826,8561.340206,7384.663052,7792.122186,12941.549296,8987.010676,10250.000000,7571.631206,-0.126140,0.044158,0.185385,0.401465,0.182870,0.233476,-0.079630
884050,117.0915,49,Pinky_C2_Bend,Pinky,bend,2,1.0915,Pinky cycle 2: BEND Pinky,2931,2814,2845,3337,2980,3070,2816,8561.340206,7468.852459,7738.400000,14968.073879,9086.995516,10183.414634,7485.848319,-0.126140,0.056062,0.177212,0.620921,0.196030,0.225463,-0.090057
884100,117.1344,49,Pinky_C2_Bend,Pinky,bend,2,1.1344,Pinky cycle 2: BEND Pinky,2929,2813,2828,3186,3004,3051,2826,8540.823328,7460.374415,7588.950276,11916.831683,9361.686526,9936.206897,7571.631206,-0.128234,0.054864,0.154477,0.290496,0.232185,0.195715,-0.079630
884150,117.1661,49,Pinky_C2_Bend,Pinky,bend,2,1.1661,Pinky cycle 2: BEND Pinky,2936,2810,2832,3084,3173,3085,2825,8612.942192,7435.019455,7623.752969,10371.513353,11700.867679,10385.148515,7562.992126,-0.120873,0.051278,0.159771,0.123151,0.540068,0.249740,-0.080680
884200,117.3385,49,Pinky_C2_Bend,Pinky,bend,2,1.3385,Pinky cycle 2: BEND Pinky,2940,2819,2836,3069,3194,3059,2814,8654.545455,7511.442006,7658.776807,10170.175439,12052.830189,10039.189189,7468.852459,-0.116627,0.062084,0.165100,0.101348,0.586393,0.208107,-0.092123
884250,117.3385,49,Pinky_C2_Bend,Pinky,bend,2,1.3385,Pinky cycle 2: BEND Pinky,2951,2813,2825,3068,3217,3076,2823,8770.454545,7460.374415,7562.992126,10156.962025,12457.630979,10263.395486,7545.754717,-0.104796,0.054864,0.150528,0.099917,0.639673,0.235088,-0.082775
884300,117.3386,49,Pinky_C2_Bend,Pinky,bend,2,1.3386,Pinky cycle 2: BEND Pinky,2946,2806,2866,3097,3313,3136,2826,8717.493473,7401.396431,7928.722539,10550.901804,14404.347826,11118.248175,7571.631206,-0.110202,0.046524,0.206165,0.142577,0.895900,0.337960,-0.079630
884350,117.3818,49,Pinky_C2_Bend,Pinky,bend,2,1.3818,Pinky cycle 2: BEND Pinky,2962,2816,2828,3083,3257,3122,2817,8888.614298,7485.848319,7588.950276,10357.905138,13214.558473,10909.352518,7494.366197,-0.092735,0.058465,0.154477,0.121677,0.739300,0.312822,-0.089022
884400,117.4146,49,Pinky_C2_Bend,Pinky,bend,2,1.4146,Pinky cycle 2: BEND Pinky,2981,2815,2828,3068,3021,3147,2826,9098.204668,7477.343750,7588.950276,10156.962025,9563.687151,11286.708861,7571.631206,-0.071342,0.057263,0.154477,0.099917,0.258772,0.358233,-0.079630
884450,117.6019,49,Pinky_C2_Bend,Pinky,bend,2,1.6019,Pinky cycle 2: BEND Pinky,2979,2804,2834,3061,3039,3081,2821,9075.806452,7384.663052,7641.237113,10065.183752,9784.659091,10330.769231,7528.571429,-0.073629,0.044158,0.162431,0.089978,0.287857,0.243196,-0.084864
884500,117.6019,49,Pinky_C2_Bend,Pinky,bend,2,1.6019,Pinky cycle 2: BEND Pinky,2993,2812,2823,3063,3078,3075,2814,9234.301270,7451.909587,7545.754717,10091.279070,10290.265487,10250.000000,7468.852459,-0.057451,0.053667,0.147906,0.092804,0.354405,0.233476,-0.092123
884550,117.6020,49,Pinky_C2_Bend,Pinky,bend,2,1.6020,Pinky cycle 2: BEND Pinky,2994,2814,2819,3052,3054,3062,2823,9245.776567,7468.852459,7511.442006,9948.993289,9974.639769,10078.218780,7545.754717,-0.056280,0.056062,0.142686,0.077395,0.312862,0.212804,-0.082775
884600,117.6020,49,Pinky_C2_Bend,Pinky,bend,2,1.6020,Pinky cycle 2: BEND Pinky,2985,2801,2831,3072,3022,3139,2823,9143.243243,7359.659969,7615.031646,10209.970674,9575.768872,11163.807531,7545.754717,-0.066745,0.040623,0.158445,0.105657,0.260363,0.343443,-0.082775
884650,117.6787,49,Pinky_C2_Bend,Pinky,bend,2,1.6787,Pinky cycle 2: BEND Pinky,3000,2811,2832,3042,3019,3106,2811,9315.068493,7443.457944,7623.752969,9822.222222,9539.591078,10677.856421,7443.457944,-0.049207,0.052472,0.159771,0.063667,0.255601,0.284964,-0.095210
884700,117.8555,49,Pinky_C2_Bend,Pinky,bend,2,1.8555,Pinky cycle 2: BEND Pinky,3004,2810,2822,3120,3017,3064,2826,9361.686526,7435.019455,7537.156324,10880.000000,9515.584416,10104.364694,7571.631206,-0.044449,0.051278,0.146598,0.178216,0.252441,0.215951,-0.079630
884750,117.8556,49,Pinky_C2_Bend,Pinky,bend,2,1.8556,Pinky cycle 2: BEND Pinky,3000,2802,2828,3116,3014,3091,2826,9315.068493,7367.981439,7588.950276,10821.654750,9479.740981,10467.529880,7571.631206,-0.049207,0.041800,0.154477,0.171898,0.247723,0.259654,-0.079630
884800,117.8556,49,Pinky_C2_Bend,Pinky,bend,2,1.8556,Pinky cycle 2: BEND Pinky,3002,2811,2830,3093,3012,3031,2818,9338.334858,7443.457944,7606.324111,10495.209581,9455.955679,9685.526316,7502.897416,-0.046832,0.052472,0.157120,0.136546,0.244593,0.165548,-0.087985
884850,117.8776,49,Pinky_C2_Bend,Pinky,bend,2,1.8776,Pinky cycle 2: BEND Pinky,3009,2812,2817,3104,3012,3029,2831,9420.441989,7451.909587,7494.366197,10649.445005,9455.955679,9660.975610,7615.031646,-0.038451,0.053667,0.140088,0.153249,0.244593,0.162593,-0.074354
884900,117.9206,49,Pinky_C2_Bend,Pinky,bend,2,1.9206,Pinky cycle 2: BEND Pinky,2995,2803,2829,3141,3004,3044,2832,9257.272727,7376.315789,7597.630332,11194.339623,9361.686526,9847.383444,7623.752969,-0.055106,0.042978,0.155798,0.212256,0.232185,0.185026,-0.073294
884950,118.1140,50,Pinky_C3_Open,Pinky,open,3,0.1140,Pinky cycle 3: OPEN,3012,2813,2819,3150,2995,3030,2826,9455.955679,7460.374415,7511.442006,11333.333333,9257.272727,9673.239437,7571.631206,-0.034827,0.054864,0.142686,0.227308,0.218442,0.164069,-0.079630
885000,118.1144,50,Pinky_C3_Open,Pinky,open,3,0.1144,Pinky cycle 3: OPEN,3011,2810,2814,3126,2983,3020,2833,9444.095941,7435.019455,7468.852459,10968.421053,9120.683453,9551.627907,7632.488114,-0.036037,0.051278,0.136207,0.187791,0.200464,0.149435,-0.072232
885050,118.1145,50,Pinky_C3_Open,Pinky,open,3,0.1145,Pinky cycle 3: OPEN,3019,2805,2829,3119,3002,3029,2834,9539.591078,7393.023256,7597.630332,10865.368852,9338.334858,9660.975610,7641.237113,-0.026290,0.045340,0.155798,0.176631,0.229112,0.162593,-0.071169
885100,118.1257,50,Pinky_C3_Open,Pinky,open,3,0.1257,Pinky cycle 3: OPEN,3021,2812,2828,3112,3002,3036,2827,9563.687151,7451.909587,7588.950276,10763.784334,9338.334858,9747.308782,7580.283912,-0.023830,0.053667,0.154477,0.165631,0.229112,0.172983,-0.078578
885150,118.1691,50,Pinky_C3_Open,Pinky,open,3,0.1691,Pinky cycle 3: OPEN,3015,2812,2811,3096,2994,3023,2833,9491.666667,7451.909587,7443.457944,10536.936937,9245.776567,9587.873134,7632.488114,-0.031181,0.053667,0.132344,0.141065,0.216929,0.153796,-0.072232
885200,118.2013,50,Pinky_C3_Open,Pinky,open,3,0.2013,Pinky cycle 3: OPEN,2999,2804,2828,3107,3004,3021,2831,9303.467153,7384.663052,7588.950276,10692.105263,9361.686526,9563.687151,7615.031646,-0.050391,0.044158,0.154477,0.157868,0.232185,0.150886,-0.074354
885250,118.3833,50,Pinky_C3_Open,Pinky,open,3,0.3833,Pinky cycle 3: OPEN,3012,2812,2824,3099,2993,3006,2819,9455.955679,7451.909587,7554.366640,10578.915663,9234.301270,9385.123967,7511.442006,-0.034827,0.053667,0.149216,0.145611,0.215419,0.129398,-0.086946
885300,118.3833,50,Pinky_C3_Open,Pinky,open,3,0.3833,Pinky cycle 3: OPEN,3008,2810,2814,3079,2996,3006,2830,9408.647654,7435.019455,7468.852459,10303.740157,9268.789809,9385.123967,7606.324111,-0.039655,0.051278,0.136207,0.115812,0.219958,0.129398,-0.075413
885350,118.3834,50,Pinky_C3_Open,Pinky,open,3,0.3834,Pinky cycle 3: OPEN,3000,2803,2817,3089,2998,3024,2827,9315.068493,7376.315789,7494.366197,10439.960239,9291.886964,9600.000000,7580.283912,-0.049207,0.042978,0.140088,0.130563,0.222998,0.155256,-0.078578
885400,118.4484,50,Pinky_C3_Open,Pinky,open,3,0.4484,Pinky cycle 3: OPEN,3006,2814,2815,3072,3008,3060,2817,9385.123967,7468.852459,7477.343750,10209.970674,9408.647654,10052.173913,7494.366197,-0.042056,0.056062,0.137499,0.105657,0.238366,0.209670,-0.089022
885450,118.6345,50,Pinky_C3_Open,Pinky,open,3,0.6345,Pinky cycle 3: OPEN,3007,2815,2801,3048,2995,3023,2829,9396.875000,7477.343750,7359.659969,9897.994269,9257.272727,9587.873134,7597.630332,-0.040857,0.057263,0.119596,0.071873,0.218442,0.153796,-0.076470
885500,118.6346,50,Pinky_C3_Open,Pinky,open,3,0.6346,Pinky cycle 3: OPEN,2991,2804,2831,3054,3003,3017,2829,9211.413043,7384.663052,7615.031646,9974.639769,9350.000000,9515.584416,7597.630332,-0.059787,0.044158,0.158445,0.080173,0.230647,0.145097,-0.076470
885550,118.6346,50,Pinky_C3_Open,Pinky,open,3,0.6346,Pinky cycle 3: OPEN,2999,2809,2828,3067,2997,3014,2819,9303.467153,7426.594090,7588.950276,10143.774319,9280.327869,9479.740981,7511.442006,-0.050391,0.050087,0.154477,0.098489,0.221477,0.140784,-0.086946
885600,118.6346,50,Pinky_C3_Open,Pinky,open,3,0.6346,Pinky cycle 3: OPEN,3003,2807,2817,3044,2996,3022,2829,9350.000000,7409.782609,7494.366197,9847.383444,9268.789809,9575.768872,7597.630332,-0.045641,0.047710,0.140088,0.066392,0.219958,0.152340,-0.076470
885650,118.6670,50,Pinky_C3_Open,Pinky,open,3,0.6670,Pinky cycle 3: OPEN,2991,2802,2829,3064,3009,3023,2829,9211.413043,7367.981439,7597.630332,10104.364694,9420.441989,9587.873134,7597.630332,-0.059787,0.041800,0.155798,0.094221,0.239918,0.153796,-0.076470
885700,118.7105,50,Pinky_C3_Open,Pinky,open,3,0.7105,Pinky cycle 3: OPEN,2997,2810,2827,3061,3008,3016,2818,9280.327869,7435.019455,7580.283912,10065.183752,9408.647654,9503.614458,7502.897416,-0.052753,0.051278,0.153159,0.089978,0.238366,0.143657,-0.087985
885750,118.8745,50,Pinky_C3_Open,Pinky,open,3,0.8745,Pinky cycle 3: OPEN,2993,2808,2811,3060,2995,3017,2829,9234.301270,7418.181818,7443.457944,10052.173913,9257.272727,9515.584416,7597.630332,-0.057451,0.048898,0.132344,0.088569,0.218442,0.145097,-0.076470
885800,118.8746,50,Pinky_C3_Open,Pinky,open,3,0.8746,Pinky cycle 3: OPEN,2990,2799,2830,3081,2994,3010,2830,9200.000000,7343.055556,7606.324111,10330.769231,9245.776567,9432.258065,7606.324111,-0.060952,0.038275,0.157120,0.118739,0.216929,0.135070,-0.075413
885850,118.8746,50,Pinky_C3_Open,Pinky,open,3,0.8746,Pinky cycle 3: OPEN,3000,2811,2823,3078,3006,3019,2817,9315.068493,7443.457944,7545.754717,10290.265487,9385.123967,9539.591078,7494.366197,-0.049207,0.052472,0.147906,0.114352,0.235270,0.147986,-0.089022
885900,118.9071,50,Pinky_C3_Open,Pinky,open,3,0.9071,Pinky cycle 3: OPEN,2989,2809,2800,3090,2992,3007,2829,9188.607595,7426.594090,7351.351351,10453.731343,9222.846782,9396.875000,7597.630332,-0.062115,0.050087,0.118332,0.132054,0.213911,0.130812,-0.076470
885950,118.9495,50,Pinky_C3_Open,Pinky,open,3,0.9495,Pinky cycle 3: OPEN,2976,2799,2817,3061,2992,3008,2829,9042.359249,7343.055556,7494.366197,10065.183752,9222.846782,9408.647654,7597.630332,-0.077042,0.038275,0.140088,0.089978,0.213911,0.132229,-0.076470
886000,119.1285,50,Pinky_C3_Open,Pinky,open,3,1.1285,Pinky cycle 3: OPEN,2996,2808,2814,3065,3010,3045,2820,9268.789809,7418.181818,7468.852459,10117.475728,9432.258065,9860.000000,7520.000000,-0.053931,0.048898,0.136207,0.095641,0.241474,0.186544,-0.085906
886050,119.1285,50,Pinky_C3_Open,Pinky,open,3,1.1285,Pinky cycle 3: OPEN,3000,2806,2847,3133,3219,3136,2835,9315.068493,7401.396431,7756.250000,11072.972973,12493.835616,11118.248175,7650.000000,-0.049207,0.046524,0.179928,0.199113,0.644438,0.337960,-0.070104
886100,119.1286,50,Pinky_C3_Open,Pinky,open,3,1.1286,Pinky cycle 3: OPEN,2984,2792,2812,3205,3102,3082,2829,9131.953195,7285.341520,7451.909587,12243.820225,10621.148036,10344.323791,7597.630332,-0.067898,0.030115,0.133630,0.325907,0.397955,0.244827,-0.076470
886150,119.1931,50,Pinky_C3_Open,Pinky,open,3,1.1931,Pinky cycle 3: OPEN,2987,2809,2824,3291,3032,3070,2811,9165.884477,7426.594090,7554.366640,13917.164179,9697.836312,10183.414634,7443.457944,-0.064434,0.050087,0.149216,0.507116,0.276429,0.225463,-0.095210
886200,119.2153,50,Pinky_C3_Open,Pinky,open,3,1.2153,Pinky cycle 3: OPEN,2997,2803,2813,3260,3019,3103,2833,9280.327869,7376.315789,7460.374415,13274.251497,9539.591078,10635.282258,7632.488114,-0.052753,0.042978,0.134917,0.437494,0.255601,0.279841,-0.072232
886250,119.3780,50,Pinky_C3_Open,Pinky,open,3,1.3780,Pinky cycle 3: OPEN,2994,2799,2845,3302,3019,3093,2838,9245.776567,7343.055556,7738.400000,14157.377049,9539.591078,10495.209581,7676.372315,-0.056280,0.038275,0.177212,0.533129,0.255601,0.262984,-0.066898
886300,119.3781,50,Pinky_C3_Open,Pinky,open,3,1.3781,Pinky cycle 3: OPEN,3008,2801,2818,3297,3034,3168,2834,9408.647654,7359.659969,7502.897416,14047.368421,9722.525919,11619.417476,7641.237113,-0.039655,0.040623,0.141386,0.521216,0.279679,0.398271,-0.071169
886350,119.3781,50,Pinky_C3_Open,Pinky,open,3,1.3781,Pinky cycle 3: OPEN,3000,2800,2803,3273,3015,3097,2847,9315.068493,7351.351351,7376.315789,13537.956204,9491.666667,10550.901804,7756.250000,-0.049207,0.039448,0.122130,0.466051,0.249293,0.269686,-0.057189
886400,119.4207,50,Pinky_C3_Open,Pinky,open,3,1.4207,Pinky cycle 3: OPEN,2989,2788,2831,3229,2974,3033,2845,9188.607595,7252.639633,7615.031646,12677.367206,9020.160571,9710.169492,7738.400000,-0.062115,0.025491,0.158445,0.372856,0.187233,0.168513,-0.059358
886450,119.4645,50,Pinky_C3_Open,Pinky,open,3,1.4645,Pinky cycle 3: OPEN,2991,2798,2819,3223,2960,3033,2835,9211.413043,7334.772552,7511.442006,12566.743119,8866.960352,9710.169492,7650.000000,-0.059787,0.037104,0.142686,0.360876,0.167069,0.168513,-0.070104
886500,119.6463,50,Pinky_C3_Open,Pinky,open,3,1.6463,Pinky cycle 3: OPEN,2989,2797,2816,3169,2959,3034,2845,9188.607595,7326.502311,7485.848319,11635.637149,8856.161972,9722.525919,7738.400000,-0.062115,0.035935,0.138793,0.260045,0.165648,0.170000,-0.059358
886550,119.6464,50,Pinky_C3_Open,Pinky,open,3,1.6464,Pinky cycle 3: OPEN,2971,2790,2826,3198,2973,3030,2840,8987.010676,7268.965517,7571.631206,12121.739130,9009.090909,9673.239437,7694.023904,-0.082692,0.027799,0.151842,0.312686,0.185776,0.164069,-0.064752
886600,119.6464,50,Pinky_C3_Open,Pinky,open,3,1.6464,Pinky cycle 3: OPEN,2979,2796,2829,3159,2961,3034,2828,9075.806452,7318.244804,7597.630332,11475.000000,8877.777778,9722.525919,7588.950276,-0.073629,0.034767,0.155798,0.242650,0.168493,0.170000,-0.077525
886650,119.6894,50,Pinky_C3_Open,Pinky,open,3,1.6894,Pinky cycle 3: OPEN,2980,2796,2829,3154,2951,3001,2834,9086.995516,7318.244804,7597.630332,11395.961743,8770.454545,9326.691042,7641.237113,-0.072486,0.034767,0.155798,0.234090,0.154367,0.122366,-0.071169
886700,119.7214,50,Pinky_C3_Open,Pinky,open,3,1.7214,Pinky cycle 3: OPEN,2972,2786,2845,3178,2960,3033,2832,8998.040962,7236.363636,7738.400000,11783.206107,8866.960352,9710.169492,7623.752969,-0.081566,0.023189,0.177212,0.276026,0.167069,0.168513,-0.073294
886750,119.8982,50,Pinky_C3_Open,Pinky,open,3,1.8982,Pinky cycle 3: OPEN,2980,2795,2834,3160,2954,3025,2822,9086.995516,7310.000000,7641.237113,11490.909091,8802.453988,9612.149533,7537.156324,-0.072486,0.033601,0.162431,0.244372,0.158579,0.156718,-0.083820
886800,119.8983,50,Pinky_C3_Open,Pinky,open,3,1.8983,Pinky cycle 3: OPEN,2986,2794,2823,3154,2949,3035,2832,9154.553652,7301.767871,7545.754717,11395.961743,8749.214660,9734.905660,7623.752969,-0.065591,0.032437,0.147906,0.234090,0.151572,0.171490,-0.073294
886850,119.8983,50,Pinky_C3_Open,Pinky,open,3,1.8983,Pinky cycle 3: OPEN,2976,2784,2829,3153,2956,3021,2832,9042.359249,7220.137300,7597.630332,11380.254777,8823.880597,9563.687151,7623.752969,-0.077042,0.020895,0.155798,0.232389,0.161399,0.150886,-0.073294
886900,119.9195,50,Pinky_C3_Open,Pinky,open,3,1.9195,Pinky cycle 3: OPEN,2988,2796,2817,3145,2945,3001,2818,9177.235772,7318.244804,7494.366197,11255.789474,8706.956522,9326.691042,7502.897416,-0.063276,0.034767,0.140088,0.218911,0.146009,0.122366,-0.087985
886950,119.9744,50,Pinky_C3_Open,Pinky,open,3,1.9744,Pinky cycle 3: OPEN,2980,2798,2813,3179,2959,3024,2829,9086.995516,7334.772552,7460.374415,11799.781659,8856.161972,9600.000000,7597.630332,-0.072486,0.037104,0.134917,0.277821,0.165648,0.155256,-0.076470
887000,120.0154,51,Pinky_C3_Bend,Pinky,bend,3,0.0154,Pinky cycle 3: BEND Pinky,2973,2786,2803,3175,2961,3030,2824,9009.090909,7236.363636,7376.315789,11733.695652,8877.777778,9673.239437,7554.366640,-0.080438,0.023189,0.122130,0.270664,0.168493,0.164069,-0.081728
887050,120.1681,51,Pinky_C3_Bend,Pinky,bend,3,0.1681,Pinky cycle 3: BEND Pinky,2975,2795,2799,3141,2957,3026,2814,9031.250000,7310.000000,7343.055556,11194.339623,8834.622144,9624.321796,7468.852459,-0.078176,0.033601,0.117070,0.212256,0.162813,0.158183,-0.092123
887100,120.1682,51,Pinky_C3_Bend,Pinky,bend,3,0.1682,Pinky cycle 3: BEND Pinky,2971,2794,2788,3136,2936,3008,2827,8987.010676,7301.767871,7252.639633,11118.248175,8612.942192,9408.647654,7580.283912,-0.082692,0.032437,0.103315,0.204016,0.133635,0.132229,-0.078578
887150,120.1682,51,Pinky_C3_Bend,Pinky,bend,3,0.1682,Pinky cycle 3: BEND Pinky,2962,2787,2794,3130,2945,3012,2828,8888.614298,7244.495413,7301.767871,11027.979275,8706.956522,9455.955679,7588.950276,-0.092735,0.024339,0.110789,0.194241,0.146009,0.137922,-0.077525
887200,120.2339,51,Pinky_C3_Bend,Pinky,bend,3,0.2339,Pinky cycle 3: BEND Pinky,2977,2801,2797,3112,2943,2999,2818,9053.488372,7359.659969,7326.502311,10763.784334,8685.937500,9303.467153,7502.897416,-0.075907,0.040623,0.114552,0.165631,0.143243,0.119571,-0.087985
887250,120.4247,51,Pinky_C3_Bend,Pinky,bend,3,0.4247,Pinky cycle 3: BEND Pinky,2971,2797,2788,3091,2938,3003,2828,8987.010676,7326.502311,7252.639633,10467.529880,8633.707865,9350.000000,7588.950276,-0.082692,0.035935,0.103315,0.133549,0.136369,0.125171,-0.077525
887300,120.4248,51,Pinky_C3_Bend,Pinky,bend,3,0.4248,Pinky cycle 3: BEND Pinky,2960,2788,2779,3105,2947,3003,2826,8866.960352,7252.639633,7179.787234,10663.636364,8728.048780,9350.000000,7571.631206,-0.094946,0.025491,0.092233,0.154785,0.148786,0.125171,-0.079630
887350,120.4248,51,Pinky_C3_Bend,Pinky,bend,3,0.4248,Pinky cycle 3: BEND Pinky,2969,2799,2787,3119,2949,2991,2813,8965.008881,7343.055556,7244.495413,10865.368852,8749.214660,9211.413043,7460.374415,-0.084938,0.038275,0.102077,0.176631,0.151572,0.108494,-0.093154
887400,120.4249,51,Pinky_C3_Bend,Pinky,bend,3,0.4249,Pinky cycle 3: BEND Pinky,2971,2801,2779,3105,2941,2987,2828,8987.010676,7359.659969,7179.787234,10663.636364,8664.991334,9165.884477,7588.950276,-0.082692,0.040623,0.092233,0.154785,0.140486,0.103015,-0.077525
887450,120.4685,51,Pinky_C3_Bend,Pinky,bend,3,0.4685,Pinky cycle 3: BEND Pinky,2963,2797,2779,3108,2943,2991,2828,8899.469965,7326.502311,7179.787234,10706.382979,8685.937500,9211.413043,7588.950276,-0.091627,0.035935,0.092233,0.159415,0.143243,0.108494,-0.077525
887500,120.6655,51,Pinky_C3_Bend,Pinky,bend,3,0.6655,Pinky cycle 3: BEND Pinky,2980,2803,2783,3116,2944,2978,2818,9086.995516,7376.315789,7212.042683,10821.654750,8696.437880,9064.637422,7502.897416,-0.072486,0.042978,0.097140,0.171898,0.144625,0.090831,-0.087985
887550,120.6656,51,Pinky_C3_Bend,Pinky,bend,3,0.6656,Pinky cycle 3: BEND Pinky,2975,2803,2775,3095,2933,2988,2830,9031.250000,7376.315789,7147.727273,10523.000000,8581.927711,9177.235772,7606.324111,-0.078176,0.042978,0.087356,0.139556,0.129553,0.104381,-0.075413
887600,120.6656,51,Pinky_C3_Bend,Pinky,bend,3,0.6656,Pinky cycle 3: BEND Pinky,2969,2795,2788,3114,2944,2989,2828,8965.008881,7310.000000,7252.639633,10792.660550,8696.437880,9188.607595,7588.950276,-0.084938,0.033601,0.103315,0.168758,0.144625,0.105749,-0.077525
887650,120.6656,51,Pinky_C3_Bend,Pinky,bend,3,0.6656,Pinky cycle 3: BEND Pinky,2970,2801,2788,3105,2938,2970,2816,8976.000000,7359.659969,7252.639633,10663.636364,8633.707865,8976.000000,7485.848319,-0.083816,0.040623,0.103315,0.154785,0.136369,0.080164,-0.090057
887700,120.7315,51,Pinky_C3_Bend,Pinky,bend,3,0.7315,Pinky cycle 3: BEND Pinky,2970,2803,2774,3091,2928,2987,2829,8976.000000,7376.315789,7139.742619,10467.529880,8530.591260,9165.884477,7597.630332,-0.083816,0.042978,0.086141,0.133549,0.122796,0.103015,-0.076470
887750,120.7752,51,Pinky_C3_Bend,Pinky,bend,3,0.7752,Pinky cycle 3: BEND Pinky,2960,2793,2781,3093,2939,2984,2827,8866.960352,7293.548387,7195.890411,10495.209581,8644.117647,9131.953195,7580.283912,-0.094946,0.031275,0.094682,0.136546,0.137739,0.098931,-0.078578
887800,120.9157,51,Pinky_C3_Bend,Pinky,bend,3,0.9157,Pinky cycle 3: BEND Pinky,2965,2803,2783,3100,2940,2976,2819,8921.238938,7376.315789,7212.042683,10592.964824,8654.545455,9042.359249,7511.442006,-0.089405,0.042978,0.097140,0.147132,0.139111,0.088150,-0.086946
887850,120.9158,51,Pinky_C3_Bend,Pinky,bend,3,0.9158,Pinky cycle 3: BEND Pinky,2971,2806,2782,3095,2933,2969,2829,8987.010676,7401.396431,7203.960396,10523.000000,8581.927711,8965.008881,7597.630332,-0.082692,0.046524,0.095910,0.139556,0.129553,0.078841,-0.076470
887900,120.9269,51,Pinky_C3_Bend,Pinky,bend,3,0.9269,Pinky cycle 3: BEND Pinky,2968,2801,2828,3173,2977,3102,2825,8954.037267,7359.659969,7588.950276,11700.867679,9053.488372,10621.148036,7562.992126,-0.086058,0.040623,0.154477,0.267109,0.191620,0.278140,-0.080680
887950,120.9811,51,Pinky_C3_Bend,Pinky,bend,3,0.9811,Pinky cycle 3: BEND Pinky,2974,2805,2817,3238,2977,3067,2815,9020.160571,7393.023256,7494.366197,12846.207701,9053.488372,10143.774319,7477.343750,-0.079308,0.045340,0.140088,0.391140,0.191620,0.220693,-0.091091
888000,121.0143,51,Pinky_C3_Bend,Pinky,bend,3,1.0143,Pinky cycle 3: BEND Pinky,2969,2811,2815,3242,2990,3123,2821,8965.008881,7443.457944,7477.343750,12922.391559,9200.000000,10924.074074,7528.571429,-0.084938,0.052472,0.137499,0.399390,0.210904,0.314594,-0.084864
888050,121.1671,51,Pinky_C3_Bend,Pinky,bend,3,1.1671,Pinky cycle 3: BEND Pinky,2958,2807,2861,3207,3173,3101,2818,8845.382586,7409.782609,7882.820097,12279.054054,11700.867679,10607.042254,7502.897416,-0.097148,0.047710,0.199182,0.329722,0.540068,0.276442,-0.087985
888100,121.1671,51,Pinky_C3_Bend,Pinky,bend,3,1.1671,Pinky cycle 3: BEND Pinky,2971,2838,2871,3163,3198,3172,2813,8987.010676,7676.372315,7975.000000,11538.841202,12121.739130,11684.507042,7460.374415,-0.082692,0.085405,0.213205,0.249563,0.595463,0.406104,-0.093154
888150,121.1890,51,Pinky_C3_Bend,Pinky,bend,3,1.1890,Pinky cycle 3: BEND Pinky,2992,2847,2876,3171,3254,3124,2821,9222.846782,7756.250000,8021.657096,11668.181818,13155.291320,10938.825953,7528.571429,-0.058620,0.096699,0.220303,0.263570,0.731499,0.316369,-0.084864
888200,121.2106,51,Pinky_C3_Bend,Pinky,bend,3,1.2106,Pinky cycle 3: BEND Pinky,2985,2843,2857,3154,3285,3157,2820,9143.243243,7720.607029,7846.365105,11395.961743,13788.888889,11443.283582,7520.000000,-0.066745,0.091659,0.193637,0.234090,0.814893,0.377075,-0.085906
888250,121.2655,51,Pinky_C3_Bend,Pinky,bend,3,1.2655,Pinky cycle 3: BEND Pinky,3008,2850,2868,3141,3084,3179,2819,9408.647654,7783.132530,7947.188264,11194.339623,10371.513353,11799.781659,7511.442006,-0.039655,0.100500,0.208974,0.212256,0.365098,0.419976,-0.086946
888300,121.4173,51,Pinky_C3_Bend,Pinky,bend,3,1.4173,Pinky cycle 3: BEND Pinky,3006,2848,2884,3114,3019,3132,2827,9385.123967,7765.196472,8097.109827,10792.660550,9539.591078,11057.943925,7580.283912,-0.042056,0.097964,0.231781,0.168758,0.255601,0.330703,-0.078578
888350,121.4173,51,Pinky_C3_Bend,Pinky,bend,3,1.4173,Pinky cycle 3: BEND Pinky,3013,2842,2891,3066,3009,3120,2831,9467.837338,7711.731844,8163.953488,10130.612245,9420.441989,10880.000000,7615.031646,-0.033614,0.090404,0.241950,0.097063,0.239918,0.309290,-0.074354
888400,121.4174,51,Pinky_C3_Bend,Pinky,bend,3,1.4174,Pinky cycle 3: BEND Pinky,3017,2852,2895,3047,3020,3146,2818,9515.584416,7801.126307,8202.500000,9885.305344,9551.627907,11271.232877,7502.897416,-0.028740,0.103044,0.247814,0.070498,0.257185,0.356370,-0.087985
888450,121.4615,51,Pinky_C3_Bend,Pinky,bend,3,1.4615,Pinky cycle 3: BEND Pinky,3010,2846,2874,3039,3005,3123,2831,9432.258065,7747.317854,8002.948403,9784.659091,9373.394495,10924.074074,7615.031646,-0.037245,0.095436,0.217457,0.059599,0.233726,0.314594,-0.074354
888500,121.5053,51,Pinky_C3_Bend,Pinky,bend,3,1.5053,Pinky cycle 3: BEND Pinky,3006,2836,2872,3029,3036,3099,2831,9385.123967,7658.776807,7984.300899,9660.975610,9747.308782,10578.915663,7615.031646,-0.042056,0.082917,0.214620,0.046205,0.282941,0.273058,-0.074354
888550,121.6682,51,Pinky_C3_Bend,Pinky,bend,3,1.6682,Pinky cycle 3: BEND Pinky,3010,2841,2864,3030,3018,3037,2820,9432.258065,7702.870813,7910.316816,9673.239437,9527.576602,9759.735350,7520.000000,-0.037245,0.089151,0.203365,0.047533,0.254020,0.174478,-0.085906
888600,121.6682,51,Pinky_C3_Bend,Pinky,bend,3,1.6682,Pinky cycle 3: BEND Pinky,3013,2832,2861,3046,3000,3035,2832,9467.837338,7623.752969,7882.820097,9872.640610,9315.068493,9734.905660,7623.752969,-0.033614,0.077965,0.199182,0.069127,0.226049,0.171490,-0.073294
888650,121.6683,51,Pinky_C3_Bend,Pinky,bend,3,1.6683,Pinky cycle 3: BEND Pinky,3005,2824,2863,3035,3018,3047,2831,9373.394495,7554.366640,7901.136364,9734.905660,9527.576602,9885.305344,7615.031646,-0.043254,0.068154,0.201969,0.054211,0.254020,0.189589,-0.074354
888700,121.7339,51,Pinky_C3_Bend,Pinky,bend,3,1.7339,Pinky cycle 3: BEND Pinky,3010,2831,2865,3026,3007,3016,2820,9432.258065,7615.031646,7919.512195,9624.321796,9396.875000,9503.614458,7520.000000,-0.037245,0.076731,0.204764,0.042236,0.236817,0.143657,-0.085906
888750,121.7545,51,Pinky_C3_Bend,Pinky,bend,3,1.7545,Pinky cycle 3: BEND Pinky,3007,2825,2845,3014,3005,3026,2831,9396.875000,7562.992126,7738.400000,9479.740981,9373.394495,9624.321796,7615.031646,-0.040857,0.069373,0.177212,0.026579,0.233726,0.158183,-0.074354
888800,121.9260,51,Pinky_C3_Bend,Pinky,bend,3,1.9260,Pinky cycle 3: BEND Pinky,2991,2816,2879,3039,3016,3022,2829,9211.413043,7485.848319,8049.835526,9784.659091,9503.614458,9575.768872,7597.630332,-0.059787,0.058465,0.224590,0.059599,0.250866,0.152340,-0.076470
888850,121.9261,51,Pinky_C3_Bend,Pinky,bend,3,1.9261,Pinky cycle 3: BEND Pinky,2993,2823,2865,3009,3018,3008,2818,9234.301270,7545.754717,7919.512195,9420.441989,9527.576602,9408.647654,7502.897416,-0.057451,0.066936,0.204764,0.020158,0.254020,0.132229,-0.087985
888900,121.9261,51,Pinky_C3_Bend,Pinky,bend,3,1.9261,Pinky cycle 3: BEND Pinky,2994,2822,2860,3024,3011,3015,2829,9245.776567,7537.156324,7873.684211,9600.000000,9444.095941,9491.666667,7597.630332,-0.056280,0.065720,0.197793,0.039602,0.243032,0.142219,-0.076470
888950,121.9799,51,Pinky_C3_Bend,Pinky,bend,3,1.9799,Pinky cycle 3: BEND Pinky,2984,2813,2864,3032,3016,2998,2827,9131.953195,7460.374415,7910.316816,9697.836312,9503.614458,9291.886964,7580.283912,-0.067898,0.054864,0.203365,0.050197,0.250866,0.118178,-0.078578
889000,122.0338,52,Pinky_C4_Open,Pinky,open,4,0.0338,Pinky cycle 4: OPEN,2990,2821,2871,3021,3021,2992,2816,9200.000000,7528.571429,7975.000000,9563.687151,9563.687151,9222.846782,7485.848319,-0.060952,0.064506,0.213205,0.035670,0.258772,0.109869,-0.090057
889050,122.1977,52,Pinky_C4_Open,Pinky,open,4,0.1977,Pinky cycle 4: OPEN,2991,2818,2848,3007,3001,2996,2829,9211.413043,7502.897416,7765.196472,9396.875000,9326.691042,9268.789809,7597.630332,-0.059787,0.060876,0.181289,0.017605,0.227579,0.115398,-0.076470
889100,122.1978,52,Pinky_C4_Open,Pinky,open,4,0.1978,Pinky cycle 4: OPEN,2980,2813,2844,3010,3022,2993,2828,9086.995516,7460.374415,7729.496403,9432.258065,9575.768872,9234.301270,7588.950276,-0.072486,0.054864,0.175858,0.021437,0.260363,0.111248,-0.077525
889150,122.1978,52,Pinky_C4_Open,Pinky,open,4,0.1978,Pinky cycle 4: OPEN,2989,2822,2849,2997,3077,2993,2815,9188.607595,7537.156324,7774.157303,9280.327869,10276.817289,9234.301270,7477.343750,-0.062115,0.065720,0.182652,0.004984,0.352635,0.111248,-0.091091
889200,122.2303,52,Pinky_C4_Open,Pinky,open,4,0.2303,Pinky cycle 4: OPEN,2985,2823,2829,3002,3255,3029,2827,9143.243243,7545.754717,7597.630332,9338.334858,13175.000000,9660.975610,7580.283912,-0.066745,0.066936,0.155798,0.011266,0.734093,0.162593,-0.078578
889250,122.2518,52,Pinky_C4_Open,Pinky,open,4,0.2518,Pinky cycle 4: OPEN,2980,2815,2847,3011,3134,3036,2826,9086.995516,7477.343750,7756.250000,9444.095941,11088.033299,9747.308782,7571.631206,-0.072486,0.057263,0.179928,0.022719,0.459407,0.172983,-0.079630
889300,122.4363,52,Pinky_C4_Open,Pinky,open,4,0.4363,Pinky cycle 4: OPEN,2994,2825,2832,3012,3142,3024,2815,9245.776567,7562.992126,7623.752969,9455.955679,11209.653725,9600.000000,7477.343750,-0.056280,0.069373,0.159771,0.024003,0.475414,0.155256,-0.091091
889350,122.4363,52,Pinky_C4_Open,Pinky,open,4,0.4363,Pinky cycle 4: OPEN,3003,2825,2826,2995,3084,3044,2827,9350.000000,7562.992126,7571.631206,9257.272727,10371.513353,9847.383444,7580.283912,-0.045641,0.069373,0.151842,0.002488,0.365098,0.185026,-0.078578
889400,122.4364,52,Pinky_C4_Open,Pinky,open,4,0.4364,Pinky cycle 4: OPEN,2991,2815,2838,3003,2990,3054,2825,9211.413043,7477.343750,7676.372315,9350.000000,9200.000000,9974.639769,7562.992126,-0.059787,0.057263,0.167776,0.012529,0.210904,0.200340,-0.080680
889450,122.4901,52,Pinky_C4_Open,Pinky,open,4,0.4901,Pinky cycle 4: OPEN,2994,2826,2831,2994,2981,3033,2814,9245.776567,7571.631206,7615.031646,9245.776567,9098.204668,9710.169492,7468.852459,-0.056280,0.070595,0.158445,0.001243,0.197506,0.168513,-0.092123
889500,122.5447,52,Pinky_C4_Open,Pinky,open,4,0.5447,Pinky cycle 4: OPEN,2988,2824,2822,2994,2980,3031,2826,9177.235772,7554.366640,7537.156324,9245.776567,9086.995516,9685.526316,7571.631206,-0.063276,0.068154,0.146598,0.001243,0.196030,0.165548,-0.079630
889550,122.6949,52,Pinky_C4_Open,Pinky,open,4,0.6949,Pinky cycle 4: OPEN,2975,2821,2827,3014,2990,3019,2825,9031.250000,7528.571429,7580.283912,9479.740981,9200.000000,9539.591078,7562.992126,-0.078176,0.064506,0.153159,0.026579,0.210904,0.147986,-0.080680
889600,122.6950,52,Pinky_C4_Open,Pinky,open,4,0.6950,Pinky cycle 4: OPEN,2977,2827,2837,3014,2989,3010,2815,9053.488372,7580.283912,7667.567568,9479.740981,9188.607595,9432.258065,7477.343750,-0.075907,0.071818,0.166437,0.026579,0.209404,0.135070,-0.091091
889650,122.6950,52,Pinky_C4_Open,Pinky,open,4,0.6950,Pinky cycle 4: OPEN,2979,2820,2836,3045,2988,3008,2826,9075.806452,7520.000000,7658.776807,9860.000000,9177.235772,9408.647654,7571.631206,-0.073629,0.063294,0.165100,0.067758,0.207908,0.132229,-0.079630
889700,122.7057,52,Pinky_C4_Open,Pinky,open,4,0.7057,Pinky cycle 4: OPEN,2962,2809,2843,3007,2993,3001,2823,8888.614298,7426.594090,7720.607029,9396.875000,9234.301270,9326.691042,7545.754717,-0.092735,0.050087,0.174506,0.017605,0.215419,0.122366,-0.082775
889750,122.7815,52,Pinky_C4_Open,Pinky,open,4,0.7815,Pinky cycle 4: OPEN,2969,2817,2848,3009,2993,2995,2813,8965.008881,7494.366197,7765.196472,9420.441989,9234.301270,9257.272727,7460.374415,-0.084938,0.059670,0.181289,0.020158,0.215419,0.114012,-0.093154
889800,122.9624,52,Pinky_C4_Open,Pinky,open,4,0.9624,Pinky cycle 4: OPEN,2979,2816,2842,2993,2985,2996,2825,9075.806452,7485.848319,7711.731844,9234.301270,9143.243243,9268.789809,7562.992126,-0.073629,0.058465,0.173155,0.000000,0.203434,0.115398,-0.080680
889850,122.9625,52,Pinky_C4_Open,Pinky,open,4,0.9625,Pinky cycle 4: OPEN,2987,2802,2881,3020,3263,3059,2830,9165.884477,7367.981439,8068.698517,9551.627907,13334.375000,10039.189189,7606.324111,-0.064434,0.041800,0.227459,0.034364,0.755070,0.208107,-0.075413
889900,122.9625,52,Pinky_C4_Open,Pinky,open,4,0.9625,Pinky cycle 4: OPEN,2993,2818,2865,3219,3220,3163,2825,9234.301270,7502.897416,7919.512195,12493.835616,12512.000000,11538.841202,7562.992126,-0.057451,0.060876,0.204764,0.352981,0.646829,0.388574,-0.080680
889950,122.9625,52,Pinky_C4_Open,Pinky,open,4,0.9625,Pinky cycle 4: OPEN,2981,2814,2832,3241,3101,3152,2831,9098.204668,7468.852459,7623.752969,12903.278689,10607.042254,11364.581124,7615.031646,-0.071342,0.056062,0.159771,0.397321,0.396099,0.367604,-0.074354
890000,123.0388,52,Pinky_C4_Open,Pinky,open,4,1.0388,Pinky cycle 4: OPEN,2978,2811,2815,3219,3071,3143,2823,9064.637422,7443.457944,7477.343750,12493.835616,10196.679688,11225.000000,7545.754717,-0.074769,0.052472,0.137499,0.352981,0.342087,0.350807,-0.082775
890050,123.0722,52,Pinky_C4_Open,Pinky,open,4,1.0722,Pinky cycle 4: OPEN,2966,2829,2829,3221,3039,3113,2811,8932.152347,7597.630332,7597.630332,12530.205950,9784.659091,10778.207739,7443.457944,-0.088291,0.074271,0.155798,0.356920,0.287857,0.297040,-0.095210
890100,123.2100,52,Pinky_C4_Open,Pinky,open,4,1.2100,Pinky cycle 4: OPEN,2964,2830,2805,3254,3022,3120,2827,8910.344828,7606.324111,7393.023256,13155.291320,9575.768872,10880.000000,7580.283912,-0.090517,0.075500,0.124671,0.424611,0.260363,0.309290,-0.078578
890150,123.2101,52,Pinky_C4_Open,Pinky,open,4,1.2101,Pinky cycle 4: OPEN,2961,2819,2787,3280,3012,3156,2829,8877.777778,7511.442006,7244.495413,13683.435583,9455.955679,11427.476038,7597.630332,-0.093841,0.062084,0.102077,0.481805,0.244593,0.375173,-0.076470
890200,123.2321,52,Pinky_C4_Open,Pinky,open,4,1.2321,Pinky cycle 4: OPEN,2972,2825,2803,3248,3008,3173,2814,8998.040962,7562.992126,7376.315789,13038.016529,9408.647654,11700.867679,7468.852459,-0.081566,0.069373,0.122130,0.411912,0.238366,0.408072,-0.092123
890250,123.2644,52,Pinky_C4_Open,Pinky,open,4,1.2644,Pinky cycle 4: OPEN,2968,2826,2803,3182,2946,3094,2830,8954.037267,7571.631206,7376.315789,11849.726177,8717.493473,10509.090909,7606.324111,-0.086058,0.070595,0.122130,0.283229,0.147396,0.264655,-0.075413
890300,123.3089,52,Pinky_C4_Open,Pinky,open,4,1.3089,Pinky cycle 4: OPEN,2961,2812,2813,3212,2958,3117,2823,8877.777778,7451.909587,7460.374415,12367.836920,8845.382586,10836.196319,7545.754717,-0.093841,0.053667,0.134917,0.339337,0.164229,0.304019,-0.082775
890350,123.4803,52,Pinky_C4_Open,Pinky,open,4,1.4803,Pinky cycle 4: OPEN,2962,2825,2817,3196,2955,3083,2813,8888.614298,7562.992126,7494.366197,12087.208009,8813.157895,10357.905138,7460.374415,-0.092735,0.069373,0.140088,0.308947,0.159988,0.246461,-0.093154
890400,123.4804,52,Pinky_C4_Open,Pinky,open,4,1.4804,Pinky cycle 4: OPEN,2959,2821,2809,3201,2942,3068,2822,8856.161972,7528.571429,7426.594090,12173.825503,8675.455334,10156.962025,7537.156324,-0.096048,0.064506,0.129778,0.318327,0.141863,0.222280,-0.083820
890450,123.4804,52,Pinky_C4_Open,Pinky,open,4,1.4804,Pinky cycle 4: OPEN,2952,2810,2821,3197,2943,3074,2819,8781.102362,7435.019455,7528.571429,12104.454343,8685.937500,10236.630754,7511.442006,-0.103709,0.051278,0.145292,0.310814,0.143243,0.231867,-0.086946
890500,123.5456,52,Pinky_C4_Open,Pinky,open,4,1.5456,Pinky cycle 4: OPEN,2957,2818,2823,3168,2938,3052,2805,8834.622144,7502.897416,7545.754717,11619.417476,8633.707865,9948.993289,7393.023256,-0.098246,0.060876,0.147906,0.258289,0.136369,0.197253,-0.101341
890550,123.5779,52,Pinky_C4_Open,Pinky,open,4,1.5779,Pinky cycle 4: OPEN,2959,2812,2808,3144,2938,3039,2818,8856.161972,7451.909587,7418.181818,11240.378549,8633.707865,9784.659091,7502.897416,-0.096048,0.053667,0.128499,0.217242,0.136369,0.177477,-0.087985
890600,123.7314,52,Pinky_C4_Open,Pinky,open,4,1.7314,Pinky cycle 4: OPEN,2944,2803,2824,3159,2945,3025,2815,8696.437880,7376.315789,7554.366640,11475.000000,8706.956522,9612.149533,7477.343750,-0.112351,0.042978,0.149216,0.242650,0.146009,0.156718,-0.091091
890650,123.7315,52,Pinky_C4_Open,Pinky,open,4,1.7315,Pinky cycle 4: OPEN,2946,2814,2817,3163,2939,3026,2805,8717.493473,7468.852459,7494.366197,11538.841202,8644.117647,9624.321796,7393.023256,-0.110202,0.056062,0.140088,0.249563,0.137739,0.158183,-0.101341
890700,123.7315,52,Pinky_C4_Open,Pinky,open,4,1.7315,Pinky cycle 4: OPEN,2946,2814,2809,3156,2929,3022,2815,8717.493473,7468.852459,7426.594090,11427.476038,8540.823328,9575.768872,7477.343750,-0.110202,0.056062,0.129778,0.237503,0.124143,0.152340,-0.091091
890750,123.7531,52,Pinky_C4_Open,Pinky,open,4,1.7531,Pinky cycle 4: OPEN,2940,2803,2812,3157,2940,3019,2815,8654.545455,7376.315789,7451.909587,11443.283582,8654.545455,9539.591078,7477.343750,-0.116627,0.042978,0.133630,0.239215,0.139111,0.147986,-0.091091
890800,123.8195,52,Pinky_C4_Open,Pinky,open,4,1.8195,Pinky cycle 4: OPEN,2947,2808,2807,3145,2935,3006,2801,8728.048780,7418.181818,7409.782609,11255.789474,8602.586207,9385.123967,7359.659969,-0.109124,0.048898,0.127221,0.218911,0.132272,0.129398,-0.105396
890850,123.9841,52,Pinky_C4_Open,Pinky,open,4,1.9841,Pinky cycle 4: OPEN,2944,2810,2810,3119,2921,3013,2815,8696.437880,7435.019455,7435.019455,10865.368852,8459.454855,9467.837338,7477.343750,-0.112351,0.051278,0.131060,0.176631,0.113433,0.139351,-0.091091
890900,123.9842,52,Pinky_C4_Open,Pinky,open,4,1.9842,Pinky cycle 4: OPEN,2933,2798,2814,3132,2929,3006,2813,8581.927711,7334.772552,7468.852459,11057.943925,8540.823328,9385.123967,7460.374415,-0.124039,0.037104,0.136207,0.197486,0.124143,0.129398,-0.093154
890950,123.9842,52,Pinky_C4_Open,Pinky,open,4,1.9842,Pinky cycle 4: OPEN,2944,2806,2811,3144,2932,2997,2802,8696.437880,7401.396431,7443.457944,11240.378549,8571.625107,9280.327869,7367.981439,-0.112351,0.046524,0.132344,0.217242,0.128197,0.116787,-0.104385
891000,124.0116,53,Pinky_C4_Bend,Pinky,bend,4,0.0116,Pinky cycle 4: BEND Pinky,2942,2808,2797,3138,2921,3009,2815,8675.455334,7418.181818,7326.502311,11148.589342,8459.454855,9420.441989,7477.343750,-0.114493,0.048898,0.114552,0.207302,0.113433,0.133648,-0.091091
891050,124.0556,53,Pinky_C4_Bend,Pinky,bend,4,0.0556,Pinky cycle 4: BEND Pinky,2934,2805,2806,3122,2934,3010,2816,8592.248062,7393.023256,7401.396431,10909.352518,8592.248062,9432.258065,7485.848319,-0.122986,0.045340,0.125945,0.181394,0.130912,0.135070,-0.090057
891100,124.2590,53,Pinky_C4_Bend,Pinky,bend,4,0.2590,Pinky cycle 4: BEND Pinky,2939,2805,2811,3126,2944,2998,2801,8644.117647,7393.023256,7443.457944,10968.421053,8696.437880,9291.886964,7359.659969,-0.117691,0.045340,0.132344,0.187791,0.144625,0.118178,-0.105396
891150,124.2590,53,Pinky_C4_Bend,Pinky,bend,4,0.2590,Pinky cycle 4: BEND Pinky,2940,2803,2800,3128,2931,3005,2813,8654.545455,7376.315789,7351.351351,10998.138573,8561.340206,9373.394495,7460.374415,-0.116627,0.042978,0.118332,0.191009,0.126843,0.127986,-0.093154
891200,124.2591,53,Pinky_C4_Bend,Pinky,bend,4,0.2591,Pinky cycle 4: BEND Pinky,2928,2796,2815,3125,2937,3005,2812,8530.591260,7318.244804,7477.343750,10953.608247,8623.316062,9373.394495,7451.909587,-0.129279,0.034767,0.137499,0.186187,0.135001,0.127986,-0.094183
891250,124.2702,53,Pinky_C4_Bend,Pinky,bend,4,0.2702,Pinky cycle 4: BEND Pinky,2942,2802,2805,3123,2940,3005,2801,8675.455334,7367.981439,7393.023256,10924.074074,8654.545455,9373.394495,7359.659969,-0.114493,0.041800,0.124671,0.182989,0.139111,0.127986,-0.105396
891300,124.3146,53,Pinky_C4_Bend,Pinky,bend,4,0.3146,Pinky cycle 4: BEND Pinky,2936,2799,2806,3110,2927,3004,2813,8612.942192,7343.055556,7401.396431,10735.025381,8520.376712,9361.686526,7460.374415,-0.120873,0.038275,0.125945,0.162516,0.121452,0.126577,-0.093154
891350,124.3591,53,Pinky_C4_Bend,Pinky,bend,4,0.3591,Pinky cycle 4: BEND Pinky,2922,2789,2809,3132,2936,2999,2810,8469.565217,7260.796325,7426.594090,11057.943925,8612.942192,9303.467153,7435.019455,-0.135508,0.026644,0.129778,0.197486,0.133635,0.119571,-0.096236
891400,124.5006,53,Pinky_C4_Bend,Pinky,bend,4,0.5006,Pinky cycle 4: BEND Pinky,2932,2799,2801,3140,2928,2992,2800,8571.625107,7343.055556,7359.659969,11179.057592,8530.591260,9222.846782,7351.351351,-0.125091,0.038275,0.119596,0.210601,0.122796,0.109869,-0.106406
891450,124.5007,53,Pinky_C4_Bend,Pinky,bend,4,0.5007,Pinky cycle 4: BEND Pinky,2931,2799,2792,3131,2925,2989,2810,8561.340206,7343.055556,7285.341520,11042.946058,8500.000000,9188.607595,7435.019455,-0.126140,0.038275,0.108290,0.195862,0.118770,0.105749,-0.096236
891500,124.5007,53,Pinky_C4_Bend,Pinky,bend,4,0.5007,Pinky cycle 4: BEND Pinky,2926,2790,2801,3135,2927,2988,2816,8510.179641,7268.965517,7359.659969,11103.125000,8520.376712,9177.235772,7485.848319,-0.131362,0.027799,0.119596,0.202378,0.121452,0.104381,-0.090057
891550,124.5894,53,Pinky_C4_Bend,Pinky,bend,4,0.5894,Pinky cycle 4: BEND Pinky,2941,2802,2804,3136,2934,2972,2806,8664.991334,7367.981439,7384.663052,11118.248175,8592.248062,8998.040962,7401.396431,-0.115561,0.041800,0.123400,0.204016,0.130912,0.082816,-0.100323
891600,124.7553,53,Pinky_C4_Bend,Pinky,bend,4,0.7553,Pinky cycle 4: BEND Pinky,2935,2800,2808,3122,2922,2983,2817,8602.586207,7351.351351,7418.181818,10909.352518,8469.565217,9120.683453,7494.366197,-0.121930,0.039448,0.128499,0.181394,0.114764,0.097575,-0.089022
891650,124.7554,53,Pinky_C4_Bend,Pinky,bend,4,0.7554,Pinky cycle 4: BEND Pinky,2928,2792,2813,3145,2922,2982,2817,8530.591260,7285.341520,7460.374415,11255.789474,8469.565217,9109.433962,7494.366197,-0.129279,0.030115,0.134917,0.218911,0.114764,0.096221,-0.089022
891700,124.7554,53,Pinky_C4_Bend,Pinky,bend,4,0.7554,Pinky cycle 4: BEND Pinky,2937,2802,2810,3126,2920,2962,2806,8623.316062,7367.981439,7435.019455,10968.421053,8449.361702,8888.614298,7401.396431,-0.119814,0.041800,0.131060,0.187791,0.112105,0.069648,-0.100323
891750,124.7554,53,Pinky_C4_Bend,Pinky,bend,4,0.7554,Pinky cycle 4: BEND Pinky,2935,2798,2802,3116,2916,2959,2816,8602.586207,7334.772552,7367.981439,10821.654750,8409.160305,8856.161972,7485.848319,-0.121930,0.037104,0.120862,0.171898,0.106814,0.065743,-0.090057
891800,124.8215,53,Pinky_C4_Bend,Pinky,bend,4,0.8215,Pinky cycle 4: BEND Pinky,2930,2792,2802,3169,2928,3054,2814,8551.072961,7285.341520,7367.981439,11635.637149,8530.591260,9974.639769,7468.852459,-0.127188,0.030115,0.120862,0.260045,0.122796,0.200340,-0.092123
891850,124.8654,53,Pinky_C4_Bend,Pinky,bend,4,0.8654,Pinky cycle 4: BEND Pinky,2943,2814,2832,3281,2941,3152,2801,8685.937500,7468.852459,7623.752969,13704.422604,8664.991334,11364.581124,7359.659969,-0.113423,0.056062,0.159771,0.484078,0.140486,0.367604,-0.105396
891900,125.0084,53,Pinky_C4_Bend,Pinky,bend,4,1.0084,Pinky cycle 4: BEND Pinky,2946,2820,2819,3279,2951,3114,2814,8717.493473,7520.000000,7511.442006,13662.500000,8770.454545,10792.660550,7468.852459,-0.110202,0.063294,0.142686,0.479538,0.154367,0.298779,-0.092123
891950,125.0085,53,Pinky_C4_Bend,Pinky,bend,4,1.0085,Pinky cycle 4: BEND Pinky,2940,2816,2844,3169,3108,3130,2808,8654.545455,7485.848319,7729.496403,11635.637149,10706.382979,11027.979275,7418.181818,-0.116627,0.058465,0.175858,0.260045,0.409174,0.327098,-0.098282
892000,125.0301,53,Pinky_C4_Bend,Pinky,bend,4,1.0301,Pinky cycle 4: BEND Pinky,2983,2833,2860,3150,3221,3149,2807,9120.683453,7632.488114,7873.684211,11333.333333,12530.205950,11317.758985,7409.782609,-0.069048,0.079200,0.197793,0.227308,0.649226,0.361969,-0.099303
892050,125.0631,53,Pinky_C4_Bend,Pinky,bend,4,1.0631,Pinky cycle 4: BEND Pinky,2993,2839,2844,3220,3264,3157,2818,9234.301270,7685.191083,7729.496403,12512.000000,13354.512635,11443.283582,7502.897416,-0.057451,0.086652,0.175858,0.354948,0.757721,0.377075,-0.087985
892100,125.1173,53,Pinky_C4_Bend,Pinky,bend,4,1.1173,Pinky cycle 4: BEND Pinky,3007,2828,2865,3156,3253,3191,2816,9396.875000,7588.950276,7919.512195,11427.476038,13135.629454,12001.548673,7485.848319,-0.040857,0.073044,0.204764,0.237503,0.728911,0.444256,-0.090057
892150,125.2567,53,Pinky_C4_Bend,Pinky,bend,4,1.2567,Pinky cycle 4: BEND Pinky,3017,2852,2855,3147,3009,3184,2804,9515.584416,7801.126307,7828.225806,11286.708861,9420.441989,11883.205269,7384.663052,-0.028740,0.103044,0.190877,0.222259,0.239918,0.430015,-0.102357
892200,125.2567,53,Pinky_C4_Bend,Pinky,bend,4,1.2567,Pinky cycle 4: BEND Pinky,3020,2839,2854,3089,3007,3100,2816,9551.627907,7685.191083,7819.178082,10439.960239,9396.875000,10592.964824,7485.848319,-0.025061,0.086652,0.189501,0.130563,0.236817,0.274748,-0.090057
892250,125.2671,53,Pinky_C4_Bend,Pinky,bend,4,1.2671,Pinky cycle 4: BEND Pinky,3005,2836,2879,3117,3007,3085,2815,9373.394495,7658.776807,8049.835526,10836.196319,9396.875000,10385.148515,7477.343750,-0.043254,0.082917,0.224590,0.173472,0.236817,0.249740,-0.091091
892300,125.3319,53,Pinky_C4_Bend,Pinky,bend,4,1.3319,Pinky cycle 4: BEND Pinky,3015,2840,2865,3067,3012,3062,2805,9491.666667,7694.023904,7919.512195,10143.774319,9455.955679,10078.218780,7393.023256,-0.031181,0.087901,0.204764,0.098489,0.244593,0.212804,-0.101341
892350,125.3751,53,Pinky_C4_Bend,Pinky,bend,4,1.3751,Pinky cycle 4: BEND Pinky,3014,2841,2850,3099,3005,3063,2817,9479.740981,7702.870813,7783.132530,10578.915663,9373.394495,10091.279070,7494.366197,-0.032399,0.089151,0.184017,0.145611,0.233726,0.214376,-0.089022
892400,125.5232,53,Pinky_C4_Bend,Pinky,bend,4,1.5232,Pinky cycle 4: BEND Pinky,3006,2828,2863,3078,2994,3054,2817,9385.123967,7588.950276,7901.136364,10290.265487,9245.776567,9974.639769,7494.366197,-0.042056,0.073044,0.201969,0.114352,0.216929,0.200340,-0.089022
892450,125.5233,53,Pinky_C4_Bend,Pinky,bend,4,1.5233,Pinky cycle 4: BEND Pinky,3017,2832,2855,3073,2991,3024,2807,9515.584416,7623.752969,7828.225806,10223.287671,9211.413043,9600.000000,7409.782609,-0.028740,0.077965,0.190877,0.107099,0.212406,0.155256,-0.099303
892500,125.5233,53,Pinky_C4_Bend,Pinky,bend,4,1.5233,Pinky cycle 4: BEND Pinky,3016,2831,2837,3064,2981,3023,2818,9503.614458,7615.031646,7667.567568,10104.364694,9098.204668,9587.873134,7502.897416,-0.029962,0.076731,0.166437,0.094221,0.197506,0.153796,-0.087985
892550,125.5888,53,Pinky_C4_Bend,Pinky,bend,4,1.5888,Pinky cycle 4: BEND Pinky,3009,2821,2853,3069,2986,3026,2815,9420.441989,7528.571429,7810.144928,10170.175439,9154.553652,9624.321796,7477.343750,-0.038451,0.064506,0.188127,0.101348,0.204922,0.158183,-0.091091
892600,125.7712,53,Pinky_C4_Bend,Pinky,bend,4,1.7712,Pinky cycle 4: BEND Pinky,3010,2827,2832,3060,2975,3018,2805,9432.258065,7580.283912,7623.752969,10052.173913,9031.250000,9527.576602,7393.023256,-0.037245,0.071818,0.159771,0.088569,0.188693,0.146540,-0.101341
892650,125.7713,53,Pinky_C4_Bend,Pinky,bend,4,1.7713,Pinky cycle 4: BEND Pinky,3005,2824,2827,3039,2950,3013,2815,9373.394495,7554.366640,7580.283912,9784.659091,8759.825328,9467.837338,7477.343750,-0.043254,0.068154,0.153159,0.059599,0.152968,0.139351,-0.091091
892700,125.7713,53,Pinky_C4_Bend,Pinky,bend,4,1.7713,Pinky cycle 4: BEND Pinky,2991,2814,2834,3050,2970,3007,2815,9211.413043,7468.852459,7641.237113,9923.444976,8976.000000,9396.875000,7477.343750,-0.059787,0.056062,0.162431,0.074629,0.181421,0.130812,-0.091091
892750,125.7713,53,Pinky_C4_Bend,Pinky,bend,4,1.7713,Pinky cycle 4: BEND Pinky,3003,2821,2843,3051,2979,3013,2804,9350.000000,7528.571429,7720.607029,9936.206897,9075.806452,9467.837338,7384.663052,-0.045641,0.064506,0.174506,0.076011,0.194558,0.139351,-0.102357
892800,125.8356,53,Pinky_C4_Bend,Pinky,bend,4,1.8356,Pinky cycle 4: BEND Pinky,2997,2817,2826,3043,2953,3000,2816,9280.327869,7494.366197,7571.631206,9834.790875,8791.768827,9315.068493,7485.848319,-0.052753,0.059670,0.151842,0.065028,0.157172,0.120967,-0.090057
892850,125.8569,53,Pinky_C4_Bend,Pinky,bend,4,1.8569,Pinky cycle 4: BEND Pinky,2988,2811,2820,3046,2960,2995,2812,9177.235772,7443.457944,7520.000000,9872.640610,8866.960352,9257.272727,7451.909587,-0.063276,0.052472,0.143988,0.069127,0.167069,0.114012,-0.094183
892900,126.0445,54,Pinky_C5_Open,Pinky,open,5,0.0445,Pinky cycle 5: OPEN,2995,2816,2818,3041,3037,3004,2801,9257.272727,7485.848319,7502.897416,9809.677419,9759.735350,9361.686526,7359.659969,-0.055106,0.058465,0.141386,0.062309,0.284576,0.126577,-0.105396
892950,126.0449,54,Pinky_C5_Open,Pinky,open,5,0.0449,Pinky cycle 5: OPEN,2995,2819,2817,3031,3248,3002,2814,9257.272727,7511.442006,7494.366197,9685.526316,13038.016529,9338.334858,7468.852459,-0.055106,0.062084,0.140088,0.048864,0.716064,0.123767,-0.092123
893000,126.0449,54,Pinky_C5_Open,Pinky,open,5,0.0449,Pinky cycle 5: OPEN,2982,2813,2831,3028,3235,2990,2812,9109.433962,7460.374415,7615.031646,9648.734770,12789.534884,9200.000000,7451.909587,-0.070196,0.054864,0.158445,0.044880,0.683358,0.107120,-0.094183
893050,126.0881,54,Pinky_C5_Open,Pinky,open,5,0.0881,Pinky cycle 5: OPEN,2993,2830,2823,3024,2957,2995,2799,9234.301270,7606.324111,7545.754717,9600.000000,8834.622144,9257.272727,7343.055556,-0.057451,0.075500,0.147906,0.039602,0.162813,0.114012,-0.107414
893100,126.1100,54,Pinky_C5_Open,Pinky,open,5,0.1100,Pinky cycle 5: OPEN,2988,2828,2819,3012,2954,2999,2814,9177.235772,7588.950276,7511.442006,9455.955679,8802.453988,9303.467153,7468.852459,-0.063276,0.073044,0.142686,0.024003,0.158579,0.119571,-0.092123
893150,126.3068,54,Pinky_C5_Open,Pinky,open,5,0.3068,Pinky cycle 5: OPEN,2978,2823,2823,3029,2963,2992,2815,9064.637422,7545.754717,7545.754717,9660.975610,8899.469965,9222.846782,7477.343750,-0.074769,0.066936,0.147906,0.046205,0.171348,0.109869,-0.091091
893200,126.3069,54,Pinky_C5_Open,Pinky,open,5,0.3069,Pinky cycle 5: OPEN,2987,2839,2818,3040,2944,2996,2807,9165.884477,7685.191083,7502.897416,9797.156398,8696.437880,9268.789809,7409.782609,-0.064434,0.086652,0.141386,0.060953,0.144625,0.115398,-0.099303
893250,126.3069,54,Pinky_C5_Open,Pinky,open,5,0.3069,Pinky cycle 5: OPEN,2986,2839,2803,3017,2949,3002,2817,9154.553652,7685.191083,7376.315789,9515.584416,8749.214660,9338.334858,7494.366197,-0.065591,0.086652,0.122130,0.030461,0.151572,0.123767,-0.089022
893300,126.3174,54,Pinky_C5_Open,Pinky,open,5,0.3174,Pinky cycle 5: OPEN,2982,2823,2831,3050,2950,2993,2815,9109.433962,7545.754717,7615.031646,9923.444976,8759.825328,9234.301270,7477.343750,-0.070196,0.066936,0.158445,0.074629,0.152968,0.111248,-0.091091
893350,126.3610,54,Pinky_C5_Open,Pinky,open,5,0.3610,Pinky cycle 5: OPEN,2994,2827,2844,3035,2947,2990,2802,9245.776567,7580.283912,7729.496403,9734.905660,8728.048780,9200.000000,7367.981439,-0.056280,0.071818,0.175858,0.054211,0.148786,0.107120,-0.104385
893400,126.5521,54,Pinky_C5_Open,Pinky,open,5,0.5521,Pinky cycle 5: OPEN,2997,2826,2819,3035,3059,2984,2813,9280.327869,7571.631206,7511.442006,9734.905660,10039.189189,9131.953195,7460.374415,-0.052753,0.070595,0.142686,0.054211,0.321358,0.098931,-0.093154
893450,126.5522,54,Pinky_C5_Open,Pinky,open,5,0.5522,Pinky cycle 5: OPEN,2987,2819,2820,3034,2960,3009,2815,9165.884477,7511.442006,7520.000000,9722.525919,8866.960352,9420.441989,7477.343750,-0.064434,0.062084,0.143988,0.052871,0.167069,0.133648,-0.091091
893500,126.5522,54,Pinky_C5_Open,Pinky,open,5,0.5522,Pinky cycle 5: OPEN,2993,2827,2827,3022,2961,3021,2803,9234.301270,7580.283912,7580.283912,9575.768872,8877.777778,9563.687151,7376.315789,-0.057451,0.071818,0.153159,0.036978,0.168493,0.150886,-0.103371
893550,126.5633,54,Pinky_C5_Open,Pinky,open,5,0.5633,Pinky cycle 5: OPEN,2996,2831,2813,3054,2982,3019,2816,9268.789809,7615.031646,7460.374415,9974.639769,9109.433962,9539.591078,7485.848319,-0.053931,0.076731,0.134917,0.080173,0.198984,0.147986,-0.090057
893600,126.6074,54,Pinky_C5_Open,Pinky,open,5,0.6074,Pinky cycle 5: OPEN,2991,2825,2824,3140,3225,3082,2816,9211.413043,7562.992126,7554.366640,11179.057592,12603.448276,10344.323791,7485.848319,-0.059787,0.069373,0.149216,0.210601,0.658866,0.244827,-0.090057
893650,126.7959,54,Pinky_C5_Open,Pinky,open,5,0.7959,Pinky cycle 5: OPEN,2999,2828,2877,3249,3146,3200,2800,9303.467153,7588.950276,8031.034483,13057.446809,11271.232877,12156.424581,7351.351351,-0.050391,0.073044,0.221730,0.414016,0.483520,0.462894,-0.106406
893700,126.7960,54,Pinky_C5_Open,Pinky,open,5,0.7960,Pinky cycle 5: OPEN,2986,2829,2849,3260,3022,3161,2803,9154.553652,7597.630332,7774.157303,13274.251497,9575.768872,11506.852248,7376.315789,-0.065591,0.074271,0.182652,0.437494,0.260363,0.384725,-0.103371
893750,126.7960,54,Pinky_C5_Open,Pinky,open,5,0.7960,Pinky cycle 5: OPEN,2986,2820,2846,3254,3027,3138,2804,9154.553652,7520.000000,7747.317854,13155.291320,9636.516854,11148.589342,7384.663052,-0.065591,0.063294,0.178569,0.424611,0.268358,0.341612,-0.102357
893800,126.8284,54,Pinky_C5_Open,Pinky,open,5,0.8284,Pinky cycle 5: OPEN,2993,2831,2861,3267,3017,3157,2805,9234.301270,7615.031646,7882.820097,13415.217391,9515.584416,11443.283582,7393.023256,-0.057451,0.076731,0.199182,0.452759,0.252441,0.377075,-0.101341
893850,126.8720,54,Pinky_C5_Open,Pinky,open,5,0.8720,Pinky cycle 5: OPEN,2992,2834,2841,3262,2982,3125,2814,9222.846782,7641.237113,7702.870813,13314.285714,9109.433962,10953.608247,7468.852459,-0.058620,0.080437,0.171807,0.441829,0.198984,0.318148,-0.092123
893900,127.0435,54,Pinky_C5_Open,Pinky,open,5,1.0435,Pinky cycle 5: OPEN,2981,2824,2861,3182,2976,3101,2814,9098.204668,7554.366640,7882.820097,11849.726177,9042.359249,10607.042254,7468.852459,-0.071342,0.068154,0.199182,0.283229,0.190155,0.276442,-0.092123
893950,127.0436,54,Pinky_C5_Open,Pinky,open,5,1.0436,Pinky cycle 5: OPEN,2994,2828,2853,3169,2977,3080,2804,9245.776567,7588.950276,7810.144928,11635.637149,9053.488372,10317.241379,7384.663052,-0.056280,0.073044,0.188127,0.260045,0.191620,0.241568,-0.102357
894000,127.0436,54,Pinky_C5_Open,Pinky,open,5,1.0436,Pinky cycle 5: OPEN,2990,2826,2856,3146,2927,3054,2814,9200.000000,7571.631206,7837.288136,11271.232877,8520.376712,9974.639769,7468.852459,-0.060952,0.070595,0.192256,0.220583,0.121452,0.200340,-0.092123
894050,127.0543,54,Pinky_C5_Open,Pinky,open,5,1.0543,Pinky cycle 5: OPEN,2988,2818,2864,3207,2932,3038,2813,9177.235772,7502.897416,7910.316816,12279.054054,8571.625107,9772.185430,7460.374415,-0.063276,0.060876,0.203365,0.329722,0.128197,0.175976,-0.093154
894100,127.1196,54,Pinky_C5_Open,Pinky,open,5,1.1196,Pinky cycle 5: OPEN,2997,2827,2839,3195,2922,3025,2806,9280.327869,7580.283912,7685.191083,12070.000000,8469.565217,9612.149533,7401.396431,-0.052753,0.071818,0.169118,0.307083,0.114764,0.156718,-0.100323
894150,127.1640,54,Pinky_C5_Open,Pinky,open,5,1.1640,Pinky cycle 5: OPEN,2994,2831,2828,3190,2921,3039,2814,9245.776567,7615.031646,7588.950276,11984.530387,8459.454855,9784.659091,7468.852459,-0.056280,0.076731,0.154477,0.297828,0.113433,0.177477,-0.092123
894200,127.3037,54,Pinky_C5_Open,Pinky,open,5,1.3037,Pinky cycle 5: OPEN,2986,2819,2837,3172,2921,3031,2813,9154.553652,7511.442006,7667.567568,11684.507042,8459.454855,9685.526316,7460.374415,-0.065591,0.062084,0.166437,0.265337,0.113433,0.165548,-0.093154
894250,127.3037,54,Pinky_C5_Open,Pinky,open,5,1.3037,Pinky cycle 5: OPEN,2993,2825,2834,3162,2911,3021,2801,9234.301270,7562.992126,7641.237113,11522.829582,8359.290541,9563.687151,7359.659969,-0.057451,0.069373,0.162431,0.247829,0.100250,0.150886,-0.105396
894300,127.3254,54,Pinky_C5_Open,Pinky,open,5,1.3254,Pinky cycle 5: OPEN,2991,2825,2829,3138,2905,3041,2811,9211.413043,7562.992126,7597.630332,11148.589342,8300.000000,9809.677419,7443.457944,-0.059787,0.069373,0.155798,0.207302,0.092446,0.180488,-0.095210
894350,127.3690,54,Pinky_C5_Open,Pinky,open,5,1.3690,Pinky cycle 5: OPEN,2983,2817,2848,3144,2922,3054,2811,9120.683453,7494.366197,7765.196472,11240.378549,8469.565217,9974.639769,7443.457944,-0.069048,0.059670,0.181289,0.217242,0.114764,0.200340,-0.095210
894400,127.4124,54,Pinky_C5_Open,Pinky,open,5,1.4124,Pinky cycle 5: OPEN,2991,2830,2844,3165,2927,3037,2800,9211.413043,7606.324111,7729.496403,11570.967742,8520.376712,9759.735350,7351.351351,-0.059787,0.075500,0.175858,0.253042,0.121452,0.174478,-0.106406
894450,127.5650,54,Pinky_C5_Open,Pinky,open,5,1.5650,Pinky cycle 5: OPEN,2981,2827,2819,3152,2916,3024,2811,9098.204668,7580.283912,7511.442006,11364.581124,8409.160305,9600.000000,7443.457944,-0.071342,0.071818,0.142686,0.230692,0.106814,0.155256,-0.095210
894500,127.5651,54,Pinky_C5_Open,Pinky,open,5,1.5651,Pinky cycle 5: OPEN,2972,2815,2834,3149,2920,3001,2811,8998.040962,7477.343750,7641.237113,11317.758985,8449.361702,9326.691042,7443.457944,-0.081566,0.057263,0.162431,0.225622,0.112105,0.122366,-0.095210
894550,127.5752,54,Pinky_C5_Open,Pinky,open,5,1.5752,Pinky cycle 5: OPEN,2995,2829,2833,3151,2919,3035,2800,9257.272727,7597.630332,7632.488114,11348.940678,8439.285714,9734.905660,7351.351351,-0.055106,0.074271,0.161100,0.228998,0.110779,0.171490,-0.106406
894600,127.6079,54,Pinky_C5_Open,Pinky,open,5,1.6079,Pinky cycle 5: OPEN,2991,2830,2817,3148,2911,3019,2812,9211.413043,7606.324111,7494.366197,11302.217529,8359.290541,9539.591078,7451.909587,-0.059787,0.075500,0.140088,0.223939,0.100250,0.147986,-0.094183
894650,127.6737,54,Pinky_C5_Open,Pinky,open,5,1.6737,Pinky cycle 5: OPEN,2980,2820,2838,3153,2926,3024,2809,9086.995516,7520.000000,7676.372315,11380.254777,8510.179641,9600.000000,7426.594090,-0.072486,0.063294,0.167776,0.232389,0.120110,0.155256,-0.097260
894700,127.8136,54,Pinky_C5_Open,Pinky,open,5,1.8136,Pinky cycle 5: OPEN,2986,2829,2843,3155,2916,3007,2799,9154.553652,7597.630332,7720.607029,11411.702128,8409.160305,9396.875000,7343.055556,-0.065591,0.074271,0.174506,0.235795,0.106814,0.130812,-0.107414
894750,127.8137,54,Pinky_C5_Open,Pinky,open,5,1.8137,Pinky cycle 5: OPEN,2981,2828,2832,3122,2914,2992,2806,9098.204668,7588.950276,7623.752969,10909.352518,8389.161727,9222.846782,7401.396431,-0.071342,0.073044,0.159771,0.181394,0.104181,0.109869,-0.100323
894800,127.8137,54,Pinky_C5_Open,Pinky,open,5,1.8137,Pinky cycle 5: OPEN,2971,2815,2839,3142,2926,2995,2807,8987.010676,7477.343750,7685.191083,11209.653725,8510.179641,9257.272727,7409.782609,-0.082692,0.057263,0.169118,0.213915,0.120110,0.114012,-0.099303
894850,127.8784,54,Pinky_C5_Open,Pinky,open,5,1.8784,Pinky cycle 5: OPEN,2977,2826,2846,3134,2928,3010,2796,9053.488372,7571.631206,7747.317854,11088.033299,8530.591260,9432.258065,7318.244804,-0.075907,0.070595,0.178569,0.200744,0.122796,0.135070,-0.110430
894900,127.9220,54,Pinky_C5_Open,Pinky,open,5,1.9220,Pinky cycle 5: OPEN,2970,2826,2839,3121,2913,3036,2807,8976.000000,7571.631206,7685.191083,10894.661191,8379.187817,9747.308782,7409.782609,-0.083816,0.070595,0.169118,0.179804,0.102869,0.172983,-0.099303
894950,128.0512,55,Pinky_C5_Bend,Pinky,bend,5,0.0512,Pinky cycle 5: BEND Pinky,2964,2815,2845,3133,2927,3023,2808,8910.344828,7477.343750,7738.400000,11072.972973,8520.376712,9587.873134,7418.181818,-0.090517,0.057263,0.177212,0.199113,0.121452,0.153796,-0.098282
895000,128.0515,55,Pinky_C5_Bend,Pinky,bend,5,0.0515,Pinky cycle 5: BEND Pinky,2974,2826,2842,3146,2922,3027,2799,9020.160571,7571.631206,7711.731844,11271.232877,8469.565217,9636.516854,7343.055556,-0.079308,0.070595,0.173155,0.220583,0.114764,0.159650,-0.107414
895050,128.0626,55,Pinky_C5_Bend,Pinky,bend,5,0.0626,Pinky cycle 5: BEND Pinky,2970,2823,2845,3142,2916,3018,2807,8976.000000,7545.754717,7738.400000,11209.653725,8409.160305,9527.576602,7409.782609,-0.083816,0.066936,0.177212,0.213915,0.106814,0.146540,-0.099303
895100,128.1065,55,Pinky_C5_Bend,Pinky,bend,5,0.1065,Pinky cycle 5: BEND Pinky,2958,2814,2839,3135,2927,3023,2807,8845.382586,7468.852459,7685.191083,11103.125000,8520.376712,9587.873134,7409.782609,-0.097148,0.056062,0.169118,0.202378,0.121452,0.153796,-0.099303
895150,128.1612,55,Pinky_C5_Bend,Pinky,bend,5,0.1612,Pinky cycle 5: BEND Pinky,2969,2821,2848,3134,2922,3019,2801,8965.008881,7528.571429,7765.196472,11088.033299,8469.565217,9539.591078,7359.659969,-0.084938,0.064506,0.181289,0.200744,0.114764,0.147986,-0.105396
895200,128.3219,55,Pinky_C5_Bend,Pinky,bend,5,0.3219,Pinky cycle 5: BEND Pinky,2967,2817,2822,3130,2918,3008,2810,8943.085106,7494.366197,7537.156324,11027.979275,8429.226848,9408.647654,7435.019455,-0.087175,0.059670,0.146598,0.194241,0.109455,0.132229,-0.096236
895250,128.3220,55,Pinky_C5_Bend,Pinky,bend,5,0.3220,Pinky cycle 5: BEND Pinky,2961,2809,2815,3137,2930,3023,2807,8877.777778,7426.594090,7477.343750,11133.402923,8551.072961,9587.873134,7409.782609,-0.093841,0.050087,0.137499,0.205657,0.125492,0.153796,-0.099303
895300,128.3221,55,Pinky_C5_Bend,Pinky,bend,5,0.3221,Pinky cycle 5: BEND Pinky,2972,2818,2829,3136,2928,3005,2799,8998.040962,7502.897416,7597.630332,11118.248175,8530.591260,9373.394495,7343.055556,-0.081566,0.060876,0.155798,0.204016,0.122796,0.127986,-0.107414
895350,128.3764,55,Pinky_C5_Bend,Pinky,bend,5,0.3764,Pinky cycle 5: BEND Pinky,2972,2817,2803,3121,2927,2999,2810,8998.040962,7494.366197,7376.315789,10894.661191,8520.376712,9303.467153,7435.019455,-0.081566,0.059670,0.122130,0.179804,0.121452,0.119571,-0.096236
895400,128.4092,55,Pinky_C5_Bend,Pinky,bend,5,0.4092,Pinky cycle 5: BEND Pinky,2967,2806,2816,3126,2933,3004,2807,8943.085106,7401.396431,7485.848319,10968.421053,8581.927711,9361.686526,7409.782609,-0.087175,0.046524,0.138793,0.187791,0.129553,0.126577,-0.099303
895450,128.5854,55,Pinky_C5_Bend,Pinky,bend,5,0.5854,Pinky cycle 5: BEND Pinky,2976,2817,2812,3151,2938,2984,2802,9042.359249,7494.366197,7451.909587,11348.940678,8633.707865,9131.953195,7367.981439,-0.077042,0.059670,0.133630,0.228998,0.136369,0.098931,-0.104385
895500,128.5855,55,Pinky_C5_Bend,Pinky,bend,5,0.5855,Pinky cycle 5: BEND Pinky,2977,2817,2800,3137,2924,2996,2817,9053.488372,7494.366197,7351.351351,11133.402923,8489.837746,9268.789809,7494.366197,-0.075907,0.059670,0.118332,0.205657,0.117432,0.115398,-0.089022
895550,128.5855,55,Pinky_C5_Bend,Pinky,bend,5,0.5855,Pinky cycle 5: BEND Pinky,2965,2809,2817,3137,2928,3003,2814,8921.238938,7426.594090,7494.366197,11133.402923,8530.591260,9350.000000,7468.852459,-0.089405,0.050087,0.140088,0.205657,0.122796,0.125171,-0.092123
895600,128.6514,55,Pinky_C5_Bend,Pinky,bend,5,0.6514,Pinky cycle 5: BEND Pinky,2974,2818,2824,3134,2928,2996,2804,9020.160571,7502.897416,7554.366640,11088.033299,8530.591260,9268.789809,7384.663052,-0.079308,0.060876,0.149216,0.200744,0.122796,0.115398,-0.102357
895650,128.6622,55,Pinky_C5_Bend,Pinky,bend,5,0.6622,Pinky cycle 5: BEND Pinky,2976,2821,2818,3122,2911,2984,2817,9042.359249,7528.571429,7502.897416,10909.352518,8359.290541,9131.953195,7494.366197,-0.077042,0.064506,0.141386,0.181394,0.100250,0.098931,-0.089022
895700,128.8329,55,Pinky_C5_Bend,Pinky,bend,5,0.8329,Pinky cycle 5: BEND Pinky,2960,2813,2828,3122,2923,2986,2818,8866.960352,7460.374415,7588.950276,10909.352518,8479.692833,9154.553652,7502.897416,-0.094946,0.054864,0.154477,0.181394,0.116097,0.101651,-0.087985
895750,128.8330,55,Pinky_C5_Bend,Pinky,bend,5,0.8330,Pinky cycle 5: BEND Pinky,2974,2823,2820,3104,2921,2986,2812,9020.160571,7545.754717,7520.000000,10649.445005,8459.454855,9154.553652,7451.909587,-0.079308,0.066936,0.143988,0.153249,0.113433,0.101651,-0.094183
895800,128.8441,55,Pinky_C5_Bend,Pinky,bend,5,0.8441,Pinky cycle 5: BEND Pinky,2969,2820,2818,3107,2915,2979,2821,8965.008881,7520.000000,7502.897416,10692.105263,8399.152542,9075.806452,7528.571429,-0.084938,0.063294,0.141386,0.157868,0.105496,0.092175,-0.084864
895850,128.8871,55,Pinky_C5_Bend,Pinky,bend,5,0.8871,Pinky cycle 5: BEND Pinky,2963,2812,2827,3133,2925,2975,2823,8899.469965,7451.909587,7580.283912,11072.972973,8500.000000,9031.250000,7545.754717,-0.091627,0.053667,0.153159,0.199113,0.118770,0.086813,-0.082775
895900,128.9194,55,Pinky_C5_Bend,Pinky,bend,5,0.9194,Pinky cycle 5: BEND Pinky,2973,2817,2820,3145,2937,2979,2809,9009.090909,7494.366197,7520.000000,11255.789474,8623.316062,9075.806452,7426.594090,-0.080438,0.059670,0.143988,0.218911,0.135001,0.092175,-0.097260
895950,129.1015,55,Pinky_C5_Bend,Pinky,bend,5,1.1015,Pinky cycle 5: BEND Pinky,2976,2821,2856,3258,2949,3059,2824,9042.359249,7528.571429,7837.288136,13234.408602,8749.214660,10039.189189,7554.366640,-0.077042,0.064506,0.192256,0.433179,0.151572,0.208107,-0.081728
896000,129.1015,55,Pinky_C5_Bend,Pinky,bend,5,1.1015,Pinky cycle 5: BEND Pinky,2965,2813,2848,3193,3056,3029,2817,8921.238938,7460.374415,7765.196472,12035.698448,10000.384986,9660.975610,7494.366197,-0.089405,0.054864,0.181289,0.303369,0.316251,0.162593,-0.089022
896050,129.1016,55,Pinky_C5_Bend,Pinky,bend,5,1.1016,Pinky cycle 5: BEND Pinky,2973,2828,2859,3175,3210,3107,2804,9009.090909,7588.950276,7864.563107,11733.695652,12332.203390,10692.105263,7384.663052,-0.080438,0.073044,0.196405,0.270664,0.623164,0.286679,-0.102357
896100,129.1232,55,Pinky_C5_Bend,Pinky,bend,5,1.1232,Pinky cycle 5: BEND Pinky,2973,2845,2807,3127,3222,3128,2818,9009.090909,7738.400000,7409.782609,10983.264463,12548.453608,10998.138573,7502.897416,-0.080438,0.094175,0.127221,0.189399,0.651627,0.323507,-0.087985
896150,129.1561,55,Pinky_C5_Bend,Pinky,bend,5,1.1561,Pinky cycle 5: BEND Pinky,2965,2838,2819,3141,3287,3088,2816,8921.238938,7676.372315,7511.442006,11194.339623,13831.435644,10426.216485,7485.848319,-0.089405,0.085405,0.142686,0.212256,0.820493,0.254682,-0.090057
896200,129.3520,55,Pinky_C5_Bend,Pinky,bend,5,1.3520,Pinky cycle 5: BEND Pinky,2988,2840,2848,3070,3006,3065,2803,9177.235772,7694.023904,7765.196472,10183.414634,9385.123967,10117.475728,7376.315789,-0.063276,0.087901,0.181289,0.102781,0.235270,0.217528,-0.103371
896250,129.3521,55,Pinky_C5_Bend,Pinky,bend,5,1.3521,Pinky cycle 5: BEND Pinky,2972,2835,2827,3037,2977,3035,2805,8998.040962,7650.000000,7580.283912,9759.735350,9053.488372,9734.905660,7393.023256,-0.081566,0.081676,0.153159,0.056900,0.191620,0.171490,-0.101341
896300,129.3521,55,Pinky_C5_Bend,Pinky,bend,5,1.3521,Pinky cycle 5: BEND Pinky,2964,2827,2826,3097,2986,3029,2812,8910.344828,7580.283912,7571.631206,10550.901804,9154.553652,9660.975610,7451.909587,-0.090517,0.071818,0.151842,0.142577,0.204922,0.162593,-0.094183
896350,129.3953,55,Pinky_C5_Bend,Pinky,bend,5,1.3953,Pinky cycle 5: BEND Pinky,2979,2831,2818,3090,3038,3007,2800,9075.806452,7615.031646,7502.897416,10453.731343,9772.185430,9396.875000,7351.351351,-0.073629,0.076731,0.141386,0.132054,0.286215,0.130812,-0.106406
896400,129.4054,55,Pinky_C5_Bend,Pinky,bend,5,1.4054,Pinky cycle 5: BEND Pinky,2974,2828,2805,3068,3004,2996,2808,9020.160571,7588.950276,7393.023256,10156.962025,9361.686526,9268.789809,7418.181818,-0.079308,0.073044,0.124671,0.099917,0.232185,0.115398,-0.098282
896450,129.4703,55,Pinky_C5_Bend,Pinky,bend,5,1.4703,Pinky cycle 5: BEND Pinky,2967,2816,2813,3060,2968,2992,2807,8943.085106,7485.848319,7460.374415,10052.173913,8954.037267,9222.846782,7409.782609,-0.087175,0.058465,0.134917,0.088569,0.178530,0.109869,-0.099303
896500,129.6146,55,Pinky_C5_Bend,Pinky,bend,5,1.6146,Pinky cycle 5: BEND Pinky,2971,2822,2805,3049,2966,2980,2799,8987.010676,7537.156324,7393.023256,9910.707457,8932.152347,9086.995516,7343.055556,-0.082692,0.065720,0.124671,0.073249,0.175650,0.093521,-0.107414
896550,129.6146,55,Pinky_C5_Bend,Pinky,bend,5,1.6146,Pinky cycle 5: BEND Pinky,2967,2824,2807,3030,2955,2976,2808,8943.085106,7554.366640,7409.782609,9673.239437,8813.157895,9042.359249,7418.181818,-0.087175,0.068154,0.127221,0.047533,0.159988,0.088150,-0.098282
896600,129.6258,55,Pinky_C5_Bend,Pinky,bend,5,1.6258,Pinky cycle 5: BEND Pinky,2960,2816,2807,3043,2962,2979,2806,8866.960352,7485.848319,7409.782609,9834.790875,8888.614298,9075.806452,7401.396431,-0.094946,0.058465,0.127221,0.065028,0.169919,0.092175,-0.100323
896650,129.6905,55,Pinky_C5_Bend,Pinky,bend,5,1.6905,Pinky cycle 5: BEND Pinky,2961,2822,2807,3045,2971,2969,2797,8877.777778,7537.156324,7409.782609,9860.000000,8987.010676,8965.008881,7326.502311,-0.093841,0.065720,0.127221,0.067758,0.182870,0.078841,-0.109427
896700,129.8691,55,Pinky_C5_Bend,Pinky,bend,5,1.8691,Pinky cycle 5: BEND Pinky,2964,2824,2806,3040,2976,2957,2807,8910.344828,7554.366640,7401.396431,9797.156398,9042.359249,8834.622144,7409.782609,-0.090517,0.068154,0.125945,0.060953,0.190155,0.063151,-0.099303
896750,129.8691,55,Pinky_C5_Bend,Pinky,bend,5,1.8691,Pinky cycle 5: BEND Pinky,2955,2814,2805,3041,2960,2960,2803,8813.157895,7468.852459,7393.023256,9809.677419,8866.960352,8866.960352,7376.315789,-0.100437,0.056062,0.124671,0.062309,0.167069,0.067042,-0.103371
896800,129.8691,55,Pinky_C5_Bend,Pinky,bend,5,1.8691,Pinky cycle 5: BEND Pinky,2960,2820,2800,3040,3302,2954,2796,8866.960352,7520.000000,7351.351351,9797.156398,14157.377049,8802.453988,7318.244804,-0.094946,0.063294,0.118332,0.060953,0.863394,0.059280,-0.110430
896850,129.8692,55,Pinky_C5_Bend,Pinky,bend,5,1.8692,Pinky cycle 5: BEND Pinky,2958,2822,2794,3031,3214,2951,2805,8845.382586,7537.156324,7301.767871,9685.526316,12403.632236,8770.454545,7393.023256,-0.097148,0.065720,0.110789,0.048864,0.632566,0.055429,-0.101341
896900,129.9342,55,Pinky_C5_Bend,Pinky,bend,5,1.9342,Pinky cycle 5: BEND Pinky,2951,2812,2799,3037,2967,2958,2806,8770.454545,7451.909587,7343.055556,9759.735350,8943.085106,8845.382586,7401.396431,-0.104796,0.053667,0.117070,0.056900,0.177089,0.064446,-0.100323
896950,129.9673,55,Pinky_C5_Bend,Pinky,bend,5,1.9673,Pinky cycle 5: BEND Pinky,2960,2817,2799,3035,2973,2941,2797,8866.960352,7494.366197,7343.055556,9734.905660,9009.090909,8664.991334,7326.502311,-0.094946,0.059670,0.117070,0.054211,0.185776,0.042738,-0.109427
897000,130.1279,56,Final_Open_Recovery,None,final_open,0,0.1279,OPEN HAND - final recovery,2958,2817,2797,3013,2963,2936,2804,8845.382586,7494.366197,7326.502311,9467.837338,8899.469965,8612.942192,7384.663052,-0.097148,0.059670,0.114552,0.025290,0.171348,0.036474,-0.102357
897050,130.1284,56,Final_Open_Recovery,None,final_open,0,0.1284,OPEN HAND - final recovery,2952,2808,2809,3022,2968,2934,2804,8781.102362,7418.181818,7426.594090,9575.768872,8954.037267,8592.248062,7384.663052,-0.103709,0.048898,0.129778,0.036978,0.178530,0.033984,-0.102357
897100,130.1395,56,Final_Open_Recovery,None,final_open,0,0.1395,OPEN HAND - final recovery,2959,2815,2802,3032,2966,2939,2795,8856.161972,7477.343750,7367.981439,9697.836312,8932.152347,8644.117647,7310.000000,-0.096048,0.057263,0.120862,0.050197,0.175650,0.040226,-0.111432
897150,130.1615,56,Final_Open_Recovery,None,final_open,0,0.1615,OPEN HAND - final recovery,2960,2814,2790,3047,3019,2930,2803,8866.960352,7468.852459,7268.965517,9885.305344,9539.591078,8551.072961,7376.315789,-0.094946,0.056062,0.105799,0.070498,0.255601,0.029029,-0.103371
897200,130.2057,56,Final_Open_Recovery,None,final_open,0,0.2057,OPEN HAND - final recovery,2949,2805,2803,3062,2958,2930,2801,8749.214660,7393.023256,7376.315789,10078.218780,8845.382586,8551.072961,7359.659969,-0.106964,0.045340,0.122130,0.091389,0.164229,0.029029,-0.105396
897250,130.3963,56,Final_Open_Recovery,None,final_open,0,0.3963,OPEN HAND - final recovery,2956,2813,2794,3061,2961,2920,2793,8823.880597,7460.374415,7301.767871,10065.183752,8877.777778,8449.361702,7293.548387,-0.099343,0.054864,0.110789,0.089978,0.168493,0.016789,-0.113432
897300,130.3964,56,Final_Open_Recovery,None,final_open,0,0.3964,OPEN HAND - final recovery,2959,2810,2782,3051,2991,2925,2802,8856.161972,7435.019455,7203.960396,9936.206897,9211.413043,8500.000000,7367.981439,-0.096048,0.051278,0.095910,0.076011,0.212406,0.022883,-0.104385
897350,130.3964,56,Final_Open_Recovery,None,final_open,0,0.3964,OPEN HAND - final recovery,2959,2802,2785,3053,2960,2922,2804,8856.161972,7367.981439,7228.244275,9961.804223,8866.960352,8469.565217,7384.663052,-0.096048,0.041800,0.099604,0.078783,0.167069,0.019220,-0.102357
897400,130.4186,56,Final_Open_Recovery,None,final_open,0,0.4186,OPEN HAND - final recovery,2968,2813,2796,3043,2932,2923,2798,8954.037267,7460.374415,7318.244804,9834.790875,8571.625107,8479.692833,7334.772552,-0.086058,0.054864,0.113296,0.065028,0.128197,0.020439,-0.108421
897450,130.4736,56,Final_Open_Recovery,None,final_open,0,0.4736,OPEN HAND - final recovery,2962,2812,2783,3028,2920,2918,2804,8888.614298,7451.909587,7212.042683,9648.734770,8449.361702,8429.226848,7384.663052,-0.092735,0.053667,0.097140,0.044880,0.112105,0.014366,-0.102357
897500,130.6171,56,Final_Open_Recovery,None,final_open,0,0.6171,OPEN HAND - final recovery,2951,2803,2796,3038,2933,2921,2802,8770.454545,7376.315789,7318.244804,9772.185430,8581.927711,8459.454855,7367.981439,-0.104796,0.042978,0.113296,0.058248,0.129553,0.018004,-0.104385
897550,130.6172,56,Final_Open_Recovery,None,final_open,0,0.6172,OPEN HAND - final recovery,2956,2811,2789,3032,2940,2914,2795,8823.880597,7443.457944,7260.796325,9697.836312,8654.545455,8389.161727,7310.000000,-0.099343,0.052472,0.104556,0.050197,0.139111,0.009544,-0.111432
897600,130.6389,56,Final_Open_Recovery,None,final_open,0,0.6389,OPEN HAND - final recovery,2958,2808,2789,3041,2928,2917,2803,8845.382586,7418.181818,7260.796325,9809.677419,8530.591260,8419.185059,7376.315789,-0.097148,0.048898,0.104556,0.062309,0.122796,0.013157,-0.103371
897650,130.6709,56,Final_Open_Recovery,None,final_open,0,0.6709,OPEN HAND - final recovery,2954,2805,2797,3040,2944,2948,2804,8802.453988,7393.023256,7326.502311,9797.156398,8696.437880,8738.622493,7384.663052,-0.101530,0.045340,0.114552,0.060953,0.144625,0.051598,-0.102357
897700,130.7254,56,Final_Open_Recovery,None,final_open,0,0.7254,OPEN HAND - final recovery,2961,2810,2801,3039,2929,2954,2794,8877.777778,7435.019455,7359.659969,9784.659091,8540.823328,8802.453988,7301.767871,-0.093841,0.051278,0.119596,0.059599,0.124143,0.059280,-0.112433
897750,130.8667,56,Final_Open_Recovery,None,final_open,0,0.8667,OPEN HAND - final recovery,2961,2810,2785,3027,2925,2948,2804,8877.777778,7435.019455,7228.244275,9636.516854,8500.000000,8738.622493,7384.663052,-0.093841,0.051278,0.099604,0.043557,0.118770,0.051598,-0.102357
897800,130.8668,56,Final_Open_Recovery,None,final_open,0,0.8668,OPEN HAND - final recovery,2953,2804,2793,3027,2944,2941,2801,8791.768827,7384.663052,7293.548387,9636.516854,8696.437880,8664.991334,7359.659969,-0.102620,0.044158,0.109539,0.043557,0.144625,0.042738,-0.105396
897850,130.8773,56,Final_Open_Recovery,None,final_open,0,0.8773,OPEN HAND - final recovery,2960,2813,2789,3022,2944,2929,2791,8866.960352,7460.374415,7260.796325,9575.768872,8696.437880,8540.823328,7277.147239,-0.094946,0.054864,0.104556,0.036978,0.144625,0.027795,-0.115426
897900,130.9101,56,Final_Open_Recovery,None,final_open,0,0.9101,OPEN HAND - final recovery,2958,2809,2776,3016,2947,2934,2800,8845.382586,7426.594090,7155.724033,9503.614458,8728.048780,8592.248062,7351.351351,-0.097148,0.050087,0.088572,0.029164,0.148786,0.033984,-0.106406
897950,130.9860,56,Final_Open_Recovery,None,final_open,0,0.9860,OPEN HAND - final recovery,2954,2804,2786,3026,2958,2933,2799,8802.453988,7384.663052,7236.363636,9624.321796,8845.382586,8581.927711,7343.055556,-0.101530,0.044158,0.100839,0.042236,0.164229,0.032742,-0.107414
898000,131.1518,56,Final_Open_Recovery,None,final_open,0,1.1518,OPEN HAND - final recovery,2961,2814,2786,3023,2949,2922,2790,8877.777778,7468.852459,7236.363636,9587.873134,8749.214660,8469.565217,7268.965517,-0.093841,0.056062,0.100839,0.038289,0.151572,0.019220,-0.116420
898050,131.1519,56,Final_Open_Recovery,None,final_open,0,1.1519,OPEN HAND - final recovery,2968,2814,2793,3035,2969,2952,2801,8954.037267,7468.852459,7293.548387,9734.905660,8965.008881,8781.102362,7359.659969,-0.086058,0.056062,0.109539,0.054211,0.179974,0.056710,-0.105396
898100,131.1519,56,Final_Open_Recovery,None,final_open,0,1.1519,OPEN HAND - final recovery,2965,2808,2803,3131,3115,3040,2803,8921.238938,7418.181818,7376.315789,11042.946058,10807.142857,9797.156398,7376.315789,-0.089405,0.048898,0.122130,0.195862,0.422436,0.178981,-0.103371
898150,131.1622,56,Final_Open_Recovery,None,final_open,0,1.1622,OPEN HAND - final recovery,2973,2818,2821,3167,3158,3057,2795,9009.090909,7502.897416,7528.571429,11603.232759,11459.124867,10013.294798,7310.000000,-0.080438,0.060876,0.145292,0.256536,0.508250,0.204991,-0.111432
898200,131.2268,56,Final_Open_Recovery,None,final_open,0,1.2268,OPEN HAND - final recovery,2964,2813,2831,3171,3101,3116,2813,8910.344828,7460.374415,7615.031646,11668.181818,10607.042254,10821.654750,7460.374415,-0.090517,0.054864,0.158445,0.263570,0.396099,0.302269,-0.093154
898250,131.3996,56,Final_Open_Recovery,None,final_open,0,1.3996,OPEN HAND - final recovery,2960,2804,2841,3257,3008,3152,2814,8866.960352,7384.663052,7702.870813,13214.558473,9408.647654,11364.581124,7468.852459,-0.094946,0.044158,0.171807,0.431030,0.238366,0.367604,-0.092123
898300,131.3997,56,Final_Open_Recovery,None,final_open,0,1.3997,OPEN HAND - final recovery,2973,2807,2835,3232,2984,3115,2816,9009.090909,7409.782609,7650.000000,12733.256083,9131.953195,10807.142857,7485.848319,-0.080438,0.047710,0.163764,0.378908,0.201948,0.300522,-0.090057
898350,131.3997,56,Final_Open_Recovery,None,final_open,0,1.3997,OPEN HAND - final recovery,2968,2812,2824,3220,2967,3068,2831,8954.037267,7451.909587,7554.366640,12512.000000,8943.085106,10156.962025,7615.031646,-0.086058,0.053667,0.149216,0.354948,0.177089,0.222280,-0.074354
898400,131.4217,56,Final_Open_Recovery,None,final_open,0,1.4217,OPEN HAND - final recovery,2948,2801,2819,3259,2970,3115,2827,8738.622493,7359.659969,7511.442006,13254.306220,8976.000000,10807.142857,7580.283912,-0.108045,0.040623,0.142686,0.435334,0.181421,0.300522,-0.078578
898450,131.4761,56,Final_Open_Recovery,None,final_open,0,1.4761,OPEN HAND - final recovery,2958,2811,2811,3217,2971,3093,2823,8845.382586,7443.457944,7443.457944,12457.630979,8987.010676,10495.209581,7545.754717,-0.097148,0.052472,0.132344,0.349060,0.182870,0.262984,-0.082775
898500,131.5191,56,Final_Open_Recovery,None,final_open,0,1.5191,OPEN HAND - final recovery,2960,2811,2807,3183,2909,3092,2831,8866.960352,7443.457944,7409.782609,11866.447368,8339.460371,10481.355932,7615.031646,-0.094946,0.052472,0.127221,0.285040,0.097640,0.261317,-0.074354
898550,131.6612,56,Final_Open_Recovery,None,final_open,0,1.6612,OPEN HAND - final recovery,2950,2807,2820,3144,2926,3094,2831,8759.825328,7409.782609,7520.000000,11240.378549,8510.179641,10509.090909,7615.031646,-0.105881,0.047710,0.143988,0.217242,0.120110,0.264655,-0.074354
898600,131.6613,56,Final_Open_Recovery,None,final_open,0,1.6613,OPEN HAND - final recovery,2957,2816,2812,3139,2930,3097,2818,8834.622144,7485.848319,7451.909587,11163.807531,8551.072961,10550.901804,7502.897416,-0.098246,0.058465,0.133630,0.208950,0.125492,0.269686,-0.087985
898650,131.6613,56,Final_Open_Recovery,None,final_open,0,1.6613,OPEN HAND - final recovery,2959,2814,2802,3107,2924,3071,2831,8856.161972,7468.852459,7367.981439,10692.105263,8489.837746,10196.679688,7615.031646,-0.096048,0.056062,0.120862,0.157868,0.117432,0.227060,-0.074354
898700,131.7271,56,Final_Open_Recovery,None,final_open,0,1.7271,OPEN HAND - final recovery,2954,2805,2801,3109,2918,3083,2828,8802.453988,7393.023256,7359.659969,10720.689655,8429.226848,10357.905138,7588.950276,-0.101530,0.045340,0.119596,0.160964,0.109455,0.246461,-0.077525
898750,131.7705,56,Final_Open_Recovery,None,final_open,0,1.7705,OPEN HAND - final recovery,2962,2816,2799,3130,2924,3041,2818,8888.614298,7485.848319,7343.055556,11027.979275,8489.837746,9809.677419,7502.897416,-0.092735,0.058465,0.117070,0.194241,0.117432,0.180488,-0.087985
898800,131.9114,56,Final_Open_Recovery,None,final_open,0,1.9114,OPEN HAND - final recovery,2965,2815,2793,3085,2913,3033,2827,8921.238938,7477.343750,7293.548387,10385.148515,8379.187817,9710.169492,7580.283912,-0.089405,0.057263,0.109539,0.124627,0.102869,0.168513,-0.078578
898850,131.9115,56,Final_Open_Recovery,None,final_open,0,1.9115,OPEN HAND - final recovery,2954,2807,2800,3116,2924,3049,2827,8802.453988,7409.782609,7351.351351,10821.654750,8489.837746,9910.707457,7580.283912,-0.101530,0.047710,0.118332,0.171898,0.117432,0.192646,-0.078578
898900,131.9337,56,Final_Open_Recovery,None,final_open,0,1.9337,OPEN HAND - final recovery,2961,2815,2788,3117,2924,3038,2816,8877.777778,7477.343750,7252.639633,10836.196319,8489.837746,9772.185430,7485.848319,-0.093841,0.057263,0.103315,0.173472,0.117432,0.175976,-0.090057
898950,131.9775,56,Final_Open_Recovery,None,final_open,0,1.9775,OPEN HAND - final recovery,2959,2813,2761,3145,2920,3047,2827,8856.161972,7460.374415,7037.031484,11255.789474,8449.361702,9885.305344,7580.283912,-0.096048,0.054864,0.070516,0.218911,0.112105,0.189589,-0.078578
899000,132.0099,56,Final_Open_Recovery,None,final_open,0,2.0099,OPEN HAND - final recovery,2945,2803,2779,3146,2935,3057,2825,8706.956522,7376.315789,7179.787234,11271.232877,8602.586207,10013.294798,7562.992126,-0.111277,0.042978,0.092233,0.220583,0.132272,0.204991,-0.080680
899050,132.1632,56,Final_Open_Recovery,None,final_open,0,2.1632,OPEN HAND - final recovery,2957,2816,2797,3147,2925,3058,2813,8834.622144,7485.848319,7326.502311,11286.708861,8500.000000,10026.229508,7460.374415,-0.098246,0.058465,0.114552,0.222259,0.118770,0.206548,-0.093154
899100,132.1632,56,Final_Open_Recovery,None,final_open,0,2.1632,OPEN HAND - final recovery,2959,2816,2776,3121,2904,3058,2825,8856.161972,7485.848319,7155.724033,10894.661191,8290.176322,10026.229508,7562.992126,-0.096048,0.058465,0.088572,0.179804,0.091153,0.206548,-0.080680
899150,132.1743,56,Final_Open_Recovery,None,final_open,0,2.1743,OPEN HAND - final recovery,2947,2808,2792,3129,2920,3033,2825,8728.048780,7418.181818,7285.341520,11013.043478,8449.361702,9710.169492,7562.992126,-0.109124,0.048898,0.108290,0.192623,0.112105,0.168513,-0.080680
899200,132.2291,56,Final_Open_Recovery,None,final_open,0,2.2291,OPEN HAND - final recovery,2954,2817,2809,3133,2916,3050,2814,8802.453988,7494.366197,7426.594090,11072.972973,8409.160305,9923.444976,7468.852459,-0.101530,0.059670,0.129778,0.199113,0.106814,0.194179,-0.092123
899250,132.2716,56,Final_Open_Recovery,None,final_open,0,2.2716,OPEN HAND - final recovery,2963,2816,2799,3123,2908,3050,2827,8899.469965,7485.848319,7343.055556,10924.074074,8329.570345,9923.444976,7580.283912,-0.091627,0.058465,0.117070,0.182989,0.096338,0.194179,-0.078578
899300,132.4145,56,Final_Open_Recovery,None,final_open,0,2.4145,OPEN HAND - final recovery,2959,2802,2800,3133,2926,3048,2825,8856.161972,7367.981439,7351.351351,11072.972973,8510.179641,9897.994269,7562.992126,-0.096048,0.041800,0.118332,0.199113,0.120110,0.191116,-0.080680
899350,132.4146,56,Final_Open_Recovery,None,final_open,0,2.4146,OPEN HAND - final recovery,2965,2811,2799,3114,2924,3026,2812,8921.238938,7443.457944,7343.055556,10792.660550,8489.837746,9624.321796,7451.909587,-0.089405,0.052472,0.117070,0.168758,0.117432,0.158183,-0.094183
899400,132.4253,56,Final_Open_Recovery,None,final_open,0,2.4253,OPEN HAND - final recovery,2963,2813,2789,3108,2906,3027,2826,8899.469965,7460.374415,7260.796325,10706.382979,8309.840202,9636.516854,7571.631206,-0.091627,0.054864,0.104556,0.159415,0.093741,0.159650,-0.079630
899450,132.4585,56,Final_Open_Recovery,None,final_open,0,2.4585,OPEN HAND - final recovery,2955,2804,2777,3122,2913,3026,2823,8813.157895,7384.663052,7163.732929,10909.352518,8379.187817,9624.321796,7545.754717,-0.100437,0.044158,0.089790,0.181394,0.102869,0.158183,-0.082775
899500,132.6655,56,Final_Open_Recovery,None,final_open,0,2.6655,OPEN HAND - final recovery,2957,2811,2785,3121,2910,3040,2810,8834.622144,7443.457944,7228.244275,10894.661191,8349.367089,9797.156398,7435.019455,-0.098246,0.052472,0.099604,0.179804,0.098944,0.178981,-0.096236
899550,132.6655,56,Final_Open_Recovery,None,final_open,0,2.6655,OPEN HAND - final recovery,2948,2810,2781,3094,2894,3037,2822,8738.622493,7435.019455,7195.890411,10509.090909,8192.839301,9759.735350,7537.156324,-0.108045,0.051278,0.094682,0.138049,0.078341,0.174478,-0.083820
899600,132.6655,56,Final_Open_Recovery,None,final_open,0,2.6655,OPEN HAND - final recovery,2940,2801,2783,3108,2905,3030,2821,8654.545455,7359.659969,7212.042683,10706.382979,8300.000000,9673.239437,7528.571429,-0.116627,0.040623,0.097140,0.159415,0.092446,0.164069,-0.084864
899650,132.6656,56,Final_Open_Recovery,None,final_open,0,2.6656,OPEN HAND - final recovery,2948,2819,2781,3102,2905,3049,2813,8738.622493,7511.442006,7195.890411,10621.148036,8300.000000,9910.707457,7460.374415,-0.108045,0.062084,0.094682,0.150184,0.092446,0.192646,-0.093154
899700,132.7197,56,Final_Open_Recovery,None,final_open,0,2.7197,OPEN HAND - final recovery,2942,2817,2771,3079,2899,3047,2823,8675.455334,7494.366197,7115.861027,10303.740157,8241.304348,9885.305344,7545.754717,-0.114493,0.059670,0.082508,0.115812,0.084720,0.189589,-0.082775
899750,132.7745,56,Final_Open_Recovery,None,final_open,0,2.7745,OPEN HAND - final recovery,2935,2813,2773,3085,2954,3051,2824,8602.586207,7460.374415,7131.770045,10385.148515,8802.453988,9936.206897,7554.366640,-0.121930,0.054864,0.084928,0.124627,0.158579,0.195715,-0.081728
899800,132.9157,56,Final_Open_Recovery,None,final_open,0,2.9157,OPEN HAND - final recovery,2951,2817,2780,3082,2959,3026,2813,8770.454545,7494.366197,7187.832700,10344.323791,8856.161972,9624.321796,7460.374415,-0.104796,0.059670,0.093457,0.120206,0.165648,0.158183,-0.093154
899850,132.9157,56,Final_Open_Recovery,None,final_open,0,2.9157,OPEN HAND - final recovery,2947,2818,2787,3091,2891,3015,2825,8728.048780,7502.897416,7244.495413,10467.529880,8163.953488,9491.666667,7562.992126,-0.109124,0.060876,0.102077,0.133549,0.074539,0.142219,-0.080680
899900,132.9157,56,Final_Open_Recovery,None,final_open,0,2.9157,OPEN HAND - final recovery,2935,2814,2795,3086,2911,3018,2823,8602.586207,7468.852459,7310.000000,10398.810704,8359.290541,9527.576602,7545.754717,-0.121930,0.056062,0.112041,0.126107,0.100250,0.146540,-0.082775
899950,132.9811,56,Final_Open_Recovery,None,final_open,0,2.9811,OPEN HAND - final recovery,2947,2819,2786,3091,2909,3011,2809,8728.048780,7511.442006,7236.363636,10467.529880,8339.460371,9444.095941,7426.594090,-0.109124,0.062084,0.100839,0.133549,0.097640,0.136494,-0.097260
900000,133.1667,56,Final_Open_Recovery,None,final_open,0,3.1667,OPEN HAND - final recovery,2944,2821,2782,3064,2952,2997,2821,8696.437880,7528.571429,7203.960396,10104.364694,8781.102362,9280.327869,7528.571429,-0.112351,0.064506,0.095910,0.094221,0.155769,0.116787,-0.084864
900050,133.1667,56,Final_Open_Recovery,None,final_open,0,3.1667,OPEN HAND - final recovery,2931,2812,2776,3091,2910,2997,2820,8561.340206,7451.909587,7155.724033,10467.529880,8349.367089,9280.327869,7520.000000,-0.126140,0.053667,0.088572,0.133549,0.098944,0.116787,-0.085906
900100,133.1667,56,Final_Open_Recovery,None,final_open,0,3.1667,OPEN HAND - final recovery,2943,2823,2793,3074,2917,2995,2810,8685.937500,7545.754717,7293.548387,10236.630754,8419.185059,9257.272727,7435.019455,-0.113423,0.066936,0.109539,0.108544,0.108133,0.114012,-0.096236
900150,133.1777,56,Final_Open_Recovery,None,final_open,0,3.1777,OPEN HAND - final recovery,2947,2820,2773,3091,2941,2987,2820,8728.048780,7520.000000,7131.770045,10467.529880,8664.991334,9165.884477,7520.000000,-0.109124,0.063294,0.084928,0.133549,0.140486,0.103015,-0.085906
900200,133.2215,56,Final_Open_Recovery,None,final_open,0,3.2215,OPEN HAND - final recovery,2936,2814,2778,3094,2910,2990,2818,8612.942192,7468.852459,7171.753986,10509.090909,8349.367089,9200.000000,7502.897416,-0.120873,0.056062,0.091011,0.138049,0.098944,0.107120,-0.087985
900250,133.2758,56,Final_Open_Recovery,None,final_open,0,3.2758,OPEN HAND - final recovery,2945,2823,2785,3085,2906,2991,2806,8706.956522,7545.754717,7228.244275,10385.148515,8309.840202,9211.413043,7401.396431,-0.111277,0.066936,0.099604,0.124627,0.093741,0.108494,-0.100323
900300,133.4163,56,Final_Open_Recovery,None,final_open,0,3.4163,OPEN HAND - final recovery,2942,2823,2779,3068,2897,2986,2817,8675.455334,7545.754717,7179.787234,10156.962025,8221.869783,9154.553652,7494.366197,-0.114493,0.066936,0.092233,0.099917,0.082162,0.101651,-0.089022
900350,133.4164,56,Final_Open_Recovery,None,final_open,0,3.4164,OPEN HAND - final recovery,2934,2813,2783,3074,2906,2993,2817,8592.248062,7460.374415,7212.042683,10236.630754,8309.840202,9234.301270,7494.366197,-0.122986,0.054864,0.097140,0.108544,0.093741,0.111248,-0.089022
900400,133.4164,56,Final_Open_Recovery,None,final_open,0,3.4164,OPEN HAND - final recovery,2943,2820,2787,3091,2905,2981,2805,8685.937500,7520.000000,7244.495413,10467.529880,8300.000000,9098.204668,7393.023256,-0.113423,0.063294,0.102077,0.133549,0.092446,0.094870,-0.101341
900450,133.4708,56,Final_Open_Recovery,None,final_open,0,3.4708,OPEN HAND - final recovery,2945,2817,2779,3068,2895,2982,2817,8706.956522,7494.366197,7179.787234,10156.962025,8202.500000,9109.433962,7494.366197,-0.111277,0.059670,0.092233,0.099917,0.079613,0.096221,-0.089022
900500,133.5036,56,Final_Open_Recovery,None,final_open,0,3.5036,OPEN HAND - final recovery,2931,2807,2780,3072,2903,2977,2817,8561.340206,7409.782609,7187.832700,10209.970674,8280.369128,9053.488372,7494.366197,-0.126140,0.047710,0.093457,0.105657,0.089862,0.089489,-0.089022
900550,133.6900,56,Final_Open_Recovery,None,final_open,0,3.6900,OPEN HAND - final recovery,2940,2816,2775,3074,2911,2976,2806,8654.545455,7485.848319,7147.727273,10236.630754,8359.290541,9042.359249,7401.396431,-0.116627,0.058465,0.087356,0.108544,0.100250,0.088150,-0.100323
900600,133.6901,56,Final_Open_Recovery,None,final_open,0,3.6901,OPEN HAND - final recovery,2945,2816,2778,3067,2894,2968,2817,8706.956522,7485.848319,7171.753986,10143.774319,8192.839301,8954.037267,7494.366197,-0.111277,0.058465,0.091011,0.098489,0.078341,0.077521,-0.089022
900650,133.6901,56,Final_Open_Recovery,None,final_open,0,3.6901,OPEN HAND - final recovery,2934,2808,2786,3060,2904,2973,2815,8592.248062,7418.181818,7236.363636,10052.173913,8290.176322,9009.090909,7477.343750,-0.122986,0.048898,0.100839,0.088569,0.091153,0.084146,-0.091091
900700,133.7117,56,Final_Open_Recovery,None,final_open,0,3.7117,OPEN HAND - final recovery,2939,2813,2785,3060,2906,2969,2807,8644.117647,7460.374415,7228.244275,10052.173913,8309.840202,8965.008881,7409.782609,-0.117691,0.054864,0.099604,0.088569,0.093741,0.078841,-0.099303
900750,133.9328,56,Final_Open_Recovery,None,final_open,0,3.9328,OPEN HAND - final recovery,2941,2810,2779,3051,2894,2965,2818,8664.991334,7435.019455,7179.787234,9936.206897,8192.839301,8921.238938,7502.897416,-0.115561,0.051278,0.092233,0.076011,0.078341,0.073574,-0.087985
900800,133.9329,56,Final_Open_Recovery,None,final_open,0,3.9329,OPEN HAND - final recovery,2929,2804,2770,3057,2904,2966,2817,8540.823328,7384.663052,7107.924528,10013.294798,8290.176322,8932.152347,7494.366197,-0.128234,0.044158,0.081301,0.084359,0.091153,0.074888,-0.089022
900850,133.9330,56,Final_Open_Recovery,None,final_open,0,3.9330,OPEN HAND - final recovery,2949,2814,2774,3053,2901,2966,2805,8749.214660,7468.852459,7139.742619,9961.804223,8260.804020,8932.152347,7393.023256,-0.106964,0.056062,0.086141,0.078783,0.087287,0.074888,-0.101341
900900,133.9330,56,Final_Open_Recovery,None,final_open,0,3.9330,OPEN HAND - final recovery,2947,2812,2768,3039,2897,2969,2818,8728.048780,7451.909587,7092.087415,9784.659091,8221.869783,8965.008881,7502.897416,-0.109124,0.053667,0.078891,0.059599,0.082162,0.078841,-0.087985
900950,133.9654,56,Final_Open_Recovery,None,final_open,0,3.9654,OPEN HAND - final recovery,2942,2802,2771,3054,2899,2965,2818,8675.455334,7367.981439,7115.861027,9974.639769,8241.304348,8921.238938,7502.897416,-0.114493,0.041800,0.082508,0.080173,0.084720,0.073574,-0.087985
901000,134.0308,56,Final_Open_Recovery,None,final_open,0,4.0308,OPEN HAND - final recovery,2948,2814,2768,3049,2907,2961,2806,8738.622493,7468.852459,7092.087415,9910.707457,8319.696970,8877.777778,7401.396431,-0.108045,0.056062,0.078891,0.073249,0.095038,0.068344,-0.100323
901050,134.1724,56,Final_Open_Recovery,None,final_open,0,4.1724,OPEN HAND - final recovery,2951,2812,2765,3032,2890,2961,2818,8770.454545,7451.909587,7068.421053,9697.836312,8154.356846,8877.777778,7502.897416,-0.104796,0.053667,0.075291,0.050197,0.073276,0.068344,-0.087985
901100,134.1725,56,Final_Open_Recovery,None,final_open,0,4.1725,OPEN HAND - final recovery,2945,2803,2765,3054,2899,2970,2816,8706.956522,7376.315789,7068.421053,9974.639769,8241.304348,8976.000000,7485.848319,-0.111277,0.042978,0.075291,0.080173,0.084720,0.080164,-0.090057
901150,134.1835,56,Final_Open_Recovery,None,final_open,0,4.1835,OPEN HAND - final recovery,2954,2813,2773,3047,2901,2972,2806,8802.453988,7460.374415,7131.770045,9885.305344,8260.804020,8998.040962,7401.396431,-0.101530,0.054864,0.084928,0.070498,0.087287,0.082816,-0.100323
901200,134.2048,56,Final_Open_Recovery,None,final_open,0,4.2048,OPEN HAND - final recovery,2951,2811,2769,3029,2895,2966,2817,8770.454545,7443.457944,7100.000000,9660.975610,8202.500000,8932.152347,7494.366197,-0.104796,0.052472,0.080095,0.046205,0.079613,0.074888,-0.089022
901250,134.2698,56,Final_Open_Recovery,None,final_open,0,4.2698,OPEN HAND - final recovery,2941,2802,2776,3034,2902,2969,2814,8664.991334,7367.981439,7155.724033,9722.525919,8270.578374,8965.008881,7468.852459,-0.115561,0.041800,0.088572,0.052871,0.088573,0.078841,-0.092123
901300,134.4367,56,Final_Open_Recovery,None,final_open,0,4.4367,OPEN HAND - final recovery,2949,2810,2774,3030,2900,2964,2804,8749.214660,7435.019455,7139.742619,9673.239437,8251.046025,8910.344828,7384.663052,-0.106964,0.051278,0.086141,0.047533,0.086003,0.072263,-0.102357
901350,134.4367,56,Final_Open_Recovery,None,final_open,0,4.4367,OPEN HAND - final recovery,2949,2810,2772,3021,2894,2961,2816,8749.214660,7435.019455,7123.809524,9563.687151,8192.839301,8877.777778,7485.848319,-0.106964,0.051278,0.083717,0.035670,0.078341,0.068344,-0.090057
901400,134.4368,56,Final_Open_Recovery,None,final_open,0,4.4368,OPEN HAND - final recovery,2945,2805,2770,3034,2900,2965,2815,8706.956522,7393.023256,7107.924528,9722.525919,8251.046025,8921.238938,7477.343750,-0.111277,0.045340,0.081301,0.052871,0.086003,0.073574,-0.091091
901450,134.4797,56,Final_Open_Recovery,None,final_open,0,4.4797,OPEN HAND - final recovery,2950,2811,2771,3036,2898,2959,2804,8759.825328,7443.457944,7115.861027,9747.308782,8231.578947,8856.161972,7384.663052,-0.105881,0.052472,0.082508,0.055555,0.083440,0.065743,-0.102357
901500,134.5129,56,Final_Open_Recovery,None,final_open,0,4.5129,OPEN HAND - final recovery,2947,2811,2768,3024,2889,2964,2818,8728.048780,7443.457944,7092.087415,9600.000000,8144.776119,8910.344828,7502.897416,-0.109124,0.052472,0.078891,0.039602,0.072015,0.072263,-0.087985
901550,134.6896,56,Final_Open_Recovery,None,final_open,0,4.6896,OPEN HAND - final recovery,2937,2800,2769,3029,2898,2961,2818,8623.316062,7351.351351,7100.000000,9660.975610,8231.578947,8877.777778,7502.897416,-0.119814,0.039448,0.080095,0.046205,0.083440,0.068344,-0.087985
901600,134.6897,56,Final_Open_Recovery,None,final_open,0,4.6897,OPEN HAND - final recovery,2947,2805,2772,3036,2904,2958,2805,8728.048780,7393.023256,7123.809524,9747.308782,8290.176322,8845.382586,7393.023256,-0.109124,0.045340,0.083717,0.055555,0.091153,0.064446,-0.101341
901650,134.6897,56,Final_Open_Recovery,None,final_open,0,4.6897,OPEN HAND - final recovery,2947,2806,2764,3031,2890,2958,2816,8728.048780,7401.396431,7060.555973,9685.526316,8154.356846,8845.382586,7485.848319,-0.109124,0.046524,0.074095,0.048864,0.073276,0.064446,-0.090057
901700,134.7336,56,Final_Open_Recovery,None,final_open,0,4.7336,OPEN HAND - final recovery,2934,2799,2767,3038,2898,2957,2818,8592.248062,7343.055556,7084.186747,9772.185430,8231.578947,8834.622144,7502.897416,-0.122986,0.038275,0.077689,0.058248,0.083440,0.063151,-0.087985
901750,134.7667,56,Final_Open_Recovery,None,final_open,0,4.7667,OPEN HAND - final recovery,2946,2809,2767,3038,2895,2962,2807,8717.493473,7426.594090,7084.186747,9772.185430,8202.500000,8888.614298,7409.782609,-0.110202,0.050087,0.077689,0.058248,0.079613,0.069648,-0.099303
901800,134.9100,56,Final_Open_Recovery,None,final_open,0,4.9100,OPEN HAND - final recovery,2944,2805,2763,3028,2888,2956,2817,8696.437880,7393.023256,7052.702703,9648.734770,8135.211268,8823.880597,7494.366197,-0.112351,0.045340,0.072900,0.044880,0.070756,0.061858,-0.089022
901850,134.9101,56,Final_Open_Recovery,None,final_open,0,4.9101,OPEN HAND - final recovery,2935,2797,2769,3050,2897,2969,2814,8602.586207,7326.502311,7100.000000,9923.444976,8221.869783,8965.008881,7468.852459,-0.121930,0.035935,0.080095,0.074629,0.082162,0.078841,-0.092123
901900,134.9322,56,Final_Open_Recovery,None,final_open,0,4.9322,OPEN HAND - final recovery,2944,2806,2767,3039,2896,2961,2804,8696.437880,7401.396431,7084.186747,9784.659091,8212.176814,8877.777778,7384.663052,-0.112351,0.046524,0.077689,0.059599,0.080887,0.068344,-0.102357
901950,134.9644,56,Final_Open_Recovery,None,final_open,0,4.9644,OPEN HAND - final recovery,2951,2803,2762,3024,2891,2955,2816,8770.454545,7376.315789,7044.861215,9600.000000,8163.953488,8813.157895,7485.848319,-0.104796,0.042978,0.071707,0.039602,0.074539,0.060568,-0.090057
