esp32_t_ms,trial_id,phase,phase_elapsed_s,true_label,final_prediction,Thumb_raw_ADC,Index_raw_ADC,Middle_raw_ADC,Ring_raw_ADC,Little_raw_ADC,ReverseHorizontal_raw_ADC,ReverseThumb_raw_ADC,Thumb_R_ohm,Index_R_ohm,Middle_R_ohm,Ring_R_ohm,Little_R_ohm,ReverseHorizontal_R_ohm,ReverseThumb_R_ohm,Thumb_local_dR_over_Ropen,Index_local_dR_over_Ropen,Middle_local_dR_over_Ropen,Ring_local_dR_over_Ropen,Little_local_dR_over_Ropen,ReverseHorizontal_local_dR_over_Ropen,ReverseThumb_local_dR_over_Ropen
752550,1,open_reference,0.0412,Fist,Fist,3015,3102,3273,3019,2956,2957,2868,9491.666667,10621.148036,13537.956204,9539.591078,8823.880597,8834.622144,7947.188264,nan,nan,nan,nan,nan,nan,nan
752600,1,open_reference,0.1041,Fist,Fist,3053,3102,3262,3017,2943,2942,2870,9961.804223,10621.148036,13314.285714,9515.584416,8685.937500,8675.455334,7965.714286,nan,nan,nan,nan,nan,nan,nan
752650,1,open_reference,0.1453,Fist,Fist,3014,3093,3251,3015,2952,2940,2885,9479.740981,10495.209581,13096.445498,9491.666667,8781.102362,8654.545455,8106.611570,nan,nan,nan,nan,nan,nan,nan
752700,1,open_reference,0.2077,Fist,Fist,3040,3173,3246,3012,2945,2941,2888,9797.156398,11700.867679,12999.293286,9455.955679,8706.956522,8664.991334,8135.211268,nan,nan,nan,nan,nan,nan,nan
752750,1,open_reference,0.2500,Fist,Fist,3044,3151,3249,2995,2931,2925,2872,9847.383444,11348.940678,13057.446809,9257.272727,8561.340206,8500.000000,7984.300899,nan,nan,nan,nan,nan,nan,nan
752800,1,open_reference,0.2913,Fist,Fist,3027,3145,3237,3001,2943,2936,2879,9636.516854,11255.789474,12827.272727,9326.691042,8685.937500,8612.942192,8049.835526,nan,nan,nan,nan,nan,nan,nan
752850,1,open_reference,0.3539,Fist,Fist,3027,3152,3255,2993,2939,2936,2876,9636.516854,11364.581124,13175.000000,9234.301270,8644.117647,8612.942192,8021.657096,nan,nan,nan,nan,nan,nan,nan
752900,1,open_reference,0.3959,Fist,Fist,3025,3149,3260,2988,2929,2930,2879,9612.149533,11317.758985,13274.251497,9177.235772,8540.823328,8551.072961,8049.835526,nan,nan,nan,nan,nan,nan,nan
752950,1,open_reference,0.4381,Fist,Fist,3024,3151,3262,2991,2941,2941,2882,9600.000000,11348.940678,13314.285714,9211.413043,8664.991334,8664.991334,8078.153339,nan,nan,nan,nan,nan,nan,nan
753000,1,open_reference,0.5014,Fist,Fist,3023,3141,3273,2993,2942,2946,2873,9587.873134,11194.339623,13537.956204,9234.301270,8675.455334,8717.493473,7993.617021,nan,nan,nan,nan,nan,nan,nan
753050,1,open_reference,0.5647,Fist,Fist,3017,3134,3248,2987,2941,2933,2878,9515.584416,11088.033299,13038.016529,9165.884477,8664.991334,8581.927711,8040.427280,nan,nan,nan,nan,nan,nan,nan
753100,1,open_reference,0.5859,Fist,Fist,3004,3132,3231,2989,2965,2947,2877,9361.686526,11057.943925,12714.583333,9188.607595,8921.238938,8728.048780,8031.034483,nan,nan,nan,nan,nan,nan,nan
753150,1,open_reference,0.6492,Fist,Fist,3010,3133,3214,2991,2953,2939,2868,9432.258065,11072.972973,12403.632236,9211.413043,8791.768827,8644.117647,7947.188264,nan,nan,nan,nan,nan,nan,nan
753200,1,open_reference,0.6913,Fist,Fist,3009,3129,3231,2981,2949,2930,2873,9420.441989,11013.043478,12714.583333,9098.204668,8749.214660,8551.072961,7993.617021,nan,nan,nan,nan,nan,nan,nan
753250,1,open_reference,0.7334,Fist,Fist,3004,3125,3219,2987,2959,2934,2882,9361.686526,10953.608247,12493.835616,9165.884477,8856.161972,8592.248062,8078.153339,nan,nan,nan,nan,nan,nan,nan
753300,1,open_reference,0.7965,Fist,Fist,3007,3118,3239,2988,2947,2927,2877,9396.875000,10850.767656,12865.186916,9177.235772,8728.048780,8520.376712,8031.034483,nan,nan,nan,nan,nan,nan,nan
753350,1,open_reference,0.8387,Fist,Fist,3004,3105,3250,2977,2941,2917,2882,9361.686526,10663.636364,13076.923077,9053.488372,8664.991334,8419.185059,8078.153339,nan,nan,nan,nan,nan,nan,nan
753400,1,open_reference,0.8803,Fist,Fist,2993,3106,3248,2985,2948,2927,2892,9234.301270,10677.856421,13038.016529,9143.243243,8738.622493,8520.376712,8173.566085,nan,nan,nan,nan,nan,nan,nan
753450,1,open_reference,0.9427,Fist,Fist,3002,3115,3250,2986,2945,2924,2883,9338.334858,10807.142857,13076.923077,9154.553652,8706.956522,8489.837746,8087.623762,nan,nan,nan,nan,nan,nan,nan
753500,1,open_reference,0.9845,Fist,Fist,3001,3124,3253,2985,2942,2914,2884,9326.691042,10938.825953,13135.629454,9143.243243,8675.455334,8389.161727,8097.109827,nan,nan,nan,nan,nan,nan,nan
753550,1,open_reference,1.0475,Fist,Fist,2988,3132,3231,3002,2954,2924,2887,9177.235772,11057.943925,12714.583333,9338.334858,8802.453988,8489.837746,8125.662252,nan,nan,nan,nan,nan,nan,nan
753600,1,open_reference,1.0895,Fist,Fist,3000,3116,3233,2992,2955,2933,2888,9315.068493,10821.654750,12751.972158,9222.846782,8813.157895,8581.927711,8135.211268,nan,nan,nan,nan,nan,nan,nan
753650,1,open_reference,1.1514,Fist,Fist,2998,3115,3242,2988,2943,2913,2884,9291.886964,10807.142857,12922.391559,9177.235772,8685.937500,8379.187817,8097.109827,nan,nan,nan,nan,nan,nan,nan
753700,1,open_reference,1.1934,Fist,Fist,2991,3122,3236,3005,2953,2941,2892,9211.413043,10909.352518,12808.381839,9373.394495,8791.768827,8664.991334,8173.566085,nan,nan,nan,nan,nan,nan,nan
753750,1,open_reference,1.2577,Fist,Fist,2994,3158,3234,2996,2953,2942,2882,9245.776567,11459.124867,12770.731707,9268.789809,8791.768827,8675.455334,8078.153339,nan,nan,nan,nan,nan,nan,nan
753800,1,open_reference,1.2989,Fist,Fist,3002,3140,3221,2988,2945,2923,2881,9338.334858,11179.057592,12530.205950,9177.235772,8706.956522,8479.692833,8068.698517,nan,nan,nan,nan,nan,nan,nan
753850,1,open_reference,1.3627,Fist,Fist,2995,3119,3223,2989,2959,2921,2880,9257.272727,10865.368852,12566.743119,9188.607595,8856.161972,8459.454855,8059.259259,nan,nan,nan,nan,nan,nan,nan
753900,1,open_reference,1.4050,Fist,Fist,2995,3133,3236,2990,2958,2929,2882,9257.272727,11072.972973,12808.381839,9200.000000,8845.382586,8540.823328,8078.153339,nan,nan,nan,nan,nan,nan,nan
753950,1,open_reference,1.4672,Fist,Fist,3034,3146,3264,2979,2971,2953,2861,9722.525919,11271.232877,13354.512635,9075.806452,8987.010676,8791.768827,7882.820097,nan,nan,nan,nan,nan,nan,nan
754000,1,open_reference,1.5097,Fist,Fist,3037,3205,3289,2983,2984,2997,2899,9759.735350,12243.820225,13874.193548,9120.683453,9131.953195,9280.327869,8241.304348,nan,nan,nan,nan,nan,nan,nan
754050,1,open_reference,1.5523,Fist,Fist,3056,3188,3288,2982,2997,2977,2923,10000.384986,11950.606395,13852.788104,9109.433962,9280.327869,9053.488372,8479.692833,nan,nan,nan,nan,nan,nan,nan
754100,1,open_reference,1.5946,Fist,Fist,3055,3185,3240,3013,2974,2958,2906,9987.500000,11900.000000,12884.210526,9467.837338,9020.160571,8845.382586,8309.840202,nan,nan,nan,nan,nan,nan,nan
754150,1,open_reference,1.6574,Fist,Fist,3042,3169,3273,3023,2992,2958,2891,9822.222222,11635.637149,13537.956204,9587.873134,9222.846782,8845.382586,8163.953488,nan,nan,nan,nan,nan,nan,nan
754200,1,open_reference,1.6987,Fist,Fist,3085,3182,3272,2978,2997,2980,2883,10385.148515,11849.726177,13517.375456,9064.637422,9280.327869,9086.995516,8087.623762,nan,nan,nan,nan,nan,nan,nan
754250,1,open_reference,1.7833,Fist,Fist,3050,3180,3238,3086,2990,2961,2882,9923.444976,11816.393443,12846.207701,10398.810704,9200.000000,8877.777778,8078.153339,nan,nan,nan,nan,nan,nan,nan
754300,1,open_reference,1.8051,Fist,Fist,3031,3163,3203,2970,2973,2958,2886,9685.526316,11538.841202,12208.744395,8976.000000,9009.090909,8845.382586,8116.129032,nan,nan,nan,nan,nan,nan,nan
754350,1,open_reference,1.8472,Fist,Fist,3030,3177,3253,2971,2972,2959,2879,9673.239437,11766.666667,13135.629454,8987.010676,8998.040962,8856.161972,8049.835526,nan,nan,nan,nan,nan,nan,nan
754400,1,open_reference,1.8897,Fist,Fist,3026,3167,3293,2956,2969,2945,2870,9624.321796,11603.232759,13960.349127,8823.880597,8965.008881,8706.956522,7965.714286,nan,nan,nan,nan,nan,nan,nan
754450,1,open_reference,1.9532,Fist,Fist,3036,3160,3254,2968,2974,2943,2869,9747.308782,11490.909091,13155.291320,8954.037267,9020.160571,8685.937500,7956.443719,nan,nan,nan,nan,nan,nan,nan
754500,1,open_reference,1.9952,Fist,Fist,3041,3153,3261,2957,2976,2952,2865,9809.677419,11380.254777,13294.244604,8834.622144,9042.359249,8781.102362,7919.512195,nan,nan,nan,nan,nan,nan,nan
754550,1,open_reference,2.0590,Fist,Fist,3036,3159,3275,2945,2960,2938,2862,9747.308782,11475.000000,13579.268293,8706.956522,8866.960352,8633.707865,7891.970803,nan,nan,nan,nan,nan,nan,nan
754600,1,open_reference,2.0793,Fist,Fist,3020,3150,3296,2952,2967,2940,2870,9551.627907,11333.333333,14025.531915,8781.102362,8943.085106,8654.545455,7965.714286,nan,nan,nan,nan,nan,nan,nan
754650,1,open_reference,2.1415,Fist,Fist,3013,3155,3305,2944,2964,2946,2870,9467.837338,11411.702128,14224.050633,8696.437880,8910.344828,8717.493473,7965.714286,nan,nan,nan,nan,nan,nan,nan
754700,1,open_reference,2.1831,Fist,Fist,3007,3144,3270,2930,2954,2946,2876,9396.875000,11240.378549,13476.363636,8551.072961,8802.453988,8717.493473,8021.657096,nan,nan,nan,nan,nan,nan,nan
754750,1,open_reference,2.2461,Fist,Fist,2991,3128,3260,2941,2959,2965,2879,9211.413043,10998.138573,13274.251497,8664.991334,8856.161972,8921.238938,8049.835526,nan,nan,nan,nan,nan,nan,nan
754800,1,open_reference,2.2876,Fist,Fist,2998,3131,3281,2939,2950,2958,2866,9291.886964,11042.946058,13704.422604,8644.117647,8759.825328,8845.382586,7928.722539,nan,nan,nan,nan,nan,nan,nan
754850,1,open_reference,2.3500,Fist,Fist,2996,3133,3251,2936,2941,2952,2860,9268.789809,11072.972973,13096.445498,8612.942192,8664.991334,8781.102362,7873.684211,nan,nan,nan,nan,nan,nan,nan
754900,1,open_reference,2.3925,Fist,Fist,2985,3123,3253,3031,2949,2958,2859,9143.243243,10924.074074,13135.629454,9685.526316,8749.214660,8845.382586,7864.563107,nan,nan,nan,nan,nan,nan,nan
754950,1,open_reference,2.4554,Fist,Fist,2991,3123,3256,2926,2950,2949,2854,9211.413043,10924.074074,13194.755662,8510.179641,8759.825328,8749.214660,7819.178082,nan,nan,nan,nan,nan,nan,nan
755000,1,open_reference,2.4968,Fist,Fist,2991,3165,3251,2911,2936,2942,2858,9211.413043,11570.967742,13096.445498,8359.290541,8612.942192,8675.455334,7855.456750,nan,nan,nan,nan,nan,nan,nan
755050,1,open_reference,2.5393,Fist,Fist,2984,3143,3236,2924,2945,2947,2865,9131.953195,11225.000000,12808.381839,8489.837746,8706.956522,8728.048780,7919.512195,nan,nan,nan,nan,nan,nan,nan
755100,1,open_reference,2.6031,Fist,Fist,2997,3141,3254,2924,2944,2940,2875,9280.327869,11194.339623,13155.291320,8489.837746,8696.437880,8654.545455,8012.295082,nan,nan,nan,nan,nan,nan,nan
755150,1,open_reference,2.6457,Fist,Fist,2996,3165,3246,2921,2936,2928,2880,9268.789809,11570.967742,12999.293286,8459.454855,8612.942192,8530.591260,8059.259259,nan,nan,nan,nan,nan,nan,nan
755200,1,open_reference,2.6885,Fist,Fist,2988,3147,3228,2910,2939,2936,2882,9177.235772,11286.708861,12658.823529,8349.367089,8644.117647,8612.942192,8078.153339,nan,nan,nan,nan,nan,nan,nan
755250,1,open_reference,2.7523,Fist,Fist,2995,3151,3225,2916,2928,2931,2875,9257.272727,11348.940678,12603.448276,8409.160305,8530.591260,8561.340206,8012.295082,nan,nan,nan,nan,nan,nan,nan
755300,1,open_reference,2.7950,Fist,Fist,2994,3157,3246,2907,2920,2926,2869,9245.776567,11443.283582,12999.293286,8319.696970,8449.361702,8510.179641,7956.443719,nan,nan,nan,nan,nan,nan,nan
755350,1,open_reference,2.8375,Fist,Fist,2986,3156,3252,2921,2933,2922,2887,9154.553652,11427.476038,13116.014235,8459.454855,8581.927711,8469.565217,8125.662252,nan,nan,nan,nan,nan,nan,nan
755400,1,open_reference,2.9013,Fist,Fist,2997,3179,3254,2919,2930,2939,2880,9280.327869,11799.781659,13155.291320,8439.285714,8551.072961,8644.117647,8059.259259,nan,nan,nan,nan,nan,nan,nan
755450,1,open_reference,2.9440,Fist,Fist,2993,3186,3253,2917,2918,2935,2875,9234.301270,11916.831683,13135.629454,8419.185059,8429.226848,8602.586207,8012.295082,nan,nan,nan,nan,nan,nan,nan
755500,1,open_reference,2.9867,Fist,Fist,2988,3147,3237,2915,2928,2934,2892,9177.235772,11286.708861,12827.272727,8399.152542,8530.591260,8592.248062,8173.566085,nan,nan,nan,nan,nan,nan,nan
755550,1,open_reference,3.0508,Fist,Fist,2994,3139,3232,2912,2930,2936,2890,9245.776567,11163.807531,12733.256083,8369.230769,8551.072961,8612.942192,8154.356846,nan,nan,nan,nan,nan,nan,nan
755600,1,open_reference,3.0931,Fist,Fist,2992,3139,3235,2906,2928,2916,2882,9222.846782,11163.807531,12789.534884,8309.840202,8530.591260,8409.160305,8078.153339,nan,nan,nan,nan,nan,nan,nan
755650,1,open_reference,3.1354,Fist,Fist,2980,3148,3231,2925,2938,2925,2886,9086.995516,11302.217529,12714.583333,8500.000000,8633.707865,8500.000000,8116.129032,nan,nan,nan,nan,nan,nan,nan
755700,1,open_reference,3.1991,Fist,Fist,2990,3153,3225,2944,2939,2926,2873,9200.000000,11380.254777,12603.448276,8696.437880,8644.117647,8510.179641,7993.617021,nan,nan,nan,nan,nan,nan,nan
755750,1,open_reference,3.2415,Fist,Fist,2987,3150,3239,2934,2929,2915,2863,9165.884477,11333.333333,12865.186916,8592.248062,8540.823328,8399.152542,7901.136364,nan,nan,nan,nan,nan,nan,nan
755800,1,open_reference,3.3044,Fist,Fist,2979,3119,3233,2939,2942,2917,2869,9075.806452,10865.368852,12751.972158,8644.117647,8675.455334,8419.185059,7956.443719,nan,nan,nan,nan,nan,nan,nan
755850,1,open_reference,3.3464,Fist,Fist,2988,3157,3255,2930,2937,2912,2864,9177.235772,11443.283582,13175.000000,8551.072961,8623.316062,8369.230769,7910.316816,nan,nan,nan,nan,nan,nan,nan
755900,1,open_reference,3.4102,Fist,Fist,2984,3163,3238,2927,2928,2898,2857,9131.953195,11538.841202,12846.207701,8520.376712,8530.591260,8231.578947,7846.365105,nan,nan,nan,nan,nan,nan,nan
755950,1,open_reference,3.4309,Fist,Fist,2977,3142,3239,2933,2937,2909,2857,9053.488372,11209.653725,12865.186916,8581.927711,8623.316062,8339.460371,7846.365105,nan,nan,nan,nan,nan,nan,nan
756000,1,open_reference,3.4937,Fist,Fist,2983,3154,3216,2929,2938,2911,2851,9120.683453,11395.961743,12439.590444,8540.823328,8633.707865,8359.290541,7792.122186,nan,nan,nan,nan,nan,nan,nan
756050,1,open_reference,3.5351,Fist,Fist,2982,3157,3246,2930,2927,2902,2854,9109.433962,11443.283582,12999.293286,8551.072961,8520.376712,8270.578374,7819.178082,nan,nan,nan,nan,nan,nan,nan
756100,1,open_reference,3.5769,Fist,Fist,2977,3141,3234,2936,2945,2914,2864,9053.488372,11194.339623,12770.731707,8612.942192,8706.956522,8389.161727,7910.316816,nan,nan,nan,nan,nan,nan,nan
756150,1,open_reference,3.6390,Fist,Fist,2992,3167,3254,2942,2939,2916,2875,9222.846782,11603.232759,13155.291320,8675.455334,8644.117647,8409.160305,8012.295082,nan,nan,nan,nan,nan,nan,nan
756200,1,open_reference,3.7018,Fist,Fist,2990,3148,3232,2940,2931,2900,2865,9200.000000,11302.217529,12733.256083,8654.545455,8561.340206,8251.046025,7919.512195,nan,nan,nan,nan,nan,nan,nan
756250,1,open_reference,3.7443,Fist,Fist,2986,3150,3227,2940,2936,2915,2863,9154.553652,11333.333333,12640.322581,8654.545455,8612.942192,8399.152542,7901.136364,nan,nan,nan,nan,nan,nan,nan
756300,1,open_reference,3.7873,Fist,Fist,2988,3165,3229,2944,2933,2913,2862,9177.235772,11570.967742,12677.367206,8696.437880,8581.927711,8379.187817,7891.970803,nan,nan,nan,nan,nan,nan,nan
756350,1,open_reference,3.8514,Fist,Fist,2988,3156,3231,2936,2921,2903,2858,9177.235772,11427.476038,12714.583333,8612.942192,8459.454855,8280.369128,7855.456750,nan,nan,nan,nan,nan,nan,nan
756400,1,open_reference,3.8941,Fist,Fist,2975,3155,3224,2949,2929,2915,2862,9031.250000,11411.702128,12585.074627,8749.214660,8540.823328,8399.152542,7891.970803,nan,nan,nan,nan,nan,nan,nan
756450,1,open_reference,3.9361,Fist,Fist,2990,3162,3239,2962,2920,2919,2861,9200.000000,11522.829582,12865.186916,8888.614298,8449.361702,8439.285714,7882.820097,nan,nan,nan,nan,nan,nan,nan
756500,1,open_reference,3.9999,Fist,Fist,2985,3161,3234,2951,2906,2914,2861,9143.243243,11506.852248,12770.731707,8770.454545,8309.840202,8389.161727,7882.820097,nan,nan,nan,nan,nan,nan,nan
756550,1,posture_hold,0.0213,Fist,Fist,2977,3152,3217,2954,2920,2914,2862,9053.488372,11364.581124,12457.630979,8802.453988,8449.361702,8389.161727,7891.970803,-0.015925,0.002067,-0.031679,0.027544,-0.019583,-0.014220,-0.004057
756600,1,posture_hold,0.0637,Fist,Fist,2984,3152,3226,2948,2913,2913,2862,9131.953195,11364.581124,12621.864212,8738.622493,8379.187817,8379.187817,7891.970803,-0.007396,0.002067,-0.018913,0.020092,-0.027725,-0.015392,-0.004057
756650,1,posture_hold,0.1060,Fist,Fist,2986,3150,3229,2945,2893,2916,2848,9154.553652,11333.333333,12677.367206,8706.956522,8183.194676,8409.160305,7765.196472,-0.004940,-0.000688,-0.014599,0.016396,-0.050467,-0.011870,-0.020055
756700,1,posture_hold,0.1693,Fist,Fist,2987,3134,3236,2951,2902,2928,2849,9165.884477,11088.033299,12808.381839,8770.454545,8270.578374,8530.591260,7774.157303,-0.003708,-0.022317,-0.004415,0.023808,-0.040328,0.002398,-0.018925
756750,1,posture_hold,0.2116,Fist,Fist,2994,3136,3229,2955,2900,2931,2851,9245.776567,11118.248175,12677.367206,8813.157895,8251.046025,8561.340206,7792.122186,0.004976,-0.019653,-0.014599,0.028793,-0.042594,0.006012,-0.016657
756800,1,posture_hold,0.2539,Fist,Fist,2987,3134,3240,2939,2894,2922,2843,9165.884477,11088.033299,12884.210526,8644.117647,8192.839301,8469.565217,7720.607029,-0.003708,-0.022317,0.001479,0.009061,-0.049348,-0.004772,-0.025682
756850,1,posture_hold,0.2952,Fist,Fist,2982,3125,3224,2941,2911,2928,2853,9109.433962,10953.608247,12585.074627,8664.991334,8359.290541,8530.591260,7810.144928,-0.009844,-0.034170,-0.021773,0.011497,-0.030034,0.002398,-0.014383
756900,1,posture_hold,0.3582,Fist,Fist,3002,3148,3246,2950,2910,2923,2861,9338.334858,11302.217529,12999.293286,8759.825328,8349.367089,8479.692833,7882.820097,0.015036,-0.003432,0.010424,0.022568,-0.031186,-0.003582,-0.005212
756950,1,posture_hold,0.4003,Fist,Fist,3033,3168,3234,2953,2902,2927,2864,9710.169492,11619.417476,12770.731707,8791.768827,8270.578374,8520.376712,7910.316816,0.055453,0.024537,-0.007342,0.026296,-0.040328,0.001198,-0.001742
757000,1,posture_hold,0.4421,Fist,Fist,3016,3185,3212,2947,2909,2941,2876,9503.614458,11900.000000,12367.836920,8728.048780,8339.460371,8664.991334,8021.657096,0.033002,0.049278,-0.038659,0.018858,-0.032335,0.018191,0.012309
757050,1,posture_hold,0.5045,Fist,Fist,3018,3176,3212,2951,2906,2952,2882,9527.576602,11750.163221,12367.836920,8770.454545,8309.840202,8781.102362,8078.153339,0.035606,0.036066,-0.038659,0.023808,-0.035772,0.031835,0.019439
757100,1,posture_hold,0.5462,Fist,Fist,3055,3127,3216,2955,2900,2943,2888,9987.500000,10983.264463,12439.590444,8813.157895,8251.046025,8685.937500,8135.211268,0.085598,-0.031555,-0.033081,0.028793,-0.042594,0.020653,0.026639
757150,1,posture_hold,0.5868,Fist,Fist,3074,3132,3187,2951,2901,2955,2885,10236.630754,11057.943925,11933.700441,8770.454545,8260.804020,8813.157895,8106.611570,0.112677,-0.024970,-0.072404,0.023808,-0.041462,0.035602,0.023030
757200,1,posture_hold,0.6488,Fist,Fist,3064,3158,3198,2948,2902,2947,2875,10104.364694,11459.124867,12121.739130,8738.622493,8270.578374,8728.048780,8012.295082,0.098301,0.010404,-0.057788,0.020092,-0.040328,0.025601,0.011128
757250,1,posture_hold,0.7118,Fist,Fist,3050,3159,3198,2934,2896,2930,2874,9923.444976,11475.000000,12121.739130,8592.248062,8212.176814,8551.072961,8002.948403,0.078635,0.011803,-0.057788,0.003006,-0.047104,0.004805,0.009948
757300,1,posture_hold,0.7541,Fist,Fist,3028,3145,3189,2943,2919,2947,2872,9648.734770,11255.789474,11967.549669,8685.937500,8439.285714,8728.048780,7984.300899,0.048776,-0.007525,-0.069773,0.013942,-0.020752,0.025601,0.007595
757350,1,posture_hold,0.8177,Fist,Fist,3044,3153,3204,2943,2920,2952,2871,9847.383444,11380.254777,12226.262626,8685.937500,8449.361702,8781.102362,7975.000000,0.070368,0.003449,-0.049663,0.013942,-0.019583,0.031835,0.006421
757400,1,posture_hold,0.8602,Fist,Fist,3033,3140,3204,2941,2914,2947,2883,9710.169492,11179.057592,12226.262626,8664.991334,8389.161727,8728.048780,8087.623762,0.055453,-0.014291,-0.049663,0.011497,-0.026568,0.025601,0.020634
757450,1,posture_hold,0.9027,Fist,Fist,3031,3120,3190,2947,2929,2948,2887,9685.526316,10880.000000,11984.530387,8728.048780,8540.823328,8738.622493,8125.662252,0.052775,-0.040661,-0.068453,0.018858,-0.008970,0.026843,0.025434
757500,1,posture_hold,0.9659,Fist,Fist,3040,3123,3201,2933,2926,2935,2882,9797.156398,10924.074074,12173.825503,8581.927711,8510.179641,8602.586207,8078.153339,0.064908,-0.036774,-0.053739,0.001801,-0.012526,0.010858,0.019439
757550,1,posture_hold,1.0083,Fist,Fist,3023,3129,3198,2934,2906,2918,2859,9587.873134,11013.043478,12121.739130,8592.248062,8309.840202,8429.226848,7864.563107,0.042160,-0.028930,-0.057788,0.003006,-0.035772,-0.009512,-0.007516
757600,1,posture_hold,1.0718,Fist,Fist,3013,3122,3185,2933,2914,2925,2862,9467.837338,10909.352518,11900.000000,8581.927711,8389.161727,8500.000000,7891.970803,0.029113,-0.038072,-0.075023,0.001801,-0.026568,-0.001196,-0.004057
757650,1,posture_hold,1.1131,Fist,Fist,3023,3137,3202,2935,2912,2928,2868,9587.873134,11133.402923,12191.265398,8602.586207,8369.230769,8530.591260,7947.188264,0.042160,-0.018317,-0.052383,0.004212,-0.028881,0.002398,0.002911
757700,1,posture_hold,1.1553,Fist,Fist,3020,3152,3206,2918,2899,2911,2866,9551.627907,11364.581124,12261.417323,8429.226848,8241.304348,8359.290541,7928.722539,0.038220,0.002067,-0.046930,-0.016024,-0.043725,-0.017730,0.000581
757750,1,posture_hold,1.2187,Fist,Fist,2994,3135,3198,2927,2911,2915,2859,9245.776567,11103.125000,12121.739130,8520.376712,8359.290541,8399.152542,7864.563107,0.004976,-0.020987,-0.057788,-0.005384,-0.030034,-0.013046,-0.007516
757800,1,posture_hold,1.2827,Fist,Fist,3010,3140,3197,2927,2908,2912,2856,9432.258065,11179.057592,12104.454343,8520.376712,8329.570345,8369.230769,7837.288136,0.025245,-0.014291,-0.059131,-0.005384,-0.033483,-0.016562,-0.010958
757850,1,posture_hold,1.3242,Fist,Fist,3016,3154,3182,2921,2895,2899,2847,9503.614458,11395.961743,11849.726177,8459.454855,8202.500000,8241.304348,7756.250000,0.033002,0.004834,-0.078931,-0.012496,-0.048227,-0.031595,-0.021184
757900,1,posture_hold,1.3453,Fist,Fist,2992,3156,3184,2928,2905,2908,2857,9222.846782,11427.476038,11883.205269,8530.591260,8300.000000,8329.570345,7846.365105,0.002483,0.007613,-0.076329,-0.004192,-0.036914,-0.021223,-0.009812
757950,1,posture_hold,1.4490,Fist,Fist,3009,3182,3192,2931,2904,2904,2867,9420.441989,11849.726177,12018.604651,8561.340206,8290.176322,8290.176322,7937.947883,0.023961,0.044845,-0.065804,-0.000602,-0.038054,-0.025852,0.001745
758000,1,posture_hold,1.4492,Fist,Fist,3016,3153,3203,2931,2898,2895,2864,9503.614458,11380.254777,12208.744395,8561.340206,8231.578947,8202.500000,7910.316816,0.033002,0.003449,-0.051025,-0.000602,-0.044853,-0.036154,-0.001742
758050,1,posture_hold,1.4907,Fist,Fist,3023,3151,3217,2970,2926,2922,2864,9587.873134,11348.940678,12457.630979,8976.000000,8510.179641,8469.565217,7910.316816,0.042160,0.000688,-0.031679,0.047802,-0.012526,-0.004772,-0.001742
758100,1,posture_hold,1.5530,Fist,Fist,3052,3170,3245,2952,2949,2911,2873,9948.993289,11651.891892,12980.000000,8781.102362,8749.214660,8359.290541,7993.617021,0.081412,0.027401,0.008924,0.025051,0.015210,-0.017730,0.008771
758150,1,posture_hold,1.5953,Fist,Fist,3053,3184,3248,2941,2927,2896,2891,9961.804223,11883.205269,13038.016529,8664.991334,8520.376712,8212.176814,8163.953488,0.082805,0.047797,0.013434,0.011497,-0.011343,-0.035017,0.030267
758200,1,posture_hold,1.6575,Fist,Fist,3053,3145,3234,2982,2942,2908,2899,9961.804223,11255.789474,12770.731707,9109.433962,8675.455334,8329.570345,8241.304348,0.082805,-0.007525,-0.007342,0.063379,0.006652,-0.021223,0.040028
758250,1,posture_hold,1.6986,Fist,Fist,3083,3152,3246,3046,2982,2945,2910,10357.905138,11364.581124,12999.293286,9872.640610,9109.433962,8706.956522,8349.367089,0.125859,0.002067,0.010424,0.152471,0.057008,0.023123,0.053665
758300,1,posture_hold,1.7622,Fist,Fist,3099,3154,3303,3024,3001,2940,2928,10578.915663,11395.961743,14179.545455,9600.000000,9326.691042,8654.545455,8530.591260,0.149882,0.004834,0.102164,0.120644,0.082218,0.016964,0.076535
758350,1,posture_hold,1.8048,Fist,Fist,3081,3171,3290,3089,2995,2957,2926,10330.769231,11668.181818,13895.652174,10439.960239,9257.272727,8834.622144,8510.179641,0.122910,0.028837,0.080097,0.218696,0.074163,0.038124,0.073959
758400,1,posture_hold,1.8677,Fist,Fist,3144,3212,3280,3045,3045,2960,2988,11240.378549,12367.836920,13683.435583,9860.000000,9860.000000,8866.960352,9177.235772,0.221780,0.090529,0.063602,0.150995,0.144100,0.041924,0.158140
758450,1,posture_hold,1.9101,Fist,Fist,3117,3454,3634,3146,3173,3138,2995,10836.196319,18320.748830,26801.735358,11271.232877,11700.867679,11148.589342,9257.272727,0.177847,0.615424,1.083276,0.315734,0.357704,0.310030,0.168240
758500,1,posture_hold,1.9937,Fist,Fist,3152,3449,2959,3296,3267,3312,3026,11364.581124,18152.631579,8856.161972,14025.531915,13415.217391,14381.609195,9624.321796,0.235281,0.600601,-0.311618,0.637253,0.556628,0.689930,0.214561
758550,1,posture_hold,2.0152,Fist,Fist,3287,3526,2895,3128,3181,3269,3082,13831.435644,21069.244288,8202.500000,10998.138573,11833.041575,13455.932203,10344.323791,0.503417,0.857772,-0.362427,0.283854,0.373041,0.581157,0.305423
758600,1,posture_hold,2.0572,Fist,Fist,3300,3489,2927,3203,3187,3387,3310,14113.207547,19575.247525,8520.376712,12208.744395,11933.700441,16265.254237,14336.305732,0.534044,0.726039,-0.337718,0.425173,0.384721,0.911270,0.809199
758650,1,posture_hold,2.1207,Fist,Fist,3464,3523,2935,3210,3262,3345,3150,18664.976228,20940.909091,8602.586207,12332.203390,13314.285714,15164.000000,11333.333333,1.028802,0.846456,-0.331328,0.439585,0.544916,0.781866,0.430233
758700,1,posture_hold,2.1625,Fist,Fist,3607,3157,2926,3242,3213,3344,3294,25130.737705,11443.283582,8510.179641,12922.391559,12385.714286,15139.280959,13982.022472,1.731602,0.009007,-0.338511,0.508480,0.437170,0.778961,0.764490
758750,1,posture_hold,2.2265,Fist,Fist,3581,3273,2917,3175,3253,3374,3941,23687.548638,13537.956204,8419.185059,11733.695652,13135.629454,15910.679612,nan,1.574734,0.193704,-0.345584,0.369719,0.524186,0.869606,nan
758800,1,posture_hold,2.2479,Fist,Fist,3612,3546,2885,3149,3273,3343,3711,25426.086957,21960.655738,8106.611570,11317.758985,13537.956204,15114.627660,32857.812500,1.763705,0.936372,-0.369880,0.321165,0.570870,0.776064,3.146558
758850,1,posture_hold,2.3321,Fist,Fist,3575,3745,2867,3168,3343,3200,3601,23375.000000,36380.000000,7937.947883,11619.417476,15114.627660,12156.424581,24784.210526,1.540761,2.207791,-0.382990,0.356379,0.753818,0.428457,2.127694
758900,1,posture_hold,2.3536,Fist,Fist,3505,3803,2891,3164,3319,3238,3685,20198.305085,44281.506849,8163.953488,11554.887218,14542.010309,12846.207701,30558.536585,1.195468,2.904503,-0.365423,0.348846,0.687374,0.509511,2.856396
758950,1,posture_hold,2.3950,Fist,Fist,3527,3699,2874,3176,3345,3278,3795,21112.323944,31759.090909,8002.948403,11750.163221,15164.000000,13641.615667,43010.000000,1.294818,1.800345,-0.377938,0.371641,0.759547,0.602976,4.427734
759000,1,posture_hold,2.4582,Fist,Fist,3480,3719,2883,3178,3270,3262,3640,19239.024390,33629.255319,8087.623762,11783.206107,13476.363636,13314.285714,27200.000000,1.091198,1.965245,-0.371356,0.375498,0.563723,0.564513,2.432559
759050,1,posture_hold,2.5005,Fist,Fist,3444,3605,2880,3166,3271,3274,3625,17987.096774,25014.285714,8059.259259,11587.082885,13496.844660,13558.587089,26223.404255,0.955119,1.205624,-0.373561,0.352604,0.566099,0.593220,2.309315
759100,1,posture_hold,2.5420,Fist,Fist,3416,3557,2922,3125,3246,3299,3568,17105.154639,22479.182156,8469.565217,10953.608247,12999.293286,14091.206030,23019.354839,0.859256,0.982092,-0.341668,0.278656,0.508366,0.655806,1.904974
759150,1,posture_hold,2.6242,Fist,Fist,3408,3542,2884,3111,3240,3234,3434,16866.375546,21777.215190,8097.109827,10749.390244,12884.210526,12770.731707,17663.540091,0.833302,0.920197,-0.370619,0.254817,0.495012,0.500642,1.229086
759200,1,posture_hold,2.6448,Fist,Fist,3350,3588,2883,3147,3188,3257,3521,15288.590604,24061.538462,8087.623762,11286.708861,11950.606395,13214.558473,20856.097561,0.661803,1.121616,-0.371356,0.317540,0.386682,0.552794,1.631977
759250,1,posture_hold,2.7084,Fist,Fist,3388,3600,2848,3140,3190,3297,3543,16293.069307,24727.272727,7765.196472,11179.057592,11984.530387,14047.368421,21822.826087,0.770986,1.180317,-0.396418,0.304974,0.390619,0.650655,1.753976
759300,1,posture_hold,2.7491,Fist,Fist,3399,3516,2857,3126,3260,3305,3531,16604.310345,20646.632124,7846.365105,10968.421053,13274.251497,14224.050633,21286.170213,0.804816,0.820508,-0.390109,0.280385,0.540271,0.671416,1.686251
759350,1,posture_hold,2.8122,Fist,Fist,3373,3580,2853,3088,3297,3158,3481,15883.933518,23634.951456,7810.144928,10426.216485,14047.368421,11459.124867,19275.895765,0.726515,1.084002,-0.392924,0.217092,0.629979,0.346520,1.432561
759400,1,posture_hold,2.8548,Fist,Fist,3431,3556,2855,3088,3284,3187,3579,17568.373494,22431.168831,7828.225806,10426.216485,13767.694205,11933.700441,23582.558140,0.909606,0.977859,-0.391519,0.217092,0.597527,0.402285,1.976049
759450,1,posture_hold,2.8977,Fist,Fist,3410,3385,2863,3096,3212,3172,3560,16925.547445,16209.859155,7901.136364,10536.936937,12367.836920,11684.507042,22624.299065,0.839733,0.429298,-0.385851,0.230017,0.435095,0.373004,1.855119
759500,1,posture_hold,2.9613,Fist,Fist,3394,3494,2862,3083,3253,3179,3540,16461.626248,19766.389351,7891.970803,10357.905138,13135.629454,11799.781659,21686.486486,0.789307,0.742893,-0.386564,0.209117,0.524186,0.386549,1.736770
759550,1,posture_hold,3.0040,Fist,Fist,3357,3526,2823,3118,3277,3195,3498,15465.853659,21069.244288,7545.754717,10850.767656,13620.782396,12070.000000,19921.608040,0.681071,0.857772,-0.413475,0.266651,0.580480,0.418301,1.514048
759600,1,posture_hold,3.0662,Fist,Fist,3362,3520,2813,3157,3266,3265,3519,15594.542974,20813.913043,7460.374415,11443.283582,13394.933655,13374.698795,20771.875000,0.695059,0.835258,-0.420111,0.335818,0.554274,0.571612,1.621349
759650,1,posture_hold,3.1077,Fist,Fist,3334,3617,2833,3117,3302,3195,3483,14895.663601,25727.615063,7632.488114,10836.196319,14157.377049,12070.000000,19350.000000,0.619094,1.268522,-0.406733,0.264950,0.642744,0.418301,1.441912
759700,1,posture_hold,3.1495,Fist,Fist,3333,3639,2824,3106,3288,3220,3449,14871.653543,27132.894737,7554.366640,10677.856421,13852.788104,12512.000000,18152.631579,0.616484,1.392432,-0.412806,0.246467,0.607401,0.470239,1.290808
759750,1,posture_hold,3.2131,Fist,Fist,3285,3665,2836,3067,3280,3199,3490,13788.888889,28979.069767,7658.776807,10143.774319,13683.435583,12139.062500,19613.223140,0.498792,1.555217,-0.404690,0.184121,0.587750,0.426417,1.475130
759800,1,posture_hold,3.2553,Fist,Fist,3273,3574,2827,3056,3271,3200,3511,13537.956204,23323.608445,7580.283912,10000.384986,13496.844660,12156.424581,20440.753425,0.471517,1.056549,-0.410791,0.167383,0.566099,0.428457,1.579562
759850,1,posture_hold,3.3183,Fist,Fist,3264,3528,2820,3051,3223,3208,3583,13354.512635,21155.555556,7520.000000,9936.206897,12566.743119,12296.730552,23793.359375,0.451577,0.865382,-0.415477,0.159891,0.458175,0.444944,2.002651
759900,1,posture_hold,3.3607,Fist,Fist,3290,3556,2800,3048,3247,3202,3477,13895.652174,22431.168831,7351.351351,9897.994269,13018.632075,12191.265398,19129.126214,0.510397,0.977859,-0.428586,0.155430,0.510610,0.432551,1.414039
759950,1,posture_hold,3.4034,Fist,Fist,3292,3636,2800,3041,3227,3210,3483,13938.729763,26933.333333,7351.351351,9809.677419,12640.322581,12332.203390,19350.000000,0.515079,1.374835,-0.428586,0.145121,0.466713,0.449112,1.441912
760000,1,posture_hold,3.4670,Fist,Fist,3306,3480,2819,3065,3166,3186,3456,14246.387833,19239.024390,7511.442006,10117.475728,11587.082885,11916.831683,18388.732394,0.548520,0.696393,-0.416142,0.181051,0.344501,0.400303,1.320603
760050,1,posture_hold,3.5092,Fist,Fist,3274,3544,2825,3038,3182,3158,3507,13558.587089,21868.602541,7562.992126,9772.185430,11849.726177,11459.124867,20278.571429,0.473759,0.928255,-0.412135,0.140744,0.374977,0.346520,1.559095
760100,1,posture_hold,3.5723,Fist,Fist,3302,3630,2821,3044,3178,3153,3461,14157.377049,26541.935484,7528.571429,9847.383444,11783.206107,11380.254777,18560.567823,0.538845,1.340324,-0.414811,0.149522,0.367258,0.337252,1.342288
760150,1,posture_hold,3.5933,Fist,Fist,3267,3544,2820,3028,3241,3119,3440,13415.217391,21868.602541,7520.000000,9648.734770,12903.278689,10865.368852,17856.488550,0.458176,0.928255,-0.415477,0.126333,0.497225,0.276750,1.253436
760200,1,posture_hold,3.6560,Fist,Fist,3267,3521,2838,3038,3226,3145,3368,13415.217391,20856.097561,7676.372315,9772.185430,12621.864212,11255.789474,15751.306740,0.458176,0.838978,-0.403322,0.140744,0.464571,0.322627,0.987768
760250,1,posture_hold,3.6982,Fist,Fist,3289,3498,2832,3026,3198,3156,3443,13874.193548,19921.608040,7623.752969,9624.321796,12121.739130,11427.476038,17954.294479,0.508065,0.756579,-0.407412,0.123484,0.406540,0.342801,1.265778
760300,1,posture_hold,3.7610,Fist,Fist,3260,3497,2841,3028,3187,3158,3409,13274.251497,19882.608696,7702.870813,9648.734770,11933.700441,11459.124867,16895.918367,0.442853,0.753141,-0.401262,0.126333,0.384721,0.346520,1.132215
760350,1,posture_hold,3.8448,Fist,Fist,3247,3505,2841,2996,3156,3202,3466,13018.632075,20198.305085,7702.870813,9268.789809,11427.476038,12191.265398,18735.135135,0.415069,0.780977,-0.401262,0.081981,0.325981,0.432551,1.364318
760400,1,posture_hold,3.8450,Fist,Fist,3234,3344,2856,3008,3171,3146,3564,12770.731707,15139.280959,7837.288136,9408.647654,11668.181818,11271.232877,22820.338983,0.388123,0.334900,-0.390814,0.098307,0.353911,0.324441,1.879859
760450,1,posture_hold,3.9085,Fist,Fist,3243,3227,2850,3002,3191,3169,3602,12941.549296,12640.322581,7783.132530,9338.334858,12001.548673,11635.637149,24841.379310,0.406690,0.114555,-0.395024,0.090099,0.392593,0.367261,2.134908
760500,1,posture_hold,3.9712,Fist,Fist,3230,3457,2877,2994,3190,3211,3598,12695.953757,18422.884013,8031.034483,9245.776567,11984.530387,12350.000000,24614.084507,0.379995,0.624430,-0.375755,0.079294,0.390619,0.451203,2.106224
760550,1,posture_hold,4.0130,Fist,Fist,3224,3428,2872,3020,3209,3167,3497,12585.074627,17474.062969,7984.300899,9551.627907,12314.446953,11603.232759,19882.608696,0.367943,0.540768,-0.379387,0.114998,0.428900,0.363453,1.509126
760600,1,posture_hold,4.0549,Fist,Fist,3226,3125,2848,3039,3226,3222,3469,12621.864212,10953.608247,7765.196472,9784.659091,12621.864212,12548.453608,18841.214058,0.371942,-0.034170,-0.396418,0.142200,0.464571,0.474523,1.377705
760650,1,posture_hold,4.1173,Fist,Fist,3239,3290,2859,3016,3199,3194,3365,12865.186916,13895.652174,7864.563107,9503.614458,12139.062500,12052.830189,15672.602740,0.398390,0.225243,-0.388694,0.109393,0.408550,0.416284,0.977836
760700,1,posture_hold,4.1599,Fist,Fist,3248,3545,2873,3019,3143,3214,3381,13038.016529,21914.545455,7993.617021,9539.591078,11225.000000,12403.632236,16100.000000,0.417176,0.932306,-0.378663,0.113593,0.302487,0.457505,1.031772
760750,1,posture_hold,4.2239,Fist,Fist,3243,3410,2866,2998,3198,3240,3394,12941.549296,16925.547445,7928.722539,9291.886964,12121.739130,12884.210526,16461.626248,0.406690,0.492403,-0.383707,0.084677,0.406540,0.513976,1.077408
760800,1,posture_hold,4.2652,Fist,Fist,3212,3486,2874,3006,3187,3199,3408,12367.836920,19462.068966,8002.948403,9385.123967,11933.700441,12139.062500,16866.375546,0.344330,0.716060,-0.377938,0.095561,0.384721,0.426417,1.128486
760850,1,posture_hold,4.3073,Fist,Fist,3235,3496,2886,3015,3159,3138,3484,12789.534884,19843.739566,8116.129032,9491.666667,11475.000000,11148.589342,19387.234043,0.390167,0.749713,-0.369140,0.107998,0.331495,0.310030,1.446611
760900,1,posture_hold,4.3502,Fist,Fist,3218,3475,2858,3032,3189,3172,3370,12475.712657,19056.451613,7855.456750,9697.836312,11967.549669,11684.507042,15804.137931,0.356056,0.680295,-0.389402,0.132065,0.388648,0.373004,0.994435
760950,1,posture_hold,4.4141,Fist,Fist,3211,3267,2864,3023,3192,3153,3475,12350.000000,13415.217391,7910.316816,9587.873134,12018.604651,11380.254777,19056.451613,0.342391,0.182881,-0.385138,0.119229,0.394572,0.337252,1.404867
761000,1,posture_hold,4.4565,Fist,Fist,3215,3233,2864,3007,3194,3128,3487,12421.590909,12751.972158,7910.316816,9396.875000,12052.830189,10998.138573,19499.671053,0.350173,0.124400,-0.385138,0.096933,0.398544,0.292351,1.460800
761050,1,posture_hold,4.4986,Fist,Fist,3195,3302,2843,3010,3197,3119,3512,12070.000000,14157.377049,7720.607029,9432.258065,12104.454343,10865.368852,20481.646655,0.311957,0.248321,-0.399884,0.101063,0.404534,0.276750,1.584723
761100,1,posture_hold,4.5622,Fist,Fist,3200,3332,2861,3015,3218,3091,3576,12156.424581,14847.706422,7882.820097,9491.666667,12475.712657,10467.529880,23426.589595,0.321350,0.309190,-0.387275,0.107998,0.447613,0.230001,1.956366
761150,1,posture_hold,4.6260,Fist,Fist,3237,3467,2843,3028,3161,3098,3395,12827.272727,18770.382166,7720.607029,9648.734770,11506.852248,10564.894684,16490.000000,0.394269,0.655071,-0.399884,0.126333,0.335191,0.241442,1.080989
761200,1,posture_hold,4.6471,Fist,Fist,3208,3465,2826,3029,3157,3093,3393,12296.730552,18700.000000,7571.631206,9660.975610,11443.283582,10495.209581,16433.333333,0.336601,0.648865,-0.411464,0.127762,0.327815,0.233254,1.073838
761250,1,posture_hold,4.7097,Fist,Fist,3217,3469,2823,3036,3166,3091,3347,12457.630979,18841.214058,7545.754717,9747.308782,11587.082885,10467.529880,15213.636364,0.354090,0.661316,-0.413475,0.137840,0.344501,0.230001,0.919916
761300,1,posture_hold,4.7735,Fist,Fist,3214,3434,2824,3022,3185,3069,3325,12403.632236,17663.540091,7554.366640,9575.768872,11900.000000,10170.175439,14681.818182,0.348221,0.557475,-0.412806,0.117816,0.380810,0.195060,0.852802
761350,1,posture_hold,4.7947,Fist,Fist,3232,3449,2832,3034,3211,3113,3333,12733.256083,18152.631579,7623.752969,9722.525919,12350.000000,10778.207739,14871.653543,0.384050,0.600601,-0.407412,0.134947,0.433026,0.266508,0.876758
761400,1,posture_hold,4.8789,Fist,Fist,3243,3492,2842,3003,3190,3113,3312,12941.549296,19689.552239,7711.731844,9350.000000,11984.530387,10778.207739,14381.609195,0.406690,0.736118,-0.400574,0.091461,0.390619,0.266508,0.814916
761450,1,posture_hold,4.9002,Fist,Fist,3256,3499,2829,3021,3219,3143,3385,13194.755662,19960.738255,7597.630332,9563.687151,12493.835616,11225.000000,16209.859155,0.434213,0.760030,-0.409443,0.116405,0.449716,0.319009,1.045636
761500,1,posture_hold,4.9420,Fist,Fist,3248,3442,2828,3015,3176,3059,3358,13038.016529,17921.592649,7588.950276,9491.666667,11750.163221,10039.189189,15491.451832,0.417176,0.580229,-0.410117,0.107998,0.363424,0.179668,0.954975
773850,2,open_reference,0.0212,IndexPoint,IndexPoint,3133,3354,3469,3125,3144,3155,3181,11072.972973,15389.473684,18841.214058,10953.608247,11240.378549,11411.702128,11833.041575,nan,nan,nan,nan,nan,nan,nan
773900,2,open_reference,0.0426,IndexPoint,IndexPoint,3130,3353,3486,3122,3146,3146,3194,11027.979275,15364.150943,19462.068966,10909.352518,11271.232877,11271.232877,12052.830189,nan,nan,nan,nan,nan,nan,nan
773950,2,open_reference,0.0846,IndexPoint,IndexPoint,3114,3346,3500,3107,3165,3153,3206,10792.660550,15188.785047,20000.000000,10692.105263,11570.967742,11380.254777,12261.417323,nan,nan,nan,nan,nan,nan,nan
774000,2,open_reference,0.1473,IndexPoint,IndexPoint,3116,3374,3470,3103,3133,3142,3213,10821.654750,15910.679612,18876.800000,10635.282258,11072.972973,11209.653725,12385.714286,nan,nan,nan,nan,nan,nan,nan
774050,2,open_reference,0.2104,IndexPoint,IndexPoint,3121,3374,3478,3123,3139,3137,3208,10894.661191,15910.679612,19165.640194,10924.074074,11163.807531,11133.402923,12296.730552,nan,nan,nan,nan,nan,nan,nan
774100,2,open_reference,0.2310,IndexPoint,IndexPoint,3115,3379,3445,3095,3157,3138,3210,10807.142857,16045.530726,18020.000000,10523.000000,11443.283582,11148.589342,12332.203390,nan,nan,nan,nan,nan,nan,nan
774150,2,open_reference,0.2933,IndexPoint,IndexPoint,3135,3396,3470,3112,3134,3135,3177,11103.125000,16518.454936,18876.800000,10763.784334,11088.033299,11103.125000,11766.666667,nan,nan,nan,nan,nan,nan,nan
774200,2,open_reference,0.3348,IndexPoint,IndexPoint,3126,3404,3455,3084,3122,3126,3153,10968.421053,16749.059334,18354.687500,10371.513353,10909.352518,10968.421053,11380.254777,nan,nan,nan,nan,nan,nan,nan
774250,2,open_reference,0.4177,IndexPoint,IndexPoint,3113,3408,3424,3081,3131,3130,3184,10778.207739,16866.375546,17349.627422,10330.769231,11042.946058,11027.979275,11883.205269,nan,nan,nan,nan,nan,nan,nan
774300,2,open_reference,0.4586,IndexPoint,IndexPoint,3131,3402,3412,3087,3119,3127,3174,11042.946058,16690.909091,16985.065886,10412.500000,10865.368852,10983.264463,11717.263844,nan,nan,nan,nan,nan,nan,nan
774350,2,open_reference,0.5008,IndexPoint,IndexPoint,3141,3409,3418,3115,3091,3111,3165,11194.339623,16895.918367,17165.731167,10807.142857,10467.529880,10749.390244,11570.967742,nan,nan,nan,nan,nan,nan,nan
774400,2,open_reference,0.5420,IndexPoint,IndexPoint,3131,3403,3434,3102,3118,3117,3142,11042.946058,16719.942197,17663.540091,10621.148036,10850.767656,10836.196319,11209.653725,nan,nan,nan,nan,nan,nan,nan
774450,2,open_reference,0.6043,IndexPoint,IndexPoint,3132,3417,3440,3101,3126,3111,3132,11057.943925,17135.398230,17856.488550,10607.042254,10968.421053,10749.390244,11057.943925,nan,nan,nan,nan,nan,nan,nan
774500,2,open_reference,0.6466,IndexPoint,IndexPoint,3123,3392,3439,3098,3142,3099,3134,10924.074074,16405.120910,17824.085366,10564.894684,11209.653725,10578.915663,11088.033299,nan,nan,nan,nan,nan,nan,nan
774550,2,open_reference,0.6887,IndexPoint,IndexPoint,3123,3380,3478,3100,3184,3101,3144,10924.074074,16072.727273,19165.640194,10592.964824,11883.205269,10607.042254,11240.378549,nan,nan,nan,nan,nan,nan,nan
774600,2,open_reference,0.7727,IndexPoint,IndexPoint,3121,3392,3502,3109,3181,3120,3132,10894.661191,16405.120910,20078.920742,10720.689655,11833.041575,10880.000000,11057.943925,nan,nan,nan,nan,nan,nan,nan
774650,2,open_reference,0.7940,IndexPoint,IndexPoint,3120,3409,3494,3110,3136,3096,3120,10880.000000,16895.918367,19766.389351,10735.025381,11118.248175,10536.936937,10880.000000,nan,nan,nan,nan,nan,nan,nan
774700,2,open_reference,0.8577,IndexPoint,IndexPoint,3116,3406,3471,3099,3161,3110,3145,10821.654750,16807.547170,18912.500000,10578.915663,11506.852248,10735.025381,11255.789474,nan,nan,nan,nan,nan,nan,nan
774750,2,open_reference,0.9001,IndexPoint,IndexPoint,3148,3411,3500,3112,3165,3107,3156,11302.217529,16955.263158,20000.000000,10763.784334,11570.967742,10692.105263,11427.476038,nan,nan,nan,nan,nan,nan,nan
774800,2,open_reference,0.9427,IndexPoint,IndexPoint,3129,3393,3438,3113,3156,3100,3154,11013.043478,16433.333333,17791.780822,10778.207739,11427.476038,10592.964824,11395.961743,nan,nan,nan,nan,nan,nan,nan
774850,2,open_reference,1.0268,IndexPoint,IndexPoint,3118,3390,3428,3136,3145,3114,3135,10850.767656,16348.936170,17474.062969,11118.248175,11255.789474,10792.660550,11103.125000,nan,nan,nan,nan,nan,nan,nan
774900,2,open_reference,1.0473,IndexPoint,IndexPoint,3120,3412,3488,3137,3160,3114,3150,10880.000000,16985.065886,19537.397035,11133.402923,11490.909091,10792.660550,11333.333333,nan,nan,nan,nan,nan,nan,nan
774950,2,open_reference,1.1104,IndexPoint,IndexPoint,3118,3429,3473,3131,3165,3108,3145,10850.767656,17505.405405,18984.244373,11042.946058,11570.967742,10706.382979,11255.789474,nan,nan,nan,nan,nan,nan,nan
775000,2,open_reference,1.1311,IndexPoint,IndexPoint,3107,3434,3464,3134,3173,3129,3148,10692.105263,17663.540091,18664.976228,11088.033299,11700.867679,11013.043478,11302.217529,nan,nan,nan,nan,nan,nan,nan
775050,2,open_reference,1.2144,IndexPoint,IndexPoint,3104,3432,3516,3134,3175,3123,3189,10649.445005,17600.000000,20646.632124,11088.033299,11733.695652,10924.074074,11967.549669,nan,nan,nan,nan,nan,nan,nan
775100,2,open_reference,1.2350,IndexPoint,IndexPoint,3106,3434,3497,3108,3134,3119,3164,10677.856421,17663.540091,19882.608696,10706.382979,11088.033299,10865.368852,11554.887218,nan,nan,nan,nan,nan,nan,nan
775150,2,open_reference,1.2976,IndexPoint,IndexPoint,3115,3406,3485,3103,3129,3125,3189,10807.142857,16807.547170,19424.590164,10635.282258,11013.043478,10953.608247,11967.549669,nan,nan,nan,nan,nan,nan,nan
775200,2,open_reference,1.3396,IndexPoint,IndexPoint,3130,3456,3492,3094,3129,3118,3171,11027.979275,18388.732394,19689.552239,10509.090909,11013.043478,10850.767656,11668.181818,nan,nan,nan,nan,nan,nan,nan
775250,2,open_reference,1.4026,IndexPoint,IndexPoint,3134,3457,3502,3101,3124,3095,3154,11088.033299,18422.884013,20078.920742,10607.042254,10938.825953,10523.000000,11395.961743,nan,nan,nan,nan,nan,nan,nan
775300,2,open_reference,1.4445,IndexPoint,IndexPoint,3134,3465,3482,3107,3138,3107,3165,11088.033299,18700.000000,19312.887439,10692.105263,11148.589342,10692.105263,11570.967742,nan,nan,nan,nan,nan,nan,nan
775350,2,open_reference,1.5078,IndexPoint,IndexPoint,3152,3456,3523,3103,3127,3109,3165,11364.581124,18388.732394,20940.909091,10635.282258,10983.264463,10720.689655,11570.967742,nan,nan,nan,nan,nan,nan,nan
775400,2,open_reference,1.5704,IndexPoint,IndexPoint,3135,3440,3511,3117,3110,3108,3125,11103.125000,17856.488550,20440.753425,10836.196319,10735.025381,10706.382979,10953.608247,nan,nan,nan,nan,nan,nan,nan
775450,2,open_reference,1.6132,IndexPoint,IndexPoint,3144,3420,3472,3121,3121,3120,3200,11240.378549,17226.666667,18948.314607,10894.661191,10894.661191,10880.000000,12156.424581,nan,nan,nan,nan,nan,nan,nan
775500,2,open_reference,1.6558,IndexPoint,IndexPoint,3146,3424,3500,3163,3132,3121,3208,11271.232877,17349.627422,20000.000000,11538.841202,11057.943925,10894.661191,12296.730552,nan,nan,nan,nan,nan,nan,nan
775550,2,open_reference,1.6984,IndexPoint,IndexPoint,3180,3440,3476,3169,3210,3219,3199,11816.393443,17856.488550,19092.730210,11635.637149,12332.203390,12493.835616,12139.062500,nan,nan,nan,nan,nan,nan,nan
775600,2,open_reference,1.7403,IndexPoint,IndexPoint,3246,3451,3483,3161,3296,3274,3242,12999.293286,18219.565217,19350.000000,11506.852248,14025.531915,13558.587089,12922.391559,nan,nan,nan,nan,nan,nan,nan
775650,2,open_reference,1.8042,IndexPoint,IndexPoint,3279,3465,3524,3174,3296,3291,3230,13662.500000,18700.000000,20983.537653,11717.263844,14025.531915,13917.164179,12695.953757,nan,nan,nan,nan,nan,nan,nan
775700,2,open_reference,1.8470,IndexPoint,IndexPoint,3322,3482,3432,3183,3273,3355,3289,14611.642950,19312.887439,17600.000000,11866.447368,13537.956204,15414.864865,13874.193548,nan,nan,nan,nan,nan,nan,nan
775750,2,open_reference,1.8889,IndexPoint,IndexPoint,3266,3367,3473,3290,3299,3383,3211,13394.933655,15725.000000,18984.244373,13895.652174,14091.206030,16154.775281,12350.000000,nan,nan,nan,nan,nan,nan,nan
775800,2,open_reference,1.9519,IndexPoint,IndexPoint,3334,3473,3442,3341,3379,3357,3268,14895.663601,18984.244373,17921.592649,15065.517241,16045.530726,15465.853659,13435.550181,nan,nan,nan,nan,nan,nan,nan
775850,2,open_reference,1.9946,IndexPoint,IndexPoint,3341,3381,3404,3308,3354,3539,3223,15065.517241,16100.000000,16749.059334,14291.232529,15389.473684,21641.366906,12566.743119,nan,nan,nan,nan,nan,nan,nan
775900,2,open_reference,2.0577,IndexPoint,IndexPoint,3281,3445,3500,3271,3465,3449,3226,13704.422604,18020.000000,20000.000000,13496.844660,18700.000000,18152.631579,12621.864212,nan,nan,nan,nan,nan,nan,nan
775950,2,open_reference,2.1211,IndexPoint,IndexPoint,3207,3421,3488,3275,3452,3416,3185,12279.054054,17257.270030,19537.397035,13579.268293,18253.188180,17105.154639,11900.000000,nan,nan,nan,nan,nan,nan,nan
776000,2,open_reference,2.1425,IndexPoint,IndexPoint,3321,3532,3662,3293,3363,3451,3208,14588.372093,21330.017762,28754.734411,13960.349127,15620.491803,18219.565217,12296.730552,nan,nan,nan,nan,nan,nan,nan
776050,2,open_reference,2.1846,IndexPoint,IndexPoint,3332,3536,3625,3248,3346,3406,3151,14847.706422,21506.976744,26223.404255,13038.016529,15188.785047,16807.547170,11348.940678,nan,nan,nan,nan,nan,nan,nan
776100,2,open_reference,2.2479,IndexPoint,IndexPoint,3306,3455,3647,3227,3313,3347,3158,14246.387833,18354.687500,27678.125000,12640.322581,14404.347826,15213.636364,11459.124867,nan,nan,nan,nan,nan,nan,nan
776150,2,open_reference,2.3119,IndexPoint,IndexPoint,3197,3515,3545,3181,3374,3346,3136,12104.454343,20605.172414,21914.545455,11833.041575,15910.679612,15188.785047,11118.248175,nan,nan,nan,nan,nan,nan,nan
776200,2,open_reference,2.3328,IndexPoint,IndexPoint,3258,3470,3610,3182,3375,3320,3135,13234.408602,18876.800000,25307.216495,11849.726177,15937.500000,14565.161290,11103.125000,nan,nan,nan,nan,nan,nan,nan
776250,2,open_reference,2.3960,IndexPoint,IndexPoint,3238,3444,3596,3150,3404,3320,3130,12846.207701,17987.096774,24501.803607,11333.333333,16749.059334,14565.161290,11027.979275,nan,nan,nan,nan,nan,nan,nan
776300,2,open_reference,2.4382,IndexPoint,IndexPoint,3258,3440,3543,3169,3364,3302,3072,13234.408602,17856.488550,21822.826087,11635.637149,15646.511628,14157.377049,10209.970674,nan,nan,nan,nan,nan,nan,nan
776350,2,open_reference,2.4789,IndexPoint,IndexPoint,3241,3439,3522,3175,3357,3306,3099,12903.278689,17824.085366,20898.429319,11733.695652,15465.853659,14246.387833,10578.915663,nan,nan,nan,nan,nan,nan,nan
776400,2,open_reference,2.5413,IndexPoint,IndexPoint,3231,3439,3589,3193,3354,3303,3110,12714.583333,17824.085366,24115.810277,12035.698448,15389.473684,14179.545455,10735.025381,nan,nan,nan,nan,nan,nan,nan
776450,2,open_reference,2.5828,IndexPoint,IndexPoint,3240,3456,3502,3168,3361,3302,3126,12884.210526,18388.732394,20078.920742,11619.417476,15568.664850,14157.377049,10968.421053,nan,nan,nan,nan,nan,nan,nan
776500,2,open_reference,2.6456,IndexPoint,IndexPoint,3205,3439,3524,3188,3317,3326,3112,12243.820225,17824.085366,20983.537653,11950.606395,14495.886889,14705.331599,10763.784334,nan,nan,nan,nan,nan,nan,nan
776550,2,open_reference,2.6880,IndexPoint,IndexPoint,3216,3444,3561,3184,3298,3313,3077,12439.590444,17987.096774,22673.033708,11883.205269,14069.259724,14404.347826,10276.817289,nan,nan,nan,nan,nan,nan,nan
776600,2,open_reference,2.7519,IndexPoint,IndexPoint,3192,3438,3636,3182,3278,3300,3084,12018.604651,17791.780822,26933.333333,11849.726177,13641.615667,14113.207547,10371.513353,nan,nan,nan,nan,nan,nan,nan
776650,2,open_reference,2.7945,IndexPoint,IndexPoint,3194,3436,3612,3158,3275,3269,3094,12052.830189,17727.465857,25426.086957,11459.124867,13579.268293,13455.932203,10509.090909,nan,nan,nan,nan,nan,nan,nan
776700,2,open_reference,2.8588,IndexPoint,IndexPoint,3176,3380,3561,3149,3278,3279,3102,11750.163221,16072.727273,22673.033708,11317.758985,13641.615667,13662.500000,10621.148036,nan,nan,nan,nan,nan,nan,nan
776750,2,open_reference,2.9002,IndexPoint,IndexPoint,3175,3395,3536,3122,3270,3291,3076,11733.695652,16490.000000,21506.976744,10909.352518,13476.363636,13917.164179,10263.395486,nan,nan,nan,nan,nan,nan,nan
776800,2,open_reference,2.9636,IndexPoint,IndexPoint,3200,3451,3588,3120,3273,3267,3100,12156.424581,18219.565217,24061.538462,10880.000000,13537.956204,13415.217391,10592.964824,nan,nan,nan,nan,nan,nan,nan
776850,2,open_reference,3.0062,IndexPoint,IndexPoint,3227,3455,3578,3117,3311,3280,3090,12640.322581,18354.687500,23530.367505,10836.196319,14358.928571,13683.435583,10453.731343,nan,nan,nan,nan,nan,nan,nan
776900,2,open_reference,3.0487,IndexPoint,IndexPoint,3237,3456,3580,3110,3296,3262,3129,12827.272727,18388.732394,23634.951456,10735.025381,14025.531915,13314.285714,11013.043478,nan,nan,nan,nan,nan,nan,nan
776950,2,open_reference,3.0911,IndexPoint,IndexPoint,3228,3409,3544,3127,3304,3279,3124,12658.823529,16895.918367,21868.602541,10983.264463,14201.769912,13662.500000,10938.825953,nan,nan,nan,nan,nan,nan,nan
777000,2,open_reference,3.1541,IndexPoint,IndexPoint,3185,3426,3536,3120,3283,3239,3108,11900.000000,17411.659193,21506.976744,10880.000000,13746.551724,12865.186916,10706.382979,nan,nan,nan,nan,nan,nan,nan
777050,2,open_reference,3.2179,IndexPoint,IndexPoint,3151,3376,3579,3116,3261,3209,3107,11348.940678,15964.394993,23582.558140,10821.654750,13294.244604,12314.446953,10692.105263,nan,nan,nan,nan,nan,nan,nan
777100,2,open_reference,3.2393,IndexPoint,IndexPoint,3144,3365,3538,3121,3240,3209,3099,11240.378549,15672.602740,21596.409336,10894.661191,12884.210526,12314.446953,10578.915663,nan,nan,nan,nan,nan,nan,nan
777150,2,open_reference,3.3240,IndexPoint,IndexPoint,3148,3357,3536,3119,3238,3197,3095,11302.217529,15465.853659,21506.976744,10865.368852,12846.207701,12104.454343,10523.000000,nan,nan,nan,nan,nan,nan,nan
777200,2,open_reference,3.3667,IndexPoint,IndexPoint,3166,3354,3525,3113,3226,3204,3095,11587.082885,15389.473684,21026.315789,10778.207739,12621.864212,12226.262626,10523.000000,nan,nan,nan,nan,nan,nan,nan
777250,2,open_reference,3.4088,IndexPoint,IndexPoint,3152,3348,3517,3099,3231,3224,3120,11364.581124,15238.554217,20688.235294,10578.915663,12714.583333,12585.074627,10880.000000,nan,nan,nan,nan,nan,nan,nan
777300,2,open_reference,3.4716,IndexPoint,IndexPoint,3135,3369,3539,3109,3230,3235,3118,11103.125000,15777.685950,21641.366906,10720.689655,12695.953757,12789.534884,10850.767656,nan,nan,nan,nan,nan,nan,nan
777350,2,open_reference,3.4931,IndexPoint,IndexPoint,3145,3358,3501,3093,3223,3241,3089,11255.789474,15491.451832,20039.393939,10495.209581,12566.743119,12903.278689,10439.960239,nan,nan,nan,nan,nan,nan,nan
777400,2,open_reference,3.5567,IndexPoint,IndexPoint,3146,3375,3494,3080,3240,3266,3088,11271.232877,15937.500000,19766.389351,10317.241379,12884.210526,13394.933655,10426.216485,nan,nan,nan,nan,nan,nan,nan
777450,2,open_reference,3.5991,IndexPoint,IndexPoint,3157,3403,3517,3107,3237,3231,3082,11443.283582,16719.942197,20688.235294,10692.105263,12827.272727,12714.583333,10344.323791,nan,nan,nan,nan,nan,nan,nan
777500,2,open_reference,3.6627,IndexPoint,IndexPoint,3159,3396,3558,3123,3205,3224,3074,11475.000000,16518.454936,22527.374302,10924.074074,12243.820225,12585.074627,10236.630754,nan,nan,nan,nan,nan,nan,nan
777550,2,open_reference,3.6840,IndexPoint,IndexPoint,3143,3388,3508,3121,3215,3247,3088,11225.000000,16293.069307,20318.909710,10894.661191,12421.590909,13018.632075,10426.216485,nan,nan,nan,nan,nan,nan,nan
777600,2,open_reference,3.7477,IndexPoint,IndexPoint,3146,3391,3524,3116,3197,3243,3087,11271.232877,16376.988636,20983.537653,10821.654750,12104.454343,12941.549296,10412.500000,nan,nan,nan,nan,nan,nan,nan
777650,2,open_reference,3.7898,IndexPoint,IndexPoint,3132,3379,3532,3111,3194,3219,3088,11057.943925,16045.530726,21330.017762,10749.390244,12052.830189,12493.835616,10426.216485,nan,nan,nan,nan,nan,nan,nan
777700,2,open_reference,3.8315,IndexPoint,IndexPoint,3125,3351,3501,3104,3211,3231,3094,10953.608247,15313.709677,20039.393939,10649.445005,12350.000000,12714.583333,10509.090909,nan,nan,nan,nan,nan,nan,nan
777750,2,open_reference,3.9145,IndexPoint,IndexPoint,3137,3366,3514,3095,3211,3231,3126,11133.402923,15698.765432,20563.855422,10523.000000,12350.000000,12714.583333,10968.421053,nan,nan,nan,nan,nan,nan,nan
777800,2,open_reference,3.9350,IndexPoint,IndexPoint,3160,3379,3520,3082,3243,3227,3109,11490.909091,16045.530726,20813.913043,10344.323791,12941.549296,12640.322581,10720.689655,nan,nan,nan,nan,nan,nan,nan
777850,2,open_reference,3.9971,IndexPoint,IndexPoint,3155,3390,3492,3098,3244,3224,3108,11411.702128,16348.936170,19689.552239,10564.894684,12960.752056,12585.074627,10706.382979,nan,nan,nan,nan,nan,nan,nan
777900,2,posture_hold,0.0212,IndexPoint,IndexPoint,3154,3383,3536,3098,3222,3218,3094,11395.961743,16154.775281,21506.976744,10564.894684,12548.453608,12475.712657,10509.090909,-0.047105,-0.053981,-0.002075,-0.030922,-0.078027,-0.071442,-0.013845
777950,2,posture_hold,0.0841,IndexPoint,IndexPoint,3154,3358,3533,3069,3228,3206,3091,11395.961743,15491.451832,21374.021352,10170.175439,12658.823529,12261.417323,10467.529880,-0.047105,-0.092825,-0.008244,-0.067128,-0.069918,-0.087392,-0.017745
778000,2,posture_hold,0.1263,IndexPoint,IndexPoint,3144,3343,3511,3068,3216,3201,3110,11240.378549,15114.627660,20440.753425,10156.962025,12439.590444,12173.825503,10735.025381,-0.060114,-0.114892,-0.051548,-0.068340,-0.086026,-0.093911,0.007357
778050,2,posture_hold,0.1895,IndexPoint,IndexPoint,3148,3345,3530,3063,3221,3213,3096,11302.217529,15164.000000,21242.477876,10091.279070,12530.205950,12385.714286,10536.936937,-0.054943,-0.112001,-0.014348,-0.074365,-0.079368,-0.078140,-0.011231
778100,2,posture_hold,0.2107,IndexPoint,IndexPoint,3143,3333,3568,3065,3205,3208,3098,11225.000000,14871.653543,23019.354839,10117.475728,12243.820225,12296.730552,10564.894684,-0.061400,-0.129121,0.068100,-0.071962,-0.100410,-0.084763,-0.008608
778150,2,posture_hold,0.2948,IndexPoint,IndexPoint,3134,3290,3480,3077,3203,3208,3070,11088.033299,13895.652174,19239.024390,10276.817289,12208.744395,12296.730552,10183.414634,-0.072853,-0.186275,-0.107308,-0.057346,-0.102987,-0.084763,-0.044405
778200,2,posture_hold,0.3160,IndexPoint,IndexPoint,3140,3310,3544,3088,3201,3189,3087,11179.057592,14336.305732,21868.602541,10426.216485,12173.825503,11967.549669,10412.500000,-0.065242,-0.160470,0.014705,-0.043642,-0.105553,-0.109264,-0.022908
778250,2,posture_hold,0.3582,IndexPoint,IndexPoint,3138,3306,3576,3088,3183,3174,3069,11148.589342,14246.387833,23426.589595,10426.216485,11866.447368,11717.263844,10170.175439,-0.067789,-0.165736,0.086995,-0.043642,-0.128137,-0.127893,-0.045648
778300,2,posture_hold,0.4213,IndexPoint,IndexPoint,3127,3316,3480,3080,3196,3186,3094,10983.264463,14472.913992,19239.024390,10317.241379,12087.208009,11916.831683,10509.090909,-0.081613,-0.152471,-0.107308,-0.053638,-0.111917,-0.113039,-0.013845
778350,2,posture_hold,0.4631,IndexPoint,IndexPoint,3116,3331,3519,3078,3194,3188,3093,10821.654750,14823.821990,20771.875000,10290.265487,12052.830189,11950.606395,10495.209581,-0.095127,-0.131922,-0.036184,-0.056113,-0.114442,-0.110525,-0.015147
778400,2,posture_hold,0.5051,IndexPoint,IndexPoint,3110,3335,3482,3077,3199,3184,3090,10735.025381,14919.736842,19312.887439,10276.817289,12139.062500,11883.205269,10453.731343,-0.102370,-0.126305,-0.103881,-0.057346,-0.108107,-0.115542,-0.019039
778450,2,posture_hold,0.5882,IndexPoint,IndexPoint,3111,3329,3483,3058,3220,3217,3090,10749.390244,14776.240209,19350.000000,10026.229508,12512.000000,12457.630979,10453.731343,-0.101169,-0.134708,-0.102159,-0.080332,-0.080706,-0.072788,-0.019039
778500,2,posture_hold,0.6091,IndexPoint,IndexPoint,3119,3367,3483,3066,3202,3183,3084,10865.368852,15725.000000,19350.000000,10130.612245,12191.265398,11866.447368,10371.513353,-0.091471,-0.079149,-0.102159,-0.070757,-0.104271,-0.116789,-0.026755
778550,2,posture_hold,0.6505,IndexPoint,IndexPoint,3135,3369,3457,3056,3201,3159,3088,11103.125000,15777.685950,18422.884013,10000.384986,12173.825503,11475.000000,10426.216485,-0.071591,-0.076064,-0.145177,-0.082702,-0.105553,-0.145924,-0.021621
778600,2,posture_hold,0.7127,IndexPoint,IndexPoint,3121,3359,3467,3057,3191,3175,3091,10894.661191,15517.119565,18770.382166,10013.294798,12001.548673,11733.695652,10467.529880,-0.089022,-0.091322,-0.129053,-0.081518,-0.118210,-0.126670,-0.017745
778650,2,posture_hold,0.7541,IndexPoint,IndexPoint,3132,3377,3460,3060,3180,3152,3089,11057.943925,15991.364903,18525.984252,10052.173913,11816.393443,11364.581124,10439.960239,-0.075369,-0.063551,-0.140393,-0.077952,-0.131814,-0.154143,-0.020332
778700,2,posture_hold,0.8381,IndexPoint,IndexPoint,3123,3373,3486,3061,3175,3125,3090,10924.074074,15883.933518,19462.068966,10065.183752,11733.695652,10953.608247,10453.731343,-0.086563,-0.069842,-0.096959,-0.076759,-0.137890,-0.184731,-0.019039
778750,2,posture_hold,0.8586,IndexPoint,IndexPoint,3108,3355,3508,3058,3171,3129,3086,10706.382979,15414.864865,20318.909710,10026.229508,11668.181818,11013.043478,10398.810704,-0.104765,-0.097310,-0.057201,-0.080332,-0.142704,-0.180307,-0.024193
778800,2,posture_hold,0.9222,IndexPoint,IndexPoint,3121,3342,3515,3058,3175,3129,3075,10894.661191,15090.039841,20605.172414,10026.229508,11733.695652,11013.043478,10250.000000,-0.089022,-0.116332,-0.043919,-0.080332,-0.137890,-0.180307,-0.038157
778850,2,posture_hold,0.9645,IndexPoint,IndexPoint,3120,3316,3502,3048,3183,3134,3063,10880.000000,14472.913992,20078.920742,9897.994269,11866.447368,11088.033299,10091.279070,-0.090248,-0.152471,-0.068337,-0.092094,-0.128137,-0.174726,-0.053051
778900,2,posture_hold,1.0274,IndexPoint,IndexPoint,3118,3292,3521,3050,3197,3151,3060,10850.767656,13938.729763,20856.097561,9923.444976,12104.454343,11348.940678,10052.173913,-0.092692,-0.183752,-0.032276,-0.089760,-0.110649,-0.155307,-0.056721
778950,2,posture_hold,1.0698,IndexPoint,IndexPoint,3120,3306,3508,3055,3191,3136,3063,10880.000000,14246.387833,20318.909710,9987.500000,12001.548673,11118.248175,10091.279070,-0.090248,-0.165736,-0.057201,-0.083884,-0.118210,-0.172477,-0.053051
779000,2,posture_hold,1.1125,IndexPoint,IndexPoint,3115,3319,3494,3040,3172,3131,3054,10807.142857,14542.010309,19766.389351,9797.156398,11684.507042,11042.946058,9974.639769,-0.096340,-0.148424,-0.082838,-0.101344,-0.141504,-0.178082,-0.063997
779050,2,posture_hold,1.1765,IndexPoint,IndexPoint,3111,3327,3493,3033,3168,3146,3050,10749.390244,14728.906250,19727.906977,9710.169492,11619.417476,11271.232877,9923.444976,-0.101169,-0.137480,-0.084624,-0.109323,-0.146287,-0.161090,-0.068801
779100,2,posture_hold,1.2402,IndexPoint,IndexPoint,3100,3328,3488,3054,3174,3143,3044,10592.964824,14752.542373,19537.397035,9974.639769,11717.263844,11225.000000,9847.383444,-0.114249,-0.136096,-0.093463,-0.085064,-0.139097,-0.164531,-0.075938
779150,2,posture_hold,1.2829,IndexPoint,IndexPoint,3109,3323,3472,3030,3170,3135,3033,10720.689655,14634.974093,18948.314607,9673.239437,11651.891892,11103.125000,9710.169492,-0.103569,-0.142981,-0.120797,-0.112710,-0.143901,-0.173603,-0.088814
779200,2,posture_hold,1.3249,IndexPoint,IndexPoint,3103,3325,3503,3032,3171,3151,3047,10635.282258,14681.818182,20118.581081,9697.836312,11668.181818,11348.940678,9885.305344,-0.110710,-0.140237,-0.066496,-0.110454,-0.142704,-0.155307,-0.072379
779250,2,posture_hold,1.3887,IndexPoint,IndexPoint,3108,3331,3492,3051,3179,3151,3033,10706.382979,14823.821990,19689.552239,9936.206897,11799.781659,11348.940678,9710.169492,-0.104765,-0.131922,-0.086403,-0.088589,-0.133035,-0.155307,-0.088814
779300,2,posture_hold,1.4313,IndexPoint,IndexPoint,3104,3330,3471,3039,3167,3137,3026,10649.445005,14800.000000,18912.500000,9784.659091,11603.232759,11133.402923,9624.321796,-0.109526,-0.133317,-0.122459,-0.102490,-0.147476,-0.171349,-0.096870
779350,2,posture_hold,1.4526,IndexPoint,IndexPoint,3104,3328,3476,3054,3184,3151,3042,10649.445005,14752.542373,19092.730210,9974.639769,11883.205269,11348.940678,9822.222222,-0.109526,-0.136096,-0.114096,-0.085064,-0.126905,-0.155307,-0.078299
779400,2,posture_hold,1.5161,IndexPoint,IndexPoint,3118,3348,3456,3056,3167,3151,3040,10850.767656,15238.554217,18388.732394,10000.384986,11603.232759,11348.940678,9797.156398,-0.092692,-0.107635,-0.146762,-0.082702,-0.147476,-0.155307,-0.080651
779450,2,posture_hold,1.5579,IndexPoint,IndexPoint,3119,3331,3461,3070,3162,3152,3023,10865.368852,14823.821990,18560.567823,10183.414634,11522.829582,11364.581124,9587.873134,-0.091471,-0.131922,-0.138788,-0.065914,-0.153383,-0.154143,-0.100290
779500,2,posture_hold,1.6216,IndexPoint,IndexPoint,3123,3361,3414,3098,3187,3168,3029,10924.074074,15568.664850,17044.933921,10564.894684,11933.700441,11619.417476,9660.975610,-0.086563,-0.088304,-0.209114,-0.030922,-0.123195,-0.135175,-0.093430
779550,2,posture_hold,1.6846,IndexPoint,IndexPoint,3132,3386,3469,3105,3198,3177,3008,11057.943925,16237.517630,18841.214058,10663.636364,12121.739130,11766.666667,9408.647654,-0.075369,-0.049136,-0.125766,-0.021865,-0.109379,-0.124216,-0.117108
779600,2,posture_hold,1.7273,IndexPoint,IndexPoint,3120,3382,3471,3110,3187,3185,2999,10880.000000,16127.349229,18912.500000,10735.025381,11933.700441,11900.000000,9303.467153,-0.090248,-0.055587,-0.122459,-0.015317,-0.123195,-0.114292,-0.126978
779650,2,posture_hold,1.7896,IndexPoint,IndexPoint,3099,3379,3480,3115,3168,3184,3013,10578.915663,16045.530726,19239.024390,10807.142857,11619.417476,11883.205269,9467.837338,-0.115424,-0.060379,-0.107308,-0.008702,-0.146287,-0.115542,-0.111554
779700,2,posture_hold,1.8108,IndexPoint,IndexPoint,3099,3379,3482,3094,3165,3151,3039,10578.915663,16045.530726,19312.887439,10509.090909,11570.967742,11348.940678,9784.659091,-0.115424,-0.060379,-0.103881,-0.036041,-0.149846,-0.155307,-0.081824
779750,2,posture_hold,1.8740,IndexPoint,IndexPoint,3119,3381,3474,3103,3171,3155,3040,10865.368852,16100.000000,19020.289855,10635.282258,11668.181818,11411.702128,9797.156398,-0.091471,-0.057189,-0.117457,-0.024466,-0.142704,-0.150635,-0.080651
779800,2,posture_hold,1.9156,IndexPoint,IndexPoint,3088,3354,3471,3111,3182,3150,3051,10426.216485,15389.473684,18912.500000,10749.390244,11849.726177,11333.333333,9936.206897,-0.128192,-0.098797,-0.122459,-0.013999,-0.129365,-0.156468,-0.067603
779850,2,posture_hold,1.9778,IndexPoint,IndexPoint,3099,3379,3490,3117,3219,3123,3026,10578.915663,16045.530726,19613.223140,10836.196319,12493.835616,10924.074074,9624.321796,-0.115424,-0.060379,-0.089945,-0.006037,-0.082040,-0.186929,-0.096870
779900,2,posture_hold,2.0206,IndexPoint,IndexPoint,3115,3369,3500,3127,3213,3118,3009,10807.142857,15777.685950,20000.000000,10983.264463,12385.714286,10850.767656,9420.441989,-0.096340,-0.076064,-0.071999,0.007453,-0.089984,-0.192385,-0.116001
779950,2,posture_hold,2.0628,IndexPoint,IndexPoint,3119,3360,3504,3132,3220,3118,3038,10865.368852,15542.857143,20158.375635,11057.943925,12512.000000,10850.767656,9772.185430,-0.091471,-0.089815,-0.064650,0.014304,-0.080706,-0.192385,-0.082994
780000,2,posture_hold,2.1043,IndexPoint,IndexPoint,3154,3353,3492,3141,3223,3119,3058,11395.961743,15364.150943,19689.552239,11194.339623,12566.743119,10865.368852,10026.229508,-0.047105,-0.100280,-0.086403,0.026815,-0.076684,-0.191299,-0.059155
780050,2,posture_hold,2.1668,IndexPoint,IndexPoint,3177,3370,3511,3145,3229,3129,3093,11766.666667,15804.137931,20440.753425,11255.789474,12677.367206,11013.043478,10495.209581,-0.016108,-0.074515,-0.051548,0.032451,-0.068556,-0.180307,-0.015147
780100,2,posture_hold,2.2091,IndexPoint,IndexPoint,3171,3351,3581,3166,3287,3231,3099,11668.181818,15313.709677,23687.548638,11587.082885,13831.435644,12714.583333,10578.915663,-0.024343,-0.103234,0.099104,0.062839,0.016237,-0.053663,-0.007292
780150,2,posture_hold,2.2714,IndexPoint,IndexPoint,3219,3516,4045,3343,3396,3376,3159,12493.835616,20646.632124,nan,15114.627660,16518.454936,15964.394993,11475.000000,0.044696,0.209060,nan,0.386408,0.213660,0.188218,0.076795
780200,2,posture_hold,2.3352,IndexPoint,IndexPoint,3339,3585,3050,3210,3081,3334,3187,15016.666667,23900.000000,9923.444976,12332.203390,10330.769231,14895.663601,11933.700441,0.255647,0.399577,-0.539551,0.131187,-0.240967,0.108673,0.119838
780250,2,posture_hold,2.3776,IndexPoint,IndexPoint,3273,3545,2938,3211,3135,3285,3188,13537.956204,21914.545455,8633.707865,12350.000000,11103.125000,13788.888889,11950.606395,0.132002,0.283309,-0.599395,0.132819,-0.184220,0.026297,0.121425
780300,2,posture_hold,2.4200,IndexPoint,IndexPoint,3295,3586,2946,3215,3178,3267,3172,14003.750000,23953.634578,8717.493473,12421.590909,11783.206107,13415.217391,11684.507042,0.170950,0.402717,-0.595508,0.139386,-0.134253,-0.001515,0.096455
780350,2,posture_hold,2.4829,IndexPoint,IndexPoint,3298,3651,2932,3264,3132,3203,3107,14069.259724,27958.108108,8571.625107,13354.512635,11057.943925,12208.744395,10692.105263,0.176428,0.637218,-0.602276,0.224959,-0.187540,-0.091312,0.003329
780400,2,posture_hold,2.5244,IndexPoint,IndexPoint,3272,3518,2901,3225,3034,3181,3132,13517.375456,20729.982669,8260.804020,12603.448276,9722.525919,11833.041575,11057.943925,0.130281,0.213941,-0.616698,0.156067,-0.285657,-0.119275,0.037659
780450,2,posture_hold,2.5666,IndexPoint,IndexPoint,3261,3569,2918,3181,3051,3126,3133,13294.244604,23069.581749,8429.226848,11833.041575,9936.206897,10968.421053,11072.972973,0.111624,0.350947,-0.608883,0.085400,-0.269957,-0.183628,0.039069
780500,2,posture_hold,2.6301,IndexPoint,IndexPoint,3213,3673,2954,3188,3028,3114,3152,12385.714286,29592.890995,8802.453988,11950.606395,9648.734770,10792.660550,11364.581124,0.035655,0.732950,-0.591566,0.096184,-0.291079,-0.196710,0.066433
780550,2,posture_hold,2.6514,IndexPoint,IndexPoint,3294,3650,2878,3206,3050,3197,3142,13982.022472,27887.640449,8040.427280,12261.417323,9923.444976,12104.454343,11209.653725,0.169134,0.633091,-0.626924,0.124694,-0.270895,-0.099074,0.051895
780600,2,posture_hold,2.7141,IndexPoint,IndexPoint,3253,3537,2899,3138,3022,3175,3152,13135.629454,21551.612903,8241.304348,11148.589342,9575.768872,11733.695652,11364.581124,0.098361,0.262056,-0.617603,0.022618,-0.296440,-0.126670,0.066433
780650,2,posture_hold,2.7778,IndexPoint,IndexPoint,3311,3526,2930,3153,3015,3228,3122,14358.928571,21069.244288,8551.072961,11380.254777,9491.666667,12658.823529,10909.352518,0.200649,0.233808,-0.603230,0.043868,-0.302619,-0.057813,0.023715
780700,2,posture_hold,2.7988,IndexPoint,IndexPoint,3205,3498,2906,3160,3014,3135,3134,12243.820225,19921.608040,8309.840202,11490.909091,9479.740981,11103.125000,11088.033299,0.023791,0.166603,-0.614423,0.054018,-0.303495,-0.173603,0.040482
780750,2,posture_hold,2.8623,IndexPoint,IndexPoint,3263,3455,2910,3162,3003,3182,3084,13334.375000,18354.687500,8349.367089,11522.829582,9350.000000,11849.726177,10371.513353,0.114979,0.074845,-0.612589,0.056946,-0.313027,-0.118034,-0.026755
780800,2,posture_hold,2.9044,IndexPoint,IndexPoint,3262,3534,2900,3192,3004,3191,3070,13314.285714,21418.181818,8251.046025,12018.604651,9361.686526,12001.548673,10183.414634,0.113300,0.254242,-0.617151,0.102421,-0.312169,-0.106734,-0.044405
780850,2,posture_hold,2.9665,IndexPoint,IndexPoint,3213,3461,2913,3188,3042,3175,3064,12385.714286,18560.567823,8379.187817,11950.606395,9822.222222,11733.695652,10104.364694,0.035655,0.086901,-0.611205,0.096184,-0.278332,-0.126670,-0.051823
780900,2,posture_hold,3.0291,IndexPoint,IndexPoint,3221,3421,2913,3167,3029,3162,3086,12530.205950,17257.270030,8379.187817,11603.232759,9660.975610,11522.829582,10398.810704,0.047737,0.010580,-0.611205,0.064321,-0.290179,-0.142364,-0.024193
780950,2,posture_hold,3.0910,IndexPoint,IndexPoint,3196,3395,2895,3158,3050,3160,3087,12087.208009,16490.000000,8202.500000,11459.124867,9923.444976,11490.909091,10412.500000,0.010695,-0.034351,-0.619403,0.051102,-0.270895,-0.144740,-0.022908
781000,2,posture_hold,3.1125,IndexPoint,IndexPoint,3251,3380,2885,3219,3011,3184,3086,13096.445498,16072.727273,8106.611570,12493.835616,9444.095941,11883.205269,10398.810704,0.095084,-0.058786,-0.623853,0.146012,-0.306114,-0.115542,-0.024193
781050,2,posture_hold,3.1747,IndexPoint,IndexPoint,3237,3393,2905,3159,3031,3164,3082,12827.272727,16433.333333,8300.000000,11475.000000,9685.526316,11554.887218,10344.323791,0.072577,-0.037669,-0.614879,0.052559,-0.288375,-0.139978,-0.029306
781100,2,posture_hold,3.2173,IndexPoint,IndexPoint,3225,3498,2897,3196,3020,3181,3104,12603.448276,19921.608040,8221.869783,12087.208009,9551.627907,11833.041575,10649.445005,0.053861,0.166603,-0.618505,0.108714,-0.298213,-0.119275,-0.000674
781150,2,posture_hold,3.2797,IndexPoint,IndexPoint,3251,3491,2895,3133,3006,3211,3129,13096.445498,19651.324503,8202.500000,11072.972973,9385.123967,12350.000000,11013.043478,0.095084,0.150775,-0.619403,0.015682,-0.310447,-0.080799,0.033446
781200,2,posture_hold,3.3220,IndexPoint,IndexPoint,3206,3475,2878,3182,3019,3183,3119,12261.417323,19056.451613,8040.427280,11849.726177,9539.591078,11866.447368,10865.368852,0.025262,0.115940,-0.626924,0.086931,-0.299098,-0.116789,0.019588
781250,2,posture_hold,3.3638,IndexPoint,IndexPoint,3216,3431,2856,3155,3005,3142,3058,12439.590444,17568.373494,7837.288136,11411.702128,9373.394495,11209.653725,10026.229508,0.040160,0.028798,-0.636349,0.046752,-0.311309,-0.165674,-0.059155
781300,2,posture_hold,3.4286,IndexPoint,IndexPoint,3204,3345,2878,3161,3005,3164,3090,12226.262626,15164.000000,8040.427280,11506.852248,9373.394495,11554.887218,10453.731343,0.022322,-0.112001,-0.626924,0.055480,-0.311309,-0.139978,-0.019039
781350,2,posture_hold,3.4694,IndexPoint,IndexPoint,3238,3386,2913,3122,3001,3155,3095,12846.207701,16237.517630,8379.187817,10909.352518,9326.691042,11411.702128,10523.000000,0.074160,-0.049136,-0.611205,0.000674,-0.314740,-0.150635,-0.012539
781400,2,posture_hold,3.5117,IndexPoint,IndexPoint,3249,3402,2880,3126,2995,3129,3057,13057.446809,16690.909091,8059.259259,10968.421053,9257.272727,11013.043478,10013.294798,0.091823,-0.022586,-0.626050,0.006092,-0.319840,-0.180307,-0.060369
781450,2,posture_hold,3.5543,IndexPoint,IndexPoint,3246,3434,2894,3149,3028,3137,3069,12999.293286,17663.540091,8192.839301,11317.758985,9648.734770,11133.402923,10170.175439,0.086961,0.034371,-0.619852,0.038135,-0.291079,-0.171349,-0.045648
781500,2,posture_hold,3.6173,IndexPoint,IndexPoint,3218,3402,2869,3126,3108,3134,3111,12475.712657,16690.909091,7956.443719,10968.421053,10706.382979,11088.033299,10749.390244,0.043181,-0.022586,-0.630820,0.006092,-0.213370,-0.174726,0.008705
781550,2,posture_hold,3.6862,IndexPoint,IndexPoint,3210,3445,2864,3203,3008,3136,3086,12332.203390,18020.000000,7910.316816,12208.744395,9408.647654,11118.248175,10398.810704,0.031181,0.055246,-0.632961,0.119862,-0.308718,-0.172477,-0.024193
781600,2,posture_hold,3.7075,IndexPoint,IndexPoint,3282,3386,2862,3233,3030,3153,3091,13725.461255,16237.517630,7891.970803,12751.972158,9673.239437,11380.254777,10467.529880,0.147681,-0.049136,-0.633812,0.169690,-0.289278,-0.152976,-0.017745
781650,2,posture_hold,3.7700,IndexPoint,IndexPoint,3283,3425,2876,3217,3015,3104,3073,13746.551724,17380.597015,8021.657096,12457.630979,9491.666667,10649.445005,10223.287671,0.149444,0.017802,-0.627795,0.142692,-0.302619,-0.207370,-0.040664
781700,2,posture_hold,3.8125,IndexPoint,IndexPoint,3296,3426,2887,3140,3052,3093,3069,14025.531915,17411.659193,8125.662252,11179.057592,9948.993289,10495.209581,10170.175439,0.172772,0.019621,-0.622969,0.025413,-0.269018,-0.218849,-0.045648
781750,2,posture_hold,3.8745,IndexPoint,IndexPoint,3258,3407,2886,3165,3009,3104,3061,13234.408602,16836.918605,8116.129032,11570.967742,9420.441989,10649.445005,10065.183752,0.106620,-0.014035,-0.623411,0.061361,-0.307852,-0.207370,-0.055500
781800,2,posture_hold,3.9158,IndexPoint,IndexPoint,3227,3385,2900,3130,2992,3089,3060,12640.322581,16209.859155,8251.046025,11027.979275,9222.846782,10439.960239,10052.173913,0.056945,-0.050756,-0.617151,0.011555,-0.322370,-0.222961,-0.056721
781850,2,posture_hold,3.9797,IndexPoint,IndexPoint,3254,3373,2897,3150,3055,3072,3086,13155.291320,15883.933518,8221.869783,11333.333333,9987.500000,10209.970674,10398.810704,0.100005,-0.069842,-0.618505,0.039564,-0.266188,-0.240079,-0.024193
781900,2,posture_hold,4.0012,IndexPoint,IndexPoint,3271,3376,2873,3165,3092,3070,3066,13496.844660,15964.394993,7993.617021,11570.967742,10481.355932,10183.414634,10130.612245,0.128565,-0.065130,-0.629096,0.061361,-0.229903,-0.242056,-0.049360
781950,2,posture_hold,4.0642,IndexPoint,IndexPoint,3213,3392,2878,3123,3010,3068,3044,12385.714286,16405.120910,8040.427280,10924.074074,9432.258065,10156.962025,9847.383444,0.035655,-0.039321,-0.626924,0.002024,-0.306984,-0.244025,-0.075938
782000,2,posture_hold,4.1276,IndexPoint,IndexPoint,3217,3404,2869,3115,3007,3059,3081,12457.630979,16749.059334,7956.443719,10807.142857,9396.875000,10039.189189,10330.769231,0.041669,-0.019180,-0.630820,-0.008702,-0.309583,-0.252790,-0.030578
782050,2,posture_hold,4.1688,IndexPoint,IndexPoint,3210,3374,2852,3100,3038,3078,3099,12332.203390,15910.679612,7801.126307,10592.964824,9772.185430,10290.265487,10578.915663,0.031181,-0.068276,-0.638027,-0.028347,-0.282008,-0.234103,-0.007292
782100,2,posture_hold,4.2317,IndexPoint,IndexPoint,3243,3357,2843,3121,3034,3106,3088,12941.549296,15465.853659,7720.607029,10894.661191,9722.525919,10677.856421,10426.216485,0.082132,-0.094324,-0.641763,-0.000674,-0.285657,-0.205255,-0.021621
782150,2,posture_hold,4.2527,IndexPoint,IndexPoint,3245,3387,2817,3090,3008,3122,3078,12980.000000,16265.254237,7494.366197,10453.731343,9408.647654,10909.352518,10290.265487,0.085348,-0.047512,-0.652261,-0.041119,-0.308718,-0.188025,-0.034379
782200,2,posture_hold,4.2944,IndexPoint,IndexPoint,3220,3376,2856,3106,3025,3126,3089,12512.000000,15964.394993,7837.288136,10677.856421,9612.149533,10968.421053,10439.960239,0.046215,-0.065130,-0.636349,-0.020560,-0.293767,-0.183628,-0.020332
782250,2,posture_hold,4.3579,IndexPoint,IndexPoint,3219,3382,2857,3121,3023,3122,3064,12493.835616,16127.349229,7846.365105,10894.661191,9587.873134,10909.352518,10104.364694,0.044696,-0.055587,-0.635928,-0.000674,-0.295550,-0.188025,-0.051823
782300,2,posture_hold,4.4208,IndexPoint,IndexPoint,3231,3393,2882,3081,3034,3120,3070,12714.583333,16433.333333,8078.153339,10330.769231,9722.525919,10880.000000,10183.414634,0.063154,-0.037669,-0.625173,-0.052397,-0.285657,-0.190210,-0.044405
782350,2,posture_hold,4.4628,IndexPoint,IndexPoint,3222,3403,2883,3055,3010,3132,3072,12548.453608,16719.942197,8087.623762,9987.500000,9432.258065,11057.943925,10209.970674,0.049263,-0.020885,-0.624734,-0.083884,-0.306984,-0.176965,-0.041913
782400,2,posture_hold,4.5045,IndexPoint,IndexPoint,3185,3382,2894,3119,3007,3144,3037,11900.000000,16127.349229,8192.839301,10865.368852,9396.875000,11240.378549,9759.735350,-0.004959,-0.055587,-0.619852,-0.003361,-0.309583,-0.163387,-0.084163
782450,2,posture_hold,4.5672,IndexPoint,IndexPoint,3223,3383,2879,3120,2996,3136,3025,12566.743119,16154.775281,8049.835526,10880.000000,9268.789809,11118.248175,9612.149533,0.050792,-0.053981,-0.626487,-0.002019,-0.318994,-0.172477,-0.098012
782500,2,posture_hold,4.6097,IndexPoint,IndexPoint,3205,3401,2865,3104,3006,3139,3034,12243.820225,16661.959654,7919.512195,10649.445005,9385.123967,11163.807531,9722.525919,0.023791,-0.024281,-0.632534,-0.023167,-0.310447,-0.169086,-0.087654
782550,2,posture_hold,4.6720,IndexPoint,IndexPoint,3214,3419,2866,3103,3026,3100,3032,12403.632236,17196.153846,7928.722539,10635.282258,9624.321796,10592.964824,9697.836312,0.037153,0.007001,-0.632107,-0.024466,-0.292872,-0.211573,-0.089971
782600,2,posture_hold,4.7343,IndexPoint,IndexPoint,3202,3385,2863,3090,3009,3097,3026,12191.265398,16209.859155,7901.136364,10453.731343,9420.441989,10550.901804,9624.321796,0.019396,-0.050756,-0.633387,-0.041119,-0.307852,-0.214704,-0.096870
782650,2,posture_hold,4.7765,IndexPoint,IndexPoint,3175,3371,2885,3067,3015,3104,3043,11733.695652,15830.662983,8106.611570,10143.774319,9491.666667,10649.445005,9834.790875,-0.018865,-0.072961,-0.623853,-0.069550,-0.302619,-0.207370,-0.077120
782700,2,posture_hold,4.8187,IndexPoint,IndexPoint,3187,3337,2888,3098,2993,3082,3023,11933.700441,14968.073879,8135.211268,10564.894684,9234.301270,10344.323791,9587.873134,-0.002141,-0.123474,-0.622526,-0.030922,-0.321528,-0.230080,-0.100290
782750,2,posture_hold,4.8822,IndexPoint,IndexPoint,3180,3348,2877,3069,3021,3123,3043,11816.393443,15238.554217,8031.034483,10170.175439,9563.687151,10924.074074,9834.790875,-0.011950,-0.107635,-0.627359,-0.067128,-0.297327,-0.186929,-0.077120
782800,2,posture_hold,4.9248,IndexPoint,IndexPoint,3156,3340,2853,3100,3023,3085,3073,11427.476038,15041.059603,7810.144928,10592.964824,9587.873134,10385.148515,10223.287671,-0.044470,-0.119200,-0.637609,-0.028347,-0.295550,-0.227041,-0.040664
782850,2,posture_hold,4.9673,IndexPoint,IndexPoint,3169,3337,2831,3117,2992,3093,3093,11635.637149,14968.073879,7615.031646,10836.196319,9222.846782,10495.209581,10495.209581,-0.027064,-0.123474,-0.646662,-0.006037,-0.322370,-0.218849,-0.015147
794800,3,open_reference,0.0212,ThumbUp,Fist,3111,3283,3388,3123,3093,3112,2987,10749.390244,13746.551724,16293.069307,10924.074074,10495.209581,10763.784334,9165.884477,nan,nan,nan,nan,nan,nan,nan
794850,3,open_reference,0.0844,ThumbUp,Fist,3107,3290,3452,3147,3107,3088,2984,10692.105263,13895.652174,18253.188180,11286.708861,10692.105263,10426.216485,9131.953195,nan,nan,nan,nan,nan,nan,nan
794900,3,open_reference,0.1256,ThumbUp,Fist,3108,3293,3404,3141,3106,3083,2997,10706.382979,13960.349127,16749.059334,11194.339623,10677.856421,10357.905138,9280.327869,nan,nan,nan,nan,nan,nan,nan
794950,3,open_reference,0.1679,ThumbUp,Fist,3104,3313,3437,3179,3103,3088,2992,10649.445005,14404.347826,17759.574468,11799.781659,10635.282258,10426.216485,9222.846782,nan,nan,nan,nan,nan,nan,nan
795000,3,open_reference,0.2098,ThumbUp,Fist,3108,3324,3426,3180,3106,3078,3003,10706.382979,14658.365759,17411.659193,11816.393443,10677.856421,10290.265487,9350.000000,nan,nan,nan,nan,nan,nan,nan
795050,3,open_reference,0.2732,ThumbUp,Fist,3098,3332,3400,3174,3088,3073,2986,10564.894684,14847.706422,16633.093525,11717.263844,10426.216485,10223.287671,9154.553652,nan,nan,nan,nan,nan,nan,nan
795100,3,open_reference,0.3355,ThumbUp,Fist,3088,3324,3385,3170,3096,3069,2986,10426.216485,14658.365759,16209.859155,11651.891892,10536.936937,10170.175439,9154.553652,nan,nan,nan,nan,nan,nan,nan
795150,3,open_reference,0.3768,ThumbUp,Fist,3084,3326,3415,3138,3091,3082,2990,10371.513353,14705.331599,17075.000000,11148.589342,10467.529880,10344.323791,9200.000000,nan,nan,nan,nan,nan,nan,nan
795200,3,open_reference,0.4401,ThumbUp,Fist,3086,3314,3387,3131,3073,3044,2985,10398.810704,14427.144686,16265.254237,11042.946058,10223.287671,9847.383444,9143.243243,nan,nan,nan,nan,nan,nan,nan
795250,3,open_reference,0.4612,ThumbUp,Fist,3069,3293,3387,3140,3091,3065,3015,10170.175439,13960.349127,16265.254237,11179.057592,10467.529880,10117.475728,9491.666667,nan,nan,nan,nan,nan,nan,nan
795300,3,open_reference,0.5243,ThumbUp,Fist,3070,3311,3358,3173,3106,3054,2994,10183.414634,14358.928571,15491.451832,11700.867679,10677.856421,9974.639769,9245.776567,nan,nan,nan,nan,nan,nan,nan
795350,3,open_reference,0.5665,ThumbUp,Fist,3076,3304,3343,3162,3102,3064,3006,10263.395486,14201.769912,15114.627660,11522.829582,10621.148036,10104.364694,9385.123967,nan,nan,nan,nan,nan,nan,nan
795400,3,open_reference,0.6297,ThumbUp,Fist,3068,3280,3321,3135,3094,3056,3028,10156.962025,13683.435583,14588.372093,11103.125000,10509.090909,10000.384986,9648.734770,nan,nan,nan,nan,nan,nan,nan
795450,3,open_reference,0.6715,ThumbUp,Fist,3067,3299,3343,3146,3081,3084,3037,10143.774319,14091.206030,15114.627660,11271.232877,10330.769231,10371.513353,9759.735350,nan,nan,nan,nan,nan,nan,nan
795500,3,open_reference,0.7136,ThumbUp,Fist,3075,3316,3334,3160,3073,3065,3010,10250.000000,14472.913992,14895.663601,11490.909091,10223.287671,10117.475728,9432.258065,nan,nan,nan,nan,nan,nan,nan
795550,3,open_reference,0.7766,ThumbUp,Fist,3091,3309,3310,3154,3117,3106,3018,10467.529880,14313.740458,14336.305732,11395.961743,10836.196319,10677.856421,9527.576602,nan,nan,nan,nan,nan,nan,nan
795600,3,open_reference,0.8182,ThumbUp,Fist,3085,3320,3332,3166,3118,3100,2992,10385.148515,14565.161290,14847.706422,11587.082885,10850.767656,10592.964824,9222.846782,nan,nan,nan,nan,nan,nan,nan
795650,3,open_reference,0.8601,ThumbUp,Fist,3080,3302,3314,3196,3095,3072,2992,10317.241379,14157.377049,14427.144686,12087.208009,10523.000000,10209.970674,9222.846782,nan,nan,nan,nan,nan,nan,nan
795700,3,open_reference,0.9213,ThumbUp,Fist,3081,3285,3337,3172,3114,3086,2991,10330.769231,13788.888889,14968.073879,11684.507042,10792.660550,10398.810704,9211.413043,nan,nan,nan,nan,nan,nan,nan
795750,3,open_reference,0.9844,ThumbUp,Fist,3083,3318,3333,3168,3103,3056,2994,10357.905138,14518.918919,14871.653543,11619.417476,10635.282258,10000.384986,9245.776567,nan,nan,nan,nan,nan,nan,nan
795800,3,open_reference,1.0053,ThumbUp,Fist,3082,3300,3395,3178,3078,3043,3001,10344.323791,14113.207547,16490.000000,11783.206107,10290.265487,9834.790875,9326.691042,nan,nan,nan,nan,nan,nan,nan
795850,3,open_reference,1.0691,ThumbUp,Fist,3071,3286,3399,3156,3057,3069,3002,10196.679688,13810.135970,16604.310345,11427.476038,10013.294798,10170.175439,9338.334858,nan,nan,nan,nan,nan,nan,nan
795900,3,open_reference,1.1319,ThumbUp,Fist,3068,3299,3313,3134,3070,3064,3011,10156.962025,14091.206030,14404.347826,11088.033299,10183.414634,10104.364694,9444.095941,nan,nan,nan,nan,nan,nan,nan
795950,3,open_reference,1.1740,ThumbUp,Fist,3064,3298,3314,3149,3088,3055,2998,10104.364694,14069.259724,14427.144686,11317.758985,10426.216485,9987.500000,9291.886964,nan,nan,nan,nan,nan,nan,nan
796000,3,open_reference,1.2168,ThumbUp,Fist,3069,3288,3365,3138,3112,3059,2994,10170.175439,13852.788104,15672.602740,11148.589342,10763.784334,10039.189189,9245.776567,nan,nan,nan,nan,nan,nan,nan
796050,3,open_reference,1.2806,ThumbUp,Fist,3060,3290,3406,3130,3116,3055,2993,10052.173913,13895.652174,16807.547170,11027.979275,10821.654750,9987.500000,9234.301270,nan,nan,nan,nan,nan,nan,nan
796100,3,open_reference,1.3221,ThumbUp,Fist,3069,3259,3424,3147,3111,3044,2977,10170.175439,13254.306220,17349.627422,11286.708861,10749.390244,9847.383444,9053.488372,nan,nan,nan,nan,nan,nan,nan
796150,3,open_reference,1.3860,ThumbUp,Fist,3064,3280,3389,3156,3104,3052,2974,10104.364694,13683.435583,16320.963173,11427.476038,10649.445005,9948.993289,9020.160571,nan,nan,nan,nan,nan,nan,nan
796200,3,open_reference,1.4274,ThumbUp,Fist,3073,3285,3421,3152,3120,3054,2978,10223.287671,13788.888889,17257.270030,11364.581124,10880.000000,9974.639769,9064.637422,nan,nan,nan,nan,nan,nan,nan
796250,3,open_reference,1.4702,ThumbUp,Fist,3069,3286,3402,3128,3087,3056,2964,10170.175439,13810.135970,16690.909091,10998.138573,10412.500000,10000.384986,8910.344828,nan,nan,nan,nan,nan,nan,nan
796300,3,open_reference,1.5131,ThumbUp,Fist,3062,3254,3448,3122,3109,3062,2952,10078.218780,13155.291320,18119.319938,10909.352518,10720.689655,10078.218780,8781.102362,nan,nan,nan,nan,nan,nan,nan
796350,3,open_reference,1.5770,ThumbUp,Fist,3066,3271,3418,3134,3108,3059,2944,10130.612245,13496.844660,17165.731167,11088.033299,10706.382979,10039.189189,8696.437880,nan,nan,nan,nan,nan,nan,nan
796400,3,open_reference,1.6190,ThumbUp,Fist,3070,3285,3410,3118,3093,3058,2937,10183.414634,13788.888889,16925.547445,10850.767656,10495.209581,10026.229508,8623.316062,nan,nan,nan,nan,nan,nan,nan
796450,3,open_reference,1.6822,ThumbUp,Fist,3062,3277,3384,3125,3072,3071,2960,10078.218780,13620.782396,16182.278481,10953.608247,10209.970674,10196.679688,8866.960352,nan,nan,nan,nan,nan,nan,nan
796500,3,open_reference,1.7251,ThumbUp,Fist,3063,3289,3405,3121,3051,3069,2947,10091.279070,13874.193548,16778.260870,10894.661191,9936.206897,10170.175439,8728.048780,nan,nan,nan,nan,nan,nan,nan
796550,3,open_reference,1.7673,ThumbUp,Fist,3070,3280,3402,3133,3054,3055,2952,10183.414634,13683.435583,16690.909091,11072.972973,9974.639769,9987.500000,8781.102362,nan,nan,nan,nan,nan,nan,nan
796600,3,open_reference,1.8100,ThumbUp,Fist,3074,3286,3413,3127,3069,3055,2967,10236.630754,13810.135970,17014.956012,10983.264463,10170.175439,9987.500000,8943.085106,nan,nan,nan,nan,nan,nan,nan
796650,3,open_reference,1.8731,ThumbUp,Fist,3075,3289,3418,3136,3062,3062,2961,10250.000000,13874.193548,17165.731167,11118.248175,10078.218780,10078.218780,8877.777778,nan,nan,nan,nan,nan,nan,nan
796700,3,open_reference,1.9158,ThumbUp,Fist,3072,3280,3447,3149,3048,3055,2962,10209.970674,13683.435583,18086.111111,11317.758985,9897.994269,9987.500000,8888.614298,nan,nan,nan,nan,nan,nan,nan
796750,3,open_reference,1.9583,ThumbUp,Fist,3064,3278,3454,3133,3062,3056,2962,10104.364694,13641.615667,18320.748830,11072.972973,10078.218780,10000.384986,8888.614298,nan,nan,nan,nan,nan,nan,nan
796800,3,open_reference,2.0212,ThumbUp,Fist,3064,3282,3409,3142,3085,3070,2957,10104.364694,13725.461255,16895.918367,11209.653725,10385.148515,10183.414634,8834.622144,nan,nan,nan,nan,nan,nan,nan
796850,3,open_reference,2.0630,ThumbUp,Fist,3069,3283,3443,3131,3074,3060,2955,10170.175439,13746.551724,17954.294479,11042.946058,10236.630754,10052.173913,8813.157895,nan,nan,nan,nan,nan,nan,nan
796900,3,open_reference,2.1266,ThumbUp,Fist,3060,3264,3421,3116,3092,3086,2958,10052.173913,13354.512635,17257.270030,10821.654750,10481.355932,10398.810704,8845.382586,nan,nan,nan,nan,nan,nan,nan
796950,3,open_reference,2.1683,ThumbUp,Fist,3062,3260,3397,3120,3070,3053,2954,10078.218780,13274.251497,16546.991404,10880.000000,10183.414634,9961.804223,8802.453988,nan,nan,nan,nan,nan,nan,nan
797000,3,open_reference,2.2516,ThumbUp,Fist,3056,3259,3405,3111,3053,3050,2946,10000.384986,13254.306220,16778.260870,10749.390244,9961.804223,9923.444976,8717.493473,nan,nan,nan,nan,nan,nan,nan
797050,3,open_reference,2.2518,ThumbUp,Fist,3055,3259,3405,3109,3066,3053,2954,9987.500000,13254.306220,16778.260870,10720.689655,10130.612245,9961.804223,8802.453988,nan,nan,nan,nan,nan,nan,nan
797100,3,open_reference,2.3145,ThumbUp,Fist,3056,3265,3415,3120,3075,3038,2958,10000.384986,13374.698795,17075.000000,10880.000000,10250.000000,9772.185430,8845.382586,nan,nan,nan,nan,nan,nan,nan
797150,3,open_reference,2.3775,ThumbUp,Fist,3057,3264,3434,3145,3063,3024,2952,10013.294798,13354.512635,17663.540091,11255.789474,10091.279070,9600.000000,8781.102362,nan,nan,nan,nan,nan,nan,nan
797200,3,open_reference,2.4203,ThumbUp,Fist,3054,3249,3421,3134,3070,3030,2957,9974.639769,13057.446809,17257.270030,11088.033299,10183.414634,9673.239437,8834.622144,nan,nan,nan,nan,nan,nan,nan
797250,3,open_reference,2.4835,ThumbUp,Fist,3061,3273,3422,3142,3069,3022,2950,10065.183752,13537.956204,17287.964339,11209.653725,10170.175439,9575.768872,8759.825328,nan,nan,nan,nan,nan,nan,nan
797300,3,open_reference,2.5256,ThumbUp,Fist,3058,3275,3412,3151,3082,3018,2965,10026.229508,13579.268293,16985.065886,11348.940678,10344.323791,9527.576602,8921.238938,nan,nan,nan,nan,nan,nan,nan
797350,3,open_reference,2.5879,ThumbUp,Fist,3061,3266,3425,3151,3105,3034,2968,10065.183752,13394.933655,17380.597015,11348.940678,10663.636364,9722.525919,8954.037267,nan,nan,nan,nan,nan,nan,nan
797400,3,open_reference,2.6298,ThumbUp,Fist,3062,3276,3440,3141,3084,3022,2961,10078.218780,13600.000000,17856.488550,11194.339623,10371.513353,9575.768872,8877.777778,nan,nan,nan,nan,nan,nan,nan
797450,3,open_reference,2.7139,ThumbUp,Fist,3059,3293,3462,3134,3090,3012,2953,10039.189189,13960.349127,18595.260664,11088.033299,10453.731343,9455.955679,8791.768827,nan,nan,nan,nan,nan,nan,nan
797500,3,open_reference,2.7141,ThumbUp,Fist,3048,3289,3479,3127,3095,3027,2957,9897.994269,13874.193548,19202.272727,10983.264463,10523.000000,9636.516854,8834.622144,nan,nan,nan,nan,nan,nan,nan
797550,3,open_reference,2.7779,ThumbUp,Fist,3056,3313,3476,3160,3085,3033,2960,10000.384986,14404.347826,19092.730210,11490.909091,10385.148515,9710.169492,8866.960352,nan,nan,nan,nan,nan,nan,nan
797600,3,open_reference,2.8195,ThumbUp,Fist,3056,3314,3452,3149,3076,3034,2954,10000.384986,14427.144686,18253.188180,11317.758985,10263.395486,9722.525919,8802.453988,nan,nan,nan,nan,nan,nan,nan
797650,3,open_reference,2.8618,ThumbUp,Fist,3051,3280,3452,3139,3088,3048,2955,9936.206897,13683.435583,18253.188180,11163.807531,10426.216485,9897.994269,8813.157895,nan,nan,nan,nan,nan,nan,nan
797700,3,open_reference,2.9240,ThumbUp,Fist,3050,3284,3448,3142,3081,3036,2946,9923.444976,13767.694205,18119.319938,11209.653725,10330.769231,9747.308782,8717.493473,nan,nan,nan,nan,nan,nan,nan
797750,3,open_reference,2.9662,ThumbUp,Fist,3054,3293,3474,3115,3060,3021,2941,9974.639769,13960.349127,19020.289855,10807.142857,10052.173913,9563.687151,8664.991334,nan,nan,nan,nan,nan,nan,nan
797800,3,open_reference,3.0077,ThumbUp,Fist,3048,3274,3412,3115,3074,3034,2953,9897.994269,13558.587089,16985.065886,10807.142857,10236.630754,9722.525919,8791.768827,nan,nan,nan,nan,nan,nan,nan
797850,3,open_reference,3.0926,ThumbUp,Fist,3053,3281,3406,3135,3088,3023,2958,9961.804223,13704.422604,16807.547170,11103.125000,10426.216485,9587.873134,8845.382586,nan,nan,nan,nan,nan,nan,nan
797900,3,open_reference,3.1141,ThumbUp,Fist,3055,3283,3402,3123,3054,3022,2944,9987.500000,13746.551724,16690.909091,10924.074074,9974.639769,9575.768872,8696.437880,nan,nan,nan,nan,nan,nan,nan
797950,3,open_reference,3.1562,ThumbUp,Fist,3043,3284,3380,3119,3088,3017,2947,9834.790875,13767.694205,16072.727273,10865.368852,10426.216485,9515.584416,8728.048780,nan,nan,nan,nan,nan,nan,nan
798000,3,open_reference,3.2194,ThumbUp,Fist,3042,3311,3408,3130,3097,3023,2946,9822.222222,14358.928571,16866.375546,11027.979275,10550.901804,9587.873134,8717.493473,nan,nan,nan,nan,nan,nan,nan
798050,3,open_reference,3.2828,ThumbUp,Fist,3046,3304,3381,3128,3062,3010,2936,9872.640610,14201.769912,16100.000000,10998.138573,10078.218780,9432.258065,8612.942192,nan,nan,nan,nan,nan,nan,nan
798100,3,open_reference,3.3248,ThumbUp,Fist,3042,3276,3389,3117,3087,3042,2944,9822.222222,13600.000000,16320.963173,10836.196319,10412.500000,9822.222222,8696.437880,nan,nan,nan,nan,nan,nan,nan
798150,3,open_reference,3.4080,ThumbUp,Fist,3045,3283,3406,3121,3092,3050,2939,9860.000000,13746.551724,16807.547170,10894.661191,10481.355932,9923.444976,8644.117647,nan,nan,nan,nan,nan,nan,nan
798200,3,open_reference,3.4291,ThumbUp,Fist,3053,3338,3399,3093,3076,3032,2935,9961.804223,14992.338177,16604.310345,10495.209581,10263.395486,9697.836312,8602.586207,nan,nan,nan,nan,nan,nan,nan
798250,3,open_reference,3.4719,ThumbUp,Fist,3041,3283,3395,3089,3064,3049,2933,9809.677419,13746.551724,16490.000000,10439.960239,10104.364694,9910.707457,8581.927711,nan,nan,nan,nan,nan,nan,nan
798300,3,open_reference,3.5138,ThumbUp,Fist,3040,3294,3406,3107,3070,3058,2945,9797.156398,13982.022472,16807.547170,10692.105263,10183.414634,10026.229508,8706.956522,nan,nan,nan,nan,nan,nan,nan
798350,3,open_reference,3.5760,ThumbUp,Fist,3044,3328,3419,3125,3055,3068,2936,9847.383444,14752.542373,17196.153846,10953.608247,9987.500000,10156.962025,8612.942192,nan,nan,nan,nan,nan,nan,nan
798400,3,open_reference,3.6179,ThumbUp,Fist,3039,3323,3409,3114,3065,3060,2943,9784.659091,14634.974093,16895.918367,10792.660550,10117.475728,10052.173913,8685.937500,nan,nan,nan,nan,nan,nan,nan
798450,3,open_reference,3.6608,ThumbUp,Fist,3039,3322,3409,3124,3055,3062,2931,9784.659091,14611.642950,16895.918367,10938.825953,9987.500000,10078.218780,8561.340206,nan,nan,nan,nan,nan,nan,nan
798500,3,open_reference,3.7237,ThumbUp,Fist,3041,3303,3415,3123,3039,3054,2923,9809.677419,14179.545455,17075.000000,10924.074074,9784.659091,9974.639769,8479.692833,nan,nan,nan,nan,nan,nan,nan
798550,3,open_reference,3.7661,ThumbUp,Fist,3035,3280,3433,3102,3094,3054,2930,9734.905660,13683.435583,17631.722054,10621.148036,10509.090909,9974.639769,8551.072961,nan,nan,nan,nan,nan,nan,nan
798600,3,open_reference,3.8296,ThumbUp,Fist,3044,3290,3484,3111,3094,3092,2925,9847.383444,13895.652174,19387.234043,10749.390244,10509.090909,10481.355932,8500.000000,nan,nan,nan,nan,nan,nan,nan
798650,3,open_reference,3.8919,ThumbUp,Fist,3048,3301,3440,3116,3089,3068,2909,9897.994269,14135.264484,17856.488550,10821.654750,10439.960239,10156.962025,8339.460371,nan,nan,nan,nan,nan,nan,nan
798700,3,open_reference,3.9346,ThumbUp,Fist,3040,3284,3441,3101,3076,3084,2912,9797.156398,13767.694205,17888.990826,10607.042254,10263.395486,10371.513353,8369.230769,nan,nan,nan,nan,nan,nan,nan
798750,3,open_reference,3.9765,ThumbUp,Fist,3041,3280,3456,3098,3095,3064,2923,9809.677419,13683.435583,18388.732394,10564.894684,10523.000000,10104.364694,8479.692833,nan,nan,nan,nan,nan,nan,nan
798850,3,posture_hold,0.0209,ThumbUp,Fist,3049,3280,3424,3098,3119,3068,2914,9910.707457,13683.435583,17349.627422,10564.894684,10865.368852,10156.962025,8389.161727,-0.003849,-0.004591,0.012492,-0.032880,0.058652,0.036720,-0.038246
798900,3,posture_hold,0.0841,ThumbUp,Fist,3053,3285,3425,3094,3106,3081,2911,9961.804223,13788.888889,17380.597015,10509.090909,10677.856421,10330.769231,8359.290541,0.001286,0.003080,0.014299,-0.037988,0.040382,0.054461,-0.041670
798950,3,posture_hold,0.1474,ThumbUp,Fist,3054,3279,3405,3089,3048,3051,2902,9974.639769,13662.500000,16778.260870,10439.960239,9897.994269,9936.206897,8270.578374,0.002577,-0.006114,-0.020852,-0.044316,-0.035602,0.014188,-0.051840
799000,3,posture_hold,0.1679,ThumbUp,Fist,3041,3270,3408,3088,3086,3064,2916,9809.677419,13476.363636,16866.375546,10426.216485,10398.810704,10104.364694,8409.160305,-0.014004,-0.019655,-0.015710,-0.045574,0.013194,0.031352,-0.035953
799050,3,posture_hold,0.2300,ThumbUp,Fist,3044,3267,3400,3100,3062,3048,2924,9847.383444,13415.217391,16633.093525,10592.964824,10078.218780,9897.994269,8489.837746,-0.010214,-0.024103,-0.029324,-0.030310,-0.018042,0.010288,-0.026704
799100,3,posture_hold,0.2706,ThumbUp,Fist,3051,3276,3450,3087,3040,3031,2914,9936.206897,13600.000000,18186.046512,10412.500000,9797.156398,9685.526316,8389.161727,-0.001286,-0.010661,0.061303,-0.046830,-0.045427,-0.011399,-0.038246
799150,3,posture_hold,0.3330,ThumbUp,Fist,3043,3256,3436,3074,3051,3040,2923,9834.790875,13194.755662,17727.465857,10236.630754,9936.206897,9797.156398,8479.692833,-0.011480,-0.040141,0.034542,-0.062929,-0.031879,-0.000005,-0.027867
799200,3,posture_hold,0.3744,ThumbUp,Fist,3043,3255,3422,3061,3052,3046,2916,9834.790875,13175.000000,17287.964339,10065.183752,9948.993289,9872.640610,8409.160305,-0.011480,-0.041578,0.008893,-0.078624,-0.030633,0.007700,-0.035953
799250,3,posture_hold,0.4370,ThumbUp,Fist,3046,3268,3429,3063,3088,3035,2904,9872.640610,13435.550181,17505.405405,10091.279070,10426.216485,9734.905660,8290.176322,-0.007676,-0.022624,0.021582,-0.076235,0.015864,-0.006359,-0.049594
799300,3,posture_hold,0.4792,ThumbUp,Fist,3041,3281,3410,3082,3109,3042,2905,9809.677419,13704.422604,16925.547445,10344.323791,10720.689655,9822.222222,8300.000000,-0.014004,-0.003065,-0.012257,-0.053071,0.044556,0.002554,-0.048468
799350,3,posture_hold,0.5425,ThumbUp,Fist,3042,3300,3397,3077,3103,3046,2898,9822.222222,14113.207547,16546.991404,10276.817289,10635.282258,9872.640610,8231.578947,-0.012743,0.026673,-0.034349,-0.059250,0.036234,0.007700,-0.056311
799400,3,posture_hold,0.6058,ThumbUp,Fist,3038,3292,3407,3094,3064,3015,2896,9772.185430,13938.729763,16836.918605,10509.090909,10104.364694,9491.666667,8212.176814,-0.017773,0.013980,-0.017429,-0.037988,-0.015495,-0.031186,-0.058536
799450,3,posture_hold,0.6474,ThumbUp,Fist,3032,3286,3441,3081,3064,3038,2902,9697.836312,13810.135970,17888.990826,10330.769231,10104.364694,9772.185430,8270.578374,-0.025246,0.004625,0.043968,-0.054312,-0.015495,-0.002554,-0.051840
799500,3,posture_hold,0.7106,ThumbUp,Fist,3042,3308,3440,3090,3069,3039,2910,9822.222222,14291.232529,17856.488550,10453.731343,10170.175439,9784.659091,8349.367089,-0.012743,0.039623,0.042071,-0.043056,-0.009083,-0.001280,-0.042808
799550,3,posture_hold,0.7521,ThumbUp,Fist,3044,3297,3444,3094,3058,3031,2896,9847.383444,14047.368421,17987.096774,10509.090909,10026.229508,9685.526316,8212.176814,-0.010214,0.021883,0.049693,-0.037988,-0.023108,-0.011399,-0.058536
799600,3,posture_hold,0.7943,ThumbUp,Fist,3036,3309,3411,3097,3056,3030,2908,9747.308782,14313.740458,16955.263158,10550.901804,10000.384986,9673.239437,8329.570345,-0.020273,0.041260,-0.010523,-0.034161,-0.025626,-0.012653,-0.045078
799650,3,posture_hold,0.8361,ThumbUp,Fist,3038,3342,3420,3094,3068,3033,2899,9772.185430,15090.039841,17226.666667,10509.090909,10156.962025,9710.169492,8241.304348,-0.017773,0.097733,0.005316,-0.037988,-0.010370,-0.008884,-0.055197
799700,3,posture_hold,0.8994,ThumbUp,Fist,3040,3369,3426,3091,3054,3028,2903,9797.156398,15777.685950,17411.659193,10467.529880,9974.639769,9648.734770,8280.369128,-0.015263,0.147756,0.016112,-0.041792,-0.028135,-0.015154,-0.050718
799750,3,posture_hold,0.9206,ThumbUp,Fist,3033,3329,3438,3093,3055,3036,2906,9710.169492,14776.240209,17791.780822,10495.209581,9987.500000,9747.308782,8309.840202,-0.024006,0.074905,0.038295,-0.039259,-0.026882,-0.005093,-0.047339
799800,3,posture_hold,0.9836,ThumbUp,Fist,3034,3337,3437,3102,3065,3028,2907,9722.525919,14968.073879,17759.574468,10621.148036,10117.475728,9648.734770,8319.696970,-0.022764,0.088860,0.036415,-0.027730,-0.014217,-0.015154,-0.046209
799850,3,posture_hold,1.0259,ThumbUp,Fist,3040,3339,3430,3084,3063,3020,2896,9797.156398,15016.666667,17536.842105,10371.513353,10091.279070,9551.627907,8212.176814,-0.015263,0.092395,0.023417,-0.050582,-0.016770,-0.025066,-0.058536
799900,3,posture_hold,1.0677,ThumbUp,Fist,3040,3339,3426,3107,3059,3027,2900,9797.156398,15016.666667,17411.659193,10692.105263,10039.189189,9636.516854,8251.046025,-0.015263,0.092395,0.016112,-0.021235,-0.021845,-0.016401,-0.054080
799950,3,posture_hold,1.1299,ThumbUp,Fist,3041,3325,3441,3100,3049,3025,2901,9809.677419,14681.818182,17888.990826,10592.964824,9910.707457,9612.149533,8260.804020,-0.014004,0.068036,0.043968,-0.030310,-0.034364,-0.018888,-0.052961
800000,3,posture_hold,1.1709,ThumbUp,Fist,3043,3352,3439,3100,3023,2999,2893,9834.790875,15338.896366,17824.085366,10592.964824,9587.873134,9303.467153,8183.194676,-0.011480,0.115836,0.040180,-0.030310,-0.065819,-0.050396,-0.061858
800050,3,posture_hold,1.2339,ThumbUp,Fist,3041,3306,3412,3091,3030,3005,2901,9809.677419,14246.387833,16985.065886,10467.529880,9673.239437,9373.394495,8260.804020,-0.014004,0.036361,-0.008784,-0.041792,-0.057501,-0.043258,-0.052961
800100,3,posture_hold,1.2757,ThumbUp,Fist,3044,3338,3443,3093,3025,3000,2899,9847.383444,14992.338177,17954.294479,10495.209581,9612.149533,9315.068493,8241.304348,-0.010214,0.090625,0.047779,-0.039259,-0.063453,-0.049212,-0.055197
800150,3,posture_hold,1.3391,ThumbUp,Fist,3044,3326,3437,3085,3038,3007,2894,9847.383444,14705.331599,17759.574468,10385.148515,9772.185430,9396.875000,8192.839301,-0.010214,0.069747,0.036415,-0.049334,-0.047860,-0.040862,-0.060753
800200,3,posture_hold,1.3820,ThumbUp,Fist,3042,3362,3440,3089,3054,3016,2897,9822.222222,15594.542974,17856.488550,10439.960239,9974.639769,9503.614458,8221.869783,-0.012743,0.134433,0.042071,-0.044316,-0.028135,-0.029967,-0.057425
800250,3,posture_hold,1.4449,ThumbUp,Fist,3048,3330,3416,3114,3050,3016,2902,9897.994269,14800.000000,17105.154639,10792.660550,9923.444976,9503.614458,8270.578374,-0.005127,0.076634,-0.001775,-0.012030,-0.033123,-0.029967,-0.051840
800300,3,posture_hold,1.4877,ThumbUp,Fist,3056,3372,3443,3101,3026,3003,2895,10000.384986,15857.261411,17954.294479,10607.042254,9624.321796,9350.000000,8202.500000,0.005164,0.153545,0.047779,-0.029021,-0.062267,-0.045646,-0.059645
800350,3,posture_hold,1.5305,ThumbUp,Fist,3057,3331,3444,3059,3040,3019,2903,10013.294798,14823.821990,17987.096774,10039.189189,9797.156398,9539.591078,8280.369128,0.006462,0.078367,0.049693,-0.081003,-0.045427,-0.026295,-0.050718
800400,3,posture_hold,1.5944,ThumbUp,Fist,3065,3381,3456,3067,3057,3043,2898,10117.475728,16100.000000,18388.732394,10143.774319,10013.294798,9834.790875,8231.578947,0.016933,0.171203,0.073132,-0.071429,-0.024368,0.003837,-0.056311
800450,3,posture_hold,1.6362,ThumbUp,Fist,3068,3394,3458,3070,3058,3016,2893,10156.962025,16461.626248,18457.142857,10183.414634,10026.229508,9503.614458,8183.194676,0.020902,0.197509,0.077124,-0.067801,-0.023108,-0.029967,-0.061858
800500,3,posture_hold,1.6992,ThumbUp,Fist,3070,3331,3424,3082,3060,3029,2896,10183.414634,14823.821990,17349.627422,10344.323791,10052.173913,9660.975610,8212.176814,0.023561,0.078367,0.012492,-0.053071,-0.020580,-0.013905,-0.058536
800550,3,posture_hold,1.7416,ThumbUp,Fist,3061,3343,3442,3092,3059,3037,2897,10065.183752,15114.627660,17921.592649,10481.355932,10039.189189,9759.735350,8221.869783,0.011677,0.099521,0.045870,-0.040527,-0.021845,-0.003824,-0.057425
800600,3,posture_hold,1.7840,ThumbUp,Fist,3071,3341,3449,3091,3053,3035,2896,10196.679688,15065.517241,18152.631579,10467.529880,9961.804223,9734.905660,8212.176814,0.024894,0.095949,0.059353,-0.041792,-0.029385,-0.006359,-0.058536
800650,3,posture_hold,1.8479,ThumbUp,Fist,3068,3372,3436,3098,3069,3043,2895,10156.962025,15857.261411,17727.465857,10564.894684,10170.175439,9834.790875,8202.500000,0.020902,0.153545,0.034542,-0.032880,-0.009083,0.003837,-0.059645
800700,3,posture_hold,1.8896,ThumbUp,Fist,3070,3339,3429,3126,3080,3040,2913,10183.414634,15016.666667,17505.405405,10968.421053,10317.241379,9797.156398,8379.187817,0.023561,0.092395,0.021582,0.004060,0.005246,-0.000005,-0.039389
800750,3,posture_hold,1.9536,ThumbUp,Fist,3088,3352,3436,3098,3092,3030,2918,10426.216485,15338.896366,17727.465857,10564.894684,10481.355932,9673.239437,8429.226848,0.047966,0.115836,0.034542,-0.032880,0.021237,-0.012653,-0.033653
800800,3,posture_hold,1.9749,ThumbUp,Fist,3076,3348,3396,3099,3121,3010,2930,10263.395486,15238.554217,16518.454936,10578.915663,10894.661191,9432.258065,8551.072961,0.031600,0.108536,-0.036014,-0.031596,0.061507,-0.037250,-0.019684
800850,3,posture_hold,2.0383,ThumbUp,Fist,3075,3340,3443,3121,3088,2996,2932,10250.000000,15041.059603,17954.294479,10894.661191,10426.216485,9268.789809,8571.625107,0.030254,0.094170,0.047779,-0.002692,0.015864,-0.053935,-0.017328
800900,3,posture_hold,2.1015,ThumbUp,Fist,3161,3503,3662,3261,3244,3183,3085,11506.852248,20118.581081,28754.734411,13294.244604,12960.752056,11866.447368,10385.148515,0.156583,0.463537,0.678072,0.216968,0.262813,0.211208,0.190579
800950,3,posture_hold,2.1426,ThumbUp,Fist,3307,3846,3903,3503,3300,3366,3087,14268.781726,52515.662651,nan,20118.581081,14113.207547,15698.765432,10412.500000,0.434192,2.820279,nan,0.841674,0.375101,0.602372,0.193715
801000,3,posture_hold,2.1839,ThumbUp,Fist,3497,3737,2997,3252,3315,3407,3248,19882.608696,35491.061453,9280.327869,13116.014235,14450.000000,16836.918605,13038.016529,0.998452,1.581816,-0.458418,0.200652,0.407916,0.718543,0.494710
801050,3,posture_hold,2.2259,ThumbUp,Fist,3412,3729,3008,3234,3229,3457,3243,16985.065886,34640.983607,9408.647654,12770.731707,12677.367206,18422.884013,12941.549296,0.707212,1.519976,-0.450929,0.169045,0.235202,0.880423,0.483651
801100,3,posture_hold,2.2676,ThumbUp,Fist,3367,3628,3060,3217,3296,3428,3308,15725.000000,26413.704497,10052.173913,12457.630979,14025.531915,17474.062969,14291.232529,0.580560,0.921479,-0.413374,0.140383,0.366559,0.783577,0.638382
801150,3,posture_hold,2.3299,ThumbUp,Fist,3404,3594,3098,3186,3223,3414,3192,16749.059334,24390.419162,10564.894684,11916.831683,12566.743119,17044.933921,12018.604651,0.683491,0.774294,-0.383453,0.090878,0.224424,0.739775,0.377842
801200,3,posture_hold,2.3927,ThumbUp,Fist,3424,3508,3059,3139,3306,3302,3246,17349.627422,20318.909710,10039.189189,11163.807531,14246.387833,14157.377049,12999.293286,0.743855,0.478110,-0.414132,0.021945,0.388077,0.445043,0.490271
801250,3,posture_hold,2.4348,ThumbUp,Fist,3349,3455,3079,3129,3303,3305,3287,15263.538874,18354.687500,10303.740157,11013.043478,14179.545455,14224.050633,13831.435644,0.534177,0.335221,-0.398693,0.008144,0.381565,0.451848,0.585670
801300,3,posture_hold,2.4983,ThumbUp,Fist,3366,3469,3054,3127,3241,3207,3165,15698.765432,18841.214058,9974.639769,10983.264463,12903.278689,12279.054054,11570.967742,0.577923,0.370614,-0.417899,0.005418,0.257213,0.253322,0.326524
801350,3,posture_hold,2.5405,ThumbUp,Fist,3330,3417,3001,3150,3229,3194,3071,14800.000000,17135.398230,9326.691042,11333.333333,12677.367206,12052.830189,10196.679688,0.487586,0.246523,-0.455712,0.037464,0.235202,0.230232,0.168973
801400,3,posture_hold,2.5832,ThumbUp,Fist,3319,3474,3031,3149,3112,3199,3140,14542.010309,19020.289855,9685.526316,11317.758985,10763.784334,12139.062500,11179.057592,0.461655,0.383641,-0.434771,0.036038,0.048755,0.239033,0.281595
801450,3,posture_hold,2.6460,ThumbUp,Fist,3282,3403,3005,3118,3216,3167,3156,13725.461255,16719.942197,9373.394495,10850.767656,12439.590444,11603.232759,11427.476038,0.379581,0.216301,-0.452986,-0.006711,0.212035,0.184341,0.310074
801500,3,posture_hold,2.7083,ThumbUp,Fist,3306,3372,3020,3122,3150,3197,3200,14246.387833,15857.261411,9551.627907,10909.352518,11333.333333,12104.454343,12156.424581,0.431941,0.153545,-0.442585,-0.001348,0.104248,0.235501,0.393643
801550,3,posture_hold,2.7298,ThumbUp,Fist,3404,3376,3027,3091,3161,3156,3283,16749.059334,15964.394993,9636.516854,10467.529880,11506.852248,11427.476038,13746.551724,0.683491,0.161338,-0.437631,-0.041792,0.121155,0.166402,0.575939
801600,3,posture_hold,2.7923,ThumbUp,Fist,3345,3387,3042,3084,3225,3158,3187,15164.000000,16265.254237,9822.222222,10371.513353,12603.448276,11459.124867,11933.700441,0.524172,0.183224,-0.426794,-0.050582,0.228000,0.169632,0.368109
801650,3,posture_hold,2.8349,ThumbUp,Fist,3298,3431,3025,3108,3100,3150,3152,14069.259724,17568.373494,9612.149533,10706.382979,10592.964824,11333.333333,11364.581124,0.414137,0.278020,-0.439053,-0.019928,0.032111,0.156793,0.302864
801700,3,posture_hold,2.8767,ThumbUp,Fist,3290,3441,3008,3107,3142,3179,3249,13895.652174,17888.990826,9408.647654,10692.105263,11209.653725,11799.781659,13057.446809,0.396688,0.301344,-0.450929,-0.021235,0.092197,0.204403,0.496938
801750,3,posture_hold,2.9393,ThumbUp,Fist,3295,3483,3020,3097,3216,3129,3166,14003.750000,19350.000000,9551.627907,10550.901804,12439.590444,11013.043478,11587.082885,0.407553,0.407626,-0.442585,-0.034161,0.212035,0.124101,0.328372
801800,3,posture_hold,2.9818,ThumbUp,Fist,3330,3483,3015,3113,3129,3113,3193,14800.000000,19350.000000,9491.666667,10778.207739,11013.043478,10778.207739,12035.698448,0.487586,0.407626,-0.446084,-0.013353,0.073041,0.100131,0.379802
801850,3,posture_hold,3.0244,ThumbUp,Fist,3271,3447,3016,3098,3158,3116,3182,13496.844660,18086.111111,9503.614458,10564.894684,11459.124867,10821.654750,11849.726177,0.356602,0.315683,-0.445387,-0.032880,0.116504,0.104566,0.358482
801900,3,posture_hold,3.0883,ThumbUp,Fist,3258,3443,3026,3069,3251,3147,3218,13234.408602,17954.294479,9624.321796,10170.175439,13096.445498,11286.708861,12475.712657,0.330224,0.306094,-0.438343,-0.069013,0.276034,0.152034,0.430246
801950,3,posture_hold,3.1521,ThumbUp,Fist,3262,3384,3040,3115,3157,3164,3216,13314.285714,16182.278481,9797.156398,10807.142857,11443.283582,11554.887218,12439.590444,0.338253,0.177188,-0.428256,-0.010704,0.114961,0.179407,0.426105
802000,3,posture_hold,3.1939,ThumbUp,Fist,3275,3384,3007,3109,3099,3158,3195,13579.268293,16182.278481,9396.875000,10720.689655,10578.915663,11459.124867,12070.000000,0.364887,0.177188,-0.451616,-0.018618,0.030742,0.169632,0.383735
802050,3,posture_hold,3.2562,ThumbUp,Fist,3280,3390,3012,3085,3160,3125,3152,13683.435583,16348.936170,9455.955679,10385.148515,11490.909091,10953.608247,11364.581124,0.375357,0.189312,-0.448168,-0.049334,0.119601,0.118034,0.302864
802100,3,posture_hold,3.2987,ThumbUp,Fist,3328,3449,3004,3121,3116,3099,3133,14752.542373,18152.631579,9361.686526,10894.661191,10821.654750,10578.915663,11072.972973,0.482816,0.320523,-0.453670,-0.002692,0.054393,0.079789,0.269433
802150,3,posture_hold,3.3412,ThumbUp,Fist,3268,3466,2990,3117,3117,3072,3098,13435.550181,18735.135135,9200.000000,10836.196319,10836.196319,10209.970674,10564.894684,0.350442,0.362897,-0.463105,-0.008044,0.055810,0.042131,0.211186
802200,3,posture_hold,3.3829,ThumbUp,Fist,3265,3402,2995,3104,3111,3105,3172,13374.698795,16690.909091,9257.272727,10649.445005,10749.390244,10663.636364,11684.507042,0.344325,0.214189,-0.459763,-0.025140,0.047352,0.088437,0.339541
802250,3,posture_hold,3.4455,ThumbUp,Fist,3275,3467,3002,3131,3088,3095,3106,13579.268293,18770.382166,9338.334858,11042.946058,10426.216485,10523.000000,10677.856421,0.364887,0.365461,-0.455032,0.010882,0.015864,0.074082,0.224136
802300,3,posture_hold,3.4661,ThumbUp,Fist,3257,3499,2975,3060,3098,3107,3133,13214.558473,19960.738255,9031.250000,10052.173913,10564.894684,10692.105263,11072.972973,0.328229,0.452054,-0.472953,-0.079815,0.029376,0.091343,0.269433
802350,3,posture_hold,3.5501,ThumbUp,Fist,3271,3511,3016,3059,3178,3105,3128,13496.844660,20440.753425,9503.614458,10039.189189,11783.206107,10663.636364,10998.138573,0.356602,0.486973,-0.445387,-0.081003,0.148081,0.088437,0.260854
802400,3,posture_hold,3.5917,ThumbUp,Fist,3295,3421,3011,3049,3116,3064,3151,14003.750000,17257.270030,9444.095941,9910.707457,10821.654750,10104.364694,11348.940678,0.407553,0.255389,-0.448860,-0.092765,0.054393,0.031352,0.301071
802450,3,posture_hold,3.6337,ThumbUp,Fist,3276,3404,2991,3064,3087,3084,3204,13600.000000,16749.059334,9211.413043,10104.364694,10412.500000,10371.513353,12226.262626,0.366971,0.218419,-0.462439,-0.075037,0.014528,0.058620,0.401649
802500,3,posture_hold,3.6755,ThumbUp,Fist,3295,3378,3002,3060,3074,3058,3154,14003.750000,16018.410042,9338.334858,10052.173913,10236.630754,10026.229508,11395.961743,0.407553,0.165268,-0.455032,-0.079815,-0.002608,0.023377,0.306461
802550,3,posture_hold,3.7377,ThumbUp,Fist,3289,3350,2986,3040,3043,3090,3110,13874.193548,15288.590604,9154.553652,9797.156398,9834.790875,10453.731343,10735.025381,0.394531,0.112176,-0.465757,-0.103159,-0.041761,0.067012,0.230690
802600,3,posture_hold,3.7992,ThumbUp,Fist,3286,3266,2995,3061,3074,3056,3139,13810.135970,13394.933655,9257.272727,10065.183752,10236.630754,10000.384986,11163.807531,0.388092,-0.025579,-0.459763,-0.078624,-0.002608,0.020739,0.279846
802650,3,posture_hold,3.8414,ThumbUp,Fist,3263,3298,2998,3040,3046,3046,3115,13334.375000,14069.259724,9291.886964,9797.156398,9872.640610,9872.640610,10807.142857,0.340272,0.023476,-0.457743,-0.103159,-0.038073,0.007700,0.238958
802700,3,posture_hold,3.9040,ThumbUp,Fist,3289,3347,2991,3057,3065,3037,3059,13874.193548,15213.636364,9211.413043,10013.294798,10117.475728,9759.735350,10039.189189,0.394531,0.106724,-0.462439,-0.083374,-0.014217,-0.003824,0.150917
802750,3,posture_hold,3.9251,ThumbUp,Fist,3271,3282,2995,3023,3063,3034,3052,13496.844660,13725.461255,9257.272727,9587.873134,10091.279070,9722.525919,9948.993289,0.356602,-0.001534,-0.459763,-0.122317,-0.016770,-0.007622,0.140577
802800,3,posture_hold,3.9883,ThumbUp,Fist,3274,3327,2998,3031,3110,3032,3041,13558.587089,14728.906250,9291.886964,9685.526316,10735.025381,9697.836312,9809.677419,0.362808,0.071462,-0.457743,-0.113378,0.045953,-0.010142,0.124606
802850,3,posture_hold,4.0309,ThumbUp,Fist,3275,3344,2976,3012,3058,3037,3047,13579.268293,15139.280959,9042.359249,9455.955679,10026.229508,9759.735350,9885.305344,0.364887,0.101315,-0.472305,-0.134393,-0.023108,-0.003824,0.133276
802900,3,posture_hold,4.0951,ThumbUp,Fist,3276,3288,2985,3086,3069,3026,3057,13600.000000,13852.788104,9143.243243,10398.810704,10170.175439,9624.321796,10013.294798,0.366971,0.007728,-0.466418,-0.048083,-0.009083,-0.017646,0.147949
802950,3,posture_hold,4.1589,ThumbUp,Fist,3293,3357,2992,3057,3097,3019,3096,13960.349127,15465.853659,9222.846782,10013.294798,10550.901804,9539.591078,10536.936937,0.403190,0.125072,-0.461772,-0.083374,0.028013,-0.026295,0.207980
803000,3,posture_hold,4.2006,ThumbUp,Fist,3266,3343,3008,3009,3080,3021,3028,13394.933655,15114.627660,9408.647654,9420.441989,10317.241379,9563.687151,9648.734770,0.346359,0.099521,-0.450929,-0.137644,0.005246,-0.023835,0.106155
803050,3,posture_hold,4.2219,ThumbUp,Fist,3280,3322,2993,3051,3119,3038,3077,13683.435583,14611.642950,9234.301270,9936.206897,10865.368852,9772.185430,10276.817289,0.375357,0.062932,-0.461104,-0.090430,0.058652,-0.002554,0.178160
803100,3,posture_hold,4.2853,ThumbUp,Fist,3253,3319,3012,3025,3132,3042,3070,13135.629454,14542.010309,9455.955679,9612.149533,11057.943925,9822.222222,10183.414634,0.320296,0.057866,-0.448168,-0.120095,0.077416,0.002554,0.167452
803150,3,posture_hold,4.3491,ThumbUp,Fist,3255,3347,3019,3048,3118,3026,3038,13175.000000,15213.636364,9539.591078,9897.994269,10850.767656,9624.321796,9772.185430,0.324253,0.106724,-0.443287,-0.093928,0.057230,-0.017646,0.120307
803200,3,posture_hold,4.3702,ThumbUp,Fist,3245,3279,2981,2977,3083,3021,3061,12980.000000,13662.500000,9098.204668,9053.488372,10357.905138,9563.687151,10065.183752,0.304653,-0.006114,-0.469046,-0.171235,0.009208,-0.023835,0.153897
803250,3,posture_hold,4.4545,ThumbUp,Fist,3275,3333,2973,2999,3042,2992,3054,13579.268293,14871.653543,9009.090909,9303.467153,9822.222222,9222.846782,9974.639769,0.364887,0.081846,-0.474246,-0.148352,-0.042985,-0.058625,0.143517
803300,3,posture_hold,4.4757,ThumbUp,Fist,3344,3351,2975,2993,3048,2984,3009,15139.280959,15313.709677,9031.250000,9234.301270,9897.994269,9131.953195,9420.441989,0.521688,0.114004,-0.472953,-0.154683,-0.035602,-0.067902,0.079983
803350,3,posture_hold,4.5178,ThumbUp,Fist,3294,3314,2966,3028,3061,3001,3023,13982.022472,14427.144686,8932.152347,9648.734770,10065.183752,9326.691042,9587.873134,0.405369,0.049510,-0.478736,-0.116746,-0.019312,-0.048025,0.099177
803400,3,posture_hold,4.5803,ThumbUp,Fist,3282,3309,2974,3013,3069,2987,3028,13725.461255,14313.740458,9020.160571,9467.837338,10170.175439,9165.884477,9648.734770,0.379581,0.041260,-0.473600,-0.133305,-0.009083,-0.064439,0.106155
803450,3,posture_hold,4.6434,ThumbUp,Fist,3280,3315,2973,3000,3050,2958,2999,13683.435583,14450.000000,9009.090909,9315.068493,9923.444976,8845.382586,9303.467153,0.375357,0.051173,-0.474246,-0.147290,-0.033123,-0.097152,0.066572
803500,3,posture_hold,4.6641,ThumbUp,Fist,3286,3328,2968,3024,3052,2990,3060,13810.135970,14752.542373,8954.037267,9600.000000,9948.993289,9200.000000,10052.173913,0.388092,0.073181,-0.477459,-0.121207,-0.030633,-0.060957,0.152406
803550,3,posture_hold,4.7479,ThumbUp,Fist,3308,3389,2975,2981,3085,2993,3039,14291.232529,16320.963173,9031.250000,9098.204668,10385.148515,9234.301270,9784.659091,0.436448,0.187277,-0.472953,-0.167142,0.011863,-0.057455,0.121737
803600,3,posture_hold,4.7687,ThumbUp,Fist,3328,3404,2987,3018,3063,2989,3044,14752.542373,16749.059334,9165.884477,9527.576602,10091.279070,9188.607595,9847.383444,0.482816,0.218419,-0.465096,-0.127837,-0.016770,-0.062119,0.128928
803650,3,posture_hold,4.8527,ThumbUp,Fist,3302,3368,2987,3008,3024,2983,3060,14157.377049,15751.306740,9165.884477,9408.647654,9600.000000,9120.683453,10052.173913,0.422994,0.145837,-0.465096,-0.138724,-0.064637,-0.069052,0.152406
803700,3,posture_hold,4.8943,ThumbUp,Fist,3307,3359,2998,3022,3089,2958,3042,14268.781726,15517.119565,9291.886964,9575.768872,10439.960239,8845.382586,9822.222222,0.434192,0.128801,-0.457743,-0.123425,0.017203,-0.097152,0.126044
803750,3,posture_hold,4.9362,ThumbUp,Fist,3315,3354,2994,3006,3037,2948,3073,14450.000000,15389.473684,9245.776567,9385.123967,9759.735350,8738.622493,10223.287671,0.452406,0.119515,-0.460434,-0.140877,-0.049073,-0.108049,0.172023
803800,3,posture_hold,4.9992,ThumbUp,Fist,3320,3398,2991,3010,3105,2964,3096,14565.161290,16575.609756,9211.413043,9432.258065,10663.636364,8910.344828,10536.936937,0.463982,0.205801,-0.462439,-0.136562,0.038997,-0.090522,0.207980
814700,4,open_reference,0.0212,Pinch,Fist,3158,3489,3714,3211,3075,3152,3063,11459.124867,19575.247525,33143.307087,12350.000000,10250.000000,11364.581124,10091.279070,nan,nan,nan,nan,nan,nan,nan
814750,4,open_reference,0.0636,Pinch,Fist,3141,3522,3746,3203,3094,3159,3059,11194.339623,20898.429319,36493.982808,12208.744395,10509.090909,11475.000000,10039.189189,nan,nan,nan,nan,nan,nan,nan
814800,4,open_reference,0.1269,Pinch,Fist,3122,3526,3770,3205,3071,3120,3044,10909.352518,21069.244288,39440.000000,12243.820225,10196.679688,10880.000000,9847.383444,nan,nan,nan,nan,nan,nan,nan
814850,4,open_reference,0.1691,Pinch,Fist,3143,3516,3608,3182,3068,3087,3018,11225.000000,20646.632124,25189.322382,11849.726177,10156.962025,10412.500000,9527.576602,nan,nan,nan,nan,nan,nan,nan
814900,4,open_reference,0.2114,Pinch,Fist,3135,3438,3678,3141,3088,3098,3021,11103.125000,17791.780822,29988.489209,11194.339623,10426.216485,10564.894684,9563.687151,nan,nan,nan,nan,nan,nan,nan
814950,4,open_reference,0.2748,Pinch,Fist,3126,3456,3694,3152,3088,3094,3023,10968.421053,18388.732394,31320.698254,11364.581124,10426.216485,10509.090909,9587.873134,nan,nan,nan,nan,nan,nan,nan
815000,4,open_reference,0.3170,Pinch,Fist,3149,3414,3662,3181,3068,3076,3005,11317.758985,17044.933921,28754.734411,11833.041575,10156.962025,10263.395486,9373.394495,nan,nan,nan,nan,nan,nan,nan
815050,4,open_reference,0.3592,Pinch,Fist,3146,3461,3664,3129,3083,3081,3008,11271.232877,18560.567823,28903.944316,11013.043478,10357.905138,10330.769231,9408.647654,nan,nan,nan,nan,nan,nan,nan
815100,4,open_reference,0.4225,Pinch,Fist,3123,3467,3643,3160,3068,3099,3007,10924.074074,18770.382166,27403.097345,11490.909091,10156.962025,10578.915663,9396.875000,nan,nan,nan,nan,nan,nan,nan
815150,4,open_reference,0.4647,Pinch,Fist,3119,3429,3692,3152,3070,3092,3021,10865.368852,17505.405405,31148.387097,11364.581124,10183.414634,10481.355932,9563.687151,nan,nan,nan,nan,nan,nan,nan
815200,4,open_reference,0.5078,Pinch,Fist,3124,3445,3665,3145,3058,3089,3031,10938.825953,18020.000000,28979.069767,11255.789474,10026.229508,10439.960239,9685.526316,nan,nan,nan,nan,nan,nan,nan
815250,4,open_reference,0.5711,Pinch,Fist,3111,3437,3713,3161,3059,3081,3037,10749.390244,17759.574468,33047.643979,11506.852248,10039.189189,10330.769231,9759.735350,nan,nan,nan,nan,nan,nan,nan
815300,4,open_reference,0.6133,Pinch,Fist,3114,3442,3700,3165,3041,3099,3039,10792.660550,17921.592649,31848.101266,11570.967742,9809.677419,10578.915663,9784.659091,nan,nan,nan,nan,nan,nan,nan
815350,4,open_reference,0.6554,Pinch,Fist,3124,3440,3758,3157,3064,3100,3046,10938.825953,17856.488550,37914.540059,11443.283582,10104.364694,10592.964824,9872.640610,nan,nan,nan,nan,nan,nan,nan
815400,4,open_reference,0.7186,Pinch,Fist,3125,3389,3753,3177,3065,3091,3042,10953.608247,16320.963173,37310.526316,11766.666667,10117.475728,10467.529880,9822.222222,nan,nan,nan,nan,nan,nan,nan
815450,4,open_reference,0.7821,Pinch,Fist,3116,3419,3678,3166,3052,3095,3035,10821.654750,17196.153846,29988.489209,11587.082885,9948.993289,10523.000000,9734.905660,nan,nan,nan,nan,nan,nan,nan
815500,4,open_reference,0.8031,Pinch,Fist,3104,3399,3699,3139,3055,3092,3031,10649.445005,16604.310345,31759.090909,11163.807531,9987.500000,10481.355932,9685.526316,nan,nan,nan,nan,nan,nan,nan
815550,4,open_reference,0.8652,Pinch,Fist,3115,3416,3703,3159,3042,3097,3041,10807.142857,17105.154639,32117.857143,11475.000000,9822.222222,10550.901804,9809.677419,nan,nan,nan,nan,nan,nan,nan
815600,4,open_reference,0.9487,Pinch,Fist,3127,3376,3689,3169,3044,3094,3036,10983.264463,15964.394993,30893.103448,11635.637149,9847.383444,10509.090909,9747.308782,nan,nan,nan,nan,nan,nan,nan
815650,4,open_reference,0.9488,Pinch,Fist,3104,3382,3688,3166,3063,3095,3032,10649.445005,16127.349229,30808.845209,11587.082885,10091.279070,10523.000000,9697.836312,nan,nan,nan,nan,nan,nan,nan
815700,4,open_reference,1.0106,Pinch,Fist,3103,3378,3665,3180,3053,3088,3022,10635.282258,16018.410042,28979.069767,11816.393443,9961.804223,10426.216485,9575.768872,nan,nan,nan,nan,nan,nan,nan
815750,4,open_reference,1.0944,Pinch,Fist,3089,3343,3709,3149,3037,3094,3012,10439.960239,15114.627660,32669.948187,11317.758985,9759.735350,10509.090909,9455.955679,nan,nan,nan,nan,nan,nan,nan
815800,4,open_reference,1.1149,Pinch,Fist,3098,3299,3668,3122,3040,3092,3011,10564.894684,14091.206030,29206.557377,10909.352518,9797.156398,10481.355932,9444.095941,nan,nan,nan,nan,nan,nan,nan
815850,4,open_reference,1.1780,Pinch,Fist,3089,3307,3613,3145,3036,3087,3014,10439.960239,14268.781726,25485.892116,11255.789474,9747.308782,10412.500000,9479.740981,nan,nan,nan,nan,nan,nan,nan
815900,4,open_reference,1.2206,Pinch,Fist,3104,3325,3610,3133,3037,3072,3010,10649.445005,14681.818182,25307.216495,11072.972973,9759.735350,10209.970674,9432.258065,nan,nan,nan,nan,nan,nan,nan
815950,4,open_reference,1.2626,Pinch,Fist,3127,3334,3662,3139,3042,3083,3022,10983.264463,14895.663601,28754.734411,11163.807531,9822.222222,10357.905138,9575.768872,nan,nan,nan,nan,nan,nan,nan
816000,4,open_reference,1.3264,Pinch,Fist,3151,3417,3652,3147,3039,3085,3031,11348.940678,17135.398230,28028.893905,11286.708861,9784.659091,10385.148515,9685.526316,nan,nan,nan,nan,nan,nan,nan
816050,4,open_reference,1.3690,Pinch,Fist,3136,3407,3699,3127,3040,3067,3023,11118.248175,16836.918605,31759.090909,10983.264463,9797.156398,10143.774319,9587.873134,nan,nan,nan,nan,nan,nan,nan
816100,4,open_reference,1.4115,Pinch,Fist,3092,3370,3641,3125,3050,3064,3023,10481.355932,15804.137931,27267.400881,10953.608247,9923.444976,10104.364694,9587.873134,nan,nan,nan,nan,nan,nan,nan
816150,4,open_reference,1.4748,Pinch,Fist,3097,3321,3671,3168,3067,3061,3016,10550.901804,14588.372093,29437.264151,11619.417476,10143.774319,10065.183752,9503.614458,nan,nan,nan,nan,nan,nan,nan
816200,4,open_reference,1.5165,Pinch,Fist,3118,3380,3665,3178,3049,3054,3004,10850.767656,16072.727273,28979.069767,11783.206107,9910.707457,9974.639769,9361.686526,nan,nan,nan,nan,nan,nan,nan
816250,4,open_reference,1.5804,Pinch,Fist,3105,3385,3584,3168,3061,3070,3016,10663.636364,16209.859155,23846.575342,11619.417476,10065.183752,10183.414634,9503.614458,nan,nan,nan,nan,nan,nan,nan
816300,4,open_reference,1.6230,Pinch,Fist,3086,3399,3667,3192,3055,3068,3023,10398.810704,16604.310345,29130.373832,12018.604651,9987.500000,10156.962025,9587.873134,nan,nan,nan,nan,nan,nan,nan
816350,4,open_reference,1.6864,Pinch,Fist,3115,3448,3633,3171,3038,3055,3035,10807.142857,18119.319938,26736.363636,11668.181818,9772.185430,9987.500000,9734.905660,nan,nan,nan,nan,nan,nan,nan
816400,4,open_reference,1.7079,Pinch,Fist,3112,3465,3591,3141,3056,3073,3011,10763.784334,18700.000000,24225.000000,11194.339623,10000.384986,10223.287671,9444.095941,nan,nan,nan,nan,nan,nan,nan
816450,4,open_reference,1.7709,Pinch,Fist,3132,3473,3612,3127,3048,3055,3007,11057.943925,18984.244373,25426.086957,10983.264463,9897.994269,9987.500000,9396.875000,nan,nan,nan,nan,nan,nan,nan
816500,4,open_reference,1.8136,Pinch,Fist,3135,3464,3577,3102,3022,3040,2997,11103.125000,18664.976228,23478.378378,10621.148036,9575.768872,9797.156398,9280.327869,nan,nan,nan,nan,nan,nan,nan
816550,4,open_reference,1.8768,Pinch,Fist,3120,3456,3612,3092,3042,3054,3011,10880.000000,18388.732394,25426.086957,10481.355932,9822.222222,9974.639769,9444.095941,nan,nan,nan,nan,nan,nan,nan
816600,4,open_reference,1.9180,Pinch,Fist,3107,3447,3621,3086,3041,3047,3015,10692.105263,18086.111111,25973.417722,10398.810704,9809.677419,9885.305344,9491.666667,nan,nan,nan,nan,nan,nan,nan
816650,4,open_reference,1.9605,Pinch,Fist,3102,3419,3630,3087,3027,3051,3002,10621.148036,17196.153846,26541.935484,10412.500000,9636.516854,9936.206897,9338.334858,nan,nan,nan,nan,nan,nan,nan
816700,4,open_reference,2.0027,Pinch,Fist,3098,3416,3543,3060,3055,3051,3008,10564.894684,17105.154639,21822.826087,10052.173913,9987.500000,9936.206897,9408.647654,nan,nan,nan,nan,nan,nan,nan
816750,4,open_reference,2.0660,Pinch,Fist,3090,3396,3606,3074,3048,3078,3019,10453.731343,16518.454936,25072.392638,10236.630754,9897.994269,10290.265487,9539.591078,nan,nan,nan,nan,nan,nan,nan
816800,4,open_reference,2.1296,Pinch,Fist,3102,3393,3538,3074,3050,3056,3021,10621.148036,16433.333333,21596.409336,10236.630754,9923.444976,10000.384986,9563.687151,nan,nan,nan,nan,nan,nan,nan
816850,4,open_reference,2.1507,Pinch,Fist,3101,3409,3632,3055,3066,3048,3021,10607.042254,16895.918367,26671.274298,9987.500000,10130.612245,9897.994269,9563.687151,nan,nan,nan,nan,nan,nan,nan
816900,4,open_reference,2.2346,Pinch,Fist,3093,3410,3515,3116,3071,3072,3012,10495.209581,16925.547445,20605.172414,10821.654750,10196.679688,10209.970674,9455.955679,nan,nan,nan,nan,nan,nan,nan
816950,4,open_reference,2.2556,Pinch,Fist,3099,3407,3591,3138,3073,3070,3006,10578.915663,16836.918605,24225.000000,11148.589342,10223.287671,10183.414634,9385.123967,nan,nan,nan,nan,nan,nan,nan
817000,4,open_reference,2.3178,Pinch,Fist,3094,3404,3614,3120,3069,3065,3020,10509.090909,16749.059334,25545.945946,10880.000000,10170.175439,10117.475728,9551.627907,nan,nan,nan,nan,nan,nan,nan
817050,4,open_reference,2.3597,Pinch,Fist,3098,3398,3562,3133,3057,3070,3021,10564.894684,16575.609756,22721.951220,11072.972973,10013.294798,10183.414634,9563.687151,nan,nan,nan,nan,nan,nan,nan
817100,4,open_reference,2.4233,Pinch,Fist,3126,3406,3573,3124,3065,3034,3010,10968.421053,16807.547170,23272.413793,10938.825953,10117.475728,9722.525919,9432.258065,nan,nan,nan,nan,nan,nan,nan
817150,4,open_reference,2.4658,Pinch,Fist,3115,3402,3568,3141,3090,3065,3007,10807.142857,16690.909091,23019.354839,11194.339623,10453.731343,10117.475728,9396.875000,nan,nan,nan,nan,nan,nan,nan
817200,4,open_reference,2.5075,Pinch,Fist,3113,3422,3574,3135,3056,3056,3015,10778.207739,17287.964339,23323.608445,11103.125000,10000.384986,10000.384986,9491.666667,nan,nan,nan,nan,nan,nan,nan
817250,4,open_reference,2.5706,Pinch,Fist,3119,3427,3564,3140,3055,3057,3007,10865.368852,17442.814371,22820.338983,11179.057592,9987.500000,10013.294798,9396.875000,nan,nan,nan,nan,nan,nan,nan
817300,4,open_reference,2.6136,Pinch,Fist,3115,3411,3561,3147,3077,3072,3006,10807.142857,16955.263158,22673.033708,11286.708861,10276.817289,10209.970674,9385.123967,nan,nan,nan,nan,nan,nan,nan
817350,4,open_reference,2.6765,Pinch,Fist,3103,3411,3555,3185,3077,3061,3004,10635.282258,16955.263158,22383.333333,11900.000000,10276.817289,10065.183752,9361.686526,nan,nan,nan,nan,nan,nan,nan
817400,4,open_reference,2.7188,Pinch,Fist,3099,3390,3573,3155,3084,3056,2992,10578.915663,16348.936170,23272.413793,11411.702128,10371.513353,10000.384986,9222.846782,nan,nan,nan,nan,nan,nan,nan
817450,4,open_reference,2.7614,Pinch,Fist,3096,3378,3541,3122,3088,3067,2995,10536.936937,16018.410042,21731.768953,10909.352518,10426.216485,10143.774319,9257.272727,nan,nan,nan,nan,nan,nan,nan
817500,4,open_reference,2.8253,Pinch,Fist,3081,3398,3625,3111,3086,3039,2991,10330.769231,16575.609756,26223.404255,10749.390244,10398.810704,9784.659091,9211.413043,nan,nan,nan,nan,nan,nan,nan
817550,4,open_reference,2.8671,Pinch,Fist,3088,3402,3535,3104,3082,3054,2987,10426.216485,16690.909091,21462.500000,10649.445005,10344.323791,9974.639769,9165.884477,nan,nan,nan,nan,nan,nan,nan
817600,4,open_reference,2.9308,Pinch,Fist,3087,3405,3545,3139,3085,3065,2988,10412.500000,16778.260870,21914.545455,11163.807531,10385.148515,10117.475728,9177.235772,nan,nan,nan,nan,nan,nan,nan
817650,4,open_reference,2.9730,Pinch,Fist,3075,3400,3586,3116,3082,3087,2990,10250.000000,16633.093525,23953.634578,10821.654750,10344.323791,10412.500000,9200.000000,nan,nan,nan,nan,nan,nan,nan
817700,4,open_reference,3.0152,Pinch,Fist,3086,3395,3576,3097,3068,3073,2989,10398.810704,16490.000000,23426.589595,10550.901804,10156.962025,10223.287671,9188.607595,nan,nan,nan,nan,nan,nan,nan
817750,4,open_reference,3.0575,Pinch,Fist,3077,3375,3526,3117,3070,3082,2996,10276.817289,15937.500000,21069.244288,10836.196319,10183.414634,10344.323791,9268.789809,nan,nan,nan,nan,nan,nan,nan
817800,4,open_reference,3.1215,Pinch,Fist,3072,3385,3568,3131,3064,3072,2991,10209.970674,16209.859155,23019.354839,11042.946058,10104.364694,10209.970674,9211.413043,nan,nan,nan,nan,nan,nan,nan
817850,4,open_reference,3.1638,Pinch,Fist,3070,3358,3538,3118,3060,3059,2987,10183.414634,15491.451832,21596.409336,10850.767656,10052.173913,10039.189189,9165.884477,nan,nan,nan,nan,nan,nan,nan
817900,4,open_reference,3.2065,Pinch,Fist,3075,3324,3581,3090,3058,3061,2998,10250.000000,14658.365759,23687.548638,10453.731343,10026.229508,10065.183752,9291.886964,nan,nan,nan,nan,nan,nan,nan
817950,4,open_reference,3.2909,Pinch,Fist,3065,3341,3628,3101,3060,3054,2995,10117.475728,15065.517241,26413.704497,10607.042254,10052.173913,9974.639769,9257.272727,nan,nan,nan,nan,nan,nan,nan
818000,4,open_reference,3.3123,Pinch,Fist,3066,3341,3518,3090,3049,3055,2988,10130.612245,15065.517241,20729.982669,10453.731343,9910.707457,9987.500000,9177.235772,nan,nan,nan,nan,nan,nan,nan
818050,4,open_reference,3.3545,Pinch,Fist,3057,3342,3567,3099,3057,3055,2989,10013.294798,15090.039841,22969.318182,10578.915663,10013.294798,9987.500000,9188.607595,nan,nan,nan,nan,nan,nan,nan
818100,4,open_reference,3.4388,Pinch,Fist,3056,3368,3562,3095,3066,3033,2990,10000.384986,15751.306740,22721.951220,10523.000000,10130.612245,9710.169492,9200.000000,nan,nan,nan,nan,nan,nan,nan
818150,4,open_reference,3.4601,Pinch,Fist,3056,3395,3513,3098,3037,3028,2977,10000.384986,16490.000000,20522.680412,10564.894684,9759.735350,9648.734770,9053.488372,nan,nan,nan,nan,nan,nan,nan
818200,4,open_reference,3.5022,Pinch,Fist,3053,3396,3540,3119,3046,3050,2980,9961.804223,16518.454936,21686.486486,10865.368852,9872.640610,9923.444976,9086.995516,nan,nan,nan,nan,nan,nan,nan
818250,4,open_reference,3.5646,Pinch,Fist,3051,3406,3496,3108,3050,3057,2985,9936.206897,16807.547170,19843.739566,10706.382979,9923.444976,10013.294798,9143.243243,nan,nan,nan,nan,nan,nan,nan
818300,4,open_reference,3.6069,Pinch,Fist,3058,3386,3599,3106,3034,3037,2987,10026.229508,16237.517630,24670.564516,10677.856421,9722.525919,9759.735350,9165.884477,nan,nan,nan,nan,nan,nan,nan
818350,4,open_reference,3.6489,Pinch,Fist,3067,3373,3574,3114,3050,3056,2983,10143.774319,15883.933518,23323.608445,10792.660550,9923.444976,10000.384986,9120.683453,nan,nan,nan,nan,nan,nan,nan
818400,4,open_reference,3.7125,Pinch,Fist,3063,3386,3607,3134,3039,3057,2981,10091.279070,16237.517630,25130.737705,11088.033299,9784.659091,10013.294798,9098.204668,nan,nan,nan,nan,nan,nan,nan
818450,4,open_reference,3.7534,Pinch,Fist,3066,3399,3625,3126,3039,3054,3009,10130.612245,16604.310345,26223.404255,10968.421053,9784.659091,9974.639769,9420.441989,nan,nan,nan,nan,nan,nan,nan
818500,4,open_reference,3.8173,Pinch,Fist,3062,3387,3577,3089,3041,3055,3011,10078.218780,16265.254237,23478.378378,10439.960239,9809.677419,9987.500000,9444.095941,nan,nan,nan,nan,nan,nan,nan
818550,4,open_reference,3.8591,Pinch,Fist,3055,3401,3562,3088,3040,3053,3013,9987.500000,16661.959654,22721.951220,10426.216485,9797.156398,9961.804223,9467.837338,nan,nan,nan,nan,nan,nan,nan
818600,4,open_reference,3.9229,Pinch,Fist,3062,3406,3532,3099,3020,3047,2988,10078.218780,16807.547170,21330.017762,10578.915663,9551.627907,9885.305344,9177.235772,nan,nan,nan,nan,nan,nan,nan
818650,4,open_reference,3.9651,Pinch,Fist,3061,3405,3494,3087,3018,3051,3000,10065.183752,16778.260870,19766.389351,10412.500000,9527.576602,9936.206897,9315.068493,nan,nan,nan,nan,nan,nan,nan
818750,4,posture_hold,0.0424,Pinch,Fist,3058,3393,3471,3108,3014,3041,2990,10026.229508,16433.333333,18912.500000,10706.382979,9479.740981,9809.677419,9200.000000,-0.026938,-0.008583,-0.173940,-0.009325,-0.055728,-0.019070,-0.006805
818800,4,posture_hold,0.1058,Pinch,Fist,3059,3406,3421,3106,3035,3046,2992,10039.189189,16807.547170,17257.270030,10677.856421,9734.905660,9872.640610,9222.846782,-0.025680,0.013993,-0.246237,-0.011964,-0.030311,-0.012774,-0.004338
818850,4,posture_hold,0.1480,Pinch,Fist,3056,3389,3489,3129,3054,3033,3000,10000.384986,16320.963173,19575.247525,11013.043478,9974.639769,9710.169492,9315.068493,-0.029446,-0.015363,-0.144993,0.019051,-0.006431,-0.029020,0.005618
818900,4,posture_hold,0.1903,Pinch,Fist,3087,3386,3457,3128,3043,3025,2998,10412.500000,16237.517630,18422.884013,10998.138573,9834.790875,9612.149533,9291.886964,0.010550,-0.020397,-0.195326,0.017672,-0.020361,-0.038822,0.003115
818950,4,posture_hold,0.2536,Pinch,Fist,3081,3361,3446,3105,3067,3055,3002,10330.769231,15568.664850,18053.004622,10663.636364,10143.774319,9987.500000,9338.334858,0.002618,-0.060749,-0.211481,-0.013280,0.010416,-0.001288,0.008129
819000,4,posture_hold,0.2948,Pinch,Fist,3082,3366,3456,3138,3063,3050,2991,10344.323791,15698.765432,18388.732394,11148.589342,10091.279070,9923.444976,9211.413043,0.003934,-0.052900,-0.196817,0.031593,0.005187,-0.007694,-0.005572
819050,4,posture_hold,0.3368,Pinch,Fist,3102,3362,3469,3165,3088,3046,2992,10621.148036,15594.542974,18841.214058,11570.967742,10426.216485,9872.640610,9222.846782,0.030800,-0.059187,-0.177054,0.070676,0.038550,-0.012774,-0.004338
819100,4,posture_hold,0.3997,Pinch,Fist,3110,3373,3441,3155,3090,3072,2996,10735.025381,15883.933518,17888.990826,11411.702128,10453.731343,10209.970674,9268.789809,0.041852,-0.041729,-0.218645,0.055939,0.041291,0.020958,0.000622
819150,4,posture_hold,0.4409,Pinch,Fist,3098,3379,3469,3155,3054,3074,2995,10564.894684,16045.530726,18841.214058,11411.702128,9974.639769,10236.630754,9257.272727,0.025340,-0.031979,-0.177054,0.055939,-0.006431,0.023624,-0.000622
819200,4,posture_hold,0.5037,Pinch,Fist,3109,3372,3465,3130,3038,3085,2984,10720.689655,15857.261411,18700.000000,11027.979275,9772.185430,10385.148515,9131.953195,0.040460,-0.043338,-0.183222,0.020433,-0.026597,0.038475,-0.014151
819250,4,posture_hold,0.5445,Pinch,Fist,3120,3343,3433,3145,3048,3070,2990,10880.000000,15114.627660,17631.722054,11255.789474,9897.994269,10183.414634,9200.000000,0.055922,-0.088140,-0.229882,0.041512,-0.014066,0.018302,-0.006805
819300,4,posture_hold,0.5859,Pinch,Fist,3120,3340,3427,3155,3072,3083,2991,10880.000000,15041.059603,17442.814371,11411.702128,10209.970674,10357.905138,9211.413043,0.055922,-0.092579,-0.238133,0.055939,0.017010,0.035751,-0.005572
819350,4,posture_hold,0.6485,Pinch,Fist,3125,3359,3454,3120,3053,3095,2966,10953.608247,15517.119565,18320.748830,10880.000000,9961.804223,10523.000000,8932.152347,0.063066,-0.063858,-0.199787,0.006740,-0.007710,0.052259,-0.035720
819400,4,posture_hold,0.6907,Pinch,Fist,3130,3352,3438,3102,3060,3113,2980,11027.979275,15338.896366,17791.780822,10621.148036,10052.173913,10778.207739,9086.995516,0.070283,-0.074610,-0.222891,-0.017212,0.001292,0.077779,-0.019004
819450,4,posture_hold,0.7540,Pinch,Fist,3134,3394,3451,3116,3069,3114,2991,11088.033299,16461.626248,18219.565217,10821.654750,10170.175439,10792.660550,9211.413043,0.076112,-0.006877,-0.204206,0.001341,0.013046,0.079225,-0.005572
819500,4,posture_hold,0.7954,Pinch,Fist,3124,3389,3473,3091,3057,3068,3009,10938.825953,16320.963173,18984.244373,10467.529880,10013.294798,10156.962025,9420.441989,0.061631,-0.015363,-0.170806,-0.031426,-0.002581,0.015657,0.016993
819550,4,posture_hold,0.8379,Pinch,Fist,3113,3371,3440,3063,3073,3088,3006,10778.207739,15830.662983,17856.488550,10091.279070,10223.287671,10426.216485,9385.123967,0.046043,-0.044942,-0.220065,-0.066241,0.018337,0.042582,0.013181
819600,4,posture_hold,0.9014,Pinch,Fist,3086,3373,3484,3071,3042,3086,2995,10398.810704,15883.933518,19387.234043,10196.679688,9822.222222,10398.810704,9257.272727,0.009222,-0.041729,-0.153205,-0.056488,-0.021613,0.039841,-0.000622
819650,4,posture_hold,0.9650,Pinch,Fist,3098,3372,3472,3075,3008,3069,3007,10564.894684,15857.261411,18948.314607,10250.000000,9408.647654,10170.175439,9396.875000,0.025340,-0.043338,-0.172376,-0.051555,-0.062809,0.016978,0.014449
819700,4,posture_hold,0.9865,Pinch,Fist,3086,3364,3464,3073,3037,3091,3023,10398.810704,15646.511628,18664.976228,10223.287671,9759.735350,10467.529880,9587.873134,0.009222,-0.056052,-0.184751,-0.054026,-0.027838,0.046713,0.035069
819750,4,posture_hold,1.0495,Pinch,Fist,3068,3376,3471,3091,3045,3071,3020,10156.962025,15964.394993,18912.500000,10467.529880,9860.000000,10196.679688,9551.627907,-0.014250,-0.036874,-0.173940,-0.031426,-0.017850,0.019629,0.031156
819800,4,posture_hold,1.0915,Pinch,Fist,3065,3357,3486,3111,3044,3094,3009,10117.475728,15465.853659,19462.068966,10749.390244,9847.383444,10509.090909,9420.441989,-0.018082,-0.066951,-0.149936,-0.005345,-0.019107,0.050869,0.016993
819850,4,posture_hold,1.1340,Pinch,Fist,3061,3352,3473,3096,3076,3086,3038,10065.183752,15338.896366,18984.244373,10536.936937,10263.395486,10398.810704,9772.185430,-0.023157,-0.074610,-0.170806,-0.025004,0.022332,0.039841,0.054966
819900,4,posture_hold,1.2189,Pinch,Fist,3069,3376,3428,3095,3048,3107,3022,10170.175439,15964.394993,17474.062969,10523.000000,9897.994269,10692.105263,9575.768872,-0.012968,-0.036874,-0.236768,-0.026293,-0.014066,0.069169,0.033762
819950,4,posture_hold,1.2403,Pinch,Fist,3081,3375,3465,3095,3054,3062,3013,10330.769231,15937.500000,18700.000000,10523.000000,9974.639769,10078.218780,9467.837338,0.002618,-0.038497,-0.183222,-0.026293,-0.006431,0.007783,0.022110
820000,4,posture_hold,1.2826,Pinch,Fist,3083,3341,3480,3113,3058,3074,3030,10357.905138,15065.517241,19239.024390,10778.207739,10026.229508,10236.630754,9673.239437,0.005252,-0.091103,-0.159678,-0.002679,-0.001292,0.023624,0.044284
820050,4,posture_hold,1.3459,Pinch,Fist,3093,3360,3523,3115,3056,3075,3040,10495.209581,15542.857143,20940.909091,10807.142857,10000.384986,10250.000000,9797.156398,0.018577,-0.062306,-0.085343,-0.000001,-0.003867,0.024961,0.057662
820100,4,posture_hold,1.3883,Pinch,Fist,3104,3355,3505,3109,3055,3088,3034,10649.445005,15414.864865,20198.305085,10720.689655,9987.500000,10426.216485,9722.525919,0.033546,-0.070027,-0.117779,-0.008001,-0.005150,0.042582,0.049605
820150,4,posture_hold,1.4519,Pinch,Fist,3107,3359,3485,3114,3064,3108,3031,10692.105263,15517.119565,19424.590164,10792.660550,10104.364694,10706.382979,9685.526316,0.037686,-0.063858,-0.151573,-0.001341,0.006491,0.070597,0.045611
820200,4,posture_hold,1.4931,Pinch,Fist,3151,3424,3511,3132,3086,3169,3154,11348.940678,17349.627422,20440.753425,11057.943925,10398.810704,11635.637149,11395.961743,0.101433,0.046696,-0.107189,0.023206,0.035820,0.163519,0.230263
820250,4,posture_hold,1.5567,Pinch,Fist,3256,3498,3635,3145,3133,3277,3153,13194.755662,19921.608040,26867.391304,11255.789474,11072.972973,13620.782396,11380.254777,0.280573,0.201863,0.173514,0.041512,0.102973,0.362026,0.228567
820300,4,posture_hold,1.5987,Pinch,Fist,3453,3696,3823,3325,3259,3363,3272,18286.915888,31494.736842,47787.500000,14681.818182,13254.306220,15620.491803,13517.375456,0.774775,0.900065,1.087262,0.358527,0.320255,0.561989,0.459282
820350,4,posture_hold,1.6399,Pinch,Fist,3485,3724,3984,3257,3438,3412,3284,19424.590164,34128.301887,nan,13214.558473,17791.780822,16985.065886,13767.694205,0.885188,1.058947,nan,0.222760,0.772231,0.698441,0.486305
820400,4,posture_hold,1.6815,Pinch,Fist,3480,3818,3981,3259,3432,3371,3245,19239.024390,46863.537906,nan,13254.306220,17600.000000,15830.662983,12980.000000,0.867179,1.827259,nan,0.226438,0.753127,0.583005,0.401269
820450,4,posture_hold,1.7438,Pinch,Fist,3436,3694,3957,3198,3441,3451,3229,17727.465857,31320.698254,nan,12121.739130,17888.990826,18219.565217,12677.367206,0.720480,0.889565,nan,0.121640,0.781914,0.821886,0.368598
820500,4,posture_hold,1.8071,Pinch,Fist,3385,3696,3929,3260,3341,3314,3333,16209.859155,31494.736842,nan,13274.251497,15065.517241,14427.144686,14871.653543,0.573193,0.900065,nan,0.228283,0.500669,0.442659,0.605485
820550,4,posture_hold,1.8499,Pinch,Fist,3344,3689,3877,3305,3353,3287,3281,15139.280959,30893.103448,60466.972477,14224.050633,15364.150943,13831.435644,13704.422604,0.469292,0.863769,1.641076,0.316169,0.530416,0.383090,0.479475
820600,4,posture_hold,1.8919,Pinch,Fist,3354,3532,3901,3223,3291,3250,3293,15389.473684,21330.017762,nan,12566.743119,13917.164179,13076.923077,13960.349127,0.493574,0.286832,nan,0.162817,0.386282,0.307642,0.507104
820650,4,posture_hold,1.9560,Pinch,Fist,3364,3613,3854,3323,3235,3249,3246,15646.511628,25485.892116,54371.784232,14634.974093,12789.534884,13057.446809,12999.293286,0.518520,0.537554,1.374850,0.354193,0.273959,0.305694,0.403352
820700,4,posture_hold,2.0193,Pinch,Fist,3425,3494,3824,3310,3193,3173,3271,17380.597015,19766.389351,47976.383764,14336.305732,12035.698448,11700.867679,13496.844660,0.686815,0.192498,1.095512,0.326557,0.198870,0.170042,0.457066
820750,4,posture_hold,2.0409,Pinch,Fist,3377,3658,3812,3338,3179,3167,3311,15991.364903,28460.411899,45797.879859,14992.338177,11799.781659,11603.232759,14358.928571,0.551988,0.717005,1.000359,0.387260,0.175371,0.160279,0.550133
820800,4,posture_hold,2.1043,Pinch,Fist,3356,3539,3798,3273,3161,3212,3341,15440.324763,21641.366906,43478.787879,13537.956204,11506.852248,12367.836920,15065.517241,0.498509,0.305615,0.899066,0.252684,0.146192,0.236736,0.626413
820850,4,posture_hold,2.1461,Pinch,Fist,3397,3574,3693,3229,3164,3179,3305,16546.991404,23323.608445,31234.328358,12677.367206,11554.887218,11799.781659,14224.050633,0.605913,0.407104,0.364253,0.173053,0.150977,0.179933,0.535572
820900,4,posture_hold,2.1875,Pinch,Fist,3387,3547,3711,3258,3145,3221,3309,16265.254237,22006.934307,32857.812500,13234.408602,11255.789474,12530.205950,14313.740458,0.578570,0.327670,0.435163,0.224597,0.121184,0.252972,0.545254
820950,4,posture_hold,2.2557,Pinch,Fist,3393,3623,3785,3248,3156,3261,3256,16433.333333,26097.881356,41512.903226,13038.016529,11427.476038,13294.244604,13194.755662,0.594882,0.574475,0.813200,0.206424,0.138285,0.329373,0.424453
821000,4,posture_hold,2.2977,Pinch,Fist,3361,3509,3676,3206,3148,3284,3237,15568.664850,20359.385666,29829.116945,12261.417323,11302.217529,13767.694205,12827.272727,0.510964,0.228274,0.302876,0.134564,0.125808,0.376716,0.384781
821050,4,posture_hold,2.3405,Pinch,Fist,3370,3489,3681,3272,3143,3198,3255,15804.137931,19575.247525,30230.434783,13517.375456,11225.000000,12121.739130,13175.000000,0.533817,0.180967,0.320405,0.250780,0.118117,0.212127,0.422321
821100,4,posture_hold,2.4040,Pinch,Fist,3355,3631,3717,3183,3156,3186,3270,15414.864865,26606.465517,33433.333333,11866.447368,11427.476038,11916.831683,13476.363636,0.496038,0.605158,0.460301,0.098017,0.138285,0.191637,0.454855
821150,4,posture_hold,2.4469,Pinch,Fist,3350,3551,3748,3222,3157,3184,3254,15288.590604,22193.750000,36723.919308,12548.453608,11443.283582,11883.205269,13155.291320,0.483783,0.338940,0.604027,0.161124,0.139860,0.188275,0.420193
821200,4,posture_hold,2.4897,Pinch,Fist,3311,3660,3625,3174,3145,3156,3273,14358.928571,28606.896552,26223.404255,11717.263844,11255.789474,11427.476038,13537.956204,0.393558,0.725843,0.145385,0.084213,0.121184,0.142704,0.461504
821250,4,posture_hold,2.5537,Pinch,Fist,3319,3636,3608,3163,3132,3169,3255,14542.010309,26933.333333,25189.322382,11538.841202,11057.943925,11635.637149,13175.000000,0.411326,0.624877,0.100219,0.067704,0.101476,0.163519,0.422321
821300,4,posture_hold,2.5946,Pinch,Fist,3304,3492,3707,3179,3130,3179,3234,14201.769912,19689.552239,32484.020619,11799.781659,11027.979275,11799.781659,12770.731707,0.378305,0.187863,0.418837,0.091849,0.098492,0.179933,0.378677
821350,4,posture_hold,2.6579,Pinch,Fist,3271,3466,3659,3255,3164,3153,3249,13496.844660,18735.135135,28533.486239,13175.000000,11554.887218,11380.254777,13057.446809,0.309891,0.130283,0.246285,0.219099,0.150977,0.137982,0.409630
821400,4,posture_hold,2.6992,Pinch,Fist,3300,3506,3684,3264,3123,3173,3270,14113.207547,20238.370119,30475.912409,13354.512635,10924.074074,11700.867679,13476.363636,0.369710,0.220973,0.331126,0.235710,0.088142,0.170042,0.454855
821450,4,posture_hold,2.7629,Pinch,Fist,3308,3582,3645,3259,3107,3189,3244,14291.232529,23740.350877,27540.000000,13254.306220,10692.105263,11967.549669,12960.752056,0.386988,0.432246,0.202892,0.226438,0.065035,0.196709,0.399191
821500,4,posture_hold,2.7844,Pinch,Fist,3280,3585,3651,3229,3111,3209,3253,13683.435583,23900.000000,27958.108108,12677.367206,10749.390244,12314.446953,13135.629454,0.328000,0.441878,0.221154,0.173053,0.070742,0.231397,0.418070
821550,4,posture_hold,2.8481,Pinch,Fist,3279,3612,3665,3233,3125,3170,3225,13662.500000,25426.086957,28979.069767,12751.972158,10953.608247,11651.891892,12603.448276,0.325968,0.533946,0.265747,0.179956,0.091084,0.165144,0.360618
821600,4,posture_hold,2.9116,Pinch,Fist,3267,3636,3706,3222,3099,3123,3198,13415.217391,26933.333333,32391.773779,12548.453608,10578.915663,10924.074074,12121.739130,0.301969,0.624877,0.414807,0.161124,0.053761,0.092365,0.308615
821650,4,posture_hold,2.9542,Pinch,Fist,3248,3567,3656,3204,3144,3197,3216,13038.016529,22969.318182,28315.261959,12226.262626,11240.378549,12104.454343,12439.590444,0.265361,0.385730,0.236754,0.131312,0.119649,0.210399,0.342929
821700,4,posture_hold,2.9960,Pinch,Fist,3250,3497,3649,3237,3120,3177,3204,13076.923077,19882.608696,27817.488789,12827.272727,10880.000000,11766.666667,12226.262626,0.269137,0.199510,0.215012,0.186924,0.083752,0.176621,0.319899
821750,4,posture_hold,3.0384,Pinch,Fist,3279,3581,3630,3226,3098,3195,3208,13662.500000,23687.548638,26541.935484,12621.864212,10564.894684,12070.000000,12296.730552,0.325968,0.429060,0.159298,0.167917,0.052364,0.206954,0.327506
821800,4,posture_hold,3.1023,Pinch,Fist,3299,3590,3593,3236,3110,3185,3235,14091.206030,24170.297030,24335.059761,12808.381839,10735.025381,11900.000000,12789.534884,0.367575,0.458184,0.062906,0.185176,0.069311,0.189954,0.380707
821850,4,posture_hold,3.1439,Pinch,Fist,3285,3551,3594,3226,3143,3218,3201,13788.888889,22193.750000,24390.419162,12621.864212,11225.000000,12475.712657,12173.825503,0.338234,0.338940,0.065324,0.167917,0.118117,0.247523,0.314238
821900,4,posture_hold,3.2072,Pinch,Fist,3278,3614,3628,3142,3121,3228,3199,13641.615667,25545.945946,26413.704497,11209.653725,10894.661191,12658.823529,12139.062500,0.323941,0.541177,0.153697,0.037243,0.085212,0.265834,0.310485
821950,4,posture_hold,3.2278,Pinch,Fist,3311,3621,3616,3220,3062,3208,3170,14358.928571,25973.417722,25666.805846,12512.000000,10078.218780,12296.730552,11651.891892,0.393558,0.566966,0.121074,0.157751,0.003886,0.229626,0.257892
822000,4,posture_hold,3.2902,Pinch,Fist,3288,3555,3516,3186,3122,3249,3186,13852.788104,22383.333333,20646.632124,11916.831683,10909.352518,13057.446809,11916.831683,0.344436,0.350378,-0.098197,0.102680,0.086675,0.305694,0.286494
822050,4,posture_hold,3.3320,Pinch,Fist,3295,3512,3566,3231,3118,3264,3189,14003.750000,20481.646655,22919.470699,12714.583333,10850.767656,13354.512635,11967.549669,0.359087,0.235650,0.001076,0.176497,0.080840,0.335400,0.291969
822100,4,posture_hold,3.3961,Pinch,Fist,3295,3443,3556,3215,3135,3254,3186,14003.750000,17954.294479,22431.168831,12421.590909,11103.125000,13155.291320,11916.831683,0.359087,0.083176,-0.020252,0.149386,0.105977,0.315478,0.286494
822150,4,posture_hold,3.4589,Pinch,Fist,3283,3532,3607,3205,3134,3185,3201,13746.551724,21330.017762,25130.737705,12243.820225,11088.033299,11900.000000,12173.825503,0.334125,0.286832,0.097660,0.132936,0.104474,0.189954,0.314238
822200,4,posture_hold,3.5003,Pinch,Fist,3280,3458,3566,3237,3115,3183,3200,13683.435583,18457.142857,22919.470699,12827.272727,10807.142857,11866.447368,12156.424581,0.328000,0.113512,0.001076,0.186924,0.076494,0.186599,0.312359
822250,4,posture_hold,3.5420,Pinch,Fist,3288,3483,3702,3237,3119,3185,3219,13852.788104,19350.000000,32027.480916,12827.272727,10865.368852,11900.000000,12493.835616,0.344436,0.167378,0.398896,0.186924,0.082294,0.189954,0.348785
822300,4,posture_hold,3.6059,Pinch,Fist,3286,3486,3533,3253,3112,3190,3213,13810.135970,19462.068966,21374.021352,13135.629454,10763.784334,11984.530387,12385.714286,0.340296,0.174139,-0.066426,0.215456,0.072175,0.198407,0.337112
822350,4,posture_hold,3.6486,Pinch,Fist,3265,3513,3582,3232,3086,3154,3195,13374.698795,20522.680412,23740.350877,12733.256083,10398.810704,11395.961743,12070.000000,0.298036,0.238125,0.036931,0.178224,0.035820,0.139552,0.303029
822400,4,posture_hold,3.6901,Pinch,Fist,3291,3559,3539,3201,3109,3151,3191,13917.164179,22575.746269,21641.366906,12173.825503,10720.689655,11348.940678,12001.548673,0.350684,0.361986,-0.054749,0.126460,0.067883,0.134850,0.295639
822450,4,posture_hold,3.7537,Pinch,Fist,3301,3473,3593,3244,3125,3134,3213,14135.264484,18984.244373,24335.059761,12960.752056,10953.608247,11088.033299,12385.714286,0.371851,0.145312,0.062906,0.199275,0.091084,0.108761,0.337112
822500,4,posture_hold,3.7963,Pinch,Fist,3320,3452,3530,3238,3087,3116,3209,14565.161290,18253.188180,21242.477876,12846.207701,10412.500000,10821.654750,12314.446953,0.413573,0.101208,-0.072171,0.188676,0.037184,0.082124,0.329419
822550,4,posture_hold,3.8599,Pinch,Fist,3280,3535,3609,3188,3086,3137,3218,13683.435583,21462.500000,25248.148148,11950.606395,10398.810704,11133.402923,12475.712657,0.328000,0.294824,0.102788,0.105805,0.035820,0.113297,0.346828
822600,4,posture_hold,3.9025,Pinch,Fist,3261,3462,3523,3215,3090,3134,3215,13294.244604,18595.260664,20940.909091,12421.590909,10453.731343,11088.033299,12421.590909,0.290228,0.121845,-0.085343,0.149386,0.041291,0.108761,0.340986
822650,4,posture_hold,3.9448,Pinch,Fist,3222,3395,3525,3203,3104,3132,3208,12548.453608,16490.000000,21026.315789,12208.744395,10649.445005,11057.943925,12296.730552,0.217848,-0.005165,-0.081613,0.129691,0.060786,0.105752,0.327506
822700,4,posture_hold,3.9870,Pinch,Fist,3205,3514,3414,3194,3136,3114,3211,12243.820225,20563.855422,17044.933921,12052.830189,11118.248175,10792.660550,12350.000000,0.188283,0.240609,-0.255512,0.115264,0.107483,0.079225,0.333257
822750,4,posture_hold,4.0503,Pinch,Fist,3219,3492,3481,3215,3117,3139,3193,12493.835616,19689.552239,19275.895765,12421.590909,10836.196319,11163.807531,12035.698448,0.212547,0.187863,-0.158068,0.149386,0.079388,0.116338,0.299326
822800,4,posture_hold,4.1138,Pinch,Fist,3228,3365,3453,3189,3107,3143,3210,12658.823529,15672.602740,18286.915888,11967.549669,10692.105263,11225.000000,12332.203390,0.228560,-0.054478,-0.201264,0.107373,0.065035,0.122457,0.331336
822850,4,posture_hold,4.1352,Pinch,Fist,3239,3403,3445,3159,3118,3124,3212,12865.186916,16719.942197,18020.000000,11475.000000,10850.767656,10938.825953,12367.836920,0.248587,0.008708,-0.212923,0.061796,0.080840,0.093840,0.335182
822900,4,posture_hold,4.1987,Pinch,Fist,3253,3430,3408,3153,3118,3122,3207,13135.629454,17536.842105,16866.375546,11380.254777,10850.767656,10909.352518,12279.054054,0.274834,0.057991,-0.263311,0.053029,0.080840,0.090893,0.325598
822950,4,posture_hold,4.2621,Pinch,Fist,3250,3468,3466,3170,3107,3112,3188,13076.923077,18805.741627,18735.135135,11651.891892,10692.105263,10763.784334,11950.606395,0.269137,0.134543,-0.181687,0.078164,0.065035,0.076337,0.290140
823000,4,posture_hold,4.2836,Pinch,Fist,3305,3420,3463,3206,3110,3104,3201,14224.050633,17226.666667,18630.063291,12261.417323,10735.025381,10649.445005,12173.825503,0.380467,0.039278,-0.186276,0.134564,0.069311,0.064904,0.314238
823050,4,posture_hold,4.3471,Pinch,Fist,3264,3425,3416,3227,3092,3150,3183,13354.512635,17380.597015,17105.154639,12640.322581,10481.355932,11333.333333,11866.447368,0.296077,0.048565,-0.252881,0.169625,0.044043,0.133290,0.281054
823100,4,posture_hold,4.4110,Pinch,Fist,3266,3392,3497,3203,3108,3093,3159,13394.933655,16405.120910,19882.608696,12208.744395,10706.382979,10495.209581,11475.000000,0.300000,-0.010286,-0.131568,0.129691,0.066458,0.049481,0.238795
823150,4,posture_hold,4.4321,Pinch,Fist,3264,3327,3468,3148,3098,3147,3166,13354.512635,14728.906250,18805.741627,11302.217529,10564.894684,11286.708861,11587.082885,0.296077,-0.111411,-0.178603,0.045809,0.052364,0.128627,0.250895
823200,4,posture_hold,4.4965,Pinch,Fist,3238,3367,3408,3085,3093,3117,3153,12846.207701,15725.000000,16866.375546,10385.148515,10495.209581,10836.196319,11380.254777,0.246745,-0.051317,-0.263311,-0.039049,0.045423,0.083578,0.228567
823250,4,posture_hold,4.5591,Pinch,Fist,3276,3366,3469,3059,3080,3118,3134,13600.000000,15698.765432,18841.214058,10039.189189,10317.241379,10850.767656,11088.033299,0.319902,-0.052900,-0.177054,-0.071061,0.027695,0.085035,0.197020
823300,4,posture_hold,4.6217,Pinch,Fist,3266,3479,3448,3054,3111,3109,3155,13394.933655,19202.272727,18119.319938,9974.639769,10749.390244,10720.689655,11411.702128,0.300000,0.158466,-0.208585,-0.077034,0.070742,0.072028,0.231962
823350,4,posture_hold,4.6434,Pinch,Fist,3282,3458,3434,3058,3090,3096,3196,13725.461255,18457.142857,17663.540091,10026.229508,10453.731343,10536.936937,12087.208009,0.332078,0.113512,-0.228492,-0.072260,0.041291,0.053653,0.304887
823400,4,posture_hold,4.6856,Pinch,Fist,3265,3386,3432,3070,3103,3065,3198,13374.698795,16237.517630,17600.000000,10183.414634,10635.282258,10117.475728,12121.739130,0.298036,-0.020397,-0.231267,-0.057716,0.059375,0.011709,0.308615
823450,4,posture_hold,4.7484,Pinch,Fist,3276,3417,3426,3093,3120,3073,3221,13600.000000,17135.398230,17411.659193,10495.209581,10880.000000,10223.287671,12530.205950,0.319902,0.033772,-0.239494,-0.028865,0.083752,0.022289,0.352711
823500,4,posture_hold,4.8111,Pinch,Fist,3248,3434,3389,3192,3088,3072,3198,13038.016529,17663.540091,16320.963173,12018.604651,10426.216485,10209.970674,12121.739130,0.265361,0.065634,-0.287133,0.112097,0.038550,0.020958,0.308615
823550,4,posture_hold,4.8318,Pinch,Fist,3259,3368,3373,3172,3073,3064,3213,13254.306220,15751.306740,15883.933518,11684.507042,10223.287671,10104.364694,12385.714286,0.286352,-0.049730,-0.306222,0.081182,0.018337,0.010398,0.337112
823600,4,posture_hold,4.8951,Pinch,Fist,3253,3397,3342,3192,3083,3073,3203,13135.629454,16546.991404,15090.039841,12018.604651,10357.905138,10223.287671,12208.744395,0.274834,-0.001727,-0.340897,0.112097,0.031746,0.022289,0.318007
823650,4,posture_hold,4.9368,Pinch,Fist,3280,3423,3412,3132,3070,3086,3215,13683.435583,17318.750000,16985.065886,11057.943925,10183.414634,10398.810704,12421.590909,0.328000,0.044833,-0.258127,0.023206,0.014365,0.039841,0.340986
823750,5,open_reference,0.0212,Fist,Uncertain,3282,3437,3387,3083,3101,3073,3174,13725.461255,17759.574468,16265.254237,10357.905138,10607.042254,10223.287671,11717.263844,nan,nan,nan,nan,nan,nan,nan
823800,5,open_reference,0.0214,Fist,Uncertain,3270,3538,3393,3161,3088,3062,3180,13476.363636,21596.409336,16433.333333,11506.852248,10426.216485,10078.218780,11816.393443,nan,nan,nan,nan,nan,nan,nan
823850,5,open_reference,0.0215,Fist,Uncertain,3266,3506,3391,3170,3077,3063,3165,13394.933655,20238.370119,16376.988636,11651.891892,10276.817289,10091.279070,11570.967742,nan,nan,nan,nan,nan,nan,nan
823900,5,open_reference,0.0215,Fist,Uncertain,3272,3493,3339,3151,3078,3070,3175,13517.375456,19727.906977,15016.666667,11348.940678,10290.265487,10183.414634,11733.695652,nan,nan,nan,nan,nan,nan,nan
823950,5,open_reference,0.0215,Fist,Uncertain,3257,3482,3347,3165,3061,3086,3176,13214.558473,19312.887439,15213.636364,11570.967742,10065.183752,10398.810704,11750.163221,nan,nan,nan,nan,nan,nan,nan
824000,5,open_reference,0.0215,Fist,Uncertain,3260,3491,3376,3170,3062,3062,3177,13274.251497,19651.324503,15964.394993,11651.891892,10078.218780,10078.218780,11766.666667,nan,nan,nan,nan,nan,nan,nan
824050,5,open_reference,0.0215,Fist,Uncertain,3257,3445,3401,3168,3093,3111,3184,13214.558473,18020.000000,16661.959654,11619.417476,10495.209581,10749.390244,11883.205269,nan,nan,nan,nan,nan,nan,nan
824100,5,open_reference,0.0215,Fist,Uncertain,3239,3482,3500,3183,3072,3128,3181,12865.186916,19312.887439,20000.000000,11866.447368,10209.970674,10998.138573,11833.041575,nan,nan,nan,nan,nan,nan,nan
824150,5,open_reference,0.0215,Fist,Uncertain,3237,3477,3465,3179,3062,3105,3178,12827.272727,19129.126214,18700.000000,11799.781659,10078.218780,10663.636364,11783.206107,nan,nan,nan,nan,nan,nan,nan
824200,5,open_reference,0.0215,Fist,Uncertain,3231,3504,3494,3166,3070,3085,3201,12714.583333,20158.375635,19766.389351,11587.082885,10183.414634,10385.148515,12173.825503,nan,nan,nan,nan,nan,nan,nan
824250,5,open_reference,0.0216,Fist,Uncertain,3227,3445,3434,3132,3089,3072,3183,12640.322581,18020.000000,17663.540091,11057.943925,10439.960239,10209.970674,11866.447368,nan,nan,nan,nan,nan,nan,nan
824300,5,open_reference,0.0216,Fist,Uncertain,3234,3410,3350,3147,3061,3096,3166,12770.731707,16925.547445,15288.590604,11286.708861,10065.183752,10536.936937,11587.082885,nan,nan,nan,nan,nan,nan,nan
824350,5,open_reference,0.0216,Fist,Uncertain,3232,3394,3310,3137,3070,3107,3182,12733.256083,16461.626248,14336.305732,11133.402923,10183.414634,10692.105263,11849.726177,nan,nan,nan,nan,nan,nan,nan
824400,5,open_reference,0.0216,Fist,Uncertain,3216,3401,3401,3190,3092,3111,3185,12439.590444,16661.959654,16661.959654,11984.530387,10481.355932,10749.390244,11900.000000,nan,nan,nan,nan,nan,nan,nan
824450,5,open_reference,0.0216,Fist,Uncertain,3220,3421,3358,3190,3058,3104,3212,12512.000000,17257.270030,15491.451832,11984.530387,10026.229508,10649.445005,12367.836920,nan,nan,nan,nan,nan,nan,nan
824500,5,open_reference,0.0216,Fist,Uncertain,3214,3440,3326,3184,3093,3160,3185,12403.632236,17856.488550,14705.331599,11883.205269,10495.209581,11490.909091,11900.000000,nan,nan,nan,nan,nan,nan,nan
824550,5,open_reference,0.0216,Fist,Uncertain,3205,3382,3326,3183,3105,3224,3184,12243.820225,16127.349229,14705.331599,11866.447368,10663.636364,12585.074627,11883.205269,nan,nan,nan,nan,nan,nan,nan
824600,5,open_reference,0.0216,Fist,Uncertain,3211,3379,3384,3159,3118,3109,3149,12350.000000,16045.530726,16182.278481,11475.000000,10850.767656,10720.689655,11317.758985,nan,nan,nan,nan,nan,nan,nan
824650,5,open_reference,0.0217,Fist,Uncertain,3207,3361,3430,3132,3095,3149,3158,12279.054054,15568.664850,17536.842105,11057.943925,10523.000000,11317.758985,11459.124867,nan,nan,nan,nan,nan,nan,nan
824700,5,open_reference,0.0217,Fist,Uncertain,3204,3326,3450,3117,3107,3092,3149,12226.262626,14705.331599,18186.046512,10836.196319,10692.105263,10481.355932,11317.758985,nan,nan,nan,nan,nan,nan,nan
824750,5,open_reference,0.0217,Fist,Uncertain,3221,3338,3485,3116,3105,3204,3146,12530.205950,14992.338177,19424.590164,10821.654750,10663.636364,12226.262626,11271.232877,nan,nan,nan,nan,nan,nan,nan
824800,5,open_reference,0.0217,Fist,Uncertain,3215,3278,3435,3110,3122,3159,3173,12421.590909,13641.615667,17695.454545,10735.025381,10909.352518,11475.000000,11700.867679,nan,nan,nan,nan,nan,nan,nan
824850,5,open_reference,0.0217,Fist,Uncertain,3210,3266,3449,3135,3123,3139,3179,12332.203390,13394.933655,18152.631579,11103.125000,10924.074074,11163.807531,11799.781659,nan,nan,nan,nan,nan,nan,nan
824900,5,open_reference,0.0217,Fist,Uncertain,3206,3294,3427,3173,3115,3129,3191,12261.417323,13982.022472,17442.814371,11700.867679,10807.142857,11013.043478,12001.548673,nan,nan,nan,nan,nan,nan,nan
824950,5,open_reference,0.0217,Fist,Uncertain,3216,3322,3421,3204,3134,3133,3204,12439.590444,14611.642950,17257.270030,12226.262626,11088.033299,11072.972973,12226.262626,nan,nan,nan,nan,nan,nan,nan
825000,5,open_reference,0.0217,Fist,Uncertain,3202,3250,3502,3201,3122,3105,3222,12191.265398,13076.923077,20078.920742,12173.825503,10909.352518,10663.636364,12548.453608,nan,nan,nan,nan,nan,nan,nan
825050,5,open_reference,0.0218,Fist,Uncertain,3204,3266,3527,3198,3116,3146,3192,12226.262626,13394.933655,21112.323944,12121.739130,10821.654750,11271.232877,12018.604651,nan,nan,nan,nan,nan,nan,nan
825100,5,open_reference,0.0218,Fist,Uncertain,3205,3292,3469,3138,3149,3135,3181,12243.820225,13938.729763,18841.214058,11148.589342,11317.758985,11103.125000,11833.041575,nan,nan,nan,nan,nan,nan,nan
825150,5,open_reference,0.0218,Fist,Uncertain,3207,3377,3458,3181,3120,3121,3167,12279.054054,15991.364903,18457.142857,11833.041575,10880.000000,10894.661191,11603.232759,nan,nan,nan,nan,nan,nan,nan
825200,5,open_reference,0.0218,Fist,Uncertain,3197,3359,3451,3179,3105,3114,3229,12104.454343,15517.119565,18219.565217,11799.781659,10663.636364,10792.660550,12677.367206,nan,nan,nan,nan,nan,nan,nan
825250,5,open_reference,0.0218,Fist,Uncertain,3189,3336,3434,3163,3087,3121,3131,11967.549669,14943.873518,17663.540091,11538.841202,10412.500000,10894.661191,11042.946058,nan,nan,nan,nan,nan,nan,nan
825300,5,open_reference,0.0218,Fist,Uncertain,3175,3349,3428,3161,3068,3095,3103,11733.695652,15263.538874,17474.062969,11506.852248,10156.962025,10523.000000,10635.282258,nan,nan,nan,nan,nan,nan,nan
825350,5,open_reference,0.0218,Fist,Uncertain,3187,3372,3351,3147,3063,3080,3105,11933.700441,15857.261411,15313.709677,11286.708861,10091.279070,10317.241379,10663.636364,nan,nan,nan,nan,nan,nan,nan
825400,5,open_reference,0.0218,Fist,Uncertain,3187,3420,3337,3103,3072,3110,3119,11933.700441,17226.666667,14968.073879,10635.282258,10209.970674,10735.025381,10865.368852,nan,nan,nan,nan,nan,nan,nan
825450,5,open_reference,0.0218,Fist,Uncertain,3215,3415,3378,3160,3087,3091,3119,12421.590909,17075.000000,16018.410042,11490.909091,10412.500000,10467.529880,10865.368852,nan,nan,nan,nan,nan,nan,nan
825500,5,open_reference,0.0219,Fist,Uncertain,3212,3381,3368,3161,3066,3081,3097,12367.836920,16100.000000,15751.306740,11506.852248,10130.612245,10330.769231,10550.901804,nan,nan,nan,nan,nan,nan,nan
825550,5,open_reference,0.0219,Fist,Uncertain,3209,3395,3444,3086,3085,3080,3091,12314.446953,16490.000000,17987.096774,10398.810704,10385.148515,10317.241379,10467.529880,nan,nan,nan,nan,nan,nan,nan
825600,5,open_reference,0.0219,Fist,Uncertain,3222,3392,3511,3151,3086,3083,3095,12548.453608,16405.120910,20440.753425,11348.940678,10398.810704,10357.905138,10523.000000,nan,nan,nan,nan,nan,nan,nan
825650,5,open_reference,0.0219,Fist,Uncertain,3215,3373,3499,3135,3058,3113,3111,12421.590909,15883.933518,19960.738255,11103.125000,10026.229508,10778.207739,10749.390244,nan,nan,nan,nan,nan,nan,nan
825700,5,open_reference,0.0219,Fist,Uncertain,3196,3362,3482,3114,3040,3124,3117,12087.208009,15594.542974,19312.887439,10792.660550,9797.156398,10938.825953,10836.196319,nan,nan,nan,nan,nan,nan,nan
825750,5,open_reference,0.0219,Fist,Uncertain,3219,3378,3451,3135,3057,3122,3101,12493.835616,16018.410042,18219.565217,11103.125000,10013.294798,10909.352518,10607.042254,nan,nan,nan,nan,nan,nan,nan
825800,5,open_reference,0.0219,Fist,Uncertain,3228,3377,3450,3099,3089,3082,3111,12658.823529,15991.364903,18186.046512,10578.915663,10439.960239,10344.323791,10749.390244,nan,nan,nan,nan,nan,nan,nan
825850,5,open_reference,0.0219,Fist,Uncertain,3215,3366,3418,3111,3091,3101,3112,12421.590909,15698.765432,17165.731167,10749.390244,10467.529880,10607.042254,10763.784334,nan,nan,nan,nan,nan,nan,nan
825900,5,open_reference,0.0220,Fist,Uncertain,3208,3350,3413,3156,3106,3107,3102,12296.730552,15288.590604,17014.956012,11427.476038,10677.856421,10692.105263,10621.148036,nan,nan,nan,nan,nan,nan,nan
825950,5,open_reference,0.0220,Fist,Uncertain,3212,3350,3463,3143,3085,3087,3091,12367.836920,15288.590604,18630.063291,11225.000000,10385.148515,10412.500000,10467.529880,nan,nan,nan,nan,nan,nan,nan
826000,5,open_reference,0.0220,Fist,Uncertain,3203,3367,3455,3115,3080,3095,3122,12208.744395,15725.000000,18354.687500,10807.142857,10317.241379,10523.000000,10909.352518,nan,nan,nan,nan,nan,nan,nan
826050,5,open_reference,0.0220,Fist,Uncertain,3213,3406,3443,3119,3085,3086,3091,12385.714286,16807.547170,17954.294479,10865.368852,10385.148515,10398.810704,10467.529880,nan,nan,nan,nan,nan,nan,nan
826100,5,open_reference,0.0220,Fist,Uncertain,3234,3422,3408,3104,3082,3057,3120,12770.731707,17287.964339,16866.375546,10649.445005,10344.323791,10013.294798,10880.000000,nan,nan,nan,nan,nan,nan,nan
826150,5,open_reference,0.0220,Fist,Uncertain,3226,3358,3400,3057,3082,3087,3133,12621.864212,15491.451832,16633.093525,10013.294798,10344.323791,10412.500000,11072.972973,nan,nan,nan,nan,nan,nan,nan
826200,5,open_reference,0.0220,Fist,Uncertain,3226,3337,3408,3124,3075,3063,3108,12621.864212,14968.073879,16866.375546,10938.825953,10250.000000,10091.279070,10706.382979,nan,nan,nan,nan,nan,nan,nan
826250,5,open_reference,0.0220,Fist,Uncertain,3230,3378,3389,3113,3075,3038,3090,12695.953757,16018.410042,16320.963173,10778.207739,10250.000000,9772.185430,10453.731343,nan,nan,nan,nan,nan,nan,nan
826300,5,open_reference,0.0221,Fist,Uncertain,3229,3436,3395,3100,3089,3059,3096,12677.367206,17727.465857,16490.000000,10592.964824,10439.960239,10039.189189,10536.936937,nan,nan,nan,nan,nan,nan,nan
826350,5,open_reference,0.0221,Fist,Uncertain,3244,3424,3359,3073,3073,3070,3124,12960.752056,17349.627422,15517.119565,10223.287671,10223.287671,10183.414634,10938.825953,nan,nan,nan,nan,nan,nan,nan
826400,5,open_reference,0.0221,Fist,Uncertain,3222,3443,3406,3069,3062,3043,3106,12548.453608,17954.294479,16807.547170,10170.175439,10078.218780,9834.790875,10677.856421,nan,nan,nan,nan,nan,nan,nan
826450,5,open_reference,0.0221,Fist,Uncertain,3244,3405,3390,3079,3070,3063,3109,12960.752056,16778.260870,16348.936170,10303.740157,10183.414634,10091.279070,10720.689655,nan,nan,nan,nan,nan,nan,nan
826500,5,open_reference,0.0221,Fist,Uncertain,3210,3387,3387,3119,3073,3067,3107,12332.203390,16265.254237,16265.254237,10865.368852,10223.287671,10143.774319,10692.105263,nan,nan,nan,nan,nan,nan,nan
826550,5,open_reference,0.0221,Fist,Uncertain,3227,3387,3374,3114,3067,3048,3072,12640.322581,16265.254237,15910.679612,10792.660550,10143.774319,9897.994269,10209.970674,nan,nan,nan,nan,nan,nan,nan
826600,5,open_reference,0.0221,Fist,Uncertain,3215,3379,3363,3109,3080,3073,3098,12421.590909,16045.530726,15620.491803,10720.689655,10317.241379,10223.287671,10564.894684,nan,nan,nan,nan,nan,nan,nan
826650,5,open_reference,0.0221,Fist,Uncertain,3227,3404,3365,3037,3070,3066,3071,12640.322581,16749.059334,15672.602740,9759.735350,10183.414634,10130.612245,10196.679688,nan,nan,nan,nan,nan,nan,nan
826700,5,open_reference,0.0222,Fist,Uncertain,3246,3383,3377,3116,3075,3036,3060,12999.293286,16154.775281,15991.364903,10821.654750,10250.000000,9747.308782,10052.173913,nan,nan,nan,nan,nan,nan,nan
826750,5,open_reference,0.0222,Fist,Uncertain,3230,3366,3372,3112,3093,3067,3068,12695.953757,15698.765432,15857.261411,10763.784334,10495.209581,10143.774319,10156.962025,nan,nan,nan,nan,nan,nan,nan
826800,5,open_reference,0.0222,Fist,Uncertain,3223,3353,3377,3128,3086,3054,3061,12566.743119,15364.150943,15991.364903,10998.138573,10398.810704,9974.639769,10065.183752,nan,nan,nan,nan,nan,nan,nan
826850,5,open_reference,0.0222,Fist,Uncertain,3233,3351,3337,3113,3056,3041,3055,12751.972158,15313.709677,14968.073879,10778.207739,10000.384986,9809.677419,9987.500000,nan,nan,nan,nan,nan,nan,nan
826900,5,open_reference,0.0222,Fist,Uncertain,3229,3322,3382,3114,3061,3045,3057,12677.367206,14611.642950,16127.349229,10792.660550,10065.183752,9860.000000,10013.294798,nan,nan,nan,nan,nan,nan,nan
826950,5,open_reference,0.0222,Fist,Uncertain,3224,3398,3331,3119,3063,3030,3059,12585.074627,16575.609756,14823.821990,10865.368852,10091.279070,9673.239437,10039.189189,nan,nan,nan,nan,nan,nan,nan
827000,5,open_reference,0.0222,Fist,Uncertain,3230,3368,3369,3118,3050,3023,3053,12695.953757,15751.306740,15777.685950,10850.767656,9923.444976,9587.873134,9961.804223,nan,nan,nan,nan,nan,nan,nan
827050,5,open_reference,0.0222,Fist,Uncertain,3258,3396,3392,3121,3048,3035,3063,13234.408602,16518.454936,16405.120910,10894.661191,9897.994269,9734.905660,10091.279070,nan,nan,nan,nan,nan,nan,nan
827100,5,open_reference,0.0223,Fist,Uncertain,3230,3376,3421,3134,3050,3041,3082,12695.953757,15964.394993,17257.270030,11088.033299,9923.444976,9809.677419,10344.323791,nan,nan,nan,nan,nan,nan,nan
827150,5,open_reference,0.0223,Fist,Uncertain,3228,3352,3455,3112,3045,3036,3067,12658.823529,15338.896366,18354.687500,10763.784334,9860.000000,9747.308782,10143.774319,nan,nan,nan,nan,nan,nan,nan
827200,5,open_reference,0.0223,Fist,Uncertain,3239,3331,3395,3105,3050,3038,3071,12865.186916,14823.821990,16490.000000,10663.636364,9923.444976,9772.185430,10196.679688,nan,nan,nan,nan,nan,nan,nan
827250,5,open_reference,0.0223,Fist,Uncertain,3222,3354,3365,3114,3058,3027,3067,12548.453608,15389.473684,15672.602740,10792.660550,10026.229508,9636.516854,10143.774319,nan,nan,nan,nan,nan,nan,nan
827300,5,open_reference,0.0223,Fist,Uncertain,3214,3365,3339,3119,3044,3026,3053,12403.632236,15672.602740,15016.666667,10865.368852,9847.383444,9624.321796,9961.804223,nan,nan,nan,nan,nan,nan,nan
827350,5,open_reference,0.0223,Fist,Uncertain,3209,3300,3315,3073,3077,3023,3063,12314.446953,14113.207547,14450.000000,10223.287671,10276.817289,9587.873134,10091.279070,nan,nan,nan,nan,nan,nan,nan
827400,5,open_reference,0.0223,Fist,Uncertain,3218,3305,3319,3051,3073,3023,3079,12475.712657,14224.050633,14542.010309,9936.206897,10223.287671,9587.873134,10303.740157,nan,nan,nan,nan,nan,nan,nan
827450,5,open_reference,0.0223,Fist,Uncertain,3200,3291,3367,3121,3064,2996,3061,12156.424581,13917.164179,15725.000000,10894.661191,10104.364694,9268.789809,10065.183752,nan,nan,nan,nan,nan,nan,nan
827500,5,open_reference,0.0224,Fist,Uncertain,3204,3259,3370,3147,3072,3013,3057,12226.262626,13254.306220,15804.137931,11286.708861,10209.970674,9467.837338,10013.294798,nan,nan,nan,nan,nan,nan,nan
827550,5,open_reference,0.0224,Fist,Uncertain,3223,3271,3389,3183,3065,3033,3058,12566.743119,13496.844660,16320.963173,11866.447368,10117.475728,9710.169492,10026.229508,nan,nan,nan,nan,nan,nan,nan
827600,5,open_reference,0.0224,Fist,Uncertain,3212,3274,3359,3181,3087,3001,3057,12367.836920,13558.587089,15517.119565,11833.041575,10412.500000,9326.691042,10013.294798,nan,nan,nan,nan,nan,nan,nan
827650,5,open_reference,0.0224,Fist,Uncertain,3227,3287,3342,3196,3087,3027,3059,12640.322581,13831.435644,15090.039841,12087.208009,10412.500000,9636.516854,10039.189189,nan,nan,nan,nan,nan,nan,nan
827700,5,open_reference,0.0224,Fist,Uncertain,3247,3286,3365,3194,3069,3031,3056,13018.632075,13810.135970,15672.602740,12052.830189,10170.175439,9685.526316,10000.384986,nan,nan,nan,nan,nan,nan,nan
827750,5,open_reference,0.0224,Fist,Uncertain,3244,3328,3346,3192,3070,3023,3036,12960.752056,14752.542373,15188.785047,12018.604651,10183.414634,9587.873134,9747.308782,nan,nan,nan,nan,nan,nan,nan
827800,5,open_reference,0.0224,Fist,Uncertain,3215,3317,3343,3173,3050,3036,3046,12421.590909,14495.886889,15114.627660,11700.867679,9923.444976,9747.308782,9872.640610,nan,nan,nan,nan,nan,nan,nan
827850,5,open_reference,0.0436,Fist,Uncertain,3223,3328,3348,3183,3060,3036,3061,12566.743119,14752.542373,15238.554217,11866.447368,10052.173913,9747.308782,10065.183752,nan,nan,nan,nan,nan,nan,nan
827900,5,open_reference,0.0859,Fist,Uncertain,3189,3322,3320,3182,3064,3032,3058,11967.549669,14611.642950,14565.161290,11849.726177,10104.364694,9697.836312,10026.229508,nan,nan,nan,nan,nan,nan,nan
827950,5,open_reference,0.1281,Fist,Uncertain,3201,3320,3315,3182,3073,3025,3070,12173.825503,14565.161290,14450.000000,11849.726177,10223.287671,9612.149533,10183.414634,nan,nan,nan,nan,nan,nan,nan
828000,5,open_reference,0.1914,Fist,Uncertain,3197,3316,3332,3198,3070,3030,3064,12104.454343,14472.913992,14847.706422,12121.739130,10183.414634,9673.239437,10104.364694,nan,nan,nan,nan,nan,nan,nan
828050,5,open_reference,0.2337,Fist,Uncertain,3220,3327,3326,3199,3055,3005,3055,12512.000000,14728.906250,14705.331599,12139.062500,9987.500000,9373.394495,9987.500000,nan,nan,nan,nan,nan,nan,nan
828100,5,open_reference,0.2759,Fist,Uncertain,3237,3329,3318,3165,3061,3031,3063,12827.272727,14776.240209,14518.918919,11570.967742,10065.183752,9685.526316,10091.279070,nan,nan,nan,nan,nan,nan,nan
828150,5,open_reference,0.3392,Fist,Uncertain,3248,3371,3333,3170,3058,3009,3078,13038.016529,15830.662983,14871.653543,11651.891892,10026.229508,9420.441989,10290.265487,nan,nan,nan,nan,nan,nan,nan
828200,5,open_reference,0.3814,Fist,Uncertain,3202,3366,3336,3174,3070,3002,3073,12191.265398,15698.765432,14943.873518,11717.263844,10183.414634,9338.334858,10223.287671,nan,nan,nan,nan,nan,nan,nan
828250,5,open_reference,0.4236,Fist,Uncertain,3200,3362,3340,3173,3093,3023,3082,12156.424581,15594.542974,15041.059603,11700.867679,10495.209581,9587.873134,10344.323791,nan,nan,nan,nan,nan,nan,nan
828300,5,open_reference,0.5077,Fist,Uncertain,3215,3370,3354,3165,3124,3035,3078,12421.590909,15804.137931,15389.473684,11570.967742,10938.825953,9734.905660,10290.265487,nan,nan,nan,nan,nan,nan,nan
828350,5,open_reference,0.5499,Fist,Uncertain,3189,3394,3324,3185,3100,3022,3084,11967.549669,16461.626248,14658.365759,11900.000000,10592.964824,9575.768872,10371.513353,nan,nan,nan,nan,nan,nan,nan
828400,5,open_reference,0.5920,Fist,Uncertain,3180,3363,3352,3178,3124,3053,3092,11816.393443,15620.491803,15338.896366,11783.206107,10938.825953,9961.804223,10481.355932,nan,nan,nan,nan,nan,nan,nan
828450,5,open_reference,0.6338,Fist,Uncertain,3268,3375,3413,3214,3193,3112,3086,13435.550181,15937.500000,17014.956012,12403.632236,12035.698448,10763.784334,10398.810704,nan,nan,nan,nan,nan,nan,nan
828500,5,open_reference,0.6759,Fist,Uncertain,3327,3436,3461,3183,3246,3099,3102,14728.906250,17727.465857,18560.567823,11866.447368,12999.293286,10578.915663,10621.148036,nan,nan,nan,nan,nan,nan,nan
828550,5,open_reference,0.7175,Fist,Uncertain,3410,3633,3477,3179,3296,4054,3197,16925.547445,26736.363636,19129.126214,11799.781659,14025.531915,nan,12104.454343,nan,nan,nan,nan,nan,nan,nan
828600,5,open_reference,0.7794,Fist,Uncertain,3287,3694,3603,3237,3302,3190,3177,13831.435644,31320.698254,24898.780488,12827.272727,14157.377049,11984.530387,11766.666667,nan,nan,nan,nan,nan,nan,nan
828650,5,open_reference,0.8423,Fist,Uncertain,3393,3839,3523,3191,3377,3301,3199,16433.333333,50986.718750,20940.909091,12001.548673,15991.364903,14135.264484,12139.062500,nan,nan,nan,nan,nan,nan,nan
828700,5,open_reference,0.9100,Fist,Uncertain,3278,3696,3593,3198,3350,3293,3259,13641.615667,31494.736842,24335.059761,12121.739130,15288.590604,13960.349127,13254.306220,nan,nan,nan,nan,nan,nan,nan
828750,5,open_reference,0.9309,Fist,Uncertain,3210,3756,3671,3237,3331,3325,3293,12332.203390,37670.796460,29437.264151,12827.272727,14823.821990,14681.818182,13960.349127,nan,nan,nan,nan,nan,nan,nan
828800,5,open_reference,0.9729,Fist,Uncertain,3260,3788,3624,3218,3279,3390,3237,13274.251497,41951.791531,26160.509554,12475.712657,13662.500000,16348.936170,12827.272727,nan,nan,nan,nan,nan,nan,nan
828850,5,open_reference,1.0563,Fist,Uncertain,3243,3557,3637,3279,3244,3332,3195,12941.549296,22479.182156,26999.563319,13662.500000,12960.752056,14847.706422,12070.000000,nan,nan,nan,nan,nan,nan,nan
828900,5,open_reference,1.0769,Fist,Uncertain,3242,3695,3671,3251,3241,3311,3233,12922.391559,31407.500000,29437.264151,13096.445498,12903.278689,14358.928571,12751.972158,nan,nan,nan,nan,nan,nan,nan
828950,5,open_reference,1.1389,Fist,Uncertain,3277,3697,3666,3231,3232,3285,3151,13620.782396,31582.412060,29054.545455,12714.583333,12733.256083,13788.888889,11348.940678,nan,nan,nan,nan,nan,nan,nan
829000,5,open_reference,1.1810,Fist,Uncertain,3248,3679,3689,3235,3331,3356,3216,13038.016529,30068.750000,30893.103448,12789.534884,14823.821990,15440.324763,12439.590444,nan,nan,nan,nan,nan,nan,nan
829050,5,open_reference,1.2435,Fist,Uncertain,3206,3564,3627,3228,3307,3294,3206,12261.417323,22820.338983,26350.000000,12658.823529,14268.781726,13982.022472,12261.417323,nan,nan,nan,nan,nan,nan,nan
829100,5,open_reference,1.2862,Fist,Uncertain,3246,3506,3782,3218,3198,3346,3198,12999.293286,20238.370119,41082.428115,12475.712657,12121.739130,15188.785047,12121.739130,nan,nan,nan,nan,nan,nan,nan
829150,5,open_reference,1.3500,Fist,Uncertain,3279,3713,3763,3227,3248,3336,3168,13662.500000,33047.643979,38536.746988,12640.322581,13038.016529,14943.873518,11619.417476,nan,nan,nan,nan,nan,nan,nan
829200,5,open_reference,1.3926,Fist,Uncertain,3194,3527,3686,3159,3271,3296,3137,12052.830189,21112.323944,30641.564792,11475.000000,13496.844660,14025.531915,11133.402923,nan,nan,nan,nan,nan,nan,nan
829250,5,open_reference,1.4350,Fist,Uncertain,3211,3578,3649,3201,3248,3254,3085,12350.000000,23530.367505,27817.488789,12173.825503,13038.016529,13155.291320,10385.148515,nan,nan,nan,nan,nan,nan,nan
829300,5,open_reference,1.4988,Fist,Uncertain,3263,3514,3588,3172,3235,3253,3123,13334.375000,20563.855422,24061.538462,11684.507042,12789.534884,13135.629454,10924.074074,nan,nan,nan,nan,nan,nan,nan
829350,5,open_reference,1.5408,Fist,Uncertain,3221,3589,3643,3168,3258,3246,3126,12530.205950,24115.810277,27403.097345,11619.417476,13234.408602,12999.293286,10968.421053,nan,nan,nan,nan,nan,nan,nan
829400,5,open_reference,1.6046,Fist,Uncertain,3256,3583,3681,3132,3198,3252,3104,13194.755662,23793.359375,30230.434783,11057.943925,12121.739130,13116.014235,10649.445005,nan,nan,nan,nan,nan,nan,nan
829450,5,open_reference,1.6261,Fist,Uncertain,3256,3567,3546,3139,3174,3246,3092,13194.755662,22969.318182,21960.655738,11163.807531,11717.263844,12999.293286,10481.355932,nan,nan,nan,nan,nan,nan,nan
829500,5,open_reference,1.7105,Fist,Uncertain,3191,3535,3480,3164,3199,3162,3088,12001.548673,21462.500000,19239.024390,11554.887218,12139.062500,11522.829582,10426.216485,nan,nan,nan,nan,nan,nan,nan
829550,5,open_reference,1.7319,Fist,Uncertain,3165,3487,3515,3183,3192,3170,3042,11570.967742,19499.671053,20605.172414,11866.447368,12018.604651,11651.891892,9822.222222,nan,nan,nan,nan,nan,nan,nan
829600,5,open_reference,1.7746,Fist,Uncertain,3127,3515,3494,3157,3182,3168,3069,10983.264463,20605.172414,19766.389351,11443.283582,11849.726177,11619.417476,10170.175439,nan,nan,nan,nan,nan,nan,nan
829650,5,open_reference,1.8586,Fist,Uncertain,3135,3366,3454,3194,3166,3140,3044,11103.125000,15698.765432,18320.748830,12052.830189,11587.082885,11179.057592,9847.383444,nan,nan,nan,nan,nan,nan,nan
829700,5,open_reference,1.8801,Fist,Uncertain,3116,3457,3453,3098,3156,3123,3010,10821.654750,18422.884013,18286.915888,10564.894684,11427.476038,10924.074074,9432.258065,nan,nan,nan,nan,nan,nan,nan
829750,5,open_reference,1.9646,Fist,Uncertain,3098,3369,3539,3118,3145,3131,3008,10564.894684,15777.685950,21641.366906,10850.767656,11255.789474,11042.946058,9408.647654,nan,nan,nan,nan,nan,nan,nan
829800,5,open_reference,1.9861,Fist,Uncertain,3095,3332,3415,3183,3154,3165,2997,10523.000000,14847.706422,17075.000000,11866.447368,11395.961743,11570.967742,9280.327869,nan,nan,nan,nan,nan,nan,nan
829850,5,open_reference,2.0289,Fist,Uncertain,3124,3402,3501,3175,3174,3124,3021,10938.825953,16690.909091,20039.393939,11733.695652,11717.263844,10938.825953,9563.687151,nan,nan,nan,nan,nan,nan,nan
829900,5,open_reference,2.0713,Fist,Uncertain,3114,3367,3483,3099,3183,3071,3021,10792.660550,15725.000000,19350.000000,10578.915663,11866.447368,10196.679688,9563.687151,nan,nan,nan,nan,nan,nan,nan
829950,5,open_reference,2.1335,Fist,Uncertain,3158,3383,3409,3110,3180,3126,3092,11459.124867,16154.775281,16895.918367,10735.025381,11816.393443,10968.421053,10481.355932,nan,nan,nan,nan,nan,nan,nan
830000,5,open_reference,2.1961,Fist,Uncertain,3156,3345,3470,3103,3169,3121,3083,11427.476038,15164.000000,18876.800000,10635.282258,11635.637149,10894.661191,10357.905138,nan,nan,nan,nan,nan,nan,nan
830050,5,open_reference,2.2379,Fist,Uncertain,3153,3468,3468,3107,3189,3128,3113,11380.254777,18805.741627,18805.741627,10692.105263,11967.549669,10998.138573,10778.207739,nan,nan,nan,nan,nan,nan,nan
830100,5,open_reference,2.3003,Fist,Uncertain,3117,3441,3453,3104,3171,3140,3096,10836.196319,17888.990826,18286.915888,10649.445005,11668.181818,11179.057592,10536.936937,nan,nan,nan,nan,nan,nan,nan
830150,5,open_reference,2.3207,Fist,Uncertain,3108,3459,3520,3117,3149,3100,3066,10706.382979,18491.509434,20813.913043,10836.196319,11317.758985,10592.964824,10130.612245,nan,nan,nan,nan,nan,nan,nan
830200,5,open_reference,2.3835,Fist,Uncertain,3175,3404,3434,3090,3173,3089,3070,11733.695652,16749.059334,17663.540091,10453.731343,11700.867679,10439.960239,10183.414634,nan,nan,nan,nan,nan,nan,nan
830250,5,open_reference,2.4254,Fist,Uncertain,3126,3432,3449,3082,3151,3091,3077,10968.421053,17600.000000,18152.631579,10344.323791,11348.940678,10467.529880,10276.817289,nan,nan,nan,nan,nan,nan,nan
830300,5,open_reference,2.5090,Fist,Uncertain,3121,3401,3477,3067,3123,3124,3075,10894.661191,16661.959654,19129.126214,10143.774319,10924.074074,10938.825953,10250.000000,nan,nan,nan,nan,nan,nan,nan
830350,5,open_reference,2.5501,Fist,Uncertain,3141,3447,3432,3062,3134,3123,3081,11194.339623,18086.111111,17600.000000,10078.218780,11088.033299,10924.074074,10330.769231,nan,nan,nan,nan,nan,nan,nan
830400,5,open_reference,2.5918,Fist,Uncertain,3150,3447,3433,3089,3192,3133,3089,11333.333333,18086.111111,17631.722054,10439.960239,12018.604651,11072.972973,10439.960239,nan,nan,nan,nan,nan,nan,nan
830450,5,open_reference,2.6334,Fist,Uncertain,3153,3449,3506,3086,3146,3094,3058,11380.254777,18152.631579,20238.370119,10398.810704,11271.232877,10509.090909,10026.229508,nan,nan,nan,nan,nan,nan,nan
830500,5,open_reference,2.6760,Fist,Uncertain,3152,3444,3491,3069,3120,3113,3070,11364.581124,17987.096774,19651.324503,10170.175439,10880.000000,10778.207739,10183.414634,nan,nan,nan,nan,nan,nan,nan
830550,5,open_reference,2.7397,Fist,Uncertain,3153,3465,3459,3084,3164,3089,3077,11380.254777,18700.000000,18491.509434,10371.513353,11554.887218,10439.960239,10276.817289,nan,nan,nan,nan,nan,nan,nan
830600,5,open_reference,2.8034,Fist,Uncertain,3136,3433,3505,3174,3145,3090,3069,11118.248175,17631.722054,20198.305085,11717.263844,11255.789474,10453.731343,10170.175439,nan,nan,nan,nan,nan,nan,nan
830650,5,open_reference,2.8450,Fist,Uncertain,3131,3411,3472,3166,3168,3076,3064,11042.946058,16955.263158,18948.314607,11587.082885,11619.417476,10263.395486,10104.364694,nan,nan,nan,nan,nan,nan,nan
830700,5,open_reference,2.8873,Fist,Uncertain,3114,3379,3438,3159,3157,3070,3087,10792.660550,16045.530726,17791.780822,11475.000000,11443.283582,10183.414634,10412.500000,nan,nan,nan,nan,nan,nan,nan
830750,5,open_reference,2.9513,Fist,Uncertain,3115,3411,3494,3160,3156,3045,3055,10807.142857,16955.263158,19766.389351,11490.909091,11427.476038,9860.000000,9987.500000,nan,nan,nan,nan,nan,nan,nan
830800,5,open_reference,2.9732,Fist,Uncertain,3116,3399,3481,3149,3148,3057,3064,10821.654750,16604.310345,19275.895765,11317.758985,11302.217529,10013.294798,10104.364694,nan,nan,nan,nan,nan,nan,nan
830850,5,open_reference,3.0576,Fist,Uncertain,3114,3426,3499,3152,3134,3060,3061,10792.660550,17411.659193,19960.738255,11364.581124,11088.033299,10052.173913,10065.183752,nan,nan,nan,nan,nan,nan,nan
830900,5,open_reference,3.1001,Fist,Uncertain,3100,3379,3542,3181,3119,3055,3045,10592.964824,16045.530726,21777.215190,11833.041575,10865.368852,9987.500000,9860.000000,nan,nan,nan,nan,nan,nan,nan
830950,5,open_reference,3.1426,Fist,Uncertain,3100,3394,3525,3162,3115,3070,3052,10592.964824,16461.626248,21026.315789,11522.829582,10807.142857,10183.414634,9948.993289,nan,nan,nan,nan,nan,nan,nan
831000,5,open_reference,3.2062,Fist,Uncertain,3098,3379,3522,3168,3103,3071,3050,10564.894684,16045.530726,20898.429319,11619.417476,10635.282258,10196.679688,9923.444976,nan,nan,nan,nan,nan,nan,nan
831050,5,open_reference,3.2489,Fist,Uncertain,3098,3370,3490,3171,3115,3068,3036,10564.894684,15804.137931,19613.223140,11668.181818,10807.142857,10156.962025,9747.308782,nan,nan,nan,nan,nan,nan,nan
831100,5,open_reference,3.2700,Fist,Uncertain,3124,3355,3464,3167,3128,3086,3048,10938.825953,15414.864865,18664.976228,11603.232759,10998.138573,10398.810704,9897.994269,nan,nan,nan,nan,nan,nan,nan
831150,5,open_reference,3.3322,Fist,Uncertain,3169,3414,3430,3156,3165,3054,3045,11635.637149,17044.933921,17536.842105,11427.476038,11570.967742,9974.639769,9860.000000,nan,nan,nan,nan,nan,nan,nan
831200,5,open_reference,3.3746,Fist,Uncertain,3135,3362,3468,3154,3098,3041,3020,11103.125000,15594.542974,18805.741627,11395.961743,10564.894684,9809.677419,9551.627907,nan,nan,nan,nan,nan,nan,nan
831250,5,open_reference,3.4377,Fist,Uncertain,3150,3379,3497,3159,3149,3086,3030,11333.333333,16045.530726,19882.608696,11475.000000,11317.758985,10398.810704,9673.239437,nan,nan,nan,nan,nan,nan,nan
831300,5,open_reference,3.5000,Fist,Uncertain,3161,3372,3500,3153,3134,3100,3018,11506.852248,15857.261411,20000.000000,11380.254777,11088.033299,10592.964824,9527.576602,nan,nan,nan,nan,nan,nan,nan
831350,5,open_reference,3.5207,Fist,Uncertain,3129,3343,3531,3132,3137,3095,2998,11013.043478,15114.627660,21286.170213,11057.943925,11133.402923,10523.000000,9291.886964,nan,nan,nan,nan,nan,nan,nan
831400,5,open_reference,3.5832,Fist,Uncertain,3121,3358,3511,3036,3142,3091,3023,10894.661191,15491.451832,20440.753425,9747.308782,11209.653725,10467.529880,9587.873134,nan,nan,nan,nan,nan,nan,nan
831450,5,open_reference,3.6249,Fist,Uncertain,3101,3358,3531,3060,3134,3078,3031,10607.042254,15491.451832,21286.170213,10052.173913,11088.033299,10290.265487,9685.526316,nan,nan,nan,nan,nan,nan,nan
831500,5,open_reference,3.6867,Fist,Uncertain,3144,3359,3537,3038,3134,3091,3010,11240.378549,15517.119565,21551.612903,9772.185430,11088.033299,10467.529880,9432.258065,nan,nan,nan,nan,nan,nan,nan
831550,5,open_reference,3.7294,Fist,Uncertain,3119,3376,3511,3026,3089,3077,3014,10865.368852,15964.394993,20440.753425,9624.321796,10439.960239,10276.817289,9479.740981,nan,nan,nan,nan,nan,nan,nan
831600,5,open_reference,3.7932,Fist,Uncertain,3140,3439,3492,3036,3108,3075,2993,11179.057592,17824.085366,19689.552239,9747.308782,10706.382979,10250.000000,9234.301270,nan,nan,nan,nan,nan,nan,nan
831650,5,open_reference,3.8353,Fist,Uncertain,3149,3470,3477,3022,3152,3061,2977,11317.758985,18876.800000,19129.126214,9575.768872,11364.581124,10065.183752,9053.488372,nan,nan,nan,nan,nan,nan,nan
831700,5,open_reference,3.8778,Fist,Uncertain,3150,3464,3442,3020,3097,3058,2974,11333.333333,18664.976228,17921.592649,9551.627907,10550.901804,10026.229508,9020.160571,nan,nan,nan,nan,nan,nan,nan
831750,5,open_reference,3.9412,Fist,Uncertain,3153,3473,3479,3035,3149,3038,2971,11380.254777,18984.244373,19202.272727,9734.905660,11317.758985,9772.185430,8987.010676,nan,nan,nan,nan,nan,nan,nan
831800,5,open_reference,3.9832,Fist,Uncertain,3151,3400,3502,3037,3127,3019,2988,11348.940678,16633.093525,20078.920742,9759.735350,10983.264463,9539.591078,9177.235772,nan,nan,nan,nan,nan,nan,nan
831850,5,posture_hold,0.0417,Fist,Uncertain,3145,3408,3503,3011,3130,3036,2989,11255.789474,16866.375546,20118.581081,9444.095941,11027.979275,9747.308782,9188.607595,0.016504,0.011390,0.032696,-0.114957,-0.020911,-0.062652,-0.075241
831900,5,posture_hold,0.0630,Fist,Uncertain,3117,3402,3500,3021,3111,3043,2977,10836.196319,16690.909091,20000.000000,9563.687151,10749.390244,9834.790875,9053.488372,-0.021389,0.000868,0.026609,-0.103750,-0.045645,-0.054239,-0.088840
831950,5,posture_hold,0.1467,Fist,Uncertain,3131,3361,3490,3023,3179,3048,2966,11042.946058,15568.664850,19613.223140,9587.873134,11799.781659,9897.994269,8932.152347,-0.002717,-0.066427,0.006756,-0.101483,0.047611,-0.048161,-0.101051
832000,5,posture_hold,0.1467,Fist,Uncertain,3147,3359,3490,3016,3156,3055,2975,11286.708861,15517.119565,19613.223140,9503.614458,11427.476038,9987.500000,9031.250000,0.019297,-0.069518,0.006756,-0.109379,0.014557,-0.039554,-0.091078
832050,5,posture_hold,0.2087,Fist,Uncertain,3176,3409,3495,3027,3102,3048,2970,11750.163221,16895.918367,19805.000000,9636.516854,10621.148036,9897.994269,8976.000000,0.061151,0.013161,0.016600,-0.096924,-0.057030,-0.048161,-0.096638
832100,5,posture_hold,0.2501,Fist,Uncertain,3142,3464,3484,3026,3106,3039,2979,11209.653725,18664.976228,19387.234043,9624.321796,10677.856421,9784.659091,9075.806452,0.012338,0.119243,-0.004844,-0.098067,-0.051996,-0.059060,-0.086594
832150,5,posture_hold,0.3134,Fist,Uncertain,3139,3402,3490,3034,3099,3043,2978,11163.807531,16690.909091,19613.223140,9722.525919,10578.915663,9834.790875,9064.637422,0.008198,0.000868,0.006756,-0.088864,-0.060780,-0.054239,-0.087718
832200,5,posture_hold,0.3546,Fist,Uncertain,3116,3316,3508,3068,3087,3023,2976,10821.654750,14472.913992,20318.909710,10156.962025,10412.500000,9587.873134,9042.359249,-0.022702,-0.132134,0.042979,-0.048151,-0.075555,-0.077984,-0.089960
832250,5,posture_hold,0.4179,Fist,Uncertain,3113,3343,3534,3068,3096,3017,2965,10778.207739,15114.627660,21418.181818,10156.962025,10536.936937,9515.584416,8921.238938,-0.026626,-0.093654,0.099405,-0.048151,-0.064507,-0.084935,-0.102150
832300,5,posture_hold,0.4601,Fist,Uncertain,3090,3334,3521,3072,3111,3063,2995,10453.731343,14895.663601,20856.097561,10209.970674,10749.390244,10091.279070,9257.272727,-0.055929,-0.106784,0.070553,-0.043184,-0.045645,-0.029574,-0.068330
832350,5,posture_hold,0.5234,Fist,Uncertain,3127,3388,3534,3034,3176,3082,2986,10983.264463,16293.069307,21418.181818,9722.525919,11750.163221,10344.323791,9154.553652,-0.008107,-0.022988,0.099405,-0.088864,0.043206,-0.005240,-0.078668
832400,5,posture_hold,0.5648,Fist,Uncertain,3155,3404,3541,3051,3139,3077,2984,11411.702128,16749.059334,21731.768953,9936.206897,11163.807531,10276.817289,9131.953195,0.030585,0.004355,0.115502,-0.068839,-0.008852,-0.011731,-0.080943
832450,5,posture_hold,0.6281,Fist,Uncertain,3169,3376,3504,3049,3183,3092,2968,11635.637149,15964.394993,20158.375635,9910.707457,11866.447368,10481.355932,8954.037267,0.050808,-0.042697,0.034739,-0.071229,0.053530,0.007938,-0.098849
832500,5,posture_hold,0.6703,Fist,Uncertain,3125,3391,3491,3050,3166,3080,2968,10953.608247,16376.988636,19651.324503,9923.444976,11587.082885,10317.241379,8954.037267,-0.010785,-0.017956,0.008711,-0.070035,0.028727,-0.007844,-0.098849
832550,5,posture_hold,0.7335,Fist,Uncertain,3138,3411,3489,3056,3177,3077,2939,11148.589342,16955.263158,19575.247525,10000.384986,11766.666667,10276.817289,8644.117647,0.006823,0.016720,0.004806,-0.062825,0.044671,-0.011731,-0.130040
832600,5,posture_hold,0.7546,Fist,Uncertain,3181,3368,3499,3051,3141,3058,2950,11833.041575,15751.306740,19960.738255,9936.206897,11194.339623,10026.229508,8759.825328,0.068636,-0.055475,0.024594,-0.068839,-0.006141,-0.035829,-0.118395
832650,5,posture_hold,0.8180,Fist,Uncertain,3158,3408,3459,3055,3172,3052,2952,11459.124867,16866.375546,18491.509434,9987.500000,11684.507042,9948.993289,8781.102362,0.034868,0.011390,-0.050822,-0.064032,0.037377,-0.043257,-0.116253
832700,5,posture_hold,0.8602,Fist,Uncertain,3124,3370,3471,3040,3173,3030,2940,10938.825953,15804.137931,18912.500000,9797.156398,11700.867679,9673.239437,8654.545455,-0.012120,-0.052307,-0.029213,-0.081870,0.038829,-0.069774,-0.128990
832750,5,posture_hold,0.9234,Fist,Uncertain,3144,3346,3458,3021,3121,3039,2951,11240.378549,15188.785047,18457.142857,9563.687151,10894.661191,9784.659091,8770.454545,0.015113,-0.089207,-0.052586,-0.103750,-0.032747,-0.059060,-0.117325
832800,5,posture_hold,0.9652,Fist,Uncertain,3151,3345,3474,3036,3094,3027,2942,11348.940678,15164.000000,19020.289855,9747.308782,10509.090909,9636.516854,8675.455334,0.024917,-0.090693,-0.023680,-0.086542,-0.066979,-0.073306,-0.126886
832850,5,posture_hold,1.0070,Fist,Uncertain,3120,3324,3474,3023,3097,3018,2935,10880.000000,14658.365759,19020.289855,9587.873134,10550.901804,9527.576602,8602.586207,-0.017433,-0.121013,-0.023680,-0.101483,-0.063267,-0.083782,-0.134219
832900,5,posture_hold,1.0695,Fist,Uncertain,3105,3314,3504,3031,3103,3022,2951,10663.636364,14427.144686,20158.375635,9685.526316,10635.282258,9575.768872,8770.454545,-0.036973,-0.134878,0.034739,-0.092332,-0.055776,-0.079148,-0.117325
832950,5,posture_hold,1.1317,Fist,Uncertain,3105,3326,3486,3052,3088,3014,2953,10663.636364,14705.331599,19462.068966,9948.993289,10426.216485,9479.740981,8791.768827,-0.036973,-0.118197,-0.001003,-0.067641,-0.074337,-0.088382,-0.115180
833000,5,posture_hold,1.1525,Fist,Uncertain,3126,3363,3474,3059,3113,3007,2943,10968.421053,15620.491803,19020.289855,10039.189189,10778.207739,9396.875000,8685.937500,-0.009448,-0.063319,-0.023680,-0.059188,-0.043086,-0.096351,-0.125831
833050,5,posture_hold,1.1943,Fist,Uncertain,3120,3341,3474,3058,3118,3019,2948,10880.000000,15065.517241,19020.289855,10026.229508,10850.767656,9539.591078,8738.622493,-0.017433,-0.096598,-0.023680,-0.060403,-0.036644,-0.082627,-0.120528
833100,5,posture_hold,1.2575,Fist,Uncertain,3116,3334,3472,3060,3090,3014,2952,10821.654750,14895.663601,18948.314607,10052.173913,10453.731343,9479.740981,8781.102362,-0.022702,-0.106784,-0.027374,-0.057972,-0.071894,-0.088382,-0.116253
833150,5,posture_hold,1.3202,Fist,Uncertain,3087,3344,3481,3051,3093,2992,2940,10412.500000,15139.280959,19275.895765,9936.206897,10495.209581,9222.846782,8654.545455,-0.059653,-0.092175,-0.010559,-0.068839,-0.068212,-0.113086,-0.128990
833200,5,posture_hold,1.3623,Fist,Uncertain,3087,3324,3452,3054,3083,2999,2951,10412.500000,14658.365759,18253.188180,9974.639769,10357.905138,9303.467153,8770.454545,-0.059653,-0.121013,-0.063056,-0.065238,-0.080402,-0.105334,-0.117325
833250,5,posture_hold,1.4056,Fist,Uncertain,3088,3343,3478,3059,3064,3004,2965,10426.216485,15114.627660,19165.640194,10039.189189,10104.364694,9361.686526,8921.238938,-0.058414,-0.093654,-0.016219,-0.059188,-0.102912,-0.099735,-0.102150
833300,5,posture_hold,1.4904,Fist,Uncertain,3100,3393,3449,3057,3054,3002,2959,10592.964824,16433.333333,18152.631579,10013.294798,9974.639769,9338.334858,8856.161972,-0.043355,-0.014578,-0.068217,-0.061615,-0.114429,-0.101980,-0.108699
833350,5,posture_hold,1.5110,Fist,Uncertain,3100,3354,3427,3068,3063,3020,2960,10592.964824,15389.473684,17442.814371,10156.962025,10091.279070,9551.627907,8866.960352,-0.043355,-0.077172,-0.104652,-0.048151,-0.104073,-0.081469,-0.107612
833400,5,posture_hold,1.5743,Fist,Uncertain,3067,3377,3423,3054,3133,3021,2953,10143.774319,15991.364903,17318.750000,9974.639769,11072.972973,9563.687151,8791.768827,-0.083921,-0.041080,-0.111021,-0.065238,-0.016916,-0.080310,-0.115180
833450,5,posture_hold,1.6157,Fist,Uncertain,3084,3329,3439,3041,3130,3010,2939,10371.513353,14776.240209,17824.085366,9809.677419,11027.979275,9432.258065,8644.117647,-0.063354,-0.113945,-0.085082,-0.080697,-0.020911,-0.092948,-0.130040
833500,5,posture_hold,1.6791,Fist,Uncertain,3059,3321,3412,3053,3141,3021,2936,10039.189189,14588.372093,16985.065886,9961.804223,11194.339623,9563.687151,8612.942192,-0.093366,-0.125210,-0.128149,-0.066440,-0.006141,-0.080310,-0.133177
833550,5,posture_hold,1.7218,Fist,Uncertain,3080,3357,3473,3058,3127,3029,2935,10317.241379,15465.853659,18984.244373,10026.229508,10983.264463,9660.975610,8602.586207,-0.068255,-0.072592,-0.025530,-0.060403,-0.024881,-0.070954,-0.134219
833600,5,posture_hold,1.7638,Fist,Uncertain,3090,3346,3461,3055,3136,3036,2924,10453.731343,15188.785047,18560.567823,9987.500000,11118.248175,9747.308782,8489.837746,-0.055929,-0.089207,-0.047278,-0.064032,-0.012897,-0.062652,-0.145567
833650,5,posture_hold,1.8278,Fist,Uncertain,3061,3353,3441,3050,3152,3039,2930,10065.183752,15364.150943,17888.990826,9923.444976,11364.581124,9784.659091,8551.072961,-0.091019,-0.078691,-0.081750,-0.070035,0.008973,-0.059060,-0.139404
833700,5,posture_hold,1.8703,Fist,Uncertain,3134,3543,3708,3178,3271,3153,3070,11088.033299,21822.826087,32576.744186,11783.206107,13496.844660,11380.254777,10183.414634,0.001354,0.308603,0.672179,0.104250,0.198280,0.094380,0.024878
833750,5,posture_hold,1.9124,Fist,Uncertain,3146,3493,3156,3229,3544,3239,3186,11271.232877,19727.906977,11427.476038,12677.367206,21868.602541,12865.186916,11916.831683,0.017899,0.182981,-0.413422,0.188046,0.941544,0.237179,0.199333
833800,5,posture_hold,1.9764,Fist,Uncertain,3329,3482,3040,3297,3099,3584,3172,14776.240209,19312.887439,9797.156398,14047.368421,10578.915663,23846.575342,11684.507042,0.334434,0.158095,-0.497107,0.316434,-0.060780,1.293202,0.175951
833850,5,posture_hold,2.0190,Fist,Uncertain,3466,3612,3196,3307,3231,3922,3449,18735.135135,25426.086957,12087.208009,14268.781726,12714.583333,nan,18152.631579,0.691960,0.524672,-0.379558,0.337183,0.128829,nan,0.826915
833900,5,posture_hold,2.0611,Fist,Uncertain,3629,3553,3121,3191,3210,3479,3451,26477.682403,22288.191882,10894.661191,12001.548673,12332.203390,19202.272727,18219.565217,1.391186,0.336508,-0.440772,0.124712,0.094881,0.846584,0.833652
833950,5,posture_hold,2.1038,Fist,Uncertain,3656,3482,3212,3176,3202,3470,3354,28315.261959,19312.887439,12367.836920,11750.163221,12191.265398,18876.800000,15389.473684,1.557136,0.158095,-0.365153,0.101154,0.082368,0.815285,0.548826
834000,5,posture_hold,2.1892,Fist,Uncertain,3556,3530,3141,3109,3173,3387,3320,22431.168831,21242.477876,11194.339623,10720.689655,11700.867679,16265.254237,14565.161290,1.025747,0.273802,-0.425389,0.004678,0.038829,0.564146,0.465866
834050,5,posture_hold,2.2316,Fist,Uncertain,3483,3572,3144,3119,3186,3425,3416,19350.000000,23221.414914,11240.378549,10865.368852,11916.831683,17380.597015,17105.154639,0.747488,0.392469,-0.423026,0.018236,0.058003,0.671402,0.721495
834100,5,posture_hold,2.2529,Fist,Uncertain,3558,3762,3056,3151,3134,3509,3373,22527.374302,38410.810811,10000.384986,11348.940678,11088.033299,20359.385666,15883.933518,1.034435,1.303299,-0.486676,0.063554,-0.015579,0.957857,0.598589
834150,5,posture_hold,2.3159,Fist,Uncertain,3427,3578,3057,3057,3091,3666,3400,17442.814371,23530.367505,10013.294798,10013.294798,10467.529880,29054.545455,16633.093525,0.575251,0.410995,-0.486013,-0.061615,-0.070669,1.794026,0.673986
834200,5,posture_hold,2.3579,Fist,Uncertain,3417,3626,3132,3075,3069,3877,3374,17135.398230,26286.567164,11057.943925,10250.000000,10170.175439,60466.972477,15910.679612,0.547489,0.576270,-0.432391,-0.039432,-0.097069,4.814797,0.601281
834250,5,posture_hold,2.4415,Fist,Uncertain,3344,3557,3065,3057,3095,3811,3308,15139.280959,22479.182156,10117.475728,10013.294798,10523.000000,45624.647887,14291.232529,0.367220,0.347961,-0.480665,-0.061615,-0.065744,3.387487,0.438297
834300,5,posture_hold,2.4628,Fist,Uncertain,3314,3621,3066,3090,3101,3645,3347,14427.144686,25973.417722,10130.612245,10453.731343,10607.042254,27540.000000,15213.636364,0.302908,0.557492,-0.479991,-0.020340,-0.058283,1.648380,0.531129
834350,5,posture_hold,2.5469,Fist,Uncertain,3326,3577,2952,3088,3175,3844,3331,14705.331599,23478.378378,8781.102362,10426.216485,11733.695652,52070.119522,14823.821990,0.328031,0.407878,-0.549262,-0.022919,0.041744,4.007315,0.491898
834400,5,posture_hold,2.5683,Fist,Uncertain,3375,3510,2958,3025,3155,3721,3277,15937.500000,20400.000000,8845.382586,9612.149533,11411.702128,33827.272727,13620.782396,0.439307,0.223283,-0.545962,-0.099208,0.013157,2.252994,0.370821
834450,5,posture_hold,2.6098,Fist,Uncertain,3354,3527,3022,3033,3163,3883,3287,15389.473684,21112.323944,9575.768872,9710.169492,11538.841202,62274.528302,13831.435644,0.389815,0.265997,-0.508471,-0.090022,0.024444,4.988620,0.392022
834500,5,posture_hold,2.6718,Fist,Uncertain,3347,3516,3006,3014,3070,3621,3264,15213.636364,20646.632124,9385.123967,9479.740981,10183.414634,25973.417722,13354.512635,0.373935,0.238072,-0.518257,-0.111616,-0.095893,1.497730,0.344024
834550,5,posture_hold,2.7144,Fist,Uncertain,3336,3495,3053,3016,3088,3826,3302,14943.873518,19805.000000,9961.804223,9503.614458,10426.216485,48358.364312,14157.377049,0.349573,0.187604,-0.488656,-0.109379,-0.074337,3.650375,0.424825
834600,5,posture_hold,2.7976,Fist,Uncertain,3310,3548,2989,3017,3058,3764,3305,14336.305732,22053.382084,9188.607595,9515.584416,10026.229508,38663.444109,14224.050633,0.294704,0.322428,-0.528345,-0.108257,-0.109849,2.718064,0.431536
834650,5,posture_hold,2.8190,Fist,Uncertain,3351,3474,3024,3041,3048,3805,3209,15313.709677,19020.289855,9600.000000,9809.677419,9897.994269,44610.344828,12314.446953,0.382973,0.140549,-0.507228,-0.080697,-0.121234,3.289947,0.239349
834700,5,posture_hold,2.8617,Fist,Uncertain,3326,3465,2988,3004,3070,3880,3229,14705.331599,18700.000000,9177.235772,9361.686526,10183.414634,61358.139535,12677.367206,0.328031,0.121343,-0.528928,-0.122680,-0.095893,4.900496,0.275874
834750,5,posture_hold,2.9467,Fist,Uncertain,3317,3501,3067,3014,3046,3884,3251,14495.886889,20039.393939,10143.774319,9479.740981,9872.640610,62585.781991,13096.445498,0.309116,0.201659,-0.479315,-0.111616,-0.123485,5.018552,0.318051
834800,5,posture_hold,2.9675,Fist,Uncertain,3346,3467,3063,2970,3037,3743,3244,15188.785047,18770.382166,10091.279070,8976.000000,9759.735350,36153.977273,12960.752056,0.371691,0.125563,-0.482010,-0.158824,-0.133509,2.476742,0.304395
834850,5,posture_hold,3.0100,Fist,Uncertain,3256,3415,2977,2990,3055,3670,3256,13194.755662,17075.000000,9053.488372,9200.000000,9987.500000,29360.000000,13194.755662,0.191611,0.023900,-0.535280,-0.137832,-0.113287,1.823400,0.327945
834900,5,posture_hold,3.0719,Fist,Uncertain,3297,3411,3024,3001,3037,3530,3254,14047.368421,16955.263158,9600.000000,9326.691042,9759.735350,21242.477876,13155.291320,0.268610,0.016720,-0.507228,-0.125959,-0.133509,1.042780,0.323974
834950,5,posture_hold,3.1351,Fist,Uncertain,3295,3428,3038,3055,3029,3815,3277,14003.750000,17474.062969,9772.185430,9987.500000,9660.975610,46325.000000,13620.782396,0.264671,0.047830,-0.498389,-0.064032,-0.142277,3.454836,0.370821
835000,5,posture_hold,3.1776,Fist,Uncertain,3312,3406,3128,3026,3034,3793,3327,14381.609195,16807.547170,10998.138573,9624.321796,9722.525919,42702.649007,14728.906250,0.298796,0.007862,-0.435461,-0.098067,-0.136812,3.106494,0.482345
835050,5,posture_hold,3.2193,Fist,Uncertain,3301,3375,3082,3007,3032,3819,3333,14135.264484,15937.500000,10344.323791,9396.875000,9697.836312,47045.652174,14871.653543,0.276548,-0.044310,-0.469021,-0.119382,-0.139004,3.524138,0.496712
835100,5,posture_hold,3.2618,Fist,Uncertain,3332,3324,3068,3007,3039,3821,3298,14847.706422,14658.365759,10156.962025,9396.875000,9784.659091,47413.868613,14069.259724,0.340889,-0.121013,-0.478639,-0.119382,-0.131296,3.559547,0.415957
835150,5,posture_hold,3.3044,Fist,Uncertain,3333,3313,3021,3005,3036,3896,3233,14871.653543,14404.347826,9563.687151,9373.394495,9747.308782,66564.824121,12751.972158,0.343051,-0.136245,-0.509092,-0.121583,-0.134612,5.401196,0.283383
835200,5,posture_hold,3.3680,Fist,Uncertain,3297,3307,3093,3005,3030,3804,3277,14047.368421,14268.781726,10495.209581,9373.394495,9673.239437,44445.360825,13620.782396,0.268610,-0.144375,-0.461276,-0.121583,-0.141188,3.274081,0.370821
835250,5,posture_hold,3.4106,Fist,Uncertain,3321,3361,2962,2990,3014,3814,3276,14588.372093,15568.664850,8888.614298,9200.000000,9479.740981,46148.042705,13600.000000,0.317468,-0.066427,-0.543743,-0.137832,-0.158367,3.437819,0.368730
835300,5,posture_hold,3.4533,Fist,Uncertain,3295,3339,2892,2976,3041,3738,3276,14003.750000,15016.666667,8173.566085,9042.359249,9809.677419,35600.000000,13600.000000,0.264671,-0.099528,-0.580447,-0.152605,-0.129075,2.423468,0.368730
835350,5,posture_hold,3.5372,Fist,Uncertain,3313,3343,2919,2986,3046,3685,3231,14404.347826,15114.627660,8439.285714,9154.553652,9872.640610,30558.536585,12714.583333,0.300849,-0.093654,-0.566808,-0.142091,-0.123485,1.938657,0.279620
835400,5,posture_hold,3.5586,Fist,Uncertain,3284,3343,2934,2978,3045,3599,3222,13767.694205,15114.627660,8592.248062,9064.637422,9860.000000,24670.564516,12548.453608,0.243353,-0.093654,-0.558956,-0.150517,-0.124607,1.372441,0.262900
835450,5,posture_hold,3.6221,Fist,Uncertain,3272,3315,3014,2962,3048,3721,3292,13517.375456,14450.000000,9479.740981,8888.614298,9897.994269,33827.272727,13938.729763,0.220747,-0.133508,-0.513401,-0.167013,-0.121234,2.252994,0.402820
835500,5,posture_hold,3.6852,Fist,Uncertain,3302,3325,3004,2979,3046,3792,3242,14157.377049,14681.818182,9361.686526,9075.806452,9872.640610,42550.495050,12922.391559,0.278545,-0.119607,-0.519460,-0.149471,-0.123485,3.091862,0.300534
835550,5,posture_hold,3.7278,Fist,Uncertain,3318,3323,3019,2992,3045,3595,3274,14518.918919,14634.974093,9539.591078,9222.846782,9860.000000,24446.000000,13558.587089,0.311196,-0.122416,-0.510328,-0.135691,-0.124607,1.350846,0.364562
835600,5,posture_hold,3.7486,Fist,Uncertain,3302,3342,2933,2961,3042,3662,3242,14157.377049,15090.039841,8581.927711,8877.777778,9822.222222,28754.734411,12922.391559,0.278545,-0.095128,-0.559486,-0.168029,-0.127961,1.765195,0.300534
835650,5,posture_hold,3.8113,Fist,Uncertain,3292,3384,2959,2988,3043,3858,3271,13938.729763,16182.278481,8856.161972,9177.235772,9834.790875,55346.835443,13496.844660,0.258799,-0.029632,-0.545409,-0.139965,-0.126845,4.322420,0.358348
835700,5,posture_hold,3.8534,Fist,Uncertain,3281,3371,3012,3007,3028,3513,3220,13704.422604,15830.662983,9455.955679,9396.875000,9648.734770,20522.680412,12512.000000,0.237639,-0.050717,-0.514621,-0.119382,-0.143364,0.973560,0.259231
835750,5,posture_hold,3.9161,Fist,Uncertain,3269,3458,3036,2993,3042,3757,3243,13455.932203,18457.142857,9747.308782,9234.301270,9822.222222,37792.307692,12941.549296,0.215198,0.106780,-0.499666,-0.134618,-0.127961,2.634291,0.302462
835800,5,posture_hold,3.9581,Fist,Uncertain,3282,3443,3088,3002,3040,3652,3292,13725.461255,17954.294479,10426.216485,9338.334858,9797.156398,28028.893905,13938.729763,0.239539,0.076627,-0.464818,-0.124868,-0.130186,1.695394,0.402820
835850,5,posture_hold,3.9994,Fist,Uncertain,3313,3435,3113,3024,3024,3614,3276,14404.347826,17695.454545,10778.207739,9600.000000,9600.000000,25545.945946,13600.000000,0.300849,0.061105,-0.446750,-0.100347,-0.147690,1.456622,0.368730
835900,5,posture_hold,4.0623,Fist,Uncertain,3282,3424,2949,2998,3036,3582,3214,13725.461255,17349.627422,8749.214660,9291.886964,9747.308782,23740.350877,12403.632236,0.239539,0.040368,-0.550899,-0.129221,-0.134612,1.282987,0.248325
835950,5,posture_hold,4.1262,Fist,Uncertain,3273,3424,2952,3038,3036,3666,3223,13537.956204,17349.627422,8781.102362,9772.185430,9747.308782,29054.545455,12566.743119,0.222606,0.040368,-0.549262,-0.084210,-0.134612,1.794026,0.264741
836000,5,posture_hold,4.1682,Fist,Uncertain,3251,3420,2941,2998,3012,3579,3174,13096.445498,17226.666667,8664.991334,9291.886964,9455.955679,23582.558140,11717.263844,0.182733,0.032995,-0.555222,-0.129221,-0.160479,1.267813,0.179248
836050,5,posture_hold,4.2319,Fist,Uncertain,3250,3373,3002,2977,3022,3567,3186,13076.923077,15883.933518,9338.334858,9053.488372,9575.768872,22969.318182,11916.831683,0.180970,-0.047522,-0.520659,-0.151562,-0.149842,1.208841,0.199333
836100,5,posture_hold,4.2737,Fist,Uncertain,3289,3407,3012,3009,3032,3731,3202,13874.193548,16836.918605,9455.955679,9420.441989,9697.836312,34850.000000,12191.265398,0.252971,0.009623,-0.514621,-0.117174,-0.139004,2.351345,0.226952
836150,5,posture_hold,4.3163,Fist,Uncertain,3289,3452,2989,3021,3011,3566,3203,13874.193548,18253.188180,9188.607595,9563.687151,9444.095941,22919.470699,12208.744395,0.252971,0.094550,-0.528345,-0.103750,-0.161532,1.204047,0.228711
836200,5,posture_hold,4.3588,Fist,Uncertain,3290,3418,2983,2996,3036,3303,3228,13895.652174,17165.731167,9120.683453,9268.789809,9747.308782,14179.545455,12658.823529,0.254909,0.029341,-0.531831,-0.131386,-0.134612,0.363574,0.274008
836250,5,posture_hold,4.4225,Fist,Uncertain,3307,3458,3053,2991,3023,3182,3211,14268.781726,18457.142857,9961.804223,9211.413043,9587.873134,11849.726177,12350.000000,0.288606,0.106780,-0.488656,-0.136763,-0.148767,0.139527,0.242927
836300,5,posture_hold,4.4642,Fist,Uncertain,3284,3425,3058,2971,3036,3185,3170,13767.694205,17380.597015,10026.229508,8987.010676,9747.308782,11900.000000,11651.891892,0.243353,0.042225,-0.485349,-0.157792,-0.134612,0.144362,0.172669
836350,5,posture_hold,4.5068,Fist,Uncertain,3313,3397,3020,2975,3036,3261,3179,14404.347826,16546.991404,9551.627907,9031.250000,9747.308782,13294.244604,11799.781659,0.300849,-0.007762,-0.509711,-0.153646,-0.134612,0.278439,0.187552
836400,5,posture_hold,4.5690,Fist,Uncertain,3296,3336,3088,2987,3038,3160,3170,14025.531915,14943.873518,10426.216485,9165.884477,9772.185430,11490.909091,11651.891892,0.266638,-0.103893,-0.464818,-0.141029,-0.132403,0.105021,0.172669
836450,5,posture_hold,4.6324,Fist,Uncertain,3309,3489,3035,2986,3012,3142,3205,14313.740458,19575.247525,9734.905660,9154.553652,9455.955679,11209.653725,12243.820225,0.292666,0.173827,-0.500303,-0.142091,-0.160479,0.077975,0.232241
836500,5,posture_hold,4.6539,Fist,Uncertain,3300,3442,2951,2983,3031,3168,3179,14113.207547,17921.592649,8770.454545,9120.683453,9685.526316,11619.417476,11799.781659,0.274556,0.074666,-0.549809,-0.145265,-0.140097,0.117379,0.187552
836550,5,posture_hold,4.7178,Fist,Uncertain,3276,3376,3000,2974,3041,3248,3215,13600.000000,15964.394993,9315.068493,9020.160571,9809.677419,13038.016529,12421.590909,0.228209,-0.042697,-0.521853,-0.154686,-0.129075,0.253799,0.250133
836600,5,posture_hold,4.7605,Fist,Uncertain,3286,3349,3031,2987,3026,3172,3219,13810.135970,15263.538874,9685.526316,9165.884477,9624.321796,11684.507042,12493.835616,0.247186,-0.084724,-0.502838,-0.141029,-0.145531,0.123639,0.257403
836650,5,posture_hold,4.8240,Fist,Uncertain,3271,3328,3047,3015,3028,3137,3220,13496.844660,14752.542373,9885.305344,9491.666667,9648.734770,11133.402923,12512.000000,0.218893,-0.115366,-0.492583,-0.110499,-0.143364,0.070642,0.259231
836700,5,posture_hold,4.8666,Fist,Uncertain,3261,3376,3069,2981,3030,3246,3203,13294.244604,15964.394993,10170.175439,9098.204668,9673.239437,12999.293286,12208.744395,0.200596,-0.042697,-0.477960,-0.147372,-0.141188,0.250075,0.228711
836750,5,posture_hold,4.9087,Fist,Uncertain,3295,3348,3045,2977,3043,3184,3193,14003.750000,15238.554217,9860.000000,9053.488372,9834.790875,11883.205269,12035.698448,0.264671,-0.086222,-0.493882,-0.151562,-0.126845,0.142747,0.211296
836800,5,posture_hold,4.9510,Fist,Uncertain,3267,3324,3107,3005,3034,3252,3225,13415.217391,14658.365759,10692.105263,9373.394495,9722.525919,13116.014235,12603.448276,0.211521,-0.121013,-0.451169,-0.121583,-0.136812,0.261299,0.268435
854550,6,open_reference,0.0203,ThumbUp,Uncertain,3040,3314,3484,3112,2987,3366,3027,9797.156398,14427.144686,19387.234043,10763.784334,9165.884477,15698.765432,9636.516854,nan,nan,nan,nan,nan,nan,nan
854600,6,open_reference,0.1041,ThumbUp,Uncertain,3050,3345,3447,3057,2967,3336,3040,9923.444976,15164.000000,18086.111111,10013.294798,8943.085106,14943.873518,9797.156398,nan,nan,nan,nan,nan,nan,nan
854650,6,open_reference,0.1253,ThumbUp,Uncertain,3053,3300,3474,3084,2968,3352,3054,9961.804223,14113.207547,19020.289855,10371.513353,8954.037267,15338.896366,9974.639769,nan,nan,nan,nan,nan,nan,nan
854700,6,open_reference,0.1873,ThumbUp,Uncertain,3038,3293,3451,3070,2977,3376,3063,9772.185430,13960.349127,18219.565217,10183.414634,9053.488372,15964.394993,10091.279070,nan,nan,nan,nan,nan,nan,nan
854750,6,open_reference,0.2292,ThumbUp,Uncertain,3049,3327,3498,3058,2965,3344,3048,9910.707457,14728.906250,19921.608040,10026.229508,8921.238938,15139.280959,9897.994269,nan,nan,nan,nan,nan,nan,nan
854800,6,open_reference,0.2920,ThumbUp,Uncertain,3045,3289,3484,3125,2977,3312,3056,9860.000000,13874.193548,19387.234043,10953.608247,9053.488372,14381.609195,10000.384986,nan,nan,nan,nan,nan,nan,nan
854850,6,open_reference,0.3552,ThumbUp,Uncertain,3032,3276,3443,3101,2976,3340,3040,9697.836312,13600.000000,17954.294479,10607.042254,9042.359249,15041.059603,9797.156398,nan,nan,nan,nan,nan,nan,nan
854900,6,open_reference,0.3974,ThumbUp,Uncertain,3045,3242,3441,3087,2965,3344,3016,9860.000000,12922.391559,17888.990826,10412.500000,8921.238938,15139.280959,9503.614458,nan,nan,nan,nan,nan,nan,nan
854950,6,open_reference,0.4186,ThumbUp,Uncertain,3049,3223,3443,3088,2984,3312,3023,9910.707457,12566.743119,17954.294479,10426.216485,9131.953195,14381.609195,9587.873134,nan,nan,nan,nan,nan,nan,nan
855000,6,open_reference,0.5027,ThumbUp,Uncertain,3039,3199,3466,3059,2981,3380,3015,9784.659091,12139.062500,18735.135135,10039.189189,9098.204668,16072.727273,9491.666667,nan,nan,nan,nan,nan,nan,nan
855050,6,open_reference,0.5238,ThumbUp,Uncertain,3054,3211,3468,3102,2979,3399,3001,9974.639769,12350.000000,18805.741627,10621.148036,9075.806452,16604.310345,9326.691042,nan,nan,nan,nan,nan,nan,nan
855100,6,open_reference,0.5871,ThumbUp,Uncertain,3042,3211,3430,3102,2988,3343,2999,9822.222222,12350.000000,17536.842105,10621.148036,9177.235772,15114.627660,9303.467153,nan,nan,nan,nan,nan,nan,nan
855150,6,open_reference,0.6499,ThumbUp,Uncertain,3041,3203,3457,3067,3000,3385,3006,9809.677419,12208.744395,18422.884013,10143.774319,9315.068493,16209.859155,9385.123967,nan,nan,nan,nan,nan,nan,nan
855200,6,open_reference,0.6921,ThumbUp,Uncertain,3046,3224,3463,3055,3003,3396,2990,9872.640610,12585.074627,18630.063291,9987.500000,9350.000000,16518.454936,9200.000000,nan,nan,nan,nan,nan,nan,nan
855250,6,open_reference,0.7549,ThumbUp,Uncertain,3048,3219,3444,3044,3012,3332,3005,9897.994269,12493.835616,17987.096774,9847.383444,9455.955679,14847.706422,9373.394495,nan,nan,nan,nan,nan,nan,nan
855300,6,open_reference,0.7763,ThumbUp,Uncertain,3046,3218,3441,3055,3006,3333,3020,9872.640610,12475.712657,17888.990826,9987.500000,9385.123967,14871.653543,9551.627907,nan,nan,nan,nan,nan,nan,nan
855350,6,open_reference,0.8184,ThumbUp,Uncertain,3069,3195,3468,3055,2998,3349,3010,10170.175439,12070.000000,18805.741627,9987.500000,9291.886964,15263.538874,9432.258065,nan,nan,nan,nan,nan,nan,nan
855400,6,open_reference,0.8815,ThumbUp,Uncertain,3063,3198,3459,3109,3005,3359,3019,10091.279070,12121.739130,18491.509434,10720.689655,9373.394495,15517.119565,9539.591078,nan,nan,nan,nan,nan,nan,nan
855450,6,open_reference,0.9442,ThumbUp,Uncertain,3051,3200,3439,3060,3014,3294,3014,9936.206897,12156.424581,17824.085366,10052.173913,9479.740981,13982.022472,9479.740981,nan,nan,nan,nan,nan,nan,nan
855500,6,open_reference,0.9858,ThumbUp,Uncertain,3051,3175,3403,3052,3002,3321,3009,9936.206897,11733.695652,16719.942197,9948.993289,9338.334858,14588.372093,9420.441989,nan,nan,nan,nan,nan,nan,nan
855550,6,open_reference,1.0285,ThumbUp,Uncertain,3054,3178,3432,3075,3005,3327,3006,9974.639769,11783.206107,17600.000000,10250.000000,9373.394495,14728.906250,9385.123967,nan,nan,nan,nan,nan,nan,nan
855600,6,open_reference,1.0706,ThumbUp,Uncertain,3049,3163,3413,3105,3014,3311,3002,9910.707457,11538.841202,17014.956012,10663.636364,9479.740981,14358.928571,9338.334858,nan,nan,nan,nan,nan,nan,nan
855650,6,open_reference,1.1341,ThumbUp,Uncertain,3061,3180,3430,3085,3008,3295,2995,10065.183752,11816.393443,17536.842105,10385.148515,9408.647654,14003.750000,9257.272727,nan,nan,nan,nan,nan,nan,nan
855700,6,open_reference,1.1962,ThumbUp,Uncertain,3053,3171,3396,3110,3022,3330,3000,9961.804223,11668.181818,16518.454936,10735.025381,9575.768872,14800.000000,9315.068493,nan,nan,nan,nan,nan,nan,nan
855750,6,open_reference,1.2385,ThumbUp,Uncertain,3050,3194,3449,3060,3014,3314,3013,9923.444976,12052.830189,18152.631579,10052.173913,9479.740981,14427.144686,9467.837338,nan,nan,nan,nan,nan,nan,nan
855800,6,open_reference,1.2814,ThumbUp,Uncertain,3050,3193,3382,3089,3012,3287,2993,9923.444976,12035.698448,16127.349229,10439.960239,9455.955679,13831.435644,9234.301270,nan,nan,nan,nan,nan,nan,nan
855850,6,open_reference,1.3242,ThumbUp,Uncertain,3051,3195,3387,3091,3007,3319,3013,9936.206897,12070.000000,16265.254237,10467.529880,9396.875000,14542.010309,9467.837338,nan,nan,nan,nan,nan,nan,nan
855900,6,open_reference,1.3882,ThumbUp,Uncertain,3039,3219,3396,3088,2997,3288,3007,9784.659091,12493.835616,16518.454936,10426.216485,9280.327869,13852.788104,9396.875000,nan,nan,nan,nan,nan,nan,nan
855950,6,open_reference,1.4311,ThumbUp,Uncertain,3051,3230,3379,3122,2992,3297,2998,9936.206897,12695.953757,16045.530726,10909.352518,9222.846782,14047.368421,9291.886964,nan,nan,nan,nan,nan,nan,nan
856000,6,open_reference,1.4736,ThumbUp,Uncertain,3037,3211,3372,3103,2995,3375,3005,9759.735350,12350.000000,15857.261411,10635.282258,9257.272727,15937.500000,9373.394495,nan,nan,nan,nan,nan,nan,nan
856050,6,open_reference,1.5376,ThumbUp,Uncertain,3023,3231,3376,3091,2999,3353,3002,9587.873134,12714.583333,15964.394993,10467.529880,9303.467153,15364.150943,9338.334858,nan,nan,nan,nan,nan,nan,nan
856100,6,open_reference,1.5795,ThumbUp,Uncertain,3070,3234,3408,3048,3019,3395,3022,10183.414634,12770.731707,16866.375546,9897.994269,9539.591078,16490.000000,9575.768872,nan,nan,nan,nan,nan,nan,nan
856150,6,open_reference,1.6433,ThumbUp,Uncertain,3109,3192,3415,3071,3019,3364,3058,10720.689655,12018.604651,17075.000000,10196.679688,9539.591078,15646.511628,10026.229508,nan,nan,nan,nan,nan,nan,nan
856200,6,open_reference,1.6861,ThumbUp,Uncertain,3127,3240,3431,3134,3222,3399,3149,10983.264463,12884.210526,17568.373494,11088.033299,12548.453608,16604.310345,11317.758985,nan,nan,nan,nan,nan,nan,nan
856250,6,open_reference,1.7289,ThumbUp,Uncertain,3160,3283,3516,3117,3298,3527,3164,11490.909091,13746.551724,20646.632124,10836.196319,14069.259724,21112.323944,11554.887218,nan,nan,nan,nan,nan,nan,nan
856300,6,open_reference,1.7717,ThumbUp,Uncertain,3173,3476,3489,3186,3348,3379,3151,11700.867679,19092.730210,19575.247525,11916.831683,15238.554217,16045.530726,11348.940678,nan,nan,nan,nan,nan,nan,nan
856350,6,open_reference,1.8548,ThumbUp,Uncertain,3150,3442,3565,3166,3245,3590,3218,11333.333333,17921.592649,22869.811321,11587.082885,12980.000000,24170.297030,12475.712657,nan,nan,nan,nan,nan,nan,nan
856400,6,open_reference,1.8975,ThumbUp,Uncertain,3231,3495,3622,3154,3263,3608,3174,12714.583333,19805.000000,26035.517970,11395.961743,13334.375000,25189.322382,11717.263844,nan,nan,nan,nan,nan,nan,nan
856450,6,open_reference,1.9188,ThumbUp,Uncertain,3278,3392,3655,3179,3240,3688,3213,13641.615667,16405.120910,28243.181818,11799.781659,12884.210526,30808.845209,12385.714286,nan,nan,nan,nan,nan,nan,nan
856500,6,open_reference,2.0033,ThumbUp,Uncertain,3256,3558,3689,3103,3250,3361,3214,13194.755662,22527.374302,30893.103448,10635.282258,13076.923077,15568.664850,12403.632236,nan,nan,nan,nan,nan,nan,nan
856550,6,open_reference,2.0244,ThumbUp,Uncertain,3253,3515,3693,3175,3193,3448,3278,13135.629454,20605.172414,31234.328358,11733.695652,12035.698448,18119.319938,13641.615667,nan,nan,nan,nan,nan,nan,nan
856600,6,open_reference,2.0663,ThumbUp,Uncertain,3214,3438,3652,3081,3223,3413,3205,12403.632236,17791.780822,28028.893905,10330.769231,12566.743119,17014.956012,12243.820225,nan,nan,nan,nan,nan,nan,nan
856650,6,open_reference,2.1290,ThumbUp,Uncertain,3220,3477,3538,3051,3177,3394,3191,12512.000000,19129.126214,21596.409336,9936.206897,11766.666667,16461.626248,12001.548673,nan,nan,nan,nan,nan,nan,nan
856700,6,open_reference,2.1706,ThumbUp,Uncertain,3207,3507,3623,3051,3168,3374,3126,12279.054054,20278.571429,26097.881356,9936.206897,11619.417476,15910.679612,10968.421053,nan,nan,nan,nan,nan,nan,nan
856750,6,open_reference,2.2340,ThumbUp,Uncertain,3205,3446,3558,3020,3172,3405,3148,12243.820225,18053.004622,22527.374302,9551.627907,11684.507042,16778.260870,11302.217529,nan,nan,nan,nan,nan,nan,nan
856800,6,open_reference,2.2961,ThumbUp,Uncertain,3177,3443,3618,3020,3156,3404,3088,11766.666667,17954.294479,25788.679245,9551.627907,11427.476038,16749.059334,10426.216485,nan,nan,nan,nan,nan,nan,nan
856850,6,open_reference,2.3168,ThumbUp,Uncertain,3190,3513,3598,3022,3144,3414,3130,11984.530387,20522.680412,24614.084507,9575.768872,11240.378549,17044.933921,11027.979275,nan,nan,nan,nan,nan,nan,nan
856900,6,open_reference,2.3787,ThumbUp,Uncertain,3163,3437,3576,3006,3173,3440,3116,11538.841202,17759.574468,23426.589595,9385.123967,11700.867679,17856.488550,10821.654750,nan,nan,nan,nan,nan,nan,nan
856950,6,open_reference,2.4213,ThumbUp,Uncertain,3130,3421,3549,3023,3158,3364,3103,11027.979275,17257.270030,22100.000000,9587.873134,11459.124867,15646.511628,10635.282258,nan,nan,nan,nan,nan,nan,nan
857000,6,open_reference,2.4841,ThumbUp,Uncertain,3132,3460,3581,3024,3171,3374,3087,11057.943925,18525.984252,23687.548638,9600.000000,11668.181818,15910.679612,10412.500000,nan,nan,nan,nan,nan,nan,nan
857050,6,open_reference,2.5261,ThumbUp,Uncertain,3138,3419,3614,3019,3166,3367,3073,11148.589342,17196.153846,25545.945946,9539.591078,11587.082885,15725.000000,10223.287671,nan,nan,nan,nan,nan,nan,nan
857100,6,open_reference,2.5892,ThumbUp,Uncertain,3137,3437,3527,3017,3150,3381,3098,11133.402923,17759.574468,21112.323944,9515.584416,11333.333333,16100.000000,10564.894684,nan,nan,nan,nan,nan,nan,nan
857150,6,open_reference,2.6310,ThumbUp,Uncertain,3126,3408,3560,3007,3131,3366,3091,10968.421053,16866.375546,22624.299065,9396.875000,11042.946058,15698.765432,10467.529880,nan,nan,nan,nan,nan,nan,nan
857200,6,open_reference,2.6945,ThumbUp,Uncertain,3115,3388,3555,2988,3152,3349,3082,10807.142857,16293.069307,22383.333333,9177.235772,11364.581124,15263.538874,10344.323791,nan,nan,nan,nan,nan,nan,nan
857250,6,open_reference,2.7371,ThumbUp,Uncertain,3098,3413,3566,3000,3161,3386,3095,10564.894684,17014.956012,22919.470699,9315.068493,11506.852248,16237.517630,10523.000000,nan,nan,nan,nan,nan,nan,nan
857300,6,open_reference,2.7787,ThumbUp,Uncertain,3139,3439,3556,2986,3170,3342,3097,11163.807531,17824.085366,22431.168831,9154.553652,11651.891892,15090.039841,10550.901804,nan,nan,nan,nan,nan,nan,nan
857350,6,open_reference,2.8214,ThumbUp,Uncertain,3142,3425,3547,2983,3155,3338,3098,11209.653725,17380.597015,22006.934307,9120.683453,11411.702128,14992.338177,10564.894684,nan,nan,nan,nan,nan,nan,nan
857400,6,open_reference,2.8853,ThumbUp,Uncertain,3107,3433,3557,2988,3144,3311,3088,10692.105263,17631.722054,22479.182156,9177.235772,11240.378549,14358.928571,10426.216485,nan,nan,nan,nan,nan,nan,nan
857450,6,open_reference,2.9272,ThumbUp,Uncertain,3117,3417,3550,2968,3146,3292,3073,10836.196319,17135.398230,22146.788991,8954.037267,11271.232877,13938.729763,10223.287671,nan,nan,nan,nan,nan,nan,nan
857500,6,open_reference,2.9687,ThumbUp,Uncertain,3126,3370,3532,2961,3150,3329,3084,10968.421053,15804.137931,21330.017762,8877.777778,11333.333333,14776.240209,10371.513353,nan,nan,nan,nan,nan,nan,nan
857550,6,open_reference,3.0316,ThumbUp,Uncertain,3098,3422,3520,2982,3145,3341,3093,10564.894684,17287.964339,20813.913043,9109.433962,11255.789474,15065.517241,10495.209581,nan,nan,nan,nan,nan,nan,nan
857600,6,open_reference,3.0943,ThumbUp,Uncertain,3144,3427,3531,2987,3123,3334,3070,11240.378549,17442.814371,21286.170213,9165.884477,10924.074074,14895.663601,10183.414634,nan,nan,nan,nan,nan,nan,nan
857650,6,open_reference,3.1367,ThumbUp,Uncertain,3118,3426,3497,2976,3120,3320,3049,10850.767656,17411.659193,19882.608696,9042.359249,10880.000000,14565.161290,9910.707457,nan,nan,nan,nan,nan,nan,nan
857700,6,open_reference,3.1787,ThumbUp,Uncertain,3099,3471,3483,2982,3137,3282,3032,10578.915663,18912.500000,19350.000000,9109.433962,11133.402923,13725.461255,9697.836312,nan,nan,nan,nan,nan,nan,nan
857750,6,open_reference,3.2208,ThumbUp,Uncertain,3118,3434,3551,2978,3144,3248,3022,10850.767656,17663.540091,22193.750000,9064.637422,11240.378549,13038.016529,9575.768872,nan,nan,nan,nan,nan,nan,nan
857800,6,open_reference,3.2628,ThumbUp,Uncertain,3112,3439,3500,2960,3137,3279,3040,10763.784334,17824.085366,20000.000000,8866.960352,11133.402923,13662.500000,9797.156398,nan,nan,nan,nan,nan,nan,nan
857850,6,open_reference,3.3247,ThumbUp,Uncertain,3086,3473,3503,2969,3143,3298,3037,10398.810704,18984.244373,20118.581081,8965.008881,11225.000000,14069.259724,9759.735350,nan,nan,nan,nan,nan,nan,nan
857900,6,open_reference,3.3663,ThumbUp,Uncertain,3117,3460,3510,2981,3121,3289,3026,10836.196319,18525.984252,20400.000000,9098.204668,10894.661191,13874.193548,9624.321796,nan,nan,nan,nan,nan,nan,nan
857950,6,open_reference,3.4294,ThumbUp,Uncertain,3088,3433,3480,2958,3149,3309,3023,10426.216485,17631.722054,19239.024390,8845.382586,11317.758985,14313.740458,9587.873134,nan,nan,nan,nan,nan,nan,nan
858000,6,open_reference,3.4706,ThumbUp,Uncertain,3065,3425,3534,2969,3127,3311,2994,10117.475728,17380.597015,21418.181818,8965.008881,10983.264463,14358.928571,9245.776567,nan,nan,nan,nan,nan,nan,nan
858050,6,open_reference,3.5333,ThumbUp,Uncertain,3087,3396,3512,2983,3134,3287,2994,10412.500000,16518.454936,20481.646655,9120.683453,11088.033299,13831.435644,9245.776567,nan,nan,nan,nan,nan,nan,nan
858100,6,open_reference,3.5745,ThumbUp,Uncertain,3110,3405,3500,2980,3144,3303,3008,10735.025381,16778.260870,20000.000000,9086.995516,11240.378549,14179.545455,9408.647654,nan,nan,nan,nan,nan,nan,nan
858150,6,open_reference,3.6381,ThumbUp,Uncertain,3109,3406,3503,2983,3149,3310,3021,10720.689655,16807.547170,20118.581081,9120.683453,11317.758985,14336.305732,9563.687151,nan,nan,nan,nan,nan,nan,nan
858200,6,open_reference,3.6807,ThumbUp,Uncertain,3111,3400,3529,2978,3130,3295,3002,10749.390244,16633.093525,21198.939929,9064.637422,11027.979275,14003.750000,9338.334858,nan,nan,nan,nan,nan,nan,nan
858250,6,open_reference,3.7232,ThumbUp,Uncertain,3103,3409,3464,2967,3145,3266,2999,10635.282258,16895.918367,18664.976228,8943.085106,11255.789474,13394.933655,9303.467153,nan,nan,nan,nan,nan,nan,nan
858300,6,open_reference,3.7861,ThumbUp,Uncertain,3100,3397,3504,2985,3128,3264,3024,10592.964824,16546.991404,20158.375635,9143.243243,10998.138573,13354.512635,9600.000000,nan,nan,nan,nan,nan,nan,nan
858350,6,open_reference,3.8286,ThumbUp,Uncertain,3102,3396,3502,2992,3132,3275,3010,10621.148036,16518.454936,20078.920742,9222.846782,11057.943925,13579.268293,9432.258065,nan,nan,nan,nan,nan,nan,nan
858400,6,open_reference,3.8915,ThumbUp,Uncertain,3129,3387,3496,2969,3128,3254,3023,11013.043478,16265.254237,19843.739566,8965.008881,10998.138573,13155.291320,9587.873134,nan,nan,nan,nan,nan,nan,nan
858450,6,open_reference,3.9337,ThumbUp,Uncertain,3112,3371,3503,2985,3131,3245,3027,10763.784334,15830.662983,20118.581081,9143.243243,11042.946058,12980.000000,9636.516854,nan,nan,nan,nan,nan,nan,nan
858500,6,open_reference,3.9972,ThumbUp,Uncertain,3124,3375,3492,2981,3138,3237,3029,10938.825953,15937.500000,19689.552239,9098.204668,11148.589342,12827.272727,9660.975610,nan,nan,nan,nan,nan,nan,nan
858600,6,posture_hold,0.0409,ThumbUp,Uncertain,3121,3363,3468,2989,3139,3229,3051,10894.661191,15620.491803,18805.741627,9188.607595,11163.807531,12677.367206,9936.206897,0.004045,-0.102872,-0.121973,0.004962,-0.008172,-0.142044,-0.028081
858650,6,posture_hold,0.1033,ThumbUp,Uncertain,3152,3348,3448,3000,3134,3221,3029,11364.581124,15238.554217,18119.319938,9315.068493,11088.033299,12530.205950,9660.975610,0.047353,-0.124807,-0.154022,0.018793,-0.014904,-0.152003,-0.055003
858700,6,posture_hold,0.1456,ThumbUp,Uncertain,3132,3326,3415,3025,3149,3225,3027,11057.943925,14705.331599,17075.000000,9612.149533,11317.758985,12603.448276,9636.516854,0.019093,-0.155432,-0.202780,0.051284,0.005506,-0.147046,-0.057396
858750,6,posture_hold,0.1868,ThumbUp,Uncertain,3119,3346,3415,3063,3140,3248,3032,10865.368852,15188.785047,17075.000000,10091.279070,11179.057592,13038.016529,9697.836312,0.001346,-0.127666,-0.202780,0.103687,-0.006817,-0.117636,-0.051397
858800,6,posture_hold,0.2499,ThumbUp,Uncertain,3120,3332,3423,3064,3155,3220,3022,10880.000000,14847.706422,17318.750000,10104.364694,11411.702128,12512.000000,9575.768872,0.002694,-0.147255,-0.191400,0.105118,0.013852,-0.153235,-0.063338
858850,6,posture_hold,0.2922,ThumbUp,Uncertain,3136,3354,3370,3044,3140,3208,3025,11118.248175,15389.473684,15804.137931,9847.383444,11179.057592,12296.730552,9612.149533,0.024651,-0.116140,-0.262116,0.077012,-0.006817,-0.167804,-0.059779
858900,6,posture_hold,0.3765,ThumbUp,Uncertain,3119,3337,3402,3055,3143,3222,3024,10865.368852,14968.073879,16690.909091,9987.500000,11225.000000,12548.453608,9600.000000,0.001346,-0.140342,-0.220713,0.092337,-0.002735,-0.150768,-0.060967
858950,6,posture_hold,0.3967,ThumbUp,Uncertain,3144,3358,3414,3049,3147,3215,3001,11240.378549,15491.451832,17044.933921,9910.707457,11286.708861,12421.590909,9326.691042,0.035906,-0.110283,-0.204184,0.083938,0.002747,-0.159354,-0.087701
859000,6,posture_hold,0.4389,ThumbUp,Uncertain,3135,3345,3370,3031,3151,3201,3008,11103.125000,15164.000000,15804.137931,9685.526316,11348.940678,12173.825503,9408.647654,0.023257,-0.129089,-0.262116,0.059310,0.008276,-0.176122,-0.079685
859050,6,posture_hold,0.5021,ThumbUp,Uncertain,3125,3381,3381,3039,3137,3215,2994,10953.608247,16100.000000,16100.000000,9784.659091,11133.402923,12421.590909,9245.776567,0.009478,-0.075332,-0.248302,0.070152,-0.010873,-0.159354,-0.095616
859100,6,posture_hold,0.5650,ThumbUp,Uncertain,3138,3378,3364,3006,3130,3197,2992,11148.589342,16018.410042,15646.511628,9385.123967,11027.979275,12104.454343,9222.846782,0.027447,-0.080018,-0.269475,0.026455,-0.020239,-0.180816,-0.097859
859150,6,posture_hold,0.6072,ThumbUp,Uncertain,3137,3349,3407,3045,3122,3206,3002,11133.402923,15263.538874,16836.918605,9860.000000,10909.352518,12261.417323,9338.334858,0.026047,-0.123373,-0.213896,0.078392,-0.030779,-0.170194,-0.086562
859200,6,posture_hold,0.6493,ThumbUp,Uncertain,3127,3370,3430,3014,3107,3219,3005,10983.264463,15804.137931,17536.842105,9479.740981,10692.105263,12493.835616,9373.394495,0.012211,-0.092324,-0.181217,0.036803,-0.050079,-0.154465,-0.083133
859250,6,posture_hold,0.6914,ThumbUp,Uncertain,3133,3346,3458,2995,3098,3199,2989,11072.972973,15188.785047,18457.142857,9257.272727,10564.894684,12139.062500,9188.607595,0.020478,-0.127666,-0.138249,0.012471,-0.061381,-0.178474,-0.101208
859300,6,posture_hold,0.7754,ThumbUp,Uncertain,3132,3333,3439,2972,3107,3214,3002,11057.943925,14871.653543,17824.085366,8998.040962,10692.105263,12403.632236,9338.334858,0.019093,-0.145880,-0.167806,-0.015881,-0.050079,-0.160569,-0.086562
859350,6,posture_hold,0.7960,ThumbUp,Uncertain,3128,3324,3468,2969,3105,3202,2989,10998.138573,14658.365759,18805.741627,8965.008881,10663.636364,12191.265398,9188.607595,0.013582,-0.158129,-0.121973,-0.019494,-0.052609,-0.174941,-0.101208
859400,6,posture_hold,0.8373,ThumbUp,Uncertain,3104,3310,3476,2959,3098,3186,2977,10649.445005,14336.305732,19092.730210,8856.161972,10564.894684,11916.831683,9053.488372,-0.018554,-0.176626,-0.108574,-0.031398,-0.061381,-0.193514,-0.114425
859450,6,posture_hold,0.8792,ThumbUp,Uncertain,3119,3300,3465,2947,3134,3210,2980,10865.368852,14113.207547,18700.000000,8728.048780,11088.033299,12332.203390,9086.995516,0.001346,-0.189439,-0.126910,-0.045410,-0.014904,-0.165403,-0.111147
859500,6,posture_hold,0.9415,ThumbUp,Uncertain,3116,3285,3428,2975,3137,3215,2984,10821.654750,13788.888889,17474.062969,9031.250000,11133.402923,12421.590909,9131.953195,-0.002683,-0.208066,-0.184148,-0.012249,-0.010873,-0.159354,-0.106750
859550,6,posture_hold,0.9824,ThumbUp,Uncertain,3115,3269,3458,2965,3120,3199,2967,10807.142857,13455.932203,18457.142857,8921.238938,10880.000000,12139.062500,8943.085106,-0.004020,-0.227188,-0.138249,-0.024281,-0.033386,-0.178474,-0.125224
859600,6,posture_hold,1.0459,ThumbUp,Uncertain,3122,3274,3463,2953,3125,3203,2975,10909.352518,13558.587089,18630.063291,8791.768827,10953.608247,12208.744395,9031.250000,0.005399,-0.221293,-0.130175,-0.038441,-0.026847,-0.173758,-0.116600
859650,6,posture_hold,1.0875,ThumbUp,Uncertain,3127,3294,3518,2958,3111,3187,2977,10983.264463,13982.022472,20729.982669,8845.382586,10749.390244,11933.700441,9053.488372,0.012211,-0.196974,-0.032132,-0.032577,-0.044990,-0.192372,-0.114425
859700,6,posture_hold,1.1508,ThumbUp,Uncertain,3133,3313,3528,2958,3095,3168,2976,11072.972973,14404.347826,21155.555556,8845.382586,10523.000000,11619.417476,9042.359249,0.020478,-0.172718,-0.012262,-0.032577,-0.065103,-0.213642,-0.115514
859750,6,posture_hold,1.1935,ThumbUp,Uncertain,3093,3306,3557,2963,3121,3191,2978,10495.209581,14246.387833,22479.182156,8899.469965,10894.661191,12001.548673,9064.637422,-0.032768,-0.181790,0.049537,-0.026662,-0.032084,-0.187781,-0.113334
859800,6,posture_hold,1.2352,ThumbUp,Uncertain,3090,3322,3504,2965,3121,3208,2987,10453.731343,14611.642950,20158.375635,8921.238938,10894.661191,12296.730552,9165.884477,-0.036591,-0.160813,-0.058819,-0.024281,-0.032084,-0.167804,-0.103431
859850,6,posture_hold,1.2980,ThumbUp,Uncertain,3108,3317,3478,2965,3128,3197,2976,10706.382979,14495.886889,19165.640194,8921.238938,10998.138573,12104.454343,9042.359249,-0.013306,-0.167461,-0.105170,-0.024281,-0.022891,-0.180816,-0.115514
859900,6,posture_hold,1.3408,ThumbUp,Uncertain,3094,3315,3399,2987,3128,3187,2970,10509.090909,14450.000000,16604.310345,9165.884477,10998.138573,11933.700441,8976.000000,-0.031489,-0.170096,-0.224756,0.002476,-0.022891,-0.192372,-0.122005
859950,6,posture_hold,1.4047,ThumbUp,Uncertain,3079,3319,3411,2978,3120,3201,2973,10303.740157,14542.010309,16955.263158,9064.637422,10880.000000,12173.825503,9009.090909,-0.050414,-0.164812,-0.208371,-0.008597,-0.033386,-0.176122,-0.118768
860000,6,posture_hold,1.4474,ThumbUp,Uncertain,3077,3309,3454,2994,3106,3209,2970,10276.817289,14313.740458,18320.748830,9245.776567,10677.856421,12314.446953,8976.000000,-0.052895,-0.177922,-0.144617,0.011214,-0.051345,-0.166605,-0.122005
860050,6,posture_hold,1.4901,ThumbUp,Uncertain,3084,3374,3569,3149,3190,3246,3088,10371.513353,15910.679612,23069.581749,11317.758985,11984.530387,12999.293286,10426.216485,-0.044168,-0.086205,0.077103,0.237828,0.064744,-0.120257,0.019850
860100,6,posture_hold,1.5537,ThumbUp,Uncertain,3177,3615,3296,3334,3472,3512,3174,11766.666667,25606.250000,14025.531915,14895.663601,18948.314607,20481.646655,11717.263844,0.084409,0.470638,-0.345158,0.629144,0.683428,0.386120,0.146135
860150,6,posture_hold,1.5964,ThumbUp,Uncertain,3350,3415,2978,3115,3026,3550,3113,15288.590604,17075.000000,9064.637422,10807.142857,9624.321796,22146.788991,10778.207739,0.408987,-0.019335,-0.576778,0.181981,-0.144945,0.498811,0.054280
860200,6,posture_hold,1.6603,ThumbUp,Uncertain,3275,3320,2964,3215,3111,3687,3140,13579.268293,14565.161290,8910.344828,12421.590909,10749.390244,30725.000000,11179.057592,0.251457,-0.163482,-0.583982,0.358554,-0.044990,1.079352,0.093489
860250,6,posture_hold,1.7029,ThumbUp,Uncertain,3294,3215,2986,3094,3092,3659,3037,13982.022472,12421.590909,9154.553652,10509.090909,10481.355932,28533.486239,9759.735350,0.288574,-0.286593,-0.572580,0.149383,-0.068803,0.931038,-0.045343
860300,6,posture_hold,1.7457,ThumbUp,Uncertain,3237,3224,3023,3159,3106,3531,3113,12827.272727,12585.074627,9587.873134,11475.000000,10677.856421,21286.170213,10778.207739,0.182153,-0.277204,-0.552349,0.255025,-0.051345,0.440567,0.054280
860350,6,posture_hold,1.7884,ThumbUp,Uncertain,3244,3223,2988,3206,3091,3612,3088,12960.752056,12566.743119,9177.235772,12261.417323,10467.529880,25426.086957,10426.216485,0.194455,-0.278257,-0.571521,0.341036,-0.070031,0.720741,0.019850
860400,6,posture_hold,1.8508,ThumbUp,Uncertain,3297,3385,2951,3339,3167,3555,3064,14047.368421,16209.859155,8770.454545,15016.666667,11603.232759,22383.333333,10104.364694,0.294597,-0.069023,-0.590514,0.642379,0.030868,0.514819,-0.011633
860450,6,posture_hold,1.8934,ThumbUp,Uncertain,3366,3552,2955,3210,3164,3801,3182,15698.765432,22240.883978,8813.157895,12332.203390,11554.887218,43957.142857,11849.726177,0.446788,0.277356,-0.588520,0.348778,0.026573,1.974853,0.159092
860500,6,posture_hold,1.9361,ThumbUp,Uncertain,3347,3433,2990,3154,3124,3501,3234,15213.636364,17631.722054,9200.000000,11395.961743,10938.825953,20039.393939,12770.731707,0.402079,0.012639,-0.570458,0.246381,-0.028160,0.356190,0.249181
860550,6,posture_hold,2.0001,ThumbUp,Uncertain,3471,3438,3041,3236,3134,3549,3214,18912.500000,17791.780822,9809.677419,12808.381839,11088.033299,22100.000000,12403.632236,0.742964,0.021831,-0.541993,0.400858,-0.014904,0.495644,0.213272
860600,6,posture_hold,2.0428,ThumbUp,Uncertain,3428,3520,3013,3291,3123,3451,3261,17474.062969,20813.913043,9467.837338,13917.164179,10924.074074,18219.565217,13294.244604,0.610399,0.195401,-0.557953,0.522126,-0.029471,0.233031,0.300388
860650,6,posture_hold,2.0851,ThumbUp,Uncertain,3516,3565,2998,3355,3115,3455,3239,20646.632124,22869.811321,9291.886964,15414.864865,10807.142857,18354.687500,12865.186916,0.902781,0.313477,-0.566168,0.685930,-0.039859,0.242176,0.258420
860700,6,posture_hold,2.1487,ThumbUp,Uncertain,3395,3415,2989,3088,3118,3437,3284,16490.000000,17075.000000,9188.607595,10426.216485,10850.767656,17759.574468,13767.694205,0.519708,-0.019335,-0.570990,0.140319,-0.035983,0.201901,0.346699
860750,6,posture_hold,2.2114,ThumbUp,Uncertain,3372,3466,3020,3341,3134,3401,3280,15857.261411,18735.135135,9551.627907,15065.517241,11088.033299,16661.959654,13683.435583,0.461395,0.076011,-0.554041,0.647721,-0.014904,0.127618,0.338457
860800,6,posture_hold,2.2322,ThumbUp,Uncertain,3370,3490,2982,3259,3108,3399,3246,15804.137931,19613.223140,9109.433962,13254.306220,10706.382979,16604.310345,12999.293286,0.456500,0.126442,-0.574687,0.449629,-0.048811,0.123717,0.271537
860850,6,posture_hold,2.3153,ThumbUp,Uncertain,3396,3426,2976,3217,3103,3391,3251,16518.454936,17411.659193,9042.359249,12457.630979,10635.282258,16376.988636,13096.445498,0.522331,0.000000,-0.577819,0.362496,-0.055128,0.108333,0.281040
860900,6,posture_hold,2.3574,ThumbUp,Uncertain,3377,3481,2981,3023,3105,3395,3255,15991.364903,19275.895765,9098.204668,9587.873134,10663.636364,16490.000000,13175.000000,0.473754,0.107068,-0.575211,0.048629,-0.052609,0.115981,0.288724
860950,6,posture_hold,2.3990,ThumbUp,Uncertain,3375,3489,2997,3023,3095,3299,3185,15937.500000,19575.247525,9280.327869,9587.873134,10523.000000,14091.206030,11900.000000,0.468790,0.124261,-0.566708,0.048629,-0.065103,-0.046361,0.164009
861000,6,posture_hold,2.4612,ThumbUp,Uncertain,3316,3494,2981,3035,3095,3292,3179,14472.913992,19766.389351,9098.204668,9734.905660,10523.000000,13938.729763,11799.781659,0.333815,0.135239,-0.575211,0.064710,-0.065103,-0.056680,0.154206
861050,6,posture_hold,2.4816,ThumbUp,Uncertain,3332,3433,2984,3031,3084,3345,3153,14847.706422,17631.722054,9131.953195,9685.526316,10371.513353,15164.000000,11380.254777,0.368355,0.012639,-0.573635,0.059310,-0.078562,0.026242,0.113170
861100,6,posture_hold,2.5447,ThumbUp,Uncertain,3328,3433,2950,2960,3105,3302,3190,14752.542373,17631.722054,8759.825328,8866.960352,10663.636364,14157.377049,11984.530387,0.359585,0.012639,-0.591010,-0.030217,-0.052609,-0.041882,0.172278
861150,6,posture_hold,2.5864,ThumbUp,Uncertain,3279,3395,2971,3008,3091,3284,3211,13662.500000,16490.000000,8987.010676,9408.647654,10467.529880,13767.694205,12350.000000,0.259128,-0.052933,-0.580403,0.029027,-0.070031,-0.068255,0.208026
861200,6,posture_hold,2.6698,ThumbUp,Uncertain,3261,3395,2983,3016,3084,3317,3210,13294.244604,16490.000000,9120.683453,9503.614458,10371.513353,14495.886889,12332.203390,0.225189,-0.052933,-0.574162,0.039414,-0.078562,-0.018973,0.206285
861250,6,posture_hold,2.6913,ThumbUp,Uncertain,3264,3404,2964,2980,3025,3297,3170,13354.512635,16749.059334,8910.344828,9086.995516,9612.149533,14047.368421,11651.891892,0.230744,-0.038055,-0.583982,-0.006152,-0.146026,-0.049327,0.139740
861300,6,posture_hold,2.7547,ThumbUp,Uncertain,3257,3382,2963,2991,3047,3295,3184,13214.558473,16127.349229,8899.469965,9211.413043,9885.305344,14003.750000,11883.205269,0.217845,-0.073761,-0.584490,0.007456,-0.121758,-0.052279,0.162366
861350,6,posture_hold,2.7974,ThumbUp,Uncertain,3246,3377,2958,2990,3043,3299,3124,12999.293286,15991.364903,8845.382586,9200.000000,9834.790875,14091.206030,10938.825953,0.198007,-0.081571,-0.587015,0.006208,-0.126246,-0.046361,0.069991
861400,6,posture_hold,2.8399,ThumbUp,Uncertain,3275,3337,2937,2980,3053,3305,3164,13579.268293,14968.073879,8623.316062,9086.995516,9961.804223,14224.050633,11554.887218,0.251457,-0.140342,-0.597383,-0.006152,-0.114962,-0.037370,0.130252
861450,6,posture_hold,2.9036,ThumbUp,Uncertain,3258,3318,2960,2997,3043,3314,3134,13234.408602,14518.918919,8866.960352,9280.327869,9834.790875,14427.144686,11088.033299,0.219675,-0.166138,-0.586008,0.014993,-0.126246,-0.023625,0.084586
861500,6,posture_hold,2.9461,ThumbUp,Uncertain,3274,3322,2960,3009,3028,3309,3111,13558.587089,14611.642950,8866.960352,9420.441989,9648.734770,14313.740458,10749.390244,0.249551,-0.160813,-0.586008,0.030317,-0.142776,-0.031300,0.051461
861550,6,posture_hold,3.0095,ThumbUp,Uncertain,3269,3292,2952,3006,3028,3357,3138,13455.932203,13938.729763,8781.102362,9385.123967,9648.734770,15465.853659,11148.589342,0.240090,-0.199460,-0.590016,0.026455,-0.142776,0.046670,0.090509
861600,6,posture_hold,3.0518,ThumbUp,Uncertain,3235,3385,2971,2999,3051,3364,3118,12789.534884,16209.859155,8987.010676,9303.467153,9936.206897,15646.511628,10850.767656,0.178676,-0.069023,-0.580403,0.017524,-0.117236,0.058897,0.061378
861650,6,posture_hold,3.1152,ThumbUp,Uncertain,3227,3401,2976,3000,3026,3297,3129,12640.322581,16661.959654,9042.359249,9315.068493,9624.321796,14047.368421,11013.043478,0.164924,-0.043057,-0.577819,0.018793,-0.144945,-0.049327,0.077251
861700,6,posture_hold,3.1576,ThumbUp,Uncertain,3283,3393,2944,2991,3065,3327,3110,13746.551724,16433.333333,8696.437880,9211.413043,10117.475728,14728.906250,10735.025381,0.266874,-0.056188,-0.593969,0.007456,-0.101131,-0.003203,0.050056
861750,6,posture_hold,3.2000,ThumbUp,Uncertain,3246,3375,2974,2990,3067,3257,3100,12999.293286,15937.500000,9020.160571,9200.000000,10143.774319,13214.558473,10592.964824,0.198007,-0.084665,-0.578855,0.006208,-0.098795,-0.105689,0.036160
861800,6,posture_hold,3.2628,ThumbUp,Uncertain,3265,3392,2973,3026,3050,3244,3065,13374.698795,16405.120910,9009.090909,9624.321796,9923.444976,12960.752056,10117.475728,0.232604,-0.057808,-0.579372,0.052616,-0.118370,-0.122865,-0.010350
861850,6,posture_hold,3.2841,ThumbUp,Uncertain,3231,3356,2971,3027,3054,3239,3135,12714.583333,15440.324763,8987.010676,9636.516854,9974.639769,12865.186916,11103.125000,0.171768,-0.113219,-0.580403,0.053950,-0.113821,-0.129333,0.086062
861900,6,posture_hold,3.3473,ThumbUp,Uncertain,3205,3329,2983,3007,3048,3221,3111,12243.820225,14776.240209,9120.683453,9396.875000,9897.994269,12530.205950,10749.390244,0.128383,-0.151359,-0.574162,0.027740,-0.120631,-0.152003,0.051461
861950,6,posture_hold,3.4304,ThumbUp,Uncertain,3198,3395,2984,2980,3025,3219,3123,12121.739130,16490.000000,9131.953195,9086.995516,9612.149533,12493.835616,10924.074074,0.117132,-0.052933,-0.573635,-0.006152,-0.146026,-0.154465,0.068548
862000,6,posture_hold,3.4306,ThumbUp,Uncertain,3182,3343,2958,2958,3068,3248,3157,11849.726177,15114.627660,8845.382586,8845.382586,10156.962025,13038.016529,11443.283582,0.092063,-0.131925,-0.587015,-0.032577,-0.097623,-0.117636,0.119335
862050,6,posture_hold,3.5135,ThumbUp,Uncertain,3140,3351,2957,2983,3059,3210,3133,11179.057592,15313.709677,8834.622144,9120.683453,10039.189189,12332.203390,11072.972973,0.030255,-0.120491,-0.587518,-0.002467,-0.108087,-0.165403,0.083113
862100,6,posture_hold,3.5341,ThumbUp,Uncertain,3142,3313,2965,2957,3018,3211,3109,11209.653725,14404.347826,8921.238938,8834.622144,9527.576602,12350.000000,10720.689655,0.033075,-0.172718,-0.583474,-0.033754,-0.153540,-0.164199,0.048654
862150,6,posture_hold,3.5962,ThumbUp,Uncertain,3165,3307,2953,2936,3036,3222,3126,11570.967742,14268.781726,8791.768827,8612.942192,9747.308782,12548.453608,10968.421053,0.066373,-0.180504,-0.589518,-0.057999,-0.134018,-0.150768,0.072886
862200,6,posture_hold,3.6381,ThumbUp,Uncertain,3181,3411,2951,2988,3043,3227,3115,11833.041575,16955.263158,8770.454545,9177.235772,9834.790875,12640.322581,10807.142857,0.090526,-0.026212,-0.590514,0.003718,-0.126246,-0.144551,0.057110
862250,6,posture_hold,3.7009,ThumbUp,Uncertain,3184,3382,2950,2962,3031,3202,3096,11883.205269,16127.349229,8759.825328,8888.614298,9685.526316,12191.265398,10536.936937,0.095149,-0.073761,-0.591010,-0.027849,-0.139507,-0.174941,0.030680
862300,6,posture_hold,3.7428,ThumbUp,Uncertain,3192,3367,2962,3014,3030,3246,3118,12018.604651,15725.000000,8888.614298,9479.740981,9673.239437,12999.293286,10850.767656,0.107627,-0.096870,-0.584997,0.036803,-0.140599,-0.120257,0.061378
862350,6,posture_hold,3.8055,ThumbUp,Uncertain,3166,3315,2955,3041,3055,3242,3131,11587.082885,14450.000000,8813.157895,9809.677419,9987.500000,12922.391559,11042.946058,0.067858,-0.170096,-0.588520,0.072888,-0.112679,-0.125461,0.080176
862400,6,posture_hold,3.8482,ThumbUp,Uncertain,3175,3270,2965,2958,3058,3263,3128,11733.695652,13476.363636,8921.238938,8845.382586,10026.229508,13334.375000,10998.138573,0.081370,-0.226015,-0.583474,-0.032577,-0.109238,-0.097580,0.075793
862450,6,posture_hold,3.8907,ThumbUp,Uncertain,3164,3257,2950,3031,3049,3237,3129,11554.887218,13214.558473,8759.825328,9685.526316,9910.707457,12827.272727,11013.043478,0.064891,-0.241051,-0.591010,0.059310,-0.119501,-0.131899,0.077251
862500,6,posture_hold,3.9535,ThumbUp,Uncertain,3147,3240,2952,2959,3034,3215,3108,11286.708861,12884.210526,8781.102362,8856.161972,9722.525919,12421.590909,10706.382979,0.040176,-0.260024,-0.590016,-0.031398,-0.136220,-0.159354,0.047254
862550,6,posture_hold,3.9961,ThumbUp,Uncertain,3160,3310,2955,2948,3028,3218,3097,11490.909091,14336.305732,8813.157895,8738.622493,9648.734770,12475.712657,10550.901804,0.058995,-0.176626,-0.588520,-0.044254,-0.142776,-0.155691,0.032046
862600,6,posture_hold,4.0600,ThumbUp,Uncertain,3202,3266,2944,2953,3022,3195,3067,12191.265398,13394.933655,8696.437880,8791.768827,9575.768872,12070.000000,10143.774319,0.123539,-0.230692,-0.593969,-0.038441,-0.149258,-0.183148,-0.007778
862650,6,posture_hold,4.1026,ThumbUp,Uncertain,3220,3276,2949,2961,3070,3235,3125,12512.000000,13600.000000,8749.214660,8877.777778,10183.414634,12789.534884,10953.608247,0.153098,-0.218914,-0.591505,-0.029034,-0.095273,-0.134453,0.071437
862700,6,posture_hold,4.1661,ThumbUp,Uncertain,3169,3253,2928,2966,3026,3202,3104,11635.637149,13135.629454,8530.591260,8932.152347,9624.321796,12191.265398,10649.445005,0.072333,-0.245584,-0.601713,-0.023087,-0.144945,-0.174941,0.041685
862750,6,posture_hold,4.2087,ThumbUp,Uncertain,3205,3261,2933,2976,2993,3230,3126,12243.820225,13294.244604,8581.927711,9042.359249,9234.301270,12695.953757,10968.421053,0.128383,-0.236475,-0.599316,-0.011034,-0.179595,-0.140786,0.072886
862800,6,posture_hold,4.2505,ThumbUp,Uncertain,3177,3284,2948,2961,3006,3237,3128,11766.666667,13767.694205,8738.622493,8877.777778,9385.123967,12827.272727,10998.138573,0.084409,-0.209283,-0.592000,-0.029034,-0.166196,-0.131899,0.075793
862850,6,posture_hold,4.3135,ThumbUp,Uncertain,3189,3259,2945,2951,3007,3197,3120,11967.549669,13254.306220,8706.956522,8770.454545,9396.875000,12104.454343,10880.000000,0.102922,-0.238768,-0.593478,-0.040772,-0.165152,-0.180816,0.064237
862900,6,posture_hold,4.3349,ThumbUp,Uncertain,3216,3276,2944,2951,3020,3169,3098,12439.590444,13600.000000,8696.437880,8770.454545,9551.627907,11635.637149,10564.894684,0.146425,-0.218914,-0.593969,-0.040772,-0.151403,-0.212544,0.033415
862950,6,posture_hold,4.3981,ThumbUp,Uncertain,3224,3268,2955,2965,3055,3186,3107,12585.074627,13435.550181,8813.157895,8921.238938,9987.500000,11916.831683,10692.105263,0.159833,-0.228359,-0.588520,-0.024281,-0.112679,-0.193514,0.045858
863000,6,posture_hold,4.4403,ThumbUp,Uncertain,3184,3245,2945,2973,3050,3199,3111,11883.205269,12980.000000,8706.956522,9009.090909,9923.444976,12139.062500,10749.390244,0.095149,-0.254523,-0.593478,-0.014672,-0.118370,-0.178474,0.051461
863050,6,posture_hold,4.4822,ThumbUp,Uncertain,3176,3335,2925,2970,3084,3200,3126,11750.163221,14919.736842,8500.000000,8976.000000,10371.513353,12156.424581,10968.421053,0.082888,-0.143118,-0.603141,-0.018291,-0.078562,-0.177299,0.072886
863100,6,posture_hold,4.5455,ThumbUp,Uncertain,3159,3306,2948,2997,3053,3203,3141,11475.000000,14246.387833,8738.622493,9280.327869,9961.804223,12208.744395,11194.339623,0.057529,-0.181790,-0.592000,0.014993,-0.114962,-0.173758,0.094984
863150,6,posture_hold,4.5878,ThumbUp,Uncertain,3213,3272,2954,2981,3050,3197,3126,12385.714286,13517.375456,8802.453988,9098.204668,9923.444976,12104.454343,10968.421053,0.141460,-0.223660,-0.589020,-0.004926,-0.118370,-0.180816,0.072886
863200,6,posture_hold,4.6511,ThumbUp,Uncertain,3217,3349,2945,2974,3014,3176,3115,12457.630979,15263.538874,8706.956522,9020.160571,9479.740981,11750.163221,10807.142857,0.148088,-0.123373,-0.593478,-0.013462,-0.157790,-0.204793,0.057110
863250,6,posture_hold,4.7139,ThumbUp,Uncertain,3199,3297,2967,3031,3034,3205,3095,12139.062500,14047.368421,8943.085106,9685.526316,9722.525919,12243.820225,10523.000000,0.118728,-0.193221,-0.582454,0.059310,-0.136220,-0.171385,0.029317
863300,6,posture_hold,4.7347,ThumbUp,Uncertain,3208,3360,2970,3015,3069,3209,3058,12296.730552,15542.857143,8976.000000,9491.666667,10170.175439,12314.446953,10026.229508,0.133259,-0.107330,-0.580917,0.038107,-0.096449,-0.166605,-0.019275
863350,6,posture_hold,4.7758,ThumbUp,Uncertain,3221,3358,2958,2991,3042,3228,3056,12530.205950,15491.451832,8845.382586,9211.413043,9822.222222,12658.823529,10000.384986,0.154776,-0.110283,-0.587015,0.007456,-0.127363,-0.143299,-0.021803
863400,6,posture_hold,4.8615,ThumbUp,Uncertain,3196,3366,2960,3008,3060,3210,3056,12087.208009,15698.765432,8866.960352,9408.647654,10052.173913,12332.203390,10000.384986,0.113950,-0.098376,-0.586008,0.029027,-0.106933,-0.165403,-0.021803
863450,6,posture_hold,4.8822,ThumbUp,Uncertain,3173,3312,2961,2988,3023,3138,3055,11700.867679,14381.609195,8877.777778,9177.235772,9587.873134,11148.589342,9987.500000,0.078345,-0.174024,-0.585503,0.003718,-0.148183,-0.245506,-0.023064
863500,6,posture_hold,4.9451,ThumbUp,Uncertain,3189,3283,2954,2949,3016,3156,3062,11967.549669,13746.551724,8802.453988,8749.214660,9503.614458,11427.476038,10078.218780,0.102922,-0.210497,-0.589020,-0.043095,-0.155669,-0.226632,-0.014190
863550,6,posture_hold,4.9868,ThumbUp,Uncertain,3185,3385,2966,2944,3023,3134,3089,11900.000000,16209.859155,8932.152347,8696.437880,9587.873134,11088.033299,10439.960239,0.096697,-0.069023,-0.582964,-0.048867,-0.148183,-0.249604,0.021194
902700,7,open_reference,0.0212,IndexPoint,IndexPoint,3115,3309,3294,2937,3098,3156,2925,10807.142857,14313.740458,13982.022472,8623.316062,10564.894684,11427.476038,8500.000000,nan,nan,nan,nan,nan,nan,nan
902750,7,open_reference,0.0631,IndexPoint,IndexPoint,3137,3315,3290,2936,3087,3123,2920,11133.402923,14450.000000,13895.652174,8612.942192,10412.500000,10924.074074,8449.361702,nan,nan,nan,nan,nan,nan,nan
902800,7,open_reference,0.1258,IndexPoint,IndexPoint,3139,3299,3260,2923,3082,3111,2928,11163.807531,14091.206030,13274.251497,8479.692833,10344.323791,10749.390244,8530.591260,nan,nan,nan,nan,nan,nan,nan
902850,7,open_reference,0.1666,IndexPoint,IndexPoint,3122,3311,3309,2925,3084,3136,2925,10909.352518,14358.928571,14313.740458,8500.000000,10371.513353,11118.248175,8500.000000,nan,nan,nan,nan,nan,nan,nan
902900,7,open_reference,0.2288,IndexPoint,IndexPoint,3103,3280,3273,2918,3090,3108,2898,10635.282258,13683.435583,13537.956204,8429.226848,10453.731343,10706.382979,8231.578947,nan,nan,nan,nan,nan,nan,nan
902950,7,open_reference,0.2705,IndexPoint,IndexPoint,3117,3278,3273,2932,3089,3142,2932,10836.196319,13641.615667,13537.956204,8571.625107,10439.960239,11209.653725,8571.625107,nan,nan,nan,nan,nan,nan,nan
903000,7,open_reference,0.3118,IndexPoint,IndexPoint,3102,3272,3245,2938,3071,3135,2931,10621.148036,13517.375456,12980.000000,8633.707865,10196.679688,11103.125000,8561.340206,nan,nan,nan,nan,nan,nan,nan
903050,7,open_reference,0.3744,IndexPoint,IndexPoint,3114,3278,3241,2944,3086,3124,2927,10792.660550,13641.615667,12903.278689,8696.437880,10398.810704,10938.825953,8520.376712,nan,nan,nan,nan,nan,nan,nan
903100,7,open_reference,0.4166,IndexPoint,IndexPoint,3087,3282,3235,2940,3070,3124,2946,10412.500000,13725.461255,12789.534884,8654.545455,10183.414634,10938.825953,8717.493473,nan,nan,nan,nan,nan,nan,nan
903150,7,open_reference,0.4588,IndexPoint,IndexPoint,3053,3291,3224,2933,3072,3138,2947,9961.804223,13917.164179,12585.074627,8581.927711,10209.970674,11148.589342,8728.048780,nan,nan,nan,nan,nan,nan,nan
903200,7,open_reference,0.5221,IndexPoint,IndexPoint,3067,3282,3215,2934,3064,3126,2935,10143.774319,13725.461255,12421.590909,8592.248062,10104.364694,10968.421053,8602.586207,nan,nan,nan,nan,nan,nan,nan
903250,7,open_reference,0.5854,IndexPoint,IndexPoint,3071,3247,3215,2933,3042,3129,2947,10196.679688,13018.632075,12421.590909,8581.927711,9822.222222,11013.043478,8728.048780,nan,nan,nan,nan,nan,nan,nan
903300,7,open_reference,0.6276,IndexPoint,IndexPoint,3088,3256,3208,2939,3050,3137,2944,10426.216485,13194.755662,12296.730552,8644.117647,9923.444976,11133.402923,8696.437880,nan,nan,nan,nan,nan,nan,nan
903350,7,open_reference,0.6907,IndexPoint,IndexPoint,3095,3248,3201,2932,3054,3151,2931,10523.000000,13038.016529,12173.825503,8571.625107,9974.639769,11348.940678,8561.340206,nan,nan,nan,nan,nan,nan,nan
903400,7,open_reference,0.7118,IndexPoint,IndexPoint,3081,3244,3182,2926,3051,3153,2942,10330.769231,12960.752056,11849.726177,8510.179641,9936.206897,11380.254777,8675.455334,nan,nan,nan,nan,nan,nan,nan
903450,7,open_reference,0.7962,IndexPoint,IndexPoint,3090,3294,3216,2937,3046,3152,2935,10453.731343,13982.022472,12439.590444,8623.316062,9872.640610,11364.581124,8602.586207,nan,nan,nan,nan,nan,nan,nan
903500,7,open_reference,0.8175,IndexPoint,IndexPoint,3111,3265,3190,2938,3046,3132,2948,10749.390244,13374.698795,11984.530387,8633.707865,9872.640610,11057.943925,8738.622493,nan,nan,nan,nan,nan,nan,nan
903550,7,open_reference,0.8813,IndexPoint,IndexPoint,3109,3250,3184,2931,3040,3123,2945,10720.689655,13076.923077,11883.205269,8561.340206,9797.156398,10924.074074,8706.956522,nan,nan,nan,nan,nan,nan,nan
903600,7,open_reference,0.9225,IndexPoint,IndexPoint,3109,3264,3202,2951,3057,3133,2943,10720.689655,13354.512635,12191.265398,8770.454545,10013.294798,11072.972973,8685.937500,nan,nan,nan,nan,nan,nan,nan
903650,7,open_reference,0.9649,IndexPoint,IndexPoint,3113,3247,3233,2947,3050,3109,2939,10778.207739,13018.632075,12751.972158,8728.048780,9923.444976,10720.689655,8644.117647,nan,nan,nan,nan,nan,nan,nan
903700,7,open_reference,1.0070,IndexPoint,IndexPoint,3120,3215,3248,2957,3054,3118,2960,10880.000000,12421.590909,13038.016529,8834.622144,9974.639769,10850.767656,8866.960352,nan,nan,nan,nan,nan,nan,nan
903750,7,open_reference,1.0700,IndexPoint,IndexPoint,3105,3208,3252,2966,3042,3116,2968,10663.636364,12296.730552,13116.014235,8932.152347,9822.222222,10821.654750,8954.037267,nan,nan,nan,nan,nan,nan,nan
903800,7,open_reference,1.1536,IndexPoint,IndexPoint,3106,3215,3248,2961,3045,3107,2957,10677.856421,12421.590909,13038.016529,8877.777778,9860.000000,10692.105263,8834.622144,nan,nan,nan,nan,nan,nan,nan
903850,7,open_reference,1.1748,IndexPoint,IndexPoint,3133,3217,3232,2956,3041,3127,2967,11072.972973,12457.630979,12733.256083,8823.880597,9809.677419,10983.264463,8943.085106,nan,nan,nan,nan,nan,nan,nan
903900,7,open_reference,1.2380,IndexPoint,IndexPoint,3112,3266,3239,2964,3056,3121,2976,10763.784334,13394.933655,12865.186916,8910.344828,10000.384986,10894.661191,9042.359249,nan,nan,nan,nan,nan,nan,nan
903950,7,open_reference,1.2586,IndexPoint,IndexPoint,3111,3271,3248,2960,3058,3121,2959,10749.390244,13496.844660,13038.016529,8866.960352,10026.229508,10894.661191,8856.161972,nan,nan,nan,nan,nan,nan,nan
904000,7,open_reference,1.3426,IndexPoint,IndexPoint,3115,3265,3232,2952,3064,3122,2959,10807.142857,13374.698795,12733.256083,8781.102362,10104.364694,10909.352518,8856.161972,nan,nan,nan,nan,nan,nan,nan
904050,7,open_reference,1.3631,IndexPoint,IndexPoint,3115,3244,3251,2954,3070,3121,2966,10807.142857,12960.752056,13096.445498,8802.453988,10183.414634,10894.661191,8932.152347,nan,nan,nan,nan,nan,nan,nan
904100,7,open_reference,1.4466,IndexPoint,IndexPoint,3103,3259,3223,2949,3067,3103,2952,10635.282258,13254.306220,12566.743119,8749.214660,10143.774319,10635.282258,8781.102362,nan,nan,nan,nan,nan,nan,nan
904150,7,open_reference,1.4680,IndexPoint,IndexPoint,3114,3243,3233,2932,3056,3126,2969,10792.660550,12941.549296,12751.972158,8571.625107,10000.384986,10968.421053,8965.008881,nan,nan,nan,nan,nan,nan,nan
904200,7,open_reference,1.5327,IndexPoint,IndexPoint,3129,3237,3250,2952,3063,3123,2980,11013.043478,12827.272727,13076.923077,8781.102362,10091.279070,10924.074074,9086.995516,nan,nan,nan,nan,nan,nan,nan
904250,7,open_reference,1.5746,IndexPoint,IndexPoint,3129,3242,3241,2948,3061,3111,2978,11013.043478,12922.391559,12903.278689,8738.622493,10065.183752,10749.390244,9064.637422,nan,nan,nan,nan,nan,nan,nan
904300,7,open_reference,1.6375,IndexPoint,IndexPoint,3122,3248,3219,2939,3063,3116,2974,10909.352518,13038.016529,12493.835616,8644.117647,10091.279070,10821.654750,9020.160571,nan,nan,nan,nan,nan,nan,nan
904350,7,open_reference,1.6795,IndexPoint,IndexPoint,3119,3248,3216,2954,3069,3109,2972,10865.368852,13038.016529,12439.590444,8802.453988,10170.175439,10720.689655,8998.040962,nan,nan,nan,nan,nan,nan,nan
904400,7,open_reference,1.7225,IndexPoint,IndexPoint,3118,3254,3212,2944,3075,3100,2960,10850.767656,13155.291320,12367.836920,8696.437880,10250.000000,10592.964824,8866.960352,nan,nan,nan,nan,nan,nan,nan
904450,7,open_reference,1.7856,IndexPoint,IndexPoint,3121,3228,3187,2931,3066,3098,2965,10894.661191,12658.823529,11933.700441,8561.340206,10130.612245,10564.894684,8921.238938,nan,nan,nan,nan,nan,nan,nan
904500,7,open_reference,1.8272,IndexPoint,IndexPoint,3118,3216,3192,2930,3053,3088,2965,10850.767656,12439.590444,12018.604651,8551.072961,9961.804223,10426.216485,8921.238938,nan,nan,nan,nan,nan,nan,nan
904550,7,open_reference,1.8903,IndexPoint,IndexPoint,3122,3200,3200,2928,3057,3084,2950,10909.352518,12156.424581,12156.424581,8530.591260,10013.294798,10371.513353,8759.825328,nan,nan,nan,nan,nan,nan,nan
904600,7,open_reference,1.9114,IndexPoint,IndexPoint,3148,3256,3212,2922,3055,3088,2961,11302.217529,13194.755662,12367.836920,8469.565217,9987.500000,10426.216485,8877.777778,nan,nan,nan,nan,nan,nan,nan
904650,7,open_reference,1.9749,IndexPoint,IndexPoint,3120,3292,3238,2930,3055,3087,2960,10880.000000,13938.729763,12846.207701,8551.072961,9987.500000,10412.500000,8866.960352,nan,nan,nan,nan,nan,nan,nan
904700,7,open_reference,2.0383,IndexPoint,IndexPoint,3156,3241,3228,2935,3068,3083,2965,11427.476038,12903.278689,12658.823529,8602.586207,10156.962025,10357.905138,8921.238938,nan,nan,nan,nan,nan,nan,nan
904750,7,open_reference,2.0594,IndexPoint,IndexPoint,3135,3263,3233,2927,3136,3174,3002,11103.125000,13334.375000,12751.972158,8520.376712,11118.248175,11717.263844,9338.334858,nan,nan,nan,nan,nan,nan,nan
904800,7,open_reference,2.1223,IndexPoint,IndexPoint,3210,3264,3246,3009,3110,3164,2989,12332.203390,13354.512635,12999.293286,9420.441989,10735.025381,11554.887218,9188.607595,nan,nan,nan,nan,nan,nan,nan
904850,7,open_reference,2.1856,IndexPoint,IndexPoint,3264,3287,3248,3038,3144,3220,2966,13354.512635,13831.435644,13038.016529,9772.185430,11240.378549,12512.000000,8932.152347,nan,nan,nan,nan,nan,nan,nan
904900,7,open_reference,2.2062,IndexPoint,IndexPoint,3161,3231,3203,3034,3059,3252,2960,11506.852248,12714.583333,12208.744395,9722.525919,10039.189189,13116.014235,8866.960352,nan,nan,nan,nan,nan,nan,nan
904950,7,open_reference,2.2687,IndexPoint,IndexPoint,3194,3256,3269,2997,3056,3216,2945,12052.830189,13194.755662,13455.932203,9280.327869,10000.384986,12439.590444,8706.956522,nan,nan,nan,nan,nan,nan,nan
905000,7,open_reference,2.3299,IndexPoint,IndexPoint,3200,3242,3253,3032,3055,3252,2929,12156.424581,12922.391559,13135.629454,9697.836312,9987.500000,13116.014235,8540.823328,nan,nan,nan,nan,nan,nan,nan
905050,7,open_reference,2.3717,IndexPoint,IndexPoint,3219,3307,3233,3032,3046,3202,2969,12493.835616,14268.781726,12751.972158,9697.836312,9872.640610,12191.265398,8965.008881,nan,nan,nan,nan,nan,nan,nan
905100,7,open_reference,2.4339,IndexPoint,IndexPoint,3158,3253,3228,3029,3087,3212,2951,11459.124867,13135.629454,12658.823529,9660.975610,10412.500000,12367.836920,8770.454545,nan,nan,nan,nan,nan,nan,nan
905150,7,open_reference,2.4751,IndexPoint,IndexPoint,3173,3282,3215,3027,3040,3254,2948,11700.867679,13725.461255,12421.590909,9636.516854,9797.156398,13155.291320,8738.622493,nan,nan,nan,nan,nan,nan,nan
905200,7,open_reference,2.5169,IndexPoint,IndexPoint,3154,3324,3217,3019,3041,3202,2945,11395.961743,14658.365759,12457.630979,9539.591078,9809.677419,12191.265398,8706.956522,nan,nan,nan,nan,nan,nan,nan
905250,7,open_reference,2.5804,IndexPoint,IndexPoint,3126,3328,3228,3020,3048,3167,2939,10968.421053,14752.542373,12658.823529,9551.627907,9897.994269,11603.232759,8644.117647,nan,nan,nan,nan,nan,nan,nan
905300,7,open_reference,2.6226,IndexPoint,IndexPoint,3130,3249,3205,3008,3046,3158,2948,11027.979275,13057.446809,12243.820225,9408.647654,9872.640610,11459.124867,8738.622493,nan,nan,nan,nan,nan,nan,nan
905350,7,open_reference,2.6652,IndexPoint,IndexPoint,3111,3212,3224,2999,3042,3168,2942,10749.390244,12367.836920,12585.074627,9303.467153,9822.222222,11619.417476,8675.455334,nan,nan,nan,nan,nan,nan,nan
905400,7,open_reference,2.7287,IndexPoint,IndexPoint,3110,3227,3237,3008,3053,3154,2930,10735.025381,12640.322581,12827.272727,9408.647654,9961.804223,11395.961743,8551.072961,nan,nan,nan,nan,nan,nan,nan
905450,7,open_reference,2.7704,IndexPoint,IndexPoint,3109,3218,3243,3004,3070,3124,2925,10720.689655,12475.712657,12941.549296,9361.686526,10183.414634,10938.825953,8500.000000,nan,nan,nan,nan,nan,nan,nan
905500,7,open_reference,2.8130,IndexPoint,IndexPoint,3120,3228,3200,2988,3055,3144,2928,10880.000000,12658.823529,12156.424581,9177.235772,9987.500000,11240.378549,8530.591260,nan,nan,nan,nan,nan,nan,nan
905550,7,open_reference,2.8764,IndexPoint,IndexPoint,3115,3169,3197,2994,3071,3138,2923,10807.142857,11635.637149,12104.454343,9245.776567,10196.679688,11148.589342,8479.692833,nan,nan,nan,nan,nan,nan,nan
905600,7,open_reference,2.9393,IndexPoint,IndexPoint,3115,3162,3183,3016,3058,3122,2909,10807.142857,11522.829582,11866.447368,9503.614458,10026.229508,10909.352518,8339.460371,nan,nan,nan,nan,nan,nan,nan
905650,7,open_reference,2.9824,IndexPoint,IndexPoint,3088,3157,3165,3016,3040,3132,2910,10426.216485,11443.283582,11570.967742,9503.614458,9797.156398,11057.943925,8349.367089,nan,nan,nan,nan,nan,nan,nan
905700,7,open_reference,3.0253,IndexPoint,IndexPoint,3087,3166,3162,3008,3029,3146,2909,10412.500000,11587.082885,11522.829582,9408.647654,9660.975610,11271.232877,8339.460371,nan,nan,nan,nan,nan,nan,nan
905750,7,open_reference,3.0679,IndexPoint,IndexPoint,3085,3234,3170,3010,3032,3108,2893,10385.148515,12770.731707,11651.891892,9432.258065,9697.836312,10706.382979,8183.194676,nan,nan,nan,nan,nan,nan,nan
905800,7,open_reference,3.1315,IndexPoint,IndexPoint,3069,3251,3154,3005,3029,3116,2898,10170.175439,13096.445498,11395.961743,9373.394495,9660.975610,10821.654750,8231.578947,nan,nan,nan,nan,nan,nan,nan
905850,7,open_reference,3.1735,IndexPoint,IndexPoint,3062,3246,3163,3018,3026,3113,2898,10078.218780,12999.293286,11538.841202,9527.576602,9624.321796,10778.207739,8231.578947,nan,nan,nan,nan,nan,nan,nan
905900,7,open_reference,3.2157,IndexPoint,IndexPoint,3070,3262,3155,3010,3024,3103,2889,10183.414634,13314.285714,11411.702128,9432.258065,9600.000000,10635.282258,8144.776119,nan,nan,nan,nan,nan,nan,nan
905950,7,open_reference,3.2787,IndexPoint,IndexPoint,3070,3260,3133,3002,3007,3106,2895,10183.414634,13274.251497,11072.972973,9338.334858,9396.875000,10677.856421,8202.500000,nan,nan,nan,nan,nan,nan,nan
906000,7,open_reference,3.3206,IndexPoint,IndexPoint,3072,3248,3147,3012,3005,3089,2895,10209.970674,13038.016529,11286.708861,9455.955679,9373.394495,10439.960239,8202.500000,nan,nan,nan,nan,nan,nan,nan
906050,7,open_reference,3.4047,IndexPoint,IndexPoint,3079,3254,3135,3009,3005,3087,2888,10303.740157,13155.291320,11103.125000,9420.441989,9373.394495,10412.500000,8135.211268,nan,nan,nan,nan,nan,nan,nan
906100,7,open_reference,3.4472,IndexPoint,IndexPoint,3091,3248,3133,2992,3010,3099,2894,10467.529880,13038.016529,11072.972973,9222.846782,9432.258065,10578.915663,8192.839301,nan,nan,nan,nan,nan,nan,nan
906150,7,open_reference,3.4684,IndexPoint,IndexPoint,3071,3239,3153,2998,3022,3102,2895,10196.679688,12865.186916,11380.254777,9291.886964,9575.768872,10621.148036,8202.500000,nan,nan,nan,nan,nan,nan,nan
906200,7,open_reference,3.5314,IndexPoint,IndexPoint,3081,3258,3145,2990,3018,3088,2892,10330.769231,13234.408602,11255.789474,9200.000000,9527.576602,10426.216485,8173.566085,nan,nan,nan,nan,nan,nan,nan
906250,7,open_reference,3.5518,IndexPoint,IndexPoint,3078,3252,3155,2988,3008,3111,2896,10290.265487,13116.014235,11411.702128,9177.235772,9408.647654,10749.390244,8212.176814,nan,nan,nan,nan,nan,nan,nan
906300,7,open_reference,3.6147,IndexPoint,IndexPoint,3068,3256,3167,2992,3009,3108,2896,10156.962025,13194.755662,11603.232759,9222.846782,9420.441989,10706.382979,8212.176814,nan,nan,nan,nan,nan,nan,nan
906350,7,open_reference,3.6770,IndexPoint,IndexPoint,3086,3249,3158,2989,3022,3099,2880,10398.810704,13057.446809,11459.124867,9188.607595,9575.768872,10578.915663,8059.259259,nan,nan,nan,nan,nan,nan,nan
906400,7,open_reference,3.7196,IndexPoint,IndexPoint,3083,3259,3153,2978,3031,3106,2885,10357.905138,13254.306220,11380.254777,9064.637422,9685.526316,10677.856421,8106.611570,nan,nan,nan,nan,nan,nan,nan
906450,7,open_reference,3.7830,IndexPoint,IndexPoint,3067,3242,3163,2990,3050,3114,2885,10143.774319,12922.391559,11538.841202,9200.000000,9923.444976,10792.660550,8106.611570,nan,nan,nan,nan,nan,nan,nan
906500,7,open_reference,3.8256,IndexPoint,IndexPoint,3073,3259,3153,2991,3044,3106,2881,10223.287671,13254.306220,11380.254777,9211.413043,9847.383444,10677.856421,8068.698517,nan,nan,nan,nan,nan,nan,nan
906550,7,open_reference,3.8674,IndexPoint,IndexPoint,3075,3250,3149,2973,3034,3114,2884,10250.000000,13076.923077,11317.758985,9009.090909,9722.525919,10792.660550,8097.109827,nan,nan,nan,nan,nan,nan,nan
906600,7,open_reference,3.9302,IndexPoint,IndexPoint,3066,3245,3166,2982,3041,3100,2881,10130.612245,12980.000000,11587.082885,9109.433962,9809.677419,10592.964824,8068.698517,nan,nan,nan,nan,nan,nan,nan
906650,7,open_reference,3.9926,IndexPoint,IndexPoint,3080,3227,3165,2981,3026,3088,2873,10317.241379,12640.322581,11570.967742,9098.204668,9624.321796,10426.216485,7993.617021,nan,nan,nan,nan,nan,nan,nan
906750,7,posture_hold,0.0418,IndexPoint,IndexPoint,3071,3217,3177,2980,3035,3086,2876,10196.679688,12457.630979,11766.666667,9086.995516,9734.905660,10398.810704,8021.657096,-0.023949,-0.045937,0.011963,-0.029949,-0.007622,-0.042952,-0.038108
906800,7,posture_hold,0.0947,IndexPoint,IndexPoint,3089,3199,3178,2982,3022,3064,2864,10439.960239,12139.062500,11783.206107,9109.433962,9575.768872,10104.364694,7910.316816,-0.000662,-0.070334,0.013386,-0.027553,-0.023845,-0.070051,-0.051459
906850,7,posture_hold,0.1371,IndexPoint,IndexPoint,3094,3192,3171,2977,3018,3087,2872,10509.090909,12018.604651,11668.181818,9053.488372,9527.576602,10412.500000,7984.300899,0.005956,-0.079559,0.003493,-0.033526,-0.028757,-0.041692,-0.042588
906900,7,posture_hold,0.2004,IndexPoint,IndexPoint,3069,3188,3173,2971,3017,3084,2870,10170.175439,11950.606395,11700.867679,8987.010676,9515.584416,10371.513353,7965.714286,-0.026486,-0.084767,0.006304,-0.040622,-0.029980,-0.045464,-0.044817
906950,7,posture_hold,0.2426,IndexPoint,IndexPoint,3075,3183,3147,2974,3009,3061,2864,10250.000000,11866.447368,11286.708861,9020.160571,9420.441989,10065.183752,7910.316816,-0.018845,-0.091212,-0.029314,-0.037083,-0.039679,-0.073657,-0.051459
907000,7,posture_hold,0.3059,IndexPoint,IndexPoint,3078,3174,3147,2977,3017,3083,2878,10290.265487,11717.263844,11286.708861,9053.488372,9515.584416,10357.905138,8040.427280,-0.014991,-0.102637,-0.029314,-0.033526,-0.029980,-0.046717,-0.035858
907050,7,posture_hold,0.3482,IndexPoint,IndexPoint,3068,3182,3166,2981,3024,3079,2880,10156.962025,11849.726177,11587.082885,9098.204668,9600.000000,10303.740157,8059.259259,-0.027751,-0.092493,-0.003481,-0.028752,-0.021375,-0.051702,-0.033599
907100,7,posture_hold,0.4115,IndexPoint,IndexPoint,3084,3191,3156,2980,3018,3086,2866,10371.513353,12001.548673,11427.476038,9086.995516,9527.576602,10398.810704,7928.722539,-0.007214,-0.080866,-0.017208,-0.029949,-0.028757,-0.042952,-0.049252
907150,7,posture_hold,0.4326,IndexPoint,IndexPoint,3086,3216,3154,2970,3024,3095,2878,10398.810704,12439.590444,11395.961743,8976.000000,9600.000000,10523.000000,8040.427280,-0.004601,-0.047318,-0.019918,-0.041798,-0.021375,-0.031522,-0.035858
907200,7,posture_hold,0.4959,IndexPoint,IndexPoint,3070,3211,3162,2983,3023,3070,2877,10183.414634,12350.000000,11522.829582,9120.683453,9587.873134,10183.414634,8031.034483,-0.025219,-0.054180,-0.009007,-0.026352,-0.022611,-0.062776,-0.036984
907250,7,posture_hold,0.5380,IndexPoint,IndexPoint,3074,3194,3183,2984,3015,3070,2865,10236.630754,12052.830189,11866.447368,9131.953195,9491.666667,10183.414634,7919.512195,-0.020125,-0.076938,0.020545,-0.025149,-0.032418,-0.062776,-0.050357
907300,7,posture_hold,0.5797,IndexPoint,IndexPoint,3070,3192,3183,2967,3007,3094,2872,10183.414634,12018.604651,11866.447368,8943.085106,9396.875000,10509.090909,7984.300899,-0.025219,-0.079559,0.020545,-0.045311,-0.042081,-0.032802,-0.042588
907350,7,posture_hold,0.6638,IndexPoint,IndexPoint,3061,3201,3191,2961,3003,3078,2868,10065.183752,12173.825503,12001.548673,8877.777778,9350.000000,10290.265487,7947.188264,-0.036536,-0.067672,0.032164,-0.052283,-0.046860,-0.052942,-0.047038
907400,7,posture_hold,0.6849,IndexPoint,IndexPoint,3065,3205,3192,2965,2996,3058,2860,10117.475728,12243.820225,12018.604651,8921.238938,9268.789809,10026.229508,7873.684211,-0.031531,-0.062311,0.033631,-0.047643,-0.055138,-0.077242,-0.055852
907450,7,posture_hold,0.7681,IndexPoint,IndexPoint,3070,3194,3171,2958,3003,3060,2867,10183.414634,12052.830189,11668.181818,8845.382586,9350.000000,10052.173913,7937.947883,-0.025219,-0.076938,0.003493,-0.055741,-0.046860,-0.074854,-0.048146
907500,7,posture_hold,0.7892,IndexPoint,IndexPoint,3059,3197,3186,2969,3012,3071,2866,10039.189189,12104.454343,11916.831683,8965.008881,9455.955679,10196.679688,7928.722539,-0.039024,-0.072985,0.024878,-0.042971,-0.036058,-0.061555,-0.049252
907550,7,posture_hold,0.8731,IndexPoint,IndexPoint,3069,3187,3186,2975,3018,3066,2857,10170.175439,11933.700441,11916.831683,9031.250000,9527.576602,10130.612245,7846.365105,-0.026486,-0.086062,0.024878,-0.035900,-0.028757,-0.067635,-0.059128
907600,7,posture_hold,0.8942,IndexPoint,IndexPoint,3070,3202,3180,2962,3015,3089,2864,10183.414634,12191.265398,11816.393443,8888.614298,9491.666667,10439.960239,7910.316816,-0.025219,-0.066336,0.016240,-0.051126,-0.032418,-0.039165,-0.051459
907650,7,posture_hold,0.9357,IndexPoint,IndexPoint,3059,3202,3186,2969,3024,3088,2864,10039.189189,12191.265398,11916.831683,8965.008881,9600.000000,10426.216485,7910.316816,-0.039024,-0.066336,0.024878,-0.042971,-0.021375,-0.040430,-0.051459
907700,7,posture_hold,0.9768,IndexPoint,IndexPoint,3066,3205,3181,2965,3019,3092,2856,10130.612245,12243.820225,11833.041575,8921.238938,9539.591078,10481.355932,7837.288136,-0.030273,-0.062311,0.017672,-0.047643,-0.027533,-0.035355,-0.060216
907750,7,posture_hold,1.0403,IndexPoint,IndexPoint,3069,3193,3157,2958,3020,3102,2862,10170.175439,12035.698448,11443.283582,8845.382586,9551.627907,10621.148036,7891.970803,-0.026486,-0.078250,-0.015848,-0.055741,-0.026306,-0.022489,-0.053659
907800,7,posture_hold,1.1246,IndexPoint,IndexPoint,3072,3191,3173,2971,3028,3103,2860,10209.970674,12001.548673,11700.867679,8987.010676,9648.734770,10635.282258,7873.684211,-0.022677,-0.080866,0.006304,-0.040622,-0.016407,-0.021188,-0.055852
907850,7,posture_hold,1.1456,IndexPoint,IndexPoint,3087,3190,3189,2970,3029,3089,2854,10412.500000,11984.530387,11967.549669,8976.000000,9660.975610,10439.960239,7819.178082,-0.003290,-0.082169,0.029240,-0.041798,-0.015159,-0.039165,-0.062388
907900,7,posture_hold,1.1871,IndexPoint,IndexPoint,3083,3201,3184,2966,3031,3085,2863,10357.905138,12173.825503,11883.205269,8932.152347,9685.526316,10385.148515,7901.136364,-0.008516,-0.067672,0.021986,-0.046478,-0.012656,-0.044209,-0.052560
907950,7,posture_hold,1.2502,IndexPoint,IndexPoint,3071,3187,3189,2972,3025,3074,2863,10196.679688,11933.700441,11967.549669,8998.040962,9612.149533,10236.630754,7901.136364,-0.023949,-0.086062,0.029240,-0.039445,-0.020136,-0.057878,-0.052560
908000,7,posture_hold,1.2910,IndexPoint,IndexPoint,3080,3186,3191,2967,3026,3057,2852,10317.241379,11916.831683,12001.548673,8943.085106,9624.321796,10013.294798,7801.126307,-0.012409,-0.087354,0.032164,-0.045311,-0.018895,-0.078433,-0.064553
908050,7,posture_hold,1.3336,IndexPoint,IndexPoint,3067,3178,3167,2962,3018,3055,2862,10143.774319,11783.206107,11603.232759,8888.614298,9527.576602,9987.500000,7891.970803,-0.029013,-0.097587,-0.002092,-0.051126,-0.028757,-0.080807,-0.053659
908100,7,posture_hold,1.3966,IndexPoint,IndexPoint,3055,3194,3173,2968,3018,3063,2862,9987.500000,12052.830189,11700.867679,8954.037267,9527.576602,10091.279070,7891.970803,-0.043972,-0.076938,0.006304,-0.044142,-0.028757,-0.071255,-0.053659
908150,7,posture_hold,1.4600,IndexPoint,IndexPoint,3061,3187,3177,2962,3015,3055,2853,10065.183752,11933.700441,11766.666667,8888.614298,9491.666667,9987.500000,7810.144928,-0.036536,-0.086062,0.011963,-0.051126,-0.032418,-0.080807,-0.063471
908200,7,posture_hold,1.4810,IndexPoint,IndexPoint,3064,3181,3184,2956,3020,3049,2860,10104.364694,11833.041575,11883.205269,8823.880597,9551.627907,9910.707457,7873.684211,-0.032786,-0.093771,0.021986,-0.058037,-0.026306,-0.087874,-0.055852
908250,7,posture_hold,1.5447,IndexPoint,IndexPoint,3056,3173,3183,2960,3023,3036,2860,10000.384986,11700.867679,11866.447368,8866.960352,9587.873134,9747.308782,7873.684211,-0.042739,-0.103893,0.020545,-0.053438,-0.022611,-0.102912,-0.055852
908300,7,posture_hold,1.5875,IndexPoint,IndexPoint,3060,3177,3190,2959,3013,3045,2848,10052.173913,11766.666667,11984.530387,8856.161972,9467.837338,9860.000000,7765.196472,-0.037782,-0.098854,0.030700,-0.054590,-0.034847,-0.092541,-0.068861
908350,7,posture_hold,1.6506,IndexPoint,IndexPoint,3058,3181,3171,2950,3011,3056,2859,10026.229508,11833.041575,11668.181818,8759.825328,9444.095941,10000.384986,7864.563107,-0.040265,-0.093771,0.003493,-0.064875,-0.037267,-0.079621,-0.056946
908400,7,posture_hold,1.6928,IndexPoint,IndexPoint,3049,3162,3175,2958,3010,3047,2855,9910.707457,11522.829582,11733.695652,8845.382586,9432.258065,9885.305344,7828.225806,-0.051323,-0.117528,0.009128,-0.055741,-0.038474,-0.090212,-0.061303
908450,7,posture_hold,1.7587,IndexPoint,IndexPoint,3055,3146,3165,2959,3002,3040,2843,9987.500000,11271.232877,11570.967742,8856.161972,9338.334858,9797.156398,7720.607029,-0.043972,-0.136797,-0.004867,-0.054590,-0.048049,-0.098325,-0.074208
908500,7,posture_hold,1.7801,IndexPoint,IndexPoint,3046,3162,3168,2954,2997,3038,2852,9872.640610,11522.829582,11619.417476,8802.453988,9280.327869,9772.185430,7801.126307,-0.054967,-0.117528,-0.000700,-0.060324,-0.053962,-0.100623,-0.064553
908550,7,posture_hold,1.8637,IndexPoint,IndexPoint,3045,3167,3162,2964,3018,3046,2852,9860.000000,11603.232759,11522.829582,8910.344828,9527.576602,9872.640610,7801.126307,-0.056177,-0.111370,-0.009007,-0.048806,-0.028757,-0.091378,-0.064553
908600,7,posture_hold,1.9064,IndexPoint,IndexPoint,3055,3170,3173,2965,3014,3024,2838,9987.500000,11651.891892,11700.867679,8921.238938,9479.740981,9600.000000,7676.372315,-0.043972,-0.107644,0.006304,-0.047643,-0.033634,-0.116470,-0.079512
908650,7,posture_hold,1.9268,IndexPoint,IndexPoint,3057,3142,3145,2963,3003,3042,2852,10013.294798,11209.653725,11255.789474,8899.469965,9350.000000,9822.222222,7801.126307,-0.041503,-0.141513,-0.031973,-0.049967,-0.046860,-0.096018,-0.064553
908700,7,posture_hold,1.9897,IndexPoint,IndexPoint,3051,3154,3162,2969,3007,3053,2852,9936.206897,11395.961743,11522.829582,8965.008881,9396.875000,9961.804223,7801.126307,-0.048882,-0.127244,-0.009007,-0.042971,-0.042081,-0.083171,-0.064553
908750,7,posture_hold,2.0737,IndexPoint,IndexPoint,3054,3160,3172,2972,3001,3042,2843,9974.639769,11490.909091,11684.507042,8998.040962,9326.691042,9822.222222,7720.607029,-0.045203,-0.119973,0.004897,-0.039445,-0.049236,-0.096018,-0.074208
908800,7,posture_hold,2.0947,IndexPoint,IndexPoint,3054,3146,3176,2962,2999,3054,2862,9974.639769,11271.232877,11750.163221,8888.614298,9303.467153,9974.639769,7891.970803,-0.045203,-0.136797,0.010544,-0.051126,-0.051603,-0.081990,-0.053659
908850,7,posture_hold,2.1361,IndexPoint,IndexPoint,3057,3184,3193,2961,3010,3059,2860,10013.294798,11883.205269,12035.698448,8877.777778,9432.258065,10039.189189,7873.684211,-0.041503,-0.089929,0.035101,-0.052283,-0.038474,-0.076049,-0.055852
908900,7,posture_hold,2.1984,IndexPoint,IndexPoint,3064,3166,3197,2962,3010,3050,2848,10104.364694,11587.082885,12104.454343,8888.614298,9432.258065,9923.444976,7765.196472,-0.032786,-0.112607,0.041014,-0.051126,-0.038474,-0.086702,-0.068861
908950,7,posture_hold,2.2409,IndexPoint,IndexPoint,3060,3144,3172,2959,3016,3046,2860,10052.173913,11240.378549,11684.507042,8856.161972,9503.614458,9872.640610,7873.684211,-0.037782,-0.139160,0.004897,-0.054590,-0.031200,-0.091378,-0.055852
909000,7,posture_hold,2.3249,IndexPoint,IndexPoint,3056,3130,3195,2976,3040,3048,2859,10000.384986,11027.979275,12070.000000,9042.359249,9797.156398,9897.994269,7864.563107,-0.042739,-0.155426,0.038051,-0.034714,-0.001276,-0.089044,-0.056946
909050,7,posture_hold,2.3458,IndexPoint,IndexPoint,3067,3129,3174,2996,3007,3061,2853,10143.774319,11013.043478,11717.263844,9268.789809,9396.875000,10065.183752,7810.144928,-0.029013,-0.156570,0.007715,-0.010542,-0.042081,-0.073657,-0.063471
909100,7,posture_hold,2.3874,IndexPoint,IndexPoint,3067,3129,3227,3020,3051,3090,2880,10143.774319,11013.043478,12640.322581,9551.627907,9936.206897,10453.731343,8059.259259,-0.029013,-0.156570,0.087100,0.019652,0.012898,-0.037897,-0.033599
909150,7,posture_hold,2.4513,IndexPoint,IndexPoint,3079,3166,3226,3028,3104,3138,2925,10303.740157,11587.082885,12621.864212,9648.734770,10649.445005,11148.589342,8500.000000,-0.013701,-0.112607,0.085512,0.030018,0.085606,0.026054,0.019251
909200,7,posture_hold,2.4942,IndexPoint,IndexPoint,3128,3235,3376,3024,3494,3145,2929,10998.138573,12789.534884,15964.394993,9600.000000,19766.389351,11255.789474,8540.823328,0.052768,-0.020518,0.372979,0.024815,1.014989,0.035920,0.024146
909250,7,posture_hold,2.5361,IndexPoint,IndexPoint,3266,3383,4095,3426,3275,3342,2951,13394.933655,16154.775281,nan,17411.659193,13579.268293,15090.039841,8770.454545,0.282195,0.237208,nan,0.858723,0.384273,0.388803,0.051681
909300,7,posture_hold,2.6000,IndexPoint,IndexPoint,3263,3496,3003,3149,3156,3372,2964,13334.375000,19843.739566,9350.000000,11317.758985,11427.476038,15857.261411,8910.344828,0.276399,0.519726,-0.195876,0.208189,0.164919,0.459413,0.068456
909350,7,posture_hold,2.6620,IndexPoint,IndexPoint,3216,3456,2919,3126,3111,3390,2941,12439.590444,18388.732394,8439.285714,10968.421053,10749.390244,16348.936170,8664.991334,0.190748,0.408295,-0.274200,0.170897,0.095794,0.504664,0.039035
909400,7,posture_hold,2.7044,IndexPoint,IndexPoint,3210,3549,2944,3089,3118,3445,2957,12332.203390,22100.000000,8696.437880,10439.960239,10850.767656,18020.000000,8834.622144,0.180468,0.692521,-0.252084,0.114483,0.106129,0.658460,0.059376
909450,7,posture_hold,2.7471,IndexPoint,IndexPoint,3211,3523,3013,3106,3103,3365,3001,12350.000000,20940.909091,9467.837338,10677.856421,10635.282258,15672.602740,9326.691042,0.182172,0.603752,-0.185742,0.139878,0.084162,0.442418,0.118381
909500,7,posture_hold,2.7896,IndexPoint,IndexPoint,3224,3518,2915,3278,3036,3358,3007,12585.074627,20729.982669,8399.152542,13641.615667,9747.308782,15491.451832,9396.875000,0.204674,0.587598,-0.277651,0.456264,-0.006358,0.425746,0.126797
909550,7,posture_hold,2.8524,IndexPoint,IndexPoint,3174,3481,2919,3092,3002,3313,3012,11717.263844,19275.895765,8439.285714,10481.355932,9338.334858,14404.347826,9455.955679,0.121605,0.476238,-0.274200,0.118902,-0.048049,0.325695,0.133881
909600,7,posture_hold,2.8949,IndexPoint,IndexPoint,3147,3422,2970,3309,3005,3369,3002,11286.708861,17287.964339,8976.000000,14313.740458,9373.394495,15777.685950,9338.334858,0.080391,0.323993,-0.228041,0.528015,-0.044475,0.452090,0.119777
909650,7,posture_hold,2.9569,IndexPoint,IndexPoint,3208,3405,2967,3197,3011,3346,3011,12296.730552,16778.260870,8943.085106,12104.454343,9444.095941,15188.785047,9444.095941,0.177073,0.284957,-0.230872,0.292170,-0.037267,0.397891,0.132459
909700,7,posture_hold,2.9775,IndexPoint,IndexPoint,3186,3351,2928,3187,3035,3323,3008,11916.831683,15313.709677,8530.591260,11933.700441,9734.905660,14634.974093,9408.647654,0.140708,0.172795,-0.266347,0.273942,-0.007622,0.346921,0.128208
909750,7,posture_hold,3.0620,IndexPoint,IndexPoint,3172,3374,2917,3208,2997,3316,3021,11684.507042,15910.679612,8419.185059,12296.730552,9280.327869,14472.913992,9563.687151,0.118469,0.218514,-0.275929,0.312696,-0.053962,0.332006,0.146799
909800,7,posture_hold,3.0823,IndexPoint,IndexPoint,3166,3385,2936,3238,3022,3319,2985,11587.082885,16209.859155,8612.942192,12846.207701,9575.768872,14542.010309,9143.243243,0.109144,0.241426,-0.259265,0.371353,-0.023845,0.338365,0.096383
909850,7,posture_hold,3.1239,IndexPoint,IndexPoint,3149,3393,2893,3212,3008,3353,2992,11317.758985,16433.333333,8183.194676,12367.836920,9408.647654,15364.150943,9222.846782,0.083363,0.258541,-0.296224,0.320286,-0.040881,0.414030,0.105928
909900,7,posture_hold,3.2068,IndexPoint,IndexPoint,3163,3395,2903,3219,3006,3306,2989,11538.841202,16490.000000,8280.369128,12493.835616,9385.123967,14246.387833,9188.607595,0.104526,0.262881,-0.287867,0.333737,-0.043279,0.311158,0.101823
909950,7,posture_hold,3.2273,IndexPoint,IndexPoint,3166,3436,2892,3126,3037,3326,3009,11587.082885,17727.465857,8173.566085,10968.421053,9759.735350,14705.331599,9420.441989,0.109144,0.357652,-0.297052,0.170897,-0.005091,0.353396,0.129622
910000,7,posture_hold,3.2910,IndexPoint,IndexPoint,3171,3463,2903,3188,2995,3319,3013,11668.181818,18630.063291,8280.369128,11950.606395,9257.272727,14542.010309,9467.837338,0.116907,0.426777,-0.287867,0.275746,-0.056312,0.338365,0.135306
910050,7,posture_hold,3.3319,IndexPoint,IndexPoint,3129,3429,2919,3166,2985,3309,3007,11013.043478,17505.405405,8439.285714,11587.082885,9143.243243,14313.740458,9396.875000,0.054195,0.340645,-0.274200,0.236940,-0.067936,0.317356,0.126797
910100,7,posture_hold,3.3958,IndexPoint,IndexPoint,3151,3440,2928,3119,3024,3272,3003,11348.940678,17856.488550,8530.591260,10865.368852,9600.000000,13517.375456,9350.000000,0.086348,0.367533,-0.266347,0.159896,-0.021375,0.244063,0.121176
910150,7,posture_hold,3.4373,IndexPoint,IndexPoint,3139,3405,2935,3037,2991,3293,3013,11163.807531,16778.260870,8602.586207,9759.735350,9211.413043,13960.349127,9467.837338,0.068627,0.284957,-0.260156,0.041867,-0.060987,0.284832,0.135306
910200,7,posture_hold,3.5012,IndexPoint,IndexPoint,3196,3363,2927,3066,2984,3287,2992,12087.208009,15620.491803,8520.376712,10130.612245,9131.953195,13831.435644,9222.846782,0.157017,0.196290,-0.267226,0.081459,-0.069087,0.272968,0.105928
910250,7,posture_hold,3.5430,IndexPoint,IndexPoint,3175,3348,2946,3024,2989,3283,2990,11733.695652,15238.554217,8717.493473,9600.000000,9188.607595,13746.551724,9200.000000,0.123178,0.167039,-0.250273,0.024815,-0.063312,0.265156,0.103189
910300,7,posture_hold,3.6070,IndexPoint,IndexPoint,3155,3335,2917,2989,2967,3286,2987,11411.702128,14919.736842,8419.185059,9188.607595,8943.085106,13810.135970,9165.884477,0.092356,0.142623,-0.275929,-0.019101,-0.088341,0.271007,0.099098
910350,7,posture_hold,3.6488,IndexPoint,IndexPoint,3143,3359,2945,3002,2987,3299,2988,11225.000000,15517.119565,8706.956522,9338.334858,9165.884477,14091.206030,9177.235772,0.074484,0.188373,-0.251180,-0.003118,-0.065628,0.296876,0.100459
910400,7,posture_hold,3.6915,IndexPoint,IndexPoint,3143,3337,2919,3012,2963,3271,2984,11225.000000,14968.073879,8439.285714,9455.955679,8899.469965,13496.844660,9131.953195,0.074484,0.146325,-0.274200,0.009438,-0.092787,0.242174,0.095029
910450,7,posture_hold,3.7341,IndexPoint,IndexPoint,3130,3319,2926,2998,2970,3265,2993,11027.979275,14542.010309,8510.179641,9291.886964,8976.000000,13374.698795,9234.301270,0.055625,0.113695,-0.268103,-0.008076,-0.084985,0.230932,0.107302
910500,7,posture_hold,3.7977,IndexPoint,IndexPoint,3109,3346,2884,3001,2978,3321,2981,10720.689655,15188.785047,8097.109827,9326.691042,9064.637422,14588.372093,9098.204668,0.026210,0.163228,-0.303628,-0.004361,-0.075949,0.342632,0.090982
910550,7,posture_hold,3.8825,IndexPoint,IndexPoint,3111,3348,2876,3012,3004,3288,2986,10749.390244,15238.554217,8021.657096,9455.955679,9361.686526,13852.788104,9154.553652,0.028958,0.167039,-0.310117,0.009438,-0.045668,0.274933,0.097739
910600,7,posture_hold,3.9242,IndexPoint,IndexPoint,3104,3384,2886,2998,2968,3248,2983,10649.445005,16182.278481,8116.129032,9291.886964,8954.037267,13038.016529,9120.683453,0.019391,0.239314,-0.301992,-0.008076,-0.087224,0.199946,0.093678
910650,7,posture_hold,3.9459,IndexPoint,IndexPoint,3092,3398,2890,2987,2982,3251,2973,10481.355932,16575.609756,8154.356846,9165.884477,9109.433962,13096.445498,9009.090909,0.003301,0.269437,-0.298705,-0.021527,-0.071383,0.205323,0.080297
910700,7,posture_hold,4.0090,IndexPoint,IndexPoint,3103,3406,2887,2990,3021,3220,2960,10635.282258,16807.547170,8125.662252,9200.000000,9563.687151,12512.000000,8866.960352,0.018035,0.287200,-0.301172,-0.017885,-0.025076,0.151534,0.063253
910750,7,posture_hold,4.0304,IndexPoint,IndexPoint,3092,3367,2904,2983,2969,3247,2949,10481.355932,15725.000000,8290.176322,9120.683453,8965.008881,13018.632075,8749.214660,0.003301,0.204294,-0.287024,-0.026352,-0.086106,0.198162,0.049134
910800,7,posture_hold,4.1151,IndexPoint,IndexPoint,3091,3361,2996,2999,2947,3357,2953,10467.529880,15568.664850,9268.789809,9303.467153,8728.048780,15465.853659,8791.768827,0.001977,0.192321,-0.202860,-0.006840,-0.110261,0.423390,0.054237
910850,7,posture_hold,4.1365,IndexPoint,IndexPoint,3121,3422,2977,3001,3004,3258,2932,10894.661191,17287.964339,9053.488372,9326.691042,9361.686526,13234.408602,8571.625107,0.042863,0.323993,-0.221377,-0.004361,-0.045668,0.218021,0.027839
910900,7,posture_hold,4.1789,IndexPoint,IndexPoint,3106,3392,2941,2983,2969,3279,2927,10677.856421,16405.120910,8664.991334,9120.683453,8965.008881,13662.500000,8520.376712,0.022110,0.256380,-0.254789,-0.026352,-0.086106,0.257420,0.021694
910950,7,posture_hold,4.2414,IndexPoint,IndexPoint,3102,3439,2939,2998,2988,3289,2930,10621.148036,17824.085366,8644.117647,9291.886964,9177.235772,13874.193548,8551.072961,0.016682,0.365051,-0.256584,-0.008076,-0.064471,0.276903,0.025375
911000,7,posture_hold,4.2834,IndexPoint,IndexPoint,3106,3437,2948,3020,3007,3308,2934,10677.856421,17759.574468,8738.622493,9551.627907,9396.875000,14291.232529,8592.248062,0.022110,0.360111,-0.248456,0.019652,-0.042081,0.315285,0.030312
911050,7,posture_hold,4.3245,IndexPoint,IndexPoint,3137,3422,2904,3022,2984,3351,2936,11133.402923,17287.964339,8290.176322,9575.768872,9131.953195,15313.709677,8612.942192,0.065716,0.323993,-0.287024,0.022229,-0.069087,0.409388,0.032794
911100,7,posture_hold,4.3866,IndexPoint,IndexPoint,3123,3400,2912,3036,2984,3239,2937,10924.074074,16633.093525,8369.230769,9747.308782,9131.953195,12865.186916,8623.316062,0.045679,0.273840,-0.280225,0.040541,-0.069087,0.184040,0.034038
911150,7,posture_hold,4.4496,IndexPoint,IndexPoint,3119,3390,2909,3021,2977,3190,2925,10865.368852,16348.936170,8339.460371,9563.687151,9053.488372,11984.530387,8500.000000,0.040059,0.252078,-0.282785,0.020939,-0.077086,0.102989,0.019251
911200,7,posture_hold,4.5341,IndexPoint,IndexPoint,3114,3349,2897,3013,2960,3184,2936,10792.660550,15263.538874,8221.869783,9467.837338,8866.960352,11883.205269,8612.942192,0.033100,0.168953,-0.292898,0.010707,-0.096101,0.093664,0.032794
911250,7,posture_hold,4.5343,IndexPoint,IndexPoint,3110,3359,2884,3051,2964,3216,2914,10735.025381,15517.119565,8097.109827,9936.206897,8910.344828,12439.590444,8389.161727,0.027583,0.188373,-0.303628,0.060706,-0.091678,0.144870,0.005960
911300,7,posture_hold,4.5970,IndexPoint,IndexPoint,3123,3342,2881,3045,2991,3212,2909,10924.074074,15090.039841,8068.698517,9860.000000,9211.413043,12367.836920,8339.460371,0.045679,0.155665,-0.306071,0.052571,-0.060987,0.138266,0.000000
911350,7,posture_hold,4.6389,IndexPoint,IndexPoint,3127,3340,2867,3031,2940,3215,2927,10983.264463,15041.059603,7937.947883,9685.526316,8654.545455,12421.590909,8520.376712,0.051345,0.151914,-0.317316,0.033945,-0.117754,0.143214,0.021694
911400,7,posture_hold,4.7020,IndexPoint,IndexPoint,3118,3385,2875,3017,2972,3201,2926,10850.767656,16209.859155,8012.295082,9515.584416,8998.040962,12173.825503,8510.179641,0.038662,0.241426,-0.310922,0.015804,-0.082738,0.120411,0.020471
911450,7,posture_hold,4.7447,IndexPoint,IndexPoint,3125,3359,2872,3008,2983,3183,2912,10953.608247,15517.119565,7984.300899,9408.647654,9120.683453,11866.447368,8369.230769,0.048506,0.188373,-0.313330,0.004388,-0.070236,0.092121,0.003570
911500,7,posture_hold,4.7863,IndexPoint,IndexPoint,3118,3386,2870,3004,2978,3215,2927,10850.767656,16237.517630,7965.714286,9361.686526,9064.637422,12421.590909,8520.376712,0.038662,0.243545,-0.314928,-0.000625,-0.075949,0.143214,0.021694
911550,7,posture_hold,4.8501,IndexPoint,IndexPoint,3093,3352,2890,2999,2964,3201,2931,10495.209581,15338.896366,8154.356846,9303.467153,8910.344828,12173.825503,8561.340206,0.004627,0.174724,-0.298705,-0.006840,-0.091678,0.120411,0.026606
911600,7,posture_hold,4.8924,IndexPoint,IndexPoint,3097,3324,2895,3015,2974,3201,2914,10550.901804,14658.365759,8202.500000,9491.666667,9020.160571,12173.825503,8389.161727,0.009958,0.122606,-0.294564,0.013251,-0.080483,0.120411,0.005960
911650,7,posture_hold,4.9551,IndexPoint,IndexPoint,3087,3324,2876,2996,3000,3210,2942,10412.500000,14658.365759,8021.657096,9268.789809,9315.068493,12332.203390,8675.455334,-0.003290,0.122606,-0.310117,-0.010542,-0.050421,0.134987,0.040290
911700,7,posture_hold,4.9967,IndexPoint,IndexPoint,3066,3352,2874,3002,2995,3186,2948,10130.612245,15338.896366,8002.948403,9338.334858,9257.272727,11916.831683,8738.622493,-0.030273,0.174724,-0.311726,-0.003118,-0.056312,0.096758,0.047864
921300,8,open_reference,0.0212,Fist,Uncertain,3063,3361,3626,3000,3196,3193,2866,10091.279070,15568.664850,26286.567164,9315.068493,12087.208009,12035.698448,7928.722539,nan,nan,nan,nan,nan,nan,nan
921350,8,open_reference,0.0838,Fist,Uncertain,3070,3359,3694,3021,3193,3206,2850,10183.414634,15517.119565,31320.698254,9563.687151,12035.698448,12261.417323,7783.132530,nan,nan,nan,nan,nan,nan,nan
921400,8,open_reference,0.1253,Fist,Uncertain,3072,3319,3681,3001,3220,3197,2859,10209.970674,14542.010309,30230.434783,9326.691042,12512.000000,12104.454343,7864.563107,nan,nan,nan,nan,nan,nan,nan
921450,8,open_reference,0.1672,Fist,Uncertain,3061,3320,3701,3014,3221,3171,2861,10065.183752,14565.161290,31937.563452,9479.740981,12530.205950,11668.181818,7882.820097,nan,nan,nan,nan,nan,nan,nan
921500,8,open_reference,0.2306,Fist,Uncertain,3064,3333,3807,3007,3210,3177,2859,10104.364694,14871.653543,44943.750000,9396.875000,12332.203390,11766.666667,7864.563107,nan,nan,nan,nan,nan,nan,nan
921550,8,open_reference,0.2514,Fist,Uncertain,3067,3237,3709,2998,3182,3195,2863,10143.774319,12827.272727,32669.948187,9291.886964,11849.726177,12070.000000,7901.136364,nan,nan,nan,nan,nan,nan,nan
921600,8,open_reference,0.3355,Fist,Uncertain,3056,3227,3587,3010,3204,3192,2861,10000.384986,12640.322581,24007.480315,9432.258065,12226.262626,12018.604651,7882.820097,nan,nan,nan,nan,nan,nan,nan
921650,8,open_reference,0.3563,Fist,Uncertain,3062,3308,3689,3020,3199,3179,2848,10078.218780,14291.232529,30893.103448,9551.627907,12139.062500,11799.781659,7765.196472,nan,nan,nan,nan,nan,nan,nan
921700,8,open_reference,0.4196,Fist,Uncertain,3064,3236,3607,3003,3216,3180,2859,10104.364694,12808.381839,25130.737705,9350.000000,12439.590444,11816.393443,7864.563107,nan,nan,nan,nan,nan,nan,nan
921750,8,open_reference,0.4607,Fist,Uncertain,3055,3274,3692,3008,3228,3166,2845,9987.500000,13558.587089,31148.387097,9408.647654,12658.823529,11587.082885,7738.400000,nan,nan,nan,nan,nan,nan,nan
921800,8,open_reference,0.5436,Fist,Uncertain,3060,3269,3658,3010,3210,3169,2829,10052.173913,13455.932203,28460.411899,9432.258065,12332.203390,11635.637149,7597.630332,nan,nan,nan,nan,nan,nan,nan
921850,8,open_reference,0.5647,Fist,Uncertain,3055,3293,3636,3001,3239,3179,2839,9987.500000,13960.349127,26933.333333,9326.691042,12865.186916,11799.781659,7685.191083,nan,nan,nan,nan,nan,nan,nan
921900,8,open_reference,0.6273,Fist,Uncertain,3039,3279,3597,3003,3218,3180,2833,9784.659091,13662.500000,24557.831325,9350.000000,12475.712657,11816.393443,7632.488114,nan,nan,nan,nan,nan,nan,nan
921950,8,open_reference,0.6687,Fist,Uncertain,3047,3330,3590,2994,3262,3162,2825,9885.305344,14800.000000,24170.297030,9245.776567,13314.285714,11522.829582,7562.992126,nan,nan,nan,nan,nan,nan,nan
922000,8,open_reference,0.7109,Fist,Uncertain,3046,3290,3602,2978,3239,3149,2831,9872.640610,13895.652174,24841.379310,9064.637422,12865.186916,11317.758985,7615.031646,nan,nan,nan,nan,nan,nan,nan
922050,8,open_reference,0.7741,Fist,Uncertain,3043,3326,3588,2999,3212,3150,2831,9834.790875,14705.331599,24061.538462,9303.467153,12367.836920,11333.333333,7615.031646,nan,nan,nan,nan,nan,nan,nan
922100,8,open_reference,0.8165,Fist,Uncertain,3054,3320,3564,3003,3185,3140,2813,9974.639769,14565.161290,22820.338983,9350.000000,11900.000000,11179.057592,7460.374415,nan,nan,nan,nan,nan,nan,nan
922150,8,open_reference,0.8586,Fist,Uncertain,3048,3336,3542,2991,3172,3169,2818,9897.994269,14943.873518,21777.215190,9211.413043,11684.507042,11635.637149,7502.897416,nan,nan,nan,nan,nan,nan,nan
922200,8,open_reference,0.9219,Fist,Uncertain,3037,3356,3524,3011,3225,3178,2815,9759.735350,15440.324763,20983.537653,9444.095941,12603.448276,11783.206107,7477.343750,nan,nan,nan,nan,nan,nan,nan
922250,8,open_reference,0.9833,Fist,Uncertain,3055,3326,3582,3016,3210,3194,2807,9987.500000,14705.331599,23740.350877,9503.614458,12332.203390,12052.830189,7409.782609,nan,nan,nan,nan,nan,nan,nan
922300,8,open_reference,1.0244,Fist,Uncertain,3054,3339,3625,2997,3201,3202,2810,9974.639769,15016.666667,26223.404255,9280.327869,12173.825503,12191.265398,7435.019455,nan,nan,nan,nan,nan,nan,nan
922350,8,open_reference,1.0663,Fist,Uncertain,3046,3305,3525,2990,3217,3205,2808,9872.640610,14224.050633,21026.315789,9200.000000,12457.630979,12243.820225,7418.181818,nan,nan,nan,nan,nan,nan,nan
922400,8,open_reference,1.1086,Fist,Uncertain,3052,3332,3574,3000,3239,3210,2798,9948.993289,14847.706422,23323.608445,9315.068493,12865.186916,12332.203390,7334.772552,nan,nan,nan,nan,nan,nan,nan
922450,8,open_reference,1.1719,Fist,Uncertain,3051,3322,3533,2991,3221,3210,2807,9936.206897,14611.642950,21374.021352,9211.413043,12530.205950,12332.203390,7409.782609,nan,nan,nan,nan,nan,nan,nan
922500,8,open_reference,1.2139,Fist,Uncertain,3045,3276,3627,3003,3216,3196,2800,9860.000000,13600.000000,26350.000000,9350.000000,12439.590444,12087.208009,7351.351351,nan,nan,nan,nan,nan,nan,nan
922550,8,open_reference,1.2767,Fist,Uncertain,3048,3321,3557,2993,3169,3183,2794,9897.994269,14588.372093,22479.182156,9234.301270,11635.637149,11866.447368,7301.767871,nan,nan,nan,nan,nan,nan,nan
922600,8,open_reference,1.2972,Fist,Uncertain,3041,3233,3573,2988,3166,3185,2799,9809.677419,12751.972158,23272.413793,9177.235772,11587.082885,11900.000000,7343.055556,nan,nan,nan,nan,nan,nan,nan
922650,8,open_reference,1.3597,Fist,Uncertain,3026,3337,3598,2993,3197,3194,2798,9624.321796,14968.073879,24614.084507,9234.301270,12104.454343,12052.830189,7334.772552,nan,nan,nan,nan,nan,nan,nan
922700,8,open_reference,1.4015,Fist,Uncertain,3036,3314,3616,2989,3213,3164,2787,9747.308782,14427.144686,25666.805846,9188.607595,12385.714286,11554.887218,7244.495413,nan,nan,nan,nan,nan,nan,nan
922750,8,open_reference,1.4636,Fist,Uncertain,3037,3344,3618,2970,3179,3160,2799,9759.735350,15139.280959,25788.679245,8976.000000,11799.781659,11490.909091,7343.055556,nan,nan,nan,nan,nan,nan,nan
922800,8,open_reference,1.5053,Fist,Uncertain,3027,3310,3573,2978,3153,3151,2794,9636.516854,14336.305732,23272.413793,9064.637422,11380.254777,11348.940678,7301.767871,nan,nan,nan,nan,nan,nan,nan
922850,8,open_reference,1.5692,Fist,Uncertain,3028,3284,3566,2970,3153,3139,2782,9648.734770,13767.694205,22919.470699,8976.000000,11380.254777,11163.807531,7203.960396,nan,nan,nan,nan,nan,nan,nan
922900,8,open_reference,1.6118,Fist,Uncertain,3032,3261,3517,2960,3133,3139,2799,9697.836312,13294.244604,20688.235294,8866.960352,11072.972973,11163.807531,7343.055556,nan,nan,nan,nan,nan,nan,nan
922950,8,open_reference,1.6545,Fist,Uncertain,3023,3264,3518,2980,3183,3153,2800,9587.873134,13354.512635,20729.982669,9086.995516,11866.447368,11380.254777,7351.351351,nan,nan,nan,nan,nan,nan,nan
923000,8,open_reference,1.7174,Fist,Uncertain,3026,3254,3583,2983,3169,3150,2789,9624.321796,13155.291320,23793.359375,9120.683453,11635.637149,11333.333333,7260.796325,nan,nan,nan,nan,nan,nan,nan
923050,8,open_reference,1.7601,Fist,Uncertain,3024,3239,3572,2978,3182,3152,2799,9600.000000,12865.186916,23221.414914,9064.637422,11849.726177,11364.581124,7343.055556,nan,nan,nan,nan,nan,nan,nan
923100,8,open_reference,1.8235,Fist,Uncertain,3022,3245,3611,2991,3170,3165,2799,9575.768872,12980.000000,25366.528926,9211.413043,11651.891892,11570.967742,7343.055556,nan,nan,nan,nan,nan,nan,nan
923150,8,open_reference,1.8654,Fist,Uncertain,3035,3246,3632,2990,3173,3125,2794,9734.905660,12999.293286,26671.274298,9200.000000,11700.867679,10953.608247,7301.767871,nan,nan,nan,nan,nan,nan,nan
923200,8,open_reference,1.9081,Fist,Uncertain,3032,3253,3633,2984,3140,3149,2810,9697.836312,13135.629454,26736.363636,9131.953195,11179.057592,11317.758985,7435.019455,nan,nan,nan,nan,nan,nan,nan
923250,8,open_reference,1.9718,Fist,Uncertain,3022,3247,3588,2992,3141,3151,2802,9575.768872,13018.632075,24061.538462,9222.846782,11194.339623,11348.940678,7367.981439,nan,nan,nan,nan,nan,nan,nan
923300,8,open_reference,2.0358,Fist,Uncertain,3037,3232,3557,2987,3120,3141,2797,9759.735350,12733.256083,22479.182156,9165.884477,10880.000000,11194.339623,7326.502311,nan,nan,nan,nan,nan,nan,nan
923350,8,open_reference,2.0573,Fist,Uncertain,3032,3213,3480,2971,3107,3163,2800,9697.836312,12385.714286,19239.024390,8987.010676,10692.105263,11538.841202,7351.351351,nan,nan,nan,nan,nan,nan,nan
923400,8,open_reference,2.1210,Fist,Uncertain,3026,3178,3454,2993,3100,3147,2798,9624.321796,11783.206107,18320.748830,9234.301270,10592.964824,11286.708861,7334.772552,nan,nan,nan,nan,nan,nan,nan
923450,8,open_reference,2.1843,Fist,Uncertain,3030,3163,3494,2988,3109,3128,2788,9673.239437,11538.841202,19766.389351,9177.235772,10720.689655,10998.138573,7252.639633,nan,nan,nan,nan,nan,nan,nan
923500,8,open_reference,2.2268,Fist,Uncertain,3024,3164,3464,2975,3140,3137,2800,9600.000000,11554.887218,18664.976228,9031.250000,11179.057592,11133.402923,7351.351351,nan,nan,nan,nan,nan,nan,nan
923550,8,open_reference,2.2689,Fist,Uncertain,3015,3173,3450,3007,3173,3151,2805,9491.666667,11700.867679,18186.046512,9396.875000,11700.867679,11348.940678,7393.023256,nan,nan,nan,nan,nan,nan,nan
923600,8,open_reference,2.3326,Fist,Uncertain,3028,3163,3452,2997,3149,3154,2799,9648.734770,11538.841202,18253.188180,9280.327869,11317.758985,11395.961743,7343.055556,nan,nan,nan,nan,nan,nan,nan
923650,8,open_reference,2.3541,Fist,Uncertain,3024,3150,3475,2979,3154,3157,2816,9600.000000,11333.333333,19056.451613,9075.806452,11395.961743,11443.283582,7485.848319,nan,nan,nan,nan,nan,nan,nan
923700,8,open_reference,2.4178,Fist,Uncertain,3017,3142,3459,2989,3157,3151,2812,9515.584416,11209.653725,18491.509434,9188.607595,11443.283582,11348.940678,7451.909587,nan,nan,nan,nan,nan,nan,nan
923750,8,open_reference,2.4807,Fist,Uncertain,3022,3148,3441,2985,3165,3118,2802,9575.768872,11302.217529,17888.990826,9143.243243,11570.967742,10850.767656,7367.981439,nan,nan,nan,nan,nan,nan,nan
923800,8,open_reference,2.5230,Fist,Uncertain,3019,3158,3440,2967,3151,3142,2813,9539.591078,11459.124867,17856.488550,8943.085106,11348.940678,11209.653725,7460.374415,nan,nan,nan,nan,nan,nan,nan
923850,8,open_reference,2.5650,Fist,Uncertain,3008,3136,3440,2990,3131,3120,2801,9408.647654,11118.248175,17856.488550,9200.000000,11042.946058,10880.000000,7359.659969,nan,nan,nan,nan,nan,nan,nan
923900,8,open_reference,2.6074,Fist,Uncertain,3014,3148,3448,2987,3139,3110,2787,9479.740981,11302.217529,18119.319938,9165.884477,11163.807531,10735.025381,7244.495413,nan,nan,nan,nan,nan,nan,nan
923950,8,open_reference,2.6495,Fist,Uncertain,3010,3116,3483,2974,3116,3121,2801,9432.258065,10821.654750,19350.000000,9020.160571,10821.654750,10894.661191,7359.659969,nan,nan,nan,nan,nan,nan,nan
924000,8,open_reference,2.7126,Fist,Uncertain,2999,3147,3499,2975,3116,3120,2799,9303.467153,11286.708861,19960.738255,9031.250000,10821.654750,10880.000000,7343.055556,nan,nan,nan,nan,nan,nan,nan
924050,8,open_reference,2.7761,Fist,Uncertain,3004,3195,3441,2975,3126,3116,2787,9361.686526,12070.000000,17888.990826,9031.250000,10968.421053,10821.654750,7244.495413,nan,nan,nan,nan,nan,nan,nan
924100,8,open_reference,2.8388,Fist,Uncertain,3003,3164,3495,2972,3118,3126,2798,9350.000000,11554.887218,19805.000000,8998.040962,10850.767656,10968.421053,7334.772552,nan,nan,nan,nan,nan,nan,nan
924150,8,open_reference,2.8809,Fist,Uncertain,2993,3128,3543,2978,3120,3137,2796,9234.301270,10998.138573,21822.826087,9064.637422,10880.000000,11133.402923,7318.244804,nan,nan,nan,nan,nan,nan,nan
924200,8,open_reference,2.9225,Fist,Uncertain,3005,3122,3493,2976,3111,3107,2794,9373.394495,10909.352518,19727.906977,9042.359249,10749.390244,10692.105263,7301.767871,nan,nan,nan,nan,nan,nan,nan
924250,8,open_reference,2.9642,Fist,Uncertain,3011,3105,3500,2970,3107,3133,2815,9444.095941,10663.636364,20000.000000,8976.000000,10692.105263,11072.972973,7477.343750,nan,nan,nan,nan,nan,nan,nan
924300,8,open_reference,3.0058,Fist,Uncertain,3003,3109,3496,2987,3088,3136,2811,9350.000000,10720.689655,19843.739566,9165.884477,10426.216485,11118.248175,7443.457944,nan,nan,nan,nan,nan,nan,nan
924350,8,open_reference,3.0683,Fist,Uncertain,3016,3127,3492,2978,3087,3111,2800,9503.614458,10983.264463,19689.552239,9064.637422,10412.500000,10749.390244,7351.351351,nan,nan,nan,nan,nan,nan,nan
924400,8,open_reference,3.1109,Fist,Uncertain,3014,3144,3507,2967,3095,3125,2813,9479.740981,11240.378549,20278.571429,8943.085106,10523.000000,10953.608247,7460.374415,nan,nan,nan,nan,nan,nan,nan
924450,8,open_reference,3.1751,Fist,Uncertain,3007,3178,3503,2982,3101,3121,2805,9396.875000,11783.206107,20118.581081,9109.433962,10607.042254,10894.661191,7393.023256,nan,nan,nan,nan,nan,nan,nan
924500,8,open_reference,3.2178,Fist,Uncertain,3015,3182,3509,2971,3118,3106,2793,9491.666667,11849.726177,20359.385666,8987.010676,10850.767656,10677.856421,7293.548387,nan,nan,nan,nan,nan,nan,nan
924550,8,open_reference,3.2819,Fist,Uncertain,3009,3228,3498,2953,3087,3119,2800,9420.441989,12658.823529,19921.608040,8791.768827,10412.500000,10865.368852,7351.351351,nan,nan,nan,nan,nan,nan,nan
924600,8,open_reference,3.3246,Fist,Uncertain,3002,3216,3545,2956,3120,3112,2800,9338.334858,12439.590444,21914.545455,8823.880597,10880.000000,10763.784334,7351.351351,nan,nan,nan,nan,nan,nan,nan
924650,8,open_reference,3.3675,Fist,Uncertain,3012,3208,3509,2971,3115,3113,2795,9455.955679,12296.730552,20359.385666,8987.010676,10807.142857,10778.207739,7310.000000,nan,nan,nan,nan,nan,nan,nan
924700,8,open_reference,3.4093,Fist,Uncertain,3012,3200,3486,2954,3071,3119,2800,9455.955679,12156.424581,19462.068966,8802.453988,10196.679688,10865.368852,7351.351351,nan,nan,nan,nan,nan,nan,nan
924750,8,open_reference,3.4726,Fist,Uncertain,3006,3211,3432,2961,3099,3114,2799,9385.123967,12350.000000,17600.000000,8877.777778,10578.915663,10792.660550,7343.055556,nan,nan,nan,nan,nan,nan,nan
924800,8,open_reference,3.5359,Fist,Uncertain,3011,3198,3457,2966,3113,3096,2785,9444.095941,12121.739130,18422.884013,8932.152347,10778.207739,10536.936937,7228.244275,nan,nan,nan,nan,nan,nan,nan
924850,8,open_reference,3.5571,Fist,Uncertain,3009,3194,3452,2960,3145,3112,2795,9420.441989,12052.830189,18253.188180,8866.960352,11255.789474,10763.784334,7310.000000,nan,nan,nan,nan,nan,nan,nan
924900,8,open_reference,3.6198,Fist,Uncertain,3001,3181,3437,2969,3123,3109,2788,9326.691042,11833.041575,17759.574468,8965.008881,10924.074074,10720.689655,7252.639633,nan,nan,nan,nan,nan,nan,nan
924950,8,open_reference,3.6623,Fist,Uncertain,3009,3174,3468,2974,3119,3081,2780,9420.441989,11717.263844,18805.741627,9020.160571,10865.368852,10330.769231,7187.832700,nan,nan,nan,nan,nan,nan,nan
925000,8,open_reference,3.7260,Fist,Uncertain,3009,3170,3440,2978,3077,3088,2791,9420.441989,11651.891892,17856.488550,9064.637422,10276.817289,10426.216485,7277.147239,nan,nan,nan,nan,nan,nan,nan
925050,8,open_reference,3.7683,Fist,Uncertain,3000,3180,3461,2988,3133,3093,2799,9315.068493,11816.393443,18560.567823,9177.235772,11072.972973,10495.209581,7343.055556,nan,nan,nan,nan,nan,nan,nan
925100,8,open_reference,3.8311,Fist,Uncertain,3007,3193,3436,2987,3140,3076,2794,9396.875000,12035.698448,17727.465857,9165.884477,11179.057592,10263.395486,7301.767871,nan,nan,nan,nan,nan,nan,nan
925150,8,open_reference,3.8524,Fist,Uncertain,3007,3191,3446,2964,3124,3087,2800,9396.875000,12001.548673,18053.004622,8910.344828,10938.825953,10412.500000,7351.351351,nan,nan,nan,nan,nan,nan,nan
925200,8,open_reference,3.9157,Fist,Uncertain,2999,3162,3463,2974,3114,3089,2799,9303.467153,11522.829582,18630.063291,9020.160571,10792.660550,10439.960239,7343.055556,nan,nan,nan,nan,nan,nan,nan
925250,8,open_reference,3.9782,Fist,Uncertain,3007,3181,3438,2983,3121,3085,2790,9396.875000,11833.041575,17791.780822,9120.683453,10894.661191,10385.148515,7268.965517,nan,nan,nan,nan,nan,nan,nan
925300,8,open_reference,3.9991,Fist,Uncertain,3006,3168,3451,2962,3113,3089,2799,9385.123967,11619.417476,18219.565217,8888.614298,10778.207739,10439.960239,7343.055556,nan,nan,nan,nan,nan,nan,nan
925350,8,posture_hold,0.0202,Fist,Uncertain,2998,3148,3458,2972,3104,3087,2799,9291.886964,11302.217529,18457.142857,8998.040962,10649.445005,10412.500000,7343.055556,-0.013646,-0.030010,-0.011135,-0.003677,-0.018554,-0.041680,0.000000
925400,8,posture_hold,0.0837,Fist,Uncertain,3001,3140,3405,2975,3116,3072,2796,9326.691042,11179.057592,16778.260870,9031.250000,10821.654750,10209.970674,7318.244804,-0.009952,-0.040580,-0.101083,0.000000,-0.002683,-0.060320,-0.003379
925450,8,posture_hold,0.1674,Fist,Uncertain,3002,3129,3420,2974,3079,3073,2802,9338.334858,11013.043478,17226.666667,9020.160571,10303.740157,10223.287671,7367.981439,-0.008716,-0.054828,-0.077059,-0.001228,-0.050414,-0.059094,0.003394
925500,8,posture_hold,0.1879,Fist,Uncertain,2993,3119,3403,2984,3073,3070,2801,9234.301270,10865.368852,16719.942197,9131.953195,10223.287671,10183.414634,7359.659969,-0.019759,-0.067502,-0.104208,0.011151,-0.057828,-0.062764,0.002261
925550,8,posture_hold,0.2301,Fist,Uncertain,3001,3122,3408,2968,3087,3081,2790,9326.691042,10909.352518,16866.375546,8954.037267,10412.500000,10330.769231,7268.965517,-0.009952,-0.063727,-0.096362,-0.008550,-0.040390,-0.049202,-0.010090
925600,8,posture_hold,0.2723,Fist,Uncertain,3003,3164,3406,2971,3096,3090,2801,9350.000000,11554.887218,16807.547170,8987.010676,10536.936937,10453.731343,7359.659969,-0.007478,-0.008325,-0.099514,-0.004898,-0.028922,-0.037885,0.002261
925650,8,posture_hold,0.3557,Fist,Uncertain,2993,3164,3412,2977,3119,3092,2802,9234.301270,11554.887218,16985.065886,9053.488372,10865.368852,10481.355932,7367.981439,-0.019759,-0.008325,-0.090003,0.002462,0.001346,-0.035343,0.003394
925700,8,posture_hold,0.3769,Fist,Uncertain,3000,3183,3311,2976,3088,3074,2794,9315.068493,11866.447368,14358.928571,9042.359249,10426.216485,10236.630754,7301.767871,-0.011186,0.018414,-0.230702,0.001230,-0.039126,-0.057866,-0.005623
925750,8,posture_hold,0.4190,Fist,Uncertain,3003,3170,3328,2973,3093,3077,2809,9350.000000,11651.891892,14752.542373,9009.090909,10495.209581,10276.817289,7426.594090,-0.007478,0.000000,-0.209614,-0.002454,-0.032768,-0.054168,0.011377
925800,8,posture_hold,0.4814,Fist,Uncertain,2994,3143,3358,2985,3087,3083,2811,9245.776567,11225.000000,15491.451832,9143.243243,10412.500000,10357.905138,7443.457944,-0.018541,-0.036637,-0.170026,0.012401,-0.040390,-0.046705,0.013673
925850,8,posture_hold,0.5235,Fist,Uncertain,3010,3151,3395,2970,3097,3064,2798,9432.258065,11348.940678,16490.000000,8976.000000,10550.901804,10104.364694,7334.772552,0.001254,-0.026000,-0.116527,-0.006118,-0.027635,-0.070039,-0.001128
925900,8,posture_hold,0.5652,Fist,Uncertain,3009,3129,3392,2961,3075,3077,2803,9420.441989,11013.043478,16405.120910,8877.777778,10250.000000,10276.817289,7376.315789,0.000000,-0.054828,-0.121075,-0.016993,-0.055366,-0.054168,0.004529
925950,8,posture_hold,0.6272,Fist,Uncertain,2996,3144,3404,2970,3094,3079,2799,9268.789809,11240.378549,16749.059334,8976.000000,10509.090909,10303.740157,7343.055556,-0.016098,-0.035317,-0.102648,-0.006118,-0.031489,-0.051690,0.000000
926000,8,posture_hold,0.6687,Fist,Uncertain,3007,3136,3407,2967,3091,3065,2786,9396.875000,11118.248175,16836.918605,8943.085106,10467.529880,10117.475728,7236.363636,-0.002502,-0.045799,-0.097941,-0.009762,-0.035319,-0.068833,-0.014530
926050,8,posture_hold,0.7305,Fist,Uncertain,3005,3123,3388,2948,3054,3087,2798,9373.394495,10924.074074,16293.069307,8738.622493,9974.639769,10412.500000,7334.772552,-0.004994,-0.062463,-0.127078,-0.032402,-0.080743,-0.041680,-0.001128
926100,8,posture_hold,0.7719,Fist,Uncertain,3006,3142,3408,2961,3070,3075,2799,9385.123967,11209.653725,16866.375546,8877.777778,10183.414634,10250.000000,7343.055556,-0.003749,-0.037954,-0.096362,-0.016993,-0.061503,-0.056636,0.000000
926150,8,posture_hold,0.8353,Fist,Uncertain,3010,3151,3412,2968,3088,3055,2786,9432.258065,11348.940678,16985.065886,8954.037267,10426.216485,9987.500000,7236.363636,0.001254,-0.026000,-0.090003,-0.008550,-0.039126,-0.080795,-0.014530
926200,8,posture_hold,0.8780,Fist,Uncertain,3010,3154,3454,2966,3065,3088,2799,9432.258065,11395.961743,18320.748830,8932.152347,10117.475728,10426.216485,7343.055556,0.001254,-0.021965,-0.018442,-0.010973,-0.067580,-0.040418,0.000000
926250,8,posture_hold,0.9415,Fist,Uncertain,2995,3158,3394,2976,3072,3092,2798,9257.272727,11459.124867,16461.626248,9042.359249,10209.970674,10481.355932,7334.772552,-0.017321,-0.016544,-0.118047,0.001230,-0.059055,-0.035343,-0.001128
926300,8,posture_hold,0.9843,Fist,Uncertain,3001,3176,3385,2978,3094,3055,2789,9326.691042,11750.163221,16209.859155,9064.637422,10509.090909,9987.500000,7260.796325,-0.009952,0.008434,-0.131536,0.003697,-0.031489,-0.080795,-0.011202
926350,8,posture_hold,1.0272,Fist,Uncertain,3003,3160,3385,2965,3089,3065,2799,9350.000000,11490.909091,16209.859155,8921.238938,10439.960239,10117.475728,7343.055556,-0.007478,-0.013816,-0.131536,-0.012181,-0.037860,-0.068833,0.000000
926400,8,posture_hold,1.0906,Fist,Uncertain,2993,3157,3400,2977,3094,3062,2801,9234.301270,11443.283582,16633.093525,9053.488372,10509.090909,10078.218780,7359.659969,-0.019759,-0.017903,-0.108861,0.002462,-0.031489,-0.072446,0.002261
926450,8,posture_hold,1.1334,Fist,Uncertain,3004,3184,3378,2978,3108,3053,2791,9361.686526,11883.205269,16018.410042,9064.637422,10706.382979,9961.804223,7277.147239,-0.006237,0.019852,-0.141793,0.003697,-0.013306,-0.083160,-0.008976
926500,8,posture_hold,1.1762,Fist,Uncertain,3001,3162,3386,2962,3100,3065,2802,9326.691042,11522.829582,16237.517630,8888.614298,10592.964824,10117.475728,7367.981439,-0.009952,-0.011077,-0.130054,-0.015794,-0.023759,-0.068833,0.003394
926550,8,posture_hold,1.2402,Fist,Uncertain,2994,3181,3435,2980,3131,3096,2801,9245.776567,11833.041575,17695.454545,9086.995516,11042.946058,10536.936937,7359.659969,-0.018541,0.015547,-0.051943,0.006173,0.017711,-0.030227,0.002261
926600,8,posture_hold,1.2823,Fist,Uncertain,2998,3178,3369,2977,3095,3070,2792,9291.886964,11783.206107,15777.685950,9053.488372,10523.000000,10183.414634,7285.341520,-0.013646,0.011270,-0.154690,0.002462,-0.030207,-0.062764,-0.007860
926650,8,posture_hold,1.3249,Fist,Uncertain,3002,3170,3330,2969,3101,3074,2800,9338.334858,11651.891892,14800.000000,8965.008881,10607.042254,10236.630754,7351.351351,-0.008716,0.000000,-0.207071,-0.007335,-0.022462,-0.057866,0.001130
926700,8,posture_hold,1.3890,Fist,Uncertain,2995,3185,3329,2968,3131,3054,2809,9257.272727,11900.000000,14776.240209,8954.037267,11042.946058,9974.639769,7426.594090,-0.017321,0.021293,-0.208344,-0.008550,0.017711,-0.081979,0.011377
926750,8,posture_hold,1.4514,Fist,Uncertain,3007,3199,3387,2964,3111,3054,2819,9396.875000,12139.062500,16265.254237,8910.344828,10749.390244,9974.639769,7511.442006,-0.002502,0.041810,-0.128568,-0.013387,-0.009343,-0.081979,0.022931
926800,8,posture_hold,1.4942,Fist,Uncertain,3029,3182,3413,2971,3185,3080,2901,9660.975610,11849.726177,17014.956012,8987.010676,11900.000000,10317.241379,8260.804020,0.025533,0.016979,-0.088402,-0.004898,0.096697,-0.050447,0.124982
926850,8,posture_hold,1.5358,Fist,Uncertain,3056,3224,3462,2998,3291,3153,2930,10000.384986,12585.074627,18595.260664,9291.886964,13917.164179,11380.254777,8551.072961,0.061562,0.080089,-0.003735,0.028859,0.282597,0.047388,0.164512
926900,8,posture_hold,1.6210,Fist,Uncertain,3079,3339,3398,3021,3331,3146,2969,10303.740157,15016.666667,16575.609756,9563.687151,14823.821990,11271.232877,8965.008881,0.093764,0.288775,-0.111940,0.058955,0.366154,0.037354,0.220883
926950,8,posture_hold,1.6213,Fist,Uncertain,3181,3532,3368,3007,3328,3161,3021,11833.041575,21330.017762,15751.306740,9396.875000,14752.542373,11506.852248,9563.687151,0.256103,0.830606,-0.156104,0.040484,0.359585,0.059039,0.302412
927000,8,posture_hold,1.6846,Fist,Uncertain,3192,3535,3489,3088,3423,3223,3040,12018.604651,21462.500000,19575.247525,10426.216485,17318.750000,12566.743119,9797.156398,0.275801,0.841976,0.048769,0.154460,0.596085,0.156587,0.334207
927050,8,posture_hold,1.7484,Fist,Uncertain,3241,3559,3611,3088,3443,3205,3036,12903.278689,22575.746269,25366.528926,10426.216485,17954.294479,12243.820225,9747.308782,0.369711,0.937518,0.359044,0.154460,0.654657,0.126867,0.327419
927100,8,posture_hold,1.7695,Fist,Uncertain,3258,3599,3833,3160,3451,3212,3058,13234.408602,24670.564516,49741.221374,11490.909091,18219.565217,12367.836920,10026.229508,0.404861,1.117301,1.664950,0.272350,0.679104,0.138280,0.365403
927150,8,posture_hold,1.8329,Fist,Uncertain,3250,3536,3663,3312,3557,3424,3003,13076.923077,21506.976744,28829.166667,14381.609195,22479.182156,17349.627422,9350.000000,0.388143,0.845793,0.544560,0.592427,1.071667,0.596782,0.273312
927200,8,posture_hold,1.8958,Fist,Uncertain,3216,3468,3183,3371,3505,3688,2991,12439.590444,18805.741627,11866.447368,15830.662983,20198.305085,30808.845209,9211.413043,0.320489,0.613965,-0.364240,0.752876,0.861463,1.835508,0.254439
927250,8,posture_hold,1.9380,Fist,Uncertain,3286,3337,2992,3368,3397,4028,3114,13810.135970,14968.073879,9222.846782,15751.306740,16546.991404,nan,10792.660550,0.465975,0.284605,-0.505874,0.744089,0.524960,nan,0.469778
927300,8,posture_hold,1.9799,Fist,Uncertain,3360,3460,2972,3310,3317,3473,3104,15542.857143,18525.984252,8998.040962,14336.305732,14495.886889,18984.244373,10649.445005,0.649907,0.589955,-0.517918,0.587411,0.335932,0.747225,0.450274
927350,8,posture_hold,2.0437,Fist,Uncertain,3502,3478,3024,3137,3339,3976,3362,20078.920742,19165.640194,9600.000000,11133.402923,15016.666667,nan,15594.542974,1.131420,0.644852,-0.485668,0.232764,0.383927,nan,1.123713
927400,8,posture_hold,2.0645,Fist,Uncertain,3660,3552,2938,3266,3351,3480,3344,28606.896552,22240.883978,8633.707865,13394.933655,15313.709677,19239.024390,15139.280959,2.036683,0.908779,-0.537438,0.483176,0.411302,0.770674,1.061714
927450,8,posture_hold,2.1268,Fist,Uncertain,3479,3325,3149,3246,3339,3461,3424,19202.272727,14681.818182,11317.758985,12999.293286,15016.666667,18560.567823,17349.627422,1.038362,0.260037,-0.393637,0.439368,0.383927,0.708232,1.362726
927500,8,posture_hold,2.1689,Fist,Uncertain,3382,3078,3012,3227,3312,3445,3335,16127.349229,10290.265487,9455.955679,12640.322581,14381.609195,18020.000000,14919.736842,0.711953,-0.116859,-0.493385,0.399620,0.325400,0.658480,1.031816
927550,8,posture_hold,2.2106,Fist,Uncertain,3467,3141,2960,3178,3252,3556,3392,18770.382166,11194.339623,8866.960352,11783.206107,13116.014235,22431.168831,16405.120910,0.992516,-0.039268,-0.524941,0.304715,0.208764,1.064465,1.234100
927600,8,posture_hold,2.2731,Fist,Uncertain,3338,3143,2992,3248,3229,3290,3379,14992.338177,11225.000000,9222.846782,13038.016529,12677.367206,13895.652174,16045.530726,0.591469,-0.036637,-0.505874,0.443656,0.168338,0.278894,1.185130
927650,8,posture_hold,2.3363,Fist,Uncertain,3429,3340,3040,3258,3259,3363,3405,17505.405405,15041.059603,9797.156398,13234.408602,13254.306220,15620.491803,16778.260870,0.858236,0.290868,-0.475105,0.465402,0.221509,0.437640,1.284915
927700,8,posture_hold,2.3779,Fist,Uncertain,3261,3379,2997,3075,3194,3231,3423,13294.244604,16045.530726,9280.327869,10250.000000,12052.830189,12714.583333,17318.750000,0.411212,0.377075,-0.502795,0.134948,0.110781,0.170193,1.358521
927750,8,posture_hold,2.4414,Fist,Uncertain,3314,3361,2958,3008,3238,3272,3394,14427.144686,15568.664850,8845.382586,9408.647654,12846.207701,13517.375456,16461.626248,0.531472,0.336149,-0.526097,0.041788,0.183899,0.244079,1.241795
927800,8,posture_hold,2.4831,Fist,Uncertain,3288,3201,3005,3034,3187,3248,3403,13852.788104,12173.825503,9373.394495,9722.525919,11933.700441,13038.016529,16719.942197,0.470503,0.044794,-0.497808,0.076543,0.099802,0.199961,1.276973
927850,8,posture_hold,2.5467,Fist,Uncertain,3241,3163,2958,3033,3174,3216,3415,12903.278689,11538.841202,8845.382586,9710.169492,11717.263844,12439.590444,17075.000000,0.369711,-0.009702,-0.526097,0.075174,0.079856,0.144884,1.325326
927900,8,posture_hold,2.5890,Fist,Uncertain,3265,3209,3019,3031,3185,3184,3441,13374.698795,12314.446953,9539.591078,9685.526316,11900.000000,11883.205269,17888.990826,0.419753,0.056862,-0.488904,0.072446,0.096697,0.093677,1.436178
927950,8,posture_hold,2.6317,Fist,Uncertain,3261,3212,2991,3024,3154,3216,3437,13294.244604,12367.836920,9211.413043,9600.000000,11395.961743,12439.590444,17759.574468,0.411212,0.061445,-0.506487,0.062976,0.050245,0.144884,1.418554
928000,8,posture_hold,2.6948,Fist,Uncertain,3246,3159,3014,3006,3156,3294,3318,12999.293286,11475.000000,9479.740981,9385.123967,11427.476038,13982.022472,14518.918919,0.379903,-0.015181,-0.492111,0.039183,0.053149,0.286843,0.977231
928050,8,posture_hold,2.7375,Fist,Uncertain,3259,3251,3001,3024,3177,3269,3361,13254.306220,13096.445498,9326.691042,9600.000000,11766.666667,13455.932203,15568.664850,0.406973,0.123976,-0.500311,0.062976,0.084409,0.238424,1.120189
928100,8,posture_hold,2.7802,Fist,Uncertain,3266,3280,3012,3038,3138,3245,3372,13394.933655,13683.435583,9455.955679,9772.185430,11148.589342,12980.000000,15857.261411,0.421901,0.174353,-0.493385,0.082041,0.027447,0.194621,1.159491
928150,8,posture_hold,2.8223,Fist,Uncertain,3203,3293,2945,3008,3182,3216,3304,12208.744395,13960.349127,8706.956522,9408.647654,11849.726177,12439.590444,14201.769912,0.295984,0.198119,-0.533514,0.041788,0.092063,0.144884,0.934041
928200,8,posture_hold,2.8861,Fist,Uncertain,3224,3289,2936,3014,3267,3195,3351,12585.074627,13874.193548,8612.942192,9479.740981,13415.217391,12070.000000,15313.709677,0.335933,0.190725,-0.538551,0.049660,0.236338,0.110869,1.085468
928250,8,posture_hold,2.9287,Fist,Uncertain,3249,3325,2944,3015,3220,3150,3347,13057.446809,14681.818182,8696.437880,9491.666667,12512.000000,11333.333333,15213.636364,0.386076,0.260037,-0.534077,0.050980,0.153098,0.043069,1.071840
928300,8,posture_hold,2.9912,Fist,Uncertain,3212,3273,3002,3010,3191,3138,3350,12367.836920,13537.956204,9338.334858,9432.258065,12001.548673,11148.589342,15288.590604,0.312872,0.161868,-0.499687,0.044402,0.106055,0.026066,1.082048
928350,8,posture_hold,3.0334,Fist,Uncertain,3216,3233,2979,3044,3192,3163,3332,12439.590444,12751.972158,9075.806452,9847.383444,12018.604651,11538.841202,14847.706422,0.320489,0.094412,-0.513752,0.090368,0.107627,0.061983,1.022007
928400,8,posture_hold,3.0964,Fist,Uncertain,3201,3173,2929,3023,3201,3180,3258,12173.825503,11700.867679,8540.823328,9587.873134,12173.825503,11816.393443,13234.408602,0.292278,0.004203,-0.542414,0.061633,0.121932,0.087528,0.802303
928450,8,posture_hold,3.1381,Fist,Uncertain,3153,3125,2944,3031,3192,3165,3260,11380.254777,10953.608247,8696.437880,9685.526316,12018.604651,11570.967742,13274.251497,0.208038,-0.059929,-0.534077,0.072446,0.107627,0.064940,0.807729
928500,8,posture_hold,3.2013,Fist,Uncertain,3155,3218,2964,3028,3172,3202,3318,11411.702128,12475.712657,8910.344828,9648.734770,11684.507042,12191.265398,14518.918919,0.211377,0.070703,-0.522617,0.068372,0.076837,0.122030,0.977231
928550,8,posture_hold,3.2437,Fist,Uncertain,3173,3206,3045,3037,3177,3204,3277,11700.867679,12261.417323,9860.000000,9759.735350,11766.666667,12226.262626,13620.782396,0.242072,0.052311,-0.471738,0.080663,0.084409,0.125251,0.854920
928600,8,posture_hold,3.2858,Fist,Uncertain,3200,3218,2963,3019,3192,3193,3272,12156.424581,12475.712657,8899.469965,9539.591078,12018.604651,12035.698448,13517.375456,0.290430,0.070703,-0.523200,0.056287,0.107627,0.107712,0.840838
928650,8,posture_hold,3.3483,Fist,Uncertain,3222,3140,3018,2993,3186,3180,3222,12548.453608,11179.057592,9527.576602,9234.301270,11916.831683,11816.393443,12548.453608,0.332045,-0.040580,-0.489548,0.022483,0.098248,0.087528,0.708887
928700,8,posture_hold,3.3691,Fist,Uncertain,3231,3324,2970,3004,3206,3169,3253,12714.583333,14658.365759,8976.000000,9361.686526,12261.417323,11635.637149,13135.629454,0.349680,0.258025,-0.519099,0.036588,0.130005,0.070892,0.788851
928750,8,posture_hold,3.4322,Fist,Uncertain,3216,3195,2952,2997,3155,3184,3217,12439.590444,12070.000000,8781.102362,9280.327869,11411.702128,11883.205269,12457.630979,0.320489,0.035883,-0.529541,0.027580,0.051695,0.093677,0.696519
928800,8,posture_hold,3.4943,Fist,Uncertain,3237,3138,2998,3004,3137,3190,3216,12827.272727,11148.589342,9291.886964,9361.686526,11133.402923,11984.530387,12439.590444,0.361642,-0.043195,-0.502175,0.036588,0.026047,0.103003,0.694062
928850,8,posture_hold,3.5570,Fist,Uncertain,3254,3233,3020,3012,3178,3161,3249,13155.291320,12751.972158,9551.627907,9455.955679,11783.206107,11506.852248,13057.446809,0.396462,0.094412,-0.488259,0.047026,0.085933,0.059039,0.778203
928900,8,posture_hold,3.5785,Fist,Uncertain,3213,3257,3009,3011,3164,3199,3238,12385.714286,13214.558473,9420.441989,9444.095941,11554.887218,12139.062500,12846.207701,0.314770,0.134113,-0.495288,0.045713,0.064891,0.117225,0.749436
928950,8,posture_hold,3.6415,Fist,Uncertain,3245,3252,2987,3023,3122,3613,3231,12980.000000,13116.014235,9165.884477,9587.873134,10909.352518,25485.892116,12714.583333,0.377855,0.125655,-0.508926,0.061633,0.005399,1.345608,0.731511
929000,8,posture_hold,3.6833,Fist,Uncertain,3280,3317,2994,2995,3092,3596,3239,13683.435583,14495.886889,9245.776567,9257.272727,10481.355932,24501.803607,12865.186916,0.452526,0.244080,-0.504646,0.025027,-0.034045,1.255037,0.752021
929050,8,posture_hold,3.7465,Fist,Uncertain,3300,3295,2941,2963,3154,3499,3226,14113.207547,14003.750000,8664.991334,8899.469965,11395.961743,19960.738255,12621.864212,0.498147,0.201843,-0.535762,-0.014592,0.050245,0.837097,0.718884
929100,8,posture_hold,3.7891,Fist,Uncertain,3264,3294,2947,2982,3134,3684,3223,13354.512635,13982.022472,8728.048780,9109.433962,11088.033299,30475.912409,12566.743119,0.417610,0.199979,-0.532384,0.008657,0.021866,1.804867,0.711378
929150,8,posture_hold,3.8533,Fist,Uncertain,3232,3307,2902,2992,3104,3523,3206,12733.256083,14268.781726,8270.578374,9222.846782,10649.445005,20940.909091,12261.417323,0.351662,0.224589,-0.556893,0.021215,-0.018554,0.927308,0.669798
929200,8,posture_hold,3.8955,Fist,Uncertain,3279,3152,2926,2981,3108,3535,3162,13662.500000,11364.581124,8510.179641,9098.204668,10706.382979,21462.500000,11522.829582,0.450304,-0.024658,-0.544056,0.007414,-0.013306,0.975313,0.569215
929250,8,posture_hold,3.9381,Fist,Uncertain,3240,3263,2897,2972,3093,3548,3166,12884.210526,13334.375000,8221.869783,8998.040962,10495.209581,22053.382084,11587.082885,0.367686,0.144396,-0.559503,-0.003677,-0.032768,1.029695,0.577965
929300,8,posture_hold,3.9808,Fist,Uncertain,3265,3217,2968,2956,3118,3462,3130,13374.698795,12457.630979,8954.037267,8823.880597,10850.767656,18595.260664,11027.979275,0.419753,0.069151,-0.520276,-0.022961,0.000000,0.711425,0.501824
929350,8,posture_hold,4.0435,Fist,Uncertain,3220,3340,2899,2958,3076,3404,3155,12512.000000,15041.059603,8241.304348,8845.382586,10263.395486,16749.059334,11411.702128,0.328175,0.290868,-0.558462,-0.020580,-0.054132,0.541509,0.554081
929400,8,posture_hold,4.0862,Fist,Uncertain,3204,3290,2917,2988,3130,3457,3117,12226.262626,13895.652174,8419.185059,9177.235772,11027.979275,18422.884013,10836.196319,0.297844,0.192566,-0.548931,0.016165,0.016332,0.695560,0.475707
929450,8,posture_hold,4.1287,Fist,Uncertain,3176,3249,2913,2974,3153,3318,3096,11750.163221,13057.446809,8379.187817,9020.160571,11380.254777,14518.918919,10536.936937,0.247305,0.120629,-0.551074,-0.001228,0.048797,0.336256,0.434953
929500,8,posture_hold,4.2126,Fist,Uncertain,3158,3276,2896,2961,3106,3411,3085,11459.124867,13600.000000,8212.176814,8877.777778,10677.856421,16955.263158,10385.148515,0.216411,0.167192,-0.560022,-0.016993,-0.015935,0.560487,0.414282
929550,8,posture_hold,4.2548,Fist,Uncertain,3171,3206,2909,2973,3120,3506,3135,11668.181818,12261.417323,8339.460371,9009.090909,10880.000000,20238.370119,11103.125000,0.238602,0.052311,-0.553203,-0.002454,0.002694,0.862649,0.512058
929600,8,posture_hold,4.3169,Fist,Uncertain,3222,3235,2947,2973,3137,3559,3147,12548.453608,12789.534884,8728.048780,9009.090909,11133.402923,22575.746269,11286.708861,0.332045,0.097636,-0.532384,-0.002454,0.026047,1.077771,0.537059
929650,8,posture_hold,4.3172,Fist,Uncertain,3232,3307,2958,2971,3069,3460,3129,12733.256083,14268.781726,8845.382586,8987.010676,10170.175439,18525.984252,11013.043478,0.351662,0.224589,-0.526097,-0.004898,-0.062723,0.705049,0.499790
929700,8,posture_hold,4.3798,Fist,Uncertain,3184,3266,2970,2975,3156,3520,3200,11883.205269,13394.933655,8976.000000,9031.250000,11427.476038,20813.913043,12156.424581,0.261428,0.149593,-0.519099,0.000000,0.053149,0.915620,0.655499
929750,8,posture_hold,4.4431,Fist,Uncertain,3177,3234,2961,2947,3153,3494,3164,11766.666667,12770.731707,8877.777778,8728.048780,11380.254777,19766.389351,11554.887218,0.249057,0.096022,-0.524362,-0.033572,0.048797,0.819210,0.573580
929800,8,posture_hold,4.4636,Fist,Uncertain,3182,3199,2976,2937,3140,3468,3167,11849.726177,12139.062500,9042.359249,8623.316062,11179.057592,18805.741627,11603.232759,0.257874,0.041810,-0.515544,-0.045169,0.030255,0.730796,0.580164
929850,8,posture_hold,4.5254,Fist,Uncertain,3170,3178,2986,2946,3106,3469,3173,11651.891892,11783.206107,9154.553652,8717.493473,10677.856421,18841.214058,11700.867679,0.236873,0.011270,-0.509533,-0.034741,-0.015935,0.734061,0.593460
929900,8,posture_hold,4.5668,Fist,Uncertain,3173,3154,2932,2946,3109,3487,3132,11700.867679,11395.961743,8571.625107,8717.493473,10720.689655,19499.671053,11057.943925,0.242072,-0.021965,-0.540764,-0.034741,-0.011988,0.794663,0.505905
929950,8,posture_hold,4.6301,Fist,Uncertain,3248,3114,2933,2938,3074,3531,3137,13038.016529,10792.660550,8581.927711,8633.707865,10236.630754,21286.170213,11133.402923,0.384013,-0.073742,-0.540212,-0.044019,-0.056598,0.959084,0.516181
930000,8,posture_hold,4.6726,Fist,Uncertain,3212,3125,2981,2944,3075,3529,3160,12367.836920,10953.608247,9098.204668,8696.437880,10250.000000,21198.939929,11490.909091,0.312872,-0.059929,-0.512552,-0.037073,-0.055366,0.951056,0.564868
930050,8,posture_hold,4.7567,Fist,Uncertain,3256,3136,2945,2957,3087,3503,3150,13194.755662,11118.248175,8706.956522,8834.622144,10412.500000,20118.581081,11333.333333,0.400651,-0.045799,-0.533514,-0.021772,-0.040390,0.851624,0.543408
930100,8,posture_hold,4.7772,Fist,Uncertain,3207,3147,2921,2939,3056,3451,3162,12279.054054,11286.708861,8459.454855,8644.117647,10000.384986,18219.565217,11522.829582,0.303448,-0.031341,-0.546774,-0.042866,-0.078371,0.676847,0.569215
930150,8,posture_hold,4.8403,Fist,Uncertain,3210,3185,2923,2952,3062,3505,3131,12332.203390,11900.000000,8479.692833,8781.102362,10078.218780,20198.305085,11042.946058,0.309090,0.021293,-0.545690,-0.027698,-0.071198,0.858962,0.503863
930200,8,posture_hold,4.8830,Fist,Uncertain,3275,3179,2959,2973,3113,3467,3121,13579.268293,11799.781659,8856.161972,9009.090909,10778.207739,18770.382166,10894.661191,0.441468,0.012692,-0.525520,-0.002454,-0.006687,0.727542,0.483669
930250,8,posture_hold,4.9454,Fist,Uncertain,3295,3193,2962,2964,3043,3633,3153,14003.750000,12035.698448,8888.614298,8910.344828,9834.790875,26736.363636,11380.254777,0.486528,0.032939,-0.523781,-0.013387,-0.093632,1.460695,0.549798
930300,8,posture_hold,4.9880,Fist,Uncertain,3272,3181,2955,2979,3069,3581,3157,13517.375456,11833.041575,8813.157895,9075.806452,10170.175439,23687.548638,11443.283582,0.434898,0.015547,-0.527824,0.004934,-0.062723,1.180096,0.558382
940550,9,open_reference,0.0212,Pinch,Uncertain,3106,3398,3774,3008,3225,3174,2973,10677.856421,16575.609756,39973.831776,9408.647654,12603.448276,11717.263844,9009.090909,nan,nan,nan,nan,nan,nan,nan
940600,9,open_reference,0.0844,Pinch,Uncertain,3142,3406,3705,2996,3253,3199,2972,11209.653725,16807.547170,32300.000000,9268.789809,13135.629454,12139.062500,8998.040962,nan,nan,nan,nan,nan,nan,nan
940650,9,open_reference,0.1266,Pinch,Uncertain,3110,3421,3767,2995,3229,3180,2961,10735.025381,17257.270030,39048.170732,9257.272727,12677.367206,11816.393443,8877.777778,nan,nan,nan,nan,nan,nan,nan
940700,9,open_reference,0.1686,Pinch,Uncertain,3111,3432,3453,2997,3242,3186,2948,10749.390244,17600.000000,18286.915888,9280.327869,12922.391559,11916.831683,8738.622493,nan,nan,nan,nan,nan,nan,nan
940750,9,open_reference,0.2108,Pinch,Uncertain,3088,3392,3737,2988,3243,3171,2976,10426.216485,16405.120910,35491.061453,9177.235772,12941.549296,11668.181818,9042.359249,nan,nan,nan,nan,nan,nan,nan
940800,9,open_reference,0.2733,Pinch,Uncertain,3087,3351,3543,3008,3212,3179,2983,10412.500000,15313.709677,21822.826087,9408.647654,12367.836920,11799.781659,9120.683453,nan,nan,nan,nan,nan,nan,nan
940850,9,open_reference,0.3359,Pinch,Uncertain,3088,3351,3544,3008,3219,3156,2979,10426.216485,15313.709677,21868.602541,9408.647654,12493.835616,11427.476038,9075.806452,nan,nan,nan,nan,nan,nan,nan
940900,9,open_reference,0.3780,Pinch,Uncertain,3086,3341,3790,2997,3241,3155,2997,10398.810704,15065.517241,42249.180328,9280.327869,12903.278689,11411.702128,9280.327869,nan,nan,nan,nan,nan,nan,nan
940950,9,open_reference,0.4198,Pinch,Uncertain,3064,3370,3539,3000,3254,3139,2995,10104.364694,15804.137931,21641.366906,9315.068493,13155.291320,11163.807531,9257.272727,nan,nan,nan,nan,nan,nan,nan
941000,9,open_reference,0.4619,Pinch,Uncertain,3077,3335,3486,2991,3224,3144,2973,10276.817289,14919.736842,19462.068966,9211.413043,12585.074627,11240.378549,9009.090909,nan,nan,nan,nan,nan,nan,nan
941050,9,open_reference,0.5035,Pinch,Uncertain,3084,3308,3485,2973,3232,3149,2989,10371.513353,14291.232529,19424.590164,9009.090909,12733.256083,11317.758985,9188.607595,nan,nan,nan,nan,nan,nan,nan
941100,9,open_reference,0.5659,Pinch,Uncertain,3083,3352,3610,2991,3233,3156,2975,10357.905138,15338.896366,25307.216495,9211.413043,12751.972158,11427.476038,9031.250000,nan,nan,nan,nan,nan,nan,nan
941150,9,open_reference,0.6487,Pinch,Uncertain,3088,3332,3483,2992,3250,3132,2971,10426.216485,14847.706422,19350.000000,9222.846782,13076.923077,11057.943925,8987.010676,nan,nan,nan,nan,nan,nan,nan
941200,9,open_reference,0.6694,Pinch,Uncertain,3100,3331,3436,2999,3232,3131,2980,10592.964824,14823.821990,17727.465857,9303.467153,12733.256083,11042.946058,9086.995516,nan,nan,nan,nan,nan,nan,nan
941250,9,open_reference,0.7108,Pinch,Uncertain,3082,3328,3631,2999,3248,3123,2976,10344.323791,14752.542373,26606.465517,9303.467153,13038.016529,10924.074074,9042.359249,nan,nan,nan,nan,nan,nan,nan
941300,9,open_reference,0.7738,Pinch,Uncertain,3119,3348,3713,3007,3215,3119,2962,10865.368852,15238.554217,33047.643979,9396.875000,12421.590909,10865.368852,8888.614298,nan,nan,nan,nan,nan,nan,nan
941350,9,open_reference,0.8365,Pinch,Uncertain,3141,3341,3697,2981,3284,3130,2978,11194.339623,15065.517241,31582.412060,9098.204668,13767.694205,11027.979275,9064.637422,nan,nan,nan,nan,nan,nan,nan
941400,9,open_reference,0.8788,Pinch,Uncertain,3087,3331,3663,2994,3247,3117,2976,10412.500000,14823.821990,28829.166667,9245.776567,13018.632075,10836.196319,9042.359249,nan,nan,nan,nan,nan,nan,nan
941450,9,open_reference,0.9203,Pinch,Uncertain,3103,3341,3822,2999,3227,3108,2968,10635.282258,15065.517241,47600.000000,9303.467153,12640.322581,10706.382979,8954.037267,nan,nan,nan,nan,nan,nan,nan
941500,9,open_reference,0.9627,Pinch,Uncertain,3091,3334,3645,2997,3228,3122,2981,10467.529880,14895.663601,27540.000000,9280.327869,12658.823529,10909.352518,9098.204668,nan,nan,nan,nan,nan,nan,nan
941550,9,open_reference,1.0265,Pinch,Uncertain,3089,3326,3713,3004,3257,3118,2985,10439.960239,14705.331599,33047.643979,9361.686526,13214.558473,10850.767656,9143.243243,nan,nan,nan,nan,nan,nan,nan
941600,9,open_reference,1.0686,Pinch,Uncertain,3075,3357,3736,3006,3241,3094,2960,10250.000000,15465.853659,35382.729805,9385.123967,12903.278689,10509.090909,8866.960352,nan,nan,nan,nan,nan,nan,nan
941650,9,open_reference,1.1106,Pinch,Uncertain,3089,3334,3525,2994,3230,3098,2959,10439.960239,14895.663601,21026.315789,9245.776567,12695.953757,10564.894684,8856.161972,nan,nan,nan,nan,nan,nan,nan
941700,9,open_reference,1.1742,Pinch,Uncertain,3109,3363,3536,2986,3232,3106,2958,10720.689655,15620.491803,21506.976744,9154.553652,12733.256083,10677.856421,8845.382586,nan,nan,nan,nan,nan,nan,nan
941750,9,open_reference,1.2380,Pinch,Uncertain,3087,3353,3510,2984,3284,3116,2962,10412.500000,15364.150943,20400.000000,9131.953195,13767.694205,10821.654750,8888.614298,nan,nan,nan,nan,nan,nan,nan
941800,9,open_reference,1.2595,Pinch,Uncertain,3083,3364,3681,2969,3251,3121,2954,10357.905138,15646.511628,30230.434783,8965.008881,13096.445498,10894.661191,8802.453988,nan,nan,nan,nan,nan,nan,nan
941850,9,open_reference,1.3220,Pinch,Uncertain,3102,3370,3726,2989,3264,3140,2979,10621.148036,15804.137931,34331.707317,9188.607595,13354.512635,11179.057592,9075.806452,nan,nan,nan,nan,nan,nan,nan
941900,9,open_reference,1.3854,Pinch,Uncertain,3121,3363,3739,2985,3263,3132,2977,10894.661191,15620.491803,35709.550562,9143.243243,13334.375000,11057.943925,9053.488372,nan,nan,nan,nan,nan,nan,nan
941950,9,open_reference,1.4277,Pinch,Uncertain,3115,3377,3746,3007,3211,3141,2992,10807.142857,15991.364903,36493.982808,9396.875000,12350.000000,11194.339623,9222.846782,nan,nan,nan,nan,nan,nan,nan
942000,9,open_reference,1.4908,Pinch,Uncertain,3090,3370,3730,3015,3211,3170,2962,10453.731343,15804.137931,34745.205479,9491.666667,12350.000000,11651.891892,8888.614298,nan,nan,nan,nan,nan,nan,nan
942050,9,open_reference,1.5113,Pinch,Uncertain,3097,3362,3780,3013,3213,3137,2955,10550.901804,15594.542974,40800.000000,9467.837338,12385.714286,11133.402923,8813.157895,nan,nan,nan,nan,nan,nan,nan
942100,9,open_reference,1.5947,Pinch,Uncertain,3125,3336,3517,2995,3226,3143,2968,10953.608247,14943.873518,20688.235294,9257.272727,12621.864212,11225.000000,8954.037267,nan,nan,nan,nan,nan,nan,nan
942150,9,open_reference,1.6157,Pinch,Uncertain,3122,3314,3550,3002,3178,3128,2972,10909.352518,14427.144686,22146.788991,9338.334858,11783.206107,10998.138573,8998.040962,nan,nan,nan,nan,nan,nan,nan
942200,9,open_reference,1.6786,Pinch,Uncertain,3116,3308,3528,3005,3232,3091,2932,10821.654750,14291.232529,21155.555556,9373.394495,12733.256083,10467.529880,8571.625107,nan,nan,nan,nan,nan,nan,nan
942250,9,open_reference,1.6993,Pinch,Uncertain,3098,3332,3721,2988,3217,3118,2961,10564.894684,14847.706422,33827.272727,9177.235772,12457.630979,10850.767656,8877.777778,nan,nan,nan,nan,nan,nan,nan
942300,9,open_reference,1.7826,Pinch,Uncertain,3089,3338,3744,2997,3218,3112,2961,10439.960239,14992.338177,36266.666667,9280.327869,12475.712657,10763.784334,8877.777778,nan,nan,nan,nan,nan,nan,nan
942350,9,open_reference,1.8451,Pinch,Uncertain,3116,3330,3769,3017,3223,3103,2952,10821.654750,14800.000000,39308.588957,9515.584416,12566.743119,10635.282258,8781.102362,nan,nan,nan,nan,nan,nan,nan
942400,9,open_reference,1.8657,Pinch,Uncertain,3095,3333,3744,3011,3199,3108,2946,10523.000000,14871.653543,36266.666667,9444.095941,12139.062500,10706.382979,8717.493473,nan,nan,nan,nan,nan,nan,nan
942450,9,open_reference,1.9296,Pinch,Uncertain,3082,3330,3611,3015,3209,3117,2957,10344.323791,14800.000000,25366.528926,9491.666667,12314.446953,10836.196319,8834.622144,nan,nan,nan,nan,nan,nan,nan
942500,9,open_reference,1.9726,Pinch,Uncertain,3084,3321,3542,3018,3214,3112,2939,10371.513353,14588.372093,21777.215190,9527.576602,12403.632236,10763.784334,8644.117647,nan,nan,nan,nan,nan,nan,nan
942550,9,open_reference,2.0153,Pinch,Uncertain,3094,3309,3509,3006,3203,3124,2943,10509.090909,14313.740458,20359.385666,9385.123967,12208.744395,10938.825953,8685.937500,nan,nan,nan,nan,nan,nan,nan
942600,9,open_reference,2.0783,Pinch,Uncertain,3078,3339,3515,3027,3205,3113,2950,10290.265487,15016.666667,20605.172414,9636.516854,12243.820225,10778.207739,8759.825328,nan,nan,nan,nan,nan,nan,nan
942650,9,open_reference,2.1194,Pinch,Uncertain,3069,3321,3549,3032,3198,3121,2949,10170.175439,14588.372093,22100.000000,9697.836312,12121.739130,10894.661191,8749.214660,nan,nan,nan,nan,nan,nan,nan
942700,9,open_reference,2.1627,Pinch,Uncertain,3072,3316,3520,3008,3170,3120,2973,10209.970674,14472.913992,20813.913043,9408.647654,11651.891892,10880.000000,9009.090909,nan,nan,nan,nan,nan,nan,nan
942750,9,open_reference,2.2255,Pinch,Uncertain,3068,3314,3505,3029,3213,3127,2989,10156.962025,14427.144686,20198.305085,9660.975610,12385.714286,10983.264463,9188.607595,nan,nan,nan,nan,nan,nan,nan
942800,9,open_reference,2.2682,Pinch,Uncertain,3093,3324,3455,3034,3168,3153,2966,10495.209581,14658.365759,18354.687500,9722.525919,11619.417476,11380.254777,8932.152347,nan,nan,nan,nan,nan,nan,nan
942850,9,open_reference,2.3311,Pinch,Uncertain,3081,3326,3515,3006,3215,3188,2982,10330.769231,14705.331599,20605.172414,9385.123967,12421.590909,11950.606395,9109.433962,nan,nan,nan,nan,nan,nan,nan
942900,9,open_reference,2.3755,Pinch,Uncertain,3060,3318,3524,3028,3257,3198,2981,10052.173913,14518.918919,20983.537653,9648.734770,13214.558473,12121.739130,9098.204668,nan,nan,nan,nan,nan,nan,nan
942950,9,open_reference,2.4458,Pinch,Uncertain,3072,3317,3506,3019,3218,3186,2957,10209.970674,14495.886889,20238.370119,9539.591078,12475.712657,11916.831683,8834.622144,nan,nan,nan,nan,nan,nan,nan
943000,9,open_reference,2.4698,Pinch,Uncertain,3087,3301,3473,3006,3209,3228,2989,10412.500000,14135.264484,18984.244373,9385.123967,12314.446953,12658.823529,9188.607595,nan,nan,nan,nan,nan,nan,nan
943050,9,open_reference,2.5158,Pinch,Uncertain,3112,3253,3503,3022,3294,3245,3057,10763.784334,13135.629454,20118.581081,9575.768872,13982.022472,12980.000000,10013.294798,nan,nan,nan,nan,nan,nan,nan
943100,9,open_reference,2.5569,Pinch,Uncertain,3207,3305,3440,3030,3290,3303,3074,12279.054054,14224.050633,17856.488550,9673.239437,13895.652174,14179.545455,10236.630754,nan,nan,nan,nan,nan,nan,nan
943150,9,open_reference,2.6189,Pinch,Uncertain,3146,3335,3500,3054,3278,3355,3090,11271.232877,14919.736842,20000.000000,9974.639769,13641.615667,15414.864865,10453.731343,nan,nan,nan,nan,nan,nan,nan
943200,9,open_reference,2.6816,Pinch,Uncertain,3147,3344,3446,3104,3245,3310,3110,11286.708861,15139.280959,18053.004622,10649.445005,12980.000000,14336.305732,10735.025381,nan,nan,nan,nan,nan,nan,nan
943250,9,open_reference,2.7241,Pinch,Uncertain,3157,3310,3560,3066,3298,3334,3090,11443.283582,14336.305732,22624.299065,10130.612245,14069.259724,14895.663601,10453.731343,nan,nan,nan,nan,nan,nan,nan
943300,9,open_reference,2.7869,Pinch,Uncertain,3157,3324,3427,3035,3210,3287,3067,11443.283582,14658.365759,17442.814371,9734.905660,12332.203390,13831.435644,10143.774319,nan,nan,nan,nan,nan,nan,nan
943350,9,open_reference,2.8295,Pinch,Uncertain,3078,3277,3501,3050,3241,3248,3052,10290.265487,13620.782396,20039.393939,9923.444976,12903.278689,13038.016529,9948.993289,nan,nan,nan,nan,nan,nan,nan
943400,9,open_reference,2.8703,Pinch,Uncertain,3121,3281,3473,3048,3232,3239,3094,10894.661191,13704.422604,18984.244373,9897.994269,12733.256083,12865.186916,10509.090909,nan,nan,nan,nan,nan,nan,nan
943450,9,open_reference,2.9129,Pinch,Uncertain,3141,3278,3400,3036,3194,3246,3112,11194.339623,13641.615667,16633.093525,9747.308782,12052.830189,12999.293286,10763.784334,nan,nan,nan,nan,nan,nan,nan
943500,9,open_reference,2.9766,Pinch,Uncertain,3132,3281,3406,3050,3207,3289,3140,11057.943925,13704.422604,16807.547170,9923.444976,12279.054054,13874.193548,11179.057592,nan,nan,nan,nan,nan,nan,nan
943550,9,open_reference,3.0213,Pinch,Uncertain,3135,3278,3405,3025,3232,3294,3094,11103.125000,13641.615667,16778.260870,9612.149533,12733.256083,13982.022472,10509.090909,nan,nan,nan,nan,nan,nan,nan
943600,9,open_reference,3.0639,Pinch,Uncertain,3127,3283,3314,3019,3207,3310,3121,10983.264463,13746.551724,14427.144686,9539.591078,12279.054054,14336.305732,10894.661191,nan,nan,nan,nan,nan,nan,nan
943650,9,open_reference,3.1273,Pinch,Uncertain,3135,3272,3381,3045,3165,3270,3052,11103.125000,13517.375456,16100.000000,9860.000000,11570.967742,13476.363636,9948.993289,nan,nan,nan,nan,nan,nan,nan
943700,9,open_reference,3.1690,Pinch,Uncertain,3067,3278,3407,3059,3145,3257,3101,10143.774319,13641.615667,16836.918605,10039.189189,11255.789474,13214.558473,10607.042254,nan,nan,nan,nan,nan,nan,nan
943750,9,open_reference,3.2317,Pinch,Uncertain,3094,3272,3378,3035,3172,3243,3113,10509.090909,13517.375456,16018.410042,9734.905660,11684.507042,12941.549296,10778.207739,nan,nan,nan,nan,nan,nan,nan
943800,9,open_reference,3.2739,Pinch,Uncertain,3114,3292,3359,3039,3183,3242,3120,10792.660550,13938.729763,15517.119565,9784.659091,11866.447368,12922.391559,10880.000000,nan,nan,nan,nan,nan,nan,nan
943850,9,open_reference,3.3366,Pinch,Uncertain,3113,3311,3368,3054,3174,3203,3167,10778.207739,14358.928571,15751.306740,9974.639769,11717.263844,12208.744395,11603.232759,nan,nan,nan,nan,nan,nan,nan
943900,9,open_reference,3.3785,Pinch,Uncertain,3100,3270,3327,3030,3153,3247,3122,10592.964824,13476.363636,14728.906250,9673.239437,11380.254777,13018.632075,10909.352518,nan,nan,nan,nan,nan,nan,nan
943950,9,open_reference,3.4206,Pinch,Uncertain,3092,3262,3375,3020,3205,3215,3088,10481.355932,13314.285714,15937.500000,9551.627907,12243.820225,12421.590909,10426.216485,nan,nan,nan,nan,nan,nan,nan
944000,9,open_reference,3.4629,Pinch,Uncertain,3092,3251,3336,2997,3189,3253,3092,10481.355932,13096.445498,14943.873518,9280.327869,11967.549669,13135.629454,10481.355932,nan,nan,nan,nan,nan,nan,nan
944050,9,open_reference,3.5462,Pinch,Uncertain,3120,3249,3375,3021,3186,3265,3101,10880.000000,13057.446809,15937.500000,9563.687151,11916.831683,13374.698795,10607.042254,nan,nan,nan,nan,nan,nan,nan
944100,9,open_reference,3.5674,Pinch,Uncertain,3154,3244,3329,3016,3203,3193,3077,11395.961743,12960.752056,14776.240209,9503.614458,12208.744395,12035.698448,10276.817289,nan,nan,nan,nan,nan,nan,nan
944150,9,open_reference,3.6309,Pinch,Uncertain,3196,3247,3324,3033,3209,3214,3109,12087.208009,13018.632075,14658.365759,9710.169492,12314.446953,12403.632236,10720.689655,nan,nan,nan,nan,nan,nan,nan
944200,9,open_reference,3.6938,Pinch,Uncertain,3183,3274,3316,3030,3208,3181,3122,11866.447368,13558.587089,14472.913992,9673.239437,12296.730552,11833.041575,10909.352518,nan,nan,nan,nan,nan,nan,nan
944250,9,open_reference,3.7147,Pinch,Uncertain,3152,3283,3344,3010,3198,3209,3089,11364.581124,13746.551724,15139.280959,9432.258065,12121.739130,12314.446953,10439.960239,nan,nan,nan,nan,nan,nan,nan
944300,9,open_reference,3.7974,Pinch,Uncertain,3155,3260,3313,3026,3176,3206,3100,11411.702128,13274.251497,14404.347826,9624.321796,11750.163221,12261.417323,10592.964824,nan,nan,nan,nan,nan,nan,nan
944350,9,open_reference,3.8179,Pinch,Uncertain,3183,3277,3297,3026,3158,3182,3083,11866.447368,13620.782396,14047.368421,9624.321796,11459.124867,11849.726177,10357.905138,nan,nan,nan,nan,nan,nan,nan
944400,9,open_reference,3.8816,Pinch,Uncertain,3121,3264,3341,3054,3175,3229,3090,10894.661191,13354.512635,15065.517241,9974.639769,11733.695652,12677.367206,10453.731343,nan,nan,nan,nan,nan,nan,nan
944450,9,open_reference,3.9233,Pinch,Uncertain,3140,3277,3291,3041,3187,3217,3103,11179.057592,13620.782396,13917.164179,9809.677419,11933.700441,12457.630979,10635.282258,nan,nan,nan,nan,nan,nan,nan
944500,9,open_reference,3.9660,Pinch,Uncertain,3114,3276,3399,3030,3198,3226,3059,10792.660550,13600.000000,16604.310345,9673.239437,12121.739130,12621.864212,10039.189189,nan,nan,nan,nan,nan,nan,nan
944550,9,posture_hold,0.0212,Pinch,Uncertain,3089,3278,3387,3029,3221,3263,3055,10439.960239,13641.615667,16265.254237,9660.975610,12530.205950,13334.375000,9987.500000,-0.036578,-0.004583,-0.031421,-0.001268,0.024858,0.052595,-0.043970
944600,9,posture_hold,0.0633,Pinch,Uncertain,3086,3272,3345,3036,3198,3264,3055,10398.810704,13517.375456,15164.000000,9747.308782,12121.739130,13354.512635,9987.500000,-0.040375,-0.013649,-0.097000,0.007657,-0.008551,0.054185,-0.043970
944650,9,posture_hold,0.1055,Pinch,Uncertain,3059,3239,3354,3012,3170,3259,3071,10039.189189,12865.186916,15389.473684,9455.955679,11651.891892,13254.306220,10196.679688,-0.073562,-0.061238,-0.083573,-0.022462,-0.046980,0.046275,-0.023947
944700,9,posture_hold,0.1479,Pinch,Uncertain,3053,3228,3324,3020,3181,3257,3064,9961.804223,12658.823529,14658.365759,9551.627907,11833.041575,13214.558473,10104.364694,-0.080703,-0.076296,-0.127110,-0.012572,-0.032164,0.043137,-0.032783
944750,9,posture_hold,0.2112,Pinch,Uncertain,3061,3226,3330,3008,3179,3227,3061,10065.183752,12621.864212,14800.000000,9408.647654,11799.781659,12640.322581,10065.183752,-0.071163,-0.078993,-0.118675,-0.027353,-0.034884,-0.002192,-0.036534
944800,9,posture_hold,0.2323,Pinch,Uncertain,3069,3218,3413,2993,3165,3256,3054,10170.175439,12475.712657,17014.956012,9234.301270,11570.967742,13194.755662,9974.639769,-0.061474,-0.089658,0.013223,-0.045377,-0.053599,0.041574,-0.045201
944850,9,posture_hold,0.3163,Pinch,Uncertain,3068,3215,3368,3011,3151,3264,3057,10156.962025,12421.590909,15751.306740,9444.095941,11348.940678,13354.512635,10013.294798,-0.062694,-0.093607,-0.062026,-0.023688,-0.071759,0.054185,-0.041501
944900,9,posture_hold,0.3585,Pinch,Uncertain,3089,3212,3414,3012,3180,3234,3058,10439.960239,12367.836920,17044.933921,9455.955679,11816.393443,12770.731707,10026.229508,-0.036578,-0.097530,0.015008,-0.022462,-0.033525,0.008102,-0.040263
944950,9,posture_hold,0.4205,Pinch,Uncertain,3111,3224,3365,3011,3156,3222,3057,10749.390244,12585.074627,15672.602740,9444.095941,11427.476038,12548.453608,10013.294798,-0.008023,-0.081678,-0.066713,-0.023688,-0.065335,-0.009444,-0.041501
945000,9,posture_hold,0.4414,Pinch,Uncertain,3113,3232,3305,3021,3172,3252,3046,10778.207739,12733.256083,14224.050633,9563.687151,11684.507042,13116.014235,9872.640610,-0.005364,-0.070865,-0.152973,-0.011325,-0.044312,0.035358,-0.054964
945050,9,posture_hold,0.4829,Pinch,Uncertain,3152,3230,3324,2998,3169,3216,3034,11364.581124,12695.953757,14658.365759,9291.886964,11635.637149,12439.590444,9722.525919,0.048748,-0.073587,-0.127110,-0.039423,-0.048309,-0.018038,-0.069334
945100,9,posture_hold,0.5451,Pinch,Uncertain,3126,3248,3299,2990,3146,3247,3045,10968.421053,13038.016529,14091.206030,9200.000000,11271.232877,13018.632075,9860.000000,0.012190,-0.048627,-0.160883,-0.048923,-0.078114,0.027671,-0.056174
945150,9,posture_hold,0.5867,Pinch,Uncertain,3148,3236,3315,2996,3154,3220,3054,11302.217529,12808.381839,14450.000000,9268.789809,11395.961743,12512.000000,9974.639769,0.042993,-0.065383,-0.139518,-0.041811,-0.067913,-0.012322,-0.045201
945200,9,posture_hold,0.6485,Pinch,Uncertain,3154,3217,3342,2991,3166,3204,3004,11395.961743,12457.630979,15090.039841,9211.413043,11587.082885,12226.262626,9361.686526,0.051644,-0.090977,-0.101404,-0.047743,-0.052281,-0.034878,-0.103874
945250,9,posture_hold,0.6898,Pinch,Uncertain,3129,3235,3375,2979,3158,3212,3000,11013.043478,12789.534884,15937.500000,9075.806452,11459.124867,12367.836920,9315.068493,0.016307,-0.066759,-0.050938,-0.061761,-0.062747,-0.023702,-0.108337
945300,9,posture_hold,0.7531,Pinch,Uncertain,3104,3233,3401,2980,3196,3195,3005,10649.445005,12751.972158,16661.959654,9086.995516,12087.208009,12070.000000,9373.394495,-0.017246,-0.069499,-0.007798,-0.060605,-0.011375,-0.047213,-0.102754
945350,9,posture_hold,0.7948,Pinch,Uncertain,3101,3236,3377,2980,3167,3156,2991,10607.042254,12808.381839,15991.364903,9086.995516,11603.232759,11427.476038,9211.413043,-0.021159,-0.065383,-0.047731,-0.060605,-0.050960,-0.097933,-0.118259
945400,9,posture_hold,0.8580,Pinch,Uncertain,3086,3237,3373,2988,3192,3170,2996,10398.810704,12827.272727,15883.933518,9177.235772,12018.604651,11651.891892,9268.789809,-0.040375,-0.064005,-0.054128,-0.051276,-0.016986,-0.080218,-0.112767
945450,9,posture_hold,0.9005,Pinch,Uncertain,3070,3253,3395,3005,3193,3171,3001,10183.414634,13135.629454,16490.000000,9373.394495,12035.698448,11668.181818,9326.691042,-0.060252,-0.041504,-0.018038,-0.030997,-0.015588,-0.078932,-0.107224
945500,9,posture_hold,0.9641,Pinch,Uncertain,3059,3232,3337,2998,3185,3201,2969,10039.189189,12733.256083,14968.073879,9291.886964,11900.000000,12173.825503,8965.008881,-0.073562,-0.070865,-0.108667,-0.039423,-0.026687,-0.039017,-0.141845
945550,9,posture_hold,0.9855,Pinch,Uncertain,3061,3234,3332,2997,3185,3214,2990,10065.183752,12770.731707,14847.706422,9280.327869,11900.000000,12403.632236,9200.000000,-0.071163,-0.068131,-0.115834,-0.040618,-0.026687,-0.020876,-0.119351
945600,9,posture_hold,1.0704,Pinch,Uncertain,3054,3229,3388,2992,3172,3183,2993,9974.639769,12677.367206,16293.069307,9222.846782,11684.507042,11866.447368,9234.301270,-0.079519,-0.074943,-0.029765,-0.046561,-0.044312,-0.063281,-0.116068
945650,9,posture_hold,1.0918,Pinch,Uncertain,3080,3221,3365,2992,3143,3209,2989,10317.241379,12530.205950,15672.602740,9222.846782,11225.000000,12314.446953,9188.607595,-0.047903,-0.085682,-0.066713,-0.046561,-0.081896,-0.027916,-0.120442
945700,9,posture_hold,1.1556,Pinch,Uncertain,3064,3216,3315,2993,3141,3204,3006,10104.364694,12439.590444,14450.000000,9234.301270,11194.339623,12226.262626,9385.123967,-0.067547,-0.092294,-0.139518,-0.045377,-0.084404,-0.034878,-0.101631
945750,9,posture_hold,1.1979,Pinch,Uncertain,3055,3218,3336,3004,3169,3194,3023,9987.500000,12475.712657,14943.873518,9361.686526,11635.637149,12052.830189,9587.873134,-0.078332,-0.089658,-0.110108,-0.032208,-0.048309,-0.048568,-0.082223
945800,9,posture_hold,1.2608,Pinch,Uncertain,3082,3232,3323,2992,3142,3184,3021,10344.323791,12733.256083,14634.974093,9222.846782,11209.653725,11883.205269,9563.687151,-0.045403,-0.070865,-0.128502,-0.046561,-0.083151,-0.061958,-0.084538
945850,9,posture_hold,1.3029,Pinch,Uncertain,3088,3261,3320,2991,3156,3194,3002,10426.216485,13294.244604,14565.161290,9211.413043,11427.476038,12052.830189,9338.334858,-0.037846,-0.029930,-0.132660,-0.047743,-0.065335,-0.048568,-0.106110
945900,9,posture_hold,1.3448,Pinch,Uncertain,3087,3247,3325,3003,3145,3189,3002,10412.500000,13018.632075,14681.818182,9350.000000,11255.789474,11967.549669,9338.334858,-0.039112,-0.050042,-0.125713,-0.033416,-0.079378,-0.055300,-0.106110
945950,9,posture_hold,1.4288,Pinch,Uncertain,3117,3260,3378,2994,3192,3184,2991,10836.196319,13274.251497,16018.410042,9245.776567,12018.604651,11883.205269,9211.413043,-0.000012,-0.031389,-0.046120,-0.044190,-0.016986,-0.061958,-0.118259
946000,9,posture_hold,1.4290,Pinch,Uncertain,3099,3259,3307,2980,3177,3188,3000,10578.915663,13254.306220,14268.781726,9086.995516,11766.666667,11950.606395,9315.068493,-0.023755,-0.032845,-0.150309,-0.060605,-0.037592,-0.056637,-0.108337
946050,9,posture_hold,1.4911,Pinch,Uncertain,3082,3240,3293,2990,3183,3179,3008,10344.323791,12884.210526,13960.349127,9200.000000,11866.447368,11799.781659,9408.647654,-0.045403,-0.059850,-0.168676,-0.048923,-0.029431,-0.068543,-0.099379
946100,9,posture_hold,1.5332,Pinch,Uncertain,3090,3233,3342,2992,3160,3175,3007,10453.731343,12751.972158,15090.039841,9222.846782,11490.909091,11733.695652,9396.875000,-0.035307,-0.069499,-0.101404,-0.046561,-0.060147,-0.073760,-0.100506
946150,9,posture_hold,1.5958,Pinch,Uncertain,3103,3246,3343,2962,3171,3190,3029,10635.282258,12999.293286,15114.627660,8888.614298,11668.181818,11984.530387,9660.975610,-0.018553,-0.051453,-0.099940,-0.081113,-0.045648,-0.053960,-0.075226
946200,9,posture_hold,1.6580,Pinch,Uncertain,3086,3241,3355,2979,3173,3210,3061,10398.810704,12903.278689,15414.864865,9075.806452,11700.867679,12332.203390,10065.183752,-0.040375,-0.058459,-0.082061,-0.061761,-0.042974,-0.026515,-0.036534
946250,9,posture_hold,1.6990,Pinch,Uncertain,3096,3246,3335,2980,3121,3217,3045,10536.936937,12999.293286,14919.736842,9086.995516,10894.661191,12457.630979,9860.000000,-0.027629,-0.051453,-0.111545,-0.060605,-0.108915,-0.016614,-0.056174
946300,9,posture_hold,1.7417,Pinch,Uncertain,3088,3258,3346,2973,3137,3243,3027,10426.216485,13234.408602,15188.785047,9009.090909,11133.402923,12941.549296,9636.516854,-0.037846,-0.034297,-0.095524,-0.068658,-0.089388,0.021586,-0.077567
946350,9,posture_hold,1.7843,Pinch,Uncertain,3060,3234,3344,2995,3124,3246,3018,10052.173913,12770.731707,15139.280959,9257.272727,10938.825953,12999.293286,9527.576602,-0.072364,-0.068131,-0.098472,-0.043002,-0.105302,0.026144,-0.087995
946400,9,posture_hold,1.8685,Pinch,Uncertain,3116,3246,3389,2996,3121,3215,3029,10821.654750,12999.293286,16320.963173,9268.789809,10894.661191,12421.590909,9660.975610,-0.001354,-0.051453,-0.028104,-0.041811,-0.108915,-0.019459,-0.075226
946450,9,posture_hold,1.9104,Pinch,Uncertain,3072,3251,3332,2985,3153,3277,3026,10209.970674,13096.445498,14847.706422,9143.243243,11380.254777,13620.782396,9624.321796,-0.057802,-0.044364,-0.115834,-0.054790,-0.069197,0.075204,-0.078734
946500,9,posture_hold,1.9529,Pinch,Uncertain,3083,3262,3340,2987,3145,3247,3032,10357.905138,13314.285714,15041.059603,9165.884477,11255.789474,13018.632075,9697.836312,-0.044150,-0.028468,-0.104321,-0.052449,-0.079378,0.027671,-0.071697
946550,9,posture_hold,1.9954,Pinch,Uncertain,3050,3248,3304,2985,3142,3226,3013,9923.444976,13038.016529,14201.769912,9143.243243,11209.653725,12621.864212,9467.837338,-0.084243,-0.048627,-0.154299,-0.054790,-0.083151,-0.003649,-0.093713
946600,9,posture_hold,2.0373,Pinch,Uncertain,3056,3251,3308,2982,3134,3224,3023,10000.384986,13096.445498,14291.232529,9109.433962,11088.033299,12585.074627,9587.873134,-0.077143,-0.044364,-0.148972,-0.058285,-0.093099,-0.006554,-0.082223
946650,9,posture_hold,2.1014,Pinch,Uncertain,3052,3253,3320,2993,3151,3235,3032,9948.993289,13135.629454,14565.161290,9234.301270,11348.940678,12789.534884,9697.836312,-0.081885,-0.041504,-0.132660,-0.045377,-0.071759,0.009586,-0.071697
946700,9,posture_hold,2.1647,Pinch,Uncertain,3088,3250,3320,2982,3127,3237,3023,10426.216485,13076.923077,14565.161290,9109.433962,10983.264463,12827.272727,9587.873134,-0.037846,-0.045788,-0.132660,-0.058285,-0.101668,0.012565,-0.082223
946750,9,posture_hold,2.2069,Pinch,Uncertain,3106,3256,3336,2958,3087,3248,3080,10677.856421,13194.755662,14943.873518,8845.382586,10412.500000,13038.016529,10317.241379,-0.014624,-0.037190,-0.110108,-0.085582,-0.148351,0.029201,-0.012406
946800,9,posture_hold,2.2492,Pinch,Uncertain,3110,3245,3340,2972,3118,3274,3111,10735.025381,12980.000000,15041.059603,8998.040962,10850.767656,13558.587089,10749.390244,-0.009349,-0.052860,-0.104321,-0.069801,-0.112505,0.070294,0.028960
946850,9,posture_hold,2.2911,Pinch,Uncertain,3168,3316,3374,2993,3151,3272,3076,11619.417476,14472.913992,15910.679612,9234.301270,11348.940678,13517.375456,10263.395486,0.072265,0.056076,-0.052536,-0.045377,-0.071759,0.067041,-0.017560
946900,9,posture_hold,2.3755,Pinch,Uncertain,3288,3362,3429,2997,3189,3395,3108,13852.788104,15594.542974,17505.405405,9280.327869,11967.549669,16490.000000,10706.382979,0.278365,0.137920,0.042429,-0.040618,-0.021162,0.301695,0.024844
946950,9,posture_hold,2.3970,Pinch,Uncertain,3412,3444,3439,2994,3180,3412,3152,16985.065886,17987.096774,17824.085366,9245.776567,11816.393443,16985.065886,11364.581124,0.567419,0.312503,0.061406,-0.044190,-0.033525,0.340775,0.087848
947000,9,posture_hold,2.4606,Pinch,Uncertain,3359,3476,3417,3012,3245,3308,3215,15517.119565,19092.730210,17135.398230,9455.955679,12980.000000,14291.232529,12421.590909,0.431953,0.393180,0.020395,-0.022462,0.061647,0.128128,0.189028
947050,9,posture_hold,2.4817,Pinch,Uncertain,3397,3601,3370,3023,3248,3434,3273,16546.991404,24784.210526,15804.137931,9587.873134,13038.016529,17663.540091,13537.956204,0.526992,0.808483,-0.058880,-0.008825,0.066393,0.394333,0.295889
947100,9,posture_hold,2.5437,Pinch,Uncertain,3336,3561,3401,3058,3200,3340,3226,14943.873518,22673.033708,16661.959654,10026.229508,12156.424581,15041.059603,12621.864212,0.379053,0.654432,-0.007798,0.036491,-0.005714,0.187318,0.208199
947150,9,posture_hold,2.5860,Pinch,Uncertain,3367,3566,3464,3088,3245,3302,3205,15725.000000,22919.470699,18664.976228,10426.216485,12980.000000,14157.377049,12243.820225,0.451137,0.672414,0.111480,0.077841,0.061647,0.117562,0.172011
947200,9,posture_hold,2.6492,Pinch,Uncertain,3419,3495,3349,3044,3249,3310,3230,17196.153846,19805.000000,15263.538874,9847.383444,13057.446809,14336.305732,12695.953757,0.586898,0.445154,-0.091072,0.018003,0.067982,0.131686,0.215291
947250,9,posture_hold,2.6916,Pinch,Uncertain,3451,3586,3357,3054,3268,3270,3204,18219.565217,23953.634578,15465.853659,9974.639769,13435.550181,13476.363636,12226.262626,0.681341,0.747876,-0.079024,0.031158,0.098907,0.063803,0.170331
947300,9,posture_hold,2.7547,Pinch,Uncertain,3446,3505,3376,3072,3177,3234,3204,18053.004622,20198.305085,15964.394993,10209.970674,11766.666667,12770.731707,12226.262626,0.665970,0.473853,-0.049337,0.055486,-0.037592,0.008102,0.170331
947350,9,posture_hold,2.7751,Pinch,Uncertain,3421,3507,3337,3069,3152,3222,3221,17257.270030,20278.571429,14968.073879,10170.175439,11364.581124,12548.453608,12530.205950,0.592538,0.479710,-0.108667,0.051372,-0.070479,-0.009444,0.199425
947400,9,posture_hold,2.8374,Pinch,Uncertain,3435,3525,3367,3061,3136,3235,3132,17695.454545,21026.315789,15725.000000,10065.183752,11118.248175,12789.534884,11057.943925,0.632975,0.534272,-0.063593,0.040518,-0.090627,0.009586,0.058496
947450,9,posture_hold,2.9209,Pinch,Uncertain,3378,3569,3351,3064,3130,3149,3062,16018.410042,23069.581749,15313.709677,10104.364694,11027.979275,11317.758985,10078.218780,0.478214,0.683368,-0.088084,0.044569,-0.098010,-0.106593,-0.035286
947500,9,posture_hold,2.9421,Pinch,Uncertain,3355,3490,3304,3033,3141,3169,3110,15414.864865,19613.223140,14201.769912,9710.169492,11194.339623,11635.637149,10735.025381,0.422517,0.431160,-0.154299,0.003818,-0.084404,-0.081501,0.027585
947550,9,posture_hold,2.9836,Pinch,Uncertain,3339,3311,3342,3030,3135,3253,3138,15016.666667,14358.928571,15090.039841,9673.239437,11103.125000,13135.629454,11148.589342,0.385770,0.047759,-0.101404,0.000000,-0.091864,0.036906,0.067173
947600,9,posture_hold,3.0473,Pinch,Uncertain,3316,3307,3341,3024,3160,3231,3119,14472.913992,14268.781726,15065.517241,9600.000000,11490.909091,12714.583333,10865.368852,0.335592,0.041181,-0.102864,-0.007571,-0.060147,0.003670,0.040062
947650,9,posture_hold,3.1104,Pinch,Uncertain,3283,3331,3340,3025,3131,3199,3143,13746.551724,14823.821990,15041.059603,9612.149533,11042.946058,12139.062500,11225.000000,0.268562,0.081682,-0.104321,-0.006315,-0.096786,-0.041761,0.074487
947700,9,posture_hold,3.1526,Pinch,Uncertain,3268,3493,3315,3051,3132,3190,3119,13435.550181,19727.906977,14450.000000,9936.206897,11057.943925,11984.530387,10865.368852,0.239862,0.439529,-0.139518,0.027185,-0.095560,-0.053960,0.040062
947750,9,posture_hold,3.1949,Pinch,Uncertain,3243,3435,3311,3015,3118,3168,3139,12941.549296,17695.454545,14358.928571,9491.666667,10850.767656,11619.417476,11163.807531,0.194274,0.291222,-0.144941,-0.018771,-0.112505,-0.082781,0.068629
947800,9,posture_hold,3.2583,Pinch,Uncertain,3277,3341,3302,3009,3116,3199,3127,13620.782396,15065.517241,14157.377049,9420.441989,10821.654750,12139.062500,10983.264463,0.256955,0.099318,-0.156943,-0.026134,-0.114886,-0.041761,0.051347
947850,9,posture_hold,3.3010,Pinch,Uncertain,3244,3280,3289,3010,3113,3181,3130,12960.752056,13683.435583,13874.193548,9432.258065,10778.207739,11833.041575,11027.979275,0.196046,-0.001531,-0.173806,-0.024912,-0.118439,-0.065918,0.055628
947900,9,posture_hold,3.3437,Pinch,Uncertain,3284,3222,3274,3008,3119,3160,3093,13767.694205,12548.453608,13558.587089,9408.647654,10865.368852,11490.909091,10495.209581,0.270513,-0.084350,-0.192600,-0.027353,-0.111310,-0.092925,0.004630
947950,9,posture_hold,3.4067,Pinch,Uncertain,3260,3304,3272,3004,3057,3216,3089,13274.251497,14201.769912,13517.375456,9361.686526,10013.294798,12439.590444,10439.960239,0.224977,0.036291,-0.195054,-0.032208,-0.181002,-0.018038,-0.000659
948000,9,posture_hold,3.4490,Pinch,Uncertain,3248,3221,3281,3005,3057,3206,3084,13038.016529,12530.205950,13704.422604,9373.394495,10013.294798,12261.417323,10371.513353,0.203176,-0.085682,-0.183916,-0.030997,-0.181002,-0.032103,-0.007211
948050,9,posture_hold,3.4916,Pinch,Uncertain,3239,3397,3270,3008,3056,3201,3090,12865.186916,16546.991404,13476.363636,9408.647654,10000.384986,12173.825503,10453.731343,0.187227,0.207420,-0.197497,-0.027353,-0.182058,-0.039017,0.000659
948100,9,posture_hold,3.5551,Pinch,Uncertain,3247,3331,3289,2996,3084,3182,3092,13018.632075,14823.821990,13874.193548,9268.789809,10371.513353,11849.726177,10481.355932,0.201388,0.081682,-0.173806,-0.041811,-0.151703,-0.064601,0.003303
948150,9,posture_hold,3.5761,Pinch,Uncertain,3265,3295,3312,2992,3118,3209,3071,13374.698795,14003.750000,14381.609195,9222.846782,10850.767656,12314.446953,10196.679688,0.234246,0.021842,-0.143590,-0.046561,-0.112505,-0.027916,-0.023947
948200,9,posture_hold,3.6608,Pinch,Uncertain,3240,3316,3358,2996,3118,3165,3061,12884.210526,14472.913992,15491.451832,9268.789809,10850.767656,11570.967742,10065.183752,0.188983,0.056076,-0.077500,-0.041811,-0.112505,-0.086606,-0.036534
948250,9,posture_hold,3.6820,Pinch,Uncertain,3235,3303,3336,2990,3100,3195,3070,12789.534884,14179.545455,14943.873518,9200.000000,10592.964824,12070.000000,10183.414634,0.180246,0.034669,-0.110108,-0.048923,-0.133591,-0.047213,-0.025216
948300,9,posture_hold,3.7448,Pinch,Uncertain,3214,3222,3322,2985,3078,3160,3064,12403.632236,12548.453608,14611.642950,9143.243243,10290.265487,11490.909091,10104.364694,0.144634,-0.084350,-0.129892,-0.054790,-0.158349,-0.092925,-0.032783
948350,9,posture_hold,3.7865,Pinch,Uncertain,3227,3241,3368,3000,3084,3141,3056,12640.322581,12903.278689,15751.306740,9315.068493,10371.513353,11194.339623,10000.384986,0.166476,-0.058459,-0.062026,-0.037027,-0.151703,-0.116336,-0.042736
948400,9,posture_hold,3.8489,Pinch,Uncertain,3219,3214,3337,2994,3063,3184,3085,12493.835616,12403.632236,14968.073879,9245.776567,10091.279070,11883.205269,10385.148515,0.152958,-0.094918,-0.108667,-0.044190,-0.174624,-0.061958,-0.005906
948450,9,posture_hold,3.8898,Pinch,Uncertain,3219,3240,3353,3007,3064,3213,3063,12493.835616,12884.210526,15364.150943,9396.875000,10104.364694,12385.714286,10091.279070,0.152958,-0.059850,-0.085081,-0.028570,-0.173554,-0.022291,-0.034036
948500,9,posture_hold,3.9741,Pinch,Uncertain,3248,3216,3317,3000,3071,3149,3042,13038.016529,12439.590444,14495.886889,9315.068493,10196.679688,11317.758985,9822.222222,0.203176,-0.092294,-0.136785,-0.037027,-0.166003,-0.106593,-0.059791
948550,9,posture_hold,3.9949,Pinch,Uncertain,3240,3231,3360,2992,3068,3170,3043,12884.210526,12714.583333,15542.857143,9222.846782,10156.962025,11651.891892,9834.790875,0.188983,-0.072228,-0.074439,-0.046561,-0.169252,-0.080218,-0.058588
948600,9,posture_hold,4.0366,Pinch,Uncertain,3199,3217,3323,2993,3088,3199,3045,12139.062500,12457.630979,14634.974093,9234.301270,10426.216485,12139.062500,9860.000000,0.120219,-0.090977,-0.128502,-0.045377,-0.147229,-0.041761,-0.056174
948650,9,posture_hold,4.0997,Pinch,Uncertain,3189,3272,3271,2979,3075,3178,3030,11967.549669,13517.375456,13496.844660,9075.806452,10250.000000,11783.206107,9673.239437,0.104391,-0.013649,-0.196277,-0.061761,-0.161642,-0.069852,-0.074052
948700,9,posture_hold,4.1414,Pinch,Uncertain,3205,3243,3306,2968,3066,3168,3046,12243.820225,12941.549296,14246.387833,8954.037267,10130.612245,11619.417476,9872.640610,0.129886,-0.055666,-0.151642,-0.074350,-0.171407,-0.082781,-0.054964
948750,9,posture_hold,4.2053,Pinch,Uncertain,3203,3292,3343,2991,3064,3169,3033,12208.744395,13938.729763,15114.627660,9211.413043,10104.364694,11635.637149,9710.169492,0.126649,0.017097,-0.099940,-0.047743,-0.173554,-0.081501,-0.070517
948800,9,posture_hold,4.2480,Pinch,Uncertain,3201,3288,3375,2978,3065,3173,3021,12173.825503,13852.788104,15937.500000,9064.637422,10117.475728,11700.867679,9563.687151,0.123427,0.010826,-0.050938,-0.062916,-0.172481,-0.076351,-0.084538
948850,9,posture_hold,4.2912,Pinch,Uncertain,3197,3268,3354,2989,3055,3185,3054,12104.454343,13435.550181,15389.473684,9188.607595,9987.500000,11900.000000,9974.639769,0.117025,-0.019619,-0.083573,-0.050100,-0.183112,-0.060632,-0.045201
948900,9,posture_hold,4.3543,Pinch,Uncertain,3163,3259,3335,3004,3067,3159,3045,11538.841202,13254.306220,14919.736842,9361.686526,10143.774319,11475.000000,9860.000000,0.064829,-0.032845,-0.111545,-0.032208,-0.170330,-0.094181,-0.056174
948950,9,posture_hold,4.4171,Pinch,Uncertain,3212,3256,3351,2995,3055,3127,3042,12367.836920,13194.755662,15313.709677,9257.272727,9987.500000,10983.264463,9822.222222,0.141331,-0.037190,-0.088084,-0.043002,-0.183112,-0.132998,-0.059791
949000,9,posture_hold,4.4588,Pinch,Uncertain,3191,3239,3335,3008,3047,3125,3049,12001.548673,12865.186916,14919.736842,9408.647654,9885.305344,10953.608247,9910.707457,0.107529,-0.061238,-0.111545,-0.027353,-0.191471,-0.135339,-0.051321
949050,9,posture_hold,4.5014,Pinch,Uncertain,3187,3243,3372,3025,3069,3150,3038,11933.700441,12941.549296,15857.261411,9612.149533,10170.175439,11333.333333,9772.185430,0.101268,-0.055666,-0.055717,-0.006315,-0.168171,-0.105364,-0.064580
949100,9,posture_hold,4.5635,Pinch,Uncertain,3200,3328,3303,3029,3057,3172,3042,12156.424581,14752.542373,14179.545455,9660.975610,10013.294798,11684.507042,9822.222222,0.121821,0.076480,-0.155623,-0.001268,-0.181002,-0.077643,-0.059791
949150,9,posture_hold,4.5848,Pinch,Uncertain,3210,3245,3331,3024,3063,3152,3055,12332.203390,12980.000000,14823.821990,9600.000000,10091.279070,11364.581124,9987.500000,0.138042,-0.052860,-0.117257,-0.007571,-0.174624,-0.102897,-0.043970
949200,9,posture_hold,4.6478,Pinch,Uncertain,3185,3243,3338,3009,3077,3124,3056,11900.000000,12941.549296,14992.338177,9420.441989,10276.817289,10938.825953,10000.384986,0.098158,-0.055666,-0.107222,-0.026134,-0.159449,-0.136506,-0.042736
949250,9,posture_hold,4.6904,Pinch,Uncertain,3173,3194,3299,3016,3087,3133,3051,11700.867679,12052.830189,14091.206030,9503.614458,10412.500000,11072.972973,9936.206897,0.079781,-0.120515,-0.160883,-0.017535,-0.148351,-0.125917,-0.048880
949300,9,posture_hold,4.7548,Pinch,Uncertain,3188,3207,3338,3001,3072,3134,3054,11950.606395,12279.054054,14992.338177,9326.691042,10209.970674,11088.033299,9974.639769,0.102828,-0.104008,-0.107222,-0.035825,-0.164916,-0.124728,-0.045201
949350,9,posture_hold,4.7969,Pinch,Uncertain,3169,3264,3344,3011,3079,3119,3048,11635.637149,13354.512635,15139.280959,9444.095941,10303.740157,10865.368852,9897.994269,0.073762,-0.025533,-0.098472,-0.023688,-0.157247,-0.142304,-0.052538
949400,9,posture_hold,4.8599,Pinch,Uncertain,3180,3192,3361,3011,3088,3107,3045,11816.393443,12018.604651,15568.664850,9444.095941,10426.216485,10692.105263,9860.000000,0.090442,-0.123013,-0.072902,-0.023688,-0.147229,-0.155982,-0.056174
949450,9,posture_hold,4.9020,Pinch,Uncertain,3179,3259,3350,3016,3061,3125,3051,11799.781659,13254.306220,15288.590604,9503.614458,10065.183752,10953.608247,9936.206897,0.088909,-0.032845,-0.089580,-0.017535,-0.176758,-0.135339,-0.048880
949500,9,posture_hold,4.9653,Pinch,Uncertain,3183,3206,3386,3036,3070,3109,3045,11866.447368,12261.417323,16237.517630,9747.308782,10183.414634,10720.689655,9860.000000,0.095061,-0.105295,-0.033073,0.007657,-0.167088,-0.153725,-0.056174
949550,9,posture_hold,4.9865,Pinch,Uncertain,3189,3224,3357,3026,3058,3062,3041,11967.549669,12585.074627,15465.853659,9624.321796,10026.229508,10078.218780,9809.677419,0.104391,-0.081678,-0.079024,-0.005057,-0.179945,-0.204441,-0.060991
949600,10,open_reference,0.0204,ThumbUp,IndexPoint,3190,3254,3333,3014,3028,3097,3052,11984.530387,13155.291320,14871.653543,9479.740981,9648.734770,10550.901804,9948.993289,nan,nan,nan,nan,nan,nan,nan
949650,10,open_reference,0.0207,ThumbUp,IndexPoint,3181,3260,3371,3025,3058,3113,3054,11833.041575,13274.251497,15830.662983,9612.149533,10026.229508,10778.207739,9974.639769,nan,nan,nan,nan,nan,nan,nan
949700,10,open_reference,0.0207,ThumbUp,IndexPoint,3225,3204,3389,3055,3056,3111,3040,12603.448276,12226.262626,16320.963173,9987.500000,10000.384986,10749.390244,9797.156398,nan,nan,nan,nan,nan,nan,nan
949750,10,open_reference,0.0207,ThumbUp,IndexPoint,3206,3223,3371,3023,3051,3107,3046,12261.417323,12566.743119,15830.662983,9587.873134,9936.206897,10692.105263,9872.640610,nan,nan,nan,nan,nan,nan,nan
949800,10,open_reference,0.0207,ThumbUp,IndexPoint,3204,3180,3359,3016,3050,3112,3043,12226.262626,11816.393443,15517.119565,9503.614458,9923.444976,10763.784334,9834.790875,nan,nan,nan,nan,nan,nan,nan
949850,10,open_reference,0.0207,ThumbUp,IndexPoint,3233,3226,3346,3009,3059,3098,3034,12751.972158,12621.864212,15188.785047,9420.441989,10039.189189,10564.894684,9722.525919,nan,nan,nan,nan,nan,nan,nan
949900,10,open_reference,0.0208,ThumbUp,IndexPoint,3221,3196,3304,2996,3054,3124,3026,12530.205950,12087.208009,14201.769912,9268.789809,9974.639769,10938.825953,9624.321796,nan,nan,nan,nan,nan,nan,nan
949950,10,open_reference,0.0208,ThumbUp,IndexPoint,3199,3191,3296,3025,3057,3134,3046,12139.062500,12001.548673,14025.531915,9612.149533,10013.294798,11088.033299,9872.640610,nan,nan,nan,nan,nan,nan,nan
950000,10,open_reference,0.0208,ThumbUp,IndexPoint,3214,3193,3303,3018,3065,3119,3042,12403.632236,12035.698448,14179.545455,9527.576602,10117.475728,10865.368852,9822.222222,nan,nan,nan,nan,nan,nan,nan
950050,10,open_reference,0.0208,ThumbUp,IndexPoint,3236,3199,3348,3005,3058,3137,3056,12808.381839,12139.062500,15238.554217,9373.394495,10026.229508,11133.402923,10000.384986,nan,nan,nan,nan,nan,nan,nan
950100,10,open_reference,0.0208,ThumbUp,IndexPoint,3211,3248,3297,3021,3056,3103,3025,12350.000000,13038.016529,14047.368421,9563.687151,10000.384986,10635.282258,9612.149533,nan,nan,nan,nan,nan,nan,nan
950150,10,open_reference,0.0208,ThumbUp,IndexPoint,3219,3246,3305,3014,3051,3092,2997,12493.835616,12999.293286,14224.050633,9479.740981,9936.206897,10481.355932,9280.327869,nan,nan,nan,nan,nan,nan,nan
950200,10,open_reference,0.0208,ThumbUp,IndexPoint,3201,3239,3296,2996,3043,3102,3003,12173.825503,12865.186916,14025.531915,9268.789809,9834.790875,10621.148036,9350.000000,nan,nan,nan,nan,nan,nan,nan
950250,10,open_reference,0.0208,ThumbUp,IndexPoint,3202,3254,3280,2993,3055,3105,3007,12191.265398,13155.291320,13683.435583,9234.301270,9987.500000,10663.636364,9396.875000,nan,nan,nan,nan,nan,nan,nan
950300,10,open_reference,0.0209,ThumbUp,IndexPoint,3198,3254,3312,3002,3045,3108,3012,12121.739130,13155.291320,14381.609195,9338.334858,9860.000000,10706.382979,9455.955679,nan,nan,nan,nan,nan,nan,nan
950350,10,open_reference,0.0209,ThumbUp,IndexPoint,3204,3254,3348,2993,3045,3124,3036,12226.262626,13155.291320,15238.554217,9234.301270,9860.000000,10938.825953,9747.308782,nan,nan,nan,nan,nan,nan,nan
950400,10,open_reference,0.0209,ThumbUp,IndexPoint,3228,3244,3351,2999,3048,3117,3023,12658.823529,12960.752056,15313.709677,9303.467153,9897.994269,10836.196319,9587.873134,nan,nan,nan,nan,nan,nan,nan
950450,10,open_reference,0.0209,ThumbUp,IndexPoint,3209,3231,3244,3004,3053,3113,3012,12314.446953,12714.583333,12960.752056,9361.686526,9961.804223,10778.207739,9455.955679,nan,nan,nan,nan,nan,nan,nan
950500,10,open_reference,0.0209,ThumbUp,IndexPoint,3214,3229,3248,2986,3036,3126,3031,12403.632236,12677.367206,13038.016529,9154.553652,9747.308782,10968.421053,9685.526316,nan,nan,nan,nan,nan,nan,nan
950550,10,open_reference,0.0209,ThumbUp,IndexPoint,3215,3244,3297,2984,3038,3111,3053,12421.590909,12960.752056,14047.368421,9131.953195,9772.185430,10749.390244,9961.804223,nan,nan,nan,nan,nan,nan,nan
950600,10,open_reference,0.0209,ThumbUp,IndexPoint,3207,3241,3365,2992,3036,3070,3058,12279.054054,12903.278689,15672.602740,9222.846782,9747.308782,10183.414634,10026.229508,nan,nan,nan,nan,nan,nan,nan
950650,10,open_reference,0.0209,ThumbUp,IndexPoint,3200,3243,3318,2987,3031,3087,3056,12156.424581,12941.549296,14518.918919,9165.884477,9685.526316,10412.500000,10000.384986,nan,nan,nan,nan,nan,nan,nan
950700,10,open_reference,0.0210,ThumbUp,IndexPoint,3216,3245,3288,2986,3037,3098,3051,12439.590444,12980.000000,13852.788104,9154.553652,9759.735350,10564.894684,9936.206897,nan,nan,nan,nan,nan,nan,nan
950750,10,open_reference,0.0210,ThumbUp,IndexPoint,3220,3258,3271,2993,3025,3077,3047,12512.000000,13234.408602,13496.844660,9234.301270,9612.149533,10276.817289,9885.305344,nan,nan,nan,nan,nan,nan,nan
950800,10,open_reference,0.0210,ThumbUp,IndexPoint,3252,3240,3344,2992,3023,3088,3043,13116.014235,12884.210526,15139.280959,9222.846782,9587.873134,10426.216485,9834.790875,nan,nan,nan,nan,nan,nan,nan
950850,10,open_reference,0.0210,ThumbUp,IndexPoint,3202,3240,3391,2991,3030,3075,3055,12191.265398,12884.210526,16376.988636,9211.413043,9673.239437,10250.000000,9987.500000,nan,nan,nan,nan,nan,nan,nan
950900,10,open_reference,0.0210,ThumbUp,IndexPoint,3221,3225,3314,2992,3026,3060,3023,12530.205950,12603.448276,14427.144686,9222.846782,9624.321796,10052.173913,9587.873134,nan,nan,nan,nan,nan,nan,nan
950950,10,open_reference,0.0210,ThumbUp,IndexPoint,3222,3235,3283,2993,3019,3084,3055,12548.453608,12789.534884,13746.551724,9234.301270,9539.591078,10371.513353,9987.500000,nan,nan,nan,nan,nan,nan,nan
951000,10,open_reference,0.0210,ThumbUp,IndexPoint,3172,3215,3279,3006,3023,3063,3037,11684.507042,12421.590909,13662.500000,9385.123967,9587.873134,10091.279070,9759.735350,nan,nan,nan,nan,nan,nan,nan
951050,10,open_reference,0.0210,ThumbUp,IndexPoint,3218,3216,3289,3001,3024,3080,3033,12475.712657,12439.590444,13874.193548,9326.691042,9600.000000,10317.241379,9710.169492,nan,nan,nan,nan,nan,nan,nan
951100,10,open_reference,0.0211,ThumbUp,IndexPoint,3205,3230,3266,2990,3015,3119,3026,12243.820225,12695.953757,13394.933655,9200.000000,9491.666667,10865.368852,9624.321796,nan,nan,nan,nan,nan,nan,nan
951150,10,open_reference,0.0211,ThumbUp,IndexPoint,3210,3191,3349,2988,3029,3095,3024,12332.203390,12001.548673,15263.538874,9177.235772,9660.975610,10523.000000,9600.000000,nan,nan,nan,nan,nan,nan,nan
951200,10,open_reference,0.0211,ThumbUp,IndexPoint,3225,3192,3316,2998,3030,3085,3041,12603.448276,12018.604651,14472.913992,9291.886964,9673.239437,10385.148515,9809.677419,nan,nan,nan,nan,nan,nan,nan
951250,10,open_reference,0.0211,ThumbUp,IndexPoint,3196,3206,3277,2991,3028,3118,3063,12087.208009,12261.417323,13620.782396,9211.413043,9648.734770,10850.767656,10091.279070,nan,nan,nan,nan,nan,nan,nan
951300,10,open_reference,0.0211,ThumbUp,IndexPoint,3242,3218,3280,3007,3040,3138,3047,12922.391559,12475.712657,13683.435583,9396.875000,9797.156398,11148.589342,9885.305344,nan,nan,nan,nan,nan,nan,nan
951350,10,open_reference,0.0211,ThumbUp,IndexPoint,3250,3249,3257,3001,3050,3146,2992,13076.923077,13057.446809,13214.558473,9326.691042,9923.444976,11271.232877,9222.846782,nan,nan,nan,nan,nan,nan,nan
951400,10,open_reference,0.0211,ThumbUp,IndexPoint,3197,3235,3287,3003,3057,3145,2995,12104.454343,12789.534884,13831.435644,9350.000000,10013.294798,11255.789474,9257.272727,nan,nan,nan,nan,nan,nan,nan
951450,10,open_reference,0.0211,ThumbUp,IndexPoint,3212,3248,3380,3012,3056,3141,3017,12367.836920,13038.016529,16072.727273,9455.955679,10000.384986,11194.339623,9515.584416,nan,nan,nan,nan,nan,nan,nan
951500,10,open_reference,0.0212,ThumbUp,IndexPoint,3273,3231,3375,3014,3069,3158,3022,13537.956204,12714.583333,15937.500000,9479.740981,10170.175439,11459.124867,9575.768872,nan,nan,nan,nan,nan,nan,nan
951550,10,open_reference,0.0212,ThumbUp,IndexPoint,3297,3338,3403,2997,3084,3135,3131,14047.368421,14992.338177,16719.942197,9280.327869,10371.513353,11103.125000,11042.946058,nan,nan,nan,nan,nan,nan,nan
951600,10,open_reference,0.0212,ThumbUp,IndexPoint,3371,3432,3410,3017,3103,3156,3139,15830.662983,17600.000000,16925.547445,9515.584416,10635.282258,11427.476038,11163.807531,nan,nan,nan,nan,nan,nan,nan
951650,10,open_reference,0.0212,ThumbUp,IndexPoint,3318,3452,3349,3047,3119,3215,3142,14518.918919,18253.188180,15263.538874,9885.305344,10865.368852,12421.590909,11209.653725,nan,nan,nan,nan,nan,nan,nan
951700,10,open_reference,0.0212,ThumbUp,IndexPoint,3300,3458,3339,3024,3091,3160,3182,14113.207547,18457.142857,15016.666667,9600.000000,10467.529880,11490.909091,11849.726177,nan,nan,nan,nan,nan,nan,nan
951750,10,open_reference,0.0212,ThumbUp,IndexPoint,3326,3472,3361,3057,3070,3147,3169,14705.331599,18948.314607,15568.664850,10013.294798,10183.414634,11286.708861,11635.637149,nan,nan,nan,nan,nan,nan,nan
951800,10,open_reference,0.0212,ThumbUp,IndexPoint,3336,3370,3398,3008,3067,3113,3148,14943.873518,15804.137931,16575.609756,9408.647654,10143.774319,10778.207739,11302.217529,nan,nan,nan,nan,nan,nan,nan
951850,10,open_reference,0.0212,ThumbUp,IndexPoint,3341,3522,3351,3007,3046,3097,3151,15065.517241,20898.429319,15313.709677,9396.875000,9872.640610,10550.901804,11348.940678,nan,nan,nan,nan,nan,nan,nan
951900,10,open_reference,0.0212,ThumbUp,IndexPoint,3301,3582,3382,3029,3063,3120,3106,14135.264484,23740.350877,16127.349229,9660.975610,10091.279070,10880.000000,10677.856421,nan,nan,nan,nan,nan,nan,nan
951950,10,open_reference,0.0213,ThumbUp,IndexPoint,3254,3554,3407,3043,3038,3508,3104,13155.291320,22335.674677,16836.918605,9834.790875,9772.185430,20318.909710,10649.445005,nan,nan,nan,nan,nan,nan,nan
952000,10,open_reference,0.0213,ThumbUp,IndexPoint,3274,3519,3372,3018,3060,3558,3122,13558.587089,20771.875000,15857.261411,9527.576602,10052.173913,22527.374302,10909.352518,nan,nan,nan,nan,nan,nan,nan
952050,10,open_reference,0.0213,ThumbUp,IndexPoint,3217,3619,3363,3040,3062,3602,3133,12457.630979,25850.000000,15620.491803,9797.156398,10078.218780,24841.379310,11072.972973,nan,nan,nan,nan,nan,nan,nan
952100,10,open_reference,0.0213,ThumbUp,IndexPoint,3213,3600,3385,3016,3070,3545,3196,12385.714286,24727.272727,16209.859155,9503.614458,10183.414634,21914.545455,12087.208009,nan,nan,nan,nan,nan,nan,nan
952150,10,open_reference,0.0213,ThumbUp,IndexPoint,3238,3582,3389,3043,3096,3499,3148,12846.207701,23740.350877,16320.963173,9834.790875,10536.936937,19960.738255,11302.217529,nan,nan,nan,nan,nan,nan,nan
952200,10,open_reference,0.0213,ThumbUp,IndexPoint,3189,3710,3406,3043,3070,3584,3118,11967.549669,32763.636364,16807.547170,9834.790875,10183.414634,23846.575342,10850.767656,nan,nan,nan,nan,nan,nan,nan
952250,10,open_reference,0.0213,ThumbUp,IndexPoint,3276,3574,3390,3032,3068,3621,3128,13600.000000,23323.608445,16348.936170,9697.836312,10156.962025,25973.417722,10998.138573,nan,nan,nan,nan,nan,nan,nan
952300,10,open_reference,0.0213,ThumbUp,IndexPoint,3269,3519,3337,2969,3090,3585,3134,13455.932203,20771.875000,14968.073879,8965.008881,10453.731343,23900.000000,11088.033299,nan,nan,nan,nan,nan,nan,nan
952350,10,open_reference,0.0214,ThumbUp,IndexPoint,3251,3526,3407,3003,3106,3634,3114,13096.445498,21069.244288,16836.918605,9350.000000,10677.856421,26801.735358,10792.660550,nan,nan,nan,nan,nan,nan,nan
952400,10,open_reference,0.0214,ThumbUp,IndexPoint,3185,3403,3413,2998,3107,3554,3101,11900.000000,16719.942197,17014.956012,9291.886964,10692.105263,22335.674677,10607.042254,nan,nan,nan,nan,nan,nan,nan
952450,10,open_reference,0.0214,ThumbUp,IndexPoint,3232,3444,3450,2986,3088,3465,3108,12733.256083,17987.096774,18186.046512,9154.553652,10426.216485,18700.000000,10706.382979,nan,nan,nan,nan,nan,nan,nan
952500,10,open_reference,0.0214,ThumbUp,IndexPoint,3168,3383,3408,2982,3067,3505,3077,11619.417476,16154.775281,16866.375546,9109.433962,10143.774319,20198.305085,10276.817289,nan,nan,nan,nan,nan,nan,nan
952550,10,open_reference,0.0214,ThumbUp,IndexPoint,3208,3450,3369,2978,3089,3479,3063,12296.730552,18186.046512,15777.685950,9064.637422,10439.960239,19202.272727,10091.279070,nan,nan,nan,nan,nan,nan,nan
952600,10,open_reference,0.0214,ThumbUp,IndexPoint,3222,3487,3434,2996,3088,3177,3106,12548.453608,19499.671053,17663.540091,9268.789809,10426.216485,11766.666667,10677.856421,nan,nan,nan,nan,nan,nan,nan
952650,10,open_reference,0.0214,ThumbUp,IndexPoint,3229,3463,3350,2991,3090,3659,3124,12677.367206,18630.063291,15288.590604,9211.413043,10453.731343,28533.486239,10938.825953,nan,nan,nan,nan,nan,nan,nan
952700,10,open_reference,0.0214,ThumbUp,IndexPoint,3193,3456,3384,2987,3092,3576,3133,12035.698448,18388.732394,16182.278481,9165.884477,10481.355932,23426.589595,11072.972973,nan,nan,nan,nan,nan,nan,nan
952750,10,open_reference,0.0215,ThumbUp,IndexPoint,3149,3523,3321,2975,3069,3086,3171,11317.758985,20940.909091,14588.372093,9031.250000,10170.175439,10398.810704,11668.181818,nan,nan,nan,nan,nan,nan,nan
952800,10,open_reference,0.0215,ThumbUp,IndexPoint,3179,3456,3355,2994,3070,3143,3164,11799.781659,18388.732394,15414.864865,9245.776567,10183.414634,11225.000000,11554.887218,nan,nan,nan,nan,nan,nan,nan
952850,10,open_reference,0.0215,ThumbUp,IndexPoint,3168,3392,3354,2980,3090,3162,3181,11619.417476,16405.120910,15389.473684,9086.995516,10453.731343,11522.829582,11833.041575,nan,nan,nan,nan,nan,nan,nan
952900,10,open_reference,0.0215,ThumbUp,IndexPoint,3189,3365,3271,2965,3075,3187,3180,11967.549669,15672.602740,13496.844660,8921.238938,10250.000000,11933.700441,11816.393443,nan,nan,nan,nan,nan,nan,nan
952950,10,open_reference,0.0215,ThumbUp,IndexPoint,3200,3387,3280,2981,3095,3149,3152,12156.424581,16265.254237,13683.435583,9098.204668,10523.000000,11317.758985,11364.581124,nan,nan,nan,nan,nan,nan,nan
953000,10,open_reference,0.0215,ThumbUp,IndexPoint,3230,3309,3309,2982,3066,3083,3105,12695.953757,14313.740458,14313.740458,9109.433962,10130.612245,10357.905138,10663.636364,nan,nan,nan,nan,nan,nan,nan
953050,10,open_reference,0.0215,ThumbUp,IndexPoint,3182,3290,3259,2962,3047,3101,3103,11849.726177,13895.652174,13254.306220,8888.614298,9885.305344,10607.042254,10635.282258,nan,nan,nan,nan,nan,nan,nan
953100,10,open_reference,0.0215,ThumbUp,IndexPoint,3193,3325,3259,3008,3083,3110,3082,12035.698448,14681.818182,13254.306220,9408.647654,10357.905138,10735.025381,10344.323791,nan,nan,nan,nan,nan,nan,nan
953150,10,open_reference,0.0216,ThumbUp,IndexPoint,3205,3379,3373,3016,3092,3071,3093,12243.820225,16045.530726,15883.933518,9503.614458,10481.355932,10196.679688,10495.209581,nan,nan,nan,nan,nan,nan,nan
953200,10,open_reference,0.0216,ThumbUp,IndexPoint,3192,3409,3377,3025,3082,3153,3057,12018.604651,16895.918367,15991.364903,9612.149533,10344.323791,11380.254777,10013.294798,nan,nan,nan,nan,nan,nan,nan
953250,10,open_reference,0.0216,ThumbUp,IndexPoint,3171,3409,3367,3021,3125,3139,3091,11668.181818,16895.918367,15725.000000,9563.687151,10953.608247,11163.807531,10467.529880,nan,nan,nan,nan,nan,nan,nan
953300,10,open_reference,0.0216,ThumbUp,IndexPoint,3212,3403,3397,2985,3165,3150,3109,12367.836920,16719.942197,16546.991404,9143.243243,11570.967742,11333.333333,10720.689655,nan,nan,nan,nan,nan,nan,nan
953350,10,open_reference,0.0427,ThumbUp,IndexPoint,3224,3468,3461,2999,3105,3145,3120,12585.074627,18805.741627,18560.567823,9303.467153,10663.636364,11255.789474,10880.000000,nan,nan,nan,nan,nan,nan,nan
953400,10,open_reference,0.0841,ThumbUp,IndexPoint,3203,3461,3488,3014,3100,3150,3095,12208.744395,18560.567823,19537.397035,9479.740981,10592.964824,11333.333333,10523.000000,nan,nan,nan,nan,nan,nan,nan
953450,10,open_reference,0.1465,ThumbUp,IndexPoint,3200,3435,3485,3008,3141,3179,3020,12156.424581,17695.454545,19424.590164,9408.647654,11194.339623,11799.781659,9551.627907,nan,nan,nan,nan,nan,nan,nan
953500,10,open_reference,0.2088,ThumbUp,IndexPoint,3175,3332,3459,3021,3121,3157,3057,11733.695652,14847.706422,18491.509434,9563.687151,10894.661191,11443.283582,10013.294798,nan,nan,nan,nan,nan,nan,nan
953550,10,open_reference,0.2300,ThumbUp,IndexPoint,3199,3533,3488,3027,3119,3216,3073,12139.062500,21374.021352,19537.397035,9636.516854,10865.368852,12439.590444,10223.287671,nan,nan,nan,nan,nan,nan,nan
953600,10,open_reference,0.2928,ThumbUp,IndexPoint,3180,3502,3423,3030,3132,3151,3024,11816.393443,20078.920742,17318.750000,9673.239437,11057.943925,11348.940678,9600.000000,nan,nan,nan,nan,nan,nan,nan
953650,10,open_reference,0.3351,ThumbUp,IndexPoint,3203,3512,3463,3018,3111,3153,3056,12208.744395,20481.646655,18630.063291,9527.576602,10749.390244,11380.254777,10000.384986,nan,nan,nan,nan,nan,nan,nan
953700,10,open_reference,0.3773,ThumbUp,IndexPoint,3271,3496,3489,3002,3114,3224,2994,13496.844660,19843.739566,19575.247525,9338.334858,10792.660550,12585.074627,9245.776567,nan,nan,nan,nan,nan,nan,nan
953750,10,open_reference,0.4616,ThumbUp,IndexPoint,3205,3464,3432,2982,3127,3230,3042,12243.820225,18664.976228,17600.000000,9109.433962,10983.264463,12695.953757,9822.222222,nan,nan,nan,nan,nan,nan,nan
953800,10,open_reference,0.4827,ThumbUp,IndexPoint,3228,3469,3385,3021,3123,3209,3120,12658.823529,18841.214058,16209.859155,9563.687151,10924.074074,12314.446953,10880.000000,nan,nan,nan,nan,nan,nan,nan
953850,10,open_reference,0.5247,ThumbUp,IndexPoint,3231,3461,3345,3050,3145,3257,3102,12714.583333,18560.567823,15164.000000,9923.444976,11255.789474,13214.558473,10621.148036,nan,nan,nan,nan,nan,nan,nan
953900,10,open_reference,0.5880,ThumbUp,IndexPoint,3282,3417,3424,3054,3158,3224,3069,13725.461255,17135.398230,17349.627422,9974.639769,11459.124867,12585.074627,10170.175439,nan,nan,nan,nan,nan,nan,nan
953950,10,open_reference,0.6510,ThumbUp,IndexPoint,3199,3417,3342,3040,3159,3262,3061,12139.062500,17135.398230,15090.039841,9797.156398,11475.000000,13314.285714,10065.183752,nan,nan,nan,nan,nan,nan,nan
954000,10,open_reference,0.6716,ThumbUp,IndexPoint,3236,3355,3398,3067,3148,3267,3037,12808.381839,15414.864865,16575.609756,10143.774319,11302.217529,13415.217391,9759.735350,nan,nan,nan,nan,nan,nan,nan
954050,10,open_reference,0.7559,ThumbUp,IndexPoint,3195,3468,3419,3072,3206,3375,3105,12070.000000,18805.741627,17196.153846,10209.970674,12261.417323,15937.500000,10663.636364,nan,nan,nan,nan,nan,nan,nan
954100,10,open_reference,0.7766,ThumbUp,IndexPoint,3192,3452,3416,3048,3186,3333,3183,12018.604651,18253.188180,17105.154639,9897.994269,11916.831683,14871.653543,11866.447368,nan,nan,nan,nan,nan,nan,nan
954150,10,open_reference,0.8183,ThumbUp,IndexPoint,3228,3418,3413,3036,3232,3390,3151,12658.823529,17165.731167,17014.956012,9747.308782,12733.256083,16348.936170,11348.940678,nan,nan,nan,nan,nan,nan,nan
954200,10,open_reference,0.8814,ThumbUp,IndexPoint,3233,3352,3391,3013,3231,3325,3178,12751.972158,15338.896366,16376.988636,9467.837338,12714.583333,14681.818182,11783.206107,nan,nan,nan,nan,nan,nan,nan
954250,10,open_reference,0.9438,ThumbUp,IndexPoint,3190,3263,3427,3012,3220,3359,3180,11984.530387,13334.375000,17442.814371,9455.955679,12512.000000,15517.119565,11816.393443,nan,nan,nan,nan,nan,nan,nan
954300,10,open_reference,1.0068,ThumbUp,IndexPoint,3204,3276,3481,2999,3160,3290,3218,12226.262626,13600.000000,19275.895765,9303.467153,11490.909091,13895.652174,12475.712657,nan,nan,nan,nan,nan,nan,nan
954350,10,open_reference,1.0485,ThumbUp,IndexPoint,3178,3311,3464,2985,3157,3246,3108,11783.206107,14358.928571,18664.976228,9143.243243,11443.283582,12999.293286,10706.382979,nan,nan,nan,nan,nan,nan,nan
954400,10,open_reference,1.1105,ThumbUp,IndexPoint,3205,3295,3537,2992,3115,3258,3081,12243.820225,14003.750000,21551.612903,9222.846782,10807.142857,13234.408602,10330.769231,nan,nan,nan,nan,nan,nan,nan
954450,10,open_reference,1.1319,ThumbUp,IndexPoint,3226,3299,3468,2991,3130,3246,3068,12621.864212,14091.206030,18805.741627,9211.413043,11027.979275,12999.293286,10156.962025,nan,nan,nan,nan,nan,nan,nan
954500,10,open_reference,1.2162,ThumbUp,IndexPoint,3214,3280,3520,2978,3102,3234,3062,12403.632236,13683.435583,20813.913043,9064.637422,10621.148036,12770.731707,10078.218780,nan,nan,nan,nan,nan,nan,nan
954550,10,open_reference,1.2378,ThumbUp,IndexPoint,3170,3261,3362,2959,3091,3263,3033,11651.891892,13294.244604,15594.542974,8856.161972,10467.529880,13334.375000,9710.169492,nan,nan,nan,nan,nan,nan,nan
954600,10,open_reference,1.2803,ThumbUp,IndexPoint,3179,3218,3422,2993,3073,3231,3026,11799.781659,12475.712657,17287.964339,9234.301270,10223.287671,12714.583333,9624.321796,nan,nan,nan,nan,nan,nan,nan
954650,10,open_reference,1.3441,ThumbUp,IndexPoint,3151,3234,3417,2992,3073,3234,3017,11348.940678,12770.731707,17135.398230,9222.846782,10223.287671,12770.731707,9515.584416,nan,nan,nan,nan,nan,nan,nan
954700,10,open_reference,1.3867,ThumbUp,IndexPoint,3198,3248,3395,2993,3054,3223,2972,12121.739130,13038.016529,16490.000000,9234.301270,9974.639769,12566.743119,8998.040962,nan,nan,nan,nan,nan,nan,nan
954750,10,open_reference,1.4501,ThumbUp,IndexPoint,3139,3261,3357,2999,3057,3215,3004,11163.807531,13294.244604,15465.853659,9303.467153,10013.294798,12421.590909,9361.686526,nan,nan,nan,nan,nan,nan,nan
954800,10,open_reference,1.4916,ThumbUp,IndexPoint,3158,3260,3354,2990,3065,3167,3021,11459.124867,13274.251497,15389.473684,9200.000000,10117.475728,11603.232759,9563.687151,nan,nan,nan,nan,nan,nan,nan
954850,10,open_reference,1.5549,ThumbUp,IndexPoint,3177,3251,3401,2974,3067,3165,3008,11766.666667,13096.445498,16661.959654,9020.160571,10143.774319,11570.967742,9408.647654,nan,nan,nan,nan,nan,nan,nan
954900,10,open_reference,1.5759,ThumbUp,IndexPoint,3172,3249,3410,2994,3085,3164,3005,11684.507042,13057.446809,16925.547445,9245.776567,10385.148515,11554.887218,9373.394495,nan,nan,nan,nan,nan,nan,nan
954950,10,open_reference,1.6608,ThumbUp,IndexPoint,3164,3264,3439,2992,3088,3140,3010,11554.887218,13354.512635,17824.085366,9222.846782,10426.216485,11179.057592,9432.258065,nan,nan,nan,nan,nan,nan,nan
955000,10,open_reference,1.7032,ThumbUp,IndexPoint,3151,3252,3408,2972,3071,3180,3014,11348.940678,13116.014235,16866.375546,8998.040962,10196.679688,11816.393443,9479.740981,nan,nan,nan,nan,nan,nan,nan
955050,10,open_reference,1.7658,ThumbUp,IndexPoint,3142,3242,3417,2978,3088,3131,3007,11209.653725,12922.391559,17135.398230,9064.637422,10426.216485,11042.946058,9396.875000,nan,nan,nan,nan,nan,nan,nan
955100,10,open_reference,1.8074,ThumbUp,IndexPoint,3128,3237,3407,2976,3076,3085,2974,10998.138573,12827.272727,16836.918605,9042.359249,10263.395486,10385.148515,9020.160571,nan,nan,nan,nan,nan,nan,nan
955150,10,open_reference,1.8497,ThumbUp,IndexPoint,3149,3235,3416,2988,3070,3111,2991,11317.758985,12789.534884,17105.154639,9177.235772,10183.414634,10749.390244,9211.413043,nan,nan,nan,nan,nan,nan,nan
955200,10,open_reference,1.8915,ThumbUp,IndexPoint,3131,3201,3416,2972,3088,3156,3019,11042.946058,12173.825503,17105.154639,8998.040962,10426.216485,11427.476038,9539.591078,nan,nan,nan,nan,nan,nan,nan
955250,10,open_reference,1.9340,ThumbUp,IndexPoint,3139,3204,3413,2966,3090,3126,3004,11163.807531,12226.262626,17014.956012,8932.152347,10453.731343,10968.421053,9361.686526,nan,nan,nan,nan,nan,nan,nan
955300,10,open_reference,2.0178,ThumbUp,IndexPoint,3127,3182,3409,2956,3073,3152,2985,10983.264463,11849.726177,16895.918367,8823.880597,10223.287671,11364.581124,9143.243243,nan,nan,nan,nan,nan,nan,nan
955350,10,open_reference,2.0181,ThumbUp,IndexPoint,3108,3175,3437,2973,3074,3135,2984,10706.382979,11733.695652,17759.574468,9009.090909,10236.630754,11103.125000,9131.953195,nan,nan,nan,nan,nan,nan,nan
955400,10,open_reference,2.1020,ThumbUp,IndexPoint,3103,3187,3402,2957,3069,3128,2994,10635.282258,11933.700441,16690.909091,8834.622144,10170.175439,10998.138573,9245.776567,nan,nan,nan,nan,nan,nan,nan
955450,10,open_reference,2.1223,ThumbUp,IndexPoint,3128,3183,3375,2960,3063,3167,3004,10998.138573,11866.447368,15937.500000,8866.960352,10091.279070,11603.232759,9361.686526,nan,nan,nan,nan,nan,nan,nan
955500,10,open_reference,2.1845,ThumbUp,IndexPoint,3137,3181,3388,2957,3084,3140,2992,11133.402923,11833.041575,16293.069307,8834.622144,10371.513353,11179.057592,9222.846782,nan,nan,nan,nan,nan,nan,nan
955550,10,open_reference,2.2466,ThumbUp,IndexPoint,3121,3183,3412,2955,3069,3120,2964,10894.661191,11866.447368,16985.065886,8813.157895,10170.175439,10880.000000,8910.344828,nan,nan,nan,nan,nan,nan,nan
955600,10,open_reference,2.3094,ThumbUp,IndexPoint,3095,3182,3421,2939,3060,3106,2993,10523.000000,11849.726177,17257.270030,8644.117647,10052.173913,10677.856421,9234.301270,nan,nan,nan,nan,nan,nan,nan
955650,10,open_reference,2.3308,ThumbUp,IndexPoint,3103,3180,3411,2950,3050,3159,3004,10635.282258,11816.393443,16955.263158,8759.825328,9923.444976,11475.000000,9361.686526,nan,nan,nan,nan,nan,nan,nan
955700,10,open_reference,2.3935,ThumbUp,IndexPoint,3125,3174,3404,2956,3069,3135,2984,10953.608247,11717.263844,16749.059334,8823.880597,10170.175439,11103.125000,9131.953195,nan,nan,nan,nan,nan,nan,nan
955750,10,open_reference,2.4572,ThumbUp,IndexPoint,3125,3186,3360,2960,3042,3147,3011,10953.608247,11916.831683,15542.857143,8866.960352,9822.222222,11286.708861,9444.095941,nan,nan,nan,nan,nan,nan,nan
955800,10,open_reference,2.4998,ThumbUp,IndexPoint,3137,3196,3367,2972,3051,3180,2999,11133.402923,12087.208009,15725.000000,8998.040962,9936.206897,11816.393443,9303.467153,nan,nan,nan,nan,nan,nan,nan
955850,10,open_reference,2.5629,ThumbUp,IndexPoint,3151,3205,3381,2977,3079,3210,2955,11348.940678,12243.820225,16100.000000,9053.488372,10303.740157,12332.203390,8813.157895,nan,nan,nan,nan,nan,nan,nan
955900,10,open_reference,2.6055,ThumbUp,IndexPoint,3159,3251,3401,2957,3069,3256,2962,11475.000000,13096.445498,16661.959654,8834.622144,10170.175439,13194.755662,8888.614298,nan,nan,nan,nan,nan,nan,nan
955950,10,open_reference,2.6477,ThumbUp,IndexPoint,3262,3221,3415,2971,3101,3224,2967,13314.285714,12530.205950,17075.000000,8987.010676,10607.042254,12585.074627,8943.085106,nan,nan,nan,nan,nan,nan,nan
956000,10,open_reference,2.7107,ThumbUp,IndexPoint,3160,3196,3379,2960,3113,3216,2967,11490.909091,12087.208009,16045.530726,8866.960352,10778.207739,12439.590444,8943.085106,nan,nan,nan,nan,nan,nan,nan
956050,10,open_reference,2.7518,ThumbUp,IndexPoint,3184,3227,3377,2949,3097,3216,2966,11883.205269,12640.322581,15991.364903,8749.214660,10550.901804,12439.590444,8932.152347,nan,nan,nan,nan,nan,nan,nan
956100,10,open_reference,2.7727,ThumbUp,IndexPoint,3226,3199,3351,2946,3099,3201,2958,12621.864212,12139.062500,15313.709677,8717.493473,10578.915663,12173.825503,8845.382586,nan,nan,nan,nan,nan,nan,nan
956150,10,open_reference,2.8571,ThumbUp,IndexPoint,3177,3196,3360,2939,3089,3167,2960,11766.666667,12087.208009,15542.857143,8644.117647,10439.960239,11603.232759,8866.960352,nan,nan,nan,nan,nan,nan,nan
956200,10,open_reference,2.8998,ThumbUp,IndexPoint,3159,3185,3353,2937,3069,3199,2945,11475.000000,11900.000000,15364.150943,8623.316062,10170.175439,12139.062500,8706.956522,nan,nan,nan,nan,nan,nan,nan
956250,10,open_reference,2.9420,ThumbUp,IndexPoint,3182,3161,3419,2944,3079,3191,2948,11849.726177,11506.852248,17196.153846,8696.437880,10303.740157,12001.548673,8738.622493,nan,nan,nan,nan,nan,nan,nan
956300,10,open_reference,3.0049,ThumbUp,IndexPoint,3153,3168,3388,2947,3076,3178,2936,11380.254777,11619.417476,16293.069307,8728.048780,10263.395486,11783.206107,8612.942192,nan,nan,nan,nan,nan,nan,nan
956350,10,open_reference,3.0467,ThumbUp,IndexPoint,3124,3168,3373,2935,3062,3154,2937,10938.825953,11619.417476,15883.933518,8602.586207,10078.218780,11395.961743,8623.316062,nan,nan,nan,nan,nan,nan,nan
956400,10,open_reference,3.1092,ThumbUp,IndexPoint,3145,3169,3386,2958,3062,3168,2929,11255.789474,11635.637149,16237.517630,8845.382586,10078.218780,11619.417476,8540.823328,nan,nan,nan,nan,nan,nan,nan
956450,10,open_reference,3.1299,ThumbUp,IndexPoint,3130,3166,3358,2956,3061,3173,2918,11027.979275,11587.082885,15491.451832,8823.880597,10065.183752,11700.867679,8429.226848,nan,nan,nan,nan,nan,nan,nan
956500,10,open_reference,3.2129,ThumbUp,IndexPoint,3154,3166,3368,2934,3055,3142,2927,11395.961743,11587.082885,15751.306740,8592.248062,9987.500000,11209.653725,8520.376712,nan,nan,nan,nan,nan,nan,nan
956550,10,open_reference,3.2333,ThumbUp,IndexPoint,3155,3164,3375,2948,3070,3140,2921,11411.702128,11554.887218,15937.500000,8738.622493,10183.414634,11179.057592,8459.454855,nan,nan,nan,nan,nan,nan,nan
956600,10,open_reference,3.2972,ThumbUp,IndexPoint,3151,3184,3361,2951,3056,3144,2910,11348.940678,11883.205269,15568.664850,8770.454545,10000.384986,11240.378549,8349.367089,nan,nan,nan,nan,nan,nan,nan
956650,10,open_reference,3.3402,ThumbUp,IndexPoint,3139,3182,3346,2933,3047,3138,2922,11163.807531,11849.726177,15188.785047,8581.927711,9885.305344,11148.589342,8469.565217,nan,nan,nan,nan,nan,nan,nan
956700,10,open_reference,3.3821,ThumbUp,IndexPoint,3151,3177,3376,2938,3060,3126,2928,11348.940678,11766.666667,15964.394993,8633.707865,10052.173913,10968.421053,8530.591260,nan,nan,nan,nan,nan,nan,nan
956750,10,open_reference,3.4458,ThumbUp,IndexPoint,3144,3184,3341,2946,3063,3129,2926,11240.378549,11883.205269,15065.517241,8717.493473,10091.279070,11013.043478,8510.179641,nan,nan,nan,nan,nan,nan,nan
956800,10,open_reference,3.4873,ThumbUp,IndexPoint,3137,3172,3349,2947,3039,3167,2944,11133.402923,11684.507042,15263.538874,8728.048780,9784.659091,11603.232759,8696.437880,nan,nan,nan,nan,nan,nan,nan
956850,10,open_reference,3.5498,ThumbUp,IndexPoint,3128,3142,3360,2949,3044,3143,2933,10998.138573,11209.653725,15542.857143,8749.214660,9847.383444,11225.000000,8581.927711,nan,nan,nan,nan,nan,nan,nan
956900,10,open_reference,3.5923,ThumbUp,IndexPoint,3152,3172,3343,2945,3039,3135,2925,11364.581124,11684.507042,15114.627660,8706.956522,9784.659091,11103.125000,8500.000000,nan,nan,nan,nan,nan,nan,nan
956950,10,open_reference,3.6554,ThumbUp,IndexPoint,3151,3166,3332,2932,3032,3137,2943,11348.940678,11587.082885,14847.706422,8571.625107,9697.836312,11133.402923,8685.937500,nan,nan,nan,nan,nan,nan,nan
957000,10,open_reference,3.6974,ThumbUp,IndexPoint,3183,3149,3352,2937,3058,3167,2943,11866.447368,11317.758985,15338.896366,8623.316062,10026.229508,11603.232759,8685.937500,nan,nan,nan,nan,nan,nan,nan
957050,10,open_reference,3.7611,ThumbUp,IndexPoint,3146,3157,3381,2939,3057,3162,2938,11271.232877,11443.283582,16100.000000,8644.117647,10013.294798,11522.829582,8633.707865,nan,nan,nan,nan,nan,nan,nan
957100,10,open_reference,3.7825,ThumbUp,IndexPoint,3142,3141,3363,2942,3052,3143,2948,11209.653725,11194.339623,15620.491803,8675.455334,9948.993289,11225.000000,8738.622493,nan,nan,nan,nan,nan,nan,nan
957150,10,open_reference,3.8250,ThumbUp,IndexPoint,3110,3139,3376,2939,3050,3108,2945,10735.025381,11163.807531,15964.394993,8644.117647,9923.444976,10706.382979,8706.956522,nan,nan,nan,nan,nan,nan,nan
957200,10,open_reference,3.8888,ThumbUp,IndexPoint,3110,3153,3356,2956,3055,3095,2947,10735.025381,11380.254777,15440.324763,8823.880597,9987.500000,10523.000000,8728.048780,nan,nan,nan,nan,nan,nan,nan
957250,10,open_reference,3.9724,ThumbUp,IndexPoint,3119,3144,3338,2942,3038,3106,2960,10865.368852,11240.378549,14992.338177,8675.455334,9772.185430,10677.856421,8866.960352,nan,nan,nan,nan,nan,nan,nan
957300,10,open_reference,3.9938,ThumbUp,IndexPoint,3114,3148,3302,2947,3050,3102,2962,10792.660550,11302.217529,14157.377049,8728.048780,9923.444976,10621.148036,8888.614298,nan,nan,nan,nan,nan,nan,nan
957350,10,posture_hold,0.0211,ThumbUp,IndexPoint,3129,3152,3314,2934,3063,3096,2941,11013.043478,11364.581124,14427.144686,8592.248062,10091.279070,10536.936937,8664.991334,-0.017539,-0.034172,-0.094767,-0.016750,0.001296,-0.066430,-0.008426
957400,10,posture_hold,0.0621,ThumbUp,IndexPoint,3111,3149,3313,2914,3060,3093,2942,10749.390244,11317.758985,14404.347826,8389.161727,10052.173913,10495.209581,8675.455334,-0.041060,-0.038151,-0.096198,-0.039990,-0.002584,-0.070127,-0.007229
957450,10,posture_hold,0.1458,ThumbUp,IndexPoint,3092,3145,3329,2924,3053,3090,2940,10481.355932,11255.789474,14776.240209,8489.837746,9961.804223,10453.731343,8654.545455,-0.064971,-0.043417,-0.072863,-0.028470,-0.011551,-0.073802,-0.009621
957500,10,posture_hold,0.1664,ThumbUp,IndexPoint,3107,3151,3332,2923,3048,3070,2942,10692.105263,11348.940678,14847.706422,8479.692833,9897.994269,10183.414634,8675.455334,-0.046170,-0.035501,-0.068379,-0.029630,-0.017883,-0.097752,-0.007229
957550,10,posture_hold,0.2078,ThumbUp,IndexPoint,3090,3153,3327,2927,3040,3102,2926,10453.731343,11380.254777,14728.906250,8520.376712,9797.156398,10621.148036,8510.179641,-0.067435,-0.032840,-0.075833,-0.024975,-0.027888,-0.058969,-0.026142
957600,10,posture_hold,0.2500,ThumbUp,IndexPoint,3063,3138,3289,2934,3038,3104,2934,10091.279070,11148.589342,13874.193548,8592.248062,9772.185430,10649.445005,8592.248062,-0.099769,-0.052528,-0.129462,-0.016750,-0.030366,-0.056461,-0.016750
957650,10,posture_hold,0.3124,ThumbUp,IndexPoint,3085,3133,3279,2935,3048,3093,2934,10385.148515,11072.972973,13662.500000,8602.586207,9897.994269,10495.209581,8592.248062,-0.073553,-0.058954,-0.142745,-0.015567,-0.017883,-0.070127,-0.016750
957700,10,posture_hold,0.3756,ThumbUp,IndexPoint,3062,3142,3282,2921,3036,3109,2930,10078.218780,11209.653725,13725.461255,8459.454855,9747.308782,10720.689655,8551.072961,-0.100934,-0.047338,-0.138795,-0.031946,-0.032834,-0.050149,-0.021462
957750,10,posture_hold,0.4176,ThumbUp,IndexPoint,3038,3129,3300,2937,3044,3117,2927,9772.185430,11013.043478,14113.207547,8623.316062,9847.383444,10836.196319,8520.376712,-0.128235,-0.064047,-0.114465,-0.013195,-0.022904,-0.039915,-0.024975
957800,10,posture_hold,0.4809,ThumbUp,IndexPoint,3070,3143,3291,2937,3022,3092,2904,10183.414634,11225.000000,13917.164179,8623.316062,9575.768872,10481.355932,8290.176322,-0.091550,-0.046034,-0.126766,-0.013195,-0.049855,-0.071354,-0.051318
957850,10,posture_hold,0.5231,ThumbUp,IndexPoint,3100,3143,3272,2941,3028,3121,2930,10592.964824,11225.000000,13517.375456,8664.991334,9648.734770,10894.661191,8551.072961,-0.055014,-0.046034,-0.151851,-0.008426,-0.042615,-0.034735,-0.021462
957900,10,posture_hold,0.5439,ThumbUp,IndexPoint,3086,3139,3312,2942,3051,3118,2937,10398.810704,11163.807531,14381.609195,8675.455334,9936.206897,10850.767656,8623.316062,-0.072334,-0.051234,-0.097625,-0.007229,-0.014091,-0.038624,-0.013195
957950,10,posture_hold,0.6071,ThumbUp,IndexPoint,3086,3133,3267,2940,3055,3100,2960,10398.810704,11072.972973,13415.217391,8654.545455,9987.500000,10592.964824,8866.960352,-0.072334,-0.058954,-0.158261,-0.009621,-0.009001,-0.061466,0.014686
958000,10,posture_hold,0.6906,ThumbUp,IndexPoint,3060,3122,3267,2922,3046,3110,2982,10052.173913,10909.352518,13415.217391,8469.565217,9872.640610,10735.025381,9109.433962,-0.103257,-0.072860,-0.158261,-0.030789,-0.020398,-0.048879,0.042434
958050,10,posture_hold,0.6907,ThumbUp,IndexPoint,3066,3122,3293,2929,3046,3122,2983,10130.612245,10909.352518,13960.349127,8540.823328,9872.640610,10909.352518,9120.683453,-0.096260,-0.072860,-0.124057,-0.022635,-0.020398,-0.033434,0.043721
958100,10,posture_hold,0.7747,ThumbUp,IndexPoint,3136,3122,3289,2936,3054,3130,2979,11118.248175,10909.352518,13874.193548,8612.942192,9974.639769,11027.979275,9075.806452,-0.008154,-0.072860,-0.129462,-0.014382,-0.010278,-0.022923,0.038585
958150,10,posture_hold,0.7954,ThumbUp,IndexPoint,3117,3111,3308,2926,3047,3158,2995,10836.196319,10749.390244,14291.232529,8510.179641,9885.305344,11459.124867,9257.272727,-0.033316,-0.086454,-0.103295,-0.026142,-0.019142,0.015276,0.059351
958200,10,posture_hold,0.8587,ThumbUp,IndexPoint,3117,3104,3312,2944,3053,3176,2960,10836.196319,10649.445005,14381.609195,8696.437880,9961.804223,11750.163221,8866.960352,-0.033316,-0.094948,-0.097625,-0.004827,-0.011551,0.041062,0.014686
958250,10,posture_hold,0.9004,ThumbUp,IndexPoint,3113,3104,3296,2943,3049,3181,2952,10778.207739,10649.445005,14025.531915,8685.937500,9910.707457,11833.041575,8781.102362,-0.038489,-0.094948,-0.119967,-0.006029,-0.016621,0.048405,0.004861
958300,10,posture_hold,0.9627,ThumbUp,IndexPoint,3098,3109,3281,2943,3030,3170,2963,10564.894684,10720.689655,13704.422604,8685.937500,9673.239437,11651.891892,8899.469965,-0.057518,-0.088893,-0.140115,-0.006029,-0.040184,0.032355,0.018407
958350,10,posture_hold,1.0052,ThumbUp,IndexPoint,3075,3104,3304,2947,3042,3171,2960,10250.000000,10649.445005,14201.769912,8728.048780,9822.222222,11668.181818,8866.960352,-0.085610,-0.094948,-0.108909,-0.001210,-0.025401,0.033798,0.014686
958400,10,posture_hold,1.0673,ThumbUp,IndexPoint,3088,3103,3295,2960,3056,3143,2966,10426.216485,10635.282258,14003.750000,8866.960352,10000.384986,11225.000000,8932.152347,-0.069890,-0.096152,-0.121333,0.014686,-0.007723,-0.005467,0.022146
958450,10,posture_hold,1.1100,ThumbUp,IndexPoint,3087,3082,3296,2948,3044,3130,2977,10412.500000,10344.323791,14025.531915,8738.622493,9847.383444,11027.979275,9053.488372,-0.071113,-0.120879,-0.119967,0.000000,-0.022904,-0.022923,0.036032
958500,10,posture_hold,1.1741,ThumbUp,IndexPoint,3083,3070,3303,2955,3041,3115,2989,10357.905138,10183.414634,14179.545455,8813.157895,9809.677419,10807.142857,9188.607595,-0.075983,-0.134554,-0.110303,0.008529,-0.026646,-0.042489,0.051494
958550,10,posture_hold,1.2163,ThumbUp,IndexPoint,3088,3079,3310,2949,3051,3092,2982,10426.216485,10303.740157,14336.305732,8749.214660,9936.206897,10481.355932,9109.433962,-0.069890,-0.124328,-0.100467,0.001212,-0.014091,-0.071354,0.042434
958600,10,posture_hold,1.2584,ThumbUp,IndexPoint,3108,3082,3308,2944,3048,3108,2986,10706.382979,10344.323791,14291.232529,8696.437880,9897.994269,10706.382979,9154.553652,-0.044896,-0.120879,-0.103295,-0.004827,-0.017883,-0.051417,0.047597
958650,10,posture_hold,1.3219,ThumbUp,IndexPoint,3104,3076,3308,2960,3054,3098,2988,10649.445005,10263.395486,14291.232529,8866.960352,9974.639769,10564.894684,9177.235772,-0.049976,-0.127757,-0.103295,0.014686,-0.010278,-0.063953,0.050192
958700,10,posture_hold,1.3644,ThumbUp,IndexPoint,3091,3098,3296,2957,3043,3100,2980,10467.529880,10564.894684,14025.531915,8834.622144,9834.790875,10592.964824,9086.995516,-0.066204,-0.102134,-0.119967,0.010986,-0.024154,-0.061466,0.039866
958750,10,posture_hold,1.4276,ThumbUp,IndexPoint,3089,3096,3306,2943,3027,3096,2988,10439.960239,10536.936937,14246.387833,8685.937500,9636.516854,10536.936937,9177.235772,-0.068663,-0.104510,-0.106109,-0.006029,-0.043827,-0.066430,0.050192
958800,10,posture_hold,1.4499,ThumbUp,IndexPoint,3065,3088,3291,2944,3036,3107,2971,10117.475728,10426.216485,13917.164179,8696.437880,9747.308782,10692.105263,8987.010676,-0.097432,-0.113919,-0.126766,-0.004827,-0.032834,-0.052682,0.028424
958850,10,posture_hold,1.5147,ThumbUp,IndexPoint,3071,3089,3292,2947,3040,3114,2955,10196.679688,10439.960239,13938.729763,8728.048780,9797.156398,10792.660550,8813.157895,-0.090366,-0.112751,-0.125413,-0.001210,-0.027888,-0.043773,0.008529
958900,10,posture_hold,1.5576,ThumbUp,IndexPoint,3057,3087,3282,2937,3031,3118,2960,10013.294798,10412.500000,13725.461255,8623.316062,9685.526316,10850.767656,8866.960352,-0.106726,-0.115085,-0.138795,-0.013195,-0.038964,-0.038624,0.014686
958950,10,posture_hold,1.6206,ThumbUp,IndexPoint,3046,3083,3292,2960,3031,3142,2969,9872.640610,10357.905138,13938.729763,8866.960352,9685.526316,11209.653725,8965.008881,-0.119273,-0.119725,-0.125413,0.014686,-0.038964,-0.006827,0.025906
959000,10,posture_hold,1.6624,ThumbUp,IndexPoint,3059,3093,3311,2947,3041,3117,2968,10039.189189,10495.209581,14358.928571,8728.048780,9809.677419,10836.196319,8954.037267,-0.104416,-0.108056,-0.099048,-0.001210,-0.026646,-0.039915,0.024651
959050,10,posture_hold,1.7259,ThumbUp,IndexPoint,3064,3098,3278,2941,3031,3148,2972,10104.364694,10564.894684,13641.615667,8664.991334,9685.526316,11302.217529,8998.040962,-0.098602,-0.102134,-0.144055,-0.008426,-0.038964,0.001374,0.029686
959100,10,posture_hold,1.7469,ThumbUp,IndexPoint,3050,3091,3281,2956,3036,3138,2968,9923.444976,10467.529880,13704.422604,8823.880597,9747.308782,11148.589342,8954.037267,-0.114741,-0.110408,-0.140115,0.009756,-0.032834,-0.012237,0.024651
959150,10,posture_hold,1.8106,ThumbUp,IndexPoint,3057,3108,3300,2962,3054,3123,2961,10013.294798,10706.382979,14113.207547,8888.614298,9974.639769,10924.074074,8877.777778,-0.106726,-0.090109,-0.114465,0.017164,-0.010278,-0.032129,0.015924
959200,10,posture_hold,1.8533,ThumbUp,IndexPoint,3055,3106,3286,2952,3048,3143,2965,9987.500000,10677.856421,13810.135970,8781.102362,9897.994269,11225.000000,8921.238938,-0.109027,-0.092533,-0.133482,0.004861,-0.017883,-0.005467,0.020898
959250,10,posture_hold,1.8959,ThumbUp,IndexPoint,3045,3100,3283,2953,3048,3138,2957,9860.000000,10592.964824,13746.551724,8791.768827,9897.994269,11148.589342,8834.622144,-0.120401,-0.099748,-0.137471,0.006082,-0.017883,-0.012237,0.010986
959300,10,posture_hold,1.9799,ThumbUp,IndexPoint,3041,3102,3323,2969,3070,3108,2944,9809.677419,10621.148036,14634.974093,8965.008881,10183.414634,10706.382979,8696.437880,-0.124890,-0.097353,-0.081727,0.025906,0.010438,-0.051417,-0.004827
959350,10,posture_hold,2.0013,ThumbUp,IndexPoint,3037,3117,3303,2945,3056,3110,2934,9759.735350,10836.196319,14179.545455,8706.956522,10000.384986,10735.025381,8592.248062,-0.129346,-0.079077,-0.110303,-0.003624,-0.007723,-0.048879,-0.016750
959400,10,posture_hold,2.0647,ThumbUp,IndexPoint,3032,3104,3318,2965,3059,3115,2926,9697.836312,10649.445005,14518.918919,8921.238938,10039.189189,10807.142857,8510.179641,-0.134867,-0.094948,-0.089009,0.020898,-0.003873,-0.042489,-0.026142
959450,10,posture_hold,2.1073,ThumbUp,IndexPoint,3035,3108,3324,2966,3046,3102,2914,9734.905660,10706.382979,14658.365759,8932.152347,9872.640610,10621.148036,8389.161727,-0.131561,-0.090109,-0.080259,0.022146,-0.020398,-0.058969,-0.039990
959500,10,posture_hold,2.1913,ThumbUp,IndexPoint,3039,3115,3326,2957,3032,3119,2938,9784.659091,10807.142857,14705.331599,8834.622144,9697.836312,10865.368852,8633.707865,-0.127122,-0.081546,-0.077313,0.010986,-0.037743,-0.037331,-0.012006
959550,10,posture_hold,2.2125,ThumbUp,IndexPoint,3031,3121,3336,2967,3048,3094,2919,9685.526316,10894.661191,14943.873518,8943.085106,9897.994269,10509.090909,8439.285714,-0.135966,-0.074108,-0.062345,0.023398,-0.017883,-0.068897,-0.034254
959600,10,posture_hold,2.2963,ThumbUp,IndexPoint,3037,3120,3307,2958,3044,3092,2911,9759.735350,10880.000000,14268.781726,8845.382586,9847.383444,10481.355932,8359.290541,-0.129346,-0.075354,-0.104704,0.012217,-0.022904,-0.071354,-0.043409
959650,10,posture_hold,2.2966,ThumbUp,IndexPoint,3033,3110,3301,2951,3037,3091,2922,9710.169492,10735.025381,14135.264484,8770.454545,9759.735350,10467.529880,8469.565217,-0.133767,-0.087675,-0.113081,0.003643,-0.031601,-0.072579,-0.030789
959700,10,posture_hold,2.3588,ThumbUp,IndexPoint,3026,3103,3299,2955,3056,3084,2957,9624.321796,10635.282258,14091.206030,8813.157895,10000.384986,10371.513353,8834.622144,-0.141426,-0.096152,-0.115846,0.008529,-0.007723,-0.081086,0.010986
959750,10,posture_hold,2.4005,ThumbUp,IndexPoint,3049,3122,3315,2985,3078,3131,3002,9910.707457,10909.352518,14450.000000,9143.243243,10290.265487,11042.946058,9338.334858,-0.115877,-0.072860,-0.093333,0.046303,0.021040,-0.021597,0.068628
959800,10,posture_hold,2.4629,ThumbUp,IndexPoint,3112,3510,3660,3076,3344,3255,2999,10763.784334,20400.000000,28606.896552,10263.395486,15139.280959,13175.000000,9303.467153,-0.039775,0.733711,0.794943,0.174487,0.502178,0.167302,0.064638
959850,10,posture_hold,2.5043,ThumbUp,IndexPoint,3276,3466,3473,3552,3214,3513,3055,13600.000000,18735.135135,18984.244373,22240.883978,12403.632236,20522.680412,9987.500000,0.213240,0.592221,0.191168,1.545125,0.230737,0.818305,0.142915
959900,10,posture_hold,2.5672,ThumbUp,IndexPoint,3403,3486,3261,3297,3200,3561,3033,16719.942197,19462.068966,13294.244604,14047.368421,12156.424581,22673.033708,9710.169492,0.491566,0.654000,-0.165851,0.607504,0.206208,1.008826,0.111179
959950,10,posture_hold,2.6098,ThumbUp,IndexPoint,3299,3342,3289,3059,3247,3408,3095,14091.206030,15090.039841,13874.193548,10039.189189,13018.632075,16866.375546,10523.000000,0.257060,0.282440,-0.129462,0.148830,0.291759,0.494357,0.204194
960000,10,posture_hold,2.6737,ThumbUp,IndexPoint,3234,3264,3415,3112,3250,3449,3165,12770.731707,13354.512635,17075.000000,10763.784334,13076.923077,18152.631579,11570.967742,0.139262,0.134944,0.071373,0.231748,0.297543,0.608319,0.324118
960050,10,posture_hold,2.7147,ThumbUp,IndexPoint,3336,3282,3345,3190,3247,3395,3121,14943.873518,13725.461255,15164.000000,11984.530387,13018.632075,16490.000000,10894.661191,0.333125,0.166470,-0.048533,0.371444,0.291759,0.461010,0.246725
960100,10,posture_hold,2.7569,ThumbUp,IndexPoint,3256,3263,3430,3129,3177,3355,3070,13194.755662,13334.375000,17536.842105,11013.043478,11766.666667,15414.864865,10183.414634,0.177089,0.133233,0.100351,0.260272,0.167534,0.365754,0.165334
960150,10,posture_hold,2.7985,ThumbUp,IndexPoint,3174,3260,3393,3089,3167,3336,3102,11717.263844,13274.251497,16433.333333,10439.960239,11603.232759,14943.873518,10621.148036,0.045283,0.128123,0.031111,0.194692,0.151318,0.324024,0.215426
960200,10,posture_hold,2.9044,ThumbUp,IndexPoint,3206,3282,3304,3080,3183,3341,3101,12261.417323,13725.461255,14201.769912,10317.241379,11866.447368,15065.517241,10607.042254,0.093827,0.166470,-0.108909,0.180648,0.177435,0.334802,0.213812
960250,10,posture_hold,2.9259,ThumbUp,IndexPoint,3223,3209,3286,3217,3163,3273,3114,12566.743119,12314.446953,13810.135970,12457.630979,11538.841202,13537.956204,10792.660550,0.121064,0.046554,-0.133482,0.425583,0.144929,0.199460,0.235053
960300,10,posture_hold,2.9668,ThumbUp,IndexPoint,3237,3303,3326,3083,3193,3264,3116,12827.272727,14179.545455,14705.331599,10357.905138,12035.698448,13354.512635,10821.654750,0.144306,0.205061,-0.077313,0.185302,0.194229,0.183207,0.238371
960350,10,posture_hold,3.0300,ThumbUp,IndexPoint,3206,3379,3353,3033,3129,3251,3115,12261.417323,16045.530726,15364.150943,9710.169492,11013.043478,13096.445498,10807.142857,0.093827,0.363643,-0.035975,0.111179,0.092757,0.160342,0.236710
960400,10,posture_hold,3.0724,ThumbUp,IndexPoint,3216,3323,3375,3027,3093,3256,3057,12439.590444,14634.974093,15937.500000,9636.516854,10495.209581,13194.755662,10013.294798,0.109721,0.243766,0.000000,0.102750,0.041375,0.169053,0.145867
960450,10,posture_hold,3.0934,ThumbUp,IndexPoint,3247,3449,3341,3040,3101,3234,3090,13018.632075,18152.631579,15065.517241,9797.156398,10607.042254,12770.731707,10453.731343,0.161377,0.542717,-0.054713,0.121133,0.052472,0.131484,0.196268
960500,10,posture_hold,3.1571,ThumbUp,IndexPoint,3226,3411,3321,3051,3094,3220,3099,12621.864212,16955.263158,14588.372093,9936.206897,10509.090909,12512.000000,10578.915663,0.125982,0.440957,-0.084651,0.137045,0.042753,0.108561,0.210593
960550,10,posture_hold,3.2207,ThumbUp,IndexPoint,3209,3395,3299,3023,3064,3175,3081,12314.446953,16490.000000,14091.206030,9587.873134,10104.364694,11733.695652,10330.769231,0.098557,0.401416,-0.115846,0.097184,0.002594,0.039603,0.182197
960600,10,posture_hold,3.2843,ThumbUp,IndexPoint,3192,3344,3271,3032,3072,3205,3085,12018.604651,15139.280959,13496.844660,9697.836312,10209.970674,12243.820225,10385.148515,0.072166,0.286624,-0.153139,0.109767,0.013073,0.084800,0.188419
960650,10,posture_hold,3.3054,ThumbUp,IndexPoint,3247,3251,3295,3011,3112,3192,3041,13018.632075,13096.445498,14003.750000,9444.095941,10763.784334,12018.604651,9809.677419,0.161377,0.113012,-0.121333,0.080731,0.068024,0.064846,0.122566
960700,10,posture_hold,3.3475,ThumbUp,IndexPoint,3257,3243,3267,3023,3091,3190,3024,13214.558473,12941.549296,13415.217391,9587.873134,10467.529880,11984.530387,9600.000000,0.178855,0.099848,-0.158261,0.097184,0.038629,0.061827,0.098571
960750,10,posture_hold,3.3896,ThumbUp,IndexPoint,3220,3376,3222,3024,3122,3145,3045,12512.000000,15964.394993,12548.453608,9600.000000,10909.352518,11255.789474,9860.000000,0.116181,0.356747,-0.212646,0.098571,0.082468,-0.002739,0.128324
960800,10,posture_hold,3.4744,ThumbUp,IndexPoint,3231,3372,3241,2975,3084,3163,3060,12714.583333,15857.261411,12903.278689,9031.250000,10371.513353,11538.841202,10052.173913,0.134253,0.347643,-0.190383,0.033487,0.029102,0.022339,0.150316
960850,10,posture_hold,3.5156,ThumbUp,IndexPoint,3206,3320,3240,2961,3033,3182,3098,12261.417323,14565.161290,12884.210526,8877.777778,9710.169492,11849.726177,10564.894684,0.093827,0.237832,-0.191579,0.015924,-0.036519,0.049883,0.208989
960900,10,posture_hold,3.5781,ThumbUp,IndexPoint,3193,3390,3291,3000,3073,3162,3090,12035.698448,16348.936170,13917.164179,9315.068493,10223.287671,11522.829582,10453.731343,0.073690,0.389428,-0.126766,0.065965,0.014394,0.020920,0.196268
960950,10,posture_hold,3.6198,ThumbUp,IndexPoint,3201,3322,3319,2991,3053,3155,3058,12173.825503,14611.642950,14542.010309,9211.413043,9961.804223,11411.702128,10026.229508,0.086013,0.241783,-0.087560,0.054104,-0.011551,0.011074,0.147347
961000,10,posture_hold,3.6619,ThumbUp,IndexPoint,3193,3289,3245,3014,3020,3166,3070,12035.698448,13874.193548,12980.000000,9479.740981,9551.627907,11587.082885,10183.414634,0.073690,0.179110,-0.185569,0.084810,-0.052250,0.026613,0.165334
961050,10,posture_hold,3.7036,ThumbUp,IndexPoint,3181,3266,3289,3028,3044,3160,3072,11833.041575,13394.933655,13874.193548,9648.734770,9847.383444,11490.909091,10209.970674,0.055612,0.138380,-0.129462,0.104148,-0.022904,0.018092,0.168373
961100,10,posture_hold,3.7669,ThumbUp,IndexPoint,3161,3341,3290,3013,3027,3170,3104,11506.852248,15065.517241,13895.652174,9467.837338,9636.516854,11651.891892,10649.445005,0.026513,0.280356,-0.128116,0.083447,-0.043827,0.032355,0.218664
961150,10,posture_hold,3.8284,ThumbUp,IndexPoint,3174,3205,3274,3005,3037,3167,3057,11717.263844,12243.820225,13558.587089,9373.394495,9759.735350,11603.232759,10013.294798,0.045283,0.040551,-0.149265,0.072640,-0.031601,0.028044,0.145867
961200,10,posture_hold,3.8711,ThumbUp,IndexPoint,3162,3311,3254,3006,3020,3206,3057,11522.829582,14358.928571,13155.291320,9385.123967,9551.627907,12261.417323,10013.294798,0.027938,0.220306,-0.174570,0.073982,-0.052250,0.086359,0.145867
961250,10,posture_hold,3.9128,ThumbUp,IndexPoint,3167,3327,3282,3015,2997,3185,3010,11603.232759,14728.906250,13725.461255,9491.666667,9280.327869,11900.000000,9432.258065,0.035111,0.251748,-0.138795,0.086174,-0.079170,0.054337,0.079376
961300,10,posture_hold,3.9971,ThumbUp,IndexPoint,3154,3384,3314,3007,2996,3183,3028,11395.961743,16182.278481,14427.144686,9396.875000,9268.789809,11866.447368,9648.734770,0.016620,0.375264,-0.094767,0.075327,-0.080315,0.051365,0.104148
961350,10,posture_hold,3.9973,ThumbUp,IndexPoint,3144,3233,3289,3023,3026,3167,3030,11240.378549,12751.972158,13874.193548,9587.873134,9624.321796,11603.232759,9673.239437,0.002741,0.083737,-0.129462,0.097184,-0.045037,0.028044,0.106952
961400,10,posture_hold,4.0814,ThumbUp,IndexPoint,3153,3186,3277,2988,3037,3171,3032,11380.254777,11916.831683,13620.782396,9177.235772,9759.735350,11668.181818,9697.836312,0.015219,0.012762,-0.145363,0.050192,-0.031601,0.033798,0.109767
961450,10,posture_hold,4.1232,ThumbUp,IndexPoint,3156,3329,3225,2989,3075,3173,3050,11427.476038,14776.240209,12603.448276,9188.607595,10250.000000,11700.867679,9923.444976,0.019432,0.255771,-0.209195,0.051494,0.017045,0.036694,0.135585
961500,10,posture_hold,4.1870,ThumbUp,IndexPoint,3149,3283,3201,3006,3056,3126,3031,11317.758985,13746.551724,12173.825503,9385.123967,10000.384986,10968.421053,9685.526316,0.009644,0.168262,-0.236152,0.073982,-0.007723,-0.028200,0.108358
961550,10,posture_hold,4.2086,ThumbUp,IndexPoint,3160,3308,3182,3007,3052,3130,3034,11490.909091,14291.232529,11849.726177,9396.875000,9948.993289,11027.979275,9722.525919,0.025090,0.214552,-0.256488,0.075327,-0.012822,-0.022923,0.112593
961600,10,posture_hold,4.2723,ThumbUp,IndexPoint,3157,3212,3186,2996,3050,3152,3063,11443.283582,12367.836920,11916.831683,9268.789809,9923.444976,11364.581124,10091.279070,0.020842,0.051091,-0.252277,0.060669,-0.015357,0.006899,0.154791
961650,10,posture_hold,4.3147,ThumbUp,IndexPoint,3145,3195,3199,3003,3026,3149,3060,11255.789474,12070.000000,12139.062500,9350.000000,9624.321796,11317.758985,10052.173913,0.004116,0.025779,-0.238333,0.069963,-0.045037,0.002751,0.150316
961700,10,posture_hold,4.3777,ThumbUp,IndexPoint,3160,3203,3220,2985,3032,3134,3010,11490.909091,12208.744395,12512.000000,9143.243243,9697.836312,11088.033299,9432.258065,0.025090,0.037570,-0.214933,0.046303,-0.037743,-0.017603,0.079376
961750,10,posture_hold,4.4200,ThumbUp,IndexPoint,3155,3225,3198,2987,3021,3146,2976,11411.702128,12603.448276,12121.739130,9165.884477,9563.687151,11271.232877,9042.359249,0.018024,0.071115,-0.239420,0.048894,-0.051054,-0.001371,0.034758
961800,10,posture_hold,4.4619,ThumbUp,IndexPoint,3164,3186,3215,2983,3016,3133,2983,11554.887218,11916.831683,12421.590909,9120.683453,9503.614458,11072.972973,9120.683453,0.030798,0.012762,-0.220606,0.043721,-0.057014,-0.018937,0.043721
961850,10,posture_hold,4.5462,ThumbUp,IndexPoint,3174,3215,3194,2964,3048,3124,2965,11717.263844,12421.590909,12052.830189,8910.344828,9897.994269,10938.825953,8921.238938,0.045283,0.055659,-0.243744,0.019651,-0.017883,-0.030822,0.020898
961900,10,posture_hold,4.5464,ThumbUp,IndexPoint,3167,3229,3199,2963,3024,3144,2969,11603.232759,12677.367206,12139.062500,8899.469965,9600.000000,11240.378549,8965.008881,0.035111,0.077397,-0.238333,0.018407,-0.047451,-0.004105,0.025906
961950,10,posture_hold,4.5882,ThumbUp,IndexPoint,3159,3321,3186,2960,3024,3128,2960,11475.000000,14588.372093,11916.831683,8866.960352,9600.000000,10998.138573,8866.960352,0.023671,0.239805,-0.252277,0.014686,-0.047451,-0.025567,0.014686
962000,10,posture_hold,4.6725,ThumbUp,IndexPoint,3178,3244,3208,2977,3015,3129,2947,11783.206107,12960.752056,12296.730552,9053.488372,9491.666667,11013.043478,8728.048780,0.051166,0.101480,-0.228440,0.036032,-0.058200,-0.024247,-0.001210
962050,10,posture_hold,4.6930,ThumbUp,IndexPoint,3173,3189,3182,2981,3005,3143,2993,11700.867679,11967.549669,11849.726177,9098.204668,9373.394495,11225.000000,9234.301270,0.043821,0.017072,-0.256488,0.041149,-0.069935,-0.005467,0.056723
962100,10,posture_hold,4.7561,ThumbUp,IndexPoint,3152,3227,3168,3002,3059,3116,2953,11364.581124,12640.322581,11619.417476,9338.334858,10039.189189,10821.654750,8791.768827,0.013821,0.074248,-0.270939,0.068628,-0.003873,-0.041204,0.006082
962150,10,posture_hold,4.8190,ThumbUp,IndexPoint,3157,3277,3154,3000,3017,3091,2972,11443.283582,13620.782396,11395.961743,9315.068493,9515.584416,10467.529880,8998.040962,0.020842,0.157574,-0.284959,0.065965,-0.055827,-0.072579,0.029686
962200,10,posture_hold,4.8821,ThumbUp,IndexPoint,3161,3184,3157,2992,3051,3118,2964,11506.852248,11883.205269,11443.283582,9222.846782,9936.206897,10850.767656,8910.344828,0.026513,0.009904,-0.281990,0.055412,-0.014091,-0.038624,0.019651
962250,10,posture_hold,4.9035,ThumbUp,IndexPoint,3157,3246,3180,3008,3020,3119,2930,11443.283582,12999.293286,11816.393443,9408.647654,9551.627907,10865.368852,8551.072961,0.020842,0.104756,-0.258579,0.076674,-0.052250,-0.037331,-0.021462
962300,10,posture_hold,4.9676,ThumbUp,IndexPoint,3165,3221,3186,3022,2994,3093,2957,11570.967742,12530.205950,11916.831683,9575.768872,9245.776567,10495.209581,8834.622144,0.032232,0.064890,-0.252277,0.095798,-0.082598,-0.070127,0.010986
