esp32_t_ms,trial_id,phase,phase_elapsed_s,true_label,final_prediction,Thumb_raw_ADC,Index_raw_ADC,Middle_raw_ADC,Ring_raw_ADC,Little_raw_ADC,ReverseHorizontal_raw_ADC,ReverseThumb_raw_ADC,Thumb_R_ohm,Index_R_ohm,Middle_R_ohm,Ring_R_ohm,Little_R_ohm,ReverseHorizontal_R_ohm,ReverseThumb_R_ohm,Thumb_local_dR_over_Ropen,Index_local_dR_over_Ropen,Middle_local_dR_over_Ropen,Ring_local_dR_over_Ropen,Little_local_dR_over_Ropen,ReverseHorizontal_local_dR_over_Ropen,ReverseThumb_local_dR_over_Ropen
848800,1,open_reference,0.0626,IndexPoint,Uncertain,2916,2897,2736,2809,2900,3403,2860,8409.160305,8221.869783,6845.033113,7426.594090,8251.046025,16719.942197,7873.684211,nan,nan,nan,nan,nan,nan,nan
848850,1,open_reference,0.1121,IndexPoint,Uncertain,2913,2897,2729,2800,2892,3397,2869,8379.187817,8221.869783,6792.532943,7351.351351,8173.566085,16546.991404,7956.443719,nan,nan,nan,nan,nan,nan,nan
848900,1,open_reference,0.1539,IndexPoint,Uncertain,2907,2886,2737,2805,2896,3391,2869,8319.696970,8116.129032,6852.577320,7393.023256,8212.176814,16376.988636,7956.443719,nan,nan,nan,nan,nan,nan,nan
848950,1,open_reference,0.2172,IndexPoint,Uncertain,2908,2895,2736,2801,2889,3380,2862,8329.570345,8202.500000,6845.033113,7359.659969,8144.776119,16072.727273,7891.970803,nan,nan,nan,nan,nan,nan,nan
849000,1,open_reference,0.2797,IndexPoint,Uncertain,2910,2891,2726,2796,2880,3395,2868,8349.367089,8163.953488,6770.197224,7318.244804,8059.259259,16490.000000,7947.188264,nan,nan,nan,nan,nan,nan,nan
849050,1,open_reference,0.3006,IndexPoint,Uncertain,2901,2885,2739,2802,2891,3396,2867,8260.804020,8106.611570,6867.699115,7367.981439,8163.953488,16518.454936,7937.947883,nan,nan,nan,nan,nan,nan,nan
849100,1,open_reference,0.3635,IndexPoint,Uncertain,2905,2888,2736,2798,2887,3391,2859,8300.000000,8135.211268,6845.033113,7334.772552,8125.662252,16376.988636,7864.563107,nan,nan,nan,nan,nan,nan,nan
849150,1,open_reference,0.4042,IndexPoint,Uncertain,2907,2888,2726,2792,2880,3402,2864,8319.696970,8135.211268,6770.197224,7285.341520,8059.259259,16690.909091,7910.316816,nan,nan,nan,nan,nan,nan,nan
849200,1,open_reference,0.4456,IndexPoint,Uncertain,2898,2887,2739,2802,2888,3407,2864,8231.578947,8125.662252,6867.699115,7367.981439,8135.211268,16836.918605,7910.316816,nan,nan,nan,nan,nan,nan,nan
849250,1,open_reference,0.5494,IndexPoint,Uncertain,2912,2892,2736,2799,2884,3391,2851,8369.230769,8173.566085,6845.033113,7343.055556,8097.109827,16376.988636,7792.122186,nan,nan,nan,nan,nan,nan,nan
849300,1,open_reference,0.5706,IndexPoint,Uncertain,2919,2889,2726,2794,2881,3401,2861,8439.285714,8144.776119,6770.197224,7301.767871,8068.698517,16661.959654,7882.820097,nan,nan,nan,nan,nan,nan,nan
849350,1,open_reference,0.6122,IndexPoint,Uncertain,2911,2878,2737,2804,2885,3386,2861,8359.290541,8040.427280,6852.577320,7384.663052,8106.611570,16237.517630,7882.820097,nan,nan,nan,nan,nan,nan,nan
849400,1,open_reference,0.6745,IndexPoint,Uncertain,2919,2911,2737,2807,2883,3377,2858,8439.285714,8359.290541,6852.577320,7409.782609,8087.623762,15991.364903,7855.456750,nan,nan,nan,nan,nan,nan,nan
849450,1,open_reference,0.7166,IndexPoint,Uncertain,2914,2910,2728,2798,2878,3389,2882,8389.161727,8349.367089,6785.076811,7334.772552,8040.427280,16320.963173,8078.153339,nan,nan,nan,nan,nan,nan,nan
849500,1,open_reference,0.7578,IndexPoint,Uncertain,2909,2894,2736,2803,2890,3383,2879,8339.460371,8192.839301,6845.033113,7376.315789,8154.356846,16154.775281,8049.835526,nan,nan,nan,nan,nan,nan,nan
849550,1,open_reference,0.8202,IndexPoint,Uncertain,2921,2912,2736,2806,2892,3385,2869,8459.454855,8369.230769,6845.033113,7401.396431,8173.566085,16209.859155,7956.443719,nan,nan,nan,nan,nan,nan,nan
849600,1,open_reference,0.8624,IndexPoint,Uncertain,2916,2909,2726,2799,2882,3391,2879,8409.160305,8339.460371,6770.197224,7343.055556,8078.153339,16376.988636,8049.835526,nan,nan,nan,nan,nan,nan,nan
849650,1,open_reference,0.9258,IndexPoint,Uncertain,2904,2901,2737,2801,2890,3389,2879,8290.176322,8260.804020,6852.577320,7359.659969,8154.356846,16320.963173,8049.835526,nan,nan,nan,nan,nan,nan,nan
849700,1,open_reference,0.9476,IndexPoint,Uncertain,2917,2902,2736,2801,2889,3386,2870,8419.185059,8270.578374,6845.033113,7359.659969,8144.776119,16237.517630,7965.714286,nan,nan,nan,nan,nan,nan,nan
849750,1,open_reference,1.0119,IndexPoint,Uncertain,2913,2901,2726,2790,2878,3392,2880,8379.187817,8260.804020,6770.197224,7268.965517,8040.427280,16405.120910,8059.259259,nan,nan,nan,nan,nan,nan,nan
849800,1,open_reference,1.0542,IndexPoint,Uncertain,2907,2896,2737,2798,2882,3404,2879,8319.696970,8212.176814,6852.577320,7334.772552,8078.153339,16749.059334,8049.835526,nan,nan,nan,nan,nan,nan,nan
849850,1,open_reference,1.0958,IndexPoint,Uncertain,2919,2922,2735,2800,2884,3469,2877,8439.285714,8469.565217,6837.500000,7351.351351,8097.109827,18841.214058,8031.034483,nan,nan,nan,nan,nan,nan,nan
849900,1,open_reference,1.1591,IndexPoint,Uncertain,2923,2916,2723,2792,2879,3412,2882,8479.692833,8409.160305,6747.959184,7285.341520,8049.835526,16985.065886,8078.153339,nan,nan,nan,nan,nan,nan,nan
849950,1,open_reference,1.2215,IndexPoint,Uncertain,2913,2900,2735,2800,2885,3443,2874,8379.187817,8251.046025,6837.500000,7351.351351,8106.611570,17954.294479,8002.948403,nan,nan,nan,nan,nan,nan,nan
850000,1,open_reference,1.2840,IndexPoint,Uncertain,2922,2905,2734,2801,2882,3409,2863,8469.565217,8300.000000,6829.977957,7359.659969,8078.153339,16895.918367,7901.136364,nan,nan,nan,nan,nan,nan,nan
850050,1,open_reference,1.3051,IndexPoint,Uncertain,2917,2899,2721,2792,2872,3393,2874,8419.185059,8241.304348,6733.187773,7285.341520,7984.300899,16433.333333,8002.948403,nan,nan,nan,nan,nan,nan,nan
850100,1,open_reference,1.3685,IndexPoint,Uncertain,2905,2898,2733,2800,2879,3385,2876,8300.000000,8231.578947,6822.466960,7351.351351,8049.835526,16209.859155,8021.657096,nan,nan,nan,nan,nan,nan,nan
850150,1,open_reference,1.3889,IndexPoint,Uncertain,2915,2913,2733,2797,2878,3387,2866,8399.152542,8379.187817,6822.466960,7326.502311,8040.427280,16265.254237,7928.722539,nan,nan,nan,nan,nan,nan,nan
850200,1,open_reference,1.4735,IndexPoint,Uncertain,2913,2913,2723,2787,2871,3357,2880,8379.187817,8379.187817,6747.959184,7244.495413,7975.000000,15465.853659,8059.259259,nan,nan,nan,nan,nan,nan,nan
850250,1,open_reference,1.5149,IndexPoint,Uncertain,2901,2920,2736,2799,2879,3360,2878,8260.804020,8449.361702,6845.033113,7343.055556,8049.835526,15542.857143,8040.427280,nan,nan,nan,nan,nan,nan,nan
850300,1,open_reference,1.5567,IndexPoint,Uncertain,2908,2923,2734,2796,2877,3335,2867,8329.570345,8479.692833,6829.977957,7318.244804,8031.034483,14919.736842,7937.947883,nan,nan,nan,nan,nan,nan,nan
850350,1,open_reference,1.5991,IndexPoint,Uncertain,2910,2923,2720,2791,2871,3341,2878,8349.367089,8479.692833,6725.818182,7277.147239,7975.000000,15065.517241,8040.427280,nan,nan,nan,nan,nan,nan,nan
850400,1,open_reference,1.6623,IndexPoint,Uncertain,2900,2921,2731,2798,2880,3330,2874,8251.046025,8459.454855,6807.478006,7334.772552,8059.259259,14800.000000,8002.948403,nan,nan,nan,nan,nan,nan,nan
850450,1,open_reference,1.7043,IndexPoint,Uncertain,2906,2913,2729,2799,2880,3324,2864,8309.840202,8379.187817,6792.532943,7343.055556,8059.259259,14658.365759,7910.316816,nan,nan,nan,nan,nan,nan,nan
850500,1,open_reference,1.7882,IndexPoint,Uncertain,2908,2913,2718,2792,2871,3326,2871,8329.570345,8379.187817,6711.111111,7285.341520,7975.000000,14705.331599,7975.000000,nan,nan,nan,nan,nan,nan,nan
850550,1,open_reference,1.8519,IndexPoint,Uncertain,2897,2902,2731,2803,2877,3330,2870,8221.869783,8270.578374,6807.478006,7376.315789,8031.034483,14800.000000,7965.714286,nan,nan,nan,nan,nan,nan,nan
850600,1,open_reference,1.8946,IndexPoint,Uncertain,2907,2899,2729,2807,2875,3319,2861,8319.696970,8241.304348,6792.532943,7409.782609,8012.295082,14542.010309,7882.820097,nan,nan,nan,nan,nan,nan,nan
850650,1,open_reference,1.9353,IndexPoint,Uncertain,2908,2896,2717,2799,2865,3323,2870,8329.570345,8212.176814,6703.773585,7343.055556,7919.512195,14634.974093,7965.714286,nan,nan,nan,nan,nan,nan,nan
850700,1,open_reference,1.9561,IndexPoint,Uncertain,2901,2893,2730,2808,2871,3325,2866,8260.804020,8183.194676,6800.000000,7418.181818,7975.000000,14681.818182,7928.722539,nan,nan,nan,nan,nan,nan,nan
850750,1,open_reference,2.0188,IndexPoint,Uncertain,2916,2901,2728,2808,2869,3317,2864,8409.160305,8260.804020,6785.076811,7418.181818,7956.443719,14495.886889,7910.316816,nan,nan,nan,nan,nan,nan,nan
850800,1,open_reference,2.0818,IndexPoint,Uncertain,2912,2899,2717,2795,2860,3327,2873,8369.230769,8241.304348,6703.773585,7310.000000,7873.684211,14728.906250,7993.617021,nan,nan,nan,nan,nan,nan,nan
850850,1,open_reference,2.1030,IndexPoint,Uncertain,2897,2902,2733,2801,2870,3347,2869,8221.869783,8270.578374,6822.466960,7359.659969,7965.714286,15213.636364,7956.443719,nan,nan,nan,nan,nan,nan,nan
850900,1,open_reference,2.1452,IndexPoint,Uncertain,2911,2899,2730,2805,2873,3395,2864,8359.290541,8241.304348,6800.000000,7393.023256,7993.617021,16490.000000,7910.316816,nan,nan,nan,nan,nan,nan,nan
850950,1,open_reference,2.2083,IndexPoint,Uncertain,2899,2894,2717,2793,2865,3403,2875,8241.304348,8192.839301,6703.773585,7293.548387,7919.512195,16719.942197,8012.295082,nan,nan,nan,nan,nan,nan,nan
851000,1,open_reference,2.2703,IndexPoint,Uncertain,2887,2894,2732,2800,2872,3416,2873,8125.662252,8192.839301,6814.966985,7351.351351,7984.300899,17105.154639,7993.617021,nan,nan,nan,nan,nan,nan,nan
851050,1,open_reference,2.3328,IndexPoint,Uncertain,2897,2895,2732,2800,2872,3383,2864,8221.869783,8202.500000,6814.966985,7351.351351,7984.300899,16154.775281,7910.316816,nan,nan,nan,nan,nan,nan,nan
851100,1,open_reference,2.3746,IndexPoint,Uncertain,2900,2901,2719,2790,2859,3391,2872,8251.046025,8260.804020,6718.459302,7268.965517,7864.563107,16376.988636,7984.300899,nan,nan,nan,nan,nan,nan,nan
851150,1,open_reference,2.3949,IndexPoint,Uncertain,2896,2896,2734,2799,2872,3397,2872,8212.176814,8212.176814,6829.977957,7343.055556,7984.300899,16546.991404,7984.300899,nan,nan,nan,nan,nan,nan,nan
851200,1,open_reference,2.4583,IndexPoint,Uncertain,2911,2899,2733,2799,2872,3389,2863,8359.290541,8241.304348,6822.466960,7343.055556,7984.300899,16320.963173,7901.136364,nan,nan,nan,nan,nan,nan,nan
851250,1,open_reference,2.5008,IndexPoint,Uncertain,2905,2905,2716,2793,2864,3391,2873,8300.000000,8300.000000,6696.446701,7293.548387,7910.316816,16376.988636,7993.617021,nan,nan,nan,nan,nan,nan,nan
851300,1,open_reference,2.5629,IndexPoint,Uncertain,2895,2898,2733,2802,2873,3399,2878,8202.500000,8231.578947,6822.466960,7367.981439,7993.617021,16604.310345,8040.427280,nan,nan,nan,nan,nan,nan,nan
851350,1,open_reference,2.6047,IndexPoint,Uncertain,2910,2899,2723,2800,2875,3382,2869,8349.367089,8241.304348,6747.959184,7351.351351,8012.295082,16127.349229,7956.443719,nan,nan,nan,nan,nan,nan,nan
851400,1,open_reference,2.6684,IndexPoint,Uncertain,2911,2897,2727,2795,2868,3404,2881,8359.290541,8221.869783,6777.631579,7310.000000,7947.188264,16749.059334,8068.698517,nan,nan,nan,nan,nan,nan,nan
851450,1,open_reference,2.7103,IndexPoint,Uncertain,2900,2906,2742,2801,2874,3379,2877,8251.046025,8309.840202,6890.465632,7359.659969,8002.948403,16045.530726,8031.034483,nan,nan,nan,nan,nan,nan,nan
851500,1,open_reference,2.7724,IndexPoint,Uncertain,2912,2909,2738,2801,2875,3378,2862,8369.230769,8339.460371,6860.132646,7359.659969,8012.295082,16018.410042,7891.970803,nan,nan,nan,nan,nan,nan,nan
851550,1,open_reference,2.8151,IndexPoint,Uncertain,2911,2913,2728,2797,2868,3395,2871,8359.290541,8379.187817,6785.076811,7326.502311,7947.188264,16490.000000,7975.000000,nan,nan,nan,nan,nan,nan,nan
851600,1,open_reference,2.8791,IndexPoint,Uncertain,2897,2911,2741,2806,2877,3540,2870,8221.869783,8359.290541,6882.865583,7401.396431,8031.034483,21686.486486,7965.714286,nan,nan,nan,nan,nan,nan,nan
851650,1,open_reference,2.9218,IndexPoint,Uncertain,2910,2913,2742,2807,2873,3531,2853,8349.367089,8379.187817,6890.465632,7409.782609,7993.617021,21286.170213,7810.144928,nan,nan,nan,nan,nan,nan,nan
851700,1,open_reference,2.9636,IndexPoint,Uncertain,2909,2903,2733,2798,2864,3528,2870,8339.460371,8280.369128,6822.466960,7334.772552,7910.316816,21155.555556,7965.714286,nan,nan,nan,nan,nan,nan,nan
851750,1,open_reference,2.9846,IndexPoint,Uncertain,2896,2897,2740,2804,2869,3341,2869,8212.176814,8221.869783,6875.276753,7384.663052,7956.443719,15065.517241,7956.443719,nan,nan,nan,nan,nan,nan,nan
851800,1,open_reference,3.0686,IndexPoint,Uncertain,2906,2901,2740,2802,2871,3310,2862,8309.840202,8260.804020,6875.276753,7367.981439,7975.000000,14336.305732,7891.970803,nan,nan,nan,nan,nan,nan,nan
851850,1,open_reference,3.1313,IndexPoint,Uncertain,2898,2895,2729,2794,2860,3316,2871,8231.578947,8202.500000,6792.532943,7301.767871,7873.684211,14472.913992,7975.000000,nan,nan,nan,nan,nan,nan,nan
851900,1,open_reference,3.1313,IndexPoint,Uncertain,2890,2886,2745,2804,2868,3303,2869,8154.356846,8116.129032,6913.333333,7384.663052,7947.188264,14179.545455,7956.443719,nan,nan,nan,nan,nan,nan,nan
851950,1,open_reference,3.2152,IndexPoint,Uncertain,2903,2890,2739,2802,2867,3292,2861,8280.369128,8154.356846,6867.699115,7367.981439,7937.947883,13938.729763,7882.820097,nan,nan,nan,nan,nan,nan,nan
852000,1,open_reference,3.2766,IndexPoint,Uncertain,2903,2890,2728,2795,2864,3305,2865,8280.369128,8154.356846,6785.076811,7310.000000,7910.316816,14224.050633,7919.512195,nan,nan,nan,nan,nan,nan,nan
852050,1,open_reference,3.2973,IndexPoint,Uncertain,2895,2890,2734,2804,2874,3303,2864,8202.500000,8154.356846,6829.977957,7384.663052,8002.948403,14179.545455,7910.316816,nan,nan,nan,nan,nan,nan,nan
852100,1,open_reference,3.3593,IndexPoint,Uncertain,2902,2891,2730,2804,2873,3297,2855,8270.578374,8163.953488,6800.000000,7384.663052,7993.617021,14047.368421,7828.225806,nan,nan,nan,nan,nan,nan,nan
852150,1,open_reference,3.4208,IndexPoint,Uncertain,2901,2894,2722,2798,2867,3298,2863,8260.804020,8192.839301,6740.568099,7334.772552,7937.947883,14069.259724,7901.136364,nan,nan,nan,nan,nan,nan,nan
852200,1,open_reference,3.4624,IndexPoint,Uncertain,2893,2881,2735,2802,2879,3295,2863,8183.194676,8068.698517,6837.500000,7367.981439,8049.835526,14003.750000,7901.136364,nan,nan,nan,nan,nan,nan,nan
852250,1,open_reference,3.5040,IndexPoint,Uncertain,2901,2887,2743,2803,2877,3336,2852,8260.804020,8125.662252,6898.076923,7376.315789,8031.034483,14943.873518,7801.126307,nan,nan,nan,nan,nan,nan,nan
852300,1,open_reference,3.5672,IndexPoint,Uncertain,2897,2890,2739,2798,2870,3488,2863,8221.869783,8154.356846,6867.699115,7334.772552,7965.714286,19537.397035,7901.136364,nan,nan,nan,nan,nan,nan,nan
852350,1,open_reference,3.6100,IndexPoint,Uncertain,2895,2879,2747,2805,2878,3468,2861,8202.500000,8049.835526,6928.635015,7393.023256,8040.427280,18805.741627,7882.820097,nan,nan,nan,nan,nan,nan,nan
852400,1,open_reference,3.6733,IndexPoint,Uncertain,2902,2881,2741,2802,2879,3321,2851,8270.578374,8068.698517,6882.865583,7367.981439,8049.835526,14588.372093,7792.122186,nan,nan,nan,nan,nan,nan,nan
852450,1,open_reference,3.7144,IndexPoint,Uncertain,2901,2889,2734,2798,2871,3341,2860,8260.804020,8144.776119,6829.977957,7334.772552,7975.000000,15065.517241,7873.684211,nan,nan,nan,nan,nan,nan,nan
852500,1,open_reference,3.7568,IndexPoint,Uncertain,2895,2883,2746,2805,2878,3357,2862,8202.500000,8087.623762,6920.978503,7393.023256,8040.427280,15465.853659,7891.970803,nan,nan,nan,nan,nan,nan,nan
852550,1,open_reference,3.8184,IndexPoint,Uncertain,2901,2891,2746,2806,2879,3351,2850,8260.804020,8163.953488,6920.978503,7401.396431,8049.835526,15313.709677,7783.132530,nan,nan,nan,nan,nan,nan,nan
852600,1,open_reference,3.8394,IndexPoint,Uncertain,2898,2891,2734,2797,2865,3345,2861,8231.578947,8163.953488,6829.977957,7326.502311,7919.512195,15164.000000,7882.820097,nan,nan,nan,nan,nan,nan,nan
852650,1,open_reference,3.8815,IndexPoint,Uncertain,2888,2885,2745,2807,2877,3344,2860,8135.211268,8106.611570,6913.333333,7409.782609,8031.034483,15139.280959,7873.684211,nan,nan,nan,nan,nan,nan,nan
852700,1,open_reference,3.9869,IndexPoint,Uncertain,2901,2882,2742,2802,2886,3339,2851,8260.804020,8078.153339,6890.465632,7367.981439,8116.129032,15016.666667,7792.122186,nan,nan,nan,nan,nan,nan,nan
852750,1,posture_hold,0.0212,IndexPoint,Uncertain,2903,2894,2737,2794,2883,3357,2863,8280.369128,8192.839301,6852.577320,7301.767871,8087.623762,15465.853659,7901.136364,0.002368,-0.001178,0.003309,-0.007866,0.012941,0.004943,-0.001161
852800,1,posture_hold,0.0425,IndexPoint,Uncertain,2894,2889,2748,2799,2888,3330,2864,8192.839301,8144.776119,6936.302895,7343.055556,8135.211268,14800.000000,7910.316816,-0.008227,-0.007037,0.015567,-0.002256,0.018901,-0.038323,0.000000
852850,1,posture_hold,0.1040,IndexPoint,Uncertain,2904,2898,2747,2800,2886,3315,2860,8290.176322,8231.578947,6928.635015,7351.351351,8116.129032,14450.000000,7873.684211,0.003556,0.003545,0.014445,-0.001129,0.016511,-0.061065,-0.004631
852900,1,posture_hold,0.1455,IndexPoint,Uncertain,2907,2904,2735,2790,2879,3319,2877,8319.696970,8290.176322,6837.500000,7268.965517,8049.835526,14542.010309,8031.034483,0.007129,0.010689,0.001101,-0.012323,0.008208,-0.055087,0.015261
852950,1,posture_hold,0.1870,IndexPoint,Uncertain,2898,2911,2746,2801,2892,3326,2879,8231.578947,8359.290541,6920.978503,7359.659969,8173.566085,14705.331599,8049.835526,-0.003538,0.019115,0.013324,0.000000,0.023705,-0.044474,0.017638
853000,1,posture_hold,0.2292,IndexPoint,Uncertain,2905,2923,2744,2800,2891,3330,2873,8300.000000,8479.692833,6905.699482,7351.351351,8163.953488,14800.000000,7993.617021,0.004745,0.033794,0.011087,-0.001129,0.022501,-0.038323,0.010531
853050,1,posture_hold,0.2923,IndexPoint,Uncertain,2908,2925,2735,2793,2881,3344,2882,8329.570345,8500.000000,6837.500000,7293.548387,8068.698517,15139.280959,8078.153339,0.008324,0.036269,0.001101,-0.008983,0.010570,-0.016277,0.021217
853100,1,posture_hold,0.3345,IndexPoint,Uncertain,2897,2931,2746,2801,2889,3342,2881,8221.869783,8561.340206,6920.978503,7359.659969,8144.776119,15090.039841,8068.698517,-0.004713,0.043748,0.013324,0.000000,0.020099,-0.019477,0.020022
853150,1,posture_hold,0.3969,IndexPoint,Uncertain,2905,2938,2743,2800,2887,3320,2872,8300.000000,8633.707865,6898.076923,7351.351351,8125.662252,14565.161290,7984.300899,0.004745,0.052570,0.009971,-0.001129,0.017705,-0.053582,0.009353
853200,1,posture_hold,0.4383,IndexPoint,Uncertain,2897,2939,2734,2790,2876,3322,2879,8221.869783,8644.117647,6829.977957,7268.965517,8021.657096,14611.642950,8049.835526,-0.004713,0.053839,0.000000,-0.012323,0.004679,-0.050562,0.017638
853250,1,posture_hold,0.4796,IndexPoint,Uncertain,2895,2939,2747,2800,2891,3314,2877,8202.500000,8644.117647,6928.635015,7351.351351,8163.953488,14427.144686,8031.034483,-0.007058,0.053839,0.014445,-0.001129,0.022501,-0.062550,0.015261
853300,1,posture_hold,0.5627,IndexPoint,Uncertain,2899,2945,2740,2803,2891,3303,2867,8241.304348,8706.956522,6875.276753,7376.315789,8163.953488,14179.545455,7937.947883,-0.002361,0.061500,0.006632,0.002263,0.022501,-0.078639,0.003493
853350,1,posture_hold,0.5834,IndexPoint,Uncertain,2894,2946,2735,2796,2883,3313,2879,8192.839301,8717.493473,6837.500000,7318.244804,8087.623762,14404.347826,8049.835526,-0.008227,0.062785,0.001101,-0.005627,0.012941,-0.064032,0.017638
853400,1,posture_hold,0.6247,IndexPoint,Uncertain,2889,2932,2743,2802,2895,3313,2880,8144.776119,8571.625107,6898.076923,7367.981439,8202.500000,14404.347826,8059.259259,-0.014046,0.045002,0.009971,0.001131,0.027329,-0.064032,0.018829
853450,1,posture_hold,0.6868,IndexPoint,Uncertain,2899,2945,2745,2802,2893,3305,2868,8241.304348,8706.956522,6913.333333,7367.981439,8183.194676,14224.050633,7947.188264,-0.002361,0.061500,0.012204,0.001131,0.024911,-0.075747,0.004661
853500,1,posture_hold,0.7290,IndexPoint,Uncertain,2906,2939,2733,2795,2887,3304,2879,8309.840202,8644.117647,6822.466960,7310.000000,8125.662252,14201.769912,8049.835526,0.005936,0.053839,-0.001100,-0.006748,0.017705,-0.077195,0.017638
853550,1,posture_hold,0.7924,IndexPoint,Uncertain,2900,2937,2739,2804,2894,3300,2876,8251.046025,8623.316062,6867.699115,7384.663052,8192.839301,14113.207547,8021.657096,-0.001181,0.051303,0.005523,0.003397,0.026119,-0.082949,0.014075
853600,1,posture_hold,0.8548,IndexPoint,Uncertain,2909,2941,2741,2802,2893,3288,2863,8339.460371,8664.991334,6882.865583,7367.981439,8183.194676,13852.788104,7901.136364,0.009522,0.056384,0.007743,0.001131,0.024911,-0.099871,-0.001161
853650,1,posture_hold,0.8974,IndexPoint,Uncertain,2915,2936,2733,2795,2885,3300,2872,8399.152542,8612.942192,6822.466960,7310.000000,8106.611570,14113.207547,7984.300899,0.016748,0.050039,-0.001100,-0.006748,0.015319,-0.082949,0.009353
853700,1,posture_hold,0.9394,IndexPoint,Uncertain,2908,2932,2742,2804,2894,3297,2872,8329.570345,8571.625107,6890.465632,7384.663052,8192.839301,14047.368421,7984.300899,0.008324,0.045002,0.008856,0.003397,0.026119,-0.087228,0.009353
853750,1,posture_hold,0.9820,IndexPoint,Uncertain,2909,2935,2739,2802,2892,3310,2862,8339.460371,8602.586207,6867.699115,7367.981439,8173.566085,14336.305732,7891.970803,0.009522,0.048776,0.005523,0.001131,0.023705,-0.068453,-0.002319
853800,1,posture_hold,1.0456,IndexPoint,Uncertain,2913,2927,2730,2791,2879,3309,2869,8379.187817,8520.376712,6800.000000,7277.147239,8049.835526,14313.740458,7956.443719,0.014331,0.038754,-0.004389,-0.011211,0.008208,-0.069919,0.005831
853850,1,posture_hold,1.1091,IndexPoint,Uncertain,2899,2930,2739,2799,2895,3314,2877,8241.304348,8551.072961,6867.699115,7343.055556,8202.500000,14427.144686,8031.034483,-0.002361,0.042496,0.005523,-0.002256,0.027329,-0.062550,0.015261
853900,1,posture_hold,1.1508,IndexPoint,Uncertain,2914,2941,2738,2800,2896,3313,2865,8389.161727,8664.991334,6860.132646,7351.351351,8212.176814,14404.347826,7919.512195,0.015538,0.056384,0.004415,-0.001129,0.028540,-0.064032,0.001162
853950,1,posture_hold,1.1936,IndexPoint,Uncertain,2915,2937,2729,2792,2885,3325,2878,8399.152542,8623.316062,6792.532943,7285.341520,8106.611570,14681.818182,8040.427280,0.016748,0.051303,-0.005482,-0.010098,0.015319,-0.046002,0.016448
854000,1,posture_hold,1.2149,IndexPoint,Uncertain,2908,2934,2738,2799,2896,3341,2875,8329.570345,8592.248062,6860.132646,7343.055556,8212.176814,15065.517241,8012.295082,0.008324,0.047516,0.004415,-0.002256,0.028540,-0.021070,0.012892
854050,1,posture_hold,1.2985,IndexPoint,Uncertain,2915,2942,2736,2798,2894,3331,2874,8399.152542,8675.455334,6845.033113,7334.772552,8192.839301,14823.821990,8002.948403,0.016748,0.057660,0.002204,-0.003382,0.026119,-0.036775,0.011710
854100,1,posture_hold,1.3407,IndexPoint,Uncertain,2922,2948,2726,2791,2882,3344,2880,8469.565217,8738.622493,6770.197224,7277.147239,8078.153339,15139.280959,8059.259259,0.025271,0.065361,-0.008753,-0.011211,0.011755,-0.016277,0.018829
854150,1,posture_hold,1.3616,IndexPoint,Uncertain,2913,2930,2737,2801,2896,3361,2879,8379.187817,8551.072961,6852.577320,7359.659969,8212.176814,15568.664850,8049.835526,0.014331,0.042496,0.003309,0.000000,0.028540,0.011624,0.017638
854200,1,posture_hold,1.4672,IndexPoint,Uncertain,2920,2926,2737,2800,2893,3527,2870,8449.361702,8510.179641,6852.577320,7351.351351,8183.194676,21112.323944,7965.714286,0.022826,0.037510,0.003309,-0.001129,0.024911,0.371840,0.007003
854250,1,posture_hold,1.4887,IndexPoint,Uncertain,2927,2916,2727,2798,2885,3501,2880,8520.376712,8409.160305,6777.631579,7334.772552,8106.611570,20039.393939,8059.259259,0.031422,0.025195,-0.007664,-0.003382,0.015319,0.302123,0.018829
854300,1,posture_hold,1.5515,IndexPoint,Uncertain,2908,2913,2754,2818,2897,3352,2881,8329.570345,8379.187817,6982.550336,7502.897416,8221.869783,15338.896366,8068.698517,0.008324,0.021541,0.022339,0.019463,0.029755,-0.003306,0.020022
854350,1,posture_hold,1.6150,IndexPoint,Uncertain,2916,2930,2753,2825,2895,3378,2875,8409.160305,8551.072961,6974.813711,7562.992126,8202.500000,16018.410042,8012.295082,0.017959,0.042496,0.021206,0.027628,0.027329,0.040847,0.012892
854400,1,posture_hold,1.6576,IndexPoint,Uncertain,2910,2965,2751,2823,2886,3398,2902,8349.367089,8921.238938,6959.375000,7545.754717,8116.129032,16575.609756,8270.578374,0.010721,0.087624,0.018945,0.025286,0.016511,0.077053,0.045543
854450,1,posture_hold,1.6787,IndexPoint,Uncertain,2909,3029,2773,2834,2896,3386,2921,8339.460371,9660.975610,7131.770045,7641.237113,8212.176814,16237.517630,8459.454855,0.009522,0.177809,0.044186,0.038260,0.028540,0.055084,0.069420
854500,1,posture_hold,1.7206,IndexPoint,Uncertain,2928,3052,2780,2843,2913,3396,2915,8530.591260,9948.993289,7187.832700,7720.607029,8379.187817,16518.454936,8399.152542,0.032659,0.212922,0.052395,0.049044,0.049458,0.073339,0.061797
854550,1,posture_hold,1.7828,IndexPoint,Uncertain,2946,3049,2778,2865,2912,3392,2926,8717.493473,9910.707457,7171.753986,7919.512195,8369.230769,16405.120910,8510.179641,0.055284,0.208254,0.050041,0.076070,0.048211,0.065975,0.075833
854600,1,posture_hold,1.8459,IndexPoint,Uncertain,2939,3032,2867,2869,2926,3394,2943,8644.117647,9697.836312,7937.947883,7956.443719,8510.179641,16461.626248,8685.937500,0.046401,0.182303,0.162222,0.081088,0.065864,0.069647,0.098052
854650,1,posture_hold,1.8872,IndexPoint,Uncertain,2951,3086,2943,2880,2941,3419,2975,8770.454545,10398.810704,8685.937500,8059.259259,8664.991334,17196.153846,9031.250000,0.061695,0.267761,0.271737,0.095059,0.085254,0.117375,0.141705
854700,1,posture_hold,1.9520,IndexPoint,Uncertain,2944,3074,2932,2864,2975,3578,2982,8696.437880,10236.630754,8571.625107,7910.316816,9031.250000,23530.367505,9109.433962,0.052735,0.247989,0.255000,0.074821,0.131126,0.528960,0.151589
854750,1,posture_hold,1.9726,IndexPoint,Uncertain,2933,3144,2983,2879,3046,3715,2992,8581.927711,11240.378549,9120.683453,8049.835526,9872.640610,33239.473684,9222.846782,0.038873,0.370360,0.335390,0.093778,0.236507,1.159840,0.165926
854800,1,posture_hold,2.0361,IndexPoint,Uncertain,2939,3188,3041,2898,3092,4036,2980,8644.117647,11950.606395,9809.677419,8231.578947,10481.355932,nan,9086.995516,0.046401,0.456947,0.436268,0.118473,0.312746,nan,0.148752
854850,1,posture_hold,2.0786,IndexPoint,Uncertain,2920,3183,3121,2890,3170,4019,2996,8449.361702,11866.447368,10894.661191,8154.356846,11651.891892,nan,9268.789809,0.022826,0.446687,0.595124,0.107980,0.459350,nan,0.171734
854900,1,posture_hold,2.1423,IndexPoint,Uncertain,2925,3204,3142,2914,3186,3724,3007,8500.000000,12226.262626,11209.653725,8389.161727,11916.831683,34128.301887,9396.875000,0.028956,0.490553,0.641243,0.139884,0.492533,1.217595,0.187927
854950,1,posture_hold,2.2053,IndexPoint,Uncertain,2931,3337,3157,2970,3220,4029,2983,8561.340206,14968.073879,11443.283582,8976.000000,12512.000000,nan,9120.683453,0.036381,0.824819,0.675450,0.219622,0.567075,nan,0.153011
855000,1,posture_hold,2.2474,IndexPoint,Uncertain,2927,3379,3104,2951,3168,3966,2947,8520.376712,16045.530726,10649.445005,8770.454545,11619.417476,nan,8728.048780,0.031422,0.956176,0.559221,0.191693,0.455283,nan,0.103375
855050,1,posture_hold,2.2891,IndexPoint,Uncertain,2918,3404,3183,2933,3231,3928,2965,8429.226848,16749.059334,11866.447368,8581.927711,12714.583333,nan,8921.238938,0.020388,1.041946,0.737406,0.166077,0.592448,nan,0.127798
855100,1,posture_hold,2.3523,IndexPoint,Uncertain,2923,3244,3179,2973,3237,3921,2961,8479.692833,12960.752056,11799.781659,9009.090909,12827.272727,nan,8877.777778,0.026497,0.580098,0.727646,0.224118,0.606562,nan,0.122304
855150,1,posture_hold,2.3935,IndexPoint,Uncertain,2927,3497,3146,2989,3281,3939,2957,8520.376712,19882.608696,11271.232877,9188.607595,13704.422604,nan,8834.622144,0.031422,1.423969,0.650259,0.248510,0.716421,nan,0.116848
855200,1,posture_hold,2.4565,IndexPoint,Uncertain,2934,3472,3223,2997,3272,3561,2939,8592.248062,18948.314607,12566.743119,9280.327869,13517.375456,22673.033708,8644.117647,0.040122,1.310066,0.839939,0.260972,0.692994,0.473252,0.092765
855250,1,posture_hold,2.4780,IndexPoint,Uncertain,2943,3383,3140,2996,3273,3519,2953,8685.937500,16154.775281,11179.057592,9268.789809,13537.956204,20771.875000,8791.768827,0.051464,0.969494,0.636763,0.259405,0.695572,0.349719,0.111431
855300,1,posture_hold,2.5615,IndexPoint,Uncertain,2980,3463,3139,3022,3237,3521,2943,9086.995516,18630.063291,11163.807531,9575.768872,12827.272727,20856.097561,8685.937500,0.100013,1.271266,0.634531,0.301116,0.606562,0.355191,0.098052
855350,1,posture_hold,2.5826,IndexPoint,Uncertain,2978,3508,3129,3012,3293,3500,2959,9064.637422,20318.909710,11013.043478,9455.955679,13960.349127,20000.000000,8856.161972,0.097307,1.477161,0.612457,0.284836,0.748475,0.299564,0.119571
855400,1,posture_hold,2.6465,IndexPoint,Uncertain,2977,3511,3159,2999,3297,3486,2976,9053.488372,20440.753425,11475.000000,9303.467153,14047.368421,19462.068966,9042.359249,0.095957,1.492015,0.680093,0.264116,0.759374,0.264610,0.143110
855450,1,posture_hold,2.7088,IndexPoint,Uncertain,2965,3615,3063,3003,3222,3494,2991,8921.238938,25606.250000,10091.279070,9350.000000,12548.453608,19766.389351,9211.413043,0.079948,2.121762,0.477498,0.270439,0.571641,0.284384,0.164481
855500,1,posture_hold,2.7715,IndexPoint,Uncertain,2958,3618,3059,3005,3297,3477,2999,8845.382586,25788.679245,10039.189189,9373.394495,14047.368421,19129.126214,9303.467153,0.070765,2.144002,0.469871,0.273618,0.759374,0.242976,0.176118
855550,1,posture_hold,2.7931,IndexPoint,Uncertain,2947,3746,3028,2988,3258,3461,2960,8728.048780,36493.982808,9648.734770,9177.235772,13234.408602,18560.567823,8866.960352,0.056562,3.449129,0.412704,0.246965,0.657554,0.206032,0.120936
855600,1,posture_hold,2.8339,IndexPoint,Uncertain,2933,3545,2961,2982,3198,3479,3015,8581.927711,21914.545455,8877.777778,9109.433962,12121.739130,19202.272727,9491.666667,0.038873,1.671691,0.299825,0.237752,0.518197,0.247729,0.199910
855650,1,posture_hold,2.8765,IndexPoint,Uncertain,2924,3652,3040,2977,3263,3484,3007,8489.837746,28028.893905,9797.156398,9053.488372,13334.375000,19387.234043,9396.875000,0.027725,2.417116,0.434435,0.230150,0.670074,0.259747,0.187927
855700,1,posture_hold,2.9181,IndexPoint,Uncertain,2917,3572,3053,2965,3197,3506,3050,8419.185059,23221.414914,9961.804223,8921.238938,12104.454343,20238.370119,9923.444976,0.019173,1.831017,0.458541,0.212181,0.516032,0.315052,0.254494
855750,1,posture_hold,2.9816,IndexPoint,Uncertain,2925,3727,3008,2972,3233,3597,3097,8500.000000,34434.239130,9408.647654,8998.040962,12751.972158,24557.831325,10550.901804,0.028956,3.198018,0.377552,0.222616,0.597131,0.595723,0.333815
855800,1,posture_hold,3.0445,IndexPoint,Uncertain,2926,3671,3024,2987,3237,3616,3209,8510.179641,29437.264151,9600.000000,9165.884477,12827.272727,25666.805846,12314.446953,0.030188,2.588816,0.405568,0.245422,0.606562,0.667782,0.556758
855850,1,posture_hold,3.0860,IndexPoint,Uncertain,2958,3606,3017,3006,3184,3692,3172,8845.382586,25072.392638,9515.584416,9385.123967,11883.205269,31148.387097,11684.507042,0.070765,2.056677,0.393209,0.275212,0.488321,1.023965,0.477123
855900,1,posture_hold,3.1275,IndexPoint,Uncertain,2982,3600,2975,2989,3204,3708,3105,9109.433962,24727.272727,9031.250000,9188.607595,12226.262626,32576.744186,10663.636364,0.102730,2.014602,0.322296,0.248510,0.531288,1.116778,0.348067
855950,1,posture_hold,3.1906,IndexPoint,Uncertain,2962,3603,2993,2962,3212,3629,3135,8888.614298,24898.780488,9234.301270,8888.614298,12367.836920,26477.682403,11103.125000,0.075999,2.035511,0.352025,0.207748,0.549019,0.720472,0.403626
856000,1,posture_hold,3.2334,IndexPoint,Uncertain,2976,3622,2964,2959,3185,3585,3090,9042.359249,26035.517970,8910.344828,8856.161972,11900.000000,23900.000000,10453.731343,0.094610,2.174095,0.304593,0.203338,0.490425,0.552978,0.321531
856050,1,posture_hold,3.2963,IndexPoint,Uncertain,2966,3509,2968,2941,3215,3582,3127,8932.152347,20359.385666,8954.037267,8664.991334,12421.590909,23740.350877,10983.264463,0.081269,1.482095,0.310991,0.177363,0.555752,0.542605,0.388473
856100,1,posture_hold,3.3592,IndexPoint,Uncertain,2947,3516,2944,2958,3186,3601,3104,8728.048780,20646.632124,8696.437880,8845.382586,11916.831683,24784.210526,10649.445005,0.056562,1.517115,0.273275,0.201874,0.492533,0.610433,0.346273
856150,1,posture_hold,3.4009,IndexPoint,Uncertain,2952,3482,2976,2986,3207,3590,3065,8781.102362,19312.887439,9042.359249,9154.553652,12279.054054,24170.297030,10117.475728,0.062984,1.354512,0.323922,0.243883,0.537900,0.570542,0.279023
856200,1,posture_hold,3.4437,IndexPoint,Uncertain,2951,3496,2971,2954,3189,3601,3093,8770.454545,19843.739566,8987.010676,8802.453988,11967.549669,24784.210526,10495.209581,0.061695,1.419231,0.315818,0.196041,0.498885,0.610433,0.326775
856250,1,posture_hold,3.4859,IndexPoint,Uncertain,2944,3502,2994,2975,3151,3598,3073,8696.437880,20078.920742,9245.776567,9031.250000,11348.940678,24614.084507,10223.287671,0.052735,1.447903,0.353705,0.227129,0.421407,0.599378,0.292399
856300,1,posture_hold,3.5498,IndexPoint,Uncertain,2956,3540,2978,2938,3190,3596,3151,8823.880597,21686.486486,9064.637422,8633.707865,11984.530387,24501.803607,11348.940678,0.068162,1.643887,0.327184,0.173112,0.501012,0.592083,0.434701
856350,1,posture_hold,3.5919,IndexPoint,Uncertain,2957,3503,2987,2943,3143,3567,3071,8834.622144,20118.581081,9165.884477,8685.937500,11225.000000,22969.318182,10196.679688,0.069463,1.452738,0.342008,0.180209,0.405884,0.492504,0.289036
856400,1,posture_hold,3.6555,IndexPoint,Uncertain,2945,3443,3007,2928,3151,3566,3054,8706.956522,17954.294479,9396.875000,8530.591260,11348.940678,22919.470699,9974.639769,0.054008,1.188881,0.375828,0.159101,0.421407,0.489265,0.260966
856450,1,posture_hold,3.6770,IndexPoint,Uncertain,2946,3420,3013,2927,3153,3586,3051,8717.493473,17226.666667,9467.837338,8520.376712,11380.254777,23953.634578,9936.206897,0.055284,1.100173,0.386218,0.157713,0.425329,0.556464,0.256107
856500,1,posture_hold,3.7402,IndexPoint,Uncertain,2939,3407,2985,2919,3170,3577,3024,8644.117647,16836.918605,9143.243243,8439.285714,11651.891892,23478.378378,9600.000000,0.046401,1.052657,0.338693,0.146695,0.459350,0.525582,0.213605
856550,1,posture_hold,3.8030,IndexPoint,Uncertain,2930,3428,2973,2909,3178,3569,2995,8551.072961,17474.062969,9009.090909,8339.460371,11783.206107,23069.581749,9257.272727,0.035138,1.130334,0.319051,0.133131,0.475797,0.499019,0.170278
856600,1,posture_hold,3.8453,IndexPoint,Uncertain,2941,3443,2992,2910,3184,3545,3008,8664.991334,17954.294479,9222.846782,8349.367089,11883.205269,21914.545455,9408.647654,0.048928,1.188881,0.350348,0.134477,0.488321,0.423967,0.189415
856650,1,posture_hold,3.9075,IndexPoint,Uncertain,2942,3427,2964,2919,3170,3562,3044,8675.455334,17442.814371,8910.344828,8439.285714,11651.891892,22721.951220,9847.383444,0.050195,1.126524,0.304593,0.146695,0.459350,0.476431,0.244879
856700,1,posture_hold,3.9496,IndexPoint,Uncertain,2929,3426,2970,2990,3190,3571,3023,8540.823328,17411.659193,8976.000000,9200.000000,11984.530387,23170.610687,9587.873134,0.033897,1.122726,0.314206,0.250058,0.501012,0.505584,0.212072
856750,1,posture_hold,3.9912,IndexPoint,Uncertain,2934,3410,2992,2995,3186,3584,2979,8592.248062,16925.547445,9222.846782,9257.272727,11916.831683,23846.575342,9075.806452,0.040122,1.063462,0.350348,0.257840,0.492533,0.549507,0.147338
856800,1,posture_hold,4.0320,IndexPoint,Uncertain,2937,3493,2971,2963,3152,3555,2981,8623.316062,19727.906977,8987.010676,8899.469965,11364.581124,22383.333333,9098.204668,0.043883,1.405109,0.315818,0.209223,0.423366,0.454428,0.150169
856850,1,posture_hold,4.0940,IndexPoint,Uncertain,2930,3451,2977,2973,3162,3549,2962,8551.072961,18219.565217,9053.488372,9009.090909,11522.829582,22100.000000,8888.614298,0.035138,1.221221,0.325552,0.224118,0.443186,0.436018,0.123674
856900,1,posture_hold,4.1355,IndexPoint,Uncertain,2941,3450,2952,2954,3151,3538,2938,8664.991334,18186.046512,8781.102362,8802.453988,11348.940678,21596.409336,8633.707865,0.048928,1.217135,0.285671,0.196041,0.421407,0.403295,0.091449
856950,1,posture_hold,4.1771,IndexPoint,Uncertain,2942,3449,2943,2942,3187,3543,2950,8675.455334,18152.631579,8685.937500,8675.455334,11933.700441,21822.826087,8759.825328,0.050195,1.213061,0.271737,0.178785,0.494646,0.418008,0.107392
857000,1,posture_hold,4.2194,IndexPoint,Uncertain,2937,3444,2954,2959,3176,3535,2930,8623.316062,17987.096774,8802.453988,8856.161972,11750.163221,21462.500000,8551.072961,0.043883,1.192880,0.288797,0.203338,0.471658,0.394594,0.081003
857050,1,posture_hold,4.2834,IndexPoint,Uncertain,2938,3440,2984,2961,3148,3520,2925,8633.707865,17856.488550,9131.953195,8877.777778,11302.217529,20813.913043,8500.000000,0.045141,1.176957,0.337040,0.206276,0.415555,0.352450,0.074546
857100,1,posture_hold,4.3472,IndexPoint,Uncertain,2942,3475,2945,2941,3156,3520,2924,8675.455334,19056.451613,8706.956522,8664.991334,11427.476038,20813.913043,8489.837746,0.050195,1.323249,0.274815,0.177363,0.431243,0.352450,0.073261
857150,1,posture_hold,4.3883,IndexPoint,Uncertain,2933,3485,2936,2945,3152,3506,2912,8581.927711,19424.590164,8612.942192,8706.956522,11364.581124,20238.370119,8369.230769,0.038873,1.368130,0.261050,0.183065,0.423366,0.315052,0.058015
857200,1,posture_hold,4.4301,IndexPoint,Uncertain,2938,3439,2961,2956,3176,3498,2916,8633.707865,17824.085366,8877.777778,8823.880597,11750.163221,19921.608040,8409.160305,0.045141,1.173006,0.299825,0.198952,0.471658,0.294470,0.063062
857250,1,posture_hold,4.4929,IndexPoint,Uncertain,2935,3431,2937,2930,3148,3489,2928,8602.586207,17568.373494,8623.316062,8551.072961,11302.217529,19575.247525,8530.591260,0.041374,1.141832,0.262569,0.161884,0.415555,0.271964,0.078413
857300,1,posture_hold,4.5566,IndexPoint,Uncertain,2930,3430,2965,2931,3130,3485,2939,8551.072961,17536.842105,8921.238938,8561.340206,11027.979275,19424.590164,8644.117647,0.035138,1.137987,0.306189,0.163279,0.381208,0.262175,0.092765
857350,1,posture_hold,4.5983,IndexPoint,Uncertain,2938,3445,2960,2930,3166,3477,2933,8633.707865,18020.000000,8866.960352,8551.072961,11587.082885,19129.126214,8581.927711,0.045141,1.196891,0.298241,0.161884,0.451233,0.242976,0.084903
857400,1,posture_hold,4.6612,IndexPoint,Uncertain,2936,3487,2963,2924,3132,3481,2952,8612.942192,19499.671053,8899.469965,8489.837746,11057.943925,19275.895765,8781.102362,0.042628,1.377284,0.303001,0.153564,0.384961,0.252513,0.110082
857450,1,posture_hold,4.6826,IndexPoint,Uncertain,2930,3499,2959,2951,3159,3490,2940,8551.072961,19960.738255,8856.161972,8770.454545,11475.000000,19613.223140,8654.545455,0.035138,1.433494,0.296660,0.191693,0.437195,0.274432,0.094083
857500,1,posture_hold,4.7665,IndexPoint,Uncertain,2940,3477,2938,2945,3159,3476,2930,8654.545455,19129.126214,8633.707865,8706.956522,11475.000000,19092.730210,8551.072961,0.047664,1.332109,0.264090,0.183065,0.437195,0.240611,0.081003
857550,1,posture_hold,4.7880,IndexPoint,Uncertain,2938,3502,2945,2931,3161,3480,2943,8633.707865,20078.920742,8706.956522,8561.340206,11506.852248,19239.024390,8685.937500,0.045141,1.447903,0.274815,0.163279,0.441185,0.250117,0.098052
857600,1,posture_hold,4.8509,IndexPoint,Uncertain,2931,3485,2970,2959,3157,3503,2950,8561.340206,19424.590164,8976.000000,8856.161972,11443.283582,20118.581081,8759.825328,0.036381,1.368130,0.314206,0.203338,0.433223,0.307269,0.107392
857650,1,posture_hold,4.8931,IndexPoint,Uncertain,2939,3475,2948,2964,3166,3514,2916,8644.117647,19056.451613,8738.622493,8910.344828,11587.082885,20563.855422,8409.160305,0.046401,1.323249,0.279451,0.210701,0.451233,0.336202,0.063062
857700,1,posture_hold,4.9344,IndexPoint,Uncertain,2934,3493,2939,2953,3165,3515,2955,8592.248062,19727.906977,8644.117647,8791.768827,11570.967742,20605.172414,8813.157895,0.040122,1.405109,0.265614,0.194589,0.449215,0.338887,0.114135
857750,1,posture_hold,4.9976,IndexPoint,Uncertain,2923,3477,2939,2929,3152,3494,2939,8479.692833,19129.126214,8644.117647,8540.823328,11364.581124,19766.389351,8644.117647,0.026497,1.332109,0.265614,0.160492,0.423366,0.284384,0.092765
872800,2,open_reference,0.0205,Fist,Fist,2912,3199,2875,2863,2948,3235,2902,8369.230769,12139.062500,8012.295082,7901.136364,8738.622493,12789.534884,8270.578374,nan,nan,nan,nan,nan,nan,nan
872850,2,open_reference,0.0628,Fist,Fist,2911,3206,2870,2847,2933,3241,2909,8359.290541,12261.417323,7965.714286,7756.250000,8581.927711,12903.278689,8339.460371,nan,nan,nan,nan,nan,nan,nan
872900,2,open_reference,0.1046,Fist,Fist,2900,3147,2868,2855,2941,3231,2917,8251.046025,11286.708861,7947.188264,7828.225806,8664.991334,12714.583333,8419.185059,nan,nan,nan,nan,nan,nan,nan
872950,2,open_reference,0.1884,Fist,Fist,2914,3148,2873,2855,2948,3219,2910,8389.161727,11302.217529,7993.617021,7828.225806,8738.622493,12493.835616,8349.367089,nan,nan,nan,nan,nan,nan,nan
873000,2,open_reference,0.2096,Fist,Fist,2916,3151,2867,2845,2937,3219,2928,8409.160305,11348.940678,7937.947883,7738.400000,8623.316062,12493.835616,8530.591260,nan,nan,nan,nan,nan,nan,nan
873050,2,open_reference,0.2509,Fist,Fist,2900,3148,2867,2860,2946,3199,2928,8251.046025,11302.217529,7937.947883,7873.684211,8717.493473,12139.062500,8530.591260,nan,nan,nan,nan,nan,nan,nan
873100,2,open_reference,0.2926,Fist,Fist,2907,3128,2869,2860,2942,3203,2925,8319.696970,10998.138573,7956.443719,7873.684211,8675.455334,12208.744395,8500.000000,nan,nan,nan,nan,nan,nan,nan
873150,2,open_reference,0.3758,Fist,Fist,2911,3127,2862,2854,2933,3199,2928,8359.290541,10983.264463,7891.970803,7819.178082,8581.927711,12139.062500,8530.591260,nan,nan,nan,nan,nan,nan,nan
873200,2,open_reference,0.3963,Fist,Fist,2902,3095,2881,2858,2943,3227,2929,8270.578374,10523.000000,8068.698517,7855.456750,8685.937500,12640.322581,8540.823328,nan,nan,nan,nan,nan,nan,nan
873250,2,open_reference,0.4582,Fist,Fist,2910,3124,2876,2862,2946,3192,2921,8349.367089,10938.825953,8021.657096,7891.970803,8717.493473,12018.604651,8459.454855,nan,nan,nan,nan,nan,nan,nan
873300,2,open_reference,0.5202,Fist,Fist,2905,3147,2853,2850,2938,3216,2929,8300.000000,11286.708861,7810.144928,7783.132530,8633.707865,12439.590444,8540.823328,nan,nan,nan,nan,nan,nan,nan
873350,2,open_reference,0.5617,Fist,Fist,2900,3134,2867,2865,2951,3194,2931,8251.046025,11088.033299,7937.947883,7919.512195,8770.454545,12052.830189,8561.340206,nan,nan,nan,nan,nan,nan,nan
873400,2,open_reference,0.6245,Fist,Fist,2920,3138,2885,2857,2949,3220,2926,8449.361702,11148.589342,8106.611570,7846.365105,8749.214660,12512.000000,8510.179641,nan,nan,nan,nan,nan,nan,nan
873450,2,open_reference,0.6660,Fist,Fist,2916,3128,2877,2870,2947,3247,2935,8409.160305,10998.138573,8031.034483,7965.714286,8728.048780,13018.632075,8602.586207,nan,nan,nan,nan,nan,nan,nan
873500,2,open_reference,0.7291,Fist,Fist,2913,3131,2908,2893,2955,3251,2936,8379.187817,11042.946058,8329.570345,8183.194676,8813.157895,13096.445498,8612.942192,nan,nan,nan,nan,nan,nan,nan
873550,2,open_reference,0.8132,Fist,Fist,2947,3209,2944,2903,2960,3276,2943,8728.048780,12314.446953,8696.437880,8280.369128,8866.960352,13600.000000,8685.937500,nan,nan,nan,nan,nan,nan,nan
873600,2,open_reference,0.8340,Fist,Fist,2954,3343,3049,2889,2982,3296,2952,8802.453988,15114.627660,9910.707457,8144.776119,9109.433962,14025.531915,8781.102362,nan,nan,nan,nan,nan,nan,nan
873650,2,open_reference,0.8554,Fist,Fist,2942,3316,3035,2927,2994,3286,2942,8675.455334,14472.913992,9734.905660,8520.376712,9245.776567,13810.135970,8675.455334,nan,nan,nan,nan,nan,nan,nan
873700,2,open_reference,0.8980,Fist,Fist,2970,3380,3103,2926,3085,3252,2926,8976.000000,16072.727273,10635.282258,8510.179641,10385.148515,13116.014235,8510.179641,nan,nan,nan,nan,nan,nan,nan
873750,2,open_reference,0.9617,Fist,Fist,2956,3380,3088,2918,3121,3684,2986,8823.880597,16072.727273,10426.216485,8429.226848,10894.661191,30475.912409,9154.553652,nan,nan,nan,nan,nan,nan,nan
873800,2,open_reference,1.0034,Fist,Fist,2978,3371,3169,2945,3132,4095,2954,9064.637422,15830.662983,11635.637149,8706.956522,11057.943925,nan,8802.453988,nan,nan,nan,nan,nan,nan,nan
873850,2,open_reference,1.0674,Fist,Fist,3049,3369,3248,3096,3155,4085,2943,9910.707457,15777.685950,13038.016529,10536.936937,11411.702128,nan,8685.937500,nan,nan,nan,nan,nan,nan,nan
873900,2,open_reference,1.1298,Fist,Fist,3062,3466,3194,2964,3201,4095,2947,10078.218780,18735.135135,12052.830189,8910.344828,12173.825503,nan,8728.048780,nan,nan,nan,nan,nan,nan,nan
873950,2,open_reference,1.1300,Fist,Fist,3025,3418,3206,2950,3233,3673,2960,9612.149533,17165.731167,12261.417323,8759.825328,12751.972158,29592.890995,8866.960352,nan,nan,nan,nan,nan,nan,nan
874000,2,open_reference,1.1921,Fist,Fist,3019,3452,3119,2950,3167,3417,2954,9539.591078,18253.188180,10865.368852,8759.825328,11603.232759,17135.398230,8802.453988,nan,nan,nan,nan,nan,nan,nan
874050,2,open_reference,1.2545,Fist,Fist,3018,3483,3169,2924,3145,3629,2954,9527.576602,19350.000000,11635.637149,8489.837746,11255.789474,26477.682403,8802.453988,nan,nan,nan,nan,nan,nan,nan
874100,2,open_reference,1.2962,Fist,Fist,2980,3392,3277,2942,3168,3931,2992,9086.995516,16405.120910,13620.782396,8675.455334,11619.417476,nan,9222.846782,nan,nan,nan,nan,nan,nan,nan
874150,2,open_reference,1.3583,Fist,Fist,2976,3415,3222,2953,3130,3305,3021,9042.359249,17075.000000,12548.453608,8791.768827,11027.979275,14224.050633,9563.687151,nan,nan,nan,nan,nan,nan,nan
874200,2,open_reference,1.4000,Fist,Fist,2972,3486,3198,2945,3100,3308,3180,8998.040962,19462.068966,12121.739130,8706.956522,10592.964824,14291.232529,11816.393443,nan,nan,nan,nan,nan,nan,nan
874250,2,open_reference,1.4636,Fist,Fist,2947,3448,3181,2934,3105,3294,2968,8728.048780,18119.319938,11833.041575,8592.248062,10663.636364,13982.022472,8954.037267,nan,nan,nan,nan,nan,nan,nan
874300,2,open_reference,1.5267,Fist,Fist,2976,3425,3154,2916,3076,3302,3028,9042.359249,17380.597015,11395.961743,8409.160305,10263.395486,14157.377049,9648.734770,nan,nan,nan,nan,nan,nan,nan
874350,2,open_reference,1.5683,Fist,Fist,2991,3370,3078,2921,3045,3330,3016,9211.413043,15804.137931,10290.265487,8459.454855,9860.000000,14800.000000,9503.614458,nan,nan,nan,nan,nan,nan,nan
874400,2,open_reference,1.6100,Fist,Fist,2966,3289,3031,2901,3040,3277,3004,8932.152347,13874.193548,9685.526316,8260.804020,9797.156398,13620.782396,9361.686526,nan,nan,nan,nan,nan,nan,nan
874450,2,open_reference,1.6738,Fist,Fist,2976,3318,2997,2913,3012,3424,2987,9042.359249,14518.918919,9280.327869,8379.187817,9455.955679,17349.627422,9165.884477,nan,nan,nan,nan,nan,nan,nan
874500,2,open_reference,1.6953,Fist,Fist,2967,3400,2996,2895,3011,3383,2969,8943.085106,16633.093525,9268.789809,8202.500000,9444.095941,16154.775281,8965.008881,nan,nan,nan,nan,nan,nan,nan
874550,2,open_reference,1.7380,Fist,Fist,2954,3331,2990,2910,3020,3364,2989,8802.453988,14823.821990,9200.000000,8349.367089,9551.627907,15646.511628,9188.607595,nan,nan,nan,nan,nan,nan,nan
874600,2,open_reference,1.8226,Fist,Fist,2954,3342,2954,2904,2992,3342,2965,8802.453988,15090.039841,8802.453988,8290.176322,9222.846782,15090.039841,8921.238938,nan,nan,nan,nan,nan,nan,nan
874650,2,open_reference,1.8653,Fist,Fist,2944,3347,2966,2889,2990,3342,2972,8696.437880,15213.636364,8932.152347,8144.776119,9200.000000,15090.039841,8998.040962,nan,nan,nan,nan,nan,nan,nan
874700,2,open_reference,1.9292,Fist,Fist,2942,3305,2964,2891,2972,3324,2983,8675.455334,14224.050633,8910.344828,8163.953488,8998.040962,14658.365759,9120.683453,nan,nan,nan,nan,nan,nan,nan
874750,2,open_reference,1.9709,Fist,Fist,2954,3351,2972,2893,2964,3323,2977,8802.453988,15313.709677,8998.040962,8183.194676,8910.344828,14634.974093,9053.488372,nan,nan,nan,nan,nan,nan,nan
874800,2,open_reference,2.0134,Fist,Fist,2958,3326,2925,2890,2959,3302,2981,8845.382586,14705.331599,8500.000000,8154.356846,8856.161972,14157.377049,9098.204668,nan,nan,nan,nan,nan,nan,nan
874850,2,open_reference,2.0769,Fist,Fist,2949,3367,2938,2893,2964,3293,2969,8749.214660,15725.000000,8633.707865,8183.194676,8910.344828,13960.349127,8965.008881,nan,nan,nan,nan,nan,nan,nan
874900,2,open_reference,2.1395,Fist,Fist,2958,3381,2956,2884,2965,3288,2937,8845.382586,16100.000000,8823.880597,8097.109827,8921.238938,13852.788104,8623.316062,nan,nan,nan,nan,nan,nan,nan
874950,2,open_reference,2.1606,Fist,Fist,2956,3351,2922,2877,2953,3286,2946,8823.880597,15313.709677,8469.565217,8031.034483,8791.768827,13810.135970,8717.493473,nan,nan,nan,nan,nan,nan,nan
875000,2,open_reference,2.2231,Fist,Fist,2944,3360,2932,2888,2960,3266,2935,8696.437880,15542.857143,8571.625107,8135.211268,8866.960352,13394.933655,8602.586207,nan,nan,nan,nan,nan,nan,nan
875050,2,open_reference,2.2856,Fist,Fist,2959,3343,2934,2884,2962,3281,2930,8856.161972,15114.627660,8592.248062,8097.109827,8888.614298,13704.422604,8551.072961,nan,nan,nan,nan,nan,nan,nan
875100,2,open_reference,2.3485,Fist,Fist,2962,3389,2903,2870,2961,3283,2931,8888.614298,16320.963173,8280.369128,7965.714286,8877.777778,13746.551724,8561.340206,nan,nan,nan,nan,nan,nan,nan
875150,2,open_reference,2.3698,Fist,Fist,2934,3349,2911,2875,2946,3302,2978,8592.248062,15263.538874,8359.290541,8012.295082,8717.493473,14157.377049,9064.637422,nan,nan,nan,nan,nan,nan,nan
875200,2,open_reference,2.4320,Fist,Fist,2947,3374,2905,2880,2957,3271,2927,8728.048780,15910.679612,8300.000000,8059.259259,8834.622144,13496.844660,8520.376712,nan,nan,nan,nan,nan,nan,nan
875250,2,open_reference,2.4731,Fist,Fist,2954,3350,2891,2874,2955,3310,2922,8802.453988,15288.590604,8163.953488,8002.948403,8813.157895,14336.305732,8469.565217,nan,nan,nan,nan,nan,nan,nan
875300,2,open_reference,2.5152,Fist,Fist,2943,3323,2916,2878,2959,3298,2919,8685.937500,14634.974093,8409.160305,8040.427280,8856.161972,14069.259724,8439.285714,nan,nan,nan,nan,nan,nan,nan
875350,2,open_reference,2.5779,Fist,Fist,2950,3333,2920,2877,2958,3302,2941,8759.825328,14871.653543,8449.361702,8031.034483,8845.382586,14157.377049,8664.991334,nan,nan,nan,nan,nan,nan,nan
875400,2,open_reference,2.6195,Fist,Fist,2957,3306,2891,2870,2952,3315,2957,8834.622144,14246.387833,8163.953488,7965.714286,8781.102362,14450.000000,8834.622144,nan,nan,nan,nan,nan,nan,nan
875450,2,open_reference,2.6615,Fist,Fist,2947,3286,2912,2872,2961,3267,2933,8728.048780,13810.135970,8369.230769,7984.300899,8877.777778,13415.217391,8581.927711,nan,nan,nan,nan,nan,nan,nan
875500,2,open_reference,2.7466,Fist,Fist,2955,3191,2889,2867,2952,3221,2923,8813.157895,12001.548673,8144.776119,7937.947883,8781.102362,12530.205950,8479.692833,nan,nan,nan,nan,nan,nan,nan
875550,2,open_reference,2.7682,Fist,Fist,2953,3244,2866,2864,2959,3206,2913,8791.768827,12960.752056,7928.722539,7910.316816,8856.161972,12261.417323,8379.187817,nan,nan,nan,nan,nan,nan,nan
875600,2,open_reference,2.7895,Fist,Fist,2940,3268,2915,2856,2965,3194,2928,8654.545455,13435.550181,8399.152542,7837.288136,8921.238938,12052.830189,8530.591260,nan,nan,nan,nan,nan,nan,nan
875650,2,open_reference,2.8534,Fist,Fist,2954,3289,2899,2860,2975,3164,2921,8802.453988,13874.193548,8241.304348,7873.684211,9031.250000,11554.887218,8459.454855,nan,nan,nan,nan,nan,nan,nan
875700,2,open_reference,2.9181,Fist,Fist,2952,3280,2877,2841,2963,3170,2915,8781.102362,13683.435583,8031.034483,7702.870813,8899.469965,11651.891892,8399.152542,nan,nan,nan,nan,nan,nan,nan
875750,2,open_reference,2.9604,Fist,Fist,2936,3284,2894,2845,2963,3166,2919,8612.942192,13767.694205,8192.839301,7738.400000,8899.469965,11587.082885,8439.285714,nan,nan,nan,nan,nan,nan,nan
875800,2,open_reference,3.0242,Fist,Fist,2933,3273,2889,2859,2957,3171,2895,8581.927711,13537.956204,8144.776119,7864.563107,8834.622144,11668.181818,8202.500000,nan,nan,nan,nan,nan,nan,nan
875850,2,open_reference,3.0662,Fist,Fist,2926,3298,2882,2849,2948,3183,2914,8510.179641,14069.259724,8078.153339,7774.157303,8738.622493,11866.447368,8389.161727,nan,nan,nan,nan,nan,nan,nan
875900,2,open_reference,3.0874,Fist,Fist,2904,3289,2886,2853,2949,3185,2925,8290.176322,13874.193548,8116.129032,7810.144928,8749.214660,11900.000000,8500.000000,nan,nan,nan,nan,nan,nan,nan
875950,2,open_reference,3.1716,Fist,Fist,2919,3310,2898,2865,2947,3171,2901,8439.285714,14336.305732,8231.578947,7919.512195,8728.048780,11668.181818,8260.804020,nan,nan,nan,nan,nan,nan,nan
876000,2,open_reference,3.1930,Fist,Fist,2920,3310,2884,2855,2928,3187,2907,8449.361702,14336.305732,8097.109827,7828.225806,8530.591260,11933.700441,8319.696970,nan,nan,nan,nan,nan,nan,nan
876050,2,open_reference,3.2565,Fist,Fist,2907,3278,2891,2850,2934,3226,2881,8319.696970,13641.615667,8163.953488,7783.132530,8592.248062,12621.864212,8068.698517,nan,nan,nan,nan,nan,nan,nan
876100,2,open_reference,3.2991,Fist,Fist,2906,3313,2894,2849,2936,3200,2868,8309.840202,14404.347826,8192.839301,7774.157303,8612.942192,12156.424581,7947.188264,nan,nan,nan,nan,nan,nan,nan
876150,2,open_reference,3.3806,Fist,Fist,2907,3311,2890,2850,2925,3201,2911,8319.696970,14358.928571,8154.356846,7783.132530,8500.000000,12173.825503,8359.290541,nan,nan,nan,nan,nan,nan,nan
876200,2,open_reference,3.4018,Fist,Fist,2899,3279,2884,2863,2919,3199,2912,8241.304348,13662.500000,8097.109827,7901.136364,8439.285714,12139.062500,8369.230769,nan,nan,nan,nan,nan,nan,nan
876250,2,open_reference,3.4438,Fist,Fist,2917,3287,2884,2855,2919,3228,2895,8419.185059,13831.435644,8097.109827,7828.225806,8439.285714,12658.823529,8202.500000,nan,nan,nan,nan,nan,nan,nan
876300,2,open_reference,3.4856,Fist,Fist,2912,3280,2862,2843,2906,3247,2900,8369.230769,13683.435583,7891.970803,7720.607029,8309.840202,13018.632075,8251.046025,nan,nan,nan,nan,nan,nan,nan
876350,2,open_reference,3.5696,Fist,Fist,2905,3264,2868,2849,2917,3202,2895,8300.000000,13354.512635,7947.188264,7774.157303,8419.185059,12191.265398,8202.500000,nan,nan,nan,nan,nan,nan,nan
876400,2,open_reference,3.5902,Fist,Fist,2922,3251,2879,2859,2919,3193,2880,8469.565217,13096.445498,8049.835526,7864.563107,8439.285714,12035.698448,8059.259259,nan,nan,nan,nan,nan,nan,nan
876450,2,open_reference,3.6532,Fist,Fist,2925,3305,2866,2839,2906,3186,2877,8500.000000,14224.050633,7928.722539,7685.191083,8309.840202,11916.831683,8031.034483,nan,nan,nan,nan,nan,nan,nan
876500,2,open_reference,3.6953,Fist,Fist,2913,3304,2878,2850,2911,3219,2886,8379.187817,14201.769912,8040.427280,7783.132530,8359.290541,12493.835616,8116.129032,nan,nan,nan,nan,nan,nan,nan
876550,2,open_reference,3.7585,Fist,Fist,2919,3310,2876,2846,2910,3202,2874,8439.285714,14336.305732,8021.657096,7747.317854,8349.367089,12191.265398,8002.948403,nan,nan,nan,nan,nan,nan,nan
876600,2,open_reference,3.8214,Fist,Fist,2920,3282,2863,2831,2902,3194,2882,8449.361702,13725.461255,7901.136364,7615.031646,8270.578374,12052.830189,8078.153339,nan,nan,nan,nan,nan,nan,nan
876650,2,open_reference,3.8635,Fist,Fist,2909,3272,2870,2840,2904,3184,2882,8339.460371,13517.375456,7965.714286,7694.023904,8290.176322,11883.205269,8078.153339,nan,nan,nan,nan,nan,nan,nan
876700,2,open_reference,3.9053,Fist,Fist,2915,3275,2864,2848,2904,3197,2862,8399.152542,13579.268293,7910.316816,7765.196472,8290.176322,12104.454343,7891.970803,nan,nan,nan,nan,nan,nan,nan
876750,2,open_reference,3.9482,Fist,Fist,2913,3248,2858,2837,2896,3179,2876,8379.187817,13038.016529,7855.456750,7667.567568,8212.176814,11799.781659,8021.657096,nan,nan,nan,nan,nan,nan,nan
876850,2,posture_hold,0.0413,Fist,Fist,2914,3248,2863,2849,2905,3231,2867,8389.161727,13038.016529,7901.136364,7774.157303,8300.000000,12714.583333,7937.947883,-0.023049,-0.077641,-0.031623,-0.011495,-0.053069,0.039934,-0.054348
876900,2,posture_hold,0.1039,Fist,Fist,2913,3244,2860,2836,2899,3251,2872,8379.187817,12960.752056,7873.684211,7658.776807,8241.304348,13096.445498,7984.300899,-0.024211,-0.083107,-0.034988,-0.026166,-0.059766,0.071166,-0.048826
876950,2,posture_hold,0.1251,Fist,Fist,2909,3235,2863,2844,2912,3151,2861,8339.460371,12789.534884,7901.136364,7729.496403,8369.230769,11348.940678,7882.820097,-0.028837,-0.095220,-0.031623,-0.017174,-0.045171,-0.071763,-0.060916
877000,2,posture_hold,0.1884,Fist,Fist,2924,3232,2862,2838,2915,3140,2853,8489.837746,12733.256083,7891.970803,7676.372315,8399.152542,11179.057592,7810.144928,-0.011325,-0.099201,-0.032747,-0.023929,-0.041757,-0.085658,-0.069574
877050,2,posture_hold,0.2307,Fist,Fist,2923,3226,2853,2832,2912,3141,2866,8479.692833,12621.864212,7810.144928,7623.752969,8369.230769,11194.339623,7928.722539,-0.012507,-0.107081,-0.042775,-0.030620,-0.045171,-0.084408,-0.055447
877100,2,posture_hold,0.2730,Fist,Fist,2913,3206,2865,2845,2919,3124,2866,8379.187817,12261.417323,7919.512195,7738.400000,8439.285714,10938.825953,7928.722539,-0.024211,-0.132581,-0.029371,-0.016042,-0.037178,-0.105307,-0.055447
877150,2,posture_hold,0.3352,Fist,Fist,2921,3214,2864,2841,2928,3119,2854,8459.454855,12403.632236,7910.316816,7702.870813,8530.591260,10865.368852,7819.178082,-0.014863,-0.122520,-0.030498,-0.020560,-0.026761,-0.111315,-0.068498
877200,2,posture_hold,0.3774,Fist,Fist,2919,3215,2851,2831,2918,3109,2869,8439.285714,12421.590909,7792.122186,7615.031646,8429.226848,10720.689655,7956.443719,-0.017212,-0.121249,-0.044984,-0.031729,-0.038326,-0.123148,-0.052145
877250,2,posture_hold,0.4195,Fist,Fist,2909,3193,2860,2842,2926,3112,2863,8339.460371,12035.698448,7873.684211,7711.731844,8510.179641,10763.784334,7901.136364,-0.028837,-0.148549,-0.034988,-0.019433,-0.029090,-0.119623,-0.058734
877300,2,posture_hold,0.5032,Fist,Fist,2912,3225,2864,2834,2916,3118,2854,8369.230769,12603.448276,7910.316816,7641.237113,8409.160305,10850.767656,7819.178082,-0.025370,-0.108384,-0.030498,-0.028396,-0.040615,-0.112509,-0.068498
877350,2,posture_hold,0.5243,Fist,Fist,2909,3243,2849,2823,2905,3115,2868,8339.460371,12941.549296,7774.157303,7545.754717,8300.000000,10807.142857,7947.188264,-0.028837,-0.084466,-0.047186,-0.040537,-0.053069,-0.116077,-0.053248
877400,2,posture_hold,0.6084,Fist,Fist,2900,3231,2864,2833,2916,3122,2869,8251.046025,12714.583333,7910.316816,7632.488114,8409.160305,10909.352518,7956.443719,-0.039133,-0.100522,-0.030498,-0.029509,-0.040615,-0.107717,-0.052145
877450,2,posture_hold,0.6500,Fist,Fist,2908,3219,2858,2829,2912,3110,2862,8329.570345,12493.835616,7855.456750,7597.630332,8369.230769,10735.025381,7891.970803,-0.029989,-0.116139,-0.037222,-0.033941,-0.045171,-0.121976,-0.059826
877500,2,posture_hold,0.6706,Fist,Fist,2910,3226,2849,2817,2904,3113,2870,8349.367089,12621.864212,7774.157303,7494.366197,8290.176322,10778.207739,7965.714286,-0.027684,-0.107081,-0.047186,-0.047072,-0.054190,-0.118444,-0.051041
877550,2,posture_hold,0.7329,Fist,Fist,2895,3216,2855,2837,2912,3108,2873,8202.500000,12439.590444,7828.225806,7667.567568,8369.230769,10706.382979,7993.617021,-0.044787,-0.119976,-0.040559,-0.025049,-0.045171,-0.124318,-0.047717
877600,2,posture_hold,0.7799,Fist,Fist,2902,3214,2855,2836,2913,3093,2861,8270.578374,12403.632236,7828.225806,7658.776807,8379.187817,10495.209581,7882.820097,-0.036859,-0.122520,-0.040559,-0.026166,-0.044035,-0.141590,-0.060916
877650,2,posture_hold,0.8218,Fist,Fist,2904,3219,2848,2831,2910,3101,2868,8290.176322,12493.835616,7765.196472,7615.031646,8349.367089,10607.042254,7947.188264,-0.034577,-0.116139,-0.048284,-0.031729,-0.047437,-0.132443,-0.053248
877700,2,posture_hold,0.8630,Fist,Fist,2899,3218,2852,2836,2911,3110,2866,8241.304348,12475.712657,7801.126307,7658.776807,8359.290541,10735.025381,7928.722539,-0.040268,-0.117421,-0.043881,-0.026166,-0.046305,-0.121976,-0.055447
877750,2,posture_hold,0.9265,Fist,Fist,2906,3214,2848,2833,2911,3106,2855,8309.840202,12403.632236,7765.196472,7632.488114,8359.290541,10677.856421,7828.225806,-0.032287,-0.122520,-0.048284,-0.029509,-0.046305,-0.126652,-0.067420
877800,2,posture_hold,0.9683,Fist,Fist,2906,3210,2837,2830,2900,3119,2864,8309.840202,12332.203390,7667.567568,7606.324111,8251.046025,10865.368852,7910.316816,-0.032287,-0.127573,-0.060250,-0.032836,-0.058654,-0.111315,-0.057640
877850,2,posture_hold,1.0315,Fist,Fist,2898,3191,2850,2837,2910,3121,2864,8231.578947,12001.548673,7783.132530,7667.567568,8349.367089,10894.661191,7910.316816,-0.041400,-0.150965,-0.046086,-0.025049,-0.047437,-0.108919,-0.057640
877900,2,posture_hold,1.0942,Fist,Fist,2901,3187,2849,2835,2902,3121,2848,8260.804020,11933.700441,7774.157303,7650.000000,8270.578374,10894.661191,7765.196472,-0.037997,-0.155765,-0.047186,-0.027282,-0.056426,-0.108919,-0.074928
877950,2,posture_hold,1.1361,Fist,Fist,2898,3165,2838,2830,2895,3134,2865,8231.578947,11570.967742,7676.372315,7606.324111,8202.500000,11088.033299,7919.512195,-0.041400,-0.181426,-0.059171,-0.032836,-0.064193,-0.093103,-0.056545
878000,2,posture_hold,1.1783,Fist,Fist,2886,3157,2853,2837,2898,3149,2864,8116.129032,11443.283582,7810.144928,7667.567568,8231.578947,11317.758985,7910.316816,-0.054845,-0.190459,-0.042775,-0.025049,-0.060875,-0.074314,-0.057640
878050,2,posture_hold,1.2424,Fist,Fist,2892,3184,2842,2837,2897,3162,2854,8173.566085,11883.205269,7711.731844,7667.567568,8221.869783,11522.829582,7819.178082,-0.048156,-0.159337,-0.054837,-0.025049,-0.061983,-0.057541,-0.068498
878100,2,posture_hold,1.2844,Fist,Fist,2894,3178,2830,2826,2888,3167,2863,8192.839301,11783.206107,7606.324111,7571.631206,8135.211268,11603.232759,7901.136364,-0.045912,-0.166411,-0.067756,-0.037247,-0.071869,-0.050964,-0.058734
878150,2,posture_hold,1.3480,Fist,Fist,2881,3211,2838,2835,2892,3165,2860,8068.698517,12350.000000,7676.372315,7650.000000,8173.566085,11570.967742,7873.684211,-0.060368,-0.126314,-0.059171,-0.027282,-0.067494,-0.053603,-0.062004
878200,2,posture_hold,1.3890,Fist,Fist,2896,3246,2842,2837,2908,3130,2845,8212.176814,12999.293286,7711.731844,7667.567568,8329.570345,11027.979275,7738.400000,-0.043660,-0.080381,-0.054837,-0.025049,-0.049695,-0.098015,-0.078121
878250,2,posture_hold,1.4316,Fist,Fist,2895,3237,2847,2839,2907,3139,2857,8202.500000,12827.272727,7756.250000,7685.191083,8319.696970,11163.807531,7846.365105,-0.044787,-0.092550,-0.049381,-0.022808,-0.050822,-0.086905,-0.065259
878300,2,posture_hold,1.4941,Fist,Fist,2897,3249,2851,2863,2941,3099,2876,8221.869783,13057.446809,7792.122186,7901.136364,8664.991334,10578.915663,8021.657096,-0.042531,-0.076267,-0.044984,0.004650,-0.011428,-0.134744,-0.044376
878350,2,posture_hold,1.5572,Fist,Fist,2931,3394,2971,2869,2959,3167,2873,8561.340206,16461.626248,8987.010676,7956.443719,8856.161972,11603.232759,7993.617021,-0.002998,0.164558,0.101463,0.011683,0.010382,-0.050964,-0.047717
878400,2,posture_hold,1.5991,Fist,Fist,2941,3365,2974,2874,2967,3230,2895,8664.991334,15672.602740,9020.160571,8002.948403,8943.085106,12695.953757,8202.500000,0.009072,0.108739,0.105526,0.017596,0.020299,0.038410,-0.022832
878450,2,posture_hold,1.6415,Fist,Fist,2967,3366,3034,2890,3035,3257,2880,8943.085106,15698.765432,9722.525919,8154.356846,9734.905660,13214.558473,8059.259259,0.041457,0.110590,0.191609,0.036848,0.110637,0.080827,-0.039897
878500,2,posture_hold,1.7054,Fist,Fist,3008,3365,3126,2901,3079,3420,2906,9408.647654,15672.602740,10968.421053,8260.804020,10303.740157,17226.666667,8309.840202,0.095674,0.108739,0.344308,0.050383,0.175534,0.408980,-0.010045
878550,2,posture_hold,1.7480,Fist,Fist,3008,3275,3123,3013,3113,3543,2899,9408.647654,13579.268293,10924.074074,9467.837338,10778.207739,21822.826087,8241.304348,0.095674,-0.039351,0.338873,0.203861,0.229665,0.784902,-0.018209
878600,2,posture_hold,1.7906,Fist,Fist,2990,3396,3227,3012,3146,3463,2955,9200.000000,16518.454936,12640.322581,9455.955679,11271.232877,18630.063291,8813.157895,0.071376,0.168578,0.549220,0.202350,0.285913,0.523764,0.049916
878650,2,posture_hold,1.8537,Fist,Fist,3035,3414,3310,2989,3211,3557,2945,9734.905660,17044.933921,14336.305732,9188.607595,12350.000000,22479.182156,8706.956522,0.133668,0.205823,0.757082,0.168356,0.408988,0.838586,0.037264
878700,2,posture_hold,1.9172,Fist,Fist,3106,3538,3328,2971,3227,3708,2961,10677.856421,21596.409336,14752.542373,8987.010676,12640.322581,32576.744186,8877.777778,0.243478,0.527812,0.808097,0.142722,0.442110,1.664472,0.057614
878750,2,posture_hold,1.9598,Fist,Fist,3147,3451,3159,2985,3310,4095,3033,11286.708861,18219.565217,11475.000000,9143.243243,14336.305732,nan,9710.169492,0.314381,0.288921,0.406396,0.162588,0.635601,nan,0.156777
878800,2,posture_hold,1.9813,Fist,Fist,3261,3539,3286,3255,3272,4095,3146,13294.244604,21641.366906,13810.135970,13175.000000,13517.375456,nan,11271.232877,0.548167,0.530992,0.692594,0.675236,0.542171,nan,0.342747
878850,2,posture_hold,2.0658,Fist,Fist,3216,3635,3203,3015,3276,4095,3149,12439.590444,26867.391304,12208.744395,9491.666667,13600.000000,nan,11317.758985,0.448639,0.900701,0.496325,0.206891,0.551598,nan,0.348290
878900,2,posture_hold,2.0868,Fist,Fist,3200,3524,3250,3019,3368,4095,3163,12156.424581,20983.537653,13076.923077,9539.591078,15751.306740,nan,11538.841202,0.415663,0.484455,0.602730,0.212984,0.797036,nan,0.374628
878950,2,posture_hold,2.1292,Fist,Fist,3272,3579,3128,3100,3301,4095,3158,13517.375456,23582.558140,10998.138573,10592.964824,14135.264484,nan,11459.124867,0.574151,0.668320,0.347951,0.346923,0.612665,nan,0.365131
879000,2,posture_hold,2.1964,Fist,Fist,3187,3607,3058,3039,3327,4095,3136,11933.700441,25130.737705,10026.229508,9784.659091,14728.906250,nan,11118.248175,0.389726,0.777844,0.228832,0.244145,0.680392,nan,0.324522
879050,2,posture_hold,2.2600,Fist,Fist,3151,3686,3103,3067,3344,4095,3076,11348.940678,30641.564792,10635.282258,10143.774319,15139.280959,nan,10263.395486,0.321629,1.167701,0.303478,0.289808,0.727211,nan,0.222683
879100,2,posture_hold,2.3016,Fist,Fist,3202,3575,3183,3041,3336,3656,3068,12191.265398,23375.000000,11866.447368,9809.677419,14943.873518,28315.261959,10156.962025,0.419721,0.653636,0.454372,0.247326,0.704918,1.315923,0.210004
879150,2,posture_hold,2.3431,Fist,Fist,3182,3598,3116,3020,3278,3703,3075,11849.726177,24614.084507,10821.654750,9551.627907,13641.615667,32117.857143,10250.000000,0.379947,0.741294,0.326320,0.214515,0.556346,1.626939,0.221087
879200,2,posture_hold,2.4058,Fist,Fist,3214,3674,3040,3000,3346,3683,3080,12403.632236,29671.258907,9797.156398,9315.068493,15188.785047,30393.689320,10317.241379,0.444452,1.099058,0.200756,0.184436,0.732859,1.485919,0.229098
879250,2,posture_hold,2.4479,Fist,Fist,3214,3631,3077,3035,3352,3470,3119,12403.632236,26606.465517,10276.817289,9734.905660,15338.896366,18876.800000,10865.368852,0.444452,0.882242,0.259544,0.237819,0.749985,0.543945,0.294397
879300,2,posture_hold,2.5100,Fist,Fist,3179,3642,3048,3021,3299,3444,3106,11799.781659,27335.099338,9897.994269,9563.687151,14091.206030,17987.096774,10677.856421,0.374131,0.933789,0.213115,0.216048,0.607638,0.471176,0.272058
879350,2,posture_hold,2.5519,Fist,Fist,3166,3576,3040,3031,3309,3470,3056,11587.082885,23426.589595,9797.156398,9685.526316,14313.740458,18876.800000,10000.384986,0.349361,0.657286,0.200756,0.231540,0.633027,0.543945,0.191351
879400,2,posture_hold,2.6142,Fist,Fist,3152,3589,3056,3020,3278,3552,3015,11364.581124,24115.810277,10000.384986,9551.627907,13641.615667,22240.883978,9491.666667,0.323450,0.706044,0.225664,0.214515,0.556346,0.819096,0.130747
879450,2,posture_hold,2.6549,Fist,Fist,3152,3693,3047,3003,3297,3546,3046,11364.581124,31234.328358,9885.305344,9350.000000,14047.368421,21960.655738,9872.640610,0.323450,1.209635,0.211560,0.188877,0.602637,0.796176,0.176132
879500,2,posture_hold,2.6975,Fist,Fist,3147,3606,3051,3019,3257,3482,3032,11286.708861,25072.392638,9936.206897,9539.591078,13214.558473,19312.887439,9697.836312,0.314381,0.773716,0.217798,0.212984,0.507623,0.579613,0.155308
879550,2,posture_hold,2.7593,Fist,Fist,3136,3710,3038,2984,3232,3447,3031,11118.248175,32763.636364,9772.185430,9131.953195,12733.256083,18086.111111,9685.526316,0.294764,1.317824,0.197696,0.161152,0.452713,0.479274,0.153841
879600,2,posture_hold,2.7808,Fist,Fist,3137,3648,2992,3013,3270,3560,3018,11133.402923,27747.651007,9222.846782,9467.837338,13476.363636,22624.299065,9527.576602,0.296528,0.962974,0.130368,0.203861,0.537492,0.850455,0.135025
879650,2,posture_hold,2.8437,Fist,Fist,3115,3709,3007,2970,3259,3546,3004,10807.142857,32669.948187,9396.875000,8976.000000,13254.306220,21960.655738,9361.686526,0.258534,1.311196,0.151697,0.141322,0.512158,0.796176,0.115262
879700,2,posture_hold,2.9096,Fist,Fist,3075,3518,2994,2970,3242,3347,2989,10250.000000,20729.982669,9245.776567,8976.000000,12922.391559,15213.636364,9188.607595,0.193653,0.466518,0.133178,0.141322,0.474291,0.244333,0.094643
879750,2,posture_hold,2.9516,Fist,Fist,3087,3597,3006,3006,3207,3418,2996,10412.500000,24557.831325,9385.123967,9385.123967,12279.054054,17165.731167,9268.789809,0.212576,0.737314,0.150257,0.193343,0.400894,0.403996,0.104195
879800,2,posture_hold,2.9925,Fist,Fist,3110,3640,3023,3014,3250,3550,2994,10735.025381,27200.000000,9587.873134,9479.740981,13076.923077,22146.788991,9245.776567,0.250136,0.924231,0.175106,0.205374,0.491921,0.811400,0.101454
879850,2,posture_hold,3.0562,Fist,Fist,3111,3644,2973,3007,3278,3483,3014,10749.390244,27471.396896,9009.090909,9396.875000,13641.615667,19350.000000,9479.740981,0.251809,0.943431,0.104170,0.194838,0.556346,0.582648,0.129326
879900,2,posture_hold,3.0776,Fist,Fist,3109,3553,2987,2980,3261,3526,2992,10720.689655,22288.191882,9165.884477,9086.995516,13294.244604,21069.244288,9222.846782,0.248466,0.576751,0.123386,0.155436,0.516715,0.723266,0.098722
879950,2,posture_hold,3.1411,Fist,Fist,3108,3625,2980,2996,3248,3344,3003,10706.382979,26223.404255,9086.995516,9268.789809,13038.016529,15139.280959,9350.000000,0.246800,0.855143,0.113718,0.178551,0.487482,0.238251,0.113870
880000,2,posture_hold,3.2233,Fist,Fist,3082,3601,2998,2989,3230,3491,3022,10344.323791,24784.210526,9291.886964,9188.607595,12695.953757,19651.324503,9575.768872,0.204637,0.753329,0.138830,0.168356,0.448457,0.607294,0.140766
880050,2,posture_hold,3.2649,Fist,Fist,3089,3641,3026,2994,3266,3391,3008,10439.960239,27267.400881,9624.321796,9245.776567,13394.933655,16376.988636,9408.647654,0.215774,0.928999,0.179573,0.175625,0.528202,0.339484,0.120857
880100,2,posture_hold,3.3069,Fist,Fist,3077,3513,3005,2993,3254,3364,2995,10276.817289,20522.680412,9373.394495,9234.301270,13155.291320,15646.511628,9257.272727,0.196776,0.451852,0.148819,0.174166,0.500862,0.279738,0.102823
880150,2,posture_hold,3.3488,Fist,Fist,3081,3509,3034,2998,3220,3356,2993,10330.769231,20359.385666,9722.525919,9291.886964,12512.000000,15440.324763,9234.301270,0.203059,0.440300,0.191609,0.181488,0.427470,0.262874,0.100087
880200,2,posture_hold,3.3905,Fist,Fist,3058,3513,3041,2967,3174,3420,3007,10026.229508,20522.680412,9809.677419,8943.085106,11717.263844,17226.666667,9396.875000,0.167594,0.451852,0.202291,0.137137,0.336800,0.408980,0.119454
880250,2,posture_hold,3.4523,Fist,Fist,3055,3507,2994,2988,3209,3328,2982,9987.500000,20278.571429,9245.776567,9177.235772,12314.446953,14752.542373,9109.433962,0.163083,0.434583,0.133178,0.166910,0.404931,0.206620,0.085211
880300,2,posture_hold,3.5147,Fist,Fist,3056,3511,3043,2996,3203,3233,2995,10000.384986,20440.753425,9834.790875,9268.789809,12208.744395,12751.972158,9257.272727,0.164584,0.446057,0.205369,0.178551,0.392872,0.042992,0.102823
880350,2,posture_hold,3.5559,Fist,Fist,3057,3521,3043,2972,3234,3255,3002,10013.294798,20856.097561,9834.790875,8998.040962,12770.731707,13175.000000,9338.334858,0.166087,0.475440,0.205369,0.144125,0.456988,0.077591,0.112480
880400,2,posture_hold,3.5971,Fist,Fist,3052,3552,3054,2998,3279,3305,2984,9948.993289,22240.883978,9974.639769,9291.886964,13662.500000,14224.050633,9131.953195,0.158599,0.573405,0.222509,0.181488,0.558728,0.163394,0.087894
880450,2,posture_hold,3.6597,Fist,Fist,3050,3571,3054,3001,3215,3342,2980,9923.444976,23170.610687,9974.639769,9326.691042,12421.590909,15090.039841,9086.995516,0.155624,0.639177,0.222509,0.185913,0.417155,0.234224,0.082538
880500,2,posture_hold,3.7009,Fist,Fist,3051,3614,3069,2988,3216,3361,2956,9936.206897,25545.945946,10170.175439,9177.235772,12439.590444,15568.664850,8823.880597,0.157110,0.807217,0.246474,0.166910,0.419209,0.273371,0.051193
880550,2,posture_hold,3.7433,Fist,Fist,3035,3531,3017,3000,3221,3416,2961,9734.905660,21286.170213,9515.584416,9315.068493,12530.205950,17105.154639,8877.777778,0.133668,0.505865,0.166246,0.184436,0.429547,0.399041,0.057614
880600,2,posture_hold,3.8057,Fist,Fist,3043,3485,3013,3008,3215,3227,2939,9834.790875,19424.590164,9467.837338,9408.647654,12421.590909,12640.322581,8644.117647,0.145300,0.374169,0.160394,0.196334,0.417155,0.033860,0.029778
880650,2,posture_hold,3.8263,Fist,Fist,3062,3562,3028,2980,3192,3259,2985,10078.218780,22721.951220,9648.734770,9086.995516,12018.604651,13254.306220,9143.243243,0.173648,0.607437,0.182565,0.155436,0.371179,0.084078,0.089239
880700,2,posture_hold,3.8889,Fist,Fist,3061,3482,3018,2992,3199,3399,2999,10065.183752,19312.887439,9527.576602,9222.846782,12139.062500,16604.310345,9303.467153,0.172130,0.366267,0.167716,0.172709,0.384922,0.358077,0.108327
880750,2,posture_hold,3.9514,Fist,Fist,3055,3456,3021,2987,3210,3248,2968,9987.500000,18388.732394,9563.687151,9165.884477,12332.203390,13038.016529,8954.037267,0.163083,0.300889,0.172142,0.165466,0.406957,0.066387,0.066699
880800,2,posture_hold,3.9931,Fist,Fist,3018,3561,2961,2972,3188,3261,2969,9527.576602,22673.033708,8877.777778,8998.040962,11950.606395,13294.244604,8965.008881,0.109524,0.603977,0.088076,0.144125,0.363422,0.087344,0.068006
880850,2,posture_hold,4.0350,Fist,Fist,3040,3453,3020,2991,3232,3306,2969,9797.156398,18286.915888,9551.627907,9211.413043,12733.256083,14246.387833,8965.008881,0.140917,0.293686,0.170664,0.171256,0.452713,0.165221,0.068006
880900,2,posture_hold,4.1173,Fist,Fist,3033,3521,2977,2991,3198,3283,2954,9710.169492,20856.097561,9053.488372,9211.413043,12121.739130,13746.551724,8802.453988,0.130787,0.475440,0.109611,0.171256,0.382946,0.124339,0.048641
880950,2,posture_hold,4.1597,Fist,Fist,3026,3655,2972,2973,3155,3335,2971,9624.321796,28243.181818,8998.040962,9009.090909,11411.702128,14919.736842,8987.010676,0.120790,0.998030,0.102815,0.145530,0.301939,0.220294,0.070627
881000,2,posture_hold,4.2015,Fist,Fist,3021,3567,3096,2995,3198,3270,2993,9563.687151,22969.318182,10536.936937,9257.272727,12121.739130,13476.363636,9234.301270,0.113729,0.624937,0.291425,0.177087,0.382946,0.102240,0.100087
881050,2,posture_hold,4.2425,Fist,Fist,3023,3540,3052,2991,3170,3234,2973,9587.873134,21686.486486,9948.993289,9211.413043,11651.891892,12770.731707,9009.090909,0.116545,0.534184,0.219366,0.171256,0.329342,0.044526,0.073257
881100,2,posture_hold,4.2843,Fist,Fist,3017,3518,3051,2962,3156,3226,2991,9515.584416,20729.982669,9936.206897,8888.614298,11427.476038,12621.864212,9211.413043,0.108127,0.466518,0.217798,0.130211,0.303739,0.032350,0.097360
881150,2,posture_hold,4.3268,Fist,Fist,2990,3558,3039,2976,3184,3254,2976,9200.000000,22527.374302,9784.659091,9042.359249,11883.205269,13155.291320,9042.359249,0.071376,0.593672,0.199225,0.149760,0.355732,0.075979,0.077221
881200,2,posture_hold,4.3895,Fist,Fist,3007,3574,3020,2946,3162,3344,2967,9396.875000,23323.608445,9551.627907,8717.493473,11522.829582,15139.280959,8943.085106,0.094303,0.650001,0.170664,0.108452,0.314617,0.238251,0.065394
881250,2,posture_hold,4.4528,Fist,Fist,2996,3521,3031,2954,3162,3362,2979,9268.789809,20856.097561,9685.526316,8802.453988,11522.829582,15594.542974,9075.806452,0.079387,0.475440,0.187075,0.119255,0.314617,0.275487,0.081205
881300,2,posture_hold,4.4951,Fist,Fist,2995,3431,3039,2960,3161,3271,2958,9257.272727,17568.373494,9784.659091,8866.960352,11506.852248,13496.844660,8845.382586,0.078046,0.242853,0.199225,0.127457,0.312795,0.103915,0.053755
881350,2,posture_hold,4.5590,Fist,Fist,2994,3491,3063,2960,3179,3205,2957,9245.776567,19651.324503,10091.279070,8866.960352,11799.781659,12243.820225,8834.622144,0.076707,0.390209,0.236804,0.127457,0.346214,0.001430,0.052473
881400,2,posture_hold,4.6017,Fist,Fist,2992,3483,3056,2944,3164,3172,2957,9222.846782,19350.000000,10000.384986,8696.437880,11554.887218,11684.507042,8834.622144,0.074037,0.368892,0.225664,0.105775,0.318275,-0.044317,0.052473
881450,2,posture_hold,4.6435,Fist,Fist,2988,3469,3050,2958,3175,3252,2948,9177.235772,18841.214058,9923.444976,8845.382586,11733.695652,13116.014235,8738.622493,0.068725,0.332899,0.216234,0.124714,0.338675,0.072767,0.041036
881500,2,posture_hold,4.7065,Fist,Fist,2981,3421,3031,2963,3169,3287,2959,9098.204668,17257.270030,9685.526316,8899.469965,11635.637149,13831.435644,8856.161972,0.059522,0.220845,0.187075,0.131591,0.327487,0.131282,0.055039
881550,2,posture_hold,4.7482,Fist,Fist,2989,3464,3047,2961,3168,3391,2949,9188.607595,18664.976228,9885.305344,8877.777778,11619.417476,16376.988636,8749.214660,0.070049,0.320431,0.211560,0.128833,0.325637,0.339484,0.042298
881600,2,posture_hold,4.8119,Fist,Fist,2969,3511,3113,2960,3162,3373,2968,8965.008881,20440.753425,10778.207739,8866.960352,11522.829582,15883.933518,8954.037267,0.044010,0.446057,0.320996,0.127457,0.314617,0.299157,0.066699
881650,2,posture_hold,4.8537,Fist,Fist,2980,3414,3031,2966,3157,3328,2943,9086.995516,17044.933921,9685.526316,8932.152347,11443.283582,14752.542373,8685.937500,0.058216,0.205823,0.187075,0.135747,0.305542,0.206620,0.034760
881700,2,posture_hold,4.8964,Fist,Fist,2980,3440,3069,2937,3151,3382,2947,9086.995516,17856.488550,10170.175439,8623.316062,11348.940678,16127.349229,8728.048780,0.058216,0.263236,0.246474,0.096477,0.294779,0.319066,0.039777
881750,2,posture_hold,4.9388,Fist,Fist,2971,3509,3105,2940,3161,3402,2949,8987.010676,20359.385666,10663.636364,8654.545455,11506.852248,16690.909091,8749.214660,0.046573,0.440300,0.306953,0.100448,0.312795,0.365160,0.042298
904250,3,open_reference,0.0213,ThumbUp,Uncertain,2853,3466,2854,2936,2977,3243,2939,7810.144928,18735.135135,7819.178082,8612.942192,9053.488372,12941.549296,8644.117647,nan,nan,nan,nan,nan,nan,nan
904300,3,open_reference,0.0848,ThumbUp,Uncertain,2861,3441,2858,2928,2972,3262,2935,7882.820097,17888.990826,7855.456750,8530.591260,8998.040962,13314.285714,8602.586207,nan,nan,nan,nan,nan,nan,nan
904350,3,open_reference,0.1261,ThumbUp,Uncertain,2862,3438,2849,2920,2965,3237,2941,7891.970803,17791.780822,7774.157303,8449.361702,8921.238938,12827.272727,8664.991334,nan,nan,nan,nan,nan,nan,nan
904400,3,open_reference,0.1677,ThumbUp,Uncertain,2848,3437,2853,2928,2981,3248,2930,7765.196472,17759.574468,7810.144928,8530.591260,9098.204668,13038.016529,8551.072961,nan,nan,nan,nan,nan,nan,nan
904450,3,open_reference,0.2094,ThumbUp,Uncertain,2859,3441,2860,2919,2982,3247,2917,7864.563107,17888.990826,7873.684211,8439.285714,9109.433962,13018.632075,8419.185059,nan,nan,nan,nan,nan,nan,nan
904500,3,open_reference,0.2728,ThumbUp,Uncertain,2859,3409,2865,2912,2953,3274,2924,7864.563107,16895.918367,7919.512195,8369.230769,8791.768827,13558.587089,8489.837746,nan,nan,nan,nan,nan,nan,nan
904550,3,open_reference,0.3141,ThumbUp,Uncertain,2844,3415,2861,2910,2962,3280,2919,7729.496403,17075.000000,7882.820097,8349.367089,8888.614298,13683.435583,8439.285714,nan,nan,nan,nan,nan,nan,nan
904600,3,open_reference,0.3767,ThumbUp,Uncertain,2854,3450,2863,2911,2959,3266,2914,7819.178082,18186.046512,7901.136364,8359.290541,8856.161972,13394.933655,8389.161727,nan,nan,nan,nan,nan,nan,nan
904650,3,open_reference,0.4189,ThumbUp,Uncertain,2850,3509,2854,2934,2952,3272,2926,7783.132530,20359.385666,7819.178082,8592.248062,8781.102362,13517.375456,8510.179641,nan,nan,nan,nan,nan,nan,nan
904700,3,open_reference,0.4819,ThumbUp,Uncertain,2842,3496,2889,2951,2974,3293,2931,7711.731844,19843.739566,8144.776119,8770.454545,9020.160571,13960.349127,8561.340206,nan,nan,nan,nan,nan,nan,nan
904750,3,open_reference,0.5030,ThumbUp,Uncertain,2852,3472,2907,2939,2983,3295,2935,7801.126307,18948.314607,8319.696970,8644.117647,9120.683453,14003.750000,8602.586207,nan,nan,nan,nan,nan,nan,nan
904800,3,open_reference,0.5863,ThumbUp,Uncertain,2861,3442,2912,2929,2979,3283,2974,7882.820097,17921.592649,8369.230769,8540.823328,9075.806452,13746.551724,9020.160571,nan,nan,nan,nan,nan,nan,nan
904850,3,open_reference,0.6073,ThumbUp,Uncertain,2851,3430,2943,3023,3024,3326,2989,7792.122186,17536.842105,8685.937500,9587.873134,9600.000000,14705.331599,9188.607595,nan,nan,nan,nan,nan,nan,nan
904900,3,open_reference,0.6702,ThumbUp,Uncertain,2871,3473,2998,3023,3046,3344,2983,7975.000000,18984.244373,9291.886964,9587.873134,9872.640610,15139.280959,9120.683453,nan,nan,nan,nan,nan,nan,nan
904950,3,open_reference,0.7109,ThumbUp,Uncertain,2895,3681,3023,2927,3052,3307,3008,8202.500000,30230.434783,9587.873134,8520.376712,9948.993289,14268.781726,9408.647654,nan,nan,nan,nan,nan,nan,nan
905000,3,open_reference,0.7524,ThumbUp,Uncertain,2927,3317,3068,2950,3079,3316,2990,8520.376712,14495.886889,10156.962025,8759.825328,10303.740157,14472.913992,9200.000000,nan,nan,nan,nan,nan,nan,nan
905050,3,open_reference,0.8152,ThumbUp,Uncertain,2957,3325,3078,2952,3088,3334,3022,8834.622144,14681.818182,10290.265487,8781.102362,10426.216485,14895.663601,9575.768872,nan,nan,nan,nan,nan,nan,nan
905100,3,open_reference,0.8778,ThumbUp,Uncertain,2966,3372,3099,2948,3141,3329,3020,8932.152347,15857.261411,10578.915663,8738.622493,11194.339623,14776.240209,9551.627907,nan,nan,nan,nan,nan,nan,nan
905150,3,open_reference,0.9196,ThumbUp,Uncertain,2962,3340,3118,2977,3109,3332,3032,8888.614298,15041.059603,10850.767656,9053.488372,10720.689655,14847.706422,9697.836312,nan,nan,nan,nan,nan,nan,nan
905200,3,open_reference,0.9621,ThumbUp,Uncertain,2961,3340,3073,2961,3103,3356,2994,8877.777778,15041.059603,10223.287671,8877.777778,10635.282258,15440.324763,9245.776567,nan,nan,nan,nan,nan,nan,nan
905250,3,open_reference,1.0258,ThumbUp,Uncertain,2958,3330,3040,2934,3054,3293,2989,8845.382586,14800.000000,9797.156398,8592.248062,9974.639769,13960.349127,9188.607595,nan,nan,nan,nan,nan,nan,nan
905300,3,open_reference,1.0681,ThumbUp,Uncertain,2954,3318,3059,2960,3069,3278,2995,8802.453988,14518.918919,10039.189189,8866.960352,10170.175439,13641.615667,9257.272727,nan,nan,nan,nan,nan,nan,nan
905350,3,open_reference,1.1106,ThumbUp,Uncertain,2962,3296,3027,2955,3088,3295,3018,8888.614298,14025.531915,9636.516854,8813.157895,10426.216485,14003.750000,9527.576602,nan,nan,nan,nan,nan,nan,nan
905400,3,open_reference,1.1532,ThumbUp,Uncertain,2953,3260,3009,2945,3089,3274,3010,8791.768827,13274.251497,9420.441989,8706.956522,10439.960239,13558.587089,9432.258065,nan,nan,nan,nan,nan,nan,nan
905450,3,open_reference,1.2169,ThumbUp,Uncertain,2931,3322,3046,2948,3063,3314,3030,8561.340206,14611.642950,9872.640610,8738.622493,10091.279070,14427.144686,9673.239437,nan,nan,nan,nan,nan,nan,nan
905500,3,open_reference,1.2808,ThumbUp,Uncertain,2931,3292,3011,2951,3064,3310,3014,8561.340206,13938.729763,9444.095941,8770.454545,10104.364694,14336.305732,9479.740981,nan,nan,nan,nan,nan,nan,nan
905550,3,open_reference,1.3446,ThumbUp,Uncertain,2930,3258,2989,2928,3081,3344,3018,8551.072961,13234.408602,9188.607595,8530.591260,10330.769231,15139.280959,9527.576602,nan,nan,nan,nan,nan,nan,nan
905600,3,open_reference,1.3855,ThumbUp,Uncertain,2917,3291,3013,2954,3121,3317,3025,8419.185059,13917.164179,9467.837338,8802.453988,10894.661191,14495.886889,9612.149533,nan,nan,nan,nan,nan,nan,nan
905650,3,open_reference,1.4273,ThumbUp,Uncertain,2920,3292,2990,2949,3121,3316,2990,8449.361702,13938.729763,9200.000000,8749.214660,10894.661191,14472.913992,9200.000000,nan,nan,nan,nan,nan,nan,nan
905700,3,open_reference,1.4900,ThumbUp,Uncertain,2924,3268,2985,2930,3075,3353,2987,8489.837746,13435.550181,9143.243243,8551.072961,10250.000000,15364.150943,9165.884477,nan,nan,nan,nan,nan,nan,nan
905750,3,open_reference,1.5115,ThumbUp,Uncertain,2890,3263,2990,2948,3055,3344,2989,8154.356846,13334.375000,9200.000000,8738.622493,9987.500000,15139.280959,9188.607595,nan,nan,nan,nan,nan,nan,nan
905800,3,open_reference,1.5961,ThumbUp,Uncertain,2896,3210,2974,2947,3115,3310,2955,8212.176814,12332.203390,9020.160571,8728.048780,10807.142857,14336.305732,8813.157895,nan,nan,nan,nan,nan,nan,nan
905850,3,open_reference,1.6176,ThumbUp,Uncertain,2899,3193,2988,2925,3091,3325,2965,8241.304348,12035.698448,9177.235772,8500.000000,10467.529880,14681.818182,8921.238938,nan,nan,nan,nan,nan,nan,nan
905900,3,open_reference,1.6593,ThumbUp,Uncertain,2900,3214,2963,2942,3099,3292,2976,8251.046025,12403.632236,8899.469965,8675.455334,10578.915663,13938.729763,9042.359249,nan,nan,nan,nan,nan,nan,nan
905950,3,open_reference,1.7228,ThumbUp,Uncertain,2905,3217,2953,2953,3107,3316,2940,8300.000000,12457.630979,8791.768827,8791.768827,10692.105263,14472.913992,8654.545455,nan,nan,nan,nan,nan,nan,nan
906000,3,open_reference,1.7853,ThumbUp,Uncertain,2892,3232,2951,2943,3062,3301,2953,8173.566085,12733.256083,8770.454545,8685.937500,10078.218780,14135.264484,8791.768827,nan,nan,nan,nan,nan,nan,nan
906050,3,open_reference,1.8064,ThumbUp,Uncertain,2888,3169,2942,2941,3073,3330,2949,8135.211268,11635.637149,8675.455334,8664.991334,10223.287671,14800.000000,8749.214660,nan,nan,nan,nan,nan,nan,nan
906100,3,open_reference,1.8908,ThumbUp,Uncertain,2885,3174,2948,2944,3069,3281,2944,8106.611570,11717.263844,8738.622493,8696.437880,10170.175439,13704.422604,8696.437880,nan,nan,nan,nan,nan,nan,nan
906150,3,open_reference,1.9332,ThumbUp,Uncertain,2888,3195,2933,2931,3050,3289,2950,8135.211268,12070.000000,8581.927711,8561.340206,9923.444976,13874.193548,8759.825328,nan,nan,nan,nan,nan,nan,nan
906200,3,open_reference,1.9542,ThumbUp,Uncertain,2887,3160,2978,2936,3049,3245,2958,8125.662252,11490.909091,9064.637422,8612.942192,9910.707457,12980.000000,8845.382586,nan,nan,nan,nan,nan,nan,nan
906250,3,open_reference,2.0164,ThumbUp,Uncertain,2895,3131,2970,2949,3042,3267,2946,8202.500000,11042.946058,8976.000000,8749.214660,9822.222222,13415.217391,8717.493473,nan,nan,nan,nan,nan,nan,nan
906300,3,open_reference,2.0581,ThumbUp,Uncertain,2895,3163,2959,2938,3033,3274,2961,8202.500000,11538.841202,8856.161972,8633.707865,9710.169492,13558.587089,8877.777778,nan,nan,nan,nan,nan,nan,nan
906350,3,open_reference,2.0994,ThumbUp,Uncertain,2892,3146,2958,2953,3033,3267,2962,8173.566085,11271.232877,8845.382586,8791.768827,9710.169492,13415.217391,8888.614298,nan,nan,nan,nan,nan,nan,nan
906400,3,open_reference,2.1619,ThumbUp,Uncertain,2900,3148,2967,2938,3050,3239,2952,8251.046025,11302.217529,8943.085106,8633.707865,9923.444976,12865.186916,8781.102362,nan,nan,nan,nan,nan,nan,nan
906450,3,open_reference,2.2044,ThumbUp,Uncertain,2896,3126,2960,2929,3018,3221,2960,8212.176814,10968.421053,8866.960352,8540.823328,9527.576602,12530.205950,8866.960352,nan,nan,nan,nan,nan,nan,nan
906500,3,open_reference,2.2675,ThumbUp,Uncertain,2880,3100,2961,2942,3023,3217,2959,8059.259259,10592.964824,8877.777778,8675.455334,9587.873134,12457.630979,8856.161972,nan,nan,nan,nan,nan,nan,nan
906550,3,open_reference,2.3315,ThumbUp,Uncertain,2894,3105,2963,2943,3032,3198,2945,8192.839301,10663.636364,8899.469965,8685.937500,9697.836312,12121.739130,8706.956522,nan,nan,nan,nan,nan,nan,nan
906600,3,open_reference,2.3735,ThumbUp,Uncertain,2895,3081,2947,2930,3024,3194,2944,8202.500000,10330.769231,8728.048780,8551.072961,9600.000000,12052.830189,8696.437880,nan,nan,nan,nan,nan,nan,nan
906650,3,open_reference,2.4161,ThumbUp,Uncertain,2883,3072,2957,2932,3029,3197,2940,8087.623762,10209.970674,8834.622144,8571.625107,9660.975610,12104.454343,8654.545455,nan,nan,nan,nan,nan,nan,nan
906700,3,open_reference,2.4790,ThumbUp,Uncertain,2893,3071,2947,2929,3032,3205,2929,8183.194676,10196.679688,8728.048780,8540.823328,9697.836312,12243.820225,8540.823328,nan,nan,nan,nan,nan,nan,nan
906750,3,open_reference,2.5217,ThumbUp,Uncertain,2896,3065,2938,2926,3026,3225,2931,8212.176814,10117.475728,8633.707865,8510.179641,9624.321796,12603.448276,8561.340206,nan,nan,nan,nan,nan,nan,nan
906800,3,open_reference,2.5634,ThumbUp,Uncertain,2885,3055,2945,2934,3027,3231,2923,8106.611570,9987.500000,8706.956522,8592.248062,9636.516854,12714.583333,8479.692833,nan,nan,nan,nan,nan,nan,nan
906850,3,open_reference,2.6689,ThumbUp,Uncertain,2897,3069,2935,2924,3036,3234,2916,8221.869783,10170.175439,8602.586207,8489.837746,9747.308782,12770.731707,8409.160305,nan,nan,nan,nan,nan,nan,nan
906900,3,open_reference,2.6898,ThumbUp,Uncertain,2895,3060,2926,2921,3026,3219,2928,8202.500000,10052.173913,8510.179641,8459.454855,9624.321796,12493.835616,8530.591260,nan,nan,nan,nan,nan,nan,nan
906950,3,open_reference,2.7318,ThumbUp,Uncertain,2873,3056,2925,2934,3031,3210,2935,7993.617021,10000.384986,8500.000000,8592.248062,9685.526316,12332.203390,8602.586207,nan,nan,nan,nan,nan,nan,nan
907000,3,open_reference,2.7744,ThumbUp,Uncertain,2884,3055,2939,2931,3027,3207,2924,8097.109827,9987.500000,8644.117647,8561.340206,9636.516854,12279.054054,8489.837746,nan,nan,nan,nan,nan,nan,nan
907050,3,open_reference,2.8166,ThumbUp,Uncertain,2880,3048,2920,2925,3028,3193,2944,8059.259259,9897.994269,8449.361702,8500.000000,9648.734770,12035.698448,8696.437880,nan,nan,nan,nan,nan,nan,nan
907100,3,open_reference,2.8577,ThumbUp,Uncertain,2866,3040,2927,2932,3054,3191,2941,7928.722539,9797.156398,8520.376712,8571.625107,9974.639769,12001.548673,8664.991334,nan,nan,nan,nan,nan,nan,nan
907150,3,open_reference,2.8997,ThumbUp,Uncertain,2881,3052,2922,2929,3055,3192,2933,8068.698517,9948.993289,8469.565217,8540.823328,9987.500000,12018.604651,8581.927711,nan,nan,nan,nan,nan,nan,nan
907200,3,open_reference,2.9618,ThumbUp,Uncertain,2879,3034,2908,2918,3039,3197,2945,8049.835526,9722.525919,8329.570345,8429.226848,9784.659091,12104.454343,8706.956522,nan,nan,nan,nan,nan,nan,nan
907250,3,open_reference,3.0248,ThumbUp,Uncertain,2868,3018,2908,2928,3055,3176,2941,7947.188264,9527.576602,8329.570345,8530.591260,9987.500000,11750.163221,8664.991334,nan,nan,nan,nan,nan,nan,nan
907300,3,open_reference,3.0661,ThumbUp,Uncertain,2878,3025,2916,2926,3045,3180,2929,8040.427280,9612.149533,8409.160305,8510.179641,9860.000000,11816.393443,8540.823328,nan,nan,nan,nan,nan,nan,nan
907350,3,open_reference,3.1275,ThumbUp,Uncertain,2876,3022,2902,2918,3036,3159,2942,8021.657096,9575.768872,8270.578374,8429.226848,9747.308782,11475.000000,8675.455334,nan,nan,nan,nan,nan,nan,nan
907400,3,open_reference,3.1689,ThumbUp,Uncertain,2866,3016,2906,2927,3040,3201,2944,7928.722539,9503.614458,8309.840202,8520.376712,9797.156398,12173.825503,8696.437880,nan,nan,nan,nan,nan,nan,nan
907450,3,open_reference,3.2105,ThumbUp,Uncertain,2878,3019,2912,2925,3042,3160,2935,8040.427280,9539.591078,8369.230769,8500.000000,9822.222222,11490.909091,8602.586207,nan,nan,nan,nan,nan,nan,nan
907500,3,open_reference,3.2725,ThumbUp,Uncertain,2878,3028,2911,2915,3036,3197,2942,8040.427280,9648.734770,8359.290541,8399.152542,9747.308782,12104.454343,8675.455334,nan,nan,nan,nan,nan,nan,nan
907550,3,open_reference,3.2937,ThumbUp,Uncertain,2864,3030,2913,2925,3036,3195,2944,7910.316816,9673.239437,8379.187817,8500.000000,9747.308782,12070.000000,8696.437880,nan,nan,nan,nan,nan,nan,nan
907600,3,open_reference,3.3789,ThumbUp,Uncertain,2873,3030,2905,2920,3032,3175,2933,7993.617021,9673.239437,8300.000000,8449.361702,9697.836312,11733.695652,8581.927711,nan,nan,nan,nan,nan,nan,nan
907650,3,open_reference,3.4003,ThumbUp,Uncertain,2867,3035,2899,2909,3025,3187,2933,7937.947883,9734.905660,8241.304348,8339.460371,9612.149533,11933.700441,8581.927711,nan,nan,nan,nan,nan,nan,nan
907700,3,open_reference,3.4642,ThumbUp,Uncertain,2863,3038,2913,2917,3029,3191,2936,7901.136364,9772.185430,8379.187817,8419.185059,9660.975610,12001.548673,8612.942192,nan,nan,nan,nan,nan,nan,nan
907750,3,open_reference,3.5274,ThumbUp,Uncertain,2876,3053,2911,2913,3037,3192,2924,8021.657096,9961.804223,8359.290541,8379.187817,9759.735350,12018.604651,8489.837746,nan,nan,nan,nan,nan,nan,nan
907800,3,open_reference,3.5700,ThumbUp,Uncertain,2869,3041,2894,2896,3027,3191,2937,7956.443719,9809.677419,8192.839301,8212.176814,9636.516854,12001.548673,8623.316062,nan,nan,nan,nan,nan,nan,nan
907850,3,open_reference,3.6123,ThumbUp,Uncertain,2863,3036,2906,2913,3037,3212,2938,7901.136364,9747.308782,8309.840202,8379.187817,9759.735350,12367.836920,8633.707865,nan,nan,nan,nan,nan,nan,nan
907900,3,open_reference,3.6752,ThumbUp,Uncertain,2867,3039,2897,2910,3041,3197,2922,7937.947883,9784.659091,8221.869783,8349.367089,9809.677419,12104.454343,8469.565217,nan,nan,nan,nan,nan,nan,nan
907950,3,open_reference,3.7377,ThumbUp,Uncertain,2867,3024,2888,2902,3027,3218,2931,7937.947883,9600.000000,8135.211268,8270.578374,9636.516854,12475.712657,8561.340206,nan,nan,nan,nan,nan,nan,nan
908000,3,open_reference,3.7591,ThumbUp,Uncertain,2862,3014,2884,2915,3024,3227,2927,7891.970803,9479.740981,8097.109827,8399.152542,9600.000000,12640.322581,8520.376712,nan,nan,nan,nan,nan,nan,nan
908050,3,open_reference,3.8212,ThumbUp,Uncertain,2874,3022,2882,2914,3019,3214,2921,8002.948403,9575.768872,8078.153339,8389.161727,9539.591078,12403.632236,8459.454855,nan,nan,nan,nan,nan,nan,nan
908100,3,open_reference,3.8627,ThumbUp,Uncertain,2875,3012,2884,2895,3009,3210,2929,8012.295082,9455.955679,8097.109827,8202.500000,9420.441989,12332.203390,8540.823328,nan,nan,nan,nan,nan,nan,nan
908150,3,open_reference,3.9470,ThumbUp,Uncertain,2863,3013,2885,2911,3010,3216,2919,7901.136364,9467.837338,8106.611570,8359.290541,9432.258065,12439.590444,8439.285714,nan,nan,nan,nan,nan,nan,nan
908200,3,open_reference,3.9896,ThumbUp,Uncertain,2873,3029,2878,2911,3006,3207,2898,7993.617021,9660.975610,8040.427280,8359.290541,9385.123967,12279.054054,8231.578947,nan,nan,nan,nan,nan,nan,nan
908250,3,posture_hold,0.0214,ThumbUp,Uncertain,2873,3038,2877,2898,2998,3197,2916,7993.617021,9772.185430,8031.034483,8231.578947,9291.886964,12104.454343,8409.160305,-0.005822,-0.003186,-0.043261,-0.031579,-0.041860,-0.008549,-0.023073
908300,3,posture_hold,0.0427,ThumbUp,Uncertain,2862,3024,2884,2910,3005,3214,2912,7891.970803,9600.000000,8097.109827,8349.367089,9373.394495,12403.632236,8369.230769,-0.018464,-0.020750,-0.035389,-0.017722,-0.033455,0.015956,-0.027711
908350,3,posture_hold,0.1051,ThumbUp,Uncertain,2874,3024,2881,2916,3010,3216,2904,8002.948403,9600.000000,8068.698517,8409.160305,9432.258065,12439.590444,8290.176322,-0.004661,-0.020750,-0.038774,-0.010687,-0.027385,0.018902,-0.036896
908400,3,posture_hold,0.1470,ThumbUp,Uncertain,2869,3024,2870,2904,2998,3205,2920,7956.443719,9600.000000,7965.714286,8290.176322,9291.886964,12243.820225,8449.361702,-0.010445,-0.020750,-0.051043,-0.024685,-0.041860,0.002867,-0.018402
908450,3,posture_hold,0.1892,ThumbUp,Uncertain,2855,3030,2876,2911,3005,3226,2920,7828.225806,9673.239437,8021.657096,8359.290541,9373.394495,12621.864212,8449.361702,-0.026392,-0.013279,-0.044378,-0.016554,-0.033455,0.033831,-0.018402
908500,3,posture_hold,0.2516,ThumbUp,Uncertain,2867,3049,2867,2910,3005,3198,2910,7937.947883,9910.707457,7937.947883,8349.367089,9373.394495,12121.739130,8349.367089,-0.012746,0.010944,-0.054350,-0.017722,-0.033455,-0.007133,-0.030019
908550,3,posture_hold,0.3136,ThumbUp,Uncertain,2873,3034,2852,2898,2995,3167,2924,7993.617021,9722.525919,7801.126307,8231.578947,9257.272727,11603.232759,8489.837746,-0.005822,-0.008251,-0.070650,-0.031579,-0.045429,-0.049603,-0.013700
908600,3,posture_hold,0.3558,ThumbUp,Uncertain,2866,3019,2856,2912,2994,3163,2915,7928.722539,9539.591078,7837.288136,8369.230769,9245.776567,11538.841202,8399.152542,-0.013893,-0.026912,-0.066342,-0.015385,-0.046614,-0.054877,-0.024235
908650,3,posture_hold,0.4185,ThumbUp,Uncertain,2876,3023,2864,2911,2982,3131,2901,8021.657096,9587.873134,7910.316816,8359.290541,9109.433962,11042.946058,8260.804020,-0.002334,-0.021987,-0.057642,-0.016554,-0.060674,-0.095495,-0.040308
908700,3,posture_hold,0.4396,ThumbUp,Uncertain,2877,3018,2860,2899,2973,3173,2911,8031.034483,9527.576602,7873.684211,8241.304348,9009.090909,11700.867679,8359.290541,-0.001168,-0.028137,-0.062006,-0.030435,-0.071021,-0.041606,-0.028866
908750,3,posture_hold,0.5016,ThumbUp,Uncertain,2866,3000,2871,2909,2994,3182,2908,7928.722539,9315.068493,7975.000000,8339.460371,9245.776567,11849.726177,8329.570345,-0.013893,-0.049814,-0.049936,-0.018887,-0.046614,-0.029413,-0.032319
908800,3,posture_hold,0.5642,ThumbUp,Uncertain,2877,3010,2889,2897,2996,3166,2905,8031.034483,9432.258065,8144.776119,8221.869783,9268.789809,11587.082885,8300.000000,-0.001168,-0.037860,-0.029711,-0.032721,-0.044241,-0.050925,-0.035754
908850,3,posture_hold,0.5850,ThumbUp,Uncertain,2884,3022,2894,2895,3003,3184,2926,8097.109827,9575.768872,8192.839301,8202.500000,9350.000000,11883.205269,8510.179641,0.007050,-0.023221,-0.023985,-0.035000,-0.035867,-0.026671,-0.011337
908900,3,posture_hold,0.6471,ThumbUp,Uncertain,2876,3031,2905,2907,3007,3205,2925,8021.657096,9685.526316,8300.000000,8319.696970,9396.875000,12243.820225,8500.000000,-0.002334,-0.012025,-0.011219,-0.021212,-0.031034,0.002867,-0.012519
908950,3,posture_hold,0.6884,ThumbUp,Uncertain,2884,3042,2899,2920,3014,3225,2916,8097.109827,9822.222222,8241.304348,8449.361702,9479.740981,12603.448276,8409.160305,0.007050,0.001918,-0.018211,-0.005957,-0.022489,0.032323,-0.023073
909000,3,posture_hold,0.7516,ThumbUp,Uncertain,2893,3026,2898,2900,2984,3203,2934,8183.194676,9624.321796,8231.578947,8251.046025,9131.953195,12208.744395,8592.248062,0.017756,-0.018269,-0.019370,-0.029289,-0.058351,-0.000006,-0.001803
909050,3,posture_hold,0.7942,ThumbUp,Uncertain,2875,3023,2913,2907,3002,3203,2929,8012.295082,9587.873134,8379.187817,8319.696970,9338.334858,12208.744395,8540.823328,-0.003499,-0.021987,-0.001785,-0.021212,-0.037070,-0.000006,-0.007777
909100,3,posture_hold,0.8358,ThumbUp,Uncertain,2893,3026,2928,2905,3023,3180,2908,8183.194676,9624.321796,8530.591260,8300.000000,9587.873134,11816.393443,8329.570345,0.017756,-0.018269,0.016251,-0.023529,-0.011339,-0.032143,-0.032319
909150,3,posture_hold,0.8996,ThumbUp,Uncertain,2891,3047,2948,2886,3022,3226,2942,8163.953488,9885.305344,8738.622493,8116.129032,9575.768872,12621.864212,8675.455334,0.015363,0.008353,0.041034,-0.045161,-0.012587,0.033831,0.007864
909200,3,posture_hold,0.9413,ThumbUp,Uncertain,2872,3125,2976,2916,3024,3249,3061,7984.300899,10953.608247,9042.359249,8409.160305,9600.000000,13057.446809,10065.183752,-0.006981,0.117326,0.077218,-0.010687,-0.010088,0.069509,0.169315
909250,3,posture_hold,1.0052,ThumbUp,Uncertain,2865,3163,2959,2946,3032,3314,3005,7919.512195,11538.841202,8856.161972,8717.493473,9697.836312,14427.144686,9373.394495,-0.015038,0.177022,0.055037,0.025587,0.000000,0.181698,0.088946
909300,3,posture_hold,1.0471,ThumbUp,Uncertain,2880,3223,2929,2930,3022,3295,3040,8059.259259,12566.743119,8540.823328,8551.072961,9575.768872,14003.750000,9797.156398,0.002342,0.281874,0.017470,0.006009,-0.012587,0.147019,0.138177
909350,3,posture_hold,1.0888,ThumbUp,Uncertain,2882,3260,2942,2989,3030,3314,3039,8078.153339,13274.251497,8675.455334,9188.607595,9673.239437,14427.144686,9784.659091,0.004692,0.354043,0.033509,0.081013,-0.002536,0.181698,0.136725
909400,3,posture_hold,1.2152,ThumbUp,Uncertain,2895,3228,2985,3015,3019,3251,3011,8202.500000,12658.823529,9143.243243,9491.666667,9539.591078,13096.445498,9444.095941,0.020157,0.291266,0.089237,0.116667,-0.016318,0.072703,0.097160
909450,3,posture_hold,1.2366,ThumbUp,Uncertain,2925,3283,3020,2965,3016,3275,2995,8500.000000,13746.551724,9551.627907,8921.238938,9503.614458,13579.268293,9257.272727,0.057158,0.402220,0.137888,0.049558,-0.020027,0.112250,0.075456
909500,3,posture_hold,1.2582,ThumbUp,Uncertain,2952,3312,3061,2953,3047,3148,3037,8781.102362,14381.609195,10065.183752,8791.768827,9885.305344,11302.217529,9759.735350,0.092119,0.467000,0.199068,0.034326,0.019331,-0.074258,0.133829
909550,3,posture_hold,1.3021,ThumbUp,Uncertain,3037,3390,3115,2930,3056,3266,3019,9759.735350,16348.936170,10807.142857,8551.072961,10000.384986,13394.933655,9539.591078,0.213833,0.667677,0.287458,0.006009,0.031198,0.097152,0.108254
909600,3,posture_hold,1.3650,ThumbUp,Uncertain,3063,3465,3100,2984,3111,3336,3045,10091.279070,18700.000000,10592.964824,9131.953195,10749.390244,14943.873518,9860.000000,0.255068,0.907498,0.261942,0.074347,0.108432,0.224022,0.145477
909650,3,posture_hold,1.3864,ThumbUp,Uncertain,3173,3436,3254,3004,3234,3431,3043,11700.867679,17727.465857,13155.291320,9361.686526,12770.731707,17568.373494,9834.790875,0.455254,0.808295,0.567193,0.101375,0.316864,0.438990,0.142549
909700,3,posture_hold,1.4503,ThumbUp,Uncertain,3137,3515,3270,2976,3237,3386,3035,11133.402923,20605.172414,13476.363636,9042.359249,12827.272727,16237.517630,9734.905660,0.384678,1.101836,0.605442,0.063807,0.322694,0.329982,0.130945
909750,3,posture_hold,1.5133,ThumbUp,Uncertain,3137,3545,3292,2944,3255,3414,3064,11133.402923,21914.545455,13938.729763,8696.437880,13175.000000,17044.933921,10104.364694,0.384678,1.235399,0.660524,0.023110,0.358550,0.396116,0.173866
909800,3,posture_hold,1.5348,ThumbUp,Uncertain,3180,3486,3296,2969,3346,3440,3104,11816.393443,19462.068966,14025.531915,8965.008881,15188.785047,17856.488550,10649.445005,0.469623,0.985233,0.670865,0.054707,0.566203,0.462589,0.237191
909850,3,posture_hold,1.6194,ThumbUp,Uncertain,3231,3459,3217,2999,3379,3287,3064,12714.583333,18491.509434,12457.630979,9303.467153,16045.530726,13831.435644,10104.364694,0.581332,0.886231,0.484081,0.094526,0.654547,0.132905,0.173866
909900,3,posture_hold,1.6612,ThumbUp,Uncertain,3142,3470,3234,3140,3394,3304,3061,11209.653725,18876.800000,12770.731707,11179.057592,16461.626248,14201.769912,10065.183752,0.394161,0.925533,0.521380,0.315183,0.697454,0.163238,0.169315
909950,3,posture_hold,1.6823,ThumbUp,Uncertain,3079,3541,3171,3094,3402,3338,3144,10303.740157,21731.768953,11668.181818,10509.090909,16690.909091,14992.338177,11240.378549,0.281492,1.216755,0.390033,0.236364,0.721096,0.227992,0.305842
910000,3,posture_hold,1.7660,ThumbUp,Uncertain,3099,3632,3129,3012,3445,3252,3435,10578.915663,26671.274298,11013.043478,9455.955679,18020.000000,13116.014235,17695.454545,0.315716,1.720610,0.311987,0.112465,0.858146,0.074306,1.055755
910050,3,posture_hold,1.7869,ThumbUp,Uncertain,3095,3590,3047,3190,3435,3197,3266,10523.000000,24170.297030,9885.305344,11984.530387,17695.454545,12104.454343,13394.933655,0.308761,1.465497,0.177639,0.409945,0.824681,-0.008549,0.556146
910100,3,posture_hold,1.8277,ThumbUp,Uncertain,3071,3642,3017,3200,3463,3218,3135,10196.679688,27335.099338,9515.584416,12156.424581,18630.063291,12475.712657,11103.125000,0.268176,1.788324,0.133594,0.430168,0.921054,0.021860,0.289897
910150,3,posture_hold,1.8901,ThumbUp,Uncertain,3054,3888,3060,3105,3428,3182,3163,9974.639769,63860.869565,10052.173913,10663.636364,17474.062969,11849.726177,11538.841202,0.240561,5.514144,0.197518,0.254545,0.801852,-0.029413,0.340515
910200,3,posture_hold,1.9311,ThumbUp,Uncertain,3059,3748,3039,3089,3374,3220,3061,10039.189189,36723.919308,9784.659091,10439.960239,15910.679612,12512.000000,10065.183752,0.248589,2.746033,0.165649,0.228231,0.640642,0.024833,0.169315
910250,3,posture_hold,1.9950,ThumbUp,Uncertain,3058,3960,3020,3090,3328,3241,3057,10026.229508,nan,9551.627907,10453.731343,14752.542373,12903.278689,10013.294798,0.246977,nan,0.137888,0.229851,0.521220,0.056881,0.163286
910300,3,posture_hold,2.0364,ThumbUp,Uncertain,3110,3944,3089,3008,3357,3134,3052,10735.025381,nan,10439.960239,9408.647654,15465.853659,11088.033299,9948.993289,0.335131,nan,0.243715,0.106900,0.594774,-0.091802,0.155816
910350,3,posture_hold,2.1000,ThumbUp,Uncertain,3075,4076,3037,2975,3354,3103,3029,10250.000000,nan,9759.735350,9031.250000,15389.473684,10635.282258,9660.975610,0.274808,nan,0.162680,0.062500,0.586898,-0.128886,0.122356
910400,3,posture_hold,2.1427,ThumbUp,Uncertain,3066,4095,3014,3066,3387,3084,3054,10130.612245,nan,9479.740981,10130.612245,16265.254237,10371.513353,9974.639769,0.259959,nan,0.129324,0.191837,0.677204,-0.150490,0.158796
910450,3,posture_hold,2.2061,ThumbUp,Uncertain,3085,4095,3022,2986,3333,3105,3040,10385.148515,nan,9575.768872,9154.553652,14871.653543,10663.636364,9797.156398,0.291616,nan,0.140764,0.077006,0.533502,-0.126563,0.138177
910500,3,posture_hold,2.2476,ThumbUp,Uncertain,3101,4095,2993,2958,3274,3058,3037,10607.042254,nan,9234.301270,8845.382586,13558.587089,10026.229508,9759.735350,0.319214,nan,0.100085,0.040633,0.398104,-0.178772,0.133829
910550,3,posture_hold,2.2685,ThumbUp,Uncertain,3087,4095,3027,2957,3288,3065,3045,10412.500000,nan,9636.516854,8834.622144,13852.788104,10117.475728,9860.000000,0.295018,nan,0.148001,0.039367,0.428441,-0.171298,0.145477
910600,3,posture_hold,2.3530,ThumbUp,Uncertain,3085,4095,3015,2963,3342,3019,3010,10385.148515,nan,9491.666667,8899.469965,15090.039841,9539.591078,9432.258065,0.291616,nan,0.130745,0.046996,0.556021,-0.218631,0.095785
910650,3,posture_hold,2.3959,ThumbUp,Uncertain,3071,4095,2972,2959,3288,3025,3007,10196.679688,nan,8998.040962,8856.161972,13852.788104,9612.149533,9396.875000,0.268176,nan,0.071939,0.041901,0.428441,-0.212688,0.091674
910700,3,posture_hold,2.4386,ThumbUp,Uncertain,3058,4095,2991,2970,3280,2960,3009,10026.229508,nan,9211.413043,8976.000000,13683.435583,8866.960352,9420.441989,0.246977,nan,0.097358,0.056000,0.410978,-0.273725,0.094412
910750,3,posture_hold,2.5007,ThumbUp,Uncertain,3070,4095,2976,2971,3282,2968,3009,10183.414634,nan,9042.359249,8987.010676,13725.461255,8954.037267,9420.441989,0.266527,nan,0.077218,0.057295,0.415312,-0.266593,0.094412
910800,3,posture_hold,2.5636,ThumbUp,Uncertain,3091,4095,2975,2960,3248,3000,3000,10467.529880,nan,9031.250000,8866.960352,13038.016529,9315.068493,9315.068493,0.301862,nan,0.075895,0.043172,0.344425,-0.237022,0.082171
910850,3,posture_hold,2.5638,ThumbUp,Uncertain,3058,4095,2972,2966,3245,2985,3014,10026.229508,nan,8998.040962,8932.152347,12980.000000,9143.243243,9479.740981,0.246977,nan,0.071939,0.050841,0.338443,-0.251095,0.101301
910900,3,posture_hold,2.6257,ThumbUp,Uncertain,3032,4095,2941,2972,3273,2964,2995,9697.836312,nan,8664.991334,8998.040962,13537.956204,8910.344828,9257.272727,0.206134,nan,0.032263,0.058593,0.395977,-0.270172,0.075456
910950,3,posture_hold,2.6882,ThumbUp,Uncertain,3054,4095,2940,2977,3269,2967,3009,9974.639769,nan,8654.545455,9053.488372,13455.932203,8943.085106,9420.441989,0.240561,nan,0.031018,0.065116,0.387519,-0.267490,0.094412
911000,3,posture_hold,2.7302,ThumbUp,Uncertain,3026,4095,2959,2975,3238,2969,3011,9624.321796,nan,8856.161972,9031.250000,12846.207701,8965.008881,9444.095941,0.196991,nan,0.055037,0.062500,0.324647,-0.265694,0.097160
911050,3,posture_hold,2.7922,ThumbUp,Uncertain,3038,4095,2950,2987,3233,2973,3000,9772.185430,nan,8759.825328,9165.884477,12751.972158,9009.090909,9315.068493,0.215381,nan,0.043560,0.078339,0.314930,-0.262084,0.082171
911100,3,posture_hold,2.8342,ThumbUp,Uncertain,3045,4095,2955,2965,3235,2943,3016,9860.000000,nan,8813.157895,8921.238938,12789.534884,8685.937500,9503.614458,0.226303,nan,0.049914,0.049558,0.318803,-0.288552,0.104075
911150,3,posture_hold,2.8763,ThumbUp,Uncertain,3028,4095,2955,2962,3279,2971,3008,9648.734770,nan,8813.157895,8888.614298,13662.500000,8987.010676,9408.647654,0.200028,nan,0.049914,0.045719,0.408819,-0.263892,0.093042
911200,3,posture_hold,2.9386,ThumbUp,Uncertain,3024,4095,2938,2955,3253,2970,2992,9600.000000,nan,8633.707865,8813.157895,13135.629454,8976.000000,9222.846782,0.193966,nan,0.028536,0.036842,0.354491,-0.264794,0.071457
911250,3,posture_hold,2.9800,ThumbUp,Uncertain,3013,4095,2957,2926,3235,2964,3005,9467.837338,nan,8834.622144,8510.179641,12789.534884,8910.344828,9373.394495,0.177529,nan,0.052471,0.001198,0.318803,-0.270172,0.088946
911300,3,posture_hold,3.0434,ThumbUp,Uncertain,3006,4095,2949,2939,3252,2976,2990,9385.123967,nan,8749.214660,8644.117647,13116.014235,9042.359249,9200.000000,0.167242,nan,0.042296,0.016955,0.352468,-0.259359,0.068803
911350,3,posture_hold,3.0847,ThumbUp,Uncertain,3005,4095,2964,2938,3226,2951,2978,9373.394495,nan,8910.344828,8633.707865,12621.864212,8770.454545,9064.637422,0.165783,nan,0.061492,0.015730,0.301513,-0.281630,0.053077
911400,3,posture_hold,3.1270,ThumbUp,Uncertain,3000,4095,2969,2931,3222,2939,2992,9315.068493,nan,8965.008881,8561.340206,12548.453608,8644.117647,9222.846782,0.158529,nan,0.068004,0.007216,0.293944,-0.291978,0.071457
911450,3,posture_hold,3.1693,ThumbUp,Uncertain,2991,4095,2971,2935,3225,2944,2982,9211.413043,nan,8987.010676,8602.586207,12603.448276,8696.437880,9109.433962,0.145637,nan,0.070625,0.012069,0.299614,-0.287692,0.058281
911500,3,posture_hold,3.2330,ThumbUp,Uncertain,3002,4095,2964,2928,3229,2916,2976,9338.334858,nan,8910.344828,8530.591260,12677.367206,8409.160305,9042.359249,0.161423,nan,0.061492,0.003599,0.307237,-0.311223,0.050489
911550,3,posture_hold,3.2756,ThumbUp,Uncertain,2977,4095,2982,2924,3192,2903,2987,9053.488372,nan,9109.433962,8489.837746,12018.604651,8280.369128,9165.884477,0.125996,nan,0.085209,-0.001196,0.239308,-0.321772,0.064839
911600,3,posture_hold,3.3387,ThumbUp,Uncertain,2984,4095,2971,2937,3208,2904,2977,9131.953195,nan,8987.010676,8623.316062,12296.730552,8290.176322,9053.488372,0.135755,nan,0.070625,0.014508,0.267987,-0.320968,0.051782
911650,3,posture_hold,3.4011,ThumbUp,Uncertain,2991,4095,2973,2930,3204,2939,2963,9211.413043,nan,9009.090909,8551.072961,12226.262626,8644.117647,8899.469965,0.145637,nan,0.073255,0.006009,0.260721,-0.291978,0.033889
911700,3,posture_hold,3.4635,ThumbUp,Uncertain,2995,4095,2984,2923,3216,2947,2978,9257.272727,nan,9131.953195,8479.692833,12439.590444,8728.048780,9064.637422,0.151341,nan,0.087892,-0.002389,0.282718,-0.285103,0.053077
911750,3,posture_hold,3.4848,ThumbUp,Uncertain,2993,4095,2970,2937,3233,2972,2964,9234.301270,nan,8976.000000,8623.316062,12751.972158,8998.040962,8910.344828,0.148484,nan,0.069313,0.014508,0.314930,-0.262989,0.035152
911800,3,posture_hold,3.5475,ThumbUp,Uncertain,3002,4095,3004,2929,3220,2969,2960,9338.334858,nan,9361.686526,8540.823328,12512.000000,8965.008881,8866.960352,0.161423,nan,0.115260,0.004803,0.290185,-0.265694,0.030112
911850,3,posture_hold,3.5893,ThumbUp,Uncertain,3000,4095,3007,2913,3223,2970,2991,9315.068493,nan,9396.875000,8379.187817,12566.743119,8976.000000,9211.413043,0.158529,nan,0.119452,-0.014213,0.295830,-0.264794,0.070128
911900,3,posture_hold,3.6303,ThumbUp,Uncertain,2982,3977,3023,2919,3212,2992,3008,9109.433962,nan,9587.873134,8439.285714,12367.836920,9222.846782,9408.647654,0.132954,nan,0.142206,-0.007143,0.275319,-0.244575,0.093042
911950,3,posture_hold,3.6718,ThumbUp,Uncertain,2977,4020,3026,2926,3214,3019,2988,9053.488372,nan,9624.321796,8510.179641,12403.632236,9539.591078,9177.235772,0.125996,nan,0.146548,0.001198,0.279010,-0.218631,0.066158
912000,3,posture_hold,3.7773,ThumbUp,Uncertain,2990,3978,3017,2921,3219,2939,2993,9200.000000,nan,9515.584416,8459.454855,12493.835616,8644.117647,9234.301270,0.144218,nan,0.133594,-0.004770,0.288312,-0.291978,0.072787
912050,3,posture_hold,3.7776,ThumbUp,Uncertain,2987,3917,2983,2921,3218,2957,2980,9165.884477,nan,9120.683453,8459.454855,12475.712657,8834.622144,9086.995516,0.139975,nan,0.086549,-0.004770,0.286443,-0.276374,0.055674
912100,3,posture_hold,3.8408,ThumbUp,Uncertain,2991,3989,2987,2925,3200,2967,2961,9211.413043,nan,9165.884477,8500.000000,12156.424581,8943.085106,8877.777778,0.145637,nan,0.091934,0.000000,0.253519,-0.267490,0.031369
912150,3,posture_hold,3.8824,ThumbUp,Uncertain,2988,3988,2965,2920,3206,2963,2980,9177.235772,nan,8921.238938,8449.361702,12261.417323,8899.469965,9086.995516,0.141387,nan,0.062789,-0.005957,0.264346,-0.271062,0.055674
912200,3,posture_hold,3.9461,ThumbUp,Uncertain,2980,4077,2954,2921,3213,2956,2971,9086.995516,nan,8802.453988,8459.454855,12385.714286,8823.880597,8987.010676,0.130163,nan,0.048638,-0.004770,0.277163,-0.277254,0.044059
912250,3,posture_hold,3.9881,ThumbUp,Uncertain,3008,4095,2964,2916,3183,2940,2967,9408.647654,nan,8910.344828,8409.160305,11866.447368,8654.545455,8943.085106,0.170168,nan,0.061492,-0.010687,0.223618,-0.291124,0.038956
912300,3,posture_hold,4.0300,ThumbUp,Uncertain,3003,4095,2933,2899,3168,2950,2976,9350.000000,nan,8581.927711,8241.304348,11619.417476,8759.825328,9042.359249,0.162874,nan,0.022367,-0.030435,0.198145,-0.282500,0.050489
912350,3,posture_hold,4.0930,ThumbUp,Uncertain,2990,4095,2900,2912,3166,2933,2969,9200.000000,nan,8251.046025,8369.230769,11587.082885,8581.927711,8965.008881,0.144218,nan,-0.017051,-0.015385,0.194811,-0.297072,0.041503
912400,3,posture_hold,4.1557,ThumbUp,Uncertain,2997,4095,2897,2912,3155,2915,2969,9280.327869,nan,8221.869783,8369.230769,11411.702128,8399.152542,8965.008881,0.154208,nan,-0.020527,-0.015385,0.176727,-0.312042,0.041503
912450,3,posture_hold,4.1771,ThumbUp,Uncertain,2991,4095,2890,2906,3148,2908,2968,9211.413043,nan,8154.356846,8309.840202,11302.217529,8329.570345,8954.037267,0.145637,nan,-0.028569,-0.022372,0.165437,-0.317742,0.040228
912500,3,posture_hold,4.2411,ThumbUp,Uncertain,2985,4095,2898,2909,3169,2910,2970,9143.243243,nan,8231.578947,8339.460371,11635.637149,8349.367089,8976.000000,0.137159,nan,-0.019370,-0.018887,0.199818,-0.316120,0.042779
912550,3,posture_hold,4.3245,ThumbUp,Uncertain,3000,4095,2933,2910,3163,2912,2958,9315.068493,nan,8581.927711,8349.367089,11538.841202,8369.230769,8845.382586,0.158529,nan,0.022367,-0.017722,0.189837,-0.314493,0.027605
912600,3,posture_hold,4.3459,ThumbUp,Uncertain,3005,4095,2933,2901,3132,2899,2974,9373.394495,nan,8581.927711,8260.804020,11057.943925,8241.304348,9020.160571,0.165783,nan,0.022367,-0.028141,0.140249,-0.324971,0.047910
912650,3,posture_hold,4.4089,ThumbUp,Uncertain,2979,4095,2937,2914,3166,2889,2960,9075.806452,nan,8623.316062,8389.161727,11587.082885,8144.776119,8866.960352,0.128772,nan,0.027298,-0.013040,0.194811,-0.332878,0.030112
912700,3,posture_hold,4.4516,ThumbUp,Uncertain,3015,4095,2937,2917,3172,2896,2946,9491.666667,nan,8623.316062,8419.185059,11684.507042,8212.176814,8717.493473,0.180493,nan,0.027298,-0.009508,0.204857,-0.327357,0.012748
912750,3,posture_hold,4.5151,ThumbUp,Uncertain,3026,4095,2938,2904,3158,2859,2960,9624.321796,nan,8633.707865,8290.176322,11459.124867,7864.563107,8866.960352,0.196991,nan,0.028536,-0.024685,0.181617,-0.355830,0.030112
912800,3,posture_hold,4.5579,ThumbUp,Uncertain,3017,4095,2927,2914,3157,2873,2970,9515.584416,nan,8520.376712,8389.161727,11443.283582,7993.617021,8976.000000,0.183468,nan,0.015035,-0.013040,0.179983,-0.345259,0.042779
912850,3,posture_hold,4.5794,ThumbUp,Uncertain,3032,4095,2954,2903,3164,2862,2951,9697.836312,nan,8802.453988,8280.369128,11554.887218,7891.970803,8770.454545,0.206134,nan,0.048638,-0.025839,0.191491,-0.353585,0.018900
912900,3,posture_hold,4.6430,ThumbUp,Uncertain,3036,4095,2939,2891,3162,2842,2959,9747.308782,nan,8644.117647,8163.953488,11522.829582,7711.731844,8856.161972,0.212287,nan,0.029776,-0.039535,0.188186,-0.368348,0.028857
912950,3,posture_hold,4.7062,ThumbUp,Uncertain,3025,4095,2929,2896,3180,2862,2951,9612.149533,nan,8540.823328,8212.176814,11816.393443,7891.970803,8770.454545,0.195477,nan,0.017470,-0.033862,0.218457,-0.353585,0.018900
913000,3,posture_hold,4.7486,ThumbUp,Uncertain,3029,4095,2930,2895,3166,2864,2931,9660.975610,nan,8551.072961,8202.500000,11587.082885,7910.316816,8561.340206,0.201550,nan,0.018691,-0.035000,0.194811,-0.352082,-0.005393
913050,3,posture_hold,4.8116,ThumbUp,Uncertain,3038,4095,2931,2881,3182,2860,2947,9772.185430,nan,8561.340206,8068.698517,11849.726177,7873.684211,8728.048780,0.215381,nan,0.019915,-0.050741,0.221894,-0.355082,0.013974
913100,3,posture_hold,4.8531,ThumbUp,Uncertain,3018,4095,2932,2893,3188,2865,2950,9527.576602,nan,8571.625107,8183.194676,11950.606395,7919.512195,8759.825328,0.184959,nan,0.021140,-0.037271,0.232296,-0.351329,0.017666
913150,3,posture_hold,4.9153,ThumbUp,Uncertain,3029,4095,2927,2894,3176,2867,2930,9660.975610,nan,8520.376712,8192.839301,11750.163221,7937.947883,8551.072961,0.201550,nan,0.015035,-0.036137,0.211627,-0.349819,-0.006586
913200,3,posture_hold,4.9574,ThumbUp,Uncertain,3020,4095,2936,2892,3151,2858,2949,9551.627907,nan,8612.942192,8173.566085,11348.940678,7855.456750,8749.214660,0.187950,nan,0.026062,-0.038404,0.170255,-0.356575,0.016433
922550,4,open_reference,0.0215,IndexPoint,IndexPoint,2943,3260,3062,2902,3020,3073,2927,8685.937500,13274.251497,10078.218780,8270.578374,9551.627907,10223.287671,8520.376712,nan,nan,nan,nan,nan,nan,nan
922600,4,open_reference,0.0428,IndexPoint,IndexPoint,2947,3228,3060,2901,3012,3069,2912,8728.048780,12658.823529,10052.173913,8260.804020,9455.955679,10170.175439,8369.230769,nan,nan,nan,nan,nan,nan,nan
922650,4,open_reference,0.1053,IndexPoint,IndexPoint,2947,3261,3056,2887,3005,3057,2936,8728.048780,13294.244604,10000.384986,8125.662252,9373.394495,10013.294798,8612.942192,nan,nan,nan,nan,nan,nan,nan
922700,4,open_reference,0.1469,IndexPoint,IndexPoint,2936,3258,3056,2924,3009,3062,2943,8612.942192,13234.408602,10000.384986,8489.837746,9420.441989,10078.218780,8685.937500,nan,nan,nan,nan,nan,nan,nan
922750,4,open_reference,0.2096,IndexPoint,IndexPoint,2939,3303,3052,2917,3002,3058,2959,8644.117647,14179.545455,9948.993289,8419.185059,9338.334858,10026.229508,8856.161972,nan,nan,nan,nan,nan,nan,nan
922800,4,open_reference,0.2513,IndexPoint,IndexPoint,2941,3281,3056,2902,2988,3039,2953,8664.991334,13704.422604,10000.384986,8270.578374,9177.235772,9784.659091,8791.768827,nan,nan,nan,nan,nan,nan,nan
922850,4,open_reference,0.2724,IndexPoint,IndexPoint,2935,3280,3044,2915,2995,3066,2945,8602.586207,13683.435583,9847.383444,8399.152542,9257.272727,10130.612245,8706.956522,nan,nan,nan,nan,nan,nan,nan
922900,4,open_reference,0.3355,IndexPoint,IndexPoint,2937,3301,3046,2909,2991,3087,2932,8623.316062,14135.264484,9872.640610,8339.460371,9211.413043,10412.500000,8571.625107,nan,nan,nan,nan,nan,nan,nan
922950,4,open_reference,0.3982,IndexPoint,IndexPoint,2936,3295,3053,2897,2992,3071,2938,8612.942192,14003.750000,9961.804223,8221.869783,9222.846782,10196.679688,8633.707865,nan,nan,nan,nan,nan,nan,nan
923000,4,open_reference,0.4396,IndexPoint,IndexPoint,2925,3277,3060,2912,3010,3038,2932,8500.000000,13620.782396,10052.173913,8369.230769,9432.258065,9772.185430,8571.625107,nan,nan,nan,nan,nan,nan,nan
923050,4,open_reference,0.5026,IndexPoint,IndexPoint,2928,3294,3059,2910,3011,3054,2929,8530.591260,13982.022472,10039.189189,8349.367089,9444.095941,9974.639769,8540.823328,nan,nan,nan,nan,nan,nan,nan
923100,4,open_reference,0.5647,IndexPoint,IndexPoint,2927,3290,3055,2896,3002,3049,2928,8520.376712,13895.652174,9987.500000,8212.176814,9338.334858,9910.707457,8530.591260,nan,nan,nan,nan,nan,nan,nan
923150,4,open_reference,0.5856,IndexPoint,IndexPoint,2920,3252,3056,2910,3007,3036,2923,8449.361702,13116.014235,10000.384986,8349.367089,9396.875000,9747.308782,8479.692833,nan,nan,nan,nan,nan,nan,nan
923200,4,open_reference,0.6480,IndexPoint,IndexPoint,2934,3284,3055,2904,3003,3027,2919,8592.248062,13767.694205,9987.500000,8290.176322,9350.000000,9636.516854,8439.285714,nan,nan,nan,nan,nan,nan,nan
923250,4,open_reference,0.7101,IndexPoint,IndexPoint,2933,3281,3051,2894,2999,3029,2927,8581.927711,13704.422604,9936.206897,8192.839301,9303.467153,9660.975610,8520.376712,nan,nan,nan,nan,nan,nan,nan
923300,4,open_reference,0.7513,IndexPoint,IndexPoint,2923,3262,3043,2904,3007,3037,2915,8479.692833,13314.285714,9834.790875,8290.176322,9396.875000,9759.735350,8399.152542,nan,nan,nan,nan,nan,nan,nan
923350,4,open_reference,0.7931,IndexPoint,IndexPoint,2936,3264,3047,2899,3010,3031,2921,8612.942192,13354.512635,9885.305344,8241.304348,9432.258065,9685.526316,8459.454855,nan,nan,nan,nan,nan,nan,nan
923400,4,open_reference,0.8356,IndexPoint,IndexPoint,2927,3262,3048,2882,3003,3022,2933,8520.376712,13314.285714,9897.994269,8078.153339,9350.000000,9575.768872,8581.927711,nan,nan,nan,nan,nan,nan,nan
923450,4,open_reference,0.8989,IndexPoint,IndexPoint,2919,3276,3051,2884,3008,3041,2926,8439.285714,13600.000000,9936.206897,8097.109827,9408.647654,9809.677419,8510.179641,nan,nan,nan,nan,nan,nan,nan
923500,4,open_reference,1.0052,IndexPoint,IndexPoint,2935,3307,3051,2890,3010,3067,2912,8602.586207,14268.781726,9936.206897,8154.356846,9432.258065,10143.774319,8369.230769,nan,nan,nan,nan,nan,nan,nan
923550,4,open_reference,1.0471,IndexPoint,IndexPoint,2940,3306,3042,2880,3013,3063,2926,8654.545455,14246.387833,9822.222222,8059.259259,9467.837338,10091.279070,8510.179641,nan,nan,nan,nan,nan,nan,nan
923600,4,open_reference,1.0472,IndexPoint,IndexPoint,2927,3291,3016,2893,3013,3087,2921,8520.376712,13917.164179,9503.614458,8183.194676,9467.837338,10412.500000,8459.454855,nan,nan,nan,nan,nan,nan,nan
923650,4,open_reference,1.0887,IndexPoint,IndexPoint,2938,3291,3025,2891,3004,3099,2911,8633.707865,13917.164179,9612.149533,8163.953488,9361.686526,10578.915663,8359.290541,nan,nan,nan,nan,nan,nan,nan
923700,4,open_reference,1.1525,IndexPoint,IndexPoint,2936,3327,3035,2879,2991,3096,2913,8612.942192,14728.906250,9734.905660,8049.835526,9211.413043,10536.936937,8379.187817,nan,nan,nan,nan,nan,nan,nan
923750,4,open_reference,1.1941,IndexPoint,IndexPoint,2925,3293,3046,2895,2996,3090,2907,8500.000000,13960.349127,9872.640610,8202.500000,9268.789809,10453.731343,8319.696970,nan,nan,nan,nan,nan,nan,nan
923800,4,open_reference,1.2568,IndexPoint,IndexPoint,2933,3313,3044,2897,2991,3060,2901,8581.927711,14404.347826,9847.383444,8221.869783,9211.413043,10052.173913,8260.804020,nan,nan,nan,nan,nan,nan,nan
923850,4,open_reference,1.3004,IndexPoint,IndexPoint,2928,3343,3053,2893,2985,3061,2919,8530.591260,15114.627660,9961.804223,8183.194676,9143.243243,10065.183752,8439.285714,nan,nan,nan,nan,nan,nan,nan
923900,4,open_reference,1.3425,IndexPoint,IndexPoint,2914,3302,3029,2899,2982,3055,2917,8389.161727,14157.377049,9660.975610,8241.304348,9109.433962,9987.500000,8419.185059,nan,nan,nan,nan,nan,nan,nan
923950,4,open_reference,1.4055,IndexPoint,IndexPoint,2921,3308,3059,2881,2981,3050,2928,8459.454855,14291.232529,10039.189189,8068.698517,9098.204668,9923.444976,8530.591260,nan,nan,nan,nan,nan,nan,nan
924000,4,open_reference,1.4260,IndexPoint,IndexPoint,2918,3324,3054,2872,2966,3041,2944,8429.226848,14658.365759,9974.639769,7984.300899,8932.152347,9809.677419,8696.437880,nan,nan,nan,nan,nan,nan,nan
924050,4,open_reference,1.5104,IndexPoint,IndexPoint,2908,3284,3028,2880,2978,3035,2930,8329.570345,13767.694205,9648.734770,8059.259259,9064.637422,9734.905660,8551.072961,nan,nan,nan,nan,nan,nan,nan
924100,4,open_reference,1.5729,IndexPoint,IndexPoint,2919,3240,3017,2878,2974,3024,2915,8439.285714,12884.210526,9515.584416,8040.427280,9020.160571,9600.000000,8399.152542,nan,nan,nan,nan,nan,nan,nan
924150,4,open_reference,1.5943,IndexPoint,IndexPoint,2915,3229,3044,2871,2974,3014,2915,8399.152542,12677.367206,9847.383444,7975.000000,9020.160571,9479.740981,8399.152542,nan,nan,nan,nan,nan,nan,nan
924200,4,open_reference,1.6571,IndexPoint,IndexPoint,2909,3213,3050,2883,2984,3024,2909,8339.460371,12385.714286,9923.444976,8087.623762,9131.953195,9600.000000,8339.460371,nan,nan,nan,nan,nan,nan,nan
924250,4,open_reference,1.6985,IndexPoint,IndexPoint,2919,3223,3043,2897,2983,3024,2911,8439.285714,12566.743119,9834.790875,8221.869783,9120.683453,9600.000000,8359.290541,nan,nan,nan,nan,nan,nan,nan
924300,4,open_reference,1.7406,IndexPoint,IndexPoint,2913,3232,3041,2888,2969,3018,2911,8379.187817,12733.256083,9809.677419,8135.211268,8965.008881,9527.576602,8359.290541,nan,nan,nan,nan,nan,nan,nan
924350,4,open_reference,1.7825,IndexPoint,IndexPoint,2910,3211,3053,2895,2988,3034,2908,8349.367089,12350.000000,9961.804223,8202.500000,9177.235772,9722.525919,8329.570345,nan,nan,nan,nan,nan,nan,nan
924400,4,open_reference,1.8462,IndexPoint,IndexPoint,2919,3235,3068,2892,2988,3044,2897,8439.285714,12789.534884,10156.962025,8173.566085,9177.235772,9847.383444,8221.869783,nan,nan,nan,nan,nan,nan,nan
924450,4,open_reference,1.9093,IndexPoint,IndexPoint,2912,3250,3052,2878,2982,3036,2919,8369.230769,13076.923077,9948.993289,8040.427280,9109.433962,9747.308782,8439.285714,nan,nan,nan,nan,nan,nan,nan
924500,4,open_reference,1.9307,IndexPoint,IndexPoint,2904,3211,3054,2881,2990,3039,2928,8290.176322,12350.000000,9974.639769,8068.698517,9200.000000,9784.659091,8530.591260,nan,nan,nan,nan,nan,nan,nan
924550,4,open_reference,1.9942,IndexPoint,IndexPoint,2915,3230,3046,2885,2981,3037,2928,8399.152542,12695.953757,9872.640610,8106.611570,9098.204668,9759.735350,8530.591260,nan,nan,nan,nan,nan,nan,nan
924600,4,open_reference,2.0568,IndexPoint,IndexPoint,2915,3209,3053,2874,2970,3022,2920,8399.152542,12314.446953,9961.804223,8002.948403,8976.000000,9575.768872,8449.361702,nan,nan,nan,nan,nan,nan,nan
924650,4,open_reference,2.0986,IndexPoint,IndexPoint,2905,3177,3042,2881,2988,3029,2918,8300.000000,11766.666667,9822.222222,8068.698517,9177.235772,9660.975610,8429.226848,nan,nan,nan,nan,nan,nan,nan
924700,4,open_reference,2.1413,IndexPoint,IndexPoint,2920,3185,3030,2881,2989,3024,2893,8449.361702,11900.000000,9673.239437,8068.698517,9188.607595,9600.000000,8183.194676,nan,nan,nan,nan,nan,nan,nan
924750,4,open_reference,2.2063,IndexPoint,IndexPoint,2917,3169,3024,2875,2977,3012,2907,8419.185059,11635.637149,9600.000000,8012.295082,9053.488372,9455.955679,8319.696970,nan,nan,nan,nan,nan,nan,nan
924800,4,open_reference,2.2486,IndexPoint,IndexPoint,2911,3156,3031,2887,2986,3014,2896,8359.290541,11427.476038,9685.526316,8125.662252,9154.553652,9479.740981,8212.176814,nan,nan,nan,nan,nan,nan,nan
924850,4,open_reference,2.2906,IndexPoint,IndexPoint,2915,3146,3037,2891,2991,3007,2889,8399.152542,11271.232877,9759.735350,8163.953488,9211.413043,9396.875000,8144.776119,nan,nan,nan,nan,nan,nan,nan
924900,4,open_reference,2.3540,IndexPoint,IndexPoint,2925,3141,3047,2878,2976,2999,2903,8500.000000,11194.339623,9885.305344,8040.427280,9042.359249,9303.467153,8280.369128,nan,nan,nan,nan,nan,nan,nan
924950,4,open_reference,2.3958,IndexPoint,IndexPoint,2913,3135,3047,2892,2993,3016,2904,8379.187817,11103.125000,9885.305344,8173.566085,9234.301270,9503.614458,8290.176322,nan,nan,nan,nan,nan,nan,nan
925000,4,open_reference,2.4378,IndexPoint,IndexPoint,2921,3159,3051,2893,2992,3015,2889,8459.454855,11475.000000,9936.206897,8183.194676,9222.846782,9491.666667,8144.776119,nan,nan,nan,nan,nan,nan,nan
925050,4,open_reference,2.5014,IndexPoint,IndexPoint,2921,3172,3030,2884,2987,3017,2896,8459.454855,11684.507042,9673.239437,8097.109827,9165.884477,9515.584416,8212.176814,nan,nan,nan,nan,nan,nan,nan
925100,4,open_reference,2.5435,IndexPoint,IndexPoint,2909,3147,3044,2890,2996,3022,2895,8339.460371,11286.708861,9847.383444,8154.356846,9268.789809,9575.768872,8202.500000,nan,nan,nan,nan,nan,nan,nan
925150,4,open_reference,2.6071,IndexPoint,IndexPoint,2919,3174,3043,2887,2993,3021,2880,8439.285714,11717.263844,9834.790875,8125.662252,9234.301270,9563.687151,8059.259259,nan,nan,nan,nan,nan,nan,nan
925200,4,open_reference,2.6498,IndexPoint,IndexPoint,2912,3185,3035,2883,2987,2998,2903,8369.230769,11900.000000,9734.905660,8087.623762,9165.884477,9291.886964,8280.369128,nan,nan,nan,nan,nan,nan,nan
925250,4,open_reference,2.7128,IndexPoint,IndexPoint,2900,3156,3038,2894,2990,3022,2920,8251.046025,11427.476038,9772.185430,8192.839301,9200.000000,9575.768872,8449.361702,nan,nan,nan,nan,nan,nan,nan
925300,4,open_reference,2.7548,IndexPoint,IndexPoint,2916,3159,3009,2890,2979,3010,2906,8409.160305,11475.000000,9420.441989,8154.356846,9075.806452,9432.258065,8309.840202,nan,nan,nan,nan,nan,nan,nan
925350,4,open_reference,2.8176,IndexPoint,IndexPoint,2916,3167,3020,2877,2971,3005,2920,8409.160305,11603.232759,9551.627907,8031.034483,8987.010676,9373.394495,8449.361702,nan,nan,nan,nan,nan,nan,nan
925400,4,open_reference,2.8389,IndexPoint,IndexPoint,2900,3149,3035,2896,2974,3014,2912,8251.046025,11317.758985,9734.905660,8212.176814,9020.160571,9479.740981,8369.230769,nan,nan,nan,nan,nan,nan,nan
925450,4,open_reference,2.9009,IndexPoint,IndexPoint,2911,3172,3035,2887,2969,3007,2900,8359.290541,11684.507042,9734.905660,8125.662252,8965.008881,9396.875000,8251.046025,nan,nan,nan,nan,nan,nan,nan
925500,4,open_reference,2.9633,IndexPoint,IndexPoint,2919,3180,3040,2870,2955,2989,2898,8439.285714,11816.393443,9797.156398,7965.714286,8813.157895,9188.607595,8231.578947,nan,nan,nan,nan,nan,nan,nan
925550,4,open_reference,2.9847,IndexPoint,IndexPoint,2909,3153,3038,2879,2964,2996,2899,8339.460371,11380.254777,9772.185430,8049.835526,8910.344828,9268.789809,8241.304348,nan,nan,nan,nan,nan,nan,nan
925600,4,open_reference,3.0262,IndexPoint,IndexPoint,2922,3158,3032,2876,2970,3016,2907,8469.565217,11459.124867,9697.836312,8021.657096,8976.000000,9503.614458,8319.696970,nan,nan,nan,nan,nan,nan,nan
925650,4,open_reference,3.0885,IndexPoint,IndexPoint,2920,3136,3032,2863,2958,3013,2918,8449.361702,11118.248175,9697.836312,7901.136364,8845.382586,9467.837338,8429.226848,nan,nan,nan,nan,nan,nan,nan
925700,4,open_reference,3.1510,IndexPoint,IndexPoint,2911,3140,3032,2875,2972,3009,2925,8359.290541,11179.057592,9697.836312,8012.295082,8998.040962,9420.441989,8500.000000,nan,nan,nan,nan,nan,nan,nan
925750,4,open_reference,3.2140,IndexPoint,IndexPoint,2920,3134,3020,2871,2976,3011,2905,8449.361702,11088.033299,9551.627907,7975.000000,9042.359249,9444.095941,8300.000000,nan,nan,nan,nan,nan,nan,nan
925800,4,open_reference,3.2555,IndexPoint,IndexPoint,2917,3145,3010,2863,2969,3008,2918,8419.185059,11255.789474,9432.258065,7901.136364,8965.008881,9408.647654,8429.226848,nan,nan,nan,nan,nan,nan,nan
925850,4,open_reference,3.2770,IndexPoint,IndexPoint,2896,3135,3020,2871,2984,3038,2900,8212.176814,11103.125000,9551.627907,7975.000000,9131.953195,9772.185430,8251.046025,nan,nan,nan,nan,nan,nan,nan
925900,4,open_reference,3.3597,IndexPoint,IndexPoint,2902,3150,3024,2874,2985,3029,2899,8270.578374,11333.333333,9600.000000,8002.948403,9143.243243,9660.975610,8241.304348,nan,nan,nan,nan,nan,nan,nan
925950,4,open_reference,3.3812,IndexPoint,IndexPoint,2904,3166,2998,2865,2962,3006,2911,8290.176322,11587.082885,9291.886964,7919.512195,8888.614298,9385.123967,8359.290541,nan,nan,nan,nan,nan,nan,nan
926000,4,open_reference,3.4437,IndexPoint,IndexPoint,2895,3153,2996,2878,2972,3022,2908,8202.500000,11380.254777,9268.789809,8040.427280,8998.040962,9575.768872,8329.570345,nan,nan,nan,nan,nan,nan,nan
926050,4,open_reference,3.5497,IndexPoint,IndexPoint,2897,3149,3003,2874,2978,3010,2890,8221.869783,11317.758985,9350.000000,8002.948403,9064.637422,9432.258065,8154.356846,nan,nan,nan,nan,nan,nan,nan
926100,4,open_reference,3.5918,IndexPoint,IndexPoint,2896,3144,3016,2864,2974,3005,2891,8212.176814,11240.378549,9503.614458,7910.316816,9020.160571,9373.394495,8163.953488,nan,nan,nan,nan,nan,nan,nan
926150,4,open_reference,3.6126,IndexPoint,IndexPoint,2887,3127,3006,2885,2979,2994,2889,8125.662252,10983.264463,9385.123967,8106.611570,9075.806452,9245.776567,8144.776119,nan,nan,nan,nan,nan,nan,nan
926200,4,open_reference,3.6553,IndexPoint,IndexPoint,2894,3150,3023,2880,2978,2997,2883,8192.839301,11333.333333,9587.873134,8059.259259,9064.637422,9280.327869,8087.623762,nan,nan,nan,nan,nan,nan,nan
926250,4,open_reference,3.7182,IndexPoint,IndexPoint,2896,3138,3018,2870,2963,2992,2894,8212.176814,11148.589342,9527.576602,7965.714286,8899.469965,9222.846782,8192.839301,nan,nan,nan,nan,nan,nan,nan
926300,4,open_reference,3.7604,IndexPoint,IndexPoint,2889,3132,3027,2878,2982,2996,2892,8144.776119,11057.943925,9636.516854,8040.427280,9109.433962,9268.789809,8173.566085,nan,nan,nan,nan,nan,nan,nan
926350,4,open_reference,3.8230,IndexPoint,IndexPoint,2896,3155,3021,2875,2983,2999,2878,8212.176814,11411.702128,9563.687151,8012.295082,9120.683453,9303.467153,8040.427280,nan,nan,nan,nan,nan,nan,nan
926400,4,open_reference,3.8648,IndexPoint,IndexPoint,2897,3144,3000,2867,2964,3005,2888,8221.869783,11240.378549,9315.068493,7937.947883,8910.344828,9373.394495,8135.211268,nan,nan,nan,nan,nan,nan,nan
926450,4,open_reference,3.8857,IndexPoint,IndexPoint,2893,3142,3006,2881,2969,3023,2885,8183.194676,11209.653725,9385.123967,8068.698517,8965.008881,9587.873134,8106.611570,nan,nan,nan,nan,nan,nan,nan
926500,4,open_reference,3.9275,IndexPoint,IndexPoint,2909,3162,3020,2879,2981,3003,2871,8339.460371,11522.829582,9551.627907,8049.835526,9098.204668,9350.000000,7975.000000,nan,nan,nan,nan,nan,nan,nan
926600,4,posture_hold,0.0213,IndexPoint,IndexPoint,2898,3139,3000,2880,2964,2998,2872,8231.578947,11163.807531,9315.068493,8059.259259,8910.344828,9291.886964,7984.300899,-0.015278,-0.019020,-0.037027,0.002342,-0.017021,-0.014882,-0.031185
926650,4,posture_hold,0.0640,IndexPoint,IndexPoint,2908,3172,3006,2872,2963,2991,2863,8329.570345,11684.507042,9385.123967,7984.300899,8899.469965,9211.413043,7901.136364,-0.003555,0.026735,-0.029785,-0.006981,-0.018221,-0.023414,-0.041276
926700,4,posture_hold,0.1274,IndexPoint,IndexPoint,2910,3160,3005,2864,2956,2992,2877,8349.367089,11490.909091,9373.394495,7910.316816,8823.880597,9222.846782,8031.034483,-0.001187,0.009723,-0.030997,-0.016182,-0.026560,-0.022202,-0.025514
926750,4,posture_hold,0.1697,IndexPoint,IndexPoint,2900,3163,3004,2870,2971,2996,2876,8251.046025,11538.841202,9361.686526,7965.714286,8987.010676,9268.789809,8021.657096,-0.012949,0.013935,-0.032208,-0.009292,-0.008564,-0.017331,-0.026652
926800,4,posture_hold,0.2327,IndexPoint,IndexPoint,2911,3139,3008,2869,2967,3002,2863,8359.290541,11163.807531,9408.647654,7956.443719,8943.085106,9338.334858,7901.136364,0.000000,-0.019020,-0.027353,-0.010445,-0.013410,-0.009958,-0.041276
926850,4,posture_hold,0.2538,IndexPoint,IndexPoint,2911,3121,3000,2855,2960,2982,2870,8359.290541,10894.661191,9315.068493,7828.225806,8866.960352,9109.433962,7965.714286,0.000000,-0.042670,-0.037027,-0.026392,-0.021807,-0.034226,-0.033440
926900,4,posture_hold,0.3382,IndexPoint,IndexPoint,2897,3132,3007,2864,2971,2989,2864,8221.869783,11057.943925,9396.875000,7910.316816,8987.010676,9188.607595,7910.316816,-0.016439,-0.028322,-0.028570,-0.016182,-0.008564,-0.025832,-0.040162
926950,4,posture_hold,0.3797,IndexPoint,IndexPoint,2907,3148,3009,2864,2968,2974,2850,8319.696970,11302.217529,9420.441989,7910.316816,8954.037267,9020.160571,7783.132530,-0.004736,-0.006857,-0.026134,-0.016182,-0.012201,-0.043690,-0.055595
927000,4,posture_hold,0.4218,IndexPoint,IndexPoint,2906,3144,3002,2860,2960,2969,2866,8309.840202,11240.378549,9338.334858,7873.684211,8866.960352,8965.008881,7928.722539,-0.005916,-0.012291,-0.034622,-0.020738,-0.021807,-0.049537,-0.037929
927050,4,posture_hold,0.4848,IndexPoint,IndexPoint,2897,3141,2996,2866,2966,2988,2875,8221.869783,11194.339623,9268.789809,7928.722539,8932.152347,9177.235772,8012.295082,-0.016439,-0.016337,-0.041811,-0.013893,-0.014616,-0.027037,-0.027788
927100,4,posture_hold,0.5474,IndexPoint,IndexPoint,2900,3178,2994,2864,2960,2988,2872,8251.046025,11783.206107,9245.776567,7910.316816,8866.960352,9177.235772,7984.300899,-0.012949,0.035408,-0.044190,-0.016182,-0.021807,-0.027037,-0.031185
927150,4,posture_hold,0.5887,IndexPoint,IndexPoint,2908,3173,2996,2862,2964,2999,2893,8329.570345,11700.867679,9268.789809,7891.970803,8910.344828,9303.467153,8183.194676,-0.003555,0.028173,-0.041811,-0.018464,-0.017021,-0.013654,-0.007051
927200,4,posture_hold,0.6096,IndexPoint,IndexPoint,2897,3167,3027,2880,2981,3040,2895,8221.869783,11603.232759,9636.516854,8059.259259,9098.204668,9797.156398,8202.500000,-0.016439,0.019593,-0.003796,0.002342,0.003703,0.038686,-0.004709
927250,4,posture_hold,0.6926,IndexPoint,IndexPoint,2913,3144,3032,2880,2984,3025,2905,8379.187817,11240.378549,9697.836312,8059.259259,9131.953195,9612.149533,8300.000000,0.002380,-0.012291,0.002543,0.002342,0.007426,0.019072,0.007122
927300,4,posture_hold,0.7554,IndexPoint,IndexPoint,2909,3147,3046,2864,2960,3028,2914,8339.460371,11286.708861,9872.640610,7910.316816,8866.960352,9648.734770,8389.161727,-0.002372,-0.008220,0.020614,-0.016182,-0.021807,0.022951,0.017941
927350,4,posture_hold,0.7978,IndexPoint,IndexPoint,2898,3112,3030,2881,2990,3048,2907,8231.578947,10763.784334,9673.239437,8068.698517,9200.000000,9897.994269,8319.696970,-0.015278,-0.054170,0.000000,0.003516,0.014933,0.049377,0.009512
927400,4,posture_hold,0.8393,IndexPoint,IndexPoint,2903,3099,3026,2881,2976,3031,2890,8280.369128,10578.915663,9624.321796,8068.698517,9042.359249,9685.526316,8154.356846,-0.009441,-0.070415,-0.005057,0.003516,-0.002458,0.026851,-0.010550
927450,4,posture_hold,0.8806,IndexPoint,IndexPoint,2905,3089,3030,2878,2965,3008,2896,8300.000000,10439.960239,9673.239437,8040.427280,8921.238938,9408.647654,8212.176814,-0.007093,-0.082625,0.000000,0.000000,-0.015820,-0.002503,-0.003534
927500,4,posture_hold,0.9232,IndexPoint,IndexPoint,2894,3085,3013,2884,2969,3010,2894,8192.839301,10385.148515,9467.837338,8097.109827,8965.008881,9432.258065,8192.839301,-0.019912,-0.087441,-0.021234,0.007050,-0.010991,0.000000,-0.005881
927550,4,posture_hold,0.9864,IndexPoint,IndexPoint,2904,3100,3037,2883,2972,2991,2888,8290.176322,10592.964824,9759.735350,8087.623762,8998.040962,9211.413043,8135.211268,-0.008268,-0.069180,0.008942,0.005870,-0.007347,-0.023414,-0.012873
927600,4,posture_hold,1.0074,IndexPoint,IndexPoint,2899,3088,3017,2872,2966,2990,2897,8241.304348,10426.216485,9515.584416,7984.300899,8932.152347,9200.000000,8221.869783,-0.014114,-0.083833,-0.016298,-0.006981,-0.014616,-0.024624,-0.002358
927650,4,posture_hold,1.0698,IndexPoint,IndexPoint,2891,3095,3008,2887,2973,2992,2902,8163.953488,10523.000000,9408.647654,8125.662252,9009.090909,9222.846782,8270.578374,-0.023368,-0.075328,-0.027353,0.010601,-0.006128,-0.022202,0.003552
927700,4,posture_hold,1.1124,IndexPoint,IndexPoint,2896,3101,3002,2892,2964,2992,2894,8212.176814,10607.042254,9338.334858,8173.566085,8910.344828,9222.846782,8192.839301,-0.017599,-0.067943,-0.034622,0.016559,-0.017021,-0.022202,-0.005881
927750,4,posture_hold,1.1755,IndexPoint,IndexPoint,2894,3086,2998,2874,2958,2991,2896,8192.839301,10398.810704,9291.886964,8002.948403,8845.382586,9211.413043,8212.176814,-0.019912,-0.086241,-0.039423,-0.004661,-0.024188,-0.023414,-0.003534
927800,4,posture_hold,1.2180,IndexPoint,IndexPoint,2882,3092,3003,2881,2971,3002,2896,8078.153339,10481.355932,9350.000000,8068.698517,8987.010676,9338.334858,8212.176814,-0.033632,-0.078988,-0.033416,0.003516,-0.008564,-0.009958,-0.003534
927850,4,posture_hold,1.2604,IndexPoint,IndexPoint,2896,3114,3009,2880,2963,2993,2885,8212.176814,10792.660550,9420.441989,8059.259259,8899.469965,9234.301270,8106.611570,-0.017599,-0.051633,-0.026134,0.002342,-0.018221,-0.020987,-0.016344
927900,4,posture_hold,1.3231,IndexPoint,IndexPoint,2897,3134,2993,2865,2950,2988,2891,8221.869783,11088.033299,9234.301270,7919.512195,8759.825328,9177.235772,8163.953488,-0.016439,-0.025678,-0.045377,-0.015038,-0.033627,-0.027037,-0.009386
927950,4,posture_hold,1.3440,IndexPoint,IndexPoint,2893,3104,2993,2874,2956,2988,2888,8183.194676,10649.445005,9234.301270,8002.948403,8823.880597,9177.235772,8135.211268,-0.021066,-0.064217,-0.045377,-0.004661,-0.026560,-0.027037,-0.012873
928000,4,posture_hold,1.4280,IndexPoint,IndexPoint,2906,3106,2997,2876,2954,2958,2871,8309.840202,10677.856421,9280.327869,8021.657096,8802.453988,8845.382586,7975.000000,-0.005916,-0.061721,-0.040618,-0.002334,-0.028924,-0.062220,-0.032313
928050,4,posture_hold,1.4905,IndexPoint,IndexPoint,2904,3121,2997,2871,2953,2967,2880,8290.176322,10894.661191,9280.327869,7975.000000,8791.768827,8943.085106,8059.259259,-0.008268,-0.042670,-0.040618,-0.008137,-0.030103,-0.051862,-0.022089
928100,4,posture_hold,1.5111,IndexPoint,IndexPoint,2896,3101,3006,2890,2958,2989,2893,8212.176814,10607.042254,9385.123967,8154.356846,8845.382586,9188.607595,8183.194676,-0.017599,-0.067943,-0.029785,0.014170,-0.024188,-0.025832,-0.007051
928150,4,posture_hold,1.5954,IndexPoint,IndexPoint,2906,3124,3008,2894,2957,3023,2896,8309.840202,10938.825953,9408.647654,8192.839301,8834.622144,9587.873134,8212.176814,-0.005916,-0.038789,-0.027353,0.018956,-0.025375,0.016498,-0.003534
928200,4,posture_hold,1.6371,IndexPoint,IndexPoint,2896,3146,3020,2897,2936,3033,2924,8212.176814,11271.232877,9551.627907,8221.869783,8612.942192,9710.169492,8489.837746,-0.017599,-0.009580,-0.012572,0.022566,-0.049830,0.029464,0.030157
928250,4,posture_hold,1.6581,IndexPoint,IndexPoint,2887,3169,3048,2917,2967,3042,2942,8125.662252,11635.637149,9897.994269,8419.185059,8943.085106,9822.222222,8675.455334,-0.027948,0.022441,0.023235,0.047107,-0.013410,0.041344,0.052680
928300,4,posture_hold,1.7417,IndexPoint,IndexPoint,2901,3199,3043,2907,2959,3055,2926,8260.804020,12139.062500,9834.790875,8319.696970,8856.161972,9987.500000,8510.179641,-0.011782,0.066678,0.016701,0.034733,-0.022999,0.058866,0.032625
928350,4,posture_hold,1.7625,IndexPoint,IndexPoint,2899,3224,3029,2898,2962,3064,2919,8241.304348,12585.074627,9660.975610,8231.578947,8888.614298,10104.364694,8439.285714,-0.014114,0.105869,-0.001268,0.023774,-0.019419,0.071256,0.024023
928400,4,posture_hold,1.8041,IndexPoint,IndexPoint,2887,3262,3058,2909,2975,3093,2919,8125.662252,13314.285714,10026.229508,8339.460371,9031.250000,10495.209581,8439.285714,-0.027948,0.169946,0.036491,0.037191,-0.003683,0.112693,0.024023
928450,4,posture_hold,1.8672,IndexPoint,IndexPoint,2895,3304,3041,2921,2979,3054,2916,8202.500000,14201.769912,9809.677419,8459.454855,9075.806452,9974.639769,8409.160305,-0.018756,0.247931,0.014105,0.052115,0.001232,0.057503,0.020368
928500,4,posture_hold,1.9089,IndexPoint,IndexPoint,2904,3295,3057,2898,2965,3084,2923,8290.176322,14003.750000,10013.294798,8231.578947,8921.238938,10371.513353,8479.692833,-0.008268,0.230530,0.035154,0.023774,-0.015820,0.099579,0.028926
928550,4,posture_hold,1.9515,IndexPoint,IndexPoint,2910,3273,3098,2923,2990,3107,2926,8349.367089,13537.956204,10564.894684,8479.692833,9200.000000,10692.105263,8510.179641,-0.001187,0.189600,0.092178,0.054632,0.014933,0.133568,0.032625
928600,4,posture_hold,2.0354,IndexPoint,IndexPoint,2928,3222,3110,2918,3007,3157,2943,8530.591260,12548.453608,10735.025381,8429.226848,9396.875000,11443.283582,8685.937500,0.020492,0.102651,0.109765,0.048356,0.036652,0.213207,0.053952
928650,4,posture_hold,2.0770,IndexPoint,IndexPoint,2930,3281,3118,2923,2987,3162,2948,8551.072961,13704.422604,10850.767656,8479.692833,9165.884477,11522.829582,8738.622493,0.022942,0.204228,0.121730,0.054632,0.011169,0.221641,0.060345
928700,4,posture_hold,2.1198,IndexPoint,IndexPoint,2913,3261,3127,2924,2993,3227,2943,8379.187817,13294.244604,10983.264463,8489.837746,9234.301270,12640.322581,8685.937500,0.002380,0.168185,0.135428,0.055894,0.018717,0.340116,0.053952
928750,4,posture_hold,2.1626,IndexPoint,IndexPoint,2912,3325,3153,2921,3079,3186,2949,8369.230769,14681.818182,11380.254777,8459.454855,10303.740157,11916.831683,8749.214660,0.001189,0.290113,0.176468,0.052115,0.136696,0.263412,0.061630
928800,4,posture_hold,2.2259,IndexPoint,IndexPoint,2923,3302,3230,2934,3099,3260,2943,8479.692833,14157.377049,12695.953757,8592.248062,10578.915663,13274.251497,8685.937500,0.014403,0.244030,0.312482,0.068631,0.167053,0.407325,0.053952
928850,4,posture_hold,2.2674,IndexPoint,IndexPoint,2914,3338,3180,2944,3161,3330,2948,8389.161727,14992.338177,11816.393443,8696.437880,11506.852248,14800.000000,8738.622493,0.003573,0.317399,0.221555,0.081589,0.269422,0.569083,0.060345
928900,4,posture_hold,2.3096,IndexPoint,IndexPoint,2924,3484,3183,2945,3239,3392,2975,8489.837746,19387.234043,11866.447368,8706.956522,12865.186916,16405.120910,9031.250000,0.015617,0.703585,0.226729,0.082897,0.419272,0.739257,0.095852
928950,4,posture_hold,2.3735,IndexPoint,IndexPoint,2956,3478,3297,2956,3259,3340,2984,8823.880597,19165.640194,14047.368421,8823.880597,13254.306220,15041.059603,9131.953195,0.055578,0.684113,0.452189,0.097439,0.462199,0.594640,0.108071
929000,4,posture_hold,2.4159,IndexPoint,IndexPoint,2956,3432,3243,2951,3323,3430,2971,8823.880597,17600.000000,12941.549296,8770.454545,14634.974093,17536.842105,8987.010676,0.055578,0.546538,0.337871,0.090795,0.614513,0.859241,0.090484
929050,4,posture_hold,2.4798,IndexPoint,IndexPoint,2951,3547,3156,2943,3277,3520,2971,8770.454545,22006.934307,11427.476038,8685.937500,13620.782396,20813.913043,8987.010676,0.049186,0.933782,0.181349,0.080283,0.502628,1.206673,0.090484
929100,4,posture_hold,2.5004,IndexPoint,IndexPoint,2947,3788,3233,3099,3283,3313,2933,8728.048780,41951.791531,12751.972158,10578.915663,13746.551724,14404.347826,8581.927711,0.044114,2.686367,0.318273,0.315716,0.516503,0.527137,0.041331
929150,4,posture_hold,2.5831,IndexPoint,IndexPoint,2960,3852,3073,3011,3307,3308,2960,8866.960352,53896.296296,10223.287671,9444.095941,14268.781726,14291.232529,8866.960352,0.060731,3.735948,0.056863,0.174576,0.574115,0.515144,0.075917
929200,4,posture_hold,2.6253,IndexPoint,IndexPoint,2992,3757,3015,3117,3288,3290,2962,9222.846782,37792.307692,9491.666667,10836.196319,13852.788104,13895.652174,8888.614298,0.103305,2.320867,-0.018771,0.347714,0.528223,0.473205,0.078545
929250,4,posture_hold,2.6672,IndexPoint,IndexPoint,3011,3765,3028,2991,3315,3339,2922,9444.095941,38790.909091,9648.734770,9211.413043,14450.000000,15016.666667,8469.565217,0.129772,2.408615,-0.002533,0.145637,0.594107,0.592054,0.027697
929300,4,posture_hold,2.7297,IndexPoint,IndexPoint,2972,3665,2948,3006,3307,3390,2928,8998.040962,28979.069767,8738.622493,9385.123967,14268.781726,16348.936170,8530.591260,0.076412,1.546434,-0.096619,0.167242,0.574115,0.733300,0.035102
929350,4,posture_hold,2.7716,IndexPoint,IndexPoint,3014,3567,2957,2996,3310,3292,2929,9479.740981,22969.318182,8834.622144,9268.789809,14336.305732,13938.729763,8540.823328,0.134037,1.018348,-0.086695,0.152773,0.581564,0.477772,0.036344
929400,4,posture_hold,2.8354,IndexPoint,IndexPoint,2967,3693,2955,2988,3341,3373,2962,8943.085106,31234.328358,8813.157895,9177.235772,15065.517241,15883.933518,8888.614298,0.069838,1.744607,-0.088913,0.141387,0.662010,0.684001,0.078545
929450,4,posture_hold,2.8772,IndexPoint,IndexPoint,2966,3623,2984,3012,3298,3339,2936,8932.152347,26097.881356,9131.953195,9455.955679,14069.259724,15016.666667,8612.942192,0.068530,1.293260,-0.055957,0.176051,0.552104,0.592054,0.045095
929500,4,posture_hold,2.9193,IndexPoint,IndexPoint,3008,3587,2966,3014,3277,3354,2968,9408.647654,24007.480315,8932.152347,9479.740981,13620.782396,15389.473684,8954.037267,0.125532,1.109573,-0.076612,0.179010,0.502628,0.631579,0.086483
929550,4,posture_hold,2.9820,IndexPoint,IndexPoint,3007,3589,2952,2992,3275,3301,2953,9396.875000,24115.810277,8781.102362,9222.846782,13579.268293,14135.264484,8791.768827,0.124124,1.119092,-0.092227,0.147059,0.498049,0.498609,0.066793
929600,4,posture_hold,3.0242,IndexPoint,IndexPoint,2998,3566,2944,3013,3276,3327,2920,9291.886964,22919.470699,8696.437880,9467.837338,13600.000000,14728.906250,8449.361702,0.111564,1.013968,-0.100980,0.177529,0.500336,0.561546,0.025246
929650,4,posture_hold,3.0661,IndexPoint,IndexPoint,3011,3476,2990,3004,3312,3321,2916,9444.095941,19092.730210,9200.000000,9361.686526,14381.609195,14588.372093,8409.160305,0.129772,0.677707,-0.048923,0.164327,0.586562,0.546647,0.020368
929700,4,posture_hold,3.1294,IndexPoint,IndexPoint,3007,3472,2958,2986,3248,3308,2948,9396.875000,18948.314607,8845.382586,9154.553652,13038.016529,14291.232529,8738.622493,0.124124,0.665017,-0.085582,0.138566,0.438338,0.515144,0.060345
929750,4,posture_hold,3.1719,IndexPoint,IndexPoint,3000,3436,2978,2983,3281,3289,2919,9315.068493,17727.465857,9064.637422,9120.683453,13704.422604,13874.193548,8439.285714,0.114337,0.557739,-0.062916,0.134353,0.511856,0.470930,0.024023
929800,4,posture_hold,3.2143,IndexPoint,IndexPoint,2990,3482,3009,2985,3252,3299,2883,9200.000000,19312.887439,9420.441989,9143.243243,13116.014235,14091.206030,8087.623762,0.100572,0.697052,-0.026134,0.137159,0.446943,0.493938,-0.018648
929850,4,posture_hold,3.2778,IndexPoint,IndexPoint,2981,3458,2975,2960,3231,3264,2901,9098.204668,18457.142857,9031.250000,8866.960352,12714.583333,13354.512635,8260.804020,0.088394,0.621857,-0.066368,0.102797,0.402658,0.415834,0.002366
929900,4,posture_hold,3.3405,IndexPoint,IndexPoint,2974,3439,2999,2965,3228,3253,2957,9020.160571,17824.085366,9303.467153,8921.238938,12658.823529,13135.629454,8834.622144,0.079058,0.566229,-0.038226,0.109548,0.396506,0.392628,0.071993
929950,4,posture_hold,3.3827,IndexPoint,IndexPoint,2997,3434,3021,2968,3253,3223,2960,9280.327869,17663.540091,9563.687151,8954.037267,13135.629454,12566.743119,8866.960352,0.110181,0.552122,-0.011325,0.113627,0.449107,0.332315,0.075917
930000,4,posture_hold,3.4241,IndexPoint,IndexPoint,2993,3511,2988,2968,3203,3217,2977,9234.301270,20440.753425,9177.235772,8954.037267,12208.744395,12457.630979,9053.488372,0.104675,0.796160,-0.051276,0.113627,0.346854,0.320747,0.098550
930050,4,posture_hold,3.4658,IndexPoint,IndexPoint,2980,3418,3020,2990,3238,3251,2994,9086.995516,17165.731167,9551.627907,9200.000000,12846.207701,13096.445498,9245.776567,0.087053,0.508378,-0.012572,0.144218,0.417178,0.388474,0.121883
930100,4,posture_hold,3.5084,IndexPoint,IndexPoint,2989,3399,2977,2973,3230,3243,2967,9188.607595,16604.310345,9053.488372,9009.090909,12695.953757,12941.549296,8943.085106,0.099209,0.459046,-0.064069,0.120474,0.400602,0.372052,0.085154
930150,4,posture_hold,3.5720,IndexPoint,IndexPoint,2984,3379,2997,2960,3244,3186,2964,9131.953195,16045.530726,9280.327869,8866.960352,12960.752056,11916.831683,8910.344828,0.092432,0.409945,-0.040618,0.102797,0.429815,0.263412,0.081181
930200,4,posture_hold,3.6349,IndexPoint,IndexPoint,2973,3379,2965,2956,3246,3148,2961,9009.090909,16045.530726,8921.238938,8823.880597,12999.293286,11302.217529,8877.777778,0.077734,0.409945,-0.077740,0.097439,0.434067,0.198252,0.077230
930250,4,posture_hold,3.6772,IndexPoint,IndexPoint,2974,3392,3002,2961,3238,3153,2926,9020.160571,16405.120910,9338.334858,8877.777778,12846.207701,11380.254777,8510.179641,0.079058,0.441542,-0.034622,0.104143,0.417178,0.206525,0.032625
930300,4,posture_hold,3.7186,IndexPoint,IndexPoint,2976,3448,3021,2946,3248,3152,2941,9042.359249,18119.319938,9563.687151,8717.493473,13038.016529,11364.581124,8664.991334,0.081714,0.592172,-0.011325,0.084208,0.438338,0.204863,0.051410
930350,4,posture_hold,3.7610,IndexPoint,IndexPoint,2961,3347,2982,2950,3228,3157,2928,8877.777778,15213.636364,9109.433962,8759.825328,12658.823529,11443.283582,8530.591260,0.062025,0.336845,-0.058285,0.089473,0.396506,0.213207,0.035102
930400,4,posture_hold,3.8241,IndexPoint,IndexPoint,2968,3410,2993,2950,3235,3150,2908,8954.037267,16925.547445,9234.301270,8759.825328,12789.534884,11333.333333,8329.570345,0.071148,0.487273,-0.045377,0.089473,0.410926,0.201550,0.010710
930450,4,posture_hold,3.8655,IndexPoint,IndexPoint,2973,3376,2963,2945,3225,3165,2927,9009.090909,15964.394993,8899.469965,8706.956522,12603.448276,11570.967742,8520.376712,0.077734,0.402815,-0.079991,0.082897,0.390397,0.226744,0.033863
930500,4,posture_hold,3.9077,IndexPoint,IndexPoint,2972,3350,2941,2957,3234,3165,2919,8998.040962,15288.590604,8664.991334,8834.622144,12770.731707,11570.967742,8439.285714,0.076412,0.343431,-0.104231,0.098775,0.408852,0.226744,0.024023
930550,4,posture_hold,3.9707,IndexPoint,IndexPoint,2972,3403,2953,2958,3220,3091,2923,8998.040962,16719.942197,8791.768827,8845.382586,12512.000000,10467.529880,8479.692833,0.076412,0.469206,-0.091125,0.100113,0.380309,0.109759,0.028926
930600,4,posture_hold,4.0120,IndexPoint,IndexPoint,2974,3429,3018,2935,3214,3093,2928,9020.160571,17505.405405,9527.576602,8602.586207,12403.632236,10495.209581,8530.591260,0.079058,0.538226,-0.015058,0.069917,0.368354,0.112693,0.035102
930650,4,posture_hold,4.0746,IndexPoint,IndexPoint,2967,3396,3003,2942,3201,3136,2928,8943.085106,16518.454936,9350.000000,8675.455334,12173.825503,11118.248175,8530.591260,0.069838,0.451501,-0.033416,0.078979,0.343002,0.178747,0.035102
930700,4,posture_hold,4.1162,IndexPoint,IndexPoint,2977,3374,2999,2955,3226,3113,2909,9053.488372,15910.679612,9303.467153,8813.157895,12621.864212,10778.207739,8339.460371,0.083045,0.398095,-0.038226,0.096106,0.392429,0.142696,0.011910
930750,4,posture_hold,4.1786,IndexPoint,IndexPoint,2975,3340,3039,2943,3205,3121,2911,9031.250000,15041.059603,9784.659091,8685.937500,12243.820225,10894.661191,8359.290541,0.080385,0.321680,0.011518,0.080283,0.350724,0.155043,0.014316
930800,4,posture_hold,4.2213,IndexPoint,IndexPoint,2969,3371,3044,2953,3196,3125,2913,8965.008881,15830.662983,9847.383444,8791.768827,12087.208009,10953.608247,8379.187817,0.072460,0.391064,0.018003,0.093445,0.333446,0.161292,0.016731
930850,4,posture_hold,4.2629,IndexPoint,IndexPoint,2990,3349,3050,2947,3191,3118,2934,9200.000000,15263.538874,9923.444976,8728.048780,12001.548673,10850.767656,8592.248062,0.100572,0.341230,0.025866,0.085521,0.323997,0.150389,0.042584
930900,4,posture_hold,4.3259,IndexPoint,IndexPoint,2977,3388,3037,2932,3195,3130,2943,9053.488372,16293.069307,9759.735350,8571.625107,12070.000000,11027.979275,8685.937500,0.083045,0.431696,0.008942,0.066066,0.331548,0.169177,0.053952
930950,4,posture_hold,4.3675,IndexPoint,IndexPoint,2974,3419,3023,2945,3199,3153,2917,9020.160571,17196.153846,9587.873134,8706.956522,12139.062500,11380.254777,8419.185059,0.079058,0.511052,-0.008825,0.082897,0.339167,0.206525,0.021584
931000,4,posture_hold,4.4301,IndexPoint,IndexPoint,2986,3459,2990,2941,3213,3120,2907,9154.553652,18491.509434,9200.000000,8664.991334,12385.714286,10880.000000,8319.696970,0.095135,0.624877,-0.048923,0.077678,0.366377,0.153488,0.009512
931050,4,posture_hold,4.4927,IndexPoint,IndexPoint,2979,3421,2995,2941,3185,3095,2913,9075.806452,17257.270030,9257.272727,8664.991334,11900.000000,10523.000000,8379.187817,0.085715,0.516422,-0.043002,0.077678,0.312794,0.115640,0.016731
931100,4,posture_hold,4.5141,IndexPoint,IndexPoint,2962,3350,3004,2951,3199,3100,2908,8888.614298,15288.590604,9361.686526,8770.454545,12139.062500,10592.964824,8329.570345,0.063322,0.343431,-0.032208,0.090795,0.339167,0.123057,0.010710
931150,4,posture_hold,4.5974,IndexPoint,IndexPoint,2965,3344,3039,2945,3203,3117,2897,8921.238938,15139.280959,9784.659091,8706.956522,12208.744395,10836.196319,8221.869783,0.067224,0.330311,0.011518,0.082897,0.346854,0.148844,-0.002358
931200,4,posture_hold,4.6189,IndexPoint,IndexPoint,2971,3375,2981,2931,3167,3128,2881,8987.010676,15937.500000,9098.204668,8561.340206,11603.232759,10998.138573,8068.698517,0.075093,0.400452,-0.059446,0.064787,0.280055,0.166013,-0.020944
931250,4,posture_hold,4.6815,IndexPoint,IndexPoint,2961,3355,2984,2944,3198,3151,2884,8877.777778,15414.864865,9131.953195,8696.437880,12121.739130,11348.940678,8097.109827,0.062025,0.354527,-0.055957,0.081589,0.337256,0.203205,-0.017497
931300,4,posture_hold,4.7232,IndexPoint,IndexPoint,2970,3315,2959,2941,3198,3149,2866,8976.000000,14450.000000,8856.161972,8664.991334,12121.739130,11317.758985,7928.722539,0.073775,0.269743,-0.084468,0.077678,0.337256,0.199899,-0.037929
931350,4,posture_hold,4.7855,IndexPoint,IndexPoint,2966,3376,2941,2937,3180,3123,2882,8932.152347,15964.394993,8664.991334,8623.316062,11816.393443,10924.074074,8078.153339,0.068530,0.402815,-0.104231,0.072495,0.303570,0.158161,-0.019797
931400,4,posture_hold,4.8061,IndexPoint,IndexPoint,2959,3381,2979,2947,3181,3127,2894,8856.161972,16100.000000,9075.806452,8728.048780,11833.041575,10983.264463,8192.839301,0.059439,0.414731,-0.061761,0.085521,0.305407,0.164436,-0.005881
931450,4,posture_hold,4.8694,IndexPoint,IndexPoint,2968,3402,3047,2948,3181,3127,2873,8954.037267,16690.909091,9885.305344,8738.622493,11833.041575,10983.264463,7993.617021,0.071148,0.466655,0.021923,0.086836,0.305407,0.164436,-0.030054
931500,4,posture_hold,4.9306,IndexPoint,IndexPoint,2967,3362,2979,2931,3166,3130,2886,8943.085106,15594.542974,9075.806452,8561.340206,11587.082885,11027.979275,8116.129032,0.069838,0.370316,-0.061761,0.064787,0.278273,0.169177,-0.015189
931550,4,posture_hold,4.9725,IndexPoint,IndexPoint,2956,3356,2959,2933,3171,3124,2884,8823.880597,15440.324763,8856.161972,8581.927711,11668.181818,10938.825953,8097.109827,0.055578,0.356764,-0.084468,0.067347,0.287220,0.159725,-0.017497
931650,5,open_reference,0.0212,Pinch,Pinch,2966,3374,2951,2928,3145,3115,2875,8932.152347,15910.679612,8770.454545,8530.591260,11255.789474,10807.142857,8012.295082,nan,nan,nan,nan,nan,nan,nan
931700,5,open_reference,0.0214,Pinch,Pinch,2949,3407,2930,2943,3179,3136,2883,8749.214660,16836.918605,8551.072961,8685.937500,11799.781659,11118.248175,8087.623762,nan,nan,nan,nan,nan,nan,nan
931750,5,open_reference,0.0214,Pinch,Pinch,2961,3334,2923,2946,3172,3104,2868,8877.777778,14895.663601,8479.692833,8717.493473,11684.507042,10649.445005,7947.188264,nan,nan,nan,nan,nan,nan,nan
931800,5,open_reference,0.0214,Pinch,Pinch,2958,3341,2952,2934,3157,3136,2880,8845.382586,15065.517241,8781.102362,8592.248062,11443.283582,11118.248175,8059.259259,nan,nan,nan,nan,nan,nan,nan
931850,5,open_reference,0.0214,Pinch,Pinch,2952,3339,2955,2945,3180,3125,2882,8781.102362,15016.666667,8813.157895,8706.956522,11816.393443,10953.608247,8078.153339,nan,nan,nan,nan,nan,nan,nan
931900,5,open_reference,0.0214,Pinch,Pinch,2962,3345,2942,2937,3169,3111,2872,8888.614298,15164.000000,8675.455334,8623.316062,11635.637149,10749.390244,7984.300899,nan,nan,nan,nan,nan,nan,nan
931950,5,open_reference,0.0215,Pinch,Pinch,2961,3360,2920,2928,3172,3090,2880,8877.777778,15542.857143,8449.361702,8530.591260,11684.507042,10453.731343,8059.259259,nan,nan,nan,nan,nan,nan,nan
932000,5,open_reference,0.0215,Pinch,Pinch,2954,3328,2941,2942,3161,3091,2880,8802.453988,14752.542373,8664.991334,8675.455334,11506.852248,10467.529880,8059.259259,nan,nan,nan,nan,nan,nan,nan
932050,5,open_reference,0.0215,Pinch,Pinch,2963,3346,2961,2943,3169,3104,2866,8899.469965,15188.785047,8877.777778,8685.937500,11635.637149,10649.445005,7928.722539,nan,nan,nan,nan,nan,nan,nan
932100,5,open_reference,0.0215,Pinch,Pinch,2959,3359,2938,2936,3169,3077,2882,8856.161972,15517.119565,8633.707865,8612.942192,11635.637149,10276.817289,8078.153339,nan,nan,nan,nan,nan,nan,nan
932150,5,open_reference,0.0215,Pinch,Pinch,2940,3362,2919,2944,3172,3101,2889,8654.545455,15594.542974,8439.285714,8696.437880,11684.507042,10607.042254,8144.776119,nan,nan,nan,nan,nan,nan,nan
932200,5,open_reference,0.0215,Pinch,Pinch,2950,3383,2942,2941,3173,3081,2878,8759.825328,16154.775281,8675.455334,8664.991334,11700.867679,10330.769231,8040.427280,nan,nan,nan,nan,nan,nan,nan
932250,5,open_reference,0.0215,Pinch,Pinch,2948,3371,2943,2929,3163,3065,2879,8738.622493,15830.662983,8685.937500,8540.823328,11538.841202,10117.475728,8049.835526,nan,nan,nan,nan,nan,nan,nan
932300,5,open_reference,0.0215,Pinch,Pinch,2936,3343,2943,2942,3149,3043,2882,8612.942192,15114.627660,8685.937500,8675.455334,11317.758985,9834.790875,8078.153339,nan,nan,nan,nan,nan,nan,nan
932350,5,open_reference,0.0215,Pinch,Pinch,2959,3349,2953,2937,3138,3068,2878,8856.161972,15263.538874,8791.768827,8623.316062,11148.589342,10156.962025,8040.427280,nan,nan,nan,nan,nan,nan,nan
932400,5,open_reference,0.0216,Pinch,Pinch,2952,3389,2930,2917,3150,3080,2884,8781.102362,16320.963173,8551.072961,8419.185059,11333.333333,10317.241379,8097.109827,nan,nan,nan,nan,nan,nan,nan
932450,5,open_reference,0.0216,Pinch,Pinch,2936,3397,2960,2926,3167,3092,2879,8612.942192,16546.991404,8866.960352,8510.179641,11603.232759,10481.355932,8049.835526,nan,nan,nan,nan,nan,nan,nan
932500,5,open_reference,0.0216,Pinch,Pinch,2959,3398,2977,2919,3165,3090,2866,8856.161972,16575.609756,9053.488372,8439.285714,11570.967742,10453.731343,7928.722539,nan,nan,nan,nan,nan,nan,nan
932550,5,open_reference,0.0216,Pinch,Pinch,2957,3394,2969,2910,3134,3102,2877,8834.622144,16461.626248,8965.008881,8349.367089,11088.033299,10621.148036,8031.034483,nan,nan,nan,nan,nan,nan,nan
932600,5,open_reference,0.0216,Pinch,Pinch,2946,3347,2960,2919,3152,3110,2874,8717.493473,15213.636364,8866.960352,8439.285714,11364.581124,10735.025381,8002.948403,nan,nan,nan,nan,nan,nan,nan
932650,5,open_reference,0.0216,Pinch,Pinch,2958,3357,2987,2915,3153,3118,2861,8845.382586,15465.853659,9165.884477,8399.152542,11380.254777,10850.767656,7882.820097,nan,nan,nan,nan,nan,nan,nan
932700,5,open_reference,0.0216,Pinch,Pinch,2958,3354,2949,2904,3146,3091,2878,8845.382586,15389.473684,8749.214660,8290.176322,11271.232877,10467.529880,8040.427280,nan,nan,nan,nan,nan,nan,nan
932750,5,open_reference,0.0216,Pinch,Pinch,2946,3330,2960,2915,3153,3102,2873,8717.493473,14800.000000,8866.960352,8399.152542,11380.254777,10621.148036,7993.617021,nan,nan,nan,nan,nan,nan,nan
932800,5,open_reference,0.0217,Pinch,Pinch,2949,3343,2973,2911,3155,3067,2872,8749.214660,15114.627660,9009.090909,8359.290541,11411.702128,10143.774319,7984.300899,nan,nan,nan,nan,nan,nan,nan
932850,5,open_reference,0.0217,Pinch,Pinch,2948,3343,2960,2900,3155,3089,2881,8738.622493,15114.627660,8866.960352,8251.046025,11411.702128,10439.960239,8068.698517,nan,nan,nan,nan,nan,nan,nan
932900,5,open_reference,0.0217,Pinch,Pinch,2944,3354,2948,2911,3169,3091,2864,8696.437880,15389.473684,8738.622493,8359.290541,11635.637149,10467.529880,7910.316816,nan,nan,nan,nan,nan,nan,nan
932950,5,open_reference,0.0217,Pinch,Pinch,2959,3366,3007,2907,3153,3142,2855,8856.161972,15698.765432,9396.875000,8319.696970,11380.254777,11209.653725,7828.225806,nan,nan,nan,nan,nan,nan,nan
933000,5,open_reference,0.0217,Pinch,Pinch,2961,3425,3008,2901,3178,3157,2944,8877.777778,17380.597015,9408.647654,8260.804020,11783.206107,11443.283582,8696.437880,nan,nan,nan,nan,nan,nan,nan
933050,5,open_reference,0.0217,Pinch,Pinch,2962,3480,3032,2957,3226,3246,2960,8888.614298,19239.024390,9697.836312,8834.622144,12621.864212,12999.293286,8866.960352,nan,nan,nan,nan,nan,nan,nan
933100,5,open_reference,0.0217,Pinch,Pinch,2989,3555,3030,2993,3309,3477,3009,9188.607595,22383.333333,9673.239437,9234.301270,14313.740458,19129.126214,9420.441989,nan,nan,nan,nan,nan,nan,nan
933150,5,open_reference,0.0217,Pinch,Pinch,3000,3587,3128,2957,3254,3518,2973,9315.068493,24007.480315,10998.138573,8834.622144,13155.291320,20729.982669,9009.090909,nan,nan,nan,nan,nan,nan,nan
933200,5,open_reference,0.0218,Pinch,Pinch,3011,3634,3132,2972,3241,3543,2965,9444.095941,26801.735358,11057.943925,8998.040962,12903.278689,21822.826087,8921.238938,nan,nan,nan,nan,nan,nan,nan
933250,5,open_reference,0.0218,Pinch,Pinch,2994,3604,3173,2958,3282,3544,2991,9245.776567,24956.415479,11700.867679,8845.382586,13725.461255,21868.602541,9211.413043,nan,nan,nan,nan,nan,nan,nan
933300,5,open_reference,0.0218,Pinch,Pinch,2951,3568,3259,2982,3251,3491,2993,8770.454545,23019.354839,13254.306220,9109.433962,13096.445498,19651.324503,9234.301270,nan,nan,nan,nan,nan,nan,nan
933350,5,open_reference,0.0218,Pinch,Pinch,2927,3645,3407,3003,3197,3492,3020,8520.376712,27540.000000,16836.918605,9350.000000,12104.454343,19689.552239,9551.627907,nan,nan,nan,nan,nan,nan,nan
933400,5,open_reference,0.0218,Pinch,Pinch,2950,3682,3265,2995,3174,3468,3013,8759.825328,30311.864407,13374.698795,9257.272727,11717.263844,18805.741627,9467.837338,nan,nan,nan,nan,nan,nan,nan
933450,5,open_reference,0.0218,Pinch,Pinch,2944,3664,3263,2972,3146,3421,2986,8696.437880,28903.944316,13334.375000,8998.040962,11271.232877,17257.270030,9154.553652,nan,nan,nan,nan,nan,nan,nan
933500,5,open_reference,0.0218,Pinch,Pinch,2953,3693,3196,2966,3168,3469,2993,8791.768827,31234.328358,12087.208009,8932.152347,11619.417476,18841.214058,9234.301270,nan,nan,nan,nan,nan,nan,nan
933550,5,open_reference,0.0218,Pinch,Pinch,2944,3760,3251,2962,3110,3422,2964,8696.437880,38161.194030,13096.445498,8888.614298,10735.025381,17287.964339,8910.344828,nan,nan,nan,nan,nan,nan,nan
933600,5,open_reference,0.0219,Pinch,Pinch,2944,3702,3219,2935,3133,3426,2990,8696.437880,32027.480916,12493.835616,8602.586207,11072.972973,17411.659193,9200.000000,nan,nan,nan,nan,nan,nan,nan
933650,5,open_reference,0.0219,Pinch,Pinch,2942,3710,3172,2955,3135,3444,2982,8675.455334,32763.636364,11684.507042,8813.157895,11103.125000,17987.096774,9109.433962,nan,nan,nan,nan,nan,nan,nan
933700,5,open_reference,0.0219,Pinch,Pinch,2959,3739,3177,2942,3090,3455,2971,8856.161972,35709.550562,11766.666667,8675.455334,10453.731343,18354.687500,8987.010676,nan,nan,nan,nan,nan,nan,nan
933750,5,open_reference,0.0219,Pinch,Pinch,2947,3698,3154,2928,3122,3453,2963,8728.048780,31670.528967,11395.961743,8530.591260,10909.352518,18286.915888,8899.469965,nan,nan,nan,nan,nan,nan,nan
933800,5,open_reference,0.0219,Pinch,Pinch,2949,3677,3206,2935,3109,3504,2963,8749.214660,29908.612440,12261.417323,8602.586207,10720.689655,20158.375635,8899.469965,nan,nan,nan,nan,nan,nan,nan
933850,5,open_reference,0.0219,Pinch,Pinch,2961,3778,3185,2936,3108,3450,2941,8877.777778,40521.135647,11900.000000,8612.942192,10706.382979,18186.046512,8664.991334,nan,nan,nan,nan,nan,nan,nan
933900,5,open_reference,0.0219,Pinch,Pinch,2955,3714,3148,2926,3077,3360,2945,8813.157895,33143.307087,11302.217529,8510.179641,10276.817289,15542.857143,8706.956522,nan,nan,nan,nan,nan,nan,nan
933950,5,open_reference,0.0219,Pinch,Pinch,2941,3828,3187,2936,3052,3344,2943,8664.991334,48746.067416,11933.700441,8612.942192,9948.993289,15139.280959,8685.937500,nan,nan,nan,nan,nan,nan,nan
934000,5,open_reference,0.0220,Pinch,Pinch,2944,3681,3183,2938,3064,3355,2953,8696.437880,30230.434783,11866.447368,8633.707865,10104.364694,15414.864865,8791.768827,nan,nan,nan,nan,nan,nan,nan
934050,5,open_reference,0.0220,Pinch,Pinch,2948,3624,3122,2927,3058,3375,2947,8738.622493,26160.509554,10909.352518,8520.376712,10026.229508,15937.500000,8728.048780,nan,nan,nan,nan,nan,nan,nan
934100,5,open_reference,0.0220,Pinch,Pinch,2926,3703,3175,2929,3066,3415,2959,8510.179641,32117.857143,11733.695652,8540.823328,10130.612245,17075.000000,8856.161972,nan,nan,nan,nan,nan,nan,nan
934150,5,open_reference,0.0220,Pinch,Pinch,2939,3658,3154,2927,3070,3376,2947,8644.117647,28460.411899,11395.961743,8520.376712,10183.414634,15964.394993,8728.048780,nan,nan,nan,nan,nan,nan,nan
934200,5,open_reference,0.0220,Pinch,Pinch,2943,3647,3128,2921,3046,3313,2982,8685.937500,27678.125000,10998.138573,8459.454855,9872.640610,14404.347826,9109.433962,nan,nan,nan,nan,nan,nan,nan
934250,5,open_reference,0.0220,Pinch,Pinch,2916,3549,3087,2944,3067,3331,2958,8409.160305,22100.000000,10412.500000,8696.437880,10143.774319,14823.821990,8845.382586,nan,nan,nan,nan,nan,nan,nan
934300,5,open_reference,0.0220,Pinch,Pinch,2932,3608,3109,2936,3070,3372,2924,8571.625107,25189.322382,10720.689655,8612.942192,10183.414634,15857.261411,8489.837746,nan,nan,nan,nan,nan,nan,nan
934350,5,open_reference,0.0220,Pinch,Pinch,2940,3570,3120,2921,3054,3312,2943,8654.545455,23120.000000,10880.000000,8459.454855,9974.639769,14381.609195,8685.937500,nan,nan,nan,nan,nan,nan,nan
934400,5,open_reference,0.0220,Pinch,Pinch,2924,3571,3114,2917,3062,3296,2943,8489.837746,23170.610687,10792.660550,8419.185059,10078.218780,14025.531915,8685.937500,nan,nan,nan,nan,nan,nan,nan
934450,5,open_reference,0.0221,Pinch,Pinch,2930,3606,3093,2919,3072,3311,2931,8551.072961,25072.392638,10495.209581,8439.285714,10209.970674,14358.928571,8561.340206,nan,nan,nan,nan,nan,nan,nan
934500,5,open_reference,0.0221,Pinch,Pinch,2928,3617,3124,2905,3059,3314,2927,8530.591260,25727.615063,10938.825953,8300.000000,10039.189189,14427.144686,8520.376712,nan,nan,nan,nan,nan,nan,nan
934550,5,open_reference,0.0221,Pinch,Pinch,2920,3685,3091,2906,3060,3330,2940,8449.361702,30558.536585,10467.529880,8309.840202,10052.173913,14800.000000,8654.545455,nan,nan,nan,nan,nan,nan,nan
934600,5,open_reference,0.0221,Pinch,Pinch,2930,3666,3088,2908,3059,3321,2937,8551.072961,29054.545455,10426.216485,8329.570345,10039.189189,14588.372093,8623.316062,nan,nan,nan,nan,nan,nan,nan
934650,5,open_reference,0.0221,Pinch,Pinch,2927,3633,3093,2899,3055,3291,2941,8520.376712,26736.363636,10495.209581,8241.304348,9987.500000,13917.164179,8664.991334,nan,nan,nan,nan,nan,nan,nan
934700,5,open_reference,0.0221,Pinch,Pinch,2912,3583,3078,2909,3058,3270,2945,8369.230769,23793.359375,10290.265487,8339.460371,10026.229508,13476.363636,8706.956522,nan,nan,nan,nan,nan,nan,nan
934750,5,open_reference,0.0221,Pinch,Pinch,2929,3523,3120,2915,3038,3245,2932,8540.823328,20940.909091,10880.000000,8399.152542,9772.185430,12980.000000,8571.625107,nan,nan,nan,nan,nan,nan,nan
934800,5,open_reference,0.0221,Pinch,Pinch,2921,3488,3101,2904,3024,3249,2964,8459.454855,19537.397035,10607.042254,8290.176322,9600.000000,13057.446809,8910.344828,nan,nan,nan,nan,nan,nan,nan
934850,5,open_reference,0.0221,Pinch,Pinch,2911,3524,3089,2913,3064,3343,2922,8359.290541,20983.537653,10439.960239,8379.187817,10104.364694,15114.627660,8469.565217,nan,nan,nan,nan,nan,nan,nan
934900,5,open_reference,0.0221,Pinch,Pinch,2916,3535,3074,2898,3037,3324,2925,8409.160305,21462.500000,10236.630754,8231.578947,9759.735350,14658.365759,8500.000000,nan,nan,nan,nan,nan,nan,nan
934950,5,open_reference,0.0222,Pinch,Pinch,2915,3594,3093,2892,3007,3310,2939,8399.152542,24390.419162,10495.209581,8173.566085,9396.875000,14336.305732,8644.117647,nan,nan,nan,nan,nan,nan,nan
935000,5,open_reference,0.0222,Pinch,Pinch,2914,3562,3076,2889,3022,3214,2909,8389.161727,22721.951220,10263.395486,8144.776119,9575.768872,12403.632236,8339.460371,nan,nan,nan,nan,nan,nan,nan
935050,5,open_reference,0.0222,Pinch,Pinch,2919,3536,3088,2893,3026,3253,2902,8439.285714,21506.976744,10426.216485,8183.194676,9624.321796,13135.629454,8270.578374,nan,nan,nan,nan,nan,nan,nan
935100,5,open_reference,0.0222,Pinch,Pinch,2910,3520,3084,2878,3002,3191,2919,8349.367089,20813.913043,10371.513353,8040.427280,9338.334858,12001.548673,8439.285714,nan,nan,nan,nan,nan,nan,nan
935150,5,open_reference,0.0222,Pinch,Pinch,2898,3503,3093,2896,3001,3268,2896,8231.578947,20118.581081,10495.209581,8212.176814,9326.691042,13435.550181,8212.176814,nan,nan,nan,nan,nan,nan,nan
935200,5,open_reference,0.0222,Pinch,Pinch,2914,3511,3082,2902,2996,3224,2888,8389.161727,20440.753425,10344.323791,8270.578374,9268.789809,12585.074627,8135.211268,nan,nan,nan,nan,nan,nan,nan
935250,5,open_reference,0.0222,Pinch,Pinch,2910,3586,3080,2890,2976,3202,2894,8349.367089,23953.634578,10317.241379,8154.356846,9042.359249,12191.265398,8192.839301,nan,nan,nan,nan,nan,nan,nan
935300,5,open_reference,0.0222,Pinch,Pinch,2898,3564,3053,2897,3002,3250,2895,8231.578947,22820.338983,9961.804223,8221.869783,9338.334858,13076.923077,8202.500000,nan,nan,nan,nan,nan,nan,nan
935350,5,open_reference,0.0223,Pinch,Pinch,2914,3584,3075,2895,2994,3262,2880,8389.161727,23846.575342,10250.000000,8202.500000,9245.776567,13314.285714,8059.259259,nan,nan,nan,nan,nan,nan,nan
935400,5,open_reference,0.0223,Pinch,Pinch,2913,3543,3088,2880,2979,3215,2895,8379.187817,21822.826087,10426.216485,8059.259259,9075.806452,12421.590909,8202.500000,nan,nan,nan,nan,nan,nan,nan
935450,5,open_reference,0.0223,Pinch,Pinch,2900,3507,3074,2895,2997,3276,2895,8251.046025,20278.571429,10236.630754,8202.500000,9280.327869,13600.000000,8202.500000,nan,nan,nan,nan,nan,nan,nan
935500,5,open_reference,0.0223,Pinch,Pinch,2930,3545,3064,2907,2971,3247,2891,8551.072961,21914.545455,10104.364694,8319.696970,8987.010676,13018.632075,8163.953488,nan,nan,nan,nan,nan,nan,nan
935550,5,open_reference,0.0223,Pinch,Pinch,2935,3503,3049,2897,2954,3232,2896,8602.586207,20118.581081,9910.707457,8221.869783,8802.453988,12733.256083,8212.176814,nan,nan,nan,nan,nan,nan,nan
935600,5,open_reference,0.0223,Pinch,Pinch,2923,3474,3041,2911,2980,3226,2893,8479.692833,19020.289855,9809.677419,8359.290541,9086.995516,12621.864212,8183.194676,nan,nan,nan,nan,nan,nan,nan
935650,5,open_reference,0.0223,Pinch,Pinch,2948,3473,3055,2907,2988,3224,2882,8738.622493,18984.244373,9987.500000,8319.696970,9177.235772,12585.074627,8078.153339,nan,nan,nan,nan,nan,nan,nan
935700,5,open_reference,0.0223,Pinch,Pinch,2940,3470,3046,2890,2988,3222,2896,8654.545455,18876.800000,9872.640610,8154.356846,9177.235772,12548.453608,8212.176814,nan,nan,nan,nan,nan,nan,nan
935750,5,open_reference,0.0223,Pinch,Pinch,2922,3457,3046,2899,2983,3249,2881,8469.565217,18422.884013,9872.640610,8241.304348,9120.683453,13057.446809,8068.698517,nan,nan,nan,nan,nan,nan,nan
935800,5,open_reference,0.0224,Pinch,Pinch,2927,3492,3058,2898,2983,3228,2868,8520.376712,19689.552239,10026.229508,8231.578947,9120.683453,12658.823529,7947.188264,nan,nan,nan,nan,nan,nan,nan
935850,5,open_reference,0.0224,Pinch,Pinch,2908,3526,3087,2889,2959,3253,2884,8329.570345,21069.244288,10412.500000,8144.776119,8856.161972,13135.629454,8097.109827,nan,nan,nan,nan,nan,nan,nan
935900,5,open_reference,0.0224,Pinch,Pinch,2901,3523,3095,2895,2981,3250,2873,8260.804020,20940.909091,10523.000000,8202.500000,9098.204668,13076.923077,7993.617021,nan,nan,nan,nan,nan,nan,nan
935950,5,open_reference,0.0224,Pinch,Pinch,2908,3485,3106,2898,2976,3251,2840,8329.570345,19424.590164,10677.856421,8231.578947,9042.359249,13096.445498,7694.023904,nan,nan,nan,nan,nan,nan,nan
936000,5,open_reference,0.0224,Pinch,Pinch,2917,3418,3092,2894,2967,3200,2859,8419.185059,17165.731167,10481.355932,8192.839301,8943.085106,12156.424581,7864.563107,nan,nan,nan,nan,nan,nan,nan
936050,5,open_reference,0.0224,Pinch,Pinch,2910,3415,3065,2897,2973,3215,2869,8349.367089,17075.000000,10117.475728,8221.869783,9009.090909,12421.590909,7956.443719,nan,nan,nan,nan,nan,nan,nan
936100,5,open_reference,0.0224,Pinch,Pinch,2918,3413,3054,2883,2967,3214,2858,8429.226848,17014.956012,9974.639769,8087.623762,8943.085106,12403.632236,7855.456750,nan,nan,nan,nan,nan,nan,nan
936150,5,open_reference,0.0224,Pinch,Pinch,2917,3410,3028,2878,2957,3211,2867,8419.185059,16925.547445,9648.734770,8040.427280,8834.622144,12350.000000,7937.947883,nan,nan,nan,nan,nan,nan,nan
936200,5,open_reference,0.0224,Pinch,Pinch,2915,3446,3027,2888,2966,3196,2864,8399.152542,18053.004622,9636.516854,8135.211268,8932.152347,12087.208009,7910.316816,nan,nan,nan,nan,nan,nan,nan
936250,5,open_reference,0.0225,Pinch,Pinch,2928,3457,3038,2891,2954,3155,2864,8530.591260,18422.884013,9772.185430,8163.953488,8802.453988,11411.702128,7910.316816,nan,nan,nan,nan,nan,nan,nan
936300,5,open_reference,0.0225,Pinch,Pinch,2920,3455,3054,2884,2931,3158,2878,8449.361702,18354.687500,9974.639769,8097.109827,8561.340206,11459.124867,8040.427280,nan,nan,nan,nan,nan,nan,nan
936350,5,open_reference,0.0225,Pinch,Pinch,2907,3466,3054,2891,2965,3172,2881,8319.696970,18735.135135,9974.639769,8163.953488,8921.238938,11684.507042,8068.698517,nan,nan,nan,nan,nan,nan,nan
936400,5,open_reference,0.0225,Pinch,Pinch,2922,3511,3049,2896,2974,3182,2868,8469.565217,20440.753425,9910.707457,8212.176814,9020.160571,11849.726177,7947.188264,nan,nan,nan,nan,nan,nan,nan
936450,5,open_reference,0.0225,Pinch,Pinch,2921,3491,3056,2894,2959,3201,2895,8459.454855,19651.324503,10000.384986,8192.839301,8856.161972,12173.825503,8202.500000,nan,nan,nan,nan,nan,nan,nan
936500,5,open_reference,0.0225,Pinch,Pinch,2914,3453,3036,2895,2972,3180,2910,8389.161727,18286.915888,9747.308782,8202.500000,8998.040962,11816.393443,8349.367089,nan,nan,nan,nan,nan,nan,nan
936550,5,open_reference,0.0225,Pinch,Pinch,2921,3444,3039,2886,2992,3183,2911,8459.454855,17987.096774,9784.659091,8116.129032,9222.846782,11866.447368,8359.290541,nan,nan,nan,nan,nan,nan,nan
936600,5,open_reference,0.0225,Pinch,Pinch,2923,3467,3030,2890,2969,3183,2939,8479.692833,18770.382166,9673.239437,8154.356846,8965.008881,11866.447368,8644.117647,nan,nan,nan,nan,nan,nan,nan
936650,5,open_reference,0.0225,Pinch,Pinch,2906,3472,3016,2899,2984,3204,2938,8309.840202,18948.314607,9503.614458,8241.304348,9131.953195,12226.262626,8633.707865,nan,nan,nan,nan,nan,nan,nan
936700,5,open_reference,0.0226,Pinch,Pinch,2917,3460,3050,2899,2995,3211,2928,8419.185059,18525.984252,9923.444976,8241.304348,9257.272727,12350.000000,8530.591260,nan,nan,nan,nan,nan,nan,nan
936750,5,open_reference,0.0226,Pinch,Pinch,2910,3438,3055,2879,2995,3187,2933,8349.367089,17791.780822,9987.500000,8049.835526,9257.272727,11933.700441,8581.927711,nan,nan,nan,nan,nan,nan,nan
936800,5,open_reference,0.0432,Pinch,Pinch,2898,3423,3036,2901,3011,3178,2909,8231.578947,17318.750000,9747.308782,8260.804020,9444.095941,11783.206107,8339.460371,nan,nan,nan,nan,nan,nan,nan
936850,5,open_reference,0.0846,Pinch,Pinch,2910,3432,3031,2893,3007,3139,2889,8349.367089,17600.000000,9685.526316,8183.194676,9396.875000,11163.807531,8144.776119,nan,nan,nan,nan,nan,nan,nan
936900,5,open_reference,0.1479,Pinch,Pinch,2902,3407,3054,2880,2991,3189,2892,8270.578374,16836.918605,9974.639769,8059.259259,9211.413043,11967.549669,8173.566085,nan,nan,nan,nan,nan,nan,nan
936950,5,open_reference,0.1901,Pinch,Pinch,2892,3415,3040,2896,2993,3224,2873,8173.566085,17075.000000,9797.156398,8212.176814,9234.301270,12585.074627,7993.617021,nan,nan,nan,nan,nan,nan,nan
937000,5,open_reference,0.2323,Pinch,Pinch,2914,3449,3050,2899,2999,3210,2866,8389.161727,18152.631579,9923.444976,8241.304348,9303.467153,12332.203390,7928.722539,nan,nan,nan,nan,nan,nan,nan
937050,5,open_reference,0.2746,Pinch,Pinch,2907,3454,3040,2878,2993,3190,2874,8319.696970,18320.748830,9797.156398,8040.427280,9234.301270,11984.530387,8002.948403,nan,nan,nan,nan,nan,nan,nan
937100,5,open_reference,0.3583,Pinch,Pinch,2891,3432,3028,2895,3000,3206,2868,8163.953488,17600.000000,9648.734770,8202.500000,9315.068493,12261.417323,7947.188264,nan,nan,nan,nan,nan,nan,nan
937150,5,open_reference,0.3996,Pinch,Pinch,2895,3438,3044,2891,3012,3168,2863,8202.500000,17791.780822,9847.383444,8163.953488,9455.955679,11619.417476,7901.136364,nan,nan,nan,nan,nan,nan,nan
937200,5,open_reference,0.4615,Pinch,Pinch,2897,3430,3023,2881,2992,3145,2865,8221.869783,17536.842105,9587.873134,8068.698517,9222.846782,11255.789474,7919.512195,nan,nan,nan,nan,nan,nan,nan
937250,5,open_reference,0.4824,Pinch,Pinch,2899,3398,3023,2889,2994,3155,2864,8241.304348,16575.609756,9587.873134,8144.776119,9245.776567,11411.702128,7910.316816,nan,nan,nan,nan,nan,nan,nan
937300,5,open_reference,0.5444,Pinch,Pinch,2910,3409,3038,2888,2991,3149,2854,8349.367089,16895.918367,9772.185430,8135.211268,9211.413043,11317.758985,7819.178082,nan,nan,nan,nan,nan,nan,nan
937350,5,open_reference,0.6065,Pinch,Pinch,2901,3393,3039,2874,3002,3146,2878,8260.804020,16433.333333,9784.659091,8002.948403,9338.334858,11271.232877,8040.427280,nan,nan,nan,nan,nan,nan,nan
937400,5,open_reference,0.6271,Pinch,Pinch,2898,3388,3040,2880,2989,3160,2869,8231.578947,16293.069307,9797.156398,8059.259259,9188.607595,11490.909091,7956.443719,nan,nan,nan,nan,nan,nan,nan
937450,5,open_reference,0.6901,Pinch,Pinch,2911,3406,3053,2885,2993,3169,2871,8359.290541,16807.547170,9961.804223,8106.611570,9234.301270,11635.637149,7975.000000,nan,nan,nan,nan,nan,nan,nan
937500,5,open_reference,0.7526,Pinch,Pinch,2903,3434,3036,2874,2965,3166,2880,8280.369128,17663.540091,9747.308782,8002.948403,8921.238938,11587.082885,8059.259259,nan,nan,nan,nan,nan,nan,nan
937550,5,open_reference,0.7943,Pinch,Pinch,2896,3427,3025,2895,2976,3203,2873,8212.176814,17442.814371,9612.149533,8202.500000,9042.359249,12208.744395,7993.617021,nan,nan,nan,nan,nan,nan,nan
937600,5,open_reference,0.8564,Pinch,Pinch,2910,3419,3026,2877,3003,3199,2862,8349.367089,17196.153846,9624.321796,8031.034483,9350.000000,12139.062500,7891.970803,nan,nan,nan,nan,nan,nan,nan
937650,5,open_reference,0.8778,Pinch,Pinch,2914,3436,3029,2875,2964,3153,2868,8389.161727,17727.465857,9660.975610,8012.295082,8910.344828,11380.254777,7947.188264,nan,nan,nan,nan,nan,nan,nan
937700,5,open_reference,0.9205,Pinch,Pinch,2904,3440,3025,2882,2985,3206,2860,8290.176322,17856.488550,9612.149533,8078.153339,9143.243243,12261.417323,7873.684211,nan,nan,nan,nan,nan,nan,nan
937750,5,open_reference,0.9838,Pinch,Pinch,2917,3424,3025,2895,2986,3155,2860,8419.185059,17349.627422,9612.149533,8202.500000,9154.553652,11411.702128,7873.684211,nan,nan,nan,nan,nan,nan,nan
937800,5,open_reference,1.0474,Pinch,Pinch,2941,3423,3024,2888,2969,3173,2880,8664.991334,17318.750000,9600.000000,8135.211268,8965.008881,11700.867679,8059.259259,nan,nan,nan,nan,nan,nan,nan
937850,5,open_reference,1.0895,Pinch,Pinch,2929,3403,3009,2891,2968,3179,2866,8540.823328,16719.942197,9420.441989,8163.953488,8954.037267,11799.781659,7928.722539,nan,nan,nan,nan,nan,nan,nan
937900,5,open_reference,1.1525,Pinch,Pinch,2931,3466,3008,2890,2955,3186,2870,8561.340206,18735.135135,9408.647654,8154.356846,8813.157895,11916.831683,7965.714286,nan,nan,nan,nan,nan,nan,nan
937950,5,open_reference,1.1943,Pinch,Pinch,2926,3431,3001,2876,2939,3175,2872,8510.179641,17568.373494,9326.691042,8021.657096,8644.117647,11733.695652,7984.300899,nan,nan,nan,nan,nan,nan,nan
938000,5,open_reference,1.2364,Pinch,Pinch,2921,3458,2987,2885,2958,3181,2872,8459.454855,18457.142857,9165.884477,8106.611570,8845.382586,11833.041575,7984.300899,nan,nan,nan,nan,nan,nan,nan
938050,5,open_reference,1.2991,Pinch,Pinch,2934,3477,2985,2889,2968,3165,2869,8592.248062,19129.126214,9143.243243,8144.776119,8954.037267,11570.967742,7956.443719,nan,nan,nan,nan,nan,nan,nan
938100,5,open_reference,1.3201,Pinch,Pinch,2926,3448,2990,2883,2949,3133,2873,8510.179641,18119.319938,9200.000000,8087.623762,8749.214660,11072.972973,7993.617021,nan,nan,nan,nan,nan,nan,nan
938150,5,open_reference,1.3833,Pinch,Pinch,2912,3477,2980,2886,2960,3133,2875,8369.230769,19129.126214,9086.995516,8116.129032,8866.960352,11072.972973,8012.295082,nan,nan,nan,nan,nan,nan,nan
938200,5,open_reference,1.4455,Pinch,Pinch,2920,3492,2987,2888,2963,3145,2868,8449.361702,19689.552239,9165.884477,8135.211268,8899.469965,11255.789474,7947.188264,nan,nan,nan,nan,nan,nan,nan
938250,5,open_reference,1.4873,Pinch,Pinch,2919,3480,2995,2880,2975,3157,2887,8439.285714,19239.024390,9257.272727,8059.259259,9031.250000,11443.283582,8125.662252,nan,nan,nan,nan,nan,nan,nan
938300,5,open_reference,1.5487,Pinch,Pinch,2903,3489,3000,2889,2988,3159,2908,8280.369128,19575.247525,9315.068493,8144.776119,9177.235772,11475.000000,8329.570345,nan,nan,nan,nan,nan,nan,nan
938350,5,open_reference,1.5913,Pinch,Pinch,2911,3560,2991,2896,2999,3203,2896,8359.290541,22624.299065,9211.413043,8212.176814,9303.467153,12208.744395,8212.176814,nan,nan,nan,nan,nan,nan,nan
938400,5,open_reference,1.6338,Pinch,Pinch,2902,3645,3002,2897,3028,3251,2957,8270.578374,27540.000000,9338.334858,8221.869783,9648.734770,13096.445498,8834.622144,nan,nan,nan,nan,nan,nan,nan
938450,5,open_reference,1.6966,Pinch,Pinch,2889,3686,3001,2899,3062,3222,2957,8144.776119,30641.564792,9326.691042,8241.304348,10078.218780,12548.453608,8834.622144,nan,nan,nan,nan,nan,nan,nan
938500,5,open_reference,1.7388,Pinch,Pinch,2900,3810,3022,2893,3048,3245,2931,8251.046025,45452.631579,9575.768872,8183.194676,9897.994269,12980.000000,8561.340206,nan,nan,nan,nan,nan,nan,nan
938550,5,open_reference,1.7809,Pinch,Pinch,2915,3766,3026,2883,3052,3259,2929,8399.152542,38919.148936,9624.321796,8087.623762,9948.993289,13254.306220,8540.823328,nan,nan,nan,nan,nan,nan,nan
938600,5,open_reference,1.8439,Pinch,Pinch,2899,3670,3021,2895,3032,3285,2930,8241.304348,29360.000000,9563.687151,8202.500000,9697.836312,13788.888889,8551.072961,nan,nan,nan,nan,nan,nan,nan
938650,5,open_reference,1.8855,Pinch,Pinch,2913,3646,3020,2880,3019,3210,2925,8379.187817,27608.908686,9551.627907,8059.259259,9539.591078,12332.203390,8500.000000,nan,nan,nan,nan,nan,nan,nan
938700,5,open_reference,1.9277,Pinch,Pinch,2914,3569,3013,2868,3014,3209,2925,8389.161727,23069.581749,9467.837338,7947.188264,9479.740981,12314.446953,8500.000000,nan,nan,nan,nan,nan,nan,nan
938750,5,open_reference,1.9905,Pinch,Pinch,2907,3539,3011,2876,3032,3175,2916,8319.696970,21641.366906,9444.095941,8021.657096,9697.836312,11733.695652,8409.160305,nan,nan,nan,nan,nan,nan,nan
938800,5,open_reference,2.0542,Pinch,Pinch,2917,3560,3021,2877,3012,3183,2897,8419.185059,22624.299065,9563.687151,8031.034483,9455.955679,11866.447368,8221.869783,nan,nan,nan,nan,nan,nan,nan
938850,5,open_reference,2.0959,Pinch,Pinch,2917,3525,3022,2869,3001,3182,2915,8419.185059,21026.315789,9575.768872,7956.443719,9326.691042,11849.726177,8399.152542,nan,nan,nan,nan,nan,nan,nan
938900,5,open_reference,2.1593,Pinch,Pinch,2905,3602,3010,2883,3014,3232,2925,8300.000000,24841.379310,9432.258065,8087.623762,9479.740981,12733.256083,8500.000000,nan,nan,nan,nan,nan,nan,nan
938950,5,open_reference,2.1811,Pinch,Pinch,2919,3651,3019,2873,3009,3192,2901,8439.285714,27958.108108,9539.591078,7993.617021,9420.441989,12018.604651,8260.804020,nan,nan,nan,nan,nan,nan,nan
939000,5,open_reference,2.2443,Pinch,Pinch,2920,3597,3018,2870,3019,3190,2914,8449.361702,24557.831325,9527.576602,7965.714286,9539.591078,11984.530387,8389.161727,nan,nan,nan,nan,nan,nan,nan
939050,5,open_reference,2.2866,Pinch,Pinch,2910,3578,3017,2878,3037,3199,2911,8349.367089,23530.367505,9515.584416,8040.427280,9759.735350,12139.062500,8359.290541,nan,nan,nan,nan,nan,nan,nan
939100,5,open_reference,2.3491,Pinch,Pinch,2939,3547,3032,2877,3023,3216,2906,8644.117647,22006.934307,9697.836312,8031.034483,9587.873134,12439.590444,8309.840202,nan,nan,nan,nan,nan,nan,nan
939150,5,open_reference,2.3700,Pinch,Pinch,2934,3508,3019,2866,3019,3155,2904,8592.248062,20318.909710,9539.591078,7928.722539,9539.591078,11411.702128,8290.176322,nan,nan,nan,nan,nan,nan,nan
939200,5,open_reference,2.4356,Pinch,Pinch,2917,3527,3005,2887,3029,3163,2924,8419.185059,21112.323944,9373.394495,8125.662252,9660.975610,11538.841202,8489.837746,nan,nan,nan,nan,nan,nan,nan
939250,5,open_reference,2.4985,Pinch,Pinch,2919,3525,3022,2869,3024,3172,2909,8439.285714,21026.315789,9575.768872,7956.443719,9600.000000,11684.507042,8339.460371,nan,nan,nan,nan,nan,nan,nan
939300,5,open_reference,2.5401,Pinch,Pinch,2932,3498,3021,2864,3009,3157,2909,8571.625107,19921.608040,9563.687151,7910.316816,9420.441989,11443.283582,8339.460371,nan,nan,nan,nan,nan,nan,nan
939350,5,open_reference,2.6029,Pinch,Pinch,2962,3555,3026,2877,3025,3157,2929,8888.614298,22383.333333,9624.321796,8031.034483,9612.149533,11443.283582,8540.823328,nan,nan,nan,nan,nan,nan,nan
939400,5,open_reference,2.6448,Pinch,Pinch,2958,3521,3046,2865,2994,3146,2909,8845.382586,20856.097561,9872.640610,7919.512195,9245.776567,11271.232877,8339.460371,nan,nan,nan,nan,nan,nan,nan
939450,5,open_reference,2.7078,Pinch,Pinch,2954,3484,3031,2855,2982,3127,2921,8802.453988,19387.234043,9685.526316,7828.225806,9109.433962,10983.264463,8459.454855,nan,nan,nan,nan,nan,nan,nan
939500,5,open_reference,2.7500,Pinch,Pinch,2949,3459,3037,2865,3005,3133,2927,8749.214660,18491.509434,9759.735350,7919.512195,9373.394495,11072.972973,8520.376712,nan,nan,nan,nan,nan,nan,nan
939550,5,open_reference,2.7915,Pinch,Pinch,2956,3463,3059,2864,2990,3143,2921,8823.880597,18630.063291,10039.189189,7910.316816,9200.000000,11225.000000,8459.454855,nan,nan,nan,nan,nan,nan,nan
939600,5,open_reference,2.8339,Pinch,Pinch,2970,3517,3059,2852,2966,3102,2935,8976.000000,20688.235294,10039.189189,7801.126307,8932.152347,10621.148036,8602.586207,nan,nan,nan,nan,nan,nan,nan
939650,5,open_reference,2.8775,Pinch,Pinch,2960,3569,3051,2850,2970,3114,2936,8866.960352,23069.581749,9936.206897,7783.132530,8976.000000,10792.660550,8612.942192,nan,nan,nan,nan,nan,nan,nan
939700,5,open_reference,2.9406,Pinch,Pinch,2968,3570,3039,2845,2986,3117,2907,8954.037267,23120.000000,9784.659091,7738.400000,9154.553652,10836.196319,8319.696970,nan,nan,nan,nan,nan,nan,nan
939750,5,open_reference,2.9832,Pinch,Pinch,2961,3541,3058,2838,2978,3091,2919,8877.777778,21731.768953,10026.229508,7676.372315,9064.637422,10467.529880,8439.285714,nan,nan,nan,nan,nan,nan,nan
939800,5,open_reference,3.0296,Pinch,Pinch,2926,3527,3041,2837,2991,3111,2911,8510.179641,21112.323944,9809.677419,7667.567568,9211.413043,10749.390244,8359.290541,nan,nan,nan,nan,nan,nan,nan
939850,5,open_reference,3.0961,Pinch,Pinch,2929,3528,3048,2848,2979,3093,2900,8540.823328,21155.555556,9897.994269,7765.196472,9075.806452,10495.209581,8251.046025,nan,nan,nan,nan,nan,nan,nan
939900,5,open_reference,3.1645,Pinch,Pinch,2914,3523,3035,2843,2978,3110,2901,8389.161727,20940.909091,9734.905660,7720.607029,9064.637422,10735.025381,8260.804020,nan,nan,nan,nan,nan,nan,nan
939950,5,open_reference,3.1958,Pinch,Pinch,2907,3466,3035,2858,2991,3095,2896,8319.696970,18735.135135,9734.905660,7855.456750,9211.413043,10523.000000,8212.176814,nan,nan,nan,nan,nan,nan,nan
940000,5,open_reference,3.2412,Pinch,Pinch,2912,3489,3040,2857,2988,3060,2882,8369.230769,19575.247525,9797.156398,7846.365105,9177.235772,10052.173913,8078.153339,nan,nan,nan,nan,nan,nan,nan
940050,5,open_reference,3.2826,Pinch,Pinch,2908,3422,3047,2839,2981,3058,2887,8329.570345,17287.964339,9885.305344,7685.191083,9098.204668,10026.229508,8125.662252,nan,nan,nan,nan,nan,nan,nan
940100,5,open_reference,3.3243,Pinch,Pinch,2900,3464,3022,2858,2981,3062,2880,8251.046025,18664.976228,9575.768872,7855.456750,9098.204668,10078.218780,8059.259259,nan,nan,nan,nan,nan,nan,nan
940150,5,open_reference,3.4282,Pinch,Pinch,2913,3461,3027,2847,2977,3043,2881,8379.187817,18560.567823,9636.516854,7756.250000,9053.488372,9834.790875,8068.698517,nan,nan,nan,nan,nan,nan,nan
940200,5,open_reference,3.4701,Pinch,Pinch,2911,3464,3035,2839,2967,3029,2883,8359.290541,18664.976228,9734.905660,7685.191083,8943.085106,9660.975610,8087.623762,nan,nan,nan,nan,nan,nan,nan
940250,5,open_reference,3.5116,Pinch,Pinch,2901,3446,3019,2843,2972,3056,2885,8260.804020,18053.004622,9539.591078,7720.607029,8998.040962,10000.384986,8106.611570,nan,nan,nan,nan,nan,nan,nan
940300,5,open_reference,3.5330,Pinch,Pinch,2912,3484,3016,2857,2961,3058,2877,8369.230769,19387.234043,9503.614458,7846.365105,8877.777778,10026.229508,8031.034483,nan,nan,nan,nan,nan,nan,nan
940350,5,open_reference,3.5960,Pinch,Pinch,2909,3469,3024,2847,2960,3037,2877,8339.460371,18841.214058,9600.000000,7756.250000,8866.960352,9759.735350,8031.034483,nan,nan,nan,nan,nan,nan,nan
940400,5,open_reference,3.6391,Pinch,Pinch,2900,3417,3024,2859,2991,3033,2875,8251.046025,17135.398230,9600.000000,7864.563107,9211.413043,9710.169492,8012.295082,nan,nan,nan,nan,nan,nan,nan
940450,5,open_reference,3.7026,Pinch,Pinch,2896,3440,3033,2851,2990,3041,2868,8212.176814,17856.488550,9710.169492,7792.122186,9200.000000,9809.677419,7947.188264,nan,nan,nan,nan,nan,nan,nan
940500,5,open_reference,3.7443,Pinch,Pinch,2900,3469,3038,2841,2958,3034,2866,8251.046025,18841.214058,9772.185430,7702.870813,8845.382586,9722.525919,7928.722539,nan,nan,nan,nan,nan,nan,nan
940550,5,open_reference,3.8070,Pinch,Pinch,2896,3425,3026,2863,2974,3044,2867,8212.176814,17380.597015,9624.321796,7901.136364,9020.160571,9847.383444,7937.947883,nan,nan,nan,nan,nan,nan,nan
940600,5,open_reference,3.8284,Pinch,Pinch,2905,3421,3043,2863,2977,3054,2855,8300.000000,17257.270030,9834.790875,7901.136364,9053.488372,9974.639769,7828.225806,nan,nan,nan,nan,nan,nan,nan
940650,5,open_reference,3.8707,Pinch,Pinch,2901,3472,3030,2850,2975,3049,2863,8260.804020,18948.314607,9673.239437,7783.132530,9031.250000,9910.707457,7901.136364,nan,nan,nan,nan,nan,nan,nan
940700,5,open_reference,3.9126,Pinch,Pinch,2891,3421,3023,2863,2965,3036,2864,8163.953488,17257.270030,9587.873134,7901.136364,8921.238938,9747.308782,7910.316816,nan,nan,nan,nan,nan,nan,nan
940750,5,open_reference,3.9959,Pinch,Pinch,2902,3433,3038,2863,2978,3021,2855,8270.578374,17631.722054,9772.185430,7901.136364,9064.637422,9563.687151,7828.225806,nan,nan,nan,nan,nan,nan,nan
940800,5,posture_hold,0.0212,Pinch,Pinch,2899,3475,3027,2850,2969,3011,2866,8241.304348,19056.451613,9636.516854,7783.132530,8965.008881,9444.095941,7928.722539,-0.019380,-0.035040,-0.004429,-0.009781,-0.021917,-0.115563,-0.040200
940850,5,posture_hold,0.0624,Pinch,Pinch,2893,3540,3013,2857,2995,3019,2865,8183.194676,21686.486486,9467.837338,7846.365105,9257.272727,9539.591078,7919.512195,-0.026294,0.098137,-0.021855,-0.001736,0.009969,-0.106620,-0.041315
940900,5,posture_hold,0.1041,Pinch,Pinch,2914,3504,3021,2870,3003,3032,2851,8389.161727,20158.375635,9563.687151,7965.714286,9350.000000,9697.836312,7792.122186,-0.001786,0.020759,-0.011953,0.013448,0.020086,-0.091800,-0.056736
940950,5,posture_hold,0.1460,Pinch,Pinch,2904,3494,3030,2865,2986,3028,2858,8290.176322,19766.389351,9673.239437,7919.512195,9154.553652,9648.734770,7855.456750,-0.013564,0.000910,-0.000635,0.007570,-0.001237,-0.096399,-0.049069
941000,5,posture_hold,0.2086,Pinch,Pinch,2903,3539,3011,2878,2988,3023,2872,8280.369128,21641.366906,9444.095941,8040.427280,9177.235772,9587.873134,7984.300899,-0.014731,0.095853,-0.024308,0.022954,0.001237,-0.102098,-0.033472
941050,5,posture_hold,0.2504,Pinch,Pinch,2914,3547,3028,2867,2985,3035,2866,8389.161727,22006.934307,9648.734770,7937.947883,9143.243243,9734.905660,7928.722539,-0.001786,0.114364,-0.003166,0.009916,-0.002471,-0.088329,-0.040200
941100,5,posture_hold,0.3131,Pinch,Pinch,2915,3565,3017,2856,2974,3034,2864,8399.152542,22869.811321,9515.584416,7837.288136,9020.160571,9722.525919,7910.316816,-0.000597,0.158057,-0.016922,-0.002891,-0.015900,-0.089488,-0.042428
941150,5,posture_hold,0.3552,Pinch,Pinch,2906,3562,3018,2865,2980,3044,2866,8309.840202,22721.951220,9527.576602,7919.512195,9086.995516,9847.383444,7928.722539,-0.011225,0.150570,-0.015683,0.007570,-0.008608,-0.077795,-0.040200
941200,5,posture_hold,0.3971,Pinch,Pinch,2910,3505,3024,2862,2980,3046,2859,8349.367089,20198.305085,9600.000000,7891.970803,9086.995516,9872.640610,7864.563107,-0.006521,0.022780,-0.008201,0.004066,-0.008608,-0.075430,-0.047966
941250,5,posture_hold,0.4605,Pinch,Pinch,2906,3611,3019,2853,2965,3050,2869,8309.840202,25366.528926,9539.591078,7810.144928,8921.238938,9923.444976,7956.443719,-0.011225,0.284483,-0.014442,-0.006344,-0.026692,-0.070672,-0.036844
941300,5,posture_hold,0.5018,Pinch,Pinch,2926,3536,3006,2870,2971,3064,2880,8510.179641,21506.976744,9385.123967,7965.714286,8987.010676,10104.364694,8059.259259,0.012614,0.089048,-0.030401,0.013448,-0.019516,-0.053729,-0.024398
941350,5,posture_hold,0.5630,Pinch,Pinch,2960,3531,3018,2869,2966,3088,2867,8866.960352,21286.170213,9527.576602,7956.443719,8932.152347,10426.216485,7937.947883,0.055066,0.077867,-0.015683,0.012269,-0.025501,-0.023588,-0.039083
941400,5,posture_hold,0.6464,Pinch,Pinch,2951,3550,3017,2857,2958,3047,2885,8770.454545,22146.788991,9515.584416,7846.365105,8845.382586,9885.305344,8106.611570,0.043583,0.121446,-0.016922,-0.001736,-0.034968,-0.074244,-0.018666
941450,5,posture_hold,0.6878,Pinch,Pinch,2947,3499,2996,2868,2956,3046,2898,8728.048780,19960.738255,9268.789809,7947.188264,8823.880597,9872.640610,8231.578947,0.038537,0.010751,-0.042419,0.011091,-0.037314,-0.075430,-0.003538
941500,5,posture_hold,0.7089,Pinch,Pinch,2935,3463,3022,2865,2953,3039,2904,8602.586207,18630.063291,9575.768872,7919.512195,8791.768827,9784.659091,8290.176322,0.023609,-0.056631,-0.010705,0.007570,-0.040817,-0.083669,0.003556
941550,5,posture_hold,0.7709,Pinch,Pinch,2929,3553,3014,2859,2948,3013,2917,8540.823328,22288.191882,9479.740981,7864.563107,8738.622493,9467.837338,8419.185059,0.016260,0.128606,-0.020625,0.000579,-0.046615,-0.113340,0.019173
941600,5,posture_hold,0.8131,Pinch,Pinch,2920,3505,3005,2865,2959,3043,2922,8449.361702,20198.305085,9373.394495,7919.512195,8856.161972,9834.790875,8469.565217,0.005377,0.022780,-0.031612,0.007570,-0.033792,-0.078974,0.025271
941650,5,posture_hold,0.8550,Pinch,Pinch,2934,3460,3015,2865,2960,3037,2928,8592.248062,18525.984252,9491.666667,7919.512195,8866.960352,9759.735350,8530.591260,0.022379,-0.061901,-0.019393,0.007570,-0.032614,-0.086003,0.032659
941700,5,posture_hold,0.9186,Pinch,Pinch,2948,3438,3014,2850,2956,3036,2922,8738.622493,17791.780822,9479.740981,7783.132530,8823.880597,9747.308782,8469.565217,0.039796,-0.099079,-0.020625,-0.009781,-0.037314,-0.087167,0.025271
941750,5,posture_hold,0.9612,Pinch,Pinch,2952,3433,3020,2865,2958,3056,2922,8781.102362,17631.722054,9551.627907,7919.512195,8845.382586,10000.384986,8469.565217,0.044850,-0.107184,-0.013199,0.007570,-0.034968,-0.063467,0.025271
941800,5,posture_hold,1.0029,Pinch,Pinch,2952,3460,3026,2863,2947,3036,2909,8781.102362,18525.984252,9624.321796,7901.136364,8728.048780,9747.308782,8339.460371,0.044850,-0.061901,-0.005688,0.005232,-0.047769,-0.087167,0.009522
941850,5,posture_hold,1.0666,Pinch,Pinch,2964,3423,3028,2842,2934,3039,2926,8910.344828,17318.750000,9648.734770,7711.731844,8592.248062,9784.659091,8510.179641,0.060229,-0.123031,-0.003166,-0.018865,-0.062585,-0.083669,0.030188
941900,5,posture_hold,1.1086,Pinch,Pinch,2948,3409,3008,2858,2942,3064,2926,8738.622493,16895.918367,9408.647654,7855.456750,8675.455334,10104.364694,8510.179641,0.039796,-0.144442,-0.027970,-0.000579,-0.053507,-0.053729,0.030188
941950,5,posture_hold,1.1508,Pinch,Pinch,2950,3398,3015,2855,2947,3087,2938,8759.825328,16575.609756,9491.666667,7828.225806,8728.048780,10412.500000,8633.707865,0.042318,-0.160662,-0.019393,-0.004044,-0.047769,-0.024872,0.045141
942000,5,posture_hold,1.1932,Pinch,Pinch,2994,3450,3012,2858,2922,3096,2945,9245.776567,18186.046512,9455.955679,7855.456750,8469.565217,10536.936937,8706.956522,0.100141,-0.079114,-0.023083,-0.000579,-0.075970,-0.013219,0.054008
942050,5,posture_hold,1.2349,Pinch,Pinch,3083,3795,3007,2897,2926,3151,2981,10357.905138,43010.000000,9396.875000,8221.869783,8510.179641,11348.940678,9098.204668,0.232472,1.177895,-0.029187,0.046038,-0.071539,0.062825,0.101370
942100,5,posture_hold,1.2986,Pinch,Pinch,3096,3985,3033,2941,2971,3221,3026,10536.936937,nan,9710.169492,8664.991334,8987.010676,12530.205950,9624.321796,0.253774,nan,0.003181,0.102415,-0.019516,0.173450,0.165059
942150,5,posture_hold,1.3616,Pinch,Pinch,3135,4095,3049,2925,2936,3237,3113,11103.125000,nan,9910.707457,8500.000000,8612.942192,12827.272727,10778.207739,0.321144,nan,0.023899,0.081424,-0.060327,0.201271,0.304741
942200,5,posture_hold,1.3825,Pinch,Pinch,3101,4095,3042,2923,2968,3283,3196,10607.042254,nan,9822.222222,8479.692833,8954.037267,13746.551724,12087.208009,0.262116,nan,0.014757,0.078840,-0.023114,0.287361,0.463200
942250,5,posture_hold,1.4671,Pinch,Pinch,3174,4095,3063,2940,3004,3271,3110,11717.263844,nan,10091.279070,8654.545455,9361.686526,13496.844660,10735.025381,0.394220,nan,0.042554,0.101086,0.021361,0.263976,0.299513
942300,5,posture_hold,1.5291,Pinch,Pinch,3141,3550,3163,2923,2984,3203,3191,11194.339623,22146.788991,11538.841202,8479.692833,9131.953195,12208.744395,12001.548673,0.331998,0.121446,0.192105,0.078840,-0.003703,0.143346,0.452831
942350,5,posture_hold,1.5715,Pinch,Pinch,3075,3676,3125,2956,3017,3240,3077,10250.000000,29829.116945,10953.608247,8823.880597,9515.584416,12884.210526,10276.817289,0.219632,0.510455,0.131643,0.122630,0.038151,0.206603,0.244046
942400,5,posture_hold,1.6131,Pinch,Pinch,3177,3599,3157,2949,3031,3199,3060,11766.666667,24670.564516,11443.283582,8749.214660,9685.526316,12139.062500,10052.173913,0.400098,0.249242,0.182233,0.113130,0.056692,0.136820,0.216852
942450,5,posture_hold,1.6550,Pinch,Pinch,3194,3626,3176,2936,3037,3142,3075,12052.830189,26286.567164,11750.163221,8612.942192,9759.735350,11209.653725,10250.000000,0.434148,0.331071,0.213937,0.095793,0.064788,0.049781,0.240799
942500,5,posture_hold,1.6972,Pinch,Pinch,3169,3688,3088,2946,3075,3229,3116,11635.637149,30808.845209,10426.216485,8717.493473,10250.000000,12677.367206,10821.654750,0.384507,0.560066,0.077157,0.109094,0.118276,0.187232,0.310000
942550,5,posture_hold,1.7604,Pinch,Pinch,3176,3615,3147,2961,3083,3175,3100,11750.163221,25606.250000,11286.708861,8877.777778,10357.905138,11733.695652,10592.964824,0.398134,0.296622,0.166057,0.129487,0.130048,0.098857,0.282316
942600,5,posture_hold,1.8013,Pinch,Pinch,3230,3574,3132,2962,3052,3183,3109,12695.953757,23323.608445,11057.943925,8888.614298,9948.993289,11866.447368,10720.689655,0.510673,0.181036,0.142422,0.130866,0.085436,0.111290,0.297778
942650,5,posture_hold,1.8432,Pinch,Pinch,3198,3461,3106,2960,3080,3208,3094,12121.739130,18560.567823,10677.856421,8866.960352,10317.241379,12296.730552,10509.090909,0.442348,-0.060150,0.103155,0.128111,0.125612,0.151586,0.272163
942700,5,posture_hold,1.9063,Pinch,Pinch,3242,3561,3114,2943,3089,3173,3095,12922.391559,22673.033708,10792.660550,8685.937500,10439.960239,11700.867679,10523.000000,0.537616,0.148093,0.115015,0.105080,0.139001,0.095783,0.273847
942750,5,posture_hold,1.9685,Pinch,Pinch,3193,3616,3132,2952,3036,3158,3058,12035.698448,25666.805846,11057.943925,8781.102362,9747.308782,11459.124867,10026.229508,0.432110,0.299689,0.142422,0.117187,0.063432,0.073144,0.213711
942800,5,posture_hold,2.0105,Pinch,Pinch,3186,3623,3140,2946,3057,3166,3021,11916.831683,26097.881356,11179.057592,8717.493473,10013.294798,11587.082885,9563.687151,0.417966,0.321517,0.154935,0.109094,0.092451,0.085127,0.157719
942850,5,posture_hold,2.0524,Pinch,Pinch,3194,3497,3162,2945,3078,3185,3084,12052.830189,19882.608696,11522.829582,8706.956522,10290.265487,11900.000000,10371.513353,0.434148,0.006795,0.190451,0.107754,0.122669,0.114432,0.255509
942900,5,posture_hold,2.1162,Pinch,Pinch,3103,3538,3095,2931,3084,3142,3098,10635.282258,21596.409336,10523.000000,8561.340206,10371.513353,11209.653725,10564.894684,0.265476,0.093576,0.087156,0.089228,0.131533,0.049781,0.278918
942950,5,posture_hold,2.1376,Pinch,Pinch,3075,3512,3081,2941,3074,3171,3097,10250.000000,20481.646655,10330.769231,8664.991334,10236.630754,11668.181818,10550.901804,0.219632,0.037128,0.067296,0.102415,0.116817,0.092722,0.277225
943000,5,posture_hold,2.2009,Pinch,Pinch,3150,3509,3123,2936,3088,3165,3069,11333.333333,20359.385666,10924.074074,8612.942192,10426.216485,11570.967742,10170.175439,0.348536,0.030937,0.128592,0.095793,0.137501,0.083618,0.231136
943050,5,posture_hold,2.2636,Pinch,Pinch,3188,3504,3160,2925,3058,3139,3065,11950.606395,20158.375635,11490.909091,8500.000000,10026.229508,11163.807531,10117.475728,0.421985,0.020759,0.187153,0.081424,0.093863,0.045488,0.224757
943100,5,posture_hold,2.3060,Pinch,Pinch,3143,3449,3130,2944,3056,3180,3057,11225.000000,18152.631579,11027.979275,8696.437880,10000.384986,11816.393443,10013.294798,0.335646,-0.080806,0.139327,0.106416,0.091043,0.106602,0.212145
943150,5,posture_hold,2.3484,Pinch,Pinch,3166,3456,3136,2945,3054,3198,3049,11587.082885,18388.732394,11118.248175,8706.956522,9974.639769,12121.739130,9910.707457,0.378730,-0.068851,0.148653,0.107754,0.088234,0.135198,0.199727
943200,5,posture_hold,2.4118,Pinch,Pinch,3185,3372,3129,2949,3044,3157,3061,11900.000000,15857.261411,11013.043478,8749.214660,9847.383444,11443.283582,10065.183752,0.415963,-0.197037,0.137784,0.113130,0.074350,0.071660,0.218427
943250,5,posture_hold,2.4535,Pinch,Pinch,3149,3342,3108,2967,3068,3209,3042,11317.758985,15090.039841,10706.382979,8943.085106,10156.962025,12314.446953,9822.222222,0.346683,-0.235887,0.106102,0.137796,0.108126,0.153245,0.189015
943300,5,posture_hold,2.5159,Pinch,Pinch,3140,3349,3144,2999,3066,3216,3035,11179.057592,15263.538874,11240.378549,9303.467153,10130.612245,12439.590444,9734.905660,0.330179,-0.227101,0.161270,0.183646,0.105251,0.164964,0.178445
943350,5,posture_hold,2.5779,Pinch,Pinch,3092,3374,3094,3003,3055,3228,3042,10481.355932,15910.679612,10509.090909,9350.000000,9987.500000,12658.823529,9822.222222,0.247161,-0.194332,0.085719,0.189566,0.089637,0.185495,0.189015
943400,5,posture_hold,2.6204,Pinch,Pinch,3071,3387,3073,2995,3056,3132,3024,10196.679688,16265.254237,10223.287671,9257.272727,10000.384986,11057.943925,9600.000000,0.213288,-0.176377,0.056192,0.177769,0.091043,0.035574,0.162114
943450,5,posture_hold,2.6621,Pinch,Pinch,3064,3379,3067,2989,3089,3135,2984,10104.364694,16045.530726,10143.774319,9188.607595,10439.960239,11103.125000,9131.953195,0.202303,-0.187503,0.047977,0.169033,0.139001,0.039805,0.105456
943500,5,posture_hold,2.7034,Pinch,Pinch,3044,3347,3068,2961,3061,3124,3000,9847.383444,15213.636364,10156.962025,8877.777778,10065.183752,10938.825953,9315.068493,0.171725,-0.229628,0.049340,0.129487,0.098113,0.024418,0.127623
943550,5,posture_hold,2.7666,Pinch,Pinch,3056,3363,3057,2984,3042,3172,3003,10000.384986,15620.491803,10013.294798,9131.953195,9822.222222,11684.507042,9350.000000,0.189931,-0.209026,0.034497,0.161825,0.071605,0.094251,0.131851
943600,5,posture_hold,2.8078,Pinch,Pinch,3097,3370,3045,2986,3051,3150,3007,10550.901804,15804.137931,9860.000000,9154.553652,9936.206897,11333.333333,9396.875000,0.255436,-0.199727,0.018660,0.164700,0.084041,0.061364,0.137525
943650,5,posture_hold,2.8502,Pinch,Pinch,3069,3417,3041,2964,3044,3129,3000,10170.175439,17135.398230,9809.677419,8910.344828,9847.383444,11013.043478,9315.068493,0.210134,-0.132316,0.013461,0.133630,0.074350,0.031369,0.127623
943700,5,posture_hold,2.8916,Pinch,Pinch,3060,3380,3047,2976,3031,3124,2954,10052.173913,16072.727273,9885.305344,9042.359249,9685.526316,10938.825953,8802.453988,0.196093,-0.186126,0.021274,0.150426,0.056692,0.024418,0.065569
943750,5,posture_hold,2.9547,Pinch,Pinch,3154,3312,3054,2969,3068,3147,3026,11395.961743,14381.609195,9974.639769,8965.008881,10156.962025,11286.708861,9624.321796,0.355988,-0.271759,0.030504,0.140585,0.108126,0.056997,0.165059
943800,5,posture_hold,3.0173,Pinch,Pinch,3148,3336,3056,2962,3020,3112,3015,11302.217529,14943.873518,10000.384986,8888.614298,9551.627907,10763.784334,9491.666667,0.344834,-0.243288,0.033163,0.130866,0.042084,0.008026,0.149000
943850,5,posture_hold,3.0601,Pinch,Pinch,3153,3397,3045,2981,3056,3126,3004,11380.254777,16546.991404,9860.000000,9098.204668,10000.384986,10968.421053,9361.686526,0.354119,-0.162111,0.018660,0.157531,0.091043,0.027190,0.133266
943900,5,posture_hold,3.1017,Pinch,Pinch,3129,3406,3090,2984,3033,3125,3006,11013.043478,16807.547170,10453.731343,9131.953195,9710.169492,10953.608247,9385.123967,0.310426,-0.148917,0.080000,0.161825,0.059380,0.025803,0.136103
943950,5,posture_hold,3.2068,Pinch,Pinch,3182,3403,3071,2966,3048,3133,3006,11849.726177,16719.942197,10196.679688,8932.152347,9897.994269,11072.972973,9385.123967,0.409981,-0.153353,0.053443,0.136405,0.079872,0.036981,0.136103
944000,5,posture_hold,3.2278,Pinch,Pinch,3195,3407,3069,2981,3083,3167,3009,12070.000000,16836.918605,10170.175439,9098.204668,10357.905138,11603.232759,9420.441989,0.436191,-0.147430,0.050705,0.157531,0.130048,0.086640,0.140378
944050,5,posture_hold,3.2697,Pinch,Pinch,3210,3344,3053,2984,3057,3127,3015,12332.203390,15139.280959,9961.804223,9131.953195,10013.294798,10983.264463,9491.666667,0.467390,-0.233393,0.029178,0.161825,0.092451,0.028580,0.149000
944100,5,posture_hold,3.3117,Pinch,Pinch,3194,3437,3066,2959,3048,3130,3022,12052.830189,17759.574468,10130.612245,8856.161972,9897.994269,11027.979275,9575.768872,0.434148,-0.100709,0.046618,0.126737,0.079872,0.032767,0.159181
944150,5,posture_hold,3.3327,Pinch,Pinch,3161,3316,3045,2969,3052,3169,3015,11506.852248,14472.913992,9860.000000,8965.008881,9948.993289,11635.637149,9491.666667,0.369183,-0.267136,0.018660,0.140585,0.085436,0.089674,0.149000
944200,5,posture_hold,3.4167,Pinch,Pinch,3209,3348,3047,2967,3070,3148,3013,12314.446953,15238.554217,9885.305344,8943.085106,10183.414634,11302.217529,9467.837338,0.465278,-0.228366,0.021274,0.137796,0.111012,0.058450,0.146116
944250,5,posture_hold,3.4796,Pinch,Pinch,3246,3326,3037,2956,3035,3104,2995,12999.293286,14705.331599,9759.735350,8823.880597,9734.905660,10649.445005,9257.272727,0.546766,-0.255367,0.008301,0.122630,0.062079,-0.002682,0.120626
944300,5,posture_hold,3.5212,Pinch,Pinch,3161,3337,3047,2956,3045,3138,2991,11506.852248,14968.073879,9885.305344,8823.880597,9860.000000,11148.589342,9211.413043,0.369183,-0.242063,0.021274,0.122630,0.075727,0.044062,0.115075
944350,5,posture_hold,3.5422,Pinch,Pinch,3148,3342,3052,2966,3034,3139,2986,11302.217529,15090.039841,9948.993289,8932.152347,9722.525919,11163.807531,9154.553652,0.344834,-0.235887,0.027854,0.136405,0.060729,0.045488,0.108192
944400,5,posture_hold,3.6046,Pinch,Pinch,3149,3351,3070,2957,3027,3131,3000,11317.758985,15313.709677,10183.414634,8834.622144,9636.516854,11042.946058,9315.068493,0.346683,-0.224561,0.052073,0.123996,0.051345,0.034169,0.127623
944450,5,posture_hold,3.6681,Pinch,Pinch,3134,3331,3058,2960,3016,3132,3005,11088.033299,14823.821990,10026.229508,8866.960352,9503.614458,11057.943925,9373.394495,0.319348,-0.249367,0.035834,0.128111,0.036845,0.035574,0.134683
944500,5,posture_hold,3.7098,Pinch,Pinch,3181,3329,3051,2961,3034,3142,3004,11833.041575,14776.240209,9936.206897,8877.777778,9722.525919,11209.653725,9361.686526,0.407996,-0.251776,0.026533,0.129487,0.060729,0.049781,0.133266
944550,5,posture_hold,3.7727,Pinch,Pinch,3153,3353,3063,2941,3011,3129,3000,11380.254777,15364.150943,10091.279070,8664.991334,9444.095941,11013.043478,9315.068493,0.354119,-0.222006,0.042554,0.102415,0.030352,0.031369,0.127623
944600,5,posture_hold,3.8144,Pinch,Pinch,3184,3348,3059,2948,3026,3121,3032,11883.205269,15238.554217,10039.189189,8738.622493,9624.321796,10894.661191,9697.836312,0.413965,-0.228366,0.037172,0.111783,0.050014,0.020282,0.173958
944650,5,posture_hold,3.8562,Pinch,Pinch,3198,3327,3072,2953,3040,3111,3058,12121.739130,14728.906250,10209.970674,8791.768827,9797.156398,10749.390244,10026.229508,0.442348,-0.254173,0.054816,0.118544,0.068871,0.006678,0.213711
944700,5,posture_hold,3.9187,Pinch,Pinch,3214,3380,3047,2948,3034,3140,3046,12403.632236,16072.727273,9885.305344,8738.622493,9722.525919,11179.057592,9872.640610,0.475890,-0.186126,0.021274,0.111783,0.060729,0.046916,0.195119
944750,5,posture_hold,3.9609,Pinch,Pinch,3254,3437,3004,2952,3064,3150,3047,13155.291320,17759.574468,9361.686526,8781.102362,10104.364694,11333.333333,9885.305344,0.565328,-0.100709,-0.032822,0.117187,0.102387,0.061364,0.196652
944800,5,posture_hold,4.0030,Pinch,Pinch,3203,3389,3022,2952,3065,3143,2994,12208.744395,16320.963173,9575.768872,8781.102362,10117.475728,11225.000000,9245.776567,0.452700,-0.173556,-0.010705,0.117187,0.103818,0.051218,0.119234
944850,5,posture_hold,4.0451,Pinch,Pinch,3211,3367,2997,2954,3031,3123,3006,12350.000000,15725.000000,9280.327869,8802.453988,9685.526316,10924.074074,9385.123967,0.469508,-0.203734,-0.041227,0.119904,0.056692,0.023037,0.136103
944900,5,posture_hold,4.1089,Pinch,Pinch,3257,3395,2999,2977,3023,3142,3001,13214.558473,16490.000000,9303.467153,9053.488372,9587.873134,11209.653725,9326.691042,0.572381,-0.164997,-0.038837,0.151842,0.046038,0.049781,0.129029
944950,5,posture_hold,4.1506,Pinch,Pinch,3230,3396,2993,2959,3025,3144,3035,12695.953757,16518.454936,9234.301270,8856.161972,9612.149533,11240.378549,9734.905660,0.510673,-0.163556,-0.045982,0.126737,0.048686,0.052658,0.178445
945000,5,posture_hold,4.2127,Pinch,Pinch,3187,3409,2995,2953,3010,3144,2996,11933.700441,16895.918367,9257.272727,8791.768827,9432.258065,11240.378549,9268.789809,0.419973,-0.144442,-0.043609,0.118544,0.029060,0.052658,0.122020
945050,5,posture_hold,4.2338,Pinch,Pinch,3170,3382,3001,2968,3037,3136,3009,11651.891892,16127.349229,9326.691042,8954.037267,9759.735350,11118.248175,9420.441989,0.386441,-0.183360,-0.036437,0.139189,0.064788,0.041221,0.140378
945100,5,posture_hold,4.3177,Pinch,Pinch,3157,3387,3024,2963,3024,3152,3001,11443.283582,16265.254237,9600.000000,8899.469965,9600.000000,11364.581124,9326.691042,0.361619,-0.176377,-0.008201,0.132247,0.047361,0.064290,0.129029
945150,5,posture_hold,4.3806,Pinch,Pinch,3133,3500,3021,2940,3007,3156,3009,11072.972973,20000.000000,9563.687151,8654.545455,9396.875000,11427.476038,9420.441989,0.317556,0.012739,-0.011953,0.101086,0.025200,0.070180,0.140378
945200,5,posture_hold,4.3808,Pinch,Pinch,3113,3429,3030,2948,2995,3168,3026,10778.207739,17505.405405,9673.239437,8738.622493,9257.272727,11619.417476,9624.321796,0.282483,-0.113580,-0.000635,0.111783,0.009969,0.088155,0.165059
945250,5,posture_hold,4.4630,Pinch,Pinch,3142,3409,3051,2946,2995,3123,3027,11209.653725,16895.918367,9936.206897,8717.493473,9257.272727,10924.074074,9636.516854,0.333820,-0.144442,0.026533,0.109094,0.009969,0.023037,0.166535
945300,5,posture_hold,4.4833,Pinch,Pinch,3131,3493,3057,2930,2984,3132,3055,11042.946058,19727.906977,10013.294798,8551.072961,9131.953195,11057.943925,9987.500000,0.313984,-0.001039,0.034497,0.087921,-0.003703,0.035574,0.209023
945350,5,posture_hold,4.5459,Pinch,Pinch,3128,3497,3040,2941,2992,3129,3023,10998.138573,19882.608696,9797.156398,8664.991334,9222.846782,11013.043478,9587.873134,0.308652,0.006795,0.012167,0.102415,0.006213,0.031369,0.160646
945400,5,posture_hold,4.5881,Pinch,Pinch,3137,3411,3062,2932,2998,3147,3032,11133.402923,16955.263158,10078.218780,8571.625107,9291.886964,11286.708861,9697.836312,0.324747,-0.141437,0.041205,0.090536,0.013746,0.056997,0.173958
945450,5,posture_hold,4.6725,Pinch,Pinch,3139,3552,3056,2934,2996,3114,3027,11163.807531,22240.883978,10000.384986,8592.248062,9268.789809,10792.660550,9636.516854,0.328365,0.126210,0.033163,0.093160,0.011226,0.010730,0.166535
945500,5,posture_hold,4.6929,Pinch,Pinch,3117,3398,3062,2941,3008,3115,3026,10836.196319,16575.609756,10078.218780,8664.991334,9408.647654,10807.142857,9624.321796,0.289383,-0.160662,0.041205,0.102415,0.026484,0.012086,0.165059
945550,5,posture_hold,4.7560,Pinch,Pinch,3115,3400,3052,2925,3019,3105,3024,10807.142857,16633.093525,9948.993289,8500.000000,9539.591078,10663.636364,9600.000000,0.285926,-0.157751,0.027854,0.081424,0.040770,-0.001353,0.162114
945600,5,posture_hold,4.8188,Pinch,Pinch,3118,3401,3053,2927,2999,3090,3033,10850.767656,16661.959654,9961.804223,8520.376712,9303.467153,10453.731343,9710.169492,0.291117,-0.156289,0.029178,0.084016,0.015009,-0.021011,0.175451
945650,5,posture_hold,4.8616,Pinch,Pinch,3113,3340,3054,2935,2999,3110,3023,10778.207739,15041.059603,9974.639769,8602.586207,9303.467153,10735.025381,9587.873134,0.282483,-0.238367,0.030504,0.094475,0.015009,0.005332,0.160646
945700,5,posture_hold,4.9035,Pinch,Pinch,3123,3407,3063,2929,3009,3103,3010,10924.074074,16836.918605,10091.279070,8540.823328,9420.441989,10635.282258,9432.258065,0.299839,-0.147430,0.042554,0.086617,0.027771,-0.004009,0.141809
945750,5,posture_hold,4.9680,Pinch,Pinch,3120,3380,3072,2916,2990,3083,3011,10880.000000,16072.727273,10209.970674,8409.160305,9200.000000,10357.905138,9444.095941,0.294595,-0.186126,0.054816,0.069866,0.003721,-0.029985,0.143242
945850,6,open_reference,0.0204,Open,Open,3113,3280,3053,2924,2996,3055,3014,10778.207739,13683.435583,9961.804223,8489.837746,9268.789809,9987.500000,9479.740981,nan,nan,nan,nan,nan,nan,nan
945900,6,open_reference,0.0205,Open,Open,3118,3306,3054,2905,2989,3066,3012,10850.767656,14246.387833,9974.639769,8300.000000,9188.607595,10130.612245,9455.955679,nan,nan,nan,nan,nan,nan,nan
945950,6,open_reference,0.0206,Open,Open,3104,3305,3036,2915,3007,3097,3008,10649.445005,14224.050633,9747.308782,8399.152542,9396.875000,10550.901804,9408.647654,nan,nan,nan,nan,nan,nan,nan
946000,6,open_reference,0.0206,Open,Open,3088,3384,3020,2929,3004,3078,3008,10426.216485,16182.278481,9551.627907,8540.823328,9361.686526,10290.265487,9408.647654,nan,nan,nan,nan,nan,nan,nan
946050,6,open_reference,0.0206,Open,Open,3101,3456,3009,2936,2991,3056,2992,10607.042254,18388.732394,9420.441989,8612.942192,9211.413043,10000.384986,9222.846782,nan,nan,nan,nan,nan,nan,nan
946100,6,open_reference,0.0206,Open,Open,3081,3391,2991,2935,2989,3031,2988,10330.769231,16376.988636,9211.413043,8602.586207,9188.607595,9685.526316,9177.235772,nan,nan,nan,nan,nan,nan,nan
946150,6,open_reference,0.0206,Open,Open,3099,3404,3003,2933,2988,3059,2976,10578.915663,16749.059334,9350.000000,8581.927711,9177.235772,10039.189189,9042.359249,nan,nan,nan,nan,nan,nan,nan
946200,6,open_reference,0.0206,Open,Open,3111,3436,2997,2932,2986,3047,2990,10749.390244,17727.465857,9280.327869,8571.625107,9154.553652,9885.305344,9200.000000,nan,nan,nan,nan,nan,nan,nan
946250,6,open_reference,0.0206,Open,Open,3087,3399,3005,2951,2990,3068,2993,10412.500000,16604.310345,9373.394495,8770.454545,9200.000000,10156.962025,9234.301270,nan,nan,nan,nan,nan,nan,nan
946300,6,open_reference,0.0206,Open,Open,3108,3392,3007,2951,2997,3057,2983,10706.382979,16405.120910,9396.875000,8770.454545,9280.327869,10013.294798,9120.683453,nan,nan,nan,nan,nan,nan,nan
946350,6,open_reference,0.0207,Open,Open,3087,3466,2995,2928,3015,3056,2953,10412.500000,18735.135135,9257.272727,8530.591260,9491.666667,10000.384986,8791.768827,nan,nan,nan,nan,nan,nan,nan
946400,6,open_reference,0.0207,Open,Open,3093,3304,2994,2948,3019,3024,2975,10495.209581,14201.769912,9245.776567,8738.622493,9539.591078,9600.000000,9031.250000,nan,nan,nan,nan,nan,nan,nan
946450,6,open_reference,0.0207,Open,Open,3105,3301,3005,2948,3021,3014,2968,10663.636364,14135.264484,9373.394495,8738.622493,9563.687151,9479.740981,8954.037267,nan,nan,nan,nan,nan,nan,nan
946500,6,open_reference,0.0207,Open,Open,3127,3316,3000,2943,2992,3035,2960,10983.264463,14472.913992,9315.068493,8685.937500,9222.846782,9734.905660,8866.960352,nan,nan,nan,nan,nan,nan,nan
946550,6,open_reference,0.0207,Open,Open,3114,3298,2971,2956,3013,3039,2958,10792.660550,14069.259724,8987.010676,8823.880597,9467.837338,9784.659091,8845.382586,nan,nan,nan,nan,nan,nan,nan
946600,6,open_reference,0.0207,Open,Open,3122,3312,2978,2946,2998,3057,2965,10909.352518,14381.609195,9064.637422,8717.493473,9291.886964,10013.294798,8921.238938,nan,nan,nan,nan,nan,nan,nan
946650,6,open_reference,0.0207,Open,Open,3129,3468,2969,2947,2995,3047,2951,11013.043478,18805.741627,8965.008881,8728.048780,9257.272727,9885.305344,8770.454545,nan,nan,nan,nan,nan,nan,nan
946700,6,open_reference,0.0207,Open,Open,3130,3396,2969,2962,3014,3072,2979,11027.979275,16518.454936,8965.008881,8888.614298,9479.740981,10209.970674,9075.806452,nan,nan,nan,nan,nan,nan,nan
946750,6,open_reference,0.0207,Open,Open,3148,3405,2981,2966,3009,3084,2972,11302.217529,16778.260870,9098.204668,8932.152347,9420.441989,10371.513353,8998.040962,nan,nan,nan,nan,nan,nan,nan
946800,6,open_reference,0.0208,Open,Open,3176,3364,2970,2938,3008,3034,2992,11750.163221,15646.511628,8976.000000,8633.707865,9408.647654,9722.525919,9222.846782,nan,nan,nan,nan,nan,nan,nan
946850,6,open_reference,0.0208,Open,Open,3145,3401,2962,2932,3022,3022,2991,11255.789474,16661.959654,8888.614298,8571.625107,9575.768872,9575.768872,9211.413043,nan,nan,nan,nan,nan,nan,nan
946900,6,open_reference,0.0208,Open,Open,3137,3297,2970,2942,3014,3030,2982,11133.402923,14047.368421,8976.000000,8675.455334,9479.740981,9673.239437,9109.433962,nan,nan,nan,nan,nan,nan,nan
946950,6,open_reference,0.0208,Open,Open,3142,3331,2980,2929,3006,3017,2993,11209.653725,14823.821990,9086.995516,8540.823328,9385.123967,9515.584416,9234.301270,nan,nan,nan,nan,nan,nan,nan
947000,6,open_reference,0.0208,Open,Open,3124,3349,2956,2935,3017,3026,2955,10938.825953,15263.538874,8823.880597,8602.586207,9515.584416,9624.321796,8813.157895,nan,nan,nan,nan,nan,nan,nan
947050,6,open_reference,0.0208,Open,Open,3136,3347,2965,2930,3009,3026,2944,11118.248175,15213.636364,8921.238938,8551.072961,9420.441989,9624.321796,8696.437880,nan,nan,nan,nan,nan,nan,nan
947100,6,open_reference,0.0208,Open,Open,3189,3315,2993,2933,3020,3042,3051,11967.549669,14450.000000,9234.301270,8581.927711,9551.627907,9822.222222,9936.206897,nan,nan,nan,nan,nan,nan,nan
947150,6,open_reference,0.0208,Open,Open,3230,3503,3035,2944,3063,3093,3036,12695.953757,20118.581081,9734.905660,8696.437880,10091.279070,10495.209581,9747.308782,nan,nan,nan,nan,nan,nan,nan
947200,6,open_reference,0.0208,Open,Open,3174,3606,3043,2958,3054,3065,3021,11717.263844,25072.392638,9834.790875,8845.382586,9974.639769,10117.475728,9563.687151,nan,nan,nan,nan,nan,nan,nan
947250,6,open_reference,0.0209,Open,Open,3197,3700,3057,2950,3051,3196,3056,12104.454343,31848.101266,10013.294798,8759.825328,9936.206897,12087.208009,10000.384986,nan,nan,nan,nan,nan,nan,nan
947300,6,open_reference,0.0209,Open,Open,3118,3775,3028,2967,3092,3258,3046,10850.767656,40109.375000,9648.734770,8943.085106,10481.355932,13234.408602,9872.640610,nan,nan,nan,nan,nan,nan,nan
947350,6,open_reference,0.0209,Open,Open,3121,3701,3058,2936,3108,3233,3058,10894.661191,31937.563452,10026.229508,8612.942192,10706.382979,12751.972158,10026.229508,nan,nan,nan,nan,nan,nan,nan
947400,6,open_reference,0.0209,Open,Open,3143,3772,3063,2922,3048,3279,3117,11225.000000,39705.263158,10091.279070,8469.565217,9897.994269,13662.500000,10836.196319,nan,nan,nan,nan,nan,nan,nan
947450,6,open_reference,0.0209,Open,Open,3083,3738,3053,2930,3056,3230,3117,10357.905138,35600.000000,9961.804223,8551.072961,10000.384986,12695.953757,10836.196319,nan,nan,nan,nan,nan,nan,nan
947500,6,open_reference,0.0209,Open,Open,3165,3665,3036,2930,3037,3214,3111,11570.967742,28979.069767,9747.308782,8551.072961,9759.735350,12403.632236,10749.390244,nan,nan,nan,nan,nan,nan,nan
947550,6,open_reference,0.0209,Open,Open,3070,3648,3043,2901,3045,3197,3071,10183.414634,27747.651007,9834.790875,8260.804020,9860.000000,12104.454343,10196.679688,nan,nan,nan,nan,nan,nan,nan
947600,6,open_reference,0.0209,Open,Open,3043,3534,3040,2899,3047,3244,3091,9834.790875,21418.181818,9797.156398,8241.304348,9885.305344,12960.752056,10467.529880,nan,nan,nan,nan,nan,nan,nan
947650,6,open_reference,0.0209,Open,Open,3040,3506,3013,2924,3054,3264,3115,9797.156398,20238.370119,9467.837338,8489.837746,9974.639769,13354.512635,10807.142857,nan,nan,nan,nan,nan,nan,nan
947700,6,open_reference,0.0210,Open,Open,3032,3454,3009,2908,3042,3247,3110,9697.836312,18320.748830,9420.441989,8329.570345,9822.222222,13018.632075,10735.025381,nan,nan,nan,nan,nan,nan,nan
947750,6,open_reference,0.0210,Open,Open,3006,3537,2986,2902,3040,3265,3090,9385.123967,21551.612903,9154.553652,8270.578374,9797.156398,13374.698795,10453.731343,nan,nan,nan,nan,nan,nan,nan
947800,6,open_reference,0.0210,Open,Open,3009,3423,3022,2910,3051,3245,3109,9420.441989,17318.750000,9575.768872,8349.367089,9936.206897,12980.000000,10720.689655,nan,nan,nan,nan,nan,nan,nan
947850,6,open_reference,0.0210,Open,Open,3021,3481,3008,2891,3083,3169,3064,9563.687151,19275.895765,9408.647654,8163.953488,10357.905138,11635.637149,10104.364694,nan,nan,nan,nan,nan,nan,nan
947900,6,open_reference,0.0210,Open,Open,3025,3526,3025,2891,3052,3268,3103,9612.149533,21069.244288,9612.149533,8163.953488,9948.993289,13435.550181,10635.282258,nan,nan,nan,nan,nan,nan,nan
947950,6,open_reference,0.0210,Open,Open,3023,3603,3031,2895,3040,3220,3097,9587.873134,24898.780488,9685.526316,8202.500000,9797.156398,12512.000000,10550.901804,nan,nan,nan,nan,nan,nan,nan
948000,6,open_reference,0.0210,Open,Open,3031,3541,3022,2891,3010,3258,3098,9685.526316,21731.768953,9575.768872,8163.953488,9432.258065,13234.408602,10564.894684,nan,nan,nan,nan,nan,nan,nan
948050,6,open_reference,0.0210,Open,Open,3035,3483,3015,2888,3027,3219,3090,9734.905660,19350.000000,9491.666667,8135.211268,9636.516854,12493.835616,10453.731343,nan,nan,nan,nan,nan,nan,nan
948100,6,open_reference,0.0210,Open,Open,3046,3541,3023,2889,3012,3210,3075,9872.640610,21731.768953,9587.873134,8144.776119,9455.955679,12332.203390,10250.000000,nan,nan,nan,nan,nan,nan,nan
948150,6,open_reference,0.0211,Open,Open,3024,3510,3000,2884,3008,3187,3055,9600.000000,20400.000000,9315.068493,8097.109827,9408.647654,11933.700441,9987.500000,nan,nan,nan,nan,nan,nan,nan
948200,6,open_reference,0.0211,Open,Open,3008,3439,3001,2892,3004,3218,3063,9408.647654,17824.085366,9326.691042,8173.566085,9361.686526,12475.712657,10091.279070,nan,nan,nan,nan,nan,nan,nan
948250,6,open_reference,0.0211,Open,Open,3030,3566,2994,2905,3005,3173,3088,9673.239437,22919.470699,9245.776567,8300.000000,9373.394495,11700.867679,10426.216485,nan,nan,nan,nan,nan,nan,nan
948300,6,open_reference,0.0211,Open,Open,3026,3488,2981,2893,2987,3197,3055,9624.321796,19537.397035,9098.204668,8183.194676,9165.884477,12104.454343,9987.500000,nan,nan,nan,nan,nan,nan,nan
948350,6,open_reference,0.0211,Open,Open,3029,3455,2984,2899,2993,3240,3049,9660.975610,18354.687500,9131.953195,8241.304348,9234.301270,12884.210526,9910.707457,nan,nan,nan,nan,nan,nan,nan
948400,6,open_reference,0.0211,Open,Open,3030,3530,2978,2899,2993,3234,3047,9673.239437,21242.477876,9064.637422,8241.304348,9234.301270,12770.731707,9885.305344,nan,nan,nan,nan,nan,nan,nan
948450,6,open_reference,0.0211,Open,Open,3067,3457,2977,2910,2984,3225,3054,10143.774319,18422.884013,9053.488372,8349.367089,9131.953195,12603.448276,9974.639769,nan,nan,nan,nan,nan,nan,nan
948500,6,open_reference,0.0211,Open,Open,3072,3455,2957,2918,3019,3174,3038,10209.970674,18354.687500,8834.622144,8429.226848,9539.591078,11717.263844,9772.185430,nan,nan,nan,nan,nan,nan,nan
948550,6,open_reference,0.0211,Open,Open,3088,3506,2974,2905,3011,3160,3024,10426.216485,20238.370119,9020.160571,8300.000000,9444.095941,11490.909091,9600.000000,nan,nan,nan,nan,nan,nan,nan
948600,6,open_reference,0.0212,Open,Open,3081,3569,2977,2912,3007,3203,3024,10330.769231,23069.581749,9053.488372,8369.230769,9396.875000,12208.744395,9600.000000,nan,nan,nan,nan,nan,nan,nan
948650,6,open_reference,0.0212,Open,Open,3058,3445,2985,2929,2994,3213,3016,10026.229508,18020.000000,9143.243243,8540.823328,9245.776567,12385.714286,9503.614458,nan,nan,nan,nan,nan,nan,nan
948700,6,open_reference,0.0212,Open,Open,3088,3428,3051,2924,3009,3297,2996,10426.216485,17474.062969,9936.206897,8489.837746,9420.441989,14047.368421,9268.789809,nan,nan,nan,nan,nan,nan,nan
948750,6,open_reference,0.0212,Open,Open,3054,3423,3061,2904,3015,3276,3058,9974.639769,17318.750000,10065.183752,8290.176322,9491.666667,13600.000000,10026.229508,nan,nan,nan,nan,nan,nan,nan
948800,6,open_reference,0.0212,Open,Open,3043,3540,3036,2912,3019,3259,3123,9834.790875,21686.486486,9747.308782,8369.230769,9539.591078,13254.306220,10924.074074,nan,nan,nan,nan,nan,nan,nan
948850,6,open_reference,0.0212,Open,Open,3034,3595,3053,2915,3022,3295,3146,9722.525919,24446.000000,9961.804223,8399.152542,9575.768872,14003.750000,11271.232877,nan,nan,nan,nan,nan,nan,nan
948900,6,open_reference,0.0212,Open,Open,3057,3530,3090,2895,3013,3313,3201,10013.294798,21242.477876,10453.731343,8202.500000,9467.837338,14404.347826,12173.825503,nan,nan,nan,nan,nan,nan,nan
948950,6,open_reference,0.0212,Open,Open,3106,3652,3087,2921,3007,3244,3205,10677.856421,28028.893905,10412.500000,8459.454855,9396.875000,12960.752056,12243.820225,nan,nan,nan,nan,nan,nan,nan
949000,6,open_reference,0.0212,Open,Open,3120,3474,3062,2928,3009,3289,3339,10880.000000,19020.289855,10078.218780,8530.591260,9420.441989,13874.193548,15016.666667,nan,nan,nan,nan,nan,nan,nan
949050,6,open_reference,0.0212,Open,Open,3166,3614,3061,2929,2998,3261,3308,11587.082885,25545.945946,10065.183752,8540.823328,9291.886964,13294.244604,14291.232529,nan,nan,nan,nan,nan,nan,nan
949100,6,open_reference,0.0213,Open,Open,3100,3452,3079,2940,3027,3359,3303,10592.964824,18253.188180,10303.740157,8654.545455,9636.516854,15517.119565,14179.545455,nan,nan,nan,nan,nan,nan,nan
949150,6,open_reference,0.0213,Open,Open,3072,3564,3102,2935,3073,3316,3321,10209.970674,22820.338983,10621.148036,8602.586207,10223.287671,14472.913992,14588.372093,nan,nan,nan,nan,nan,nan,nan
949200,6,open_reference,0.0213,Open,Open,3089,3468,3154,2917,3044,3409,3289,10439.960239,18805.741627,11395.961743,8419.185059,9847.383444,16895.918367,13874.193548,nan,nan,nan,nan,nan,nan,nan
949250,6,open_reference,0.0213,Open,Open,3098,3499,3131,2928,3065,3449,3402,10564.894684,19960.738255,11042.946058,8530.591260,10117.475728,18152.631579,16690.909091,nan,nan,nan,nan,nan,nan,nan
949300,6,open_reference,0.0213,Open,Open,3071,3467,3131,2928,3043,3426,3360,10196.679688,18770.382166,11042.946058,8530.591260,9834.790875,17411.659193,15542.857143,nan,nan,nan,nan,nan,nan,nan
949350,6,open_reference,0.0213,Open,Open,3113,3468,3124,2944,3023,3369,3310,10778.207739,18805.741627,10938.825953,8696.437880,9587.873134,15777.685950,14336.305732,nan,nan,nan,nan,nan,nan,nan
949400,6,open_reference,0.0213,Open,Open,3143,3441,3108,2948,3042,3359,3332,11225.000000,17888.990826,10706.382979,8738.622493,9822.222222,15517.119565,14847.706422,nan,nan,nan,nan,nan,nan,nan
949450,6,open_reference,0.0213,Open,Open,3138,3485,3089,2943,3047,3308,3369,11148.589342,19424.590164,10439.960239,8685.937500,9885.305344,14291.232529,15777.685950,nan,nan,nan,nan,nan,nan,nan
949500,6,open_reference,0.0213,Open,Open,3095,3442,3065,2927,3024,3332,3357,10523.000000,17921.592649,10117.475728,8520.376712,9600.000000,14847.706422,15465.853659,nan,nan,nan,nan,nan,nan,nan
949550,6,open_reference,0.0214,Open,Open,3074,3434,3047,2928,3026,3369,3327,10236.630754,17663.540091,9885.305344,8530.591260,9624.321796,15777.685950,14728.906250,nan,nan,nan,nan,nan,nan,nan
949600,6,open_reference,0.0214,Open,Open,3088,3580,3091,2926,3040,3373,3323,10426.216485,23634.951456,10467.529880,8510.179641,9797.156398,15883.933518,14634.974093,nan,nan,nan,nan,nan,nan,nan
949650,6,open_reference,0.0214,Open,Open,3123,3485,3078,2941,3043,3331,3358,10924.074074,19424.590164,10290.265487,8664.991334,9834.790875,14823.821990,15491.451832,nan,nan,nan,nan,nan,nan,nan
949700,6,open_reference,0.0214,Open,Open,3068,3617,3063,2926,3018,3397,3277,10156.962025,25727.615063,10091.279070,8510.179641,9527.576602,16546.991404,13620.782396,nan,nan,nan,nan,nan,nan,nan
949750,6,open_reference,0.0214,Open,Open,3100,3614,3085,2925,3020,3319,3262,10592.964824,25545.945946,10385.148515,8500.000000,9551.627907,14542.010309,13314.285714,nan,nan,nan,nan,nan,nan,nan
949800,6,open_reference,0.0214,Open,Open,3126,3489,3053,2903,3003,3314,3280,10968.421053,19575.247525,9961.804223,8280.369128,9350.000000,14427.144686,13683.435583,nan,nan,nan,nan,nan,nan,nan
949850,6,open_reference,0.0214,Open,Open,3113,3593,3027,2920,3023,3332,3270,10778.207739,24335.059761,9636.516854,8449.361702,9587.873134,14847.706422,13476.363636,nan,nan,nan,nan,nan,nan,nan
949900,6,open_reference,0.0214,Open,Open,3102,3734,3046,2919,3024,3318,3206,10621.148036,35167.867036,9872.640610,8439.285714,9600.000000,14518.918919,12261.417323,nan,nan,nan,nan,nan,nan,nan
949950,6,open_reference,0.0214,Open,Open,3067,3656,3048,2904,3020,3290,3146,10143.774319,28315.261959,9897.994269,8290.176322,9551.627907,13895.652174,11271.232877,nan,nan,nan,nan,nan,nan,nan
950000,6,open_reference,0.0215,Open,Open,3124,3611,3025,2922,3028,3331,3156,10938.825953,25366.528926,9612.149533,8469.565217,9648.734770,14823.821990,11427.476038,nan,nan,nan,nan,nan,nan,nan
950050,6,open_reference,0.0215,Open,Open,3099,3639,3050,2925,3018,3328,3177,10578.915663,27132.894737,9923.444976,8500.000000,9527.576602,14752.542373,11766.666667,nan,nan,nan,nan,nan,nan,nan
950100,6,open_reference,0.0215,Open,Open,3113,3650,3055,2899,2984,3312,3171,10778.207739,27887.640449,9987.500000,8241.304348,9131.953195,14381.609195,11668.181818,nan,nan,nan,nan,nan,nan,nan
950150,6,open_reference,0.0215,Open,Open,3171,3597,3069,2912,2991,3293,3209,11668.181818,24557.831325,10170.175439,8369.230769,9211.413043,13960.349127,12314.446953,nan,nan,nan,nan,nan,nan,nan
950200,6,open_reference,0.0215,Open,Open,3168,3609,3048,2908,2977,3297,3167,11619.417476,25248.148148,9897.994269,8329.570345,9053.488372,14047.368421,11603.232759,nan,nan,nan,nan,nan,nan,nan
950250,6,open_reference,0.0215,Open,Open,3131,3560,3035,2907,2958,3288,3169,11042.946058,22624.299065,9734.905660,8319.696970,8845.382586,13852.788104,11635.637149,nan,nan,nan,nan,nan,nan,nan
950300,6,open_reference,0.0215,Open,Open,3106,3487,3030,2912,2968,3340,3137,10677.856421,19499.671053,9673.239437,8369.230769,8954.037267,15041.059603,11133.402923,nan,nan,nan,nan,nan,nan,nan
950350,6,open_reference,0.0215,Open,Open,3138,3355,3022,2909,2973,3305,3139,11148.589342,15414.864865,9575.768872,8339.460371,9009.090909,14224.050633,11163.807531,nan,nan,nan,nan,nan,nan,nan
950400,6,open_reference,0.0215,Open,Open,3089,3475,3028,2902,2966,3282,3156,10439.960239,19056.451613,9648.734770,8270.578374,8932.152347,13725.461255,11427.476038,nan,nan,nan,nan,nan,nan,nan
950450,6,open_reference,0.0215,Open,Open,3058,3436,3011,2916,2989,3262,3125,10026.229508,17727.465857,9444.095941,8409.160305,9188.607595,13314.285714,10953.608247,nan,nan,nan,nan,nan,nan,nan
950500,6,open_reference,0.0216,Open,Open,3058,3448,3029,2921,2993,3272,3153,10026.229508,18119.319938,9660.975610,8459.454855,9234.301270,13517.375456,11380.254777,nan,nan,nan,nan,nan,nan,nan
950550,6,open_reference,0.0216,Open,Open,3087,3383,3003,2905,2989,3238,3111,10412.500000,16154.775281,9350.000000,8300.000000,9188.607595,12846.207701,10749.390244,nan,nan,nan,nan,nan,nan,nan
950600,6,open_reference,0.0216,Open,Open,3026,3356,3001,2915,2995,3217,3147,9624.321796,15440.324763,9326.691042,8399.152542,9257.272727,12457.630979,11286.708861,nan,nan,nan,nan,nan,nan,nan
950650,6,open_reference,0.0216,Open,Open,3034,3396,3016,2910,2982,3186,3060,9722.525919,16518.454936,9503.614458,8349.367089,9109.433962,11916.831683,10052.173913,nan,nan,nan,nan,nan,nan,nan
950700,6,open_reference,0.0216,Open,Open,3039,3346,3020,2892,2974,3183,3075,9784.659091,15188.785047,9551.627907,8173.566085,9020.160571,11866.447368,10250.000000,nan,nan,nan,nan,nan,nan,nan
950750,6,open_reference,0.0216,Open,Open,3008,3328,3007,2898,2987,3202,3151,9408.647654,14752.542373,9396.875000,8231.578947,9165.884477,12191.265398,11348.940678,nan,nan,nan,nan,nan,nan,nan
950800,6,open_reference,0.0216,Open,Open,3023,3317,3008,2894,2979,3213,3073,9587.873134,14495.886889,9408.647654,8192.839301,9075.806452,12385.714286,10223.287671,nan,nan,nan,nan,nan,nan,nan
950850,6,open_reference,0.0216,Open,Open,3031,3327,3002,2884,2953,3177,3062,9685.526316,14728.906250,9338.334858,8097.109827,8791.768827,11766.666667,10078.218780,nan,nan,nan,nan,nan,nan,nan
950900,6,open_reference,0.0216,Open,Open,3018,3331,3004,2892,2961,3195,3049,9527.576602,14823.821990,9361.686526,8173.566085,8877.777778,12070.000000,9910.707457,nan,nan,nan,nan,nan,nan,nan
950950,6,open_reference,0.0217,Open,Open,3021,3319,3015,2892,2959,3197,3051,9563.687151,14542.010309,9491.666667,8173.566085,8856.161972,12104.454343,9936.206897,nan,nan,nan,nan,nan,nan,nan
951000,6,open_reference,0.0217,Open,Open,3023,3242,3016,2874,2942,3157,3076,9587.873134,12922.391559,9503.614458,8002.948403,8675.455334,11443.283582,10263.395486,nan,nan,nan,nan,nan,nan,nan
951050,6,open_reference,0.0217,Open,Open,3006,3293,3012,2883,2960,3166,3055,9385.123967,13960.349127,9455.955679,8087.623762,8866.960352,11587.082885,9987.500000,nan,nan,nan,nan,nan,nan,nan
951100,6,open_reference,0.0217,Open,Open,3017,3323,3012,2882,2954,3149,3062,9515.584416,14634.974093,9455.955679,8078.153339,8802.453988,11317.758985,10078.218780,nan,nan,nan,nan,nan,nan,nan
951150,6,open_reference,0.0217,Open,Open,3044,3307,3001,2879,2934,3152,3087,9847.383444,14268.781726,9326.691042,8049.835526,8592.248062,11364.581124,10412.500000,nan,nan,nan,nan,nan,nan,nan
951200,6,open_reference,0.0217,Open,Open,3012,3333,2990,2896,2945,3144,3104,9455.955679,14871.653543,9200.000000,8212.176814,8706.956522,11240.378549,10649.445005,nan,nan,nan,nan,nan,nan,nan
951250,6,open_reference,0.0217,Open,Open,3020,3442,2997,2897,2943,3141,3125,9551.627907,17921.592649,9280.327869,8221.869783,8685.937500,11194.339623,10953.608247,nan,nan,nan,nan,nan,nan,nan
951300,6,open_reference,0.0217,Open,Open,3013,3465,3005,2895,2949,3125,3100,9467.837338,18700.000000,9373.394495,8202.500000,8749.214660,10953.608247,10592.964824,nan,nan,nan,nan,nan,nan,nan
951350,6,open_reference,0.0218,Open,Open,2973,3431,2985,2897,2957,3119,3122,9009.090909,17568.373494,9143.243243,8221.869783,8834.622144,10865.368852,10909.352518,nan,nan,nan,nan,nan,nan,nan
951400,6,open_reference,0.0218,Open,Open,2970,3417,2991,2894,2958,3075,3093,8976.000000,17135.398230,9211.413043,8192.839301,8845.382586,10250.000000,10495.209581,nan,nan,nan,nan,nan,nan,nan
951450,6,open_reference,0.0218,Open,Open,2991,3416,2981,2884,2973,3088,3079,9211.413043,17105.154639,9098.204668,8097.109827,9009.090909,10426.216485,10303.740157,nan,nan,nan,nan,nan,nan,nan
951500,6,open_reference,0.0218,Open,Open,2973,3446,2962,2895,2975,3107,3048,9009.090909,18053.004622,8888.614298,8202.500000,9031.250000,10692.105263,9897.994269,nan,nan,nan,nan,nan,nan,nan
951550,6,open_reference,0.0218,Open,Open,2976,3438,2958,2897,2973,3094,3034,9042.359249,17791.780822,8845.382586,8221.869783,9009.090909,10509.090909,9722.525919,nan,nan,nan,nan,nan,nan,nan
951600,6,open_reference,0.0218,Open,Open,2976,3331,2961,2891,2970,3101,3022,9042.359249,14823.821990,8877.777778,8163.953488,8976.000000,10607.042254,9575.768872,nan,nan,nan,nan,nan,nan,nan
951650,6,open_reference,0.0218,Open,Open,2966,3422,2962,2899,2977,3090,3057,8932.152347,17287.964339,8888.614298,8241.304348,9053.488372,10453.731343,10013.294798,nan,nan,nan,nan,nan,nan,nan
951700,6,open_reference,0.0218,Open,Open,3003,3455,2973,2904,2961,3072,3059,9350.000000,18354.687500,9009.090909,8290.176322,8877.777778,10209.970674,10039.189189,nan,nan,nan,nan,nan,nan,nan
951750,6,open_reference,0.0218,Open,Open,3002,3432,2976,2887,2941,3090,3028,9338.334858,17600.000000,9042.359249,8125.662252,8664.991334,10453.731343,9648.734770,nan,nan,nan,nan,nan,nan,nan
951800,6,open_reference,0.0218,Open,Open,2951,3413,2975,2897,2950,3094,3041,8770.454545,17014.956012,9031.250000,8221.869783,8759.825328,10509.090909,9809.677419,nan,nan,nan,nan,nan,nan,nan
951850,6,open_reference,0.0219,Open,Open,2965,3423,2987,2895,2956,3077,3009,8921.238938,17318.750000,9165.884477,8202.500000,8823.880597,10276.817289,9420.441989,nan,nan,nan,nan,nan,nan,nan
951900,6,open_reference,0.0219,Open,Open,2958,3428,2979,2887,2942,3072,3003,8845.382586,17474.062969,9075.806452,8125.662252,8675.455334,10209.970674,9350.000000,nan,nan,nan,nan,nan,nan,nan
951950,6,open_reference,0.0219,Open,Open,2948,3387,2964,2898,2959,3074,3002,8738.622493,16265.254237,8910.344828,8231.578947,8856.161972,10236.630754,9338.334858,nan,nan,nan,nan,nan,nan,nan
952000,6,open_reference,0.0219,Open,Open,2949,3425,2964,2897,2957,3058,2994,8749.214660,17380.597015,8910.344828,8221.869783,8834.622144,10026.229508,9245.776567,nan,nan,nan,nan,nan,nan,nan
952050,6,open_reference,0.0219,Open,Open,2906,3416,2961,2889,2956,3039,2994,8309.840202,17105.154639,8877.777778,8144.776119,8823.880597,9784.659091,9245.776567,nan,nan,nan,nan,nan,nan,nan
952100,6,open_reference,0.0219,Open,Open,2933,3385,2955,2899,2968,3041,2995,8581.927711,16209.859155,8813.157895,8241.304348,8954.037267,9809.677419,9257.272727,nan,nan,nan,nan,nan,nan,nan
952150,6,open_reference,0.0219,Open,Open,2896,3424,2960,2906,2978,3057,2977,8212.176814,17349.627422,8866.960352,8309.840202,9064.637422,10013.294798,9053.488372,nan,nan,nan,nan,nan,nan,nan
952200,6,open_reference,0.0219,Open,Open,2944,3375,2965,2891,2960,3050,2971,8696.437880,15937.500000,8921.238938,8163.953488,8866.960352,9923.444976,8987.010676,nan,nan,nan,nan,nan,nan,nan
952250,6,open_reference,0.0219,Open,Open,2948,3347,2962,2907,2968,3035,2981,8738.622493,15213.636364,8888.614298,8319.696970,8954.037267,9734.905660,9098.204668,nan,nan,nan,nan,nan,nan,nan
952300,6,open_reference,0.0220,Open,Open,2942,3327,2969,2904,2960,3042,2980,8675.455334,14728.906250,8965.008881,8290.176322,8866.960352,9822.222222,9086.995516,nan,nan,nan,nan,nan,nan,nan
952350,6,open_reference,0.0220,Open,Open,2955,3330,2971,2894,2960,3040,2982,8813.157895,14800.000000,8987.010676,8192.839301,8866.960352,9797.156398,9109.433962,nan,nan,nan,nan,nan,nan,nan
952400,6,open_reference,0.0220,Open,Open,2900,3308,2953,2896,2970,3011,2973,8251.046025,14291.232529,8791.768827,8212.176814,8976.000000,9444.095941,9009.090909,nan,nan,nan,nan,nan,nan,nan
952450,6,open_reference,0.0220,Open,Open,2942,3341,2963,2894,2967,2989,2954,8675.455334,15065.517241,8899.469965,8192.839301,8943.085106,9188.607595,8802.453988,nan,nan,nan,nan,nan,nan,nan
952500,6,open_reference,0.0220,Open,Open,2942,3303,2960,2878,2959,2982,2972,8675.455334,14179.545455,8866.960352,8040.427280,8856.161972,9109.433962,8998.040962,nan,nan,nan,nan,nan,nan,nan
952550,6,open_reference,0.0220,Open,Open,2905,3276,2956,2890,2966,3027,2954,8300.000000,13600.000000,8823.880597,8154.356846,8932.152347,9636.516854,8802.453988,nan,nan,nan,nan,nan,nan,nan
952600,6,open_reference,0.0220,Open,Open,2906,3307,2961,2884,2959,3027,2954,8309.840202,14268.781726,8877.777778,8097.109827,8856.161972,9636.516854,8802.453988,nan,nan,nan,nan,nan,nan,nan
952650,6,open_reference,0.0220,Open,Open,2901,3392,2963,2871,2958,3016,2980,8260.804020,16405.120910,8899.469965,7975.000000,8845.382586,9503.614458,9086.995516,nan,nan,nan,nan,nan,nan,nan
952700,6,open_reference,0.0220,Open,Open,2924,3398,2959,2891,2957,3037,2975,8489.837746,16575.609756,8856.161972,8163.953488,8834.622144,9759.735350,9031.250000,nan,nan,nan,nan,nan,nan,nan
952750,6,open_reference,0.0220,Open,Open,2949,3420,2977,2895,2945,3018,2995,8749.214660,17226.666667,9053.488372,8202.500000,8706.956522,9527.576602,9257.272727,nan,nan,nan,nan,nan,nan,nan
952800,6,open_reference,0.0221,Open,Open,2954,3394,2980,2893,2954,3041,3000,8802.453988,16461.626248,9086.995516,8183.194676,8802.453988,9809.677419,9315.068493,nan,nan,nan,nan,nan,nan,nan
952850,6,open_reference,0.0221,Open,Open,2950,3434,2976,2898,2972,3085,3017,8759.825328,17663.540091,9042.359249,8231.578947,8998.040962,10385.148515,9515.584416,nan,nan,nan,nan,nan,nan,nan
952900,6,open_reference,0.0221,Open,Open,2957,3413,2981,2899,2976,3049,3012,8834.622144,17014.956012,9098.204668,8241.304348,9042.359249,9910.707457,9455.955679,nan,nan,nan,nan,nan,nan,nan
952950,6,open_reference,0.0221,Open,Open,2948,3451,2982,2898,2940,3053,3042,8738.622493,18219.565217,9109.433962,8231.578947,8654.545455,9961.804223,9822.222222,nan,nan,nan,nan,nan,nan,nan
953000,6,open_reference,0.0221,Open,Open,2966,3435,2992,2914,2958,3062,3031,8932.152347,17695.454545,9222.846782,8389.161727,8845.382586,10078.218780,9685.526316,nan,nan,nan,nan,nan,nan,nan
953050,6,open_reference,0.0221,Open,Open,2961,3426,3007,2913,2939,3084,3002,8877.777778,17411.659193,9396.875000,8379.187817,8644.117647,10371.513353,9338.334858,nan,nan,nan,nan,nan,nan,nan
953100,6,open_reference,0.0221,Open,Open,2948,3453,3001,2900,2924,3088,3018,8738.622493,18286.915888,9326.691042,8251.046025,8489.837746,10426.216485,9527.576602,nan,nan,nan,nan,nan,nan,nan
953150,6,open_reference,0.0221,Open,Open,2940,3375,2967,2911,2939,3108,3045,8654.545455,15937.500000,8943.085106,8359.290541,8644.117647,10706.382979,9860.000000,nan,nan,nan,nan,nan,nan,nan
953200,6,open_reference,0.0221,Open,Open,2926,3411,2997,2906,2941,3093,3029,8510.179641,16955.263158,9280.327869,8309.840202,8664.991334,10495.209581,9660.975610,nan,nan,nan,nan,nan,nan,nan
953250,6,open_reference,0.0221,Open,Open,2924,3391,2981,2896,2955,3109,3047,8489.837746,16376.988636,9098.204668,8212.176814,8813.157895,10720.689655,9885.305344,nan,nan,nan,nan,nan,nan,nan
953300,6,open_reference,0.0432,Open,Open,2944,3393,2984,2890,2971,3160,3036,8696.437880,16433.333333,9131.953195,8154.356846,8987.010676,11490.909091,9747.308782,nan,nan,nan,nan,nan,nan,nan
953350,6,open_reference,0.0634,Open,Open,2990,3443,2999,2893,2964,3169,3042,9200.000000,17954.294479,9303.467153,8183.194676,8910.344828,11635.637149,9822.222222,nan,nan,nan,nan,nan,nan,nan
953400,6,open_reference,0.1260,Open,Open,2984,3421,2993,2892,2959,3213,3042,9131.953195,17257.270030,9234.301270,8173.566085,8856.161972,12385.714286,9822.222222,nan,nan,nan,nan,nan,nan,nan
953450,6,open_reference,0.1889,Open,Open,2963,3505,2984,2895,2963,3276,3034,8899.469965,20198.305085,9131.953195,8202.500000,8899.469965,13600.000000,9722.525919,nan,nan,nan,nan,nan,nan,nan
953500,6,open_reference,0.2306,Open,Open,3001,3537,2986,2894,2949,3271,3042,9326.691042,21551.612903,9154.553652,8192.839301,8749.214660,13496.844660,9822.222222,nan,nan,nan,nan,nan,nan,nan
953550,6,open_reference,0.2938,Open,Open,3013,3434,2981,2876,2941,3223,3071,9467.837338,17663.540091,9098.204668,8021.657096,8664.991334,12566.743119,10196.679688,nan,nan,nan,nan,nan,nan,nan
953600,6,open_reference,0.3360,Open,Open,3007,3470,2964,2886,2941,3238,3055,9396.875000,18876.800000,8910.344828,8116.129032,8664.991334,12846.207701,9987.500000,nan,nan,nan,nan,nan,nan,nan
953650,6,open_reference,0.3782,Open,Open,2980,3468,2974,2888,2950,3184,3079,9086.995516,18805.741627,9020.160571,8135.211268,8759.825328,11883.205269,10303.740157,nan,nan,nan,nan,nan,nan,nan
953700,6,open_reference,0.4204,Open,Open,2960,3399,2970,2875,2914,3180,3054,8866.960352,16604.310345,8976.000000,8012.295082,8389.161727,11816.393443,9974.639769,nan,nan,nan,nan,nan,nan,nan
953750,6,open_reference,0.4833,Open,Open,2963,3386,2971,2900,2942,3172,3052,8899.469965,16237.517630,8987.010676,8251.046025,8675.455334,11684.507042,9948.993289,nan,nan,nan,nan,nan,nan,nan
953800,6,open_reference,0.5251,Open,Open,2946,3425,3002,2898,2928,3116,3062,8717.493473,17380.597015,9338.334858,8231.578947,8530.591260,10821.654750,10078.218780,nan,nan,nan,nan,nan,nan,nan
953850,6,open_reference,0.5884,Open,Open,2943,3415,3027,2888,2928,3115,3047,8685.937500,17075.000000,9636.516854,8135.211268,8530.591260,10807.142857,9885.305344,nan,nan,nan,nan,nan,nan,nan
953900,6,open_reference,0.6300,Open,Open,2946,3331,3004,2906,2951,3184,3026,8717.493473,14823.821990,9361.686526,8309.840202,8770.454545,11883.205269,9624.321796,nan,nan,nan,nan,nan,nan,nan
953950,6,open_reference,0.6926,Open,Open,2980,3373,2978,2906,2945,3144,3011,9086.995516,15883.933518,9064.637422,8309.840202,8706.956522,11240.378549,9444.095941,nan,nan,nan,nan,nan,nan,nan
954000,6,open_reference,0.7548,Open,Open,2967,3312,2994,2897,2955,3104,3010,8943.085106,14381.609195,9245.776567,8221.869783,8813.157895,10649.445005,9432.258065,nan,nan,nan,nan,nan,nan,nan
954050,6,open_reference,0.7958,Open,Open,2983,3310,2995,2905,2991,3119,3005,9120.683453,14336.305732,9257.272727,8300.000000,9211.413043,10865.368852,9373.394495,nan,nan,nan,nan,nan,nan,nan
954100,6,open_reference,0.8374,Open,Open,2985,3363,3031,2910,2956,3123,2990,9143.243243,15620.491803,9685.526316,8349.367089,8823.880597,10924.074074,9200.000000,nan,nan,nan,nan,nan,nan,nan
954150,6,open_reference,0.9009,Open,Open,2980,3334,3006,2881,2942,3079,2985,9086.995516,14895.663601,9385.123967,8068.698517,8675.455334,10303.740157,9143.243243,nan,nan,nan,nan,nan,nan,nan
954200,6,open_reference,0.9223,Open,Open,2965,3288,2991,2896,2934,3069,2986,8921.238938,13852.788104,9211.413043,8212.176814,8592.248062,10170.175439,9154.553652,nan,nan,nan,nan,nan,nan,nan
954250,6,open_reference,1.0066,Open,Open,2993,3290,2991,2898,2924,3050,2998,9234.301270,13895.652174,9211.413043,8231.578947,8489.837746,9923.444976,9291.886964,nan,nan,nan,nan,nan,nan,nan
954300,6,open_reference,1.0272,Open,Open,2989,3246,2972,2889,2918,3042,2999,9188.607595,12999.293286,8998.040962,8144.776119,8429.226848,9822.222222,9303.467153,nan,nan,nan,nan,nan,nan,nan
954350,6,open_reference,1.0695,Open,Open,2966,3237,2958,2894,2938,3077,2988,8932.152347,12827.272727,8845.382586,8192.839301,8633.707865,10276.817289,9177.235772,nan,nan,nan,nan,nan,nan,nan
954400,6,open_reference,1.1327,Open,Open,2966,3251,2960,2884,2932,3047,2987,8932.152347,13096.445498,8866.960352,8097.109827,8571.625107,9885.305344,9165.884477,nan,nan,nan,nan,nan,nan,nan
954450,6,open_reference,1.1740,Open,Open,2960,3233,2991,2878,2945,3039,2999,8866.960352,12751.972158,9211.413043,8040.427280,8706.956522,9784.659091,9303.467153,nan,nan,nan,nan,nan,nan,nan
954500,6,open_reference,1.2164,Open,Open,2943,3254,2985,2914,2936,3058,2972,8685.937500,13155.291320,9143.243243,8389.161727,8612.942192,10026.229508,8998.040962,nan,nan,nan,nan,nan,nan,nan
954550,6,open_reference,1.2788,Open,Open,2972,3231,2984,2909,2961,3141,2961,8998.040962,12714.583333,9131.953195,8339.460371,8877.777778,11194.339623,8877.777778,nan,nan,nan,nan,nan,nan,nan
954600,6,open_reference,1.3212,Open,Open,2959,3174,2974,2889,2947,3087,3002,8856.161972,11717.263844,9020.160571,8144.776119,8728.048780,10412.500000,9338.334858,nan,nan,nan,nan,nan,nan,nan
954650,6,open_reference,1.3837,Open,Open,2948,3138,2962,2896,2951,3099,2986,8738.622493,11148.589342,8888.614298,8212.176814,8770.454545,10578.915663,9154.553652,nan,nan,nan,nan,nan,nan,nan
954700,6,open_reference,1.4260,Open,Open,2954,3149,2963,2889,2931,3118,2996,8802.453988,11317.758985,8899.469965,8144.776119,8561.340206,10850.767656,9268.789809,nan,nan,nan,nan,nan,nan,nan
954750,6,open_reference,1.4675,Open,Open,2954,3107,2944,2888,2927,3087,2989,8802.453988,10692.105263,8696.437880,8135.211268,8520.376712,10412.500000,9188.607595,nan,nan,nan,nan,nan,nan,nan
954800,6,open_reference,1.5087,Open,Open,2948,3128,2939,2894,2950,3094,2993,8738.622493,10998.138573,8644.117647,8192.839301,8759.825328,10509.090909,9234.301270,nan,nan,nan,nan,nan,nan,nan
954850,6,open_reference,1.5968,Open,Open,2956,3191,2942,2905,2946,3083,3000,8823.880597,12001.548673,8675.455334,8300.000000,8717.493473,10357.905138,9315.068493,nan,nan,nan,nan,nan,nan,nan
954900,6,open_reference,1.6174,Open,Open,2952,3181,2950,2902,2925,3071,3009,8781.102362,11833.041575,8759.825328,8270.578374,8500.000000,10196.679688,9420.441989,nan,nan,nan,nan,nan,nan,nan
954950,6,open_reference,1.6598,Open,Open,2946,3143,2955,2896,2949,3064,2991,8717.493473,11225.000000,8813.157895,8212.176814,8749.214660,10104.364694,9211.413043,nan,nan,nan,nan,nan,nan,nan
955000,6,open_reference,1.7429,Open,Open,2946,3165,2947,2891,2937,3056,2982,8717.493473,11570.967742,8728.048780,8163.953488,8623.316062,10000.384986,9109.433962,nan,nan,nan,nan,nan,nan,nan
955050,6,open_reference,1.7639,Open,Open,2950,3197,2944,2877,2914,3038,2969,8759.825328,12104.454343,8696.437880,8031.034483,8389.161727,9772.185430,8965.008881,nan,nan,nan,nan,nan,nan,nan
955100,6,open_reference,1.8474,Open,Open,2935,3171,2930,2879,2911,3036,2989,8602.586207,11668.181818,8551.072961,8049.835526,8359.290541,9747.308782,9188.607595,nan,nan,nan,nan,nan,nan,nan
955150,6,open_reference,1.8682,Open,Open,2944,3142,2944,2892,2925,3044,2970,8696.437880,11209.653725,8696.437880,8173.566085,8500.000000,9847.383444,8976.000000,nan,nan,nan,nan,nan,nan,nan
955200,6,open_reference,1.9305,Open,Open,2934,3163,2940,2880,2911,3056,2951,8592.248062,11538.841202,8654.545455,8059.259259,8359.290541,10000.384986,8770.454545,nan,nan,nan,nan,nan,nan,nan
955250,6,open_reference,1.9726,Open,Open,2929,3163,2923,2891,2923,3048,2959,8540.823328,11538.841202,8479.692833,8163.953488,8479.692833,9897.994269,8856.161972,nan,nan,nan,nan,nan,nan,nan
955300,6,open_reference,2.0133,Open,Open,2942,3192,2924,2893,2917,3024,2943,8675.455334,12018.604651,8489.837746,8183.194676,8419.185059,9600.000000,8685.937500,nan,nan,nan,nan,nan,nan,nan
955350,6,open_reference,2.0772,Open,Open,2947,3189,2929,2884,2909,3020,2960,8728.048780,11967.549669,8540.823328,8097.109827,8339.460371,9551.627907,8866.960352,nan,nan,nan,nan,nan,nan,nan
955400,6,open_reference,2.1195,Open,Open,2942,3173,2925,2895,2920,3026,2958,8675.455334,11700.867679,8500.000000,8202.500000,8449.361702,9624.321796,8845.382586,nan,nan,nan,nan,nan,nan,nan
955450,6,open_reference,2.1826,Open,Open,2956,3209,2933,2892,2922,3029,2946,8823.880597,12314.446953,8581.927711,8173.566085,8469.565217,9660.975610,8717.493473,nan,nan,nan,nan,nan,nan,nan
955500,6,open_reference,2.2667,Open,Open,2937,3221,2929,2885,2925,3028,2961,8623.316062,12530.205950,8540.823328,8106.611570,8500.000000,9648.734770,8877.777778,nan,nan,nan,nan,nan,nan,nan
955550,6,open_reference,2.2882,Open,Open,2938,3217,2933,2889,2926,3028,2969,8633.707865,12457.630979,8581.927711,8144.776119,8510.179641,9648.734770,8965.008881,nan,nan,nan,nan,nan,nan,nan
955600,6,open_reference,2.3298,Open,Open,2951,3229,2936,2890,2920,3031,2966,8770.454545,12677.367206,8612.942192,8154.356846,8449.361702,9685.526316,8932.152347,nan,nan,nan,nan,nan,nan,nan
955650,6,open_reference,2.3926,Open,Open,2956,3250,2943,2876,2912,3023,2970,8823.880597,13076.923077,8685.937500,8021.657096,8369.230769,9587.873134,8976.000000,nan,nan,nan,nan,nan,nan,nan
955700,6,open_reference,2.4347,Open,Open,2933,3202,2927,2886,2924,3024,2962,8581.927711,12191.265398,8520.376712,8116.129032,8489.837746,9600.000000,8888.614298,nan,nan,nan,nan,nan,nan,nan
955750,6,open_reference,2.4773,Open,Open,2945,3215,2939,2884,2914,3023,2951,8706.956522,12421.590909,8644.117647,8097.109827,8389.161727,9587.873134,8770.454545,nan,nan,nan,nan,nan,nan,nan
955800,6,open_reference,2.5192,Open,Open,2943,3199,2935,2863,2914,3024,2958,8685.937500,12139.062500,8602.586207,7901.136364,8389.161727,9600.000000,8845.382586,nan,nan,nan,nan,nan,nan,nan
955850,6,open_reference,2.5623,Open,Open,2928,3170,2927,2875,2942,3026,2948,8530.591260,11651.891892,8520.376712,8012.295082,8675.455334,9624.321796,8738.622493,nan,nan,nan,nan,nan,nan,nan
955900,6,open_reference,2.6253,Open,Open,2941,3193,2937,2871,2933,3023,2939,8664.991334,12035.698448,8623.316062,7975.000000,8581.927711,9587.873134,8644.117647,nan,nan,nan,nan,nan,nan,nan
955950,6,open_reference,2.6888,Open,Open,2928,3195,2926,2866,2927,3019,2960,8530.591260,12070.000000,8510.179641,7928.722539,8520.376712,9539.591078,8866.960352,nan,nan,nan,nan,nan,nan,nan
956000,6,open_reference,2.7310,Open,Open,2908,3197,2920,2888,2935,3011,2948,8329.570345,12104.454343,8449.361702,8135.211268,8602.586207,9444.095941,8738.622493,nan,nan,nan,nan,nan,nan,nan
956050,6,open_reference,2.7730,Open,Open,2916,3227,2934,2881,2927,3012,2952,8409.160305,12640.322581,8592.248062,8068.698517,8520.376712,9455.955679,8781.102362,nan,nan,nan,nan,nan,nan,nan
956100,6,open_reference,2.8364,Open,Open,2917,3254,2939,2881,2931,2995,2955,8419.185059,13155.291320,8644.117647,8068.698517,8561.340206,9257.272727,8813.157895,nan,nan,nan,nan,nan,nan,nan
956150,6,open_reference,2.8573,Open,Open,2916,3246,2932,2887,2934,2984,2949,8409.160305,12999.293286,8571.625107,8125.662252,8592.248062,9131.953195,8749.214660,nan,nan,nan,nan,nan,nan,nan
956200,6,open_reference,2.9411,Open,Open,2927,3260,2928,2881,2944,2991,2941,8520.376712,13274.251497,8530.591260,8068.698517,8696.437880,9211.413043,8664.991334,nan,nan,nan,nan,nan,nan,nan
956250,6,open_reference,2.9830,Open,Open,2927,3255,2928,2863,2935,2982,2948,8520.376712,13175.000000,8530.591260,7901.136364,8602.586207,9109.433962,8738.622493,nan,nan,nan,nan,nan,nan,nan
956300,6,open_reference,3.0033,Open,Open,2919,3203,2918,2876,2939,2996,2934,8439.285714,12208.744395,8429.226848,8021.657096,8644.117647,9268.789809,8592.248062,nan,nan,nan,nan,nan,nan,nan
956350,6,open_reference,3.0660,Open,Open,2930,3199,2931,2880,2926,2964,2936,8551.072961,12139.062500,8561.340206,8059.259259,8510.179641,8910.344828,8612.942192,nan,nan,nan,nan,nan,nan,nan
956400,6,open_reference,3.1280,Open,Open,2928,3169,2941,2871,2918,2966,2945,8530.591260,11635.637149,8664.991334,7975.000000,8429.226848,8932.152347,8706.956522,nan,nan,nan,nan,nan,nan,nan
956450,6,open_reference,3.1693,Open,Open,2915,3123,2922,2875,2926,2978,2949,8399.152542,10924.074074,8469.565217,8012.295082,8510.179641,9064.637422,8749.214660,nan,nan,nan,nan,nan,nan,nan
956500,6,open_reference,3.2330,Open,Open,2929,3145,2920,2873,2935,2979,2947,8540.823328,11255.789474,8449.361702,7993.617021,8602.586207,9075.806452,8728.048780,nan,nan,nan,nan,nan,nan,nan
956550,6,open_reference,3.2744,Open,Open,2932,3149,2926,2865,2930,2980,2940,8571.625107,11317.758985,8510.179641,7919.512195,8551.072961,9086.995516,8654.545455,nan,nan,nan,nan,nan,nan,nan
956600,6,open_reference,3.3380,Open,Open,2927,3139,2922,2874,2943,2988,2934,8520.376712,11163.807531,8469.565217,8002.948403,8685.937500,9177.235772,8592.248062,nan,nan,nan,nan,nan,nan,nan
956650,6,open_reference,3.3797,Open,Open,2944,3151,2928,2881,2934,2972,2928,8696.437880,11348.940678,8530.591260,8068.698517,8592.248062,8998.040962,8530.591260,nan,nan,nan,nan,nan,nan,nan
956700,6,open_reference,3.4425,Open,Open,2941,3155,2931,2869,2925,2960,2949,8664.991334,11411.702128,8561.340206,7956.443719,8500.000000,8866.960352,8749.214660,nan,nan,nan,nan,nan,nan,nan
956750,6,open_reference,3.5061,Open,Open,2920,3164,2929,2876,2928,2956,2949,8449.361702,11554.887218,8540.823328,8021.657096,8530.591260,8823.880597,8749.214660,nan,nan,nan,nan,nan,nan,nan
956800,6,open_reference,3.5686,Open,Open,2937,3164,2942,2878,2926,2963,2923,8623.316062,11554.887218,8675.455334,8040.427280,8510.179641,8899.469965,8479.692833,nan,nan,nan,nan,nan,nan,nan
956850,6,open_reference,3.5894,Open,Open,2945,3171,2936,2865,2928,2955,2921,8706.956522,11668.181818,8612.942192,7919.512195,8530.591260,8813.157895,8459.454855,nan,nan,nan,nan,nan,nan,nan
956900,6,open_reference,3.6314,Open,Open,2932,3165,2929,2880,2948,2974,2922,8571.625107,11570.967742,8540.823328,8059.259259,8738.622493,9020.160571,8469.565217,nan,nan,nan,nan,nan,nan,nan
956950,6,open_reference,3.6939,Open,Open,2945,3182,2933,2869,2943,2977,2920,8706.956522,11849.726177,8581.927711,7956.443719,8685.937500,9053.488372,8449.361702,nan,nan,nan,nan,nan,nan,nan
957000,6,open_reference,3.7566,Open,Open,2945,3183,2936,2866,2931,2971,2931,8706.956522,11866.447368,8612.942192,7928.722539,8561.340206,8987.010676,8561.340206,nan,nan,nan,nan,nan,nan,nan
957050,6,open_reference,3.7981,Open,Open,2936,3167,2929,2863,2942,2992,2927,8612.942192,11603.232759,8540.823328,7901.136364,8675.455334,9222.846782,8520.376712,nan,nan,nan,nan,nan,nan,nan
957100,6,open_reference,3.8404,Open,Open,2934,3155,2940,2867,2943,2991,2919,8592.248062,11411.702128,8654.545455,7937.947883,8685.937500,9211.413043,8439.285714,nan,nan,nan,nan,nan,nan,nan
957150,6,open_reference,3.9031,Open,Open,2927,3173,2947,2864,2934,2980,2950,8520.376712,11700.867679,8728.048780,7910.316816,8592.248062,9086.995516,8759.825328,nan,nan,nan,nan,nan,nan,nan
957200,6,open_reference,3.9237,Open,Open,2924,3188,2949,2886,2947,2992,2943,8489.837746,11950.606395,8749.214660,8116.129032,8728.048780,9222.846782,8685.937500,nan,nan,nan,nan,nan,nan,nan
957250,6,open_reference,3.9658,Open,Open,2928,3178,2954,2882,2956,2978,2967,8530.591260,11783.206107,8802.453988,8078.153339,8823.880597,9064.637422,8943.085106,nan,nan,nan,nan,nan,nan,nan
957300,6,posture_hold,0.0205,Open,Open,2939,3189,2952,2874,2937,2980,2961,8644.117647,11967.549669,8781.102362,8002.948403,8623.316062,9086.995516,8877.777778,0.007852,0.000708,0.025669,-0.003498,0.009658,-0.014119,0.015924
957350,6,posture_hold,0.0417,Open,Open,2927,3128,2933,2879,2945,3002,2968,8520.376712,10998.138573,8581.927711,8049.835526,8706.956522,9338.334858,8954.037267,-0.006576,-0.080352,0.002405,0.002340,0.019451,0.013150,0.024651
957400,6,posture_hold,0.1050,Open,Open,2940,3213,2928,2877,2929,3006,2970,8654.545455,12385.714286,8530.591260,8031.034483,8540.823328,9385.123967,8976.000000,0.009067,0.035675,-0.003592,-0.000001,-0.000001,0.018226,0.027164
957450,6,posture_hold,0.1683,Open,Open,2932,3190,2953,2871,2941,2963,2972,8571.625107,11984.530387,8791.768827,7975.000000,8664.991334,8899.469965,8998.040962,-0.000601,0.002128,0.026915,-0.006978,0.014537,-0.034464,0.029686
957500,6,posture_hold,0.1894,Open,Open,2928,3155,2949,2877,2950,2982,2960,8530.591260,11411.702128,8749.214660,8031.034483,8759.825328,9109.433962,8866.960352,-0.005385,-0.045771,0.021945,-0.000001,0.025641,-0.011684,0.014686
957550,6,posture_hold,0.2732,Open,Open,2938,3162,2943,2871,2935,2981,2948,8633.707865,11522.829582,8685.937500,7975.000000,8602.586207,9098.204668,8738.622493,0.006638,-0.036478,0.014553,-0.006978,0.007230,-0.012903,0.000000
957600,6,posture_hold,0.3153,Open,Open,2938,3186,2932,2866,2915,2970,2952,8633.707865,11916.831683,8571.625107,7928.722539,8399.152542,8976.000000,8781.102362,0.006638,-0.003533,0.001201,-0.012741,-0.016588,-0.026161,0.004861
957650,6,posture_hold,0.3772,Open,Open,2926,3218,2924,2880,2936,2980,2944,8510.179641,12475.712657,8489.837746,8059.259259,8612.942192,9086.995516,8696.437880,-0.007765,0.043200,-0.008352,0.003514,0.008443,-0.014119,-0.004827
957700,6,posture_hold,0.3980,Open,Open,2929,3215,2948,2873,2949,2974,2943,8540.823328,12421.590909,8738.622493,7993.617021,8749.214660,9020.160571,8685.937500,-0.004192,0.038675,0.020707,-0.004660,0.024398,-0.021370,-0.006029
957750,6,posture_hold,0.4607,Open,Open,2930,3202,2946,2875,2923,2978,2958,8551.072961,12191.265398,8717.493473,8012.295082,8479.692833,9064.637422,8845.382586,-0.002997,0.019415,0.018239,-0.002334,-0.007158,-0.016544,0.012217
957800,6,posture_hold,0.5233,Open,Open,2923,3192,2957,2881,2942,2972,2946,8479.692833,12018.604651,8834.622144,8068.698517,8675.455334,8998.040962,8717.493473,-0.011319,0.004978,0.031920,0.004689,0.015762,-0.023770,-0.002418
957850,6,posture_hold,0.5434,Open,Open,2925,3264,2925,2878,2938,2960,2942,8500.000000,13354.512635,8500.000000,8040.427280,8633.707865,8866.960352,8675.455334,-0.008952,0.116684,-0.007165,0.001169,0.010874,-0.037991,-0.007229
957900,6,posture_hold,0.6062,Open,Open,2927,3227,2921,2865,2933,2954,2953,8520.376712,12640.322581,8459.454855,7919.512195,8581.927711,8802.453988,8791.768827,-0.006576,0.056965,-0.011901,-0.013887,0.004812,-0.044990,0.006082
957950,6,posture_hold,0.6475,Open,Open,2911,3237,2937,2882,2943,2973,2961,8359.290541,12827.272727,8623.316062,8078.153339,8685.937500,9009.090909,8877.777778,-0.025358,0.072597,0.007239,0.005866,0.016990,-0.022571,0.015924
958000,6,posture_hold,0.7102,Open,Open,2927,3227,2928,2884,2938,2971,2951,8520.376712,12640.322581,8530.591260,8097.109827,8633.707865,8987.010676,8770.454545,-0.006576,0.056965,-0.003592,0.008227,0.010874,-0.024966,0.003643
958050,6,posture_hold,0.7937,Open,Open,2927,3235,2936,2871,2942,2973,2944,8520.376712,12789.534884,8612.942192,7975.000000,8675.455334,9009.090909,8696.437880,-0.006576,0.069442,0.006027,-0.006978,0.015762,-0.022571,-0.004827
958100,6,posture_hold,0.8146,Open,Open,2909,3187,2930,2882,2937,2975,2946,8339.460371,11933.700441,8551.072961,8078.153339,8623.316062,9031.250000,8717.493473,-0.027670,-0.002122,-0.001199,0.005866,0.009658,-0.020167,-0.002418
958150,6,posture_hold,0.8570,Open,Open,2922,3183,2935,2873,2939,2958,2939,8469.565217,11866.447368,8602.586207,7993.617021,8644.117647,8845.382586,8644.117647,-0.012500,-0.007746,0.004818,-0.004660,0.012093,-0.040332,-0.010815
958200,6,posture_hold,0.9203,Open,Open,2917,3196,2936,2866,2920,2961,2941,8419.185059,12087.208009,8612.942192,7928.722539,8449.361702,8877.777778,8664.991334,-0.018374,0.010714,0.006027,-0.012741,-0.010710,-0.036818,-0.008426
958250,6,posture_hold,0.9623,Open,Open,2903,3221,2929,2862,2937,2961,2946,8280.369128,12530.205950,8540.823328,7891.970803,8623.316062,8877.777778,8717.493473,-0.034559,0.047757,-0.002396,-0.017317,0.009658,-0.036818,-0.002418
958300,6,posture_hold,1.0044,Open,Open,2920,3262,2942,2862,2938,2961,2952,8449.361702,13314.285714,8675.455334,7891.970803,8633.707865,8877.777778,8781.102362,-0.014856,0.113320,0.013329,-0.017317,0.010874,-0.036818,0.004861
958350,6,posture_hold,1.0722,Open,Open,2909,3189,2944,2865,2920,2967,2966,8339.460371,11967.549669,8696.437880,7919.512195,8449.361702,8943.085106,8932.152347,-0.027670,0.000708,0.015780,-0.013887,-0.010710,-0.029732,0.022146
958400,6,posture_hold,1.1160,Open,Open,2900,3149,2940,2882,2943,3005,2972,8251.046025,11317.758985,8654.545455,8078.153339,8685.937500,9373.394495,8998.040962,-0.037978,-0.053626,0.010887,0.005866,0.016990,0.016954,0.029686
958450,6,posture_hold,1.1585,Open,Open,2918,3195,2960,2881,2930,3022,2960,8429.226848,12070.000000,8866.960352,8068.698517,8551.072961,9575.768872,8866.960352,-0.017203,0.009275,0.035698,0.004689,0.001199,0.038910,0.014686
958500,6,posture_hold,1.2219,Open,Open,2914,3214,2963,2862,2942,2996,2966,8389.161727,12403.632236,8899.469965,7891.970803,8675.455334,9268.789809,8932.152347,-0.021875,0.037173,0.039495,-0.017317,0.015762,0.005605,0.022146
958550,6,posture_hold,1.2631,Open,Open,2897,3175,2966,2879,2926,3028,2973,8221.869783,11733.695652,8932.152347,8049.835526,8510.179641,9648.734770,9009.090909,-0.041380,-0.018846,0.043312,0.002340,-0.003589,0.046826,0.030951
958600,6,posture_hold,1.3267,Open,Open,2916,3182,2959,2875,2920,3027,2968,8409.160305,11849.726177,8856.161972,8012.295082,8449.361702,9636.516854,8954.037267,-0.019543,-0.009144,0.034436,-0.002334,-0.010710,0.045501,0.024651
958650,6,posture_hold,1.3686,Open,Open,2918,3149,2943,2865,2927,3013,2977,8429.226848,11317.758985,8685.937500,7919.512195,8520.376712,9467.837338,9053.488372,-0.017203,-0.053626,0.014553,-0.013887,-0.002395,0.027200,0.036032
958700,6,posture_hold,1.4117,Open,Open,2912,3173,2940,2880,2949,3009,2969,8369.230769,11700.867679,8654.545455,8059.259259,8749.214660,9420.441989,8965.008881,-0.024199,-0.021591,0.010887,0.003514,0.024398,0.022058,0.025906
958750,6,posture_hold,1.4549,Open,Open,2931,3178,2981,2871,2938,3019,2983,8561.340206,11783.206107,9098.204668,7975.000000,8633.707865,9539.591078,9120.683453,-0.001800,-0.014706,0.062708,-0.006978,0.010874,0.034985,0.043721
958800,6,posture_hold,1.5215,Open,Open,2949,3223,3007,2868,2940,2988,2982,8749.214660,12566.743119,9396.875000,7947.188264,8654.545455,9177.235772,9109.433962,0.020105,0.050812,0.097594,-0.010441,0.013314,-0.004328,0.042434
958850,6,posture_hold,1.5642,Open,Open,2934,3197,2954,2868,2949,2989,2969,8592.248062,12104.454343,8802.453988,7947.188264,8749.214660,9188.607595,8965.008881,0.001804,0.012156,0.028163,-0.010441,0.024398,-0.003094,0.025906
958900,6,posture_hold,1.6068,Open,Open,2929,3191,2938,2865,2935,2988,2945,8540.823328,12001.548673,8633.707865,7919.512195,8602.586207,9177.235772,8706.956522,-0.004192,0.003551,0.008453,-0.013887,0.007230,-0.004328,-0.003624
958950,6,posture_hold,1.6698,Open,Open,2926,3180,2933,2849,2927,2976,2942,8510.179641,11816.393443,8581.927711,7774.157303,8520.376712,9042.359249,8675.455334,-0.007765,-0.011931,0.002405,-0.031986,-0.002395,-0.018962,-0.007229
959000,6,posture_hold,1.7119,Open,Open,2910,3135,2927,2862,2934,2978,2927,8349.367089,11103.125000,8520.376712,7891.970803,8592.248062,9064.637422,8520.376712,-0.026515,-0.071573,-0.004785,-0.017317,0.006020,-0.016544,-0.024975
959050,6,posture_hold,1.7542,Open,Open,2924,3126,2926,2860,2935,2979,2907,8489.837746,10968.421053,8510.179641,7873.684211,8602.586207,9075.806452,8319.696970,-0.010137,-0.082837,-0.005976,-0.019594,0.007230,-0.015333,-0.047940
959100,6,posture_hold,1.8176,Open,Open,2936,3165,2920,2850,2914,2959,2909,8612.942192,11570.967742,8449.361702,7783.132530,8389.161727,8856.161972,8339.460371,0.004217,-0.032453,-0.013080,-0.030869,-0.017758,-0.039163,-0.045678
959150,6,posture_hold,1.8386,Open,Open,2927,3138,2902,2861,2919,2951,2916,8520.376712,11148.589342,8270.578374,7882.820097,8439.285714,8770.454545,8409.160305,-0.006576,-0.067772,-0.033962,-0.018456,-0.011890,-0.048461,-0.037702
959200,6,posture_hold,1.9012,Open,Open,2931,3157,2925,2862,2917,2952,2907,8561.340206,11443.283582,8500.000000,7891.970803,8419.185059,8781.102362,8319.696970,-0.001800,-0.043130,-0.007165,-0.017317,-0.014243,-0.047306,-0.047940
959250,6,posture_hold,1.9848,Open,Open,2928,3142,2928,2845,2907,2944,2905,8530.591260,11209.653725,8530.591260,7738.400000,8319.696970,8696.437880,8300.000000,-0.005385,-0.062666,-0.003592,-0.036439,-0.025892,-0.056492,-0.050194
959300,6,posture_hold,2.0268,Open,Open,2913,3173,2939,2862,2923,2951,2888,8379.187817,11700.867679,8644.117647,7891.970803,8479.692833,8770.454545,8135.211268,-0.023038,-0.021591,0.009669,-0.017317,-0.007158,-0.048461,-0.069051
959350,6,posture_hold,2.0894,Open,Open,2915,3183,2939,2857,2914,2945,2888,8399.152542,11866.447368,8644.117647,7846.365105,8389.161727,8706.956522,8135.211268,-0.020710,-0.007746,0.009669,-0.022995,-0.017758,-0.055351,-0.069051
959400,6,posture_hold,2.0895,Open,Open,2915,3202,2941,2845,2901,2945,2898,8399.152542,12191.265398,8664.991334,7738.400000,8260.804020,8706.956522,8231.578947,-0.020710,0.019415,0.012107,-0.036439,-0.032787,-0.055351,-0.058023
959450,6,posture_hold,2.1739,Open,Open,2907,3170,2929,2857,2911,2953,2894,8319.696970,11651.891892,8540.823328,7846.365105,8359.290541,8791.768827,8192.839301,-0.029974,-0.025686,-0.002396,-0.022995,-0.021256,-0.046149,-0.062456
959500,6,posture_hold,2.2154,Open,Open,2917,3158,2944,2855,2908,2941,2892,8419.185059,11459.124867,8696.437880,7828.225806,8329.570345,8664.991334,8173.566085,-0.018374,-0.041805,0.015780,-0.025254,-0.024736,-0.059904,-0.064662
959550,6,posture_hold,2.2573,Open,Open,2920,3138,2929,2843,2905,2951,2896,8449.361702,11148.589342,8540.823328,7720.607029,8300.000000,8770.454545,8212.176814,-0.014856,-0.067772,-0.002396,-0.038654,-0.028198,-0.048461,-0.060244
959600,6,posture_hold,2.2988,Open,Open,2907,3161,2919,2864,2918,2968,2898,8319.696970,11506.852248,8439.285714,7910.316816,8429.226848,8954.037267,8231.578947,-0.029974,-0.037814,-0.014256,-0.015032,-0.013067,-0.028544,-0.058023
959650,6,posture_hold,2.3609,Open,Open,2914,3242,2923,2862,2918,2965,2887,8389.161727,12922.391559,8479.692833,7891.970803,8429.226848,8921.238938,8125.662252,-0.021875,0.080551,-0.009537,-0.017317,-0.013067,-0.032102,-0.070144
959700,6,posture_hold,2.4036,Open,Open,2913,3202,2926,2855,2899,2934,2881,8379.187817,12191.265398,8510.179641,7828.225806,8241.304348,8592.248062,8068.698517,-0.023038,0.019415,-0.005976,-0.025254,-0.035070,-0.067796,-0.076662
959750,6,posture_hold,2.4672,Open,Open,2910,3158,2914,2858,2909,2930,2890,8349.367089,11459.124867,8389.161727,7855.456750,8339.460371,8551.072961,8154.356846,-0.026515,-0.041805,-0.020111,-0.021863,-0.023578,-0.072263,-0.066860
959800,6,posture_hold,2.5089,Open,Open,2918,3147,2924,2850,2903,2924,2878,8429.226848,11286.708861,8489.837746,7783.132530,8280.369128,8489.837746,8040.427280,-0.017203,-0.056222,-0.008352,-0.030869,-0.030496,-0.078907,-0.079898
959850,6,posture_hold,2.5728,Open,Open,2917,3117,2924,2835,2894,2921,2883,8419.185059,10836.196319,8489.837746,7650.000000,8192.839301,8459.454855,8087.623762,-0.018374,-0.093894,-0.008352,-0.047446,-0.040745,-0.082203,-0.074497
959900,6,posture_hold,2.6155,Open,Open,2909,3097,2917,2855,2902,2922,2897,8339.460371,10550.901804,8419.185059,7828.225806,8270.578374,8469.565217,8221.869783,-0.027670,-0.117750,-0.016604,-0.025254,-0.031643,-0.081106,-0.059134
959950,6,posture_hold,2.6583,Open,Open,2920,3123,2928,2853,2904,2924,2888,8449.361702,10924.074074,8530.591260,7810.144928,8290.176322,8489.837746,8135.211268,-0.014856,-0.086545,-0.003592,-0.027505,-0.029348,-0.078907,-0.069051
960000,6,posture_hold,2.7216,Open,Open,2922,3129,2929,2839,2895,2914,2898,8469.565217,11013.043478,8540.823328,7685.191083,8202.500000,8389.161727,8231.578947,-0.012500,-0.079106,-0.002396,-0.043064,-0.039613,-0.089829,-0.058023
960050,6,posture_hold,2.7634,Open,Open,2911,3120,2921,2850,2899,2915,2903,8359.290541,10880.000000,8459.454855,7783.132530,8241.304348,8399.152542,8280.369128,-0.025358,-0.090231,-0.011901,-0.030869,-0.035070,-0.088745,-0.052440
960100,6,posture_hold,2.8261,Open,Open,2918,3138,2931,2846,2898,2925,2891,8429.226848,11148.589342,8561.340206,7747.317854,8231.578947,8500.000000,8163.953488,-0.017203,-0.067772,0.000000,-0.035328,-0.036209,-0.077804,-0.065762
960150,6,posture_hold,2.8686,Open,Open,2937,3136,2928,2835,2893,2914,2896,8623.316062,11118.248175,8530.591260,7650.000000,8183.194676,8389.161727,8212.176814,0.005426,-0.070309,-0.003592,-0.047446,-0.041874,-0.089829,-0.060244
960200,6,posture_hold,2.9327,Open,Open,2925,3122,2929,2847,2896,2924,2894,8500.000000,10909.352518,8540.823328,7756.250000,8212.176814,8489.837746,8192.839301,-0.008952,-0.087776,-0.002396,-0.034216,-0.038480,-0.078907,-0.062456
960250,6,posture_hold,2.9752,Open,Open,2913,3133,2929,2845,2899,2917,2887,8379.187817,11072.972973,8540.823328,7738.400000,8241.304348,8419.185059,8125.662252,-0.023038,-0.074095,-0.002396,-0.036439,-0.035070,-0.086572,-0.070144
960300,6,posture_hold,3.0178,Open,Open,2912,3135,2940,2833,2889,2914,2892,8369.230769,11103.125000,8654.545455,7632.488114,8144.776119,8389.161727,8173.566085,-0.024199,-0.071573,0.010887,-0.049627,-0.046372,-0.089829,-0.064662
960350,6,posture_hold,3.0391,Open,Open,2894,3123,2924,2847,2894,2925,2887,8192.839301,10924.074074,8489.837746,7756.250000,8192.839301,8500.000000,8125.662252,-0.044765,-0.086545,-0.008352,-0.034216,-0.040745,-0.077804,-0.070144
960400,6,posture_hold,3.1221,Open,Open,2910,3123,2928,2842,2893,2937,2882,8349.367089,10924.074074,8530.591260,7711.731844,8183.194676,8623.316062,8078.153339,-0.026515,-0.086545,-0.003592,-0.039760,-0.041874,-0.064425,-0.075580
960450,6,posture_hold,3.1848,Open,Open,2908,3124,2926,2829,2880,2925,2889,8329.570345,10938.825953,8510.179641,7597.630332,8059.259259,8500.000000,8144.776119,-0.028823,-0.085312,-0.005976,-0.053967,-0.056385,-0.077804,-0.067957
960500,6,posture_hold,3.1850,Open,Open,2899,3110,2916,2839,2894,2930,2896,8241.304348,10735.025381,8409.160305,7685.191083,8192.839301,8551.072961,8212.176814,-0.039114,-0.102353,-0.017775,-0.043064,-0.040745,-0.072263,-0.060244
960550,6,posture_hold,3.2685,Open,Open,2904,3115,2919,2831,2888,2924,2888,8290.176322,10807.142857,8439.285714,7615.031646,8135.211268,8489.837746,8135.211268,-0.033416,-0.096323,-0.014256,-0.051800,-0.047492,-0.078907,-0.069051
960600,6,posture_hold,3.3320,Open,Open,2904,3122,2917,2824,2882,2909,2888,8290.176322,10909.352518,8419.185059,7554.366640,8078.153339,8339.460371,8135.211268,-0.033416,-0.087776,-0.016604,-0.059354,-0.054173,-0.095222,-0.069051
960650,6,posture_hold,3.3732,Open,Open,2892,3120,2902,2824,2888,2926,2890,8173.566085,10880.000000,8270.578374,7554.366640,8135.211268,8510.179641,8154.356846,-0.047012,-0.090231,-0.033962,-0.059354,-0.047492,-0.076700,-0.066860
960700,6,posture_hold,3.4147,Open,Open,2905,3117,2910,2832,2889,2944,2880,8300.000000,10836.196319,8349.367089,7623.752969,8144.776119,8696.437880,8059.259259,-0.032270,-0.093894,-0.024759,-0.050714,-0.046372,-0.056492,-0.077743
960750,6,posture_hold,3.4777,Open,Open,2911,3121,2910,2824,2878,2926,2889,8359.290541,10894.661191,8349.367089,7554.366640,8040.427280,8510.179641,8144.776119,-0.025358,-0.089005,-0.024759,-0.059354,-0.058590,-0.076700,-0.067957
960800,6,posture_hold,3.4981,Open,Open,2897,3129,2906,2836,2881,2942,2890,8221.869783,11013.043478,8309.840202,7658.776807,8068.698517,8675.455334,8154.356846,-0.041380,-0.079106,-0.029376,-0.046353,-0.055280,-0.058768,-0.066860
960850,6,posture_hold,3.5614,Open,Open,2910,3155,2918,2834,2883,2933,2877,8349.367089,11411.702128,8429.226848,7641.237113,8087.623762,8581.927711,8031.034483,-0.026515,-0.045771,-0.015431,-0.048537,-0.053064,-0.068915,-0.080972
960900,6,posture_hold,3.6247,Open,Open,2906,3148,2917,2827,2876,2937,2886,8309.840202,11302.217529,8419.185059,7580.283912,8021.657096,8623.316062,8116.129032,-0.031123,-0.054926,-0.016604,-0.056127,-0.060787,-0.064425,-0.071235
960950,6,posture_hold,3.6657,Open,Open,2896,3132,2908,2834,2886,2940,2886,8212.176814,11057.943925,8329.570345,7641.237113,8116.129032,8654.545455,8116.129032,-0.042510,-0.075351,-0.027072,-0.048537,-0.049726,-0.061037,-0.071235
961000,6,posture_hold,3.7082,Open,Open,2910,3145,2919,2831,2882,2945,2885,8349.367089,11255.789474,8439.285714,7615.031646,8078.153339,8706.956522,8106.611570,-0.026515,-0.058808,-0.014256,-0.051800,-0.054173,-0.055351,-0.072324
961050,6,posture_hold,3.7715,Open,Open,2913,3132,2912,2825,2879,2928,2883,8379.187817,11057.943925,8369.230769,7562.992126,8049.835526,8530.591260,8087.623762,-0.023038,-0.075351,-0.022439,-0.058280,-0.057488,-0.074485,-0.074497
961100,6,posture_hold,3.8130,Open,Open,2906,3104,2896,2834,2895,2936,2877,8309.840202,10649.445005,8212.176814,7641.237113,8202.500000,8612.942192,8031.034483,-0.031123,-0.109510,-0.040784,-0.048537,-0.039613,-0.065551,-0.080972
961150,6,posture_hold,3.8753,Open,Open,2915,3101,2893,2834,2891,2930,2873,8399.152542,10607.042254,8183.194676,7641.237113,8163.953488,8551.072961,7993.617021,-0.020710,-0.113055,-0.044169,-0.048537,-0.044127,-0.072263,-0.085254
961200,6,posture_hold,3.9180,Open,Open,2917,3099,2910,2824,2875,2927,2871,8419.185059,10578.915663,8349.367089,7554.366640,8012.295082,8520.376712,7975.000000,-0.018374,-0.115407,-0.024759,-0.059354,-0.061884,-0.075593,-0.087385
961250,6,posture_hold,3.9388,Open,Open,2909,3074,2900,2834,2882,2944,2868,8339.460371,10236.630754,8251.046025,7641.237113,8078.153339,8696.437880,7947.188264,-0.027670,-0.144028,-0.036244,-0.048537,-0.054173,-0.056492,-0.090567
961300,6,posture_hold,4.0017,Open,Open,2920,3085,2901,2831,2879,2936,2865,8449.361702,10385.148515,8260.804020,7615.031646,8049.835526,8612.942192,7919.512195,-0.014856,-0.131610,-0.035104,-0.051800,-0.057488,-0.065551,-0.093734
961350,6,posture_hold,4.0650,Open,Open,2917,3084,2898,2830,2866,2939,2866,8419.185059,10371.513353,8231.578947,7606.324111,7928.722539,8644.117647,7928.722539,-0.018374,-0.132750,-0.038517,-0.052885,-0.071669,-0.062168,-0.092681
961400,6,posture_hold,4.0854,Open,Open,2903,3095,2895,2834,2879,2948,2865,8280.369128,10523.000000,8202.500000,7641.237113,8049.835526,8738.622493,7919.512195,-0.034559,-0.120083,-0.041914,-0.048537,-0.057488,-0.051915,-0.093734
961450,6,posture_hold,4.1683,Open,Open,2915,3100,2902,2837,2877,2944,2865,8399.152542,10592.964824,8270.578374,7667.567568,8031.034483,8696.437880,7919.512195,-0.020710,-0.114232,-0.033962,-0.045259,-0.059689,-0.056492,-0.093734
961500,6,posture_hold,4.2097,Open,Open,2913,3111,2902,2823,2866,2928,2871,8379.187817,10749.390244,8270.578374,7545.754717,7928.722539,8530.591260,7975.000000,-0.023038,-0.101152,-0.033962,-0.060426,-0.071669,-0.074485,-0.087385
961550,6,posture_hold,4.2517,Open,Open,2905,3116,2891,2834,2872,2929,2880,8300.000000,10821.654750,8163.953488,7641.237113,7984.300899,8540.823328,8059.259259,-0.032270,-0.095110,-0.046416,-0.048537,-0.065161,-0.073375,-0.077743
961600,6,posture_hold,4.3147,Open,Open,2927,3139,2901,2831,2871,2933,2874,8520.376712,11163.807531,8260.804020,7615.031646,7975.000000,8581.927711,8002.948403,-0.006576,-0.066499,-0.035104,-0.051800,-0.066250,-0.068915,-0.084187
961650,6,posture_hold,4.3561,Open,Open,2925,3112,2900,2823,2864,2925,2867,8500.000000,10763.784334,8251.046025,7545.754717,7910.316816,8500.000000,7937.947883,-0.008952,-0.099949,-0.036244,-0.060426,-0.073824,-0.077804,-0.091625
961700,6,posture_hold,4.3982,Open,Open,2914,3101,2897,2831,2875,2928,2874,8389.161727,10607.042254,8221.869783,7615.031646,8012.295082,8530.591260,8002.948403,-0.021875,-0.113055,-0.039652,-0.051800,-0.061884,-0.074485,-0.084187
961750,6,posture_hold,4.4613,Open,Open,2924,3106,2899,2832,2874,2916,2869,8489.837746,10677.856421,8241.304348,7623.752969,8002.948403,8409.160305,7956.443719,-0.010137,-0.107134,-0.037382,-0.050714,-0.062978,-0.087660,-0.089508
961800,6,posture_hold,4.5242,Open,Open,2915,3097,2893,2823,2864,2897,2868,8399.152542,10550.901804,8183.194676,7545.754717,7910.316816,8221.869783,7947.188264,-0.020710,-0.117750,-0.044169,-0.060426,-0.073824,-0.107979,-0.090567
961850,6,posture_hold,4.5670,Open,Open,2902,3094,2878,2838,2872,2909,2896,8270.578374,10509.090909,8040.427280,7676.372315,7984.300899,8339.460371,8212.176814,-0.035701,-0.121246,-0.060845,-0.044162,-0.065161,-0.095222,-0.060244
961900,6,posture_hold,4.6517,Open,Open,2919,3082,2888,2844,2871,2916,2877,8439.285714,10344.323791,8135.211268,7729.496403,7975.000000,8409.160305,8031.034483,-0.016031,-0.135023,-0.049774,-0.037548,-0.066250,-0.087660,-0.080972
961950,6,posture_hold,4.6722,Open,Open,2919,3095,2882,2829,2862,2914,2866,8439.285714,10523.000000,8078.153339,7597.630332,7891.970803,8389.161727,7928.722539,-0.016031,-0.120083,-0.056438,-0.053967,-0.075972,-0.089829,-0.092681
962000,6,posture_hold,4.7148,Open,Open,2906,3088,2873,2841,2866,2929,2868,8309.840202,10426.216485,7993.617021,7702.870813,7928.722539,8540.823328,7947.188264,-0.031123,-0.128176,-0.066312,-0.040863,-0.071669,-0.073375,-0.090567
962050,6,posture_hold,4.7566,Open,Open,2919,3110,2881,2838,2864,2930,2863,8439.285714,10735.025381,8068.698517,7676.372315,7910.316816,8551.072961,7901.136364,-0.016031,-0.102353,-0.057543,-0.044162,-0.073824,-0.072263,-0.095837
962100,6,posture_hold,4.8204,Open,Open,2922,3103,2879,2830,2856,2914,2861,8469.565217,10635.282258,8049.835526,7606.324111,7837.288136,8389.161727,7882.820097,-0.012500,-0.110694,-0.059746,-0.052885,-0.082374,-0.089829,-0.097933
962150,6,posture_hold,4.8631,Open,Open,2905,3105,2869,2834,2868,2928,2864,8300.000000,10663.636364,7956.443719,7641.237113,7947.188264,8530.591260,7910.316816,-0.032270,-0.108323,-0.070654,-0.048537,-0.069507,-0.074485,-0.094787
962200,6,posture_hold,4.9267,Open,Open,2917,3109,2880,2835,2864,2925,2863,8419.185059,10720.689655,8059.259259,7650.000000,7910.316816,8500.000000,7901.136364,-0.018374,-0.103552,-0.058645,-0.047446,-0.073824,-0.077804,-0.095837
962250,6,posture_hold,4.9694,Open,Open,2917,3098,2880,2829,2863,2902,2856,8419.185059,10564.894684,8059.259259,7597.630332,7901.136364,8270.578374,7837.288136,-0.018374,-0.116580,-0.058645,-0.053967,-0.074899,-0.102695,-0.103144
962300,6,posture_hold,4.9905,Open,Open,2899,3088,2878,2837,2872,2927,2859,8241.304348,10426.216485,8040.427280,7667.567568,7984.300899,8520.376712,7864.563107,-0.039114,-0.128176,-0.060845,-0.045259,-0.065161,-0.075593,-0.100023
962350,7,open_reference,0.0212,Fist,Fist,2913,3108,2895,2837,2867,2910,2849,8379.187817,10706.382979,8202.500000,7667.567568,7937.947883,8349.367089,7774.157303,nan,nan,nan,nan,nan,nan,nan
962400,7,open_reference,0.0214,Fist,Fist,2903,3111,2896,2829,2855,2904,2842,8280.369128,10749.390244,8212.176814,7597.630332,7828.225806,8290.176322,7711.731844,nan,nan,nan,nan,nan,nan,nan
962450,7,open_reference,0.0214,Fist,Fist,2894,3112,2896,2840,2865,2911,2843,8192.839301,10763.784334,8212.176814,7694.023904,7919.512195,8359.290541,7720.607029,nan,nan,nan,nan,nan,nan,nan
962500,7,open_reference,0.0215,Fist,Fist,2904,3117,2916,2836,2866,2913,2840,8290.176322,10836.196319,8409.160305,7658.776807,7928.722539,8379.187817,7694.023904,nan,nan,nan,nan,nan,nan,nan
962550,7,open_reference,0.0215,Fist,Fist,2898,3123,2910,2829,2856,2899,2839,8231.578947,10924.074074,8349.367089,7597.630332,7837.288136,8241.304348,7685.191083,nan,nan,nan,nan,nan,nan,nan
962600,7,open_reference,0.0215,Fist,Fist,2893,3120,2903,2835,2869,2919,2839,8183.194676,10880.000000,8280.369128,7650.000000,7956.443719,8439.285714,7685.191083,nan,nan,nan,nan,nan,nan,nan
962650,7,open_reference,0.0215,Fist,Fist,2904,3137,2907,2833,2872,2913,2844,8290.176322,11133.402923,8319.696970,7632.488114,7984.300899,8379.187817,7729.496403,nan,nan,nan,nan,nan,nan,nan
962700,7,open_reference,0.0215,Fist,Fist,2894,3140,2907,2825,2867,2907,2844,8192.839301,11179.057592,8319.696970,7562.992126,7937.947883,8319.696970,7729.496403,nan,nan,nan,nan,nan,nan,nan
962750,7,open_reference,0.0215,Fist,Fist,2879,3120,2897,2830,2874,2907,2854,8049.835526,10880.000000,8221.869783,7606.324111,8002.948403,8319.696970,7819.178082,nan,nan,nan,nan,nan,nan,nan
962800,7,open_reference,0.0215,Fist,Fist,2887,3136,2911,2828,2869,2909,2848,8125.662252,11118.248175,8359.290541,7588.950276,7956.443719,8339.460371,7765.196472,nan,nan,nan,nan,nan,nan,nan
962850,7,open_reference,0.0215,Fist,Fist,2884,3138,2907,2821,2861,2905,2855,8097.109827,11148.589342,8319.696970,7528.571429,7882.820097,8300.000000,7828.225806,nan,nan,nan,nan,nan,nan,nan
962900,7,open_reference,0.0215,Fist,Fist,2869,3143,2897,2827,2870,2908,2858,7956.443719,11225.000000,8221.869783,7580.283912,7965.714286,8329.570345,7855.456750,nan,nan,nan,nan,nan,nan,nan
962950,7,open_reference,0.0216,Fist,Fist,2881,3145,2908,2830,2866,2911,2846,8068.698517,11255.789474,8329.570345,7606.324111,7928.722539,8359.290541,7747.317854,nan,nan,nan,nan,nan,nan,nan
963000,7,open_reference,0.0216,Fist,Fist,2881,3133,2897,2820,2857,2899,2851,8068.698517,11072.972973,8221.869783,7520.000000,7846.365105,8241.304348,7792.122186,nan,nan,nan,nan,nan,nan,nan
963050,7,open_reference,0.0216,Fist,Fist,2869,3123,2899,2828,2865,2907,2861,7956.443719,10924.074074,8241.304348,7588.950276,7919.512195,8319.696970,7882.820097,nan,nan,nan,nan,nan,nan,nan
963100,7,open_reference,0.0216,Fist,Fist,2894,3121,2902,2830,2869,2897,2856,8192.839301,10894.661191,8270.578374,7606.324111,7956.443719,8221.869783,7837.288136,nan,nan,nan,nan,nan,nan,nan
963150,7,open_reference,0.0216,Fist,Fist,2905,3128,2907,2812,2865,2889,2847,8300.000000,10998.138573,8319.696970,7451.909587,7919.512195,8144.776119,7756.250000,nan,nan,nan,nan,nan,nan,nan
963200,7,open_reference,0.0216,Fist,Fist,2914,3120,2900,2847,2889,2913,2855,8389.161727,10880.000000,8251.046025,7756.250000,8144.776119,8379.187817,7828.225806,nan,nan,nan,nan,nan,nan,nan
963250,7,open_reference,0.0216,Fist,Fist,2944,3139,2929,2848,2894,2934,2853,8696.437880,11163.807531,8540.823328,7765.196472,8192.839301,8592.248062,7810.144928,nan,nan,nan,nan,nan,nan,nan
963300,7,open_reference,0.0216,Fist,Fist,2959,3140,2942,2838,2891,2921,2847,8856.161972,11179.057592,8675.455334,7676.372315,8163.953488,8459.454855,7756.250000,nan,nan,nan,nan,nan,nan,nan
963350,7,open_reference,0.0216,Fist,Fist,2930,3117,2910,2840,2907,2936,2858,8551.072961,10836.196319,8349.367089,7694.023904,8319.696970,8612.942192,7855.456750,nan,nan,nan,nan,nan,nan,nan
963400,7,open_reference,0.0217,Fist,Fist,2961,3151,2919,2839,2917,2933,2876,8877.777778,11348.940678,8439.285714,7685.191083,8419.185059,8581.927711,8021.657096,nan,nan,nan,nan,nan,nan,nan
963450,7,open_reference,0.0217,Fist,Fist,2963,3152,2925,2831,2928,2959,2904,8899.469965,11364.581124,8500.000000,7615.031646,8530.591260,8856.161972,8290.176322,nan,nan,nan,nan,nan,nan,nan
963500,7,open_reference,0.0217,Fist,Fist,2943,3124,2921,2843,2930,2977,2909,8685.937500,10938.825953,8459.454855,7720.607029,8551.072961,9053.488372,8339.460371,nan,nan,nan,nan,nan,nan,nan
963550,7,open_reference,0.0217,Fist,Fist,2921,3158,2946,2848,2931,2992,2924,8459.454855,11459.124867,8717.493473,7765.196472,8561.340206,9222.846782,8489.837746,nan,nan,nan,nan,nan,nan,nan
963600,7,open_reference,0.0217,Fist,Fist,2956,3168,2956,2838,2933,2992,2915,8823.880597,11619.417476,8823.880597,7676.372315,8581.927711,9222.846782,8399.152542,nan,nan,nan,nan,nan,nan,nan
963650,7,open_reference,0.0217,Fist,Fist,2963,3177,2929,2860,2936,3013,2908,8899.469965,11766.666667,8540.823328,7873.684211,8612.942192,9467.837338,8329.570345,nan,nan,nan,nan,nan,nan,nan
963700,7,open_reference,0.0217,Fist,Fist,2970,3200,2942,2861,2935,2992,2936,8976.000000,12156.424581,8675.455334,7882.820097,8602.586207,9222.846782,8612.942192,nan,nan,nan,nan,nan,nan,nan
963750,7,open_reference,0.0217,Fist,Fist,2961,3182,2930,2857,2923,2971,2921,8877.777778,11849.726177,8551.072961,7846.365105,8479.692833,8987.010676,8459.454855,nan,nan,nan,nan,nan,nan,nan
963800,7,open_reference,0.0217,Fist,Fist,2933,3159,2929,2862,2931,2980,2927,8581.927711,11475.000000,8540.823328,7891.970803,8561.340206,9086.995516,8520.376712,nan,nan,nan,nan,nan,nan,nan
963850,7,open_reference,0.0218,Fist,Fist,2961,3158,2912,2863,2939,2961,2921,8877.777778,11459.124867,8369.230769,7901.136364,8644.117647,8877.777778,8459.454855,nan,nan,nan,nan,nan,nan,nan
963900,7,open_reference,0.0218,Fist,Fist,2956,3151,2913,2847,2907,2943,2916,8823.880597,11348.940678,8379.187817,7756.250000,8319.696970,8685.937500,8409.160305,nan,nan,nan,nan,nan,nan,nan
963950,7,open_reference,0.0218,Fist,Fist,2934,3134,2908,2846,2915,2938,2916,8592.248062,11088.033299,8329.570345,7747.317854,8399.152542,8633.707865,8409.160305,nan,nan,nan,nan,nan,nan,nan
964000,7,open_reference,0.0218,Fist,Fist,2947,3121,2926,2849,2894,2933,2905,8728.048780,10894.661191,8510.179641,7774.157303,8192.839301,8581.927711,8300.000000,nan,nan,nan,nan,nan,nan,nan
964050,7,open_reference,0.0218,Fist,Fist,2936,3134,2932,2845,2878,2926,2887,8612.942192,11088.033299,8571.625107,7738.400000,8040.427280,8510.179641,8125.662252,nan,nan,nan,nan,nan,nan,nan
964100,7,open_reference,0.0218,Fist,Fist,2948,3102,2922,2850,2897,2928,2878,8738.622493,10621.148036,8469.565217,7783.132530,8221.869783,8530.591260,8040.427280,nan,nan,nan,nan,nan,nan,nan
964150,7,open_reference,0.0218,Fist,Fist,2957,3099,2921,2853,2903,2926,2876,8834.622144,10578.915663,8459.454855,7810.144928,8280.369128,8510.179641,8021.657096,nan,nan,nan,nan,nan,nan,nan
964200,7,open_reference,0.0218,Fist,Fist,2957,3123,2924,2841,2900,2910,2875,8834.622144,10924.074074,8489.837746,7702.870813,8251.046025,8349.367089,8012.295082,nan,nan,nan,nan,nan,nan,nan
964250,7,open_reference,0.0218,Fist,Fist,2952,3110,2923,2849,2914,2934,2864,8781.102362,10735.025381,8479.692833,7774.157303,8389.161727,8592.248062,7910.316816,nan,nan,nan,nan,nan,nan,nan
964300,7,open_reference,0.0219,Fist,Fist,2962,3113,2928,2848,2901,2929,2858,8888.614298,10778.207739,8530.591260,7765.196472,8260.804020,8540.823328,7855.456750,nan,nan,nan,nan,nan,nan,nan
964350,7,open_reference,0.0219,Fist,Fist,2954,3120,2918,2842,2892,2922,2864,8802.453988,10880.000000,8429.226848,7711.731844,8173.566085,8469.565217,7910.316816,nan,nan,nan,nan,nan,nan,nan
964400,7,open_reference,0.0219,Fist,Fist,2944,3120,2913,2852,2910,2923,2857,8696.437880,10880.000000,8379.187817,7801.126307,8349.367089,8479.692833,7846.365105,nan,nan,nan,nan,nan,nan,nan
964450,7,open_reference,0.0219,Fist,Fist,2958,3128,2921,2851,2913,2927,2844,8845.382586,10998.138573,8459.454855,7792.122186,8379.187817,8520.376712,7729.496403,nan,nan,nan,nan,nan,nan,nan
964500,7,open_reference,0.0219,Fist,Fist,2953,3118,2923,2837,2901,2900,2851,8791.768827,10850.767656,8479.692833,7667.567568,8260.804020,8251.046025,7792.122186,nan,nan,nan,nan,nan,nan,nan
964550,7,open_reference,0.0219,Fist,Fist,2928,3111,2915,2835,2915,2917,2847,8530.591260,10749.390244,8399.152542,7650.000000,8399.152542,8419.185059,7756.250000,nan,nan,nan,nan,nan,nan,nan
964600,7,open_reference,0.0219,Fist,Fist,2930,3104,2916,2843,2918,2926,2832,8551.072961,10649.445005,8409.160305,7720.607029,8429.226848,8510.179641,7623.752969,nan,nan,nan,nan,nan,nan,nan
964650,7,open_reference,0.0219,Fist,Fist,2928,3098,2924,2838,2908,2920,2834,8530.591260,10564.894684,8489.837746,7676.372315,8329.570345,8449.361702,7641.237113,nan,nan,nan,nan,nan,nan,nan
964700,7,open_reference,0.0219,Fist,Fist,2922,3088,2903,2839,2916,2924,2846,8469.565217,10426.216485,8280.369128,7685.191083,8409.160305,8489.837746,7747.317854,nan,nan,nan,nan,nan,nan,nan
964750,7,open_reference,0.0220,Fist,Fist,2930,3107,2908,2843,2916,2917,2844,8551.072961,10692.105263,8329.570345,7720.607029,8409.160305,8419.185059,7729.496403,nan,nan,nan,nan,nan,nan,nan
964800,7,open_reference,0.0220,Fist,Fist,2931,3119,2906,2836,2903,2916,2836,8561.340206,10865.368852,8309.840202,7658.776807,8280.369128,8409.160305,7658.776807,nan,nan,nan,nan,nan,nan,nan
964850,7,open_reference,0.0220,Fist,Fist,2920,3103,2891,2842,2922,2926,2847,8449.361702,10635.282258,8163.953488,7711.731844,8469.565217,8510.179641,7756.250000,nan,nan,nan,nan,nan,nan,nan
964900,7,open_reference,0.0220,Fist,Fist,2931,3109,2900,2845,2909,2918,2856,8561.340206,10720.689655,8251.046025,7738.400000,8339.460371,8429.226848,7837.288136,nan,nan,nan,nan,nan,nan,nan
964950,7,open_reference,0.0220,Fist,Fist,2925,3094,2900,2842,2889,2918,2853,8500.000000,10509.090909,8251.046025,7711.731844,8144.776119,8429.226848,7810.144928,nan,nan,nan,nan,nan,nan,nan
965000,7,open_reference,0.0220,Fist,Fist,2935,3088,2889,2843,2892,2917,2861,8602.586207,10426.216485,8144.776119,7720.607029,8173.566085,8419.185059,7882.820097,nan,nan,nan,nan,nan,nan,nan
965050,7,open_reference,0.0220,Fist,Fist,2948,3106,2896,2844,2892,2924,2869,8738.622493,10677.856421,8212.176814,7729.496403,8173.566085,8489.837746,7956.443719,nan,nan,nan,nan,nan,nan,nan
965100,7,open_reference,0.0220,Fist,Fist,2938,3146,2896,2837,2883,2920,2868,8633.707865,11271.232877,8212.176814,7667.567568,8087.623762,8449.361702,7947.188264,nan,nan,nan,nan,nan,nan,nan
965150,7,open_reference,0.0221,Fist,Fist,2930,3117,2882,2836,2892,2927,2870,8551.072961,10836.196319,8078.153339,7658.776807,8173.566085,8520.376712,7965.714286,nan,nan,nan,nan,nan,nan,nan
965200,7,open_reference,0.0221,Fist,Fist,2937,3099,2896,2834,2886,2925,2866,8623.316062,10578.915663,8212.176814,7641.237113,8116.129032,8500.000000,7928.722539,nan,nan,nan,nan,nan,nan,nan
965250,7,open_reference,0.0221,Fist,Fist,2929,3115,2890,2828,2877,2904,2867,8540.823328,10807.142857,8154.356846,7588.950276,8031.034483,8290.176322,7937.947883,nan,nan,nan,nan,nan,nan,nan
965300,7,open_reference,0.0221,Fist,Fist,2925,3091,2882,2836,2887,2917,2864,8500.000000,10467.529880,8078.153339,7658.776807,8125.662252,8419.185059,7910.316816,nan,nan,nan,nan,nan,nan,nan
965350,7,open_reference,0.0221,Fist,Fist,2936,3097,2888,2832,2890,2905,2864,8612.942192,10550.901804,8135.211268,7623.752969,8154.356846,8300.000000,7910.316816,nan,nan,nan,nan,nan,nan,nan
965400,7,open_reference,0.0221,Fist,Fist,2935,3070,2884,2827,2885,2908,2860,8602.586207,10183.414634,8097.109827,7580.283912,8106.611570,8329.570345,7873.684211,nan,nan,nan,nan,nan,nan,nan
965450,7,open_reference,0.0221,Fist,Fist,2923,3050,2874,2833,2895,2905,2863,8479.692833,9923.444976,8002.948403,7632.488114,8202.500000,8300.000000,7901.136364,nan,nan,nan,nan,nan,nan,nan
965500,7,open_reference,0.0221,Fist,Fist,2929,3055,2880,2837,2902,2904,2859,8540.823328,9987.500000,8059.259259,7667.567568,8270.578374,8290.176322,7864.563107,nan,nan,nan,nan,nan,nan,nan
965550,7,open_reference,0.0427,Fist,Fist,2928,3052,2880,2835,2892,2890,2858,8530.591260,9948.993289,8059.259259,7650.000000,8173.566085,8154.356846,7855.456750,nan,nan,nan,nan,nan,nan,nan
965600,7,open_reference,0.0428,Fist,Fist,2926,3062,2871,2835,2899,2907,2860,8510.179641,10078.218780,7975.000000,7650.000000,8241.304348,8319.696970,7873.684211,nan,nan,nan,nan,nan,nan,nan
965650,7,open_reference,0.1049,Fist,Fist,2926,3053,2868,2834,2897,2896,2862,8510.179641,9961.804223,7947.188264,7641.237113,8221.869783,8212.176814,7891.970803,nan,nan,nan,nan,nan,nan,nan
965700,7,open_reference,0.1677,Fist,Fist,2928,3051,2870,2830,2887,2899,2861,8530.591260,9936.206897,7965.714286,7606.324111,8125.662252,8241.304348,7882.820097,nan,nan,nan,nan,nan,nan,nan
965750,7,open_reference,0.2504,Fist,Fist,2920,3037,2863,2840,2898,2903,2865,8449.361702,9759.735350,7901.136364,7694.023904,8231.578947,8280.369128,7919.512195,nan,nan,nan,nan,nan,nan,nan
965800,7,open_reference,0.2505,Fist,Fist,2929,3034,2866,2835,2898,2896,2853,8540.823328,9722.525919,7928.722539,7650.000000,8231.578947,8212.176814,7810.144928,nan,nan,nan,nan,nan,nan,nan
965850,7,open_reference,0.3132,Fist,Fist,2915,3049,2867,2831,2898,2892,2856,8399.152542,9910.707457,7937.947883,7615.031646,8231.578947,8173.566085,7837.288136,nan,nan,nan,nan,nan,nan,nan
965900,7,open_reference,0.3753,Fist,Fist,2898,3036,2864,2835,2904,2901,2860,8231.578947,9747.308782,7910.316816,7650.000000,8290.176322,8260.804020,7873.684211,nan,nan,nan,nan,nan,nan,nan
965950,7,open_reference,0.4168,Fist,Fist,2927,3045,2877,2832,2901,2909,2862,8520.376712,9860.000000,8031.034483,7623.752969,8260.804020,8339.460371,7891.970803,nan,nan,nan,nan,nan,nan,nan
966000,7,open_reference,0.4795,Fist,Fist,2919,3052,2871,2827,2896,2900,2857,8439.285714,9948.993289,7975.000000,7580.283912,8212.176814,8251.046025,7846.365105,nan,nan,nan,nan,nan,nan,nan
966050,7,open_reference,0.5216,Fist,Fist,2915,3043,2862,2833,2908,2901,2863,8399.152542,9834.790875,7891.970803,7632.488114,8329.570345,8260.804020,7901.136364,nan,nan,nan,nan,nan,nan,nan
966100,7,open_reference,0.5634,Fist,Fist,2922,3079,2863,2831,2910,2911,2859,8469.565217,10303.740157,7901.136364,7615.031646,8349.367089,8359.290541,7864.563107,nan,nan,nan,nan,nan,nan,nan
966150,7,open_reference,0.6266,Fist,Fist,2915,3082,2868,2819,2895,2886,2854,8399.152542,10344.323791,7947.188264,7511.442006,8202.500000,8116.129032,7819.178082,nan,nan,nan,nan,nan,nan,nan
966200,7,open_reference,0.6687,Fist,Fist,2899,3066,2867,2832,2898,2890,2864,8241.304348,10130.612245,7937.947883,7623.752969,8231.578947,8154.356846,7910.316816,nan,nan,nan,nan,nan,nan,nan
966250,7,open_reference,0.7318,Fist,Fist,2899,3086,2874,2832,2896,2886,2868,8241.304348,10398.810704,8002.948403,7623.752969,8212.176814,8116.129032,7947.188264,nan,nan,nan,nan,nan,nan,nan
966300,7,open_reference,0.7530,Fist,Fist,2902,3085,2863,2830,2889,2891,2862,8270.578374,10385.148515,7901.136364,7606.324111,8144.776119,8163.953488,7891.970803,nan,nan,nan,nan,nan,nan,nan
966350,7,open_reference,0.8369,Fist,Fist,2887,3067,2861,2835,2899,2896,2865,8125.662252,10143.774319,7882.820097,7650.000000,8241.304348,8212.176814,7919.512195,nan,nan,nan,nan,nan,nan,nan
966400,7,open_reference,0.8579,Fist,Fist,2903,3062,2873,2840,2899,2898,2863,8280.369128,10078.218780,7993.617021,7694.023904,8241.304348,8231.578947,7901.136364,nan,nan,nan,nan,nan,nan,nan
966450,7,open_reference,0.9002,Fist,Fist,2927,3060,2868,2838,2893,2899,2869,8520.376712,10052.173913,7947.188264,7676.372315,8183.194676,8241.304348,7956.443719,nan,nan,nan,nan,nan,nan,nan
966500,7,open_reference,0.9830,Fist,Fist,2929,3052,2861,2839,2902,2924,2868,8540.823328,9948.993289,7882.820097,7685.191083,8270.578374,8489.837746,7947.188264,nan,nan,nan,nan,nan,nan,nan
966550,7,open_reference,1.0040,Fist,Fist,2936,3065,2866,2838,2905,2925,2869,8612.942192,10117.475728,7928.722539,7676.372315,8300.000000,8500.000000,7956.443719,nan,nan,nan,nan,nan,nan,nan
966600,7,open_reference,1.0668,Fist,Fist,2945,3056,2878,2844,2898,2925,2871,8706.956522,10000.384986,8040.427280,7729.496403,8231.578947,8500.000000,7975.000000,nan,nan,nan,nan,nan,nan,nan
966650,7,open_reference,1.1081,Fist,Fist,2911,3044,2870,2852,2911,2916,2868,8359.290541,9847.383444,7965.714286,7801.126307,8359.290541,8409.160305,7947.188264,nan,nan,nan,nan,nan,nan,nan
966700,7,open_reference,1.1704,Fist,Fist,2933,3058,2879,2854,2919,2916,2867,8581.927711,10026.229508,8049.835526,7819.178082,8439.285714,8409.160305,7937.947883,nan,nan,nan,nan,nan,nan,nan
966750,7,open_reference,1.2131,Fist,Fist,2960,3053,2874,2845,2903,2895,2870,8866.960352,9961.804223,8002.948403,7738.400000,8280.369128,8202.500000,7965.714286,nan,nan,nan,nan,nan,nan,nan
966800,7,open_reference,1.2758,Fist,Fist,2923,3041,2866,2842,2941,2902,2864,8479.692833,9809.677419,7928.722539,7711.731844,8664.991334,8270.578374,7910.316816,nan,nan,nan,nan,nan,nan,nan
966850,7,open_reference,1.3179,Fist,Fist,2962,3058,2876,2851,2960,2912,2862,8888.614298,10026.229508,8021.657096,7792.122186,8866.960352,8369.230769,7891.970803,nan,nan,nan,nan,nan,nan,nan
966900,7,open_reference,1.3596,Fist,Fist,2956,3076,2868,2848,2954,2898,2849,8823.880597,10263.395486,7947.188264,7765.196472,8802.453988,8231.578947,7774.157303,nan,nan,nan,nan,nan,nan,nan
966950,7,open_reference,1.4235,Fist,Fist,2919,3070,2860,2854,2961,2900,2856,8439.285714,10183.414634,7873.684211,7819.178082,8877.777778,8251.046025,7837.288136,nan,nan,nan,nan,nan,nan,nan
967000,7,open_reference,1.4662,Fist,Fist,2936,3097,2869,2849,2961,2897,2845,8612.942192,10550.901804,7956.443719,7774.157303,8877.777778,8221.869783,7738.400000,nan,nan,nan,nan,nan,nan,nan
967050,7,open_reference,1.5491,Fist,Fist,2962,3072,2867,2837,2947,2881,2840,8888.614298,10209.970674,7937.947883,7667.567568,8728.048780,8068.698517,7694.023904,nan,nan,nan,nan,nan,nan,nan
967100,7,open_reference,1.5697,Fist,Fist,2952,3065,2859,2836,2955,2897,2854,8781.102362,10117.475728,7864.563107,7658.776807,8813.157895,8221.869783,7819.178082,nan,nan,nan,nan,nan,nan,nan
967150,7,open_reference,1.6115,Fist,Fist,2945,3059,2864,2845,2946,2894,2851,8706.956522,10039.189189,7910.316816,7738.400000,8717.493473,8192.839301,7792.122186,nan,nan,nan,nan,nan,nan,nan
967200,7,open_reference,1.6746,Fist,Fist,2928,3054,2866,2840,2938,2889,2856,8530.591260,9974.639769,7928.722539,7694.023904,8633.707865,8144.776119,7837.288136,nan,nan,nan,nan,nan,nan,nan
967250,7,open_reference,1.6955,Fist,Fist,2932,3032,2852,2845,2950,2905,2854,8571.625107,9697.836312,7801.126307,7738.400000,8759.825328,8300.000000,7819.178082,nan,nan,nan,nan,nan,nan,nan
967300,7,open_reference,1.7802,Fist,Fist,2946,3051,2859,2842,2948,2901,2861,8717.493473,9936.206897,7864.563107,7711.731844,8738.622493,8260.804020,7882.820097,nan,nan,nan,nan,nan,nan,nan
967350,7,open_reference,1.8229,Fist,Fist,2939,3057,2857,2837,2937,2899,2855,8644.117647,10013.294798,7846.365105,7667.567568,8623.316062,8241.304348,7828.225806,nan,nan,nan,nan,nan,nan,nan
967400,7,open_reference,1.8434,Fist,Fist,2929,3056,2856,2843,2937,2897,2855,8540.823328,10000.384986,7837.288136,7720.607029,8623.316062,8221.869783,7828.225806,nan,nan,nan,nan,nan,nan,nan
967450,7,open_reference,1.9278,Fist,Fist,2934,3125,2871,2846,2937,2898,2856,8592.248062,10953.608247,7975.000000,7747.317854,8623.316062,8231.578947,7837.288136,nan,nan,nan,nan,nan,nan,nan
967500,7,open_reference,1.9487,Fist,Fist,2935,3119,2872,2845,2933,2895,2867,8602.586207,10865.368852,7984.300899,7738.400000,8581.927711,8202.500000,7937.947883,nan,nan,nan,nan,nan,nan,nan
967550,7,open_reference,2.0113,Fist,Fist,2926,3128,2864,2853,2941,2895,2865,8510.179641,10998.138573,7910.316816,7810.144928,8664.991334,8202.500000,7919.512195,nan,nan,nan,nan,nan,nan,nan
967600,7,open_reference,2.0736,Fist,Fist,2942,3125,2874,2848,2934,2895,2861,8675.455334,10953.608247,8002.948403,7765.196472,8592.248062,8202.500000,7882.820097,nan,nan,nan,nan,nan,nan,nan
967650,7,open_reference,2.1364,Fist,Fist,2939,3102,2876,2840,2926,2889,2859,8644.117647,10621.148036,8021.657096,7694.023904,8510.179641,8144.776119,7864.563107,nan,nan,nan,nan,nan,nan,nan
967700,7,open_reference,2.1575,Fist,Fist,2929,3086,2867,2852,2936,2892,2851,8540.823328,10398.810704,7937.947883,7801.126307,8612.942192,8173.566085,7792.122186,nan,nan,nan,nan,nan,nan,nan
967750,7,open_reference,2.2203,Fist,Fist,2945,3104,2872,2849,2928,2889,2846,8706.956522,10649.445005,7984.300899,7774.157303,8530.591260,8144.776119,7747.317854,nan,nan,nan,nan,nan,nan,nan
967800,7,open_reference,2.2619,Fist,Fist,2947,3095,2870,2838,2925,2875,2846,8728.048780,10523.000000,7965.714286,7676.372315,8500.000000,8012.295082,7747.317854,nan,nan,nan,nan,nan,nan,nan
967850,7,open_reference,2.3242,Fist,Fist,2931,3064,2858,2843,2931,2884,2852,8561.340206,10104.364694,7855.456750,7720.607029,8561.340206,8097.109827,7801.126307,nan,nan,nan,nan,nan,nan,nan
967900,7,open_reference,2.3659,Fist,Fist,2938,3065,2866,2834,2927,2885,2853,8633.707865,10117.475728,7928.722539,7641.237113,8520.376712,8106.611570,7810.144928,nan,nan,nan,nan,nan,nan,nan
967950,7,open_reference,2.4291,Fist,Fist,2933,3088,2868,2825,2918,2872,2859,8581.927711,10426.216485,7947.188264,7562.992126,8429.226848,7984.300899,7864.563107,nan,nan,nan,nan,nan,nan,nan
968000,7,open_reference,2.4698,Fist,Fist,2927,3060,2862,2840,2929,2884,2864,8520.376712,10052.173913,7891.970803,7694.023904,8540.823328,8097.109827,7910.316816,nan,nan,nan,nan,nan,nan,nan
968050,7,open_reference,2.5324,Fist,Fist,2935,3066,2877,2838,2928,2879,2858,8602.586207,10130.612245,8031.034483,7676.372315,8530.591260,8049.835526,7855.456750,nan,nan,nan,nan,nan,nan,nan
968100,7,open_reference,2.5747,Fist,Fist,2937,3053,2873,2835,2922,2864,2864,8623.316062,9961.804223,7993.617021,7650.000000,8469.565217,7910.316816,7910.316816,nan,nan,nan,nan,nan,nan,nan
968150,7,open_reference,2.6171,Fist,Fist,2931,3037,2869,2841,2936,2878,2871,8561.340206,9759.735350,7956.443719,7702.870813,8612.942192,8040.427280,7975.000000,nan,nan,nan,nan,nan,nan,nan
968200,7,open_reference,2.6803,Fist,Fist,2941,3045,2885,2834,2935,2872,2865,8664.991334,9860.000000,8106.611570,7641.237113,8602.586207,7984.300899,7919.512195,nan,nan,nan,nan,nan,nan,nan
968250,7,open_reference,2.7228,Fist,Fist,2944,3045,2885,2828,2925,2869,2856,8696.437880,9860.000000,8106.611570,7588.950276,8500.000000,7956.443719,7837.288136,nan,nan,nan,nan,nan,nan,nan
968300,7,open_reference,2.8063,Fist,Fist,2928,3050,2875,2835,2931,2880,2871,8530.591260,9923.444976,8012.295082,7650.000000,8561.340206,8059.259259,7975.000000,nan,nan,nan,nan,nan,nan,nan
968350,7,open_reference,2.8277,Fist,Fist,2936,3051,2878,2833,2928,2878,2867,8612.942192,9936.206897,8040.427280,7632.488114,8530.591260,8040.427280,7937.947883,nan,nan,nan,nan,nan,nan,nan
968400,7,open_reference,2.8699,Fist,Fist,2941,3043,2874,2828,2918,2874,2863,8664.991334,9834.790875,8002.948403,7588.950276,8429.226848,8002.948403,7901.136364,nan,nan,nan,nan,nan,nan,nan
968450,7,open_reference,2.8905,Fist,Fist,2931,3040,2867,2837,2926,2894,2838,8561.340206,9797.156398,7937.947883,7667.567568,8510.179641,8192.839301,7676.372315,nan,nan,nan,nan,nan,nan,nan
968500,7,open_reference,2.9527,Fist,Fist,2940,3050,2877,2845,2926,2897,2838,8654.545455,9923.444976,8031.034483,7738.400000,8510.179641,8221.869783,7676.372315,nan,nan,nan,nan,nan,nan,nan
968550,7,open_reference,3.0161,Fist,Fist,2928,3060,2877,2834,2917,2891,2836,8530.591260,10052.173913,8031.034483,7641.237113,8419.185059,8163.953488,7658.776807,nan,nan,nan,nan,nan,nan,nan
968600,7,open_reference,3.0579,Fist,Fist,2930,3053,2864,2840,2927,2865,2833,8551.072961,9961.804223,7910.316816,7694.023904,8520.376712,7919.512195,7632.488114,nan,nan,nan,nan,nan,nan,nan
968650,7,open_reference,3.1206,Fist,Fist,2940,3056,2875,2838,2930,2863,2840,8654.545455,10000.384986,8012.295082,7676.372315,8551.072961,7901.136364,7694.023904,nan,nan,nan,nan,nan,nan,nan
968700,7,open_reference,3.1615,Fist,Fist,2930,3045,2873,2832,2926,2851,2842,8551.072961,9860.000000,7993.617021,7623.752969,8510.179641,7792.122186,7711.731844,nan,nan,nan,nan,nan,nan,nan
968750,7,open_reference,3.2256,Fist,Fist,2924,3030,2863,2836,2941,2869,2840,8489.837746,9673.239437,7901.136364,7658.776807,8664.991334,7956.443719,7694.023904,nan,nan,nan,nan,nan,nan,nan
968800,7,open_reference,3.2677,Fist,Fist,2929,3041,2876,2836,2937,2882,2840,8540.823328,9809.677419,8021.657096,7658.776807,8623.316062,8078.153339,7694.023904,nan,nan,nan,nan,nan,nan,nan
968850,7,open_reference,3.3308,Fist,Fist,2914,3056,2874,2829,2927,2876,2835,8389.161727,10000.384986,8002.948403,7597.630332,8520.376712,8021.657096,7650.000000,nan,nan,nan,nan,nan,nan,nan
968900,7,open_reference,3.3734,Fist,Fist,2920,3042,2868,2834,2932,2878,2832,8449.361702,9822.222222,7947.188264,7641.237113,8571.625107,8040.427280,7623.752969,nan,nan,nan,nan,nan,nan,nan
968950,7,open_reference,3.4153,Fist,Fist,2926,3044,2876,2832,2933,2869,2853,8510.179641,9847.383444,8021.657096,7623.752969,8581.927711,7956.443719,7810.144928,nan,nan,nan,nan,nan,nan,nan
969000,7,open_reference,3.4579,Fist,Fist,2920,3046,2874,2828,2916,2861,2852,8449.361702,9872.640610,8002.948403,7588.950276,8409.160305,7882.820097,7801.126307,nan,nan,nan,nan,nan,nan,nan
969050,7,open_reference,3.5218,Fist,Fist,2911,3027,2861,2833,2927,2860,2860,8359.290541,9636.516854,7882.820097,7632.488114,8520.376712,7873.684211,7873.684211,nan,nan,nan,nan,nan,nan,nan
969100,7,open_reference,3.5635,Fist,Fist,2926,3026,2874,2832,2926,2864,2847,8510.179641,9624.321796,8002.948403,7623.752969,8510.179641,7910.316816,7756.250000,nan,nan,nan,nan,nan,nan,nan
969150,7,open_reference,3.6268,Fist,Fist,2920,3026,2874,2819,2912,2856,2848,8449.361702,9624.321796,8002.948403,7511.442006,8369.230769,7837.288136,7765.196472,nan,nan,nan,nan,nan,nan,nan
969200,7,open_reference,3.6684,Fist,Fist,2906,3044,2868,2824,2926,2864,2853,8309.840202,9847.383444,7947.188264,7554.366640,8510.179641,7910.316816,7810.144928,nan,nan,nan,nan,nan,nan,nan
969250,7,open_reference,3.7313,Fist,Fist,2923,3055,2870,2829,2922,2874,2851,8479.692833,9987.500000,7965.714286,7597.630332,8469.565217,8002.948403,7792.122186,nan,nan,nan,nan,nan,nan,nan
969300,7,open_reference,3.7730,Fist,Fist,2932,3073,2870,2823,2917,2886,2853,8571.625107,10223.287671,7965.714286,7545.754717,8419.185059,8116.129032,7810.144928,nan,nan,nan,nan,nan,nan,nan
969350,7,open_reference,3.7940,Fist,Fist,2926,3087,2869,2836,2932,2898,2856,8510.179641,10412.500000,7956.443719,7658.776807,8571.625107,8231.578947,7837.288136,nan,nan,nan,nan,nan,nan,nan
969400,7,open_reference,3.8774,Fist,Fist,2941,3118,2879,2831,2924,2916,2861,8664.991334,10850.767656,8049.835526,7615.031646,8489.837746,8409.160305,7882.820097,nan,nan,nan,nan,nan,nan,nan
969450,7,open_reference,3.9198,Fist,Fist,2949,3124,2875,2830,2902,2918,2858,8749.214660,10938.825953,8012.295082,7606.324111,8270.578374,8429.226848,7855.456750,nan,nan,nan,nan,nan,nan,nan
969500,7,open_reference,3.9405,Fist,Fist,2920,3106,2868,2839,2924,2920,2869,8449.361702,10677.856421,7947.188264,7685.191083,8489.837746,8449.361702,7956.443719,nan,nan,nan,nan,nan,nan,nan
969550,7,posture_hold,0.0213,Fist,Fist,2931,3136,2876,2845,2927,2928,2862,8561.340206,11118.248175,8021.657096,7738.400000,8520.376712,8530.591260,7891.970803,0.000600,0.114650,0.003508,0.012135,0.000000,0.060962,0.010477
969600,7,posture_hold,0.0623,Fist,Fist,2936,3130,2874,2839,2915,2894,2870,8612.942192,11027.979275,8002.948403,7685.191083,8399.152542,8192.839301,7965.714286,0.006631,0.105600,0.001167,0.005176,-0.014228,0.018956,0.019919
969650,7,posture_hold,0.1044,Fist,Fist,2915,3103,2862,2837,2920,2877,2886,8399.152542,10635.282258,7891.970803,7667.567568,8449.361702,8031.034483,8116.129032,-0.018356,0.066231,-0.012716,0.002871,-0.008335,-0.001168,0.039178
969700,7,posture_hold,0.1675,Fist,Fist,2927,3120,2866,2842,2913,2901,2874,8520.376712,10880.000000,7928.722539,7711.731844,8379.187817,8260.804020,8002.948403,-0.004188,0.090765,-0.008118,0.008647,-0.016571,0.027409,0.024686
969750,7,posture_hold,0.2088,Fist,Fist,2923,3107,2872,2828,2908,2886,2889,8479.692833,10692.105263,7984.300899,7588.950276,8329.570345,8116.129032,8144.776119,-0.008942,0.071928,-0.001165,-0.007412,-0.022394,0.009415,0.042846
969800,7,posture_hold,0.2710,Fist,Fist,2907,3103,2866,2833,2913,2911,2881,8319.696970,10635.282258,7928.722539,7632.488114,8379.187817,8359.290541,8068.698517,-0.027642,0.066231,-0.008118,-0.001717,-0.016571,0.039658,0.033105
969850,7,posture_hold,0.3133,Fist,Fist,2919,3132,2877,2835,2905,2905,2873,8439.285714,11057.943925,8031.034483,7650.000000,8300.000000,8300.000000,7993.617021,-0.013665,0.108604,0.004681,0.000573,-0.025865,0.032283,0.023492
969900,7,posture_hold,0.3341,Fist,Fist,2909,3111,2877,2825,2895,2882,2865,8339.460371,10749.390244,8031.034483,7562.992126,8202.500000,8078.153339,7919.512195,-0.025332,0.077671,0.004681,-0.010807,-0.037308,0.004692,0.014003
969950,7,posture_hold,0.3755,Fist,Fist,2896,3121,2866,2831,2906,2882,2868,8212.176814,10894.661191,7928.722539,7615.031646,8309.840202,8078.153339,7947.188264,-0.040208,0.092235,-0.008118,-0.004001,-0.024710,0.004692,0.017547
970000,7,posture_hold,0.4592,Fist,Fist,2907,3124,2875,2832,2908,2892,2854,8319.696970,10938.825953,8012.295082,7623.752969,8329.570345,8173.566085,7819.178082,-0.027642,0.096662,0.002337,-0.002860,-0.022394,0.016559,0.001157
970050,7,posture_hold,0.5216,Fist,Fist,2904,3107,2877,2820,2917,2873,2856,8290.176322,10692.105263,8031.034483,7520.000000,8419.185059,7993.617021,7837.288136,-0.031092,0.071928,0.004681,-0.016430,-0.011876,-0.005822,0.003475
970100,7,posture_hold,0.5632,Fist,Fist,2898,3091,2880,2829,2922,2913,2865,8231.578947,10467.529880,8059.259259,7597.630332,8469.565217,8379.187817,7919.512195,-0.037941,0.049413,0.008212,-0.006277,-0.005964,0.042132,0.014003
970150,7,posture_hold,0.6044,Fist,Fist,2911,3103,2901,2838,2906,2904,2868,8359.290541,10635.282258,8260.804020,7676.372315,8309.840202,8290.176322,7947.188264,-0.023014,0.066231,0.033425,0.004022,-0.024710,0.031062,0.017547
970200,7,posture_hold,0.6459,Fist,Fist,2901,3119,2915,2835,2886,2906,2862,8260.804020,10865.368852,8399.152542,7650.000000,8116.129032,8309.840202,7891.970803,-0.034525,0.089298,0.050732,0.000573,-0.047445,0.033507,0.010477
970250,7,posture_hold,0.6880,Fist,Fist,2887,3136,2927,2844,2897,2917,2880,8125.662252,11118.248175,8520.376712,7729.496403,8221.869783,8419.185059,8059.259259,-0.050320,0.114650,0.065898,0.010971,-0.035034,0.047107,0.031896
970300,7,posture_hold,0.7507,Fist,Fist,2911,3149,2914,2854,2897,2911,2861,8359.290541,11317.758985,8389.161727,7819.178082,8221.869783,8359.290541,7882.820097,-0.023014,0.134652,0.049483,0.022701,-0.035034,0.039658,0.009305
970350,7,posture_hold,0.8130,Fist,Fist,2919,3143,2911,2850,2894,2903,2872,8439.285714,11225.000000,8359.290541,7783.132530,8192.839301,8280.369128,7984.300899,-0.013665,0.125353,0.045746,0.017986,-0.038442,0.029842,0.022299
970400,7,posture_hold,0.8546,Fist,Fist,2909,3149,2895,2848,2905,2907,2868,8339.460371,11317.758985,8202.500000,7765.196472,8300.000000,8319.696970,7947.188264,-0.025332,0.134652,0.026131,0.015640,-0.025865,0.034733,0.017547
970450,7,posture_hold,0.8970,Fist,Fist,2928,3192,2920,2844,2896,2896,2877,8530.591260,12018.604651,8449.361702,7729.496403,8212.176814,8212.176814,8031.034483,-0.002994,0.204915,0.057014,0.010971,-0.036172,0.021361,0.028282
970500,7,posture_hold,0.9600,Fist,Fist,2939,3174,2928,2830,2891,2888,2867,8644.117647,11717.263844,8530.591260,7606.324111,8163.953488,8135.211268,7937.947883,0.010275,0.174704,0.067175,-0.005139,-0.041832,0.011788,0.016364
970550,7,posture_hold,1.0224,Fist,Fist,2910,3137,2907,2842,2896,2877,2863,8349.367089,11133.402923,8319.696970,7711.731844,8212.176814,8031.034483,7901.136364,-0.024174,0.116170,0.040793,0.008647,-0.036172,-0.001168,0.011650
970600,7,posture_hold,1.0430,Fist,Fist,2927,3151,2922,2837,2916,2882,2860,8520.376712,11348.940678,8469.565217,7667.567568,8409.160305,8078.153339,7873.684211,-0.004188,0.137778,0.059541,0.002871,-0.013053,0.004692,0.008135
970650,7,posture_hold,1.1267,Fist,Fist,2926,3140,2914,2830,2906,2866,2878,8510.179641,11179.057592,8389.161727,7606.324111,8309.840202,7928.722539,8040.427280,-0.005379,0.120747,0.049483,-0.005139,-0.024710,-0.013893,0.029485
970700,7,posture_hold,1.1482,Fist,Fist,2906,3186,2886,2845,2918,2892,2881,8309.840202,11916.831683,8116.129032,7738.400000,8429.226848,8173.566085,8068.698517,-0.028794,0.194712,0.015326,0.012135,-0.010698,0.016559,0.033105
970750,7,posture_hold,1.2105,Fist,Fist,2922,3172,2902,2853,2914,2904,2871,8469.565217,11684.507042,8270.578374,7810.144928,8389.161727,8290.176322,7975.000000,-0.010126,0.171420,0.034648,0.021519,-0.015400,0.031062,0.021108
970800,7,posture_hold,1.2745,Fist,Fist,2922,3187,2898,2849,2908,2892,2860,8469.565217,11933.700441,8231.578947,7774.157303,8329.570345,8173.566085,7873.684211,-0.010126,0.196403,0.029769,0.016812,-0.022394,0.016559,0.008135
970850,7,posture_hold,1.2748,Fist,Fist,2899,3240,2881,2856,2905,2884,2852,8241.304348,12884.210526,8068.698517,7837.288136,8300.000000,8097.109827,7801.126307,-0.036804,0.291695,0.009393,0.025069,-0.025865,0.007050,-0.001155
970900,7,posture_hold,1.3584,Fist,Fist,2909,3220,2903,2865,2912,2923,2835,8339.460371,12512.000000,8280.369128,7919.512195,8369.230769,8479.692833,7650.000000,-0.025332,0.254380,0.035873,0.035824,-0.017739,0.054632,-0.020505
970950,7,posture_hold,1.4204,Fist,Fist,2921,3221,2930,2858,2900,2925,2841,8459.454855,12530.205950,8551.072961,7855.456750,8251.046025,8500.000000,7702.870813,-0.011308,0.256205,0.069738,0.027446,-0.031610,0.057158,-0.013735
971000,7,posture_hold,1.4419,Fist,Fist,2895,3168,2934,2872,2927,2961,2857,8202.500000,11619.417476,8592.248062,7984.300899,8520.376712,8877.777778,7846.365105,-0.041339,0.164895,0.074889,0.044298,0.000000,0.104143,0.004638
971050,7,posture_hold,1.5047,Fist,Fist,2913,3180,2940,2866,2914,2961,2860,8379.187817,11816.393443,8654.545455,7928.722539,8389.161727,8877.777778,7873.684211,-0.020689,0.184642,0.082682,0.037028,-0.015400,0.104143,0.008135
971100,7,posture_hold,1.5468,Fist,Fist,2903,3176,2970,2877,2892,2966,2866,8280.369128,11750.163221,8976.000000,8031.034483,8173.566085,8932.152347,7928.722539,-0.032238,0.178002,0.122896,0.050410,-0.040704,0.110905,0.015183
971150,7,posture_hold,1.5895,Fist,Fist,2897,3180,2962,2878,2910,2959,2874,8221.869783,11816.393443,8888.614298,8040.427280,8349.367089,8856.161972,8002.948403,-0.039075,0.184642,0.111964,0.051639,-0.020071,0.101454,0.024686
971200,7,posture_hold,1.6533,Fist,Fist,2889,3209,2974,2877,2950,2948,2864,8144.776119,12314.446953,9020.160571,8031.034483,8759.825328,8738.622493,7910.316816,-0.048086,0.234574,0.128420,0.050410,0.028103,0.086836,0.012826
971250,7,posture_hold,1.6950,Fist,Fist,2928,3262,3038,2890,2935,2964,2915,8530.591260,13314.285714,9772.185430,8154.356846,8602.586207,8910.344828,8399.152542,-0.002994,0.334812,0.222499,0.066540,0.009649,0.108193,0.075416
971300,7,posture_hold,1.7580,Fist,Fist,2946,3305,3027,2908,3038,3033,2933,8717.493473,14224.050633,9636.516854,8329.570345,9772.185430,9710.169492,8581.927711,0.018850,0.426020,0.205526,0.089457,0.146919,0.207668,0.098818
971350,7,posture_hold,1.7994,Fist,Fist,3039,3315,3118,2944,3083,3010,2919,9784.659091,14450.000000,10850.767656,8696.437880,10357.905138,9432.258065,8439.285714,0.143574,0.448672,0.357429,0.137441,0.215663,0.173104,0.080554
971400,7,posture_hold,1.8619,Fist,Fist,3096,3309,3178,2925,3147,3089,2937,10536.936937,14313.740458,11783.206107,8500.000000,11286.708861,10439.960239,8623.316062,0.231496,0.435011,0.474077,0.111748,0.324673,0.298434,0.104117
971450,7,posture_hold,1.8831,Fist,Fist,3089,3402,3296,2964,3194,3065,2996,10439.960239,16690.909091,14025.531915,8910.344828,12052.830189,10117.475728,9268.789809,0.220162,0.673332,0.754591,0.165418,0.414589,0.258326,0.186763
971500,7,posture_hold,1.9677,Fist,Fist,3122,3525,3387,2968,3260,3206,2990,10909.352518,21026.315789,16265.254237,8954.037267,13274.251497,12261.417323,9200.000000,0.275022,1.107975,1.034780,0.171133,0.557942,0.524971,0.177955
971550,7,posture_hold,2.0102,Fist,Fist,3080,3606,3416,3017,3276,3191,3016,10317.241379,25072.392638,17105.154639,9515.584416,13600.000000,12001.548673,9503.614458,0.205820,1.513611,1.139852,0.244580,0.596174,0.492651,0.216829
971600,7,posture_hold,2.0527,Fist,Fist,3139,3674,3348,3077,3320,3254,3133,11163.807531,29671.258907,15238.554217,10276.817289,14565.161290,13155.291320,11072.972973,0.304761,1.974666,0.906340,0.344145,0.709450,0.636143,0.417768
971650,7,posture_hold,2.1160,Fist,Fist,3120,3670,3326,3063,3365,3444,3307,10880.000000,29360.000000,14705.331599,10091.279070,15672.602740,17987.096774,14268.781726,0.271592,1.943461,0.839634,0.319877,0.839426,1.237082,0.826955
971700,7,posture_hold,2.1586,Fist,Fist,3192,3664,3271,3083,3283,3557,3311,12018.604651,28903.944316,13496.844660,10357.905138,13746.551724,22479.182156,14358.928571,0.404665,1.897740,0.688453,0.354750,0.613374,1.795770,0.838497
971750,7,posture_hold,2.2202,Fist,Fist,3167,3623,3192,3076,3333,3573,3473,11603.232759,26097.881356,12018.604651,10263.395486,14871.653543,23272.413793,18984.244373,0.356119,1.616420,0.503525,0.342389,0.745422,1.894425,1.430716
971800,7,posture_hold,2.2620,Fist,Fist,3221,3725,3247,3030,3338,3514,3488,12530.205950,34229.729730,13018.632075,9673.239437,14992.338177,20563.855422,19537.397035,0.464458,2.431672,0.628628,0.265200,0.759586,1.557558,1.501541
971850,7,posture_hold,2.3030,Fist,Fist,3137,3611,3259,2995,3299,3427,3526,11133.402923,25366.528926,13254.306220,9257.272727,14091.206030,17442.814371,21069.244288,0.301208,1.543099,0.658111,0.210794,0.653824,1.169389,1.697676
971900,7,posture_hold,2.3439,Fist,Fist,3160,3559,3242,3015,3259,3493,3270,11490.909091,22575.746269,12922.391559,9491.666667,13254.306220,19727.906977,13476.363636,0.342991,1.263312,0.616589,0.241452,0.555601,1.453589,0.725495
971950,7,posture_hold,2.3852,Fist,Fist,3134,3585,3190,3007,3343,3396,3151,11088.033299,23900.000000,11984.530387,9396.875000,15114.627660,16518.454936,11348.940678,0.295905,1.396074,0.499263,0.229054,0.773939,1.054425,0.453102
972000,7,posture_hold,2.4695,Fist,Fist,3142,3536,3217,3023,3299,3404,3141,11209.653725,21506.976744,12457.630979,9587.873134,14091.206030,16749.059334,11194.339623,0.310120,1.156163,0.558447,0.254035,0.653824,1.083106,0.433308
972050,7,posture_hold,2.5112,Fist,Fist,3120,3471,3231,3043,3314,3387,3082,10880.000000,18912.500000,12714.583333,9834.790875,14427.144686,16265.254237,10344.323791,0.271592,0.896056,0.590592,0.286330,0.693252,1.022934,0.324473
972100,7,posture_hold,2.5538,Fist,Fist,3134,3360,3100,3023,3291,3468,3401,11088.033299,15542.857143,10592.964824,9587.873134,13917.164179,18805.741627,16661.959654,0.295905,0.558236,0.325178,0.254035,0.633398,1.338898,1.133374
972150,7,posture_hold,2.6178,Fist,Fist,3124,3353,3138,2993,3298,3452,3410,10938.825953,15364.150943,11148.589342,9234.301270,14069.259724,18253.188180,16925.547445,0.278467,0.540319,0.394686,0.207790,0.651249,1.270176,1.167123
972200,7,posture_hold,2.6600,Fist,Fist,3133,3315,3100,3039,3249,3470,3353,11072.972973,14450.000000,10592.964824,9784.659091,13057.446809,18876.800000,15364.150943,0.294145,0.448672,0.325178,0.279773,0.532496,1.347736,0.967204
972250,7,posture_hold,2.7011,Fist,Fist,3087,3270,3077,3053,3266,3464,3317,10412.500000,13476.363636,10276.817289,9961.804223,13394.933655,18664.976228,14495.886889,0.216953,0.351061,0.285628,0.302943,0.572106,1.321391,0.856033
972300,7,posture_hold,2.7638,Fist,Fist,3092,3262,3056,3033,3243,3427,3260,10481.355932,13314.285714,10000.384986,9710.169492,12941.549296,17442.814371,13274.251497,0.225000,0.334812,0.251046,0.270031,0.518894,1.169389,0.699617
972350,7,posture_hold,2.8065,Fist,Fist,3088,3189,3037,3038,3250,3371,3220,10426.216485,11967.549669,9759.735350,9772.185430,13076.923077,15830.662983,12512.000000,0.218556,0.199796,0.220941,0.278142,0.534782,0.968883,0.602019
972400,7,posture_hold,2.8495,Fist,Fist,3068,3203,3112,3046,3250,3309,3258,10156.962025,12208.744395,10763.784334,9872.640610,13076.923077,14313.740458,13234.408602,0.187087,0.223977,0.346547,0.291281,0.534782,0.780221,0.694515
972450,7,posture_hold,2.9134,Fist,Fist,3051,3169,3075,3008,3227,3301,3218,9936.206897,11635.637149,10250.000000,9408.647654,12640.322581,14135.264484,12475.712657,0.161286,0.166521,0.282273,0.230593,0.483540,0.758024,0.597373
972500,7,posture_hold,2.9561,Fist,Fist,3065,3228,3126,3037,3237,3298,3265,10117.475728,12658.823529,10968.421053,9759.735350,12827.272727,14069.259724,13374.698795,0.182472,0.269099,0.372147,0.276514,0.505482,0.749815,0.712478
972550,7,posture_hold,2.9986,Fist,Fist,3056,3252,3097,3010,3235,3250,3286,10000.384986,13116.014235,10550.901804,9432.258065,12789.534884,13076.923077,13810.135970,0.168787,0.314935,0.319916,0.233681,0.501053,0.626397,0.768230
972600,7,posture_hold,3.0625,Fist,Fist,3051,3245,3098,3033,3248,3194,3275,9936.206897,12980.000000,10564.894684,9710.169492,13038.016529,12052.830189,13579.268293,0.161286,0.301299,0.321666,0.270031,0.530216,0.499029,0.738670
972650,7,posture_hold,3.1049,Fist,Fist,3064,3253,3072,3010,3245,3206,3286,10104.364694,13135.629454,10209.970674,9432.258065,12980.000000,12261.417323,13810.135970,0.180940,0.316901,0.277265,0.233681,0.523407,0.524971,0.768230
972700,7,posture_hold,3.1471,Fist,Fist,3073,3228,3083,3024,3243,3214,3264,10223.287671,12658.823529,10357.905138,9600.000000,12941.549296,12403.632236,13354.512635,0.194839,0.269099,0.295772,0.255621,0.518894,0.542658,0.709893
972750,7,posture_hold,3.2099,Fist,Fist,3034,3212,3093,3033,3234,3183,3261,9722.525919,12367.836920,10495.209581,9710.169492,12770.731707,11866.447368,13294.244604,0.136313,0.239927,0.312949,0.270031,0.498846,0.475848,0.702176
972800,7,posture_hold,3.2727,Fist,Fist,3037,3236,3051,3027,3220,3169,3280,9759.735350,12808.381839,9936.206897,9636.516854,12512.000000,11635.637149,13683.435583,0.140661,0.284093,0.243018,0.260397,0.468480,0.447142,0.752008
972850,7,posture_hold,3.3135,Fist,Fist,3030,3453,3033,3004,3215,3216,3060,9673.239437,18286.915888,9710.169492,9361.686526,12421.590909,12439.590444,10052.173913,0.130552,0.833339,0.214740,0.224451,0.457869,0.547131,0.287066
972900,7,posture_hold,3.3761,Fist,Fist,3041,3472,3049,3001,3194,3206,3091,9809.677419,18948.314607,9910.707457,9326.691042,12052.830189,12261.417323,10467.529880,0.146498,0.899647,0.239828,0.219874,0.414589,0.524971,0.340248
972950,7,posture_hold,3.4186,Fist,Fist,3026,3434,3039,2988,3202,3200,3106,9624.321796,17663.540091,9784.659091,9177.235772,12191.265398,12156.424581,10677.856421,0.124835,0.770843,0.224059,0.200326,0.430836,0.511913,0.367178
973000,7,posture_hold,3.4599,Fist,Fist,3029,3570,3025,2987,3196,3222,3081,9660.975610,23120.000000,9612.149533,9165.884477,12087.208009,12548.453608,10330.769231,0.129119,1.317875,0.202478,0.198841,0.418624,0.560670,0.322737
973050,7,posture_hold,3.5016,Fist,Fist,3057,3447,3009,2952,3177,3199,3142,10013.294798,18086.111111,9420.441989,8781.102362,11766.666667,12139.062500,11209.653725,0.170296,0.813207,0.178496,0.148514,0.381003,0.509753,0.435268
973100,7,posture_hold,3.5431,Fist,Fist,3057,3489,3004,2997,3196,3186,3124,10013.294798,19575.247525,9361.686526,9280.327869,12087.208009,11916.831683,10938.825953,0.170296,0.962499,0.171145,0.213810,0.418624,0.482114,0.400592
973150,7,posture_hold,3.6058,Fist,Fist,3061,3442,3009,2985,3182,3169,3087,10065.183752,17921.592649,9420.441989,9143.243243,11849.726177,11635.637149,10412.500000,0.176361,0.796714,0.178496,0.195880,0.390751,0.447142,0.333202
973200,7,posture_hold,3.6690,Fist,Fist,3052,3439,3010,2965,3183,3185,3096,9948.993289,17824.085366,9432.258065,8921.238938,11866.447368,11900.000000,10536.936937,0.162781,0.786938,0.179974,0.166843,0.392714,0.480021,0.349135
973250,7,posture_hold,3.7109,Fist,Fist,3038,3413,3027,2965,3203,3199,3140,9772.185430,17014.956012,9636.516854,8921.238938,12208.744395,12139.062500,11179.057592,0.142117,0.705819,0.205526,0.166843,0.432888,0.509753,0.431351
973300,7,posture_hold,3.7528,Fist,Fist,3062,3491,3041,2968,3225,3211,3089,10078.218780,19651.324503,9809.677419,8954.037267,12603.448276,12350.000000,10439.960239,0.177884,0.970126,0.227189,0.171133,0.479213,0.535988,0.336718
973350,7,posture_hold,3.7949,Fist,Fist,3064,3437,3037,2964,3217,3155,3092,10104.364694,17759.574468,9759.735350,8910.344828,12457.630979,11411.702128,10481.355932,0.180940,0.780471,0.220941,0.165418,0.462099,0.419291,0.342018
973400,7,posture_hold,3.8580,Fist,Fist,3039,3469,3040,2958,3197,3151,3087,9784.659091,18841.214058,9797.156398,8845.382586,12104.454343,11348.940678,10412.500000,0.143574,0.888909,0.225622,0.156922,0.420648,0.411485,0.333202
973450,7,posture_hold,3.9207,Fist,Fist,3055,3482,3056,2954,3213,3145,3103,9987.500000,19312.887439,10000.384986,8802.453988,12385.714286,11255.789474,10635.282258,0.167281,0.936197,0.251046,0.151307,0.453658,0.399899,0.361727
973500,7,posture_hold,3.9627,Fist,Fist,3046,3432,3074,2961,3214,3175,3098,9872.640610,17600.000000,10236.630754,8877.777778,12403.632236,11733.695652,10564.894684,0.153857,0.764473,0.280601,0.161159,0.455761,0.459337,0.352714
973550,7,posture_hold,4.0047,Fist,Fist,3042,3420,3063,2974,3206,3187,3098,9822.222222,17226.666667,10091.279070,9020.160571,12261.417323,11933.700441,10564.894684,0.147965,0.727044,0.262417,0.179782,0.439070,0.484212,0.352714
973600,7,posture_hold,4.0671,Fist,Fist,3040,3401,3062,2964,3224,3150,3089,9797.156398,16661.959654,10078.218780,8910.344828,12585.074627,11333.333333,10439.960239,0.145035,0.670430,0.260783,0.165418,0.477056,0.409544,0.336718
973650,7,posture_hold,4.1101,Fist,Fist,3056,3411,3070,2961,3228,3151,3066,10000.384986,16955.263158,10183.414634,8877.777778,12658.823529,11348.940678,10130.612245,0.168787,0.699835,0.273943,0.161159,0.485712,0.411485,0.297109
973700,7,posture_hold,4.1522,Fist,Fist,3035,3492,3042,2966,3208,3120,3056,9734.905660,19689.552239,9822.222222,8932.152347,12296.730552,10880.000000,10000.384986,0.137760,0.973959,0.228758,0.168271,0.443214,0.353162,0.280435
973750,7,posture_hold,4.2155,Fist,Fist,3053,3437,3069,2960,3197,3132,3054,9961.804223,17759.574468,10170.175439,8866.960352,12104.454343,11057.943925,9974.639769,0.164278,0.780471,0.272287,0.159744,0.420648,0.375293,0.277139
973800,7,posture_hold,4.2581,Fist,Fist,3049,3397,3032,2949,3179,3082,3048,9910.707457,16546.991404,9697.836312,8749.214660,11799.781659,10344.323791,9897.994269,0.158306,0.658904,0.213198,0.144344,0.384890,0.286539,0.267325
973850,7,posture_hold,4.3211,Fist,Fist,3050,3452,3028,2949,3182,3086,3049,9923.444976,18253.188180,9648.734770,8749.214660,11849.726177,10398.810704,9910.707457,0.159795,0.829957,0.207055,0.144344,0.390751,0.293316,0.268953
973900,7,posture_hold,4.3634,Fist,Fist,3054,3371,3053,2952,3213,3087,3046,9974.639769,15830.662983,9961.804223,8781.102362,12385.714286,10412.500000,9872.640610,0.165778,0.587089,0.246220,0.148514,0.453658,0.295018,0.264079
973950,7,posture_hold,4.3843,Fist,Fist,3046,3300,3058,2938,3200,3099,3032,9872.640610,14113.207547,10026.229508,8633.707865,12156.424581,10578.915663,9697.836312,0.153857,0.414907,0.254279,0.129236,0.426747,0.315716,0.241697
974000,7,posture_hold,4.4675,Fist,Fist,3035,3351,3056,2952,3210,3086,3045,9734.905660,15313.709677,10000.384986,8781.102362,12332.203390,10398.810704,9860.000000,0.137760,0.535263,0.251046,0.148514,0.447378,0.293316,0.262461
974050,7,posture_hold,4.5081,Fist,Fist,3042,3347,3048,2949,3187,3085,3039,9822.222222,15213.636364,9897.994269,8749.214660,11933.700441,10385.148515,9784.659091,0.147965,0.525230,0.238237,0.144344,0.400607,0.291616,0.252814
974100,7,posture_hold,4.5505,Fist,Fist,3046,3408,3057,2939,3173,3036,3034,9872.640610,16866.375546,10013.294798,8644.117647,11700.867679,9747.308782,9722.525919,0.153857,0.690924,0.252661,0.130598,0.373281,0.212287,0.244859
974150,7,posture_hold,4.5924,Fist,Fist,3041,3433,3020,2946,3187,3051,3022,9809.677419,17631.722054,9551.627907,8717.493473,11933.700441,9936.206897,9575.768872,0.146498,0.767653,0.194907,0.140195,0.400607,0.235781,0.226068
974200,7,posture_hold,4.6552,Fist,Fist,3040,3395,3045,2959,3197,3036,3018,9797.156398,16490.000000,9860.000000,8856.161972,12104.454343,9747.308782,9527.576602,0.145035,0.653190,0.233484,0.158332,0.420648,0.212287,0.219898
974250,7,posture_hold,4.7177,Fist,Fist,3036,3342,3037,2947,3199,3041,3013,9747.308782,15090.039841,9759.735350,8728.048780,12139.062500,9809.677419,9467.837338,0.139209,0.512839,0.220941,0.141575,0.424710,0.220044,0.212249
974300,7,posture_hold,4.7597,Fist,Fist,3029,3381,3034,2954,3188,3042,3025,9660.975610,16100.000000,9722.525919,8802.453988,11950.606395,9822.222222,9612.149533,0.129119,0.614091,0.216286,0.151307,0.402591,0.221605,0.230726
974350,7,posture_hold,4.8024,Fist,Fist,3037,3406,3056,2946,3207,3055,3009,9759.735350,16807.547170,10000.384986,8717.493473,12279.054054,9987.500000,9420.441989,0.140661,0.685026,0.251046,0.140195,0.441140,0.242160,0.206180
974400,7,posture_hold,4.8655,Fist,Fist,3031,3406,3052,2935,3210,3031,2979,9685.526316,16807.547170,9948.993289,8602.586207,12332.203390,9685.526316,9075.806452,0.131988,0.685026,0.244617,0.125165,0.447378,0.204603,0.162054
974450,7,posture_hold,4.9075,Fist,Fist,3020,3334,3029,2946,3221,3044,3006,9551.627907,14895.663601,9660.975610,8717.493473,12530.205950,9847.383444,9385.123967,0.116339,0.493352,0.208586,0.140195,0.470616,0.224734,0.201658
974500,7,posture_hold,4.9489,Fist,Fist,3026,3357,3045,2944,3191,3058,3005,9624.321796,15465.853659,9860.000000,8696.437880,12001.548673,10026.229508,9373.394495,0.124835,0.550516,0.233484,0.137441,0.408570,0.246977,0.200156
974600,8,open_reference,0.0213,IndexPoint,IndexPoint,3029,3363,3053,2946,3173,3037,3003,9660.975610,15620.491803,9961.804223,8717.493473,11700.867679,9759.735350,9350.000000,nan,nan,nan,nan,nan,nan,nan
974650,8,open_reference,0.0215,IndexPoint,IndexPoint,3036,3406,3041,2940,3152,3053,3004,9747.308782,16807.547170,9809.677419,8654.545455,11364.581124,9961.804223,9361.686526,nan,nan,nan,nan,nan,nan,nan
974700,8,open_reference,0.0215,IndexPoint,IndexPoint,3026,3421,3037,2918,3157,3032,3024,9624.321796,17257.270030,9759.735350,8429.226848,11443.283582,9697.836312,9600.000000,nan,nan,nan,nan,nan,nan,nan
974750,8,open_reference,0.0215,IndexPoint,IndexPoint,3023,3418,3033,2930,3156,3042,3041,9587.873134,17165.731167,9710.169492,8551.072961,11427.476038,9822.222222,9809.677419,nan,nan,nan,nan,nan,nan,nan
974800,8,open_reference,0.0215,IndexPoint,IndexPoint,3018,3425,3037,2933,3155,3043,3016,9527.576602,17380.597015,9759.735350,8581.927711,11411.702128,9834.790875,9503.614458,nan,nan,nan,nan,nan,nan,nan
974850,8,open_reference,0.0215,IndexPoint,IndexPoint,3022,3484,3039,2932,3142,3034,3016,9575.768872,19387.234043,9784.659091,8571.625107,11209.653725,9722.525919,9503.614458,nan,nan,nan,nan,nan,nan,nan
974900,8,open_reference,0.0215,IndexPoint,IndexPoint,3018,3368,3026,2946,3169,3054,3038,9527.576602,15751.306740,9624.321796,8717.493473,11635.637149,9974.639769,9772.185430,nan,nan,nan,nan,nan,nan,nan
974950,8,open_reference,0.0216,IndexPoint,IndexPoint,3035,3373,3041,2941,3180,3055,3021,9734.905660,15883.933518,9809.677419,8664.991334,11816.393443,9987.500000,9563.687151,nan,nan,nan,nan,nan,nan,nan
975000,8,open_reference,0.0216,IndexPoint,IndexPoint,3028,3379,3034,2931,3187,3043,3022,9648.734770,16045.530726,9722.525919,8561.340206,11933.700441,9834.790875,9575.768872,nan,nan,nan,nan,nan,nan,nan
975050,8,open_reference,0.0216,IndexPoint,IndexPoint,3011,3334,3013,2928,3212,3050,3012,9444.095941,14895.663601,9467.837338,8530.591260,12367.836920,9923.444976,9455.955679,nan,nan,nan,nan,nan,nan,nan
975100,8,open_reference,0.0216,IndexPoint,IndexPoint,3030,3315,3010,2936,3180,3057,2996,9673.239437,14450.000000,9432.258065,8612.942192,11816.393443,10013.294798,9268.789809,nan,nan,nan,nan,nan,nan,nan
975150,8,open_reference,0.0216,IndexPoint,IndexPoint,3035,3367,3004,2942,3179,3038,2984,9734.905660,15725.000000,9361.686526,8675.455334,11799.781659,9772.185430,9131.953195,nan,nan,nan,nan,nan,nan,nan
975200,8,open_reference,0.0216,IndexPoint,IndexPoint,3016,3335,2999,2948,3176,3055,3010,9503.614458,14919.736842,9303.467153,8738.622493,11750.163221,9987.500000,9432.258065,nan,nan,nan,nan,nan,nan,nan
975250,8,open_reference,0.0217,IndexPoint,IndexPoint,3037,3327,3009,2953,3188,3039,2997,9759.735350,14728.906250,9420.441989,8791.768827,11950.606395,9784.659091,9280.327869,nan,nan,nan,nan,nan,nan,nan
975300,8,open_reference,0.0217,IndexPoint,IndexPoint,3027,3309,2998,2950,3186,3022,2977,9636.516854,14313.740458,9291.886964,8759.825328,11916.831683,9575.768872,9053.488372,nan,nan,nan,nan,nan,nan,nan
975350,8,open_reference,0.0217,IndexPoint,IndexPoint,3018,3328,2984,2939,3169,3027,3015,9527.576602,14752.542373,9131.953195,8644.117647,11635.637149,9636.516854,9491.666667,nan,nan,nan,nan,nan,nan,nan
975400,8,open_reference,0.0217,IndexPoint,IndexPoint,3024,3294,3006,2957,3171,3004,3034,9600.000000,13982.022472,9385.123967,8834.622144,11668.181818,9361.686526,9722.525919,nan,nan,nan,nan,nan,nan,nan
975450,8,open_reference,0.0217,IndexPoint,IndexPoint,3026,3260,3032,2937,3193,3036,3130,9624.321796,13274.251497,9697.836312,8623.316062,12035.698448,9747.308782,11027.979275,nan,nan,nan,nan,nan,nan,nan
975500,8,open_reference,0.0217,IndexPoint,IndexPoint,3031,3328,3088,2982,3200,3180,3292,9685.526316,14752.542373,10426.216485,9109.433962,12156.424581,11816.393443,13938.729763,nan,nan,nan,nan,nan,nan,nan
975550,8,open_reference,0.0218,IndexPoint,IndexPoint,3119,3406,3120,2999,3316,3257,3376,10865.368852,16807.547170,10880.000000,9303.467153,14472.913992,13214.558473,15964.394993,nan,nan,nan,nan,nan,nan,nan
975600,8,open_reference,0.0218,IndexPoint,IndexPoint,3125,3457,3290,3025,3457,3571,3412,10953.608247,18422.884013,13895.652174,9612.149533,18422.884013,23170.610687,16985.065886,nan,nan,nan,nan,nan,nan,nan
975650,8,open_reference,0.0218,IndexPoint,IndexPoint,3083,3638,3324,3026,3512,3615,3691,10357.905138,27066.083151,14658.365759,9624.321796,20481.646655,25606.250000,31062.871287,nan,nan,nan,nan,nan,nan,nan
975700,8,open_reference,0.0218,IndexPoint,IndexPoint,3100,3557,3566,3031,3487,3622,3656,10592.964824,22479.182156,22919.470699,9685.526316,19499.671053,26035.517970,28315.261959,nan,nan,nan,nan,nan,nan,nan
975750,8,open_reference,0.0218,IndexPoint,IndexPoint,3167,3585,3599,3002,3511,3661,3939,11603.232759,23900.000000,24670.564516,9338.334858,20440.753425,28680.645161,nan,nan,nan,nan,nan,nan,nan,nan
975800,8,open_reference,0.0218,IndexPoint,IndexPoint,3060,3683,3548,2999,3427,3762,3703,10052.173913,30393.689320,22053.382084,9303.467153,17442.814371,38410.810811,32117.857143,nan,nan,nan,nan,nan,nan,nan
975850,8,open_reference,0.0218,IndexPoint,IndexPoint,3094,3704,3575,3013,3370,3714,3847,10509.090909,32208.695652,23375.000000,9467.837338,15804.137931,33143.307087,52741.129032,nan,nan,nan,nan,nan,nan,nan
975900,8,open_reference,0.0219,IndexPoint,IndexPoint,3128,3652,3557,3012,3307,3672,3822,10998.138573,28028.893905,22479.182156,9455.955679,14268.781726,29514.893617,47600.000000,nan,nan,nan,nan,nan,nan,nan
975950,8,open_reference,0.0219,IndexPoint,IndexPoint,3069,3579,3525,3019,3345,3627,3467,10170.175439,23582.558140,21026.315789,9539.591078,15164.000000,26350.000000,18770.382166,nan,nan,nan,nan,nan,nan,nan
976000,8,open_reference,0.0219,IndexPoint,IndexPoint,3050,3626,3356,3002,3245,3694,3405,9923.444976,26286.567164,15440.324763,9338.334858,12980.000000,31320.698254,16778.260870,nan,nan,nan,nan,nan,nan,nan
976050,8,open_reference,0.0219,IndexPoint,IndexPoint,3040,3450,3396,2988,3287,3691,3537,9797.156398,18186.046512,16518.454936,9177.235772,13831.435644,31062.871287,21551.612903,nan,nan,nan,nan,nan,nan,nan
976100,8,open_reference,0.0219,IndexPoint,IndexPoint,3061,3479,3364,3002,3228,3633,3437,10065.183752,19202.272727,15646.511628,9338.334858,12658.823529,26736.363636,17759.574468,nan,nan,nan,nan,nan,nan,nan
976150,8,open_reference,0.0219,IndexPoint,IndexPoint,3073,3520,3378,3001,3232,3653,3317,10223.287671,20813.913043,16018.410042,9326.691042,12733.256083,28100.000000,14495.886889,nan,nan,nan,nan,nan,nan,nan
976200,8,open_reference,0.0219,IndexPoint,IndexPoint,3065,3507,3378,2977,3159,3533,3518,10117.475728,20278.571429,16018.410042,9053.488372,11475.000000,21374.021352,20729.982669,nan,nan,nan,nan,nan,nan,nan
976250,8,open_reference,0.0219,IndexPoint,IndexPoint,3029,3451,3385,2970,3156,3632,3372,9660.975610,18219.565217,16209.859155,8976.000000,11427.476038,26671.274298,15857.261411,nan,nan,nan,nan,nan,nan,nan
976300,8,open_reference,0.0220,IndexPoint,IndexPoint,3039,3439,3335,2987,3179,3622,3402,9784.659091,17824.085366,14919.736842,9165.884477,11799.781659,26035.517970,16690.909091,nan,nan,nan,nan,nan,nan,nan
976350,8,open_reference,0.0220,IndexPoint,IndexPoint,3055,3451,3365,2985,3139,3607,3447,9987.500000,18219.565217,15672.602740,9143.243243,11163.807531,25130.737705,18086.111111,nan,nan,nan,nan,nan,nan,nan
976400,8,open_reference,0.0220,IndexPoint,IndexPoint,3032,3434,3404,2984,3159,3647,3461,9697.836312,17663.540091,16749.059334,9131.953195,11475.000000,27678.125000,18560.567823,nan,nan,nan,nan,nan,nan,nan
976450,8,open_reference,0.0220,IndexPoint,IndexPoint,3034,3459,3429,2971,3180,3592,3421,9722.525919,18491.509434,17505.405405,8987.010676,11816.393443,24279.920477,17257.270030,nan,nan,nan,nan,nan,nan,nan
976500,8,open_reference,0.0220,IndexPoint,IndexPoint,3032,3429,3330,2965,3165,3572,3431,9697.836312,17505.405405,14800.000000,8921.238938,11570.967742,23221.414914,17568.373494,nan,nan,nan,nan,nan,nan,nan
976550,8,open_reference,0.0220,IndexPoint,IndexPoint,3010,3350,3335,2971,3117,3581,3421,9432.258065,15288.590604,14919.736842,8987.010676,10836.196319,23687.548638,17257.270030,nan,nan,nan,nan,nan,nan,nan
976600,8,open_reference,0.0220,IndexPoint,IndexPoint,3017,3444,3337,2965,3116,3610,3401,9515.584416,17987.096774,14968.073879,8921.238938,10821.654750,25307.216495,16661.959654,nan,nan,nan,nan,nan,nan,nan
976650,8,open_reference,0.0220,IndexPoint,IndexPoint,2992,3485,3271,2961,3044,3602,3382,9222.846782,19424.590164,13496.844660,8877.777778,9847.383444,24841.379310,16127.349229,nan,nan,nan,nan,nan,nan,nan
976700,8,open_reference,0.0220,IndexPoint,IndexPoint,2963,3433,3346,2947,3063,3558,3381,8899.469965,17631.722054,15188.785047,8728.048780,10091.279070,22527.374302,16100.000000,nan,nan,nan,nan,nan,nan,nan
976750,8,open_reference,0.0221,IndexPoint,IndexPoint,2976,3350,3308,2952,3086,3474,3410,9042.359249,15288.590604,14291.232529,8781.102362,10398.810704,19020.289855,16925.547445,nan,nan,nan,nan,nan,nan,nan
976800,8,open_reference,0.0221,IndexPoint,IndexPoint,2965,3413,3340,2935,3069,3524,3421,8921.238938,17014.956012,15041.059603,8602.586207,10170.175439,20983.537653,17257.270030,nan,nan,nan,nan,nan,nan,nan
976850,8,open_reference,0.0221,IndexPoint,IndexPoint,2966,3398,3307,2942,3087,3435,3350,8932.152347,16575.609756,14268.781726,8675.455334,10412.500000,17695.454545,15288.590604,nan,nan,nan,nan,nan,nan,nan
976900,8,open_reference,0.0221,IndexPoint,IndexPoint,2973,3412,3263,2952,3104,3479,3388,9009.090909,16985.065886,13334.375000,8781.102362,10649.445005,19202.272727,16293.069307,nan,nan,nan,nan,nan,nan,nan
976950,8,open_reference,0.0221,IndexPoint,IndexPoint,2960,3412,3264,2948,3091,3463,3309,8866.960352,16985.065886,13354.512635,8738.622493,10467.529880,18630.063291,14313.740458,nan,nan,nan,nan,nan,nan,nan
977000,8,open_reference,0.0221,IndexPoint,IndexPoint,2955,3402,3251,2948,3110,3506,3352,8813.157895,16690.909091,13096.445498,8738.622493,10735.025381,20238.370119,15338.896366,nan,nan,nan,nan,nan,nan,nan
977050,8,open_reference,0.0221,IndexPoint,IndexPoint,2960,3349,3327,2953,3088,3437,3381,8866.960352,15263.538874,14728.906250,8791.768827,10426.216485,17759.574468,16100.000000,nan,nan,nan,nan,nan,nan,nan
977100,8,open_reference,0.0221,IndexPoint,IndexPoint,2961,3431,3239,2950,3089,3434,3353,8877.777778,17568.373494,12865.186916,8759.825328,10439.960239,17663.540091,15364.150943,nan,nan,nan,nan,nan,nan,nan
977150,8,open_reference,0.0221,IndexPoint,IndexPoint,2937,3376,3365,2952,3036,3448,3343,8623.316062,15964.394993,15672.602740,8781.102362,9747.308782,18119.319938,15114.627660,nan,nan,nan,nan,nan,nan,nan
977200,8,open_reference,0.0222,IndexPoint,IndexPoint,2968,3410,3324,2958,3059,3519,3248,8954.037267,16925.547445,14658.365759,8845.382586,10039.189189,20771.875000,13038.016529,nan,nan,nan,nan,nan,nan,nan
977250,8,open_reference,0.0222,IndexPoint,IndexPoint,2956,3497,3328,2957,3051,3457,3238,8823.880597,19882.608696,14752.542373,8834.622144,9936.206897,18422.884013,12846.207701,nan,nan,nan,nan,nan,nan,nan
977300,8,open_reference,0.0222,IndexPoint,IndexPoint,2949,3428,3343,2951,3079,3459,3323,8749.214660,17474.062969,15114.627660,8770.454545,10303.740157,18491.509434,14634.974093,nan,nan,nan,nan,nan,nan,nan
977350,8,open_reference,0.0222,IndexPoint,IndexPoint,2950,3403,3268,2947,3078,3448,3317,8759.825328,16719.942197,13435.550181,8728.048780,10290.265487,18119.319938,14495.886889,nan,nan,nan,nan,nan,nan,nan
977400,8,open_reference,0.0222,IndexPoint,IndexPoint,2950,3434,3307,2940,3053,3490,3327,8759.825328,17663.540091,14268.781726,8654.545455,9961.804223,19613.223140,14728.906250,nan,nan,nan,nan,nan,nan,nan
977450,8,open_reference,0.0222,IndexPoint,IndexPoint,2935,3370,3274,2950,3068,3427,3247,8602.586207,15804.137931,13558.587089,8759.825328,10156.962025,17442.814371,13018.632075,nan,nan,nan,nan,nan,nan,nan
977500,8,open_reference,0.0222,IndexPoint,IndexPoint,2946,3387,3250,2937,3063,3441,3309,8717.493473,16265.254237,13076.923077,8623.316062,10091.279070,17888.990826,14313.740458,nan,nan,nan,nan,nan,nan,nan
977550,8,open_reference,0.0223,IndexPoint,IndexPoint,2944,3344,3240,2930,3012,3418,3260,8696.437880,15139.280959,12884.210526,8551.072961,9455.955679,17165.731167,13274.251497,nan,nan,nan,nan,nan,nan,nan
977600,8,open_reference,0.0223,IndexPoint,IndexPoint,2946,3345,3229,2937,3020,3468,3269,8717.493473,15164.000000,12677.367206,8623.316062,9551.627907,18805.741627,13455.932203,nan,nan,nan,nan,nan,nan,nan
977650,8,open_reference,0.0223,IndexPoint,IndexPoint,2955,3358,3228,2944,3028,3443,3279,8813.157895,15491.451832,12658.823529,8696.437880,9648.734770,17954.294479,13662.500000,nan,nan,nan,nan,nan,nan,nan
977700,8,open_reference,0.0223,IndexPoint,IndexPoint,2955,3380,3242,2932,3005,3402,3274,8813.157895,16072.727273,12922.391559,8571.625107,9373.394495,16690.909091,13558.587089,nan,nan,nan,nan,nan,nan,nan
977750,8,open_reference,0.0223,IndexPoint,IndexPoint,2945,3388,3231,2943,3050,3418,3248,8706.956522,16293.069307,12714.583333,8685.937500,9923.444976,17165.731167,13038.016529,nan,nan,nan,nan,nan,nan,nan
977800,8,open_reference,0.0223,IndexPoint,IndexPoint,2958,3368,3286,2928,3039,3402,3305,8845.382586,15751.306740,13810.135970,8530.591260,9784.659091,16690.909091,14224.050633,nan,nan,nan,nan,nan,nan,nan
977850,8,open_reference,0.0223,IndexPoint,IndexPoint,2956,3314,3269,2932,3000,3426,3244,8823.880597,14427.144686,13455.932203,8571.625107,9315.068493,17411.659193,12960.752056,nan,nan,nan,nan,nan,nan,nan
977900,8,open_reference,0.0224,IndexPoint,IndexPoint,2951,3360,3179,2935,3005,3453,3246,8770.454545,15542.857143,11799.781659,8602.586207,9373.394495,18286.915888,12999.293286,nan,nan,nan,nan,nan,nan,nan
977950,8,open_reference,0.0224,IndexPoint,IndexPoint,2969,3343,3246,2941,2992,3391,3231,8965.008881,15114.627660,12999.293286,8664.991334,9222.846782,16376.988636,12714.583333,nan,nan,nan,nan,nan,nan,nan
978000,8,open_reference,0.0224,IndexPoint,IndexPoint,2969,3389,3224,2949,2977,3387,3270,8965.008881,16320.963173,12585.074627,8749.214660,9053.488372,16265.254237,13476.363636,nan,nan,nan,nan,nan,nan,nan
978050,8,open_reference,0.0224,IndexPoint,IndexPoint,2964,3422,3171,2968,2994,3411,3234,8910.344828,17287.964339,11668.181818,8954.037267,9245.776567,16955.263158,12770.731707,nan,nan,nan,nan,nan,nan,nan
978100,8,open_reference,0.0646,IndexPoint,IndexPoint,2977,3445,3236,2959,3013,3381,3244,9053.488372,18020.000000,12808.381839,8856.161972,9467.837338,16100.000000,12960.752056,nan,nan,nan,nan,nan,nan,nan
978150,8,open_reference,0.1068,IndexPoint,IndexPoint,2964,3398,3199,2947,3021,3348,3239,8910.344828,16575.609756,12139.062500,8728.048780,9563.687151,15238.554217,12865.186916,nan,nan,nan,nan,nan,nan,nan
978200,8,open_reference,0.1702,IndexPoint,IndexPoint,2957,3410,3241,2941,3007,3365,3250,8834.622144,16925.547445,12903.278689,8664.991334,9396.875000,15672.602740,13076.923077,nan,nan,nan,nan,nan,nan,nan
978250,8,open_reference,0.2335,IndexPoint,IndexPoint,2964,3417,3224,2936,3004,3377,3277,8910.344828,17135.398230,12585.074627,8612.942192,9361.686526,15991.364903,13620.782396,nan,nan,nan,nan,nan,nan,nan
978300,8,open_reference,0.2752,IndexPoint,IndexPoint,2959,3410,3210,2921,2997,3391,3303,8856.161972,16925.547445,12332.203390,8459.454855,9280.327869,16376.988636,14179.545455,nan,nan,nan,nan,nan,nan,nan
978350,8,open_reference,0.3172,IndexPoint,IndexPoint,2952,3395,3222,2928,3009,3358,3266,8781.102362,16490.000000,12548.453608,8530.591260,9420.441989,15491.451832,13394.933655,nan,nan,nan,nan,nan,nan,nan
978400,8,open_reference,0.3799,IndexPoint,IndexPoint,2956,3394,3205,2943,3015,3396,3236,8823.880597,16461.626248,12243.820225,8685.937500,9491.666667,16518.454936,12808.381839,nan,nan,nan,nan,nan,nan,nan
978450,8,open_reference,0.4219,IndexPoint,IndexPoint,2958,3399,3205,2926,2993,3376,3239,8845.382586,16604.310345,12243.820225,8510.179641,9234.301270,15964.394993,12865.186916,nan,nan,nan,nan,nan,nan,nan
978500,8,open_reference,0.4635,IndexPoint,IndexPoint,2949,3433,3211,2927,3007,3406,3240,8749.214660,17631.722054,12350.000000,8520.376712,9396.875000,16807.547170,12884.210526,nan,nan,nan,nan,nan,nan,nan
978550,8,open_reference,0.5471,IndexPoint,IndexPoint,2954,3437,3208,2925,2992,3362,3218,8802.453988,17759.574468,12296.730552,8500.000000,9222.846782,15594.542974,12475.712657,nan,nan,nan,nan,nan,nan,nan
978600,8,open_reference,0.5471,IndexPoint,IndexPoint,2948,3426,3227,2927,2974,3409,3227,8738.622493,17411.659193,12640.322581,8520.376712,9020.160571,16895.918367,12640.322581,nan,nan,nan,nan,nan,nan,nan
978650,8,open_reference,0.6092,IndexPoint,IndexPoint,2941,3411,3234,2929,3011,3404,3213,8664.991334,16955.263158,12770.731707,8540.823328,9444.095941,16749.059334,12385.714286,nan,nan,nan,nan,nan,nan,nan
978700,8,open_reference,0.6717,IndexPoint,IndexPoint,2938,3440,3205,2917,3008,3370,3215,8633.707865,17856.488550,12243.820225,8419.185059,9408.647654,15804.137931,12421.590909,nan,nan,nan,nan,nan,nan,nan
978750,8,open_reference,0.7340,IndexPoint,IndexPoint,2932,3426,3195,2921,2976,3415,3216,8571.625107,17411.659193,12070.000000,8459.454855,9042.359249,17075.000000,12439.590444,nan,nan,nan,nan,nan,nan,nan
978800,8,open_reference,0.7753,IndexPoint,IndexPoint,2934,3410,3212,2936,2986,3402,3248,8592.248062,16925.547445,12367.836920,8612.942192,9154.553652,16690.909091,13038.016529,nan,nan,nan,nan,nan,nan,nan
978850,8,open_reference,0.8174,IndexPoint,IndexPoint,2941,3428,3252,2933,2984,3367,3232,8664.991334,17474.062969,13116.014235,8581.927711,9131.953195,15725.000000,12733.256083,nan,nan,nan,nan,nan,nan,nan
978900,8,open_reference,0.8590,IndexPoint,IndexPoint,2934,3423,3243,2927,2967,3394,3204,8592.248062,17318.750000,12941.549296,8520.376712,8943.085106,16461.626248,12226.262626,nan,nan,nan,nan,nan,nan,nan
978950,8,open_reference,0.9223,IndexPoint,IndexPoint,2926,3399,3187,2933,3003,3393,3214,8510.179641,16604.310345,11933.700441,8581.927711,9350.000000,16433.333333,12403.632236,nan,nan,nan,nan,nan,nan,nan
979000,8,open_reference,0.9639,IndexPoint,IndexPoint,2929,3410,3168,2946,2998,3398,3201,8540.823328,16925.547445,11619.417476,8717.493473,9291.886964,16575.609756,12173.825503,nan,nan,nan,nan,nan,nan,nan
979050,8,open_reference,1.0062,IndexPoint,IndexPoint,2934,3370,3174,2935,2980,3328,3211,8592.248062,15804.137931,11717.263844,8602.586207,9086.995516,14752.542373,12350.000000,nan,nan,nan,nan,nan,nan,nan
979100,8,open_reference,1.0688,IndexPoint,IndexPoint,2925,3405,3205,2943,2978,3352,3185,8500.000000,16778.260870,12243.820225,8685.937500,9064.637422,15338.896366,11900.000000,nan,nan,nan,nan,nan,nan,nan
979150,8,open_reference,1.1109,IndexPoint,IndexPoint,2930,3391,3224,2942,2964,3376,3157,8551.072961,16376.988636,12585.074627,8675.455334,8910.344828,15964.394993,11443.283582,nan,nan,nan,nan,nan,nan,nan
979200,8,open_reference,1.1741,IndexPoint,IndexPoint,2920,3378,3217,2947,2989,3341,3184,8449.361702,16018.410042,12457.630979,8728.048780,9188.607595,15065.517241,11883.205269,nan,nan,nan,nan,nan,nan,nan
979250,8,open_reference,1.2164,IndexPoint,IndexPoint,2906,3403,3226,2932,2996,3373,3169,8309.840202,16719.942197,12621.864212,8571.625107,9268.789809,15883.933518,11635.637149,nan,nan,nan,nan,nan,nan,nan
979300,8,open_reference,1.2779,IndexPoint,IndexPoint,2904,3445,3218,2930,2981,3392,3174,8290.176322,18020.000000,12475.712657,8551.072961,9098.204668,16405.120910,11717.263844,nan,nan,nan,nan,nan,nan,nan
979350,8,open_reference,1.3404,IndexPoint,IndexPoint,2912,3461,3230,2927,2956,3350,3187,8369.230769,18560.567823,12695.953757,8520.376712,8823.880597,15288.590604,11933.700441,nan,nan,nan,nan,nan,nan,nan
979400,8,open_reference,1.3819,IndexPoint,IndexPoint,2903,3409,3191,2949,2971,3358,3188,8280.369128,16895.918367,12001.548673,8749.214660,8987.010676,15491.451832,11950.606395,nan,nan,nan,nan,nan,nan,nan
979450,8,open_reference,1.4028,IndexPoint,IndexPoint,2913,3442,3181,2957,2979,3344,3186,8379.187817,17921.592649,11833.041575,8834.622144,9075.806452,15139.280959,11916.831683,nan,nan,nan,nan,nan,nan,nan
979500,8,open_reference,1.4447,IndexPoint,IndexPoint,2906,3439,3177,2946,2961,3341,3180,8309.840202,17824.085366,11766.666667,8717.493473,8877.777778,15065.517241,11816.393443,nan,nan,nan,nan,nan,nan,nan
979550,8,open_reference,1.5076,IndexPoint,IndexPoint,2902,3408,3169,2953,2969,3342,3199,8270.578374,16866.375546,11635.637149,8791.768827,8965.008881,15090.039841,12139.062500,nan,nan,nan,nan,nan,nan,nan
979600,8,open_reference,1.5491,IndexPoint,IndexPoint,2916,3406,3172,2951,2960,3292,3187,8409.160305,16807.547170,11684.507042,8770.454545,8866.960352,13938.729763,11933.700441,nan,nan,nan,nan,nan,nan,nan
979650,8,open_reference,1.6337,IndexPoint,IndexPoint,2921,3423,3132,2935,2950,3350,3208,8459.454855,17318.750000,11057.943925,8602.586207,8759.825328,15288.590604,12296.730552,nan,nan,nan,nan,nan,nan,nan
979700,8,open_reference,1.6553,IndexPoint,IndexPoint,2926,3423,3158,2957,2960,3348,3199,8510.179641,17318.750000,11459.124867,8834.622144,8866.960352,15238.554217,12139.062500,nan,nan,nan,nan,nan,nan,nan
979750,8,open_reference,1.7185,IndexPoint,IndexPoint,2926,3446,3172,2945,2980,3316,3241,8510.179641,18053.004622,11684.507042,8706.956522,9086.995516,14472.913992,12903.278689,nan,nan,nan,nan,nan,nan,nan
979800,8,open_reference,1.8019,IndexPoint,IndexPoint,2926,3383,3156,2939,2988,3344,3207,8510.179641,16154.775281,11427.476038,8644.117647,9177.235772,15139.280959,12279.054054,nan,nan,nan,nan,nan,nan,nan
979850,8,open_reference,1.8226,IndexPoint,IndexPoint,2913,3391,3152,2937,3013,3374,3219,8379.187817,16376.988636,11364.581124,8623.316062,9467.837338,15910.679612,12493.835616,nan,nan,nan,nan,nan,nan,nan
979900,8,open_reference,1.8641,IndexPoint,IndexPoint,2906,3379,3152,2951,3005,3355,3215,8309.840202,16045.530726,11364.581124,8770.454545,9373.394495,15414.864865,12421.590909,nan,nan,nan,nan,nan,nan,nan
979950,8,open_reference,1.9270,IndexPoint,IndexPoint,2920,3382,3094,2950,2998,3313,3208,8449.361702,16127.349229,10509.090909,8759.825328,9291.886964,14404.347826,12296.730552,nan,nan,nan,nan,nan,nan,nan
980000,8,open_reference,1.9694,IndexPoint,IndexPoint,2905,3401,3086,2950,3006,3309,3196,8300.000000,16661.959654,10398.810704,8759.825328,9385.123967,14313.740458,12087.208009,nan,nan,nan,nan,nan,nan,nan
980050,8,open_reference,2.0334,IndexPoint,IndexPoint,2914,3422,3101,2940,2983,3323,3176,8389.161727,17287.964339,10607.042254,8654.545455,9120.683453,14634.974093,11750.163221,nan,nan,nan,nan,nan,nan,nan
980100,8,open_reference,2.0760,IndexPoint,IndexPoint,2920,3399,3099,2943,2968,3321,3181,8449.361702,16604.310345,10578.915663,8685.937500,8954.037267,14588.372093,11833.041575,nan,nan,nan,nan,nan,nan,nan
980150,8,open_reference,2.1185,IndexPoint,IndexPoint,2923,3349,3088,2950,2979,3303,3185,8479.692833,15263.538874,10426.216485,8759.825328,9075.806452,14179.545455,11900.000000,nan,nan,nan,nan,nan,nan,nan
980200,8,open_reference,2.1823,IndexPoint,IndexPoint,2937,3342,3089,2942,2972,3297,3184,8623.316062,15090.039841,10439.960239,8675.455334,8998.040962,14047.368421,11883.205269,nan,nan,nan,nan,nan,nan,nan
980250,8,open_reference,2.2038,IndexPoint,IndexPoint,2925,3302,3093,2933,2963,3265,3122,8500.000000,14157.377049,10495.209581,8581.927711,8899.469965,13374.698795,10909.352518,nan,nan,nan,nan,nan,nan,nan
980300,8,open_reference,2.2858,IndexPoint,IndexPoint,2929,3332,3085,2952,2970,3331,3104,8540.823328,14847.706422,10385.148515,8781.102362,8976.000000,14823.821990,10649.445005,nan,nan,nan,nan,nan,nan,nan
980350,8,open_reference,2.3275,IndexPoint,IndexPoint,2944,3331,3089,2961,2961,3282,3103,8696.437880,14823.821990,10439.960239,8877.777778,8877.777778,13725.461255,10635.282258,nan,nan,nan,nan,nan,nan,nan
980400,8,open_reference,2.3890,IndexPoint,IndexPoint,2941,3348,3092,2954,2958,3267,3113,8664.991334,15238.554217,10481.355932,8802.453988,8845.382586,13415.217391,10778.207739,nan,nan,nan,nan,nan,nan,nan
980450,8,open_reference,2.3894,IndexPoint,IndexPoint,2925,3384,3082,2963,2968,3260,3094,8500.000000,16182.278481,10344.323791,8899.469965,8954.037267,13274.251497,10509.090909,nan,nan,nan,nan,nan,nan,nan
980500,8,open_reference,2.4526,IndexPoint,IndexPoint,2933,3373,3069,2960,2970,3240,3094,8581.927711,15883.933518,10170.175439,8866.960352,8976.000000,12884.210526,10509.090909,nan,nan,nan,nan,nan,nan,nan
980550,8,open_reference,2.5369,IndexPoint,IndexPoint,2932,3359,3082,2953,2978,3222,3126,8571.625107,15517.119565,10344.323791,8791.768827,9064.637422,12548.453608,10968.421053,nan,nan,nan,nan,nan,nan,nan
980600,8,open_reference,2.5580,IndexPoint,IndexPoint,2921,3341,3074,2959,2993,3227,3085,8459.454855,15065.517241,10236.630754,8856.161972,9234.301270,12640.322581,10385.148515,nan,nan,nan,nan,nan,nan,nan
980650,8,open_reference,2.5997,IndexPoint,IndexPoint,2929,3360,3076,2951,2989,3250,3109,8540.823328,15542.857143,10263.395486,8770.454545,9188.607595,13076.923077,10720.689655,nan,nan,nan,nan,nan,nan,nan
980700,8,open_reference,2.6627,IndexPoint,IndexPoint,2931,3330,3087,2932,2986,3223,3119,8561.340206,14800.000000,10412.500000,8571.625107,9154.553652,12566.743119,10865.368852,nan,nan,nan,nan,nan,nan,nan
980750,8,open_reference,2.7045,IndexPoint,IndexPoint,2911,3350,3093,2950,2978,3227,3139,8359.290541,15288.590604,10495.209581,8759.825328,9064.637422,12640.322581,11163.807531,nan,nan,nan,nan,nan,nan,nan
980800,8,open_reference,2.7679,IndexPoint,IndexPoint,2912,3345,3080,2926,2977,3248,3098,8369.230769,15164.000000,10317.241379,8510.179641,9053.488372,13038.016529,10564.894684,nan,nan,nan,nan,nan,nan,nan
980850,8,open_reference,2.8305,IndexPoint,IndexPoint,2911,3373,3070,2926,2944,3224,3121,8359.290541,15883.933518,10183.414634,8510.179641,8696.437880,12585.074627,10894.661191,nan,nan,nan,nan,nan,nan,nan
980900,8,open_reference,2.8718,IndexPoint,IndexPoint,2894,3324,3064,2929,2932,3255,3150,8192.839301,14658.365759,10104.364694,8540.823328,8571.625107,13175.000000,11333.333333,nan,nan,nan,nan,nan,nan,nan
980950,8,open_reference,2.9132,IndexPoint,IndexPoint,2905,3320,3079,2915,2945,3213,3121,8300.000000,14565.161290,10303.740157,8399.152542,8706.956522,12385.714286,10894.661191,nan,nan,nan,nan,nan,nan,nan
981000,8,open_reference,2.9766,IndexPoint,IndexPoint,2903,3333,3095,2919,2953,3215,3126,8280.369128,14871.653543,10523.000000,8439.285714,8791.768827,12421.590909,10968.421053,nan,nan,nan,nan,nan,nan,nan
981050,8,open_reference,3.0190,IndexPoint,IndexPoint,2894,3320,3088,2924,2963,3209,3112,8192.839301,14565.161290,10426.216485,8489.837746,8899.469965,12314.446953,10763.784334,nan,nan,nan,nan,nan,nan,nan
981100,8,open_reference,3.1032,IndexPoint,IndexPoint,2899,3359,3084,2921,2957,3199,3117,8241.304348,15517.119565,10371.513353,8459.454855,8834.622144,12139.062500,10836.196319,nan,nan,nan,nan,nan,nan,nan
981150,8,open_reference,3.1243,IndexPoint,IndexPoint,2894,3362,3101,2901,2965,3174,3112,8192.839301,15594.542974,10607.042254,8260.804020,8921.238938,11717.263844,10763.784334,nan,nan,nan,nan,nan,nan,nan
981200,8,open_reference,3.1662,IndexPoint,IndexPoint,2890,3326,3087,2907,2970,3167,3065,8154.356846,14705.331599,10412.500000,8319.696970,8976.000000,11603.232759,10117.475728,nan,nan,nan,nan,nan,nan,nan
981250,8,open_reference,3.2288,IndexPoint,IndexPoint,2895,3324,3060,2914,2946,3167,3084,8202.500000,14658.365759,10052.173913,8389.161727,8717.493473,11603.232759,10371.513353,nan,nan,nan,nan,nan,nan,nan
981300,8,open_reference,3.2916,IndexPoint,IndexPoint,2888,3292,3065,2898,2934,3143,3118,8135.211268,13938.729763,10117.475728,8231.578947,8592.248062,11225.000000,10850.767656,nan,nan,nan,nan,nan,nan,nan
981350,8,open_reference,3.3127,IndexPoint,IndexPoint,2881,3289,3063,2913,2938,3156,3127,8068.698517,13874.193548,10091.279070,8379.187817,8633.707865,11427.476038,10983.264463,nan,nan,nan,nan,nan,nan,nan
981400,8,open_reference,3.3749,IndexPoint,IndexPoint,2893,3289,3071,2914,2935,3167,3226,8183.194676,13874.193548,10196.679688,8389.161727,8602.586207,11603.232759,12621.864212,nan,nan,nan,nan,nan,nan,nan
981450,8,open_reference,3.4360,IndexPoint,IndexPoint,2893,3338,3071,2904,2948,3147,3205,8183.194676,14992.338177,10196.679688,8290.176322,8738.622493,11286.708861,12243.820225,nan,nan,nan,nan,nan,nan,nan
981500,8,open_reference,3.4777,IndexPoint,IndexPoint,2882,3280,3065,2899,2962,3150,3192,8078.153339,13683.435583,10117.475728,8241.304348,8888.614298,11333.333333,12018.604651,nan,nan,nan,nan,nan,nan,nan
981550,8,open_reference,3.5190,IndexPoint,IndexPoint,2885,3275,3056,2905,2960,3153,3235,8106.611570,13579.268293,10000.384986,8300.000000,8866.960352,11380.254777,12789.534884,nan,nan,nan,nan,nan,nan,nan
981600,8,open_reference,3.5603,IndexPoint,IndexPoint,2882,3276,3068,2894,2947,3151,3270,8078.153339,13600.000000,10156.962025,8192.839301,8728.048780,11348.940678,13476.363636,nan,nan,nan,nan,nan,nan,nan
981650,8,open_reference,3.6028,IndexPoint,IndexPoint,2870,3255,3068,2908,2959,3189,3228,7965.714286,13175.000000,10156.962025,8329.570345,8856.161972,11967.549669,12658.823529,nan,nan,nan,nan,nan,nan,nan
981700,8,open_reference,3.6660,IndexPoint,IndexPoint,2879,3260,3093,2912,2962,3214,3166,8049.835526,13274.251497,10495.209581,8369.230769,8888.614298,12403.632236,11587.082885,nan,nan,nan,nan,nan,nan,nan
981750,8,open_reference,3.7288,IndexPoint,IndexPoint,2876,3242,3069,2905,2943,3193,3165,8021.657096,12922.391559,10170.175439,8300.000000,8685.937500,12035.698448,11570.967742,nan,nan,nan,nan,nan,nan,nan
981800,8,open_reference,3.7714,IndexPoint,IndexPoint,2864,3215,3058,2901,2955,3225,3186,7910.316816,12421.590909,10026.229508,8260.804020,8813.157895,12603.448276,11916.831683,nan,nan,nan,nan,nan,nan,nan
981850,8,open_reference,3.8131,IndexPoint,IndexPoint,2880,3279,3076,2913,2957,3237,3174,8059.259259,13662.500000,10263.395486,8379.187817,8834.622144,12827.272727,11717.263844,nan,nan,nan,nan,nan,nan,nan
981900,8,open_reference,3.8546,IndexPoint,IndexPoint,2881,3218,3089,2909,2942,3245,3124,8068.698517,12475.712657,10439.960239,8339.460371,8675.455334,12980.000000,10938.825953,nan,nan,nan,nan,nan,nan,nan
981950,8,open_reference,3.9185,IndexPoint,IndexPoint,2881,3211,3062,2911,2954,3253,3165,8068.698517,12350.000000,10078.218780,8359.290541,8802.453988,13135.629454,11570.967742,nan,nan,nan,nan,nan,nan,nan
982000,8,open_reference,3.9816,IndexPoint,IndexPoint,2888,3249,3065,2914,2956,3233,3132,8135.211268,13057.446809,10117.475728,8389.161727,8823.880597,12751.972158,11057.943925,nan,nan,nan,nan,nan,nan,nan
982050,8,posture_hold,0.0205,IndexPoint,IndexPoint,2880,3230,3063,2903,2945,3235,3120,8059.259259,12695.953757,10091.279070,8280.369128,8706.956522,12789.534884,10880.000000,-0.019782,-0.139413,-0.021261,-0.020002,-0.018644,0.015505,-0.008061
982100,8,posture_hold,0.0417,IndexPoint,IndexPoint,2864,3257,3050,2905,2960,3264,3136,7910.316816,13214.558473,9923.444976,8300.000000,8866.960352,13354.512635,11118.248175,-0.037897,-0.104260,-0.037539,-0.017678,-0.000610,0.060365,0.013660
982150,8,posture_hold,0.1046,IndexPoint,IndexPoint,2876,3232,3039,2894,2953,3233,3114,8021.657096,12733.256083,9784.659091,8192.839301,8791.768827,12751.972158,10792.660550,-0.024355,-0.136884,-0.051000,-0.030361,-0.009084,0.012522,-0.016024
982200,8,posture_hold,0.1458,IndexPoint,IndexPoint,2876,3250,3052,2890,2929,3237,3128,8021.657096,13076.923077,9948.993289,8154.356846,8540.823328,12827.272727,10998.138573,-0.024355,-0.113589,-0.035061,-0.034915,-0.037368,0.018501,0.002709
982250,8,posture_hold,0.1876,IndexPoint,IndexPoint,2866,3243,3033,2887,2938,3233,3284,7928.722539,12941.549296,9710.169492,8125.662252,8633.707865,12751.972158,13767.694205,-0.035658,-0.122765,-0.058224,-0.038311,-0.026899,0.012522,0.255212
982300,8,posture_hold,0.2499,IndexPoint,IndexPoint,2875,3243,3044,2884,2926,3248,3227,8012.295082,12941.549296,9847.383444,8097.109827,8510.179641,13038.016529,12640.322581,-0.025494,-0.122765,-0.044916,-0.041691,-0.040822,0.035235,0.152429
982350,8,posture_hold,0.2915,IndexPoint,IndexPoint,2872,3235,3043,2874,2923,3234,3213,7984.300899,12789.534884,9834.790875,8002.948403,8479.692833,12770.731707,12385.714286,-0.028899,-0.133070,-0.046137,-0.052835,-0.044258,0.014012,0.129216
982400,8,posture_hold,0.3547,IndexPoint,IndexPoint,2869,3203,3045,2893,2927,3238,3273,7956.443719,12208.744395,9860.000000,8183.194676,8520.376712,12846.207701,13537.956204,-0.032287,-0.172438,-0.043692,-0.031502,-0.039673,0.020005,0.234267
982450,8,posture_hold,0.3964,IndexPoint,IndexPoint,2882,3226,3045,2892,2927,3253,3286,8078.153339,12621.864212,9860.000000,8173.566085,8520.376712,13135.629454,13810.135970,-0.017484,-0.144435,-0.043692,-0.032642,-0.039673,0.042985,0.259081
982500,8,posture_hold,0.4376,IndexPoint,IndexPoint,2882,3218,3054,2886,2920,3252,3289,8078.153339,12475.712657,9974.639769,8116.129032,8449.361702,13116.014235,13874.193548,-0.017484,-0.154342,-0.032574,-0.039440,-0.047677,0.041428,0.264922
982550,8,posture_hold,0.4798,IndexPoint,IndexPoint,2859,3203,3045,2890,2948,3273,3244,7864.563107,12208.744395,9860.000000,8154.356846,8738.622493,13537.956204,12960.752056,-0.043462,-0.172438,-0.043692,-0.034915,-0.015075,0.074931,0.181642
982600,8,posture_hold,0.5422,IndexPoint,IndexPoint,2876,3199,3061,2890,2973,3261,3252,8021.657096,12139.062500,10065.183752,8154.356846,9009.090909,13294.244604,13116.014235,-0.024355,-0.177161,-0.023792,-0.034915,0.015410,0.055580,0.195798
982650,8,posture_hold,0.6047,IndexPoint,IndexPoint,2884,3250,3065,2904,2952,3251,3235,8097.109827,13076.923077,10117.475728,8290.176322,8781.102362,13096.445498,12789.534884,-0.015178,-0.113589,-0.018720,-0.018841,-0.010287,0.039874,0.166032
982700,8,posture_hold,0.6256,IndexPoint,IndexPoint,2881,3214,3071,2911,2959,3255,3122,8068.698517,12403.632236,10196.679688,8359.290541,8856.161972,13175.000000,10909.352518,-0.018634,-0.159228,-0.011038,-0.010661,-0.001827,0.046111,-0.005385
982750,8,posture_hold,0.7092,IndexPoint,IndexPoint,2896,3274,3066,2924,2968,3304,3131,8212.176814,13558.587089,10130.612245,8489.837746,8954.037267,14201.769912,11042.946058,-0.001183,-0.080940,-0.017446,0.004789,0.009205,0.127638,0.006795
982800,8,posture_hold,0.7301,IndexPoint,IndexPoint,2893,3314,3084,2920,3026,3282,3114,8183.194676,14427.144686,10371.513353,8449.361702,9624.321796,13725.461255,10792.660550,-0.004708,-0.022065,0.005918,-0.000001,0.084752,0.089819,-0.016024
982850,8,posture_hold,0.8131,IndexPoint,IndexPoint,2893,3323,3098,2883,3117,3354,3170,8183.194676,14634.974093,10564.894684,8087.623762,10836.196319,15389.473684,11651.891892,-0.004708,-0.007978,0.024674,-0.042813,0.221342,0.221943,0.062313
982900,8,posture_hold,0.8340,IndexPoint,IndexPoint,2891,3388,3116,2901,3073,3365,3170,8163.953488,16293.069307,10821.654750,8260.804020,10223.287671,15672.602740,11651.891892,-0.007048,0.104415,0.049577,-0.022317,0.152261,0.244424,0.062313
982950,8,posture_hold,0.9176,IndexPoint,IndexPoint,2899,3412,3106,2912,3071,3415,3168,8241.304348,16985.065886,10677.856421,8369.230769,10196.679688,17075.000000,11619.417476,0.002360,0.151322,0.035630,-0.009485,0.149262,0.355776,0.059352
983000,8,posture_hold,0.9383,IndexPoint,IndexPoint,2899,3417,3120,2941,3079,3407,3211,8241.304348,17135.398230,10880.000000,8664.991334,10303.740157,16836.918605,12350.000000,0.002360,0.161512,0.055236,0.025519,0.161329,0.336872,0.125960
983050,8,posture_hold,1.0011,IndexPoint,IndexPoint,2904,3415,3139,2924,3072,3375,3175,8290.176322,17075.000000,11163.807531,8489.837746,10209.970674,15937.500000,11733.695652,0.008304,0.157418,0.082762,0.004789,0.150760,0.265457,0.069771
983100,8,posture_hold,1.0638,IndexPoint,IndexPoint,2901,3428,3149,2941,3090,3381,3223,8260.804020,17474.062969,11317.758985,8664.991334,10453.731343,16100.000000,12566.743119,0.004731,0.184468,0.097694,0.025519,0.178235,0.278360,0.145720
983150,8,posture_hold,1.0854,IndexPoint,IndexPoint,2903,3423,3156,2962,3155,3427,3196,8280.369128,17318.750000,11427.476038,8888.614298,11411.702128,17442.814371,12087.208009,0.007111,0.173940,0.108335,0.051985,0.286207,0.384981,0.102001
983200,8,posture_hold,1.1492,IndexPoint,IndexPoint,2954,3428,3186,2986,3238,3427,3153,8802.453988,17474.062969,11916.831683,9154.553652,12846.207701,17442.814371,11380.254777,0.070610,0.184468,0.155797,0.083460,0.447889,0.384981,0.037547
983250,8,posture_hold,1.1919,IndexPoint,IndexPoint,2960,3449,3206,3009,3237,3477,3217,8866.960352,18152.631579,12261.417323,9420.441989,12827.272727,19129.126214,12457.630979,0.078456,0.230465,0.189218,0.114928,0.445755,0.518876,0.135772
983300,8,posture_hold,1.2339,IndexPoint,IndexPoint,2951,3490,3140,3015,3237,3500,3242,8770.454545,19613.223140,11179.057592,9491.666667,12827.272727,20000.000000,12922.391559,0.066718,0.329470,0.084241,0.123358,0.445755,0.588025,0.178145
983350,8,posture_hold,1.2972,IndexPoint,IndexPoint,2939,3501,3117,3030,3283,3546,3207,8644.117647,20039.393939,10836.196319,9673.239437,13746.551724,21960.655738,12279.054054,0.051353,0.358357,0.050987,0.144847,0.549367,0.743703,0.119491
983400,8,posture_hold,1.3595,IndexPoint,IndexPoint,2962,3644,3131,3026,3265,3498,3218,8888.614298,27471.396896,11042.946058,9624.321796,13374.698795,19921.608040,12475.712657,0.081090,0.862131,0.071040,0.139058,0.507455,0.581800,0.137421
983450,8,posture_hold,1.4017,IndexPoint,IndexPoint,2943,3563,3088,3034,3337,3502,3212,8685.937500,22771.052632,10426.216485,9722.525919,14968.073879,20078.920742,12367.836920,0.056439,0.543521,0.011224,0.150681,0.687044,0.594291,0.127586
983500,8,posture_hold,1.4442,IndexPoint,IndexPoint,2999,3728,3067,3017,3331,3548,3212,9303.467153,34537.329700,10143.774319,9515.584416,14823.821990,22053.382084,12367.836920,0.131547,1.341091,-0.016170,0.126189,0.670785,0.751066,0.127586
983550,8,posture_hold,1.4863,IndexPoint,IndexPoint,2985,3655,3282,3003,3320,3513,3183,9143.243243,28243.181818,13725.461255,9350.000000,14565.161290,20522.680412,11866.447368,0.112059,0.914446,0.331213,0.106591,0.641632,0.629526,0.081874
983600,8,posture_hold,1.5496,IndexPoint,IndexPoint,2977,3712,3055,3001,3266,4062,3257,9053.488372,32952.480418,9987.500000,9326.691042,13394.933655,nan,13214.558473,0.101143,1.233663,-0.031326,0.103833,0.509736,nan,0.204782
983650,8,posture_hold,1.6343,IndexPoint,IndexPoint,2990,3631,3204,3019,3233,4065,3236,9200.000000,26606.465517,12226.262626,9539.591078,12751.972158,nan,12808.381839,0.118962,0.803502,0.185808,0.129030,0.437268,nan,0.167751
983700,8,posture_hold,1.6550,IndexPoint,IndexPoint,2981,3699,3279,3011,3266,3448,3229,9098.204668,31759.090909,13662.500000,9444.095941,13394.933655,18119.319938,12677.367206,0.106581,1.152770,0.325107,0.117728,0.509736,0.438697,0.155806
983750,8,posture_hold,1.7181,IndexPoint,IndexPoint,2980,3666,3033,3029,3249,3380,3263,9086.995516,29054.545455,9710.169492,9660.975610,13057.446809,16072.727273,13334.375000,0.105218,0.969444,-0.058224,0.143396,0.471698,0.276195,0.215706
983800,8,posture_hold,1.7396,IndexPoint,IndexPoint,2991,3591,3053,3033,3227,3477,3272,9211.413043,24225.000000,9961.804223,9710.169492,12640.322581,19129.126214,13517.375456,0.120351,0.642076,-0.033819,0.149218,0.424684,0.518876,0.232390
983850,8,posture_hold,1.8034,IndexPoint,IndexPoint,2985,3609,3019,3100,3211,3393,3320,9143.243243,25248.148148,9539.591078,10592.964824,12350.000000,16433.333333,14565.161290,0.112059,0.711430,-0.074768,0.253699,0.391962,0.304827,0.327918
983900,8,posture_hold,1.8457,IndexPoint,IndexPoint,2992,3629,3061,3073,3173,3392,3312,9222.846782,26477.682403,10065.183752,10223.287671,11700.867679,16405.120910,14381.609195,0.121741,0.794773,-0.023792,0.209947,0.318799,0.302587,0.311183
983950,8,posture_hold,1.9085,IndexPoint,IndexPoint,3001,3633,3317,3126,3188,3363,3290,9326.691042,26736.363636,14495.886889,10968.421053,11950.606395,15620.491803,13895.652174,0.134371,0.812307,0.405936,0.298135,0.346946,0.240286,0.266878
984000,8,posture_hold,1.9502,IndexPoint,IndexPoint,2976,3638,3108,3042,3154,3361,3307,9042.359249,27066.083151,10706.382979,9822.222222,11395.961743,15568.664850,14268.781726,0.099789,0.834657,0.038397,0.162480,0.284433,0.236171,0.300897
984050,8,posture_hold,2.0132,IndexPoint,IndexPoint,2968,3633,3111,3003,3154,3379,3329,8954.037267,26736.363636,10749.390244,9350.000000,11395.961743,16045.530726,14776.240209,0.089047,0.812307,0.042568,0.106591,0.284433,0.274035,0.347162
984100,8,posture_hold,2.0342,IndexPoint,IndexPoint,2974,3611,3241,3074,3167,3311,3415,9020.160571,25366.528926,12903.278689,10236.630754,11603.232759,14358.928571,17075.000000,0.097089,0.719454,0.251471,0.211526,0.307794,0.140117,0.556742
984150,8,posture_hold,2.1179,IndexPoint,IndexPoint,2971,3548,3204,3046,3169,3320,3399,8987.010676,22053.382084,12226.262626,9872.640610,11635.637149,14565.161290,16604.310345,0.093057,0.494874,0.185808,0.168447,0.311446,0.156492,0.513829
984200,8,posture_hold,2.1390,IndexPoint,IndexPoint,2940,3535,3165,2964,3212,3293,3393,8654.545455,21462.500000,11570.967742,8910.344828,12367.836920,13960.349127,16433.333333,0.052621,0.454822,0.122252,0.054557,0.393972,0.108469,0.498241
984250,8,posture_hold,2.1810,IndexPoint,IndexPoint,2934,3710,3103,3058,3177,3326,3470,8592.248062,32763.636364,10635.282258,10026.229508,11766.666667,14705.331599,18876.800000,0.045044,1.220862,0.031501,0.186624,0.326215,0.167622,0.721013
984300,8,posture_hold,2.2643,IndexPoint,IndexPoint,2945,3689,3053,3092,3181,3324,3439,8706.956522,30893.103448,9961.804223,10481.355932,11833.041575,14658.365759,17824.085366,0.058995,1.094069,-0.033819,0.240490,0.333696,0.163892,0.625037
984350,8,posture_hold,2.3059,IndexPoint,IndexPoint,2934,3534,3114,3075,3161,3297,3413,8592.248062,21418.181818,10792.660550,10250.000000,11506.852248,14047.368421,17014.956012,0.045044,0.451818,0.046765,0.213108,0.296931,0.115378,0.551268
984400,8,posture_hold,2.3473,IndexPoint,IndexPoint,2923,3437,3070,3069,3188,3302,3418,8479.692833,17759.574468,10183.414634,10170.175439,11950.606395,14157.377049,17165.731167,0.031354,0.203821,-0.012325,0.203661,0.346946,0.124113,0.565014
984450,8,posture_hold,2.3891,IndexPoint,IndexPoint,2913,3401,3069,3065,3166,3366,3360,8379.187817,16661.959654,10170.175439,10117.475728,11587.082885,15698.765432,15542.857143,0.019130,0.129420,-0.013609,0.197424,0.305974,0.246501,0.417055
984500,8,posture_hold,2.4521,IndexPoint,IndexPoint,2910,3353,3033,3031,3173,3376,3400,8349.367089,15364.150943,9710.169492,9685.526316,11700.867679,15964.394993,16633.093525,0.015503,0.041449,-0.058224,0.146302,0.318799,0.267593,0.516453
984550,8,posture_hold,2.4937,IndexPoint,IndexPoint,2921,3412,3017,3030,3179,3384,3390,8459.454855,16985.065886,9515.584416,9673.239437,11799.781659,16182.278481,16348.936170,0.028893,0.151322,-0.077097,0.144847,0.329947,0.284893,0.490546
984600,8,posture_hold,2.5364,IndexPoint,IndexPoint,2921,3541,3022,3025,3155,3380,3372,8459.454855,21731.768953,9575.768872,9612.149533,11411.702128,16072.727273,15857.261411,0.028893,0.473074,-0.071260,0.137617,0.286207,0.276195,0.445720
984650,8,posture_hold,2.6004,IndexPoint,IndexPoint,2903,3523,3024,3029,3153,3400,3409,8280.369128,20940.909091,9600.000000,9660.975610,11380.254777,16633.093525,16895.918367,0.007111,0.419466,-0.068910,0.143396,0.282662,0.320688,0.540415
984700,8,posture_hold,2.6428,IndexPoint,IndexPoint,2901,3433,3020,2965,3152,3389,3338,8260.804020,17631.722054,9551.627907,8921.238938,11364.581124,16320.963173,14992.338177,0.004731,0.195155,-0.073601,0.055847,0.280896,0.295905,0.366864
984750,8,posture_hold,2.7069,IndexPoint,IndexPoint,2906,3494,2986,2951,3159,3365,3335,8309.840202,19766.389351,9154.553652,8770.454545,11475.000000,15672.602740,14919.736842,0.010696,0.339852,-0.112113,0.038001,0.293341,0.244424,0.360245
984800,8,posture_hold,2.7704,IndexPoint,IndexPoint,2891,3518,3023,2887,3191,3356,3304,8163.953488,20729.982669,9587.873134,8125.662252,12001.548673,15440.324763,14201.769912,-0.007048,0.405169,-0.070086,-0.038311,0.352688,0.225981,0.294787
984850,8,posture_hold,2.7920,IndexPoint,IndexPoint,2905,3482,3028,2894,3182,3352,3293,8300.000000,19312.887439,9648.734770,8192.839301,11849.726177,15338.896366,13960.349127,0.009499,0.309112,-0.064183,-0.030361,0.335576,0.217927,0.272777
984900,8,posture_hold,2.8771,IndexPoint,IndexPoint,2911,3511,3043,2894,3162,3362,3371,8359.290541,20440.753425,9834.790875,8192.839301,11522.829582,15594.542974,15830.662983,0.016710,0.385563,-0.046137,-0.030361,0.298732,0.238226,0.443295
984950,8,posture_hold,2.9395,IndexPoint,IndexPoint,2902,3469,3027,2901,3181,3353,3285,8270.578374,18841.214058,9636.516854,8260.804020,11833.041575,15364.150943,13788.888889,0.005920,0.277140,-0.065368,-0.022317,0.333696,0.219933,0.257144
985000,8,posture_hold,2.9599,IndexPoint,IndexPoint,2906,3423,3074,2905,3179,3357,3309,8309.840202,17318.750000,10236.630754,8300.000000,11799.781659,15465.853659,14313.740458,0.010696,0.173940,-0.007164,-0.017678,0.329947,0.228008,0.304996
985050,8,posture_hold,3.0230,IndexPoint,IndexPoint,2910,3444,3044,2908,3176,3351,3304,8349.367089,17987.096774,9847.383444,8329.570345,11750.163221,15313.709677,14201.769912,0.015503,0.219244,-0.044916,-0.014179,0.324355,0.215928,0.294787
985100,8,posture_hold,3.0647,IndexPoint,IndexPoint,2898,3502,3024,2906,3184,3339,3284,8231.578947,20078.920742,9600.000000,8309.840202,11883.205269,15016.666667,13767.694205,0.001177,0.361037,-0.068910,-0.016514,0.339350,0.192342,0.255212
985150,8,posture_hold,3.0859,IndexPoint,IndexPoint,2905,3468,3004,2907,3174,3353,3270,8300.000000,18805.741627,9361.686526,8319.696970,11717.263844,15364.150943,13476.363636,0.009499,0.274735,-0.092023,-0.015347,0.320647,0.219933,0.228651
985200,8,posture_hold,3.1692,IndexPoint,IndexPoint,2911,3485,3021,2901,3162,3304,3345,8359.290541,19424.590164,9563.687151,8260.804020,11522.829582,14201.769912,15164.000000,0.016710,0.316683,-0.072431,-0.022317,0.298732,0.127638,0.382514
985250,8,posture_hold,3.1904,IndexPoint,IndexPoint,2903,3541,3001,2902,3184,3302,3363,8280.369128,21731.768953,9326.691042,8270.578374,11883.205269,14157.377049,15620.491803,0.007111,0.473074,-0.095417,-0.021160,0.339350,0.124113,0.424133
985300,8,posture_hold,3.2540,IndexPoint,IndexPoint,2923,3531,3010,2896,3171,3265,3301,8479.692833,21286.170213,9432.258065,8212.176814,11668.181818,13374.698795,14135.264484,0.031354,0.442869,-0.085179,-0.028072,0.315115,0.061968,0.288724
985350,8,posture_hold,3.3173,IndexPoint,IndexPoint,2916,3501,3005,2906,3153,3283,3316,8409.160305,20039.393939,9373.394495,8309.840202,11380.254777,13746.551724,14472.913992,0.022776,0.358357,-0.090888,-0.016514,0.282662,0.091493,0.319508
985400,8,posture_hold,3.3594,IndexPoint,IndexPoint,2912,3502,3023,2896,3170,3303,3347,8369.230769,20078.920742,9587.873134,8212.176814,11651.891892,14179.545455,15213.636364,0.017919,0.361037,-0.070086,-0.028072,0.313279,0.125874,0.387040
985450,8,posture_hold,3.4010,IndexPoint,IndexPoint,2922,3490,3025,2900,3167,3282,3364,8469.565217,19613.223140,9612.149533,8251.046025,11603.232759,13725.461255,15646.511628,0.030122,0.329470,-0.067731,-0.023472,0.307794,0.089819,0.426505
985500,8,posture_hold,3.4642,IndexPoint,IndexPoint,2920,3522,3061,2892,3150,3297,3336,8449.361702,20898.429319,10065.183752,8173.566085,11333.333333,14047.368421,14943.873518,0.027665,0.416587,-0.023792,-0.032642,0.277374,0.115378,0.362445
985550,8,posture_hold,3.4852,IndexPoint,IndexPoint,2922,3481,3004,2894,3152,3297,3298,8469.565217,19275.895765,9361.686526,8192.839301,11364.581124,14047.368421,14069.259724,0.030122,0.306604,-0.092023,-0.030361,0.280896,0.115378,0.282706
985600,8,posture_hold,3.5475,IndexPoint,IndexPoint,2921,3498,2996,2905,3176,3295,3333,8459.454855,19921.608040,9268.789809,8300.000000,11750.163221,14003.750000,14871.653543,0.028893,0.350373,-0.101033,-0.017678,0.324355,0.111915,0.355861
985650,8,posture_hold,3.5903,IndexPoint,IndexPoint,2923,3491,2965,2896,3168,3286,3297,8479.692833,19651.324503,8921.238938,8212.176814,11619.417476,13810.135970,14047.368421,0.031354,0.332052,-0.134742,-0.028072,0.309618,0.096542,0.280710
985700,8,posture_hold,3.6523,IndexPoint,IndexPoint,2916,3472,2959,2906,3156,3299,3241,8409.160305,18948.314607,8856.161972,8309.840202,11427.476038,14091.206030,12903.278689,0.022776,0.284399,-0.141053,-0.016514,0.287985,0.118859,0.176403
985750,8,posture_hold,3.6950,IndexPoint,IndexPoint,2931,3489,2988,2898,3160,3286,3276,8561.340206,19575.247525,9177.235772,8231.578947,11490.909091,13810.135970,13600.000000,0.041285,0.326896,-0.109913,-0.025776,0.295134,0.096542,0.239923
985800,8,posture_hold,3.7576,IndexPoint,IndexPoint,2921,3506,3007,2889,3152,3277,3194,8459.454855,20238.370119,9396.875000,8144.776119,11364.581124,13620.782396,12052.830189,0.028893,0.371845,-0.088610,-0.036049,0.280896,0.081507,0.098866
985850,8,posture_hold,3.7997,IndexPoint,IndexPoint,2904,3503,2969,2877,3157,3277,3181,8290.176322,20118.581081,8965.008881,8031.034483,11443.283582,13620.782396,11833.041575,0.008304,0.363725,-0.130496,-0.049511,0.289766,0.081507,0.078828
985900,8,posture_hold,3.8418,IndexPoint,IndexPoint,2910,3492,2999,2878,3140,3282,3132,8349.367089,19689.552239,9303.467153,8040.427280,11179.057592,13725.461255,11057.943925,0.015503,0.334644,-0.097670,-0.048399,0.259986,0.089819,0.008162
985950,8,posture_hold,3.9049,IndexPoint,IndexPoint,2920,3498,3007,2883,3127,3245,3141,8449.361702,19921.608040,9396.875000,8087.623762,10983.264463,12980.000000,11194.339623,0.027665,0.350373,-0.088610,-0.042813,0.237918,0.030628,0.020597
986000,8,posture_hold,3.9678,IndexPoint,IndexPoint,2914,3492,2978,2881,3134,3261,3136,8389.161727,19689.552239,9064.637422,8068.698517,11088.033299,13294.244604,11118.248175,0.020343,0.334644,-0.120834,-0.045053,0.249726,0.055580,0.013660
986050,8,posture_hold,4.0104,IndexPoint,IndexPoint,2912,3496,2971,2887,3135,3244,3143,8369.230769,19843.739566,8987.010676,8125.662252,11103.125000,12960.752056,11225.000000,0.017919,0.345095,-0.128362,-0.038311,0.251427,0.029100,0.023393
986100,8,posture_hold,4.0836,IndexPoint,IndexPoint,2906,3406,2987,2992,3123,3230,3193,8309.840202,16807.547170,9165.884477,9222.846782,10924.074074,12695.953757,12035.698448,0.010696,0.139289,-0.111014,0.091543,0.231247,0.008074,0.097305
986150,8,posture_hold,4.1049,IndexPoint,IndexPoint,2902,3454,2965,2985,3140,3246,3189,8270.578374,18320.748830,8921.238938,9143.243243,11179.057592,12999.293286,11967.549669,0.005920,0.241860,-0.134742,0.082121,0.259986,0.032160,0.091091
986200,8,posture_hold,4.1745,IndexPoint,IndexPoint,2909,3454,2982,2992,3121,3255,3151,8339.460371,18320.748830,9109.433962,9222.846782,10894.661191,13175.000000,11348.940678,0.014298,0.241860,-0.116489,0.091543,0.227931,0.046111,0.034692
986250,8,posture_hold,4.2373,IndexPoint,IndexPoint,2916,3448,2992,2985,3119,3246,3126,8409.160305,18119.319938,9222.846782,9143.243243,10865.368852,12999.293286,10968.421053,0.022776,0.228206,-0.105489,0.082121,0.224630,0.032160,0.000000
986300,8,posture_hold,4.2785,IndexPoint,IndexPoint,2912,3445,2969,2977,3124,3242,3137,8369.230769,18020.000000,8965.008881,9053.488372,10938.825953,12922.391559,11133.402923,0.017919,0.221474,-0.130496,0.071499,0.232909,0.026054,0.015042
986350,8,posture_hold,4.2994,IndexPoint,IndexPoint,2911,3473,2993,2977,3124,3211,3157,8359.290541,18984.244373,9234.301270,9053.488372,10938.825953,12350.000000,11443.283582,0.016710,0.286835,-0.104378,0.071499,0.232909,-0.019395,0.043294
986400,8,posture_hold,4.3409,IndexPoint,IndexPoint,2905,3473,2988,2959,3132,3217,3139,8300.000000,18984.244373,9177.235772,8856.161972,11057.943925,12457.630979,11163.807531,0.009499,0.286835,-0.109913,0.048145,0.246335,-0.010849,0.017814
986450,8,posture_hold,4.4036,IndexPoint,IndexPoint,2897,3491,2978,2972,3144,3216,3138,8221.869783,19651.324503,9064.637422,8998.040962,11240.378549,12439.590444,11148.589342,-0.000004,0.332052,-0.120834,0.064936,0.266897,-0.012281,0.016426
986500,8,posture_hold,4.4452,IndexPoint,IndexPoint,2903,3464,2964,2934,3130,3216,3106,8280.369128,18664.976228,8910.344828,8592.248062,11027.979275,12439.590444,10677.856421,0.007111,0.265193,-0.135798,0.016910,0.242958,-0.012281,-0.026491
986550,8,posture_hold,4.5087,IndexPoint,IndexPoint,2909,3440,2963,2916,3107,3207,3141,8339.460371,17856.488550,8899.469965,8409.160305,10692.105263,12279.054054,11194.339623,0.014298,0.210391,-0.136853,-0.004759,0.205101,-0.025028,0.020597
986600,8,posture_hold,4.5507,IndexPoint,IndexPoint,2904,3446,2962,2923,3123,3232,3130,8290.176322,18053.004622,8888.614298,8479.692833,10924.074074,12733.256083,11027.979275,0.008304,0.223711,-0.137906,0.003589,0.231247,0.011036,0.005430
986650,8,posture_hold,4.5929,IndexPoint,IndexPoint,2909,3499,2949,2913,3112,3214,3124,8339.460371,19960.738255,8749.214660,8379.187817,10763.784334,12403.632236,10938.825953,0.014298,0.353026,-0.151426,-0.008306,0.213180,-0.015136,-0.002698
986700,8,posture_hold,4.6559,IndexPoint,IndexPoint,2911,3490,2936,2905,3118,3178,3115,8359.290541,19613.223140,8612.942192,8300.000000,10850.767656,11783.206107,10807.142857,0.016710,0.329470,-0.164643,-0.017678,0.222984,-0.064399,-0.014704
986750,8,posture_hold,4.6977,IndexPoint,IndexPoint,2901,3455,2947,2919,3146,3250,3201,8260.804020,18354.687500,8728.048780,8439.285714,11271.232877,13076.923077,12173.825503,0.004731,0.244161,-0.153479,-0.001194,0.270375,0.038324,0.109898
986800,8,posture_hold,4.7614,IndexPoint,IndexPoint,2907,3431,2934,2931,3137,3246,3141,8319.696970,17568.373494,8592.248062,8561.340206,11133.402923,12999.293286,11194.339623,0.011894,0.190861,-0.166650,0.013252,0.254840,0.032160,0.020597
986850,8,posture_hold,4.8034,IndexPoint,IndexPoint,2904,3418,2930,2921,3110,3221,3170,8290.176322,17165.731167,8551.072961,8459.454855,10735.025381,12530.205950,11651.891892,0.008304,0.163568,-0.170643,0.001194,0.209939,-0.005086,0.062313
986900,8,posture_hold,4.8455,IndexPoint,IndexPoint,2901,3432,2928,2882,3121,3183,3129,8260.804020,17600.000000,8530.591260,8078.153339,10894.661191,11866.447368,11013.043478,0.004731,0.193005,-0.172630,-0.043934,0.227931,-0.057789,0.004068
986950,8,posture_hold,4.9085,IndexPoint,IndexPoint,2910,3464,2931,2882,3120,3187,3110,8349.367089,18664.976228,8561.340206,8078.153339,10880.000000,11933.700441,10735.025381,0.015503,0.265193,-0.169648,-0.043934,0.226279,-0.052449,-0.021279
987000,8,posture_hold,4.9705,IndexPoint,IndexPoint,2904,3443,2936,2876,3091,3172,3123,8290.176322,17954.294479,8612.942192,8021.657096,10467.529880,11684.507042,10924.074074,0.008304,0.217020,-0.164643,-0.050621,0.179790,-0.072236,-0.004043
987050,8,posture_hold,4.9916,IndexPoint,IndexPoint,2898,3410,2929,2875,3114,3181,3088,8231.578947,16925.547445,8540.823328,8012.295082,10792.660550,11833.041575,10426.216485,0.001177,0.147287,-0.171638,-0.051729,0.216435,-0.060442,-0.049433
987100,9,open_reference,0.0213,ThumbUp,IndexPoint,2927,3452,2935,2886,3118,3179,3089,8520.376712,18253.188180,8602.586207,8116.129032,10850.767656,11799.781659,10439.960239,nan,nan,nan,nan,nan,nan,nan
987150,9,open_reference,0.0215,ThumbUp,IndexPoint,2921,3453,2943,2875,3132,3195,3097,8459.454855,18286.915888,8685.937500,8012.295082,11057.943925,12070.000000,10550.901804,nan,nan,nan,nan,nan,nan,nan
987200,9,open_reference,0.0215,ThumbUp,IndexPoint,2916,3431,2941,2868,3137,3167,3074,8409.160305,17568.373494,8664.991334,7947.188264,11133.402923,11603.232759,10236.630754,nan,nan,nan,nan,nan,nan,nan
987250,9,open_reference,0.0215,ThumbUp,IndexPoint,2923,3418,2939,2872,3145,3191,3093,8479.692833,17165.731167,8644.117647,7984.300899,11255.789474,12001.548673,10495.209581,nan,nan,nan,nan,nan,nan,nan
987300,9,open_reference,0.0215,ThumbUp,IndexPoint,2927,3416,2929,2869,3116,3212,3060,8520.376712,17105.154639,8540.823328,7956.443719,10821.654750,12367.836920,10052.173913,nan,nan,nan,nan,nan,nan,nan
987350,9,open_reference,0.0216,ThumbUp,IndexPoint,2923,3412,2942,2873,3126,3188,3095,8479.692833,16985.065886,8675.455334,7993.617021,10968.421053,11950.606395,10523.000000,nan,nan,nan,nan,nan,nan,nan
987400,9,open_reference,0.0216,ThumbUp,IndexPoint,2921,3414,2932,2874,3120,3184,3085,8459.454855,17044.933921,8571.625107,8002.948403,10880.000000,11883.205269,10385.148515,nan,nan,nan,nan,nan,nan,nan
987450,9,open_reference,0.0216,ThumbUp,IndexPoint,2920,3457,2934,2874,3107,3147,3142,8449.361702,18422.884013,8592.248062,8002.948403,10692.105263,11286.708861,11209.653725,nan,nan,nan,nan,nan,nan,nan
987500,9,open_reference,0.0216,ThumbUp,IndexPoint,2909,3411,2934,2875,3098,3152,3122,8339.460371,16955.263158,8592.248062,8012.295082,10564.894684,11364.581124,10909.352518,nan,nan,nan,nan,nan,nan,nan
987550,9,open_reference,0.0216,ThumbUp,IndexPoint,2926,3424,2943,2876,3103,3165,3164,8510.179641,17349.627422,8685.937500,8021.657096,10635.282258,11570.967742,11554.887218,nan,nan,nan,nan,nan,nan,nan
987600,9,open_reference,0.0216,ThumbUp,IndexPoint,2920,3416,2928,2871,3088,3133,3159,8449.361702,17105.154639,8530.591260,7975.000000,10426.216485,11072.972973,11475.000000,nan,nan,nan,nan,nan,nan,nan
987650,9,open_reference,0.0216,ThumbUp,IndexPoint,2919,3407,2928,2867,3101,3147,3190,8439.285714,16836.918605,8530.591260,7937.947883,10607.042254,11286.708861,11984.530387,nan,nan,nan,nan,nan,nan,nan
987700,9,open_reference,0.0216,ThumbUp,IndexPoint,2938,3443,2942,2868,3102,3165,3152,8633.707865,17954.294479,8675.455334,7947.188264,10621.148036,11570.967742,11364.581124,nan,nan,nan,nan,nan,nan,nan
987750,9,open_reference,0.0216,ThumbUp,IndexPoint,2937,3397,2948,2868,3094,3163,3124,8623.316062,16546.991404,8738.622493,7947.188264,10509.090909,11538.841202,10938.825953,nan,nan,nan,nan,nan,nan,nan
987800,9,open_reference,0.0217,ThumbUp,IndexPoint,2931,3411,2943,2874,3106,3140,3103,8561.340206,16955.263158,8685.937500,8002.948403,10677.856421,11179.057592,10635.282258,nan,nan,nan,nan,nan,nan,nan
987850,9,open_reference,0.0217,ThumbUp,IndexPoint,2939,3428,2947,2875,3087,3133,3146,8644.117647,17474.062969,8728.048780,8012.295082,10412.500000,11072.972973,11271.232877,nan,nan,nan,nan,nan,nan,nan
987900,9,open_reference,0.0217,ThumbUp,IndexPoint,2936,3347,2928,2869,3075,3116,3124,8612.942192,15213.636364,8530.591260,7956.443719,10250.000000,10821.654750,10938.825953,nan,nan,nan,nan,nan,nan,nan
987950,9,open_reference,0.0217,ThumbUp,IndexPoint,2924,3312,2934,2865,3087,3135,3148,8489.837746,14381.609195,8592.248062,7919.512195,10412.500000,11103.125000,11302.217529,nan,nan,nan,nan,nan,nan,nan
988000,9,open_reference,0.0217,ThumbUp,IndexPoint,2933,3365,2972,2993,3088,3149,3229,8581.927711,15672.602740,8998.040962,9234.301270,10426.216485,11317.758985,12677.367206,nan,nan,nan,nan,nan,nan,nan
988050,9,open_reference,0.0217,ThumbUp,IndexPoint,2929,3445,2961,2963,3117,3238,3271,8540.823328,18020.000000,8877.777778,8899.469965,10836.196319,12846.207701,13496.844660,nan,nan,nan,nan,nan,nan,nan
988100,9,open_reference,0.0217,ThumbUp,IndexPoint,2949,3478,2984,3012,3206,3395,3279,8749.214660,19165.640194,9131.953195,9455.955679,12261.417323,16490.000000,13662.500000,nan,nan,nan,nan,nan,nan,nan
988150,9,open_reference,0.0217,ThumbUp,IndexPoint,2951,3532,3031,3124,3272,3497,3305,8770.454545,21330.017762,9685.526316,10938.825953,13517.375456,19882.608696,14224.050633,nan,nan,nan,nan,nan,nan,nan
988200,9,open_reference,0.0217,ThumbUp,IndexPoint,2961,3509,3062,3005,3196,3567,3317,8877.777778,20359.385666,10078.218780,9373.394495,12087.208009,22969.318182,14495.886889,nan,nan,nan,nan,nan,nan,nan
988250,9,open_reference,0.0218,ThumbUp,IndexPoint,2929,3450,3134,2979,3217,3549,3316,8540.823328,18186.046512,11088.033299,9075.806452,12457.630979,22100.000000,14472.913992,nan,nan,nan,nan,nan,nan,nan
988300,9,open_reference,0.0218,ThumbUp,IndexPoint,2996,3447,3149,2984,3202,3502,3340,9268.789809,18086.111111,11317.758985,9131.953195,12191.265398,20078.920742,15041.059603,nan,nan,nan,nan,nan,nan,nan
988350,9,open_reference,0.0218,ThumbUp,IndexPoint,2991,3456,3243,3000,3137,3494,3339,9211.413043,18388.732394,12941.549296,9315.068493,11133.402923,19766.389351,15016.666667,nan,nan,nan,nan,nan,nan,nan
988400,9,open_reference,0.0218,ThumbUp,IndexPoint,2977,3395,3223,2991,3182,3507,3286,9053.488372,16490.000000,12566.743119,9211.413043,11849.726177,20278.571429,13810.135970,nan,nan,nan,nan,nan,nan,nan
988450,9,open_reference,0.0218,ThumbUp,IndexPoint,2982,3365,3259,2989,3173,3482,3306,9109.433962,15672.602740,13254.306220,9188.607595,11700.867679,19312.887439,14246.387833,nan,nan,nan,nan,nan,nan,nan
988500,9,open_reference,0.0218,ThumbUp,IndexPoint,2980,3419,3200,2971,3181,3442,3394,9086.995516,17196.153846,12156.424581,8987.010676,11833.041575,17921.592649,16461.626248,nan,nan,nan,nan,nan,nan,nan
988550,9,open_reference,0.0218,ThumbUp,IndexPoint,2962,3412,3242,2976,3167,3404,3340,8888.614298,16985.065886,12922.391559,9042.359249,11603.232759,16749.059334,15041.059603,nan,nan,nan,nan,nan,nan,nan
988600,9,open_reference,0.0218,ThumbUp,IndexPoint,2978,3448,3233,2967,3134,3532,3411,9064.637422,18119.319938,12751.972158,8943.085106,11088.033299,21330.017762,16955.263158,nan,nan,nan,nan,nan,nan,nan
988650,9,open_reference,0.0218,ThumbUp,IndexPoint,2992,3460,3159,2958,3170,3576,3335,9222.846782,18525.984252,11475.000000,8845.382586,11651.891892,23426.589595,14919.736842,nan,nan,nan,nan,nan,nan,nan
988700,9,open_reference,0.0218,ThumbUp,IndexPoint,2973,3422,3217,2942,3134,3550,3279,9009.090909,17287.964339,12457.630979,8675.455334,11088.033299,22146.788991,13662.500000,nan,nan,nan,nan,nan,nan,nan
988750,9,open_reference,0.0219,ThumbUp,IndexPoint,2981,3397,3208,2946,3131,3508,3192,9098.204668,16546.991404,12296.730552,8717.493473,11042.946058,20318.909710,12018.604651,nan,nan,nan,nan,nan,nan,nan
988800,9,open_reference,0.0219,ThumbUp,IndexPoint,2970,3416,3224,2937,3093,3521,3199,8976.000000,17105.154639,12585.074627,8623.316062,10495.209581,20856.097561,12139.062500,nan,nan,nan,nan,nan,nan,nan
988850,9,open_reference,0.0219,ThumbUp,IndexPoint,2956,3394,3189,2957,3113,3472,3225,8823.880597,16461.626248,11967.549669,8834.622144,10778.207739,18948.314607,12603.448276,nan,nan,nan,nan,nan,nan,nan
988900,9,open_reference,0.0219,ThumbUp,IndexPoint,2976,3416,3189,2957,3125,3437,3175,9042.359249,17105.154639,11967.549669,8834.622144,10953.608247,17759.574468,11733.695652,nan,nan,nan,nan,nan,nan,nan
988950,9,open_reference,0.0219,ThumbUp,IndexPoint,2972,3442,3179,2957,3107,3515,3155,8998.040962,17921.592649,11799.781659,8834.622144,10692.105263,20605.172414,11411.702128,nan,nan,nan,nan,nan,nan,nan
989000,9,open_reference,0.0219,ThumbUp,IndexPoint,2952,3405,3152,2954,3132,3488,3191,8781.102362,16778.260870,11364.581124,8802.453988,11057.943925,19537.397035,12001.548673,nan,nan,nan,nan,nan,nan,nan
989050,9,open_reference,0.0219,ThumbUp,IndexPoint,2941,3415,3168,2947,3148,3392,3199,8664.991334,17075.000000,11619.417476,8728.048780,11302.217529,16405.120910,12139.062500,nan,nan,nan,nan,nan,nan,nan
989100,9,open_reference,0.0219,ThumbUp,IndexPoint,2911,3424,3158,2962,3109,3367,3205,8359.290541,17349.627422,11459.124867,8888.614298,10720.689655,15725.000000,12243.820225,nan,nan,nan,nan,nan,nan,nan
989150,9,open_reference,0.0219,ThumbUp,IndexPoint,2905,3425,3145,2954,3072,3371,3213,8300.000000,17380.597015,11255.789474,8802.453988,10209.970674,15830.662983,12385.714286,nan,nan,nan,nan,nan,nan,nan
989200,9,open_reference,0.0220,ThumbUp,IndexPoint,2911,3474,3136,2958,3055,3297,3292,8359.290541,19020.289855,11118.248175,8845.382586,9987.500000,14047.368421,13938.729763,nan,nan,nan,nan,nan,nan,nan
989250,9,open_reference,0.0220,ThumbUp,IndexPoint,2923,3412,3139,2947,3031,3413,3227,8479.692833,16985.065886,11163.807531,8728.048780,9685.526316,17014.956012,12640.322581,nan,nan,nan,nan,nan,nan,nan
989300,9,open_reference,0.0220,ThumbUp,IndexPoint,2935,3443,3139,2932,3046,3326,3184,8602.586207,17954.294479,11163.807531,8571.625107,9872.640610,14705.331599,11883.205269,nan,nan,nan,nan,nan,nan,nan
989350,9,open_reference,0.0220,ThumbUp,IndexPoint,2950,3415,3128,2927,3093,3277,3220,8759.825328,17075.000000,10998.138573,8520.376712,10495.209581,13620.782396,12512.000000,nan,nan,nan,nan,nan,nan,nan
989400,9,open_reference,0.0220,ThumbUp,IndexPoint,2953,3442,3130,2930,3041,3368,3227,8791.768827,17921.592649,11027.979275,8551.072961,9809.677419,15751.306740,12640.322581,nan,nan,nan,nan,nan,nan,nan
989450,9,open_reference,0.0220,ThumbUp,IndexPoint,2929,3428,3119,2935,3033,3379,3190,8540.823328,17474.062969,10865.368852,8602.586207,9710.169492,16045.530726,11984.530387,nan,nan,nan,nan,nan,nan,nan
989500,9,open_reference,0.0220,ThumbUp,IndexPoint,2935,3513,3164,2929,3027,3339,3211,8602.586207,20522.680412,11554.887218,8540.823328,9636.516854,15016.666667,12350.000000,nan,nan,nan,nan,nan,nan,nan
989550,9,open_reference,0.0220,ThumbUp,IndexPoint,2931,3535,3144,2932,3010,3346,3228,8561.340206,21462.500000,11240.378549,8571.625107,9432.258065,15188.785047,12658.823529,nan,nan,nan,nan,nan,nan,nan
989600,9,open_reference,0.0220,ThumbUp,IndexPoint,2917,3404,3152,2932,3029,3259,3223,8419.185059,16749.059334,11364.581124,8571.625107,9660.975610,13254.306220,12566.743119,nan,nan,nan,nan,nan,nan,nan
989650,9,open_reference,0.0221,ThumbUp,IndexPoint,2944,3490,3154,2960,3058,3343,3234,8696.437880,19613.223140,11395.961743,8866.960352,10026.229508,15114.627660,12770.731707,nan,nan,nan,nan,nan,nan,nan
989700,9,open_reference,0.0221,ThumbUp,IndexPoint,2942,3559,3149,2954,3076,3309,3228,8675.455334,22575.746269,11317.758985,8802.453988,10263.395486,14313.740458,12658.823529,nan,nan,nan,nan,nan,nan,nan
989750,9,open_reference,0.0221,ThumbUp,IndexPoint,2926,3514,3147,2956,3059,3305,3238,8510.179641,20563.855422,11286.708861,8823.880597,10039.189189,14224.050633,12846.207701,nan,nan,nan,nan,nan,nan,nan
989800,9,open_reference,0.0221,ThumbUp,IndexPoint,2940,3503,3147,2973,3066,3292,3199,8654.545455,20118.581081,11286.708861,9009.090909,10130.612245,13938.729763,12139.062500,nan,nan,nan,nan,nan,nan,nan
989850,9,open_reference,0.0221,ThumbUp,IndexPoint,2946,3446,3119,2954,3054,3250,3205,8717.493473,18053.004622,10865.368852,8802.453988,9974.639769,13076.923077,12243.820225,nan,nan,nan,nan,nan,nan,nan
989900,9,open_reference,0.0221,ThumbUp,IndexPoint,2941,3556,3170,2951,3037,3279,3172,8664.991334,22431.168831,11651.891892,8770.454545,9759.735350,13662.500000,11684.507042,nan,nan,nan,nan,nan,nan,nan
989950,9,open_reference,0.0221,ThumbUp,IndexPoint,2955,3565,3151,2956,3020,3311,3218,8813.157895,22869.811321,11348.940678,8823.880597,9551.627907,14358.928571,12475.712657,nan,nan,nan,nan,nan,nan,nan
990000,9,open_reference,0.0221,ThumbUp,IndexPoint,2951,3536,3144,2928,3017,3327,3200,8770.454545,21506.976744,11240.378549,8530.591260,9515.584416,14728.906250,12156.424581,nan,nan,nan,nan,nan,nan,nan
990050,9,open_reference,0.0221,ThumbUp,IndexPoint,2938,3573,3158,2918,3025,3348,3240,8633.707865,23272.413793,11459.124867,8429.226848,9612.149533,15238.554217,12884.210526,nan,nan,nan,nan,nan,nan,nan
990100,9,open_reference,0.0222,ThumbUp,IndexPoint,2947,3560,3153,2928,3011,3344,3209,8728.048780,22624.299065,11380.254777,8530.591260,9444.095941,15139.280959,12314.446953,nan,nan,nan,nan,nan,nan,nan
990150,9,open_reference,0.0222,ThumbUp,IndexPoint,2941,3570,3144,2923,2996,3312,3185,8664.991334,23120.000000,11240.378549,8479.692833,9268.789809,14381.609195,11900.000000,nan,nan,nan,nan,nan,nan,nan
990200,9,open_reference,0.0222,ThumbUp,IndexPoint,2924,3560,3129,2903,2987,3344,3204,8489.837746,22624.299065,11013.043478,8280.369128,9165.884477,15139.280959,12226.262626,nan,nan,nan,nan,nan,nan,nan
990250,9,open_reference,0.0222,ThumbUp,IndexPoint,2926,3506,3116,2906,2983,3334,3189,8510.179641,20238.370119,10821.654750,8309.840202,9120.683453,14895.663601,11967.549669,nan,nan,nan,nan,nan,nan,nan
990300,9,open_reference,0.0222,ThumbUp,IndexPoint,2923,3512,3135,2908,2971,3260,3183,8479.692833,20481.646655,11103.125000,8329.570345,8987.010676,13274.251497,11866.447368,nan,nan,nan,nan,nan,nan,nan
990350,9,open_reference,0.0222,ThumbUp,IndexPoint,2910,3535,3088,2903,2990,3216,3169,8349.367089,21462.500000,10426.216485,8280.369128,9200.000000,12439.590444,11635.637149,nan,nan,nan,nan,nan,nan,nan
990400,9,open_reference,0.0222,ThumbUp,IndexPoint,2925,3534,3117,2908,2985,3238,3148,8500.000000,21418.181818,10836.196319,8329.570345,9143.243243,12846.207701,11302.217529,nan,nan,nan,nan,nan,nan,nan
990450,9,open_reference,0.0222,ThumbUp,IndexPoint,2922,3598,3087,2902,2984,3218,3177,8469.565217,24614.084507,10412.500000,8270.578374,9131.953195,12475.712657,11766.666667,nan,nan,nan,nan,nan,nan,nan
990500,9,open_reference,0.0222,ThumbUp,IndexPoint,2909,3556,3060,2897,2995,3266,3170,8339.460371,22431.168831,10052.173913,8221.869783,9257.272727,13394.933655,11651.891892,nan,nan,nan,nan,nan,nan,nan
990550,9,open_reference,0.0223,ThumbUp,IndexPoint,2921,3525,3064,2912,2986,3296,3148,8459.454855,21026.315789,10104.364694,8369.230769,9154.553652,14025.531915,11302.217529,nan,nan,nan,nan,nan,nan,nan
990600,9,open_reference,0.0223,ThumbUp,IndexPoint,2928,3596,3068,2902,2974,3257,3123,8530.591260,24501.803607,10156.962025,8270.578374,9020.160571,13214.558473,10924.074074,nan,nan,nan,nan,nan,nan,nan
990650,9,open_reference,0.0223,ThumbUp,IndexPoint,2924,3592,3053,2900,2971,3313,3150,8489.837746,24279.920477,9961.804223,8251.046025,8987.010676,14404.347826,11333.333333,nan,nan,nan,nan,nan,nan,nan
990700,9,open_reference,0.0223,ThumbUp,IndexPoint,2933,3608,3064,2905,2964,3281,3179,8581.927711,25189.322382,10104.364694,8300.000000,8910.344828,13704.422604,11799.781659,nan,nan,nan,nan,nan,nan,nan
990750,9,open_reference,0.0223,ThumbUp,IndexPoint,2946,3645,3067,2906,2978,3300,3163,8717.493473,27540.000000,10143.774319,8309.840202,9064.637422,14113.207547,11538.841202,nan,nan,nan,nan,nan,nan,nan
990800,9,open_reference,0.0223,ThumbUp,IndexPoint,2936,3697,3058,2911,2982,3323,3164,8612.942192,31582.412060,10026.229508,8359.290541,9109.433962,14634.974093,11554.887218,nan,nan,nan,nan,nan,nan,nan
990850,9,open_reference,0.0223,ThumbUp,IndexPoint,2931,3733,3069,2908,2975,3298,3119,8561.340206,35061.325967,10170.175439,8329.570345,9031.250000,14069.259724,10865.368852,nan,nan,nan,nan,nan,nan,nan
990900,9,open_reference,0.0223,ThumbUp,IndexPoint,2927,3645,3062,2899,2962,3344,3119,8520.376712,27540.000000,10078.218780,8241.304348,8888.614298,15139.280959,10865.368852,nan,nan,nan,nan,nan,nan,nan
990950,9,open_reference,0.0223,ThumbUp,IndexPoint,2921,3618,3070,2906,2964,3326,3173,8459.454855,25788.679245,10183.414634,8309.840202,8910.344828,14705.331599,11700.867679,nan,nan,nan,nan,nan,nan,nan
991000,9,open_reference,0.0224,ThumbUp,IndexPoint,2924,3564,3082,2918,2970,3377,3157,8489.837746,22820.338983,10344.323791,8429.226848,8976.000000,15991.364903,11443.283582,nan,nan,nan,nan,nan,nan,nan
991050,9,open_reference,0.0224,ThumbUp,IndexPoint,2918,3562,3062,2924,2966,3339,3144,8429.226848,22721.951220,10078.218780,8489.837746,8932.152347,15016.666667,11240.378549,nan,nan,nan,nan,nan,nan,nan
991100,9,open_reference,0.0224,ThumbUp,IndexPoint,2902,3675,3058,2928,2974,3313,3133,8270.578374,29750.000000,10026.229508,8530.591260,9020.160571,14404.347826,11072.972973,nan,nan,nan,nan,nan,nan,nan
991150,9,open_reference,0.0224,ThumbUp,IndexPoint,2910,3648,3054,2937,2970,3332,3138,8349.367089,27747.651007,9974.639769,8623.316062,8976.000000,14847.706422,11148.589342,nan,nan,nan,nan,nan,nan,nan
991200,9,open_reference,0.0224,ThumbUp,IndexPoint,2914,3669,3040,2934,2958,3303,3119,8389.161727,29283.098592,9797.156398,8592.248062,8845.382586,14179.545455,10865.368852,nan,nan,nan,nan,nan,nan,nan
991250,9,open_reference,0.0224,ThumbUp,IndexPoint,2897,3565,3034,2936,2975,3317,3088,8221.869783,22869.811321,9722.525919,8612.942192,9031.250000,14495.886889,10426.216485,nan,nan,nan,nan,nan,nan,nan
991300,9,open_reference,0.0224,ThumbUp,IndexPoint,2905,3574,3069,2937,2974,3306,3109,8300.000000,23323.608445,10170.175439,8623.316062,9020.160571,14246.387833,10720.689655,nan,nan,nan,nan,nan,nan,nan
991350,9,open_reference,0.0224,ThumbUp,IndexPoint,2895,3600,3056,2931,2955,3290,3110,8202.500000,24727.272727,10000.384986,8561.340206,8813.157895,13895.652174,10735.025381,nan,nan,nan,nan,nan,nan,nan
991400,9,open_reference,0.0224,ThumbUp,IndexPoint,2891,3574,3048,2927,2959,3279,3155,8163.953488,23323.608445,9897.994269,8520.376712,8856.161972,13662.500000,11411.702128,nan,nan,nan,nan,nan,nan,nan
991450,9,open_reference,0.0224,ThumbUp,IndexPoint,2892,3566,3061,2918,2960,3266,3145,8173.566085,22919.470699,10065.183752,8429.226848,8866.960352,13394.933655,11255.789474,nan,nan,nan,nan,nan,nan,nan
991500,9,open_reference,0.0225,ThumbUp,IndexPoint,2894,3690,3051,2914,2954,3256,3132,8192.839301,30977.777778,9936.206897,8389.161727,8802.453988,13194.755662,11057.943925,nan,nan,nan,nan,nan,nan,nan
991550,9,open_reference,0.0225,ThumbUp,IndexPoint,2888,3672,3033,2912,2975,3254,3127,8135.211268,29514.893617,9710.169492,8369.230769,9031.250000,13155.291320,10983.264463,nan,nan,nan,nan,nan,nan,nan
991600,9,open_reference,0.0225,ThumbUp,IndexPoint,2891,3543,3023,2929,2957,3267,3116,8163.953488,21822.826087,9587.873134,8540.823328,8834.622144,13415.217391,10821.654750,nan,nan,nan,nan,nan,nan,nan
991650,9,open_reference,0.0225,ThumbUp,IndexPoint,2882,3578,3036,2924,2959,3274,3113,8078.153339,23530.367505,9747.308782,8489.837746,8856.161972,13558.587089,10778.207739,nan,nan,nan,nan,nan,nan,nan
991700,9,open_reference,0.0225,ThumbUp,IndexPoint,2881,3612,3046,2926,2962,3267,3104,8068.698517,25426.086957,9872.640610,8510.179641,8888.614298,13415.217391,10649.445005,nan,nan,nan,nan,nan,nan,nan
991750,9,open_reference,0.0225,ThumbUp,IndexPoint,2893,3664,3047,2936,2968,3254,3110,8183.194676,28903.944316,9885.305344,8612.942192,8954.037267,13155.291320,10735.025381,nan,nan,nan,nan,nan,nan,nan
991800,9,open_reference,0.0225,ThumbUp,IndexPoint,2893,3678,3030,2931,2954,3235,3143,8183.194676,29988.489209,9673.239437,8561.340206,8802.453988,12789.534884,11225.000000,nan,nan,nan,nan,nan,nan,nan
991850,9,open_reference,0.0225,ThumbUp,IndexPoint,2878,3670,3060,2940,2961,3217,3086,8040.427280,29360.000000,10052.173913,8654.545455,8877.777778,12457.630979,10398.810704,nan,nan,nan,nan,nan,nan,nan
991900,9,open_reference,0.0225,ThumbUp,IndexPoint,2895,3711,3060,2940,2974,3224,3121,8202.500000,32857.812500,10052.173913,8654.545455,9020.160571,12585.074627,10894.661191,nan,nan,nan,nan,nan,nan,nan
991950,9,open_reference,0.0226,ThumbUp,IndexPoint,2894,3731,3031,2938,2964,3243,3131,8192.839301,34850.000000,9685.526316,8633.707865,8910.344828,12941.549296,11042.946058,nan,nan,nan,nan,nan,nan,nan
992000,9,open_reference,0.0226,ThumbUp,IndexPoint,2883,3702,3015,2943,2974,3249,3147,8087.623762,32027.480916,9491.666667,8685.937500,9020.160571,13057.446809,11286.708861,nan,nan,nan,nan,nan,nan,nan
992050,9,open_reference,0.0226,ThumbUp,IndexPoint,2894,3657,3018,2941,2982,3235,3094,8192.839301,28387.671233,9527.576602,8664.991334,9109.433962,12789.534884,10509.090909,nan,nan,nan,nan,nan,nan,nan
992100,9,open_reference,0.0226,ThumbUp,IndexPoint,2889,3553,3008,2930,2968,3220,3113,8144.776119,22288.191882,9408.647654,8551.072961,8954.037267,12512.000000,10778.207739,nan,nan,nan,nan,nan,nan,nan
992150,9,open_reference,0.0226,ThumbUp,IndexPoint,2882,3561,3000,2925,2976,3209,3215,8078.153339,22673.033708,9315.068493,8500.000000,9042.359249,12314.446953,12421.590909,nan,nan,nan,nan,nan,nan,nan
992200,9,open_reference,0.0226,ThumbUp,IndexPoint,2889,3571,3017,2933,2973,3210,3165,8144.776119,23170.610687,9515.584416,8581.927711,9009.090909,12332.203390,11570.967742,nan,nan,nan,nan,nan,nan,nan
992250,9,open_reference,0.0226,ThumbUp,IndexPoint,2888,3543,3027,2931,2960,3206,3171,8135.211268,21822.826087,9636.516854,8561.340206,8866.960352,12261.417323,11668.181818,nan,nan,nan,nan,nan,nan,nan
992300,9,open_reference,0.0226,ThumbUp,IndexPoint,2875,3538,3009,2933,2967,3217,3128,8012.295082,21596.409336,9420.441989,8581.927711,8943.085106,12457.630979,10998.138573,nan,nan,nan,nan,nan,nan,nan
992350,9,open_reference,0.0226,ThumbUp,IndexPoint,2891,3468,3027,2935,2965,3211,3122,8163.953488,18805.741627,9636.516854,8602.586207,8921.238938,12350.000000,10909.352518,nan,nan,nan,nan,nan,nan,nan
992400,9,open_reference,0.0226,ThumbUp,IndexPoint,2888,3495,3015,2934,2960,3194,3120,8135.211268,19805.000000,9491.666667,8592.248062,8866.960352,12052.830189,10880.000000,nan,nan,nan,nan,nan,nan,nan
992450,9,open_reference,0.0227,ThumbUp,IndexPoint,2880,3509,3016,2920,2966,3195,3117,8059.259259,20359.385666,9503.614458,8449.361702,8932.152347,12070.000000,10836.196319,nan,nan,nan,nan,nan,nan,nan
992500,9,open_reference,0.0227,ThumbUp,IndexPoint,2880,3616,3041,2919,2956,3199,3112,8059.259259,25666.805846,9809.677419,8439.285714,8823.880597,12139.062500,10763.784334,nan,nan,nan,nan,nan,nan,nan
992550,9,open_reference,0.0227,ThumbUp,IndexPoint,2891,3549,3047,2913,2946,3191,3103,8163.953488,22100.000000,9885.305344,8379.187817,8717.493473,12001.548673,10635.282258,nan,nan,nan,nan,nan,nan,nan
992600,9,open_reference,0.0227,ThumbUp,IndexPoint,2880,3537,3034,2917,2945,3206,3093,8059.259259,21551.612903,9722.525919,8419.185059,8706.956522,12261.417323,10495.209581,nan,nan,nan,nan,nan,nan,nan
992650,9,open_reference,0.0227,ThumbUp,IndexPoint,2897,3551,3050,2917,2949,3215,3132,8221.869783,22193.750000,9923.444976,8419.185059,8749.214660,12421.590909,11057.943925,nan,nan,nan,nan,nan,nan,nan
992700,9,open_reference,0.0227,ThumbUp,IndexPoint,2893,3491,3051,2915,2923,3214,3124,8183.194676,19651.324503,9936.206897,8399.152542,8479.692833,12403.632236,10938.825953,nan,nan,nan,nan,nan,nan,nan
992750,9,open_reference,0.0227,ThumbUp,IndexPoint,2893,3474,3038,2913,2934,3220,3122,8183.194676,19020.289855,9772.185430,8379.187817,8592.248062,12512.000000,10909.352518,nan,nan,nan,nan,nan,nan,nan
992800,9,open_reference,0.0227,ThumbUp,IndexPoint,2902,3541,3036,2916,2946,3211,3102,8270.578374,21731.768953,9747.308782,8409.160305,8717.493473,12350.000000,10621.148036,nan,nan,nan,nan,nan,nan,nan
992850,9,open_reference,0.0227,ThumbUp,IndexPoint,2903,3540,3045,2910,2941,3204,3094,8280.369128,21686.486486,9860.000000,8349.367089,8664.991334,12226.262626,10509.090909,nan,nan,nan,nan,nan,nan,nan
992900,9,open_reference,0.0228,ThumbUp,IndexPoint,2895,3524,3045,2907,2950,3188,3066,8202.500000,20983.537653,9860.000000,8319.696970,8759.825328,11950.606395,10130.612245,nan,nan,nan,nan,nan,nan,nan
992950,9,open_reference,0.0228,ThumbUp,IndexPoint,2901,3503,3042,2912,2944,3182,3106,8260.804020,20118.581081,9822.222222,8369.230769,8696.437880,11849.726177,10677.856421,nan,nan,nan,nan,nan,nan,nan
993000,9,open_reference,0.0228,ThumbUp,IndexPoint,2902,3499,3036,2909,2929,3170,3128,8270.578374,19960.738255,9747.308782,8339.460371,8540.823328,11651.891892,10998.138573,nan,nan,nan,nan,nan,nan,nan
993050,9,open_reference,0.0228,ThumbUp,IndexPoint,2893,3479,3031,2907,2946,3164,3151,8183.194676,19202.272727,9685.526316,8319.696970,8717.493473,11554.887218,11348.940678,nan,nan,nan,nan,nan,nan,nan
993100,9,open_reference,0.0228,ThumbUp,IndexPoint,2897,3478,3032,2908,2957,3188,3165,8221.869783,19165.640194,9697.836312,8329.570345,8834.622144,11950.606395,11570.967742,nan,nan,nan,nan,nan,nan,nan
993150,9,open_reference,0.0228,ThumbUp,IndexPoint,2899,3440,3034,2896,2943,3184,3140,8241.304348,17856.488550,9722.525919,8212.176814,8685.937500,11883.205269,11179.057592,nan,nan,nan,nan,nan,nan,nan
993200,9,open_reference,0.0228,ThumbUp,IndexPoint,2895,3430,3036,2896,2951,3184,3149,8202.500000,17536.842105,9747.308782,8212.176814,8770.454545,11883.205269,11317.758985,nan,nan,nan,nan,nan,nan,nan
993250,9,open_reference,0.0228,ThumbUp,IndexPoint,2898,3451,3052,2900,2940,3183,3148,8231.578947,18219.565217,9948.993289,8251.046025,8654.545455,11866.447368,11302.217529,nan,nan,nan,nan,nan,nan,nan
993300,9,open_reference,0.0228,ThumbUp,IndexPoint,2899,3470,3033,2895,2932,3165,3107,8241.304348,18876.800000,9710.169492,8202.500000,8571.625107,11570.967742,10692.105263,nan,nan,nan,nan,nan,nan,nan
993350,9,open_reference,0.0229,ThumbUp,IndexPoint,2891,3465,3020,2900,2940,3184,3103,8163.953488,18700.000000,9551.627907,8251.046025,8654.545455,11883.205269,10635.282258,nan,nan,nan,nan,nan,nan,nan
993400,9,open_reference,0.0229,ThumbUp,IndexPoint,2893,3443,3023,2898,2935,3191,3114,8183.194676,17954.294479,9587.873134,8231.578947,8602.586207,12001.548673,10792.660550,nan,nan,nan,nan,nan,nan,nan
993450,9,open_reference,0.0229,ThumbUp,IndexPoint,2901,3458,3017,2895,2930,3181,3132,8260.804020,18457.142857,9515.584416,8202.500000,8551.072961,11833.041575,11057.943925,nan,nan,nan,nan,nan,nan,nan
993500,9,open_reference,0.0229,ThumbUp,IndexPoint,2899,3432,3014,2896,2938,3178,3114,8241.304348,17600.000000,9479.740981,8212.176814,8633.707865,11783.206107,10792.660550,nan,nan,nan,nan,nan,nan,nan
993550,9,open_reference,0.0229,ThumbUp,IndexPoint,2892,3447,3026,2907,2939,3170,3082,8173.566085,18086.111111,9624.321796,8319.696970,8644.117647,11651.891892,10344.323791,nan,nan,nan,nan,nan,nan,nan
993600,9,open_reference,0.0229,ThumbUp,IndexPoint,2909,3446,3019,2905,2923,3169,3047,8339.460371,18053.004622,9539.591078,8300.000000,8479.692833,11635.637149,9885.305344,nan,nan,nan,nan,nan,nan,nan
993650,9,open_reference,0.0229,ThumbUp,IndexPoint,2896,3412,3011,2917,2930,3187,3056,8212.176814,16985.065886,9444.095941,8419.185059,8551.072961,11933.700441,10000.384986,nan,nan,nan,nan,nan,nan,nan
993700,9,open_reference,0.0229,ThumbUp,IndexPoint,2902,3451,3004,2909,2927,3201,3056,8270.578374,18219.565217,9361.686526,8339.460371,8520.376712,12173.825503,10000.384986,nan,nan,nan,nan,nan,nan,nan
993750,9,open_reference,0.0229,ThumbUp,IndexPoint,2897,3476,3014,2905,2915,3184,3050,8221.869783,19092.730210,9479.740981,8300.000000,8399.152542,11883.205269,9923.444976,nan,nan,nan,nan,nan,nan,nan
993800,9,open_reference,0.0229,ThumbUp,IndexPoint,2888,3524,3008,2902,2927,3175,3064,8135.211268,20983.537653,9408.647654,8270.578374,8520.376712,11733.695652,10104.364694,nan,nan,nan,nan,nan,nan,nan
993850,9,open_reference,0.0230,ThumbUp,IndexPoint,2893,3459,3022,2904,2926,3182,3064,8183.194676,18491.509434,9575.768872,8290.176322,8510.179641,11849.726177,10104.364694,nan,nan,nan,nan,nan,nan,nan
993900,9,open_reference,0.0230,ThumbUp,IndexPoint,2895,3493,3012,2899,2921,3169,3066,8202.500000,19727.906977,9455.955679,8241.304348,8459.454855,11635.637149,10130.612245,nan,nan,nan,nan,nan,nan,nan
993950,9,open_reference,0.0230,ThumbUp,IndexPoint,2885,3468,2996,2910,2932,3224,3086,8106.611570,18805.741627,9268.789809,8349.367089,8571.625107,12585.074627,10398.810704,nan,nan,nan,nan,nan,nan,nan
994000,9,open_reference,0.0230,ThumbUp,IndexPoint,2896,3631,3002,2904,2937,3215,3084,8212.176814,26606.465517,9338.334858,8290.176322,8623.316062,12421.590909,10371.513353,nan,nan,nan,nan,nan,nan,nan
994050,9,open_reference,0.0230,ThumbUp,IndexPoint,2895,3550,3002,2907,2926,3192,3083,8202.500000,22146.788991,9338.334858,8319.696970,8510.179641,12018.604651,10357.905138,nan,nan,nan,nan,nan,nan,nan
994100,9,open_reference,0.0230,ThumbUp,IndexPoint,2893,3433,2985,2901,2931,3208,3070,8183.194676,17631.722054,9143.243243,8260.804020,8561.340206,12296.730552,10183.414634,nan,nan,nan,nan,nan,nan,nan
994150,9,open_reference,0.0230,ThumbUp,IndexPoint,2892,3406,2991,2909,2932,3227,3064,8173.566085,16807.547170,9211.413043,8339.460371,8571.625107,12640.322581,10104.364694,nan,nan,nan,nan,nan,nan,nan
994200,9,open_reference,0.0230,ThumbUp,IndexPoint,2886,3421,3010,2901,2919,3188,3060,8116.129032,17257.270030,9432.258065,8260.804020,8439.285714,11950.606395,10052.173913,nan,nan,nan,nan,nan,nan,nan
994250,9,open_reference,0.0230,ThumbUp,IndexPoint,2873,3487,2985,2894,2929,3166,3072,7993.617021,19499.671053,9143.243243,8192.839301,8540.823328,11587.082885,10209.970674,nan,nan,nan,nan,nan,nan,nan
994300,9,open_reference,0.0639,ThumbUp,IndexPoint,2883,3466,2999,2896,2926,3173,3055,8087.623762,18735.135135,9303.467153,8212.176814,8510.179641,11700.867679,9987.500000,nan,nan,nan,nan,nan,nan,nan
994350,9,open_reference,0.1478,ThumbUp,IndexPoint,2880,3455,3004,2885,2916,3169,3056,8059.259259,18354.687500,9361.686526,8106.611570,8409.160305,11635.637149,10000.384986,nan,nan,nan,nan,nan,nan,nan
994400,9,open_reference,0.1685,ThumbUp,IndexPoint,2874,3483,2980,2892,2928,3168,3063,8002.948403,19350.000000,9086.995516,8173.566085,8530.591260,11619.417476,10091.279070,nan,nan,nan,nan,nan,nan,nan
994450,9,open_reference,0.2101,ThumbUp,IndexPoint,2879,3451,2995,2891,2925,3164,3060,8049.835526,18219.565217,9257.272727,8163.953488,8500.000000,11554.887218,10052.173913,nan,nan,nan,nan,nan,nan,nan
994500,9,open_reference,0.2721,ThumbUp,IndexPoint,2879,3525,3001,2888,2911,3136,3068,8049.835526,21026.315789,9326.691042,8135.211268,8359.290541,11118.248175,10156.962025,nan,nan,nan,nan,nan,nan,nan
994550,9,open_reference,0.3135,ThumbUp,IndexPoint,2877,3472,3000,2895,2917,3165,3066,8031.034483,18948.314607,9315.068493,8202.500000,8419.185059,11570.967742,10130.612245,nan,nan,nan,nan,nan,nan,nan
994600,9,open_reference,0.3767,ThumbUp,IndexPoint,2881,3480,3004,2898,2917,3161,3061,8068.698517,19239.024390,9361.686526,8231.578947,8419.185059,11506.852248,10065.183752,nan,nan,nan,nan,nan,nan,nan
994650,9,open_reference,0.4390,ThumbUp,IndexPoint,2880,3495,2992,2894,2910,3184,3065,8059.259259,19805.000000,9222.846782,8192.839301,8349.367089,11883.205269,10117.475728,nan,nan,nan,nan,nan,nan,nan
994700,9,open_reference,0.4806,ThumbUp,IndexPoint,2873,3443,2991,2901,2923,3217,3072,7993.617021,17954.294479,9211.413043,8260.804020,8479.692833,12457.630979,10209.970674,nan,nan,nan,nan,nan,nan,nan
994750,9,open_reference,0.5228,ThumbUp,IndexPoint,2875,3462,3031,2910,2925,3222,3068,8012.295082,18595.260664,9685.526316,8349.367089,8500.000000,12548.453608,10156.962025,nan,nan,nan,nan,nan,nan,nan
994800,9,open_reference,0.5856,ThumbUp,IndexPoint,2881,3472,3022,2909,2917,3202,3055,8068.698517,18948.314607,9575.768872,8339.460371,8419.185059,12191.265398,9987.500000,nan,nan,nan,nan,nan,nan,nan
994850,9,open_reference,0.6268,ThumbUp,IndexPoint,2867,3526,2989,2900,2923,3207,3085,7937.947883,21069.244288,9188.607595,8251.046025,8479.692833,12279.054054,10385.148515,nan,nan,nan,nan,nan,nan,nan
994900,9,open_reference,0.6897,ThumbUp,IndexPoint,2871,3529,3003,2900,2909,3249,3057,7975.000000,21198.939929,9350.000000,8251.046025,8339.460371,13057.446809,10013.294798,nan,nan,nan,nan,nan,nan,nan
994950,9,open_reference,0.7317,ThumbUp,IndexPoint,2874,3539,2987,2900,2909,3186,3072,8002.948403,21641.366906,9165.884477,8251.046025,8339.460371,11916.831683,10209.970674,nan,nan,nan,nan,nan,nan,nan
995000,9,open_reference,0.7734,ThumbUp,IndexPoint,2864,3548,2976,2882,2913,3239,3078,7910.316816,22053.382084,9042.359249,8078.153339,8379.187817,12865.186916,10290.265487,nan,nan,nan,nan,nan,nan,nan
995050,9,open_reference,0.8147,ThumbUp,IndexPoint,2874,3524,3013,2896,2919,3234,3087,8002.948403,20983.537653,9467.837338,8212.176814,8439.285714,12770.731707,10412.500000,nan,nan,nan,nan,nan,nan,nan
995100,9,open_reference,0.8983,ThumbUp,IndexPoint,2876,3546,2991,2894,2908,3246,3060,8021.657096,21960.655738,9211.413043,8192.839301,8329.570345,12999.293286,10052.173913,nan,nan,nan,nan,nan,nan,nan
995150,9,open_reference,0.9194,ThumbUp,IndexPoint,2905,3552,2977,2889,2928,3224,3148,8300.000000,22240.883978,9053.488372,8144.776119,8530.591260,12585.074627,11302.217529,nan,nan,nan,nan,nan,nan,nan
995200,9,open_reference,0.9828,ThumbUp,IndexPoint,2940,3601,2974,2896,2945,3209,3112,8654.545455,24784.210526,9020.160571,8212.176814,8706.956522,12314.446953,10763.784334,nan,nan,nan,nan,nan,nan,nan
995250,9,open_reference,1.0243,ThumbUp,IndexPoint,2937,3600,2974,2900,2935,3240,3082,8623.316062,24727.272727,9020.160571,8251.046025,8602.586207,12884.210526,10344.323791,nan,nan,nan,nan,nan,nan,nan
995300,9,open_reference,1.0661,ThumbUp,IndexPoint,2926,3532,2945,2900,2960,3280,3053,8510.179641,21330.017762,8706.956522,8251.046025,8866.960352,13683.435583,9961.804223,nan,nan,nan,nan,nan,nan,nan
995350,9,open_reference,1.1282,ThumbUp,IndexPoint,2931,3643,2996,2905,2975,3278,3140,8561.340206,27403.097345,9268.789809,8300.000000,9031.250000,13641.615667,11179.057592,nan,nan,nan,nan,nan,nan,nan
995400,9,open_reference,1.1697,ThumbUp,IndexPoint,2940,3622,2989,2909,2941,3209,3096,8654.545455,26035.517970,9188.607595,8339.460371,8664.991334,12314.446953,10536.936937,nan,nan,nan,nan,nan,nan,nan
995450,9,open_reference,1.2327,ThumbUp,IndexPoint,2934,3518,2963,2894,2986,3233,3104,8592.248062,20729.982669,8899.469965,8192.839301,9154.553652,12751.972158,10649.445005,nan,nan,nan,nan,nan,nan,nan
995500,9,open_reference,1.2743,ThumbUp,IndexPoint,2934,3577,2994,2897,2975,3294,3071,8592.248062,23478.378378,9245.776567,8221.869783,9031.250000,13982.022472,10196.679688,nan,nan,nan,nan,nan,nan,nan
995550,9,open_reference,1.3166,ThumbUp,IndexPoint,2943,3503,3005,2896,2952,3251,3062,8685.937500,20118.581081,9373.394495,8212.176814,8781.102362,13096.445498,10078.218780,nan,nan,nan,nan,nan,nan,nan
995600,9,open_reference,1.3810,ThumbUp,IndexPoint,2935,3452,2995,2894,2964,3261,3058,8602.586207,18253.188180,9257.272727,8192.839301,8910.344828,13294.244604,10026.229508,nan,nan,nan,nan,nan,nan,nan
995650,9,open_reference,1.4227,ThumbUp,IndexPoint,2938,3484,3000,2896,2951,3256,3056,8633.707865,19387.234043,9315.068493,8212.176814,8770.454545,13194.755662,10000.384986,nan,nan,nan,nan,nan,nan,nan
995700,9,open_reference,1.4867,ThumbUp,IndexPoint,2940,3566,2995,2925,2957,3232,3060,8654.545455,22919.470699,9257.272727,8500.000000,8834.622144,12733.256083,10052.173913,nan,nan,nan,nan,nan,nan,nan
995750,9,open_reference,1.5284,ThumbUp,IndexPoint,2943,3541,2964,2902,2971,3233,3064,8685.937500,21731.768953,8910.344828,8270.578374,8987.010676,12751.972158,10104.364694,nan,nan,nan,nan,nan,nan,nan
995800,9,open_reference,1.5920,ThumbUp,IndexPoint,2932,3513,2964,2929,2962,3235,3065,8571.625107,20522.680412,8910.344828,8540.823328,8888.614298,12789.534884,10117.475728,nan,nan,nan,nan,nan,nan,nan
995850,9,open_reference,1.6342,ThumbUp,IndexPoint,2936,3471,2970,2929,2959,3229,3058,8612.942192,18912.500000,8976.000000,8540.823328,8856.161972,12677.367206,10026.229508,nan,nan,nan,nan,nan,nan,nan
995900,9,open_reference,1.6767,ThumbUp,IndexPoint,2937,3470,2975,2905,2945,3223,3056,8623.316062,18876.800000,9031.250000,8300.000000,8706.956522,12566.743119,10000.384986,nan,nan,nan,nan,nan,nan,nan
995950,9,open_reference,1.7403,ThumbUp,IndexPoint,2938,3457,2990,2921,2928,3221,3041,8633.707865,18422.884013,9200.000000,8459.454855,8530.591260,12530.205950,9809.677419,nan,nan,nan,nan,nan,nan,nan
996000,9,open_reference,1.7826,ThumbUp,IndexPoint,2946,3426,2975,2912,2930,3224,3034,8717.493473,17411.659193,9031.250000,8369.230769,8551.072961,12585.074627,9722.525919,nan,nan,nan,nan,nan,nan,nan
996050,9,open_reference,1.8250,ThumbUp,IndexPoint,2930,3389,2964,2901,2930,3216,3021,8551.072961,16320.963173,8910.344828,8260.804020,8551.072961,12439.590444,9563.687151,nan,nan,nan,nan,nan,nan,nan
996100,9,open_reference,1.8671,ThumbUp,IndexPoint,2931,3392,2979,2909,2934,3213,3013,8561.340206,16405.120910,9075.806452,8339.460371,8592.248062,12385.714286,9467.837338,nan,nan,nan,nan,nan,nan,nan
996150,9,open_reference,1.9092,ThumbUp,IndexPoint,2929,3372,2979,2902,2924,3207,3001,8540.823328,15857.261411,9075.806452,8270.578374,8489.837746,12279.054054,9326.691042,nan,nan,nan,nan,nan,nan,nan
996200,9,open_reference,1.9512,ThumbUp,IndexPoint,2914,3406,2969,2913,2933,3209,3035,8389.161727,16807.547170,8965.008881,8379.187817,8581.927711,12314.446953,9734.905660,nan,nan,nan,nan,nan,nan,nan
996250,9,open_reference,2.0137,ThumbUp,IndexPoint,2928,3387,2982,2916,2927,3214,3010,8530.591260,16265.254237,9109.433962,8409.160305,8520.376712,12403.632236,9432.258065,nan,nan,nan,nan,nan,nan,nan
996300,9,open_reference,2.0547,ThumbUp,IndexPoint,2936,3434,2998,2919,2912,3206,2994,8612.942192,17663.540091,9291.886964,8439.285714,8369.230769,12261.417323,9245.776567,nan,nan,nan,nan,nan,nan,nan
996350,9,open_reference,2.1173,ThumbUp,IndexPoint,2922,3460,2990,2924,2924,3203,3000,8469.565217,18525.984252,9200.000000,8489.837746,8489.837746,12208.744395,9315.068493,nan,nan,nan,nan,nan,nan,nan
996400,9,open_reference,2.1798,ThumbUp,IndexPoint,2922,3470,2996,2918,2920,3216,3012,8469.565217,18876.800000,9268.789809,8429.226848,8449.361702,12439.590444,9455.955679,nan,nan,nan,nan,nan,nan,nan
996450,9,open_reference,2.2622,ThumbUp,IndexPoint,2925,3524,3009,2908,2902,3218,3014,8500.000000,20983.537653,9420.441989,8329.570345,8270.578374,12475.712657,9479.740981,nan,nan,nan,nan,nan,nan,nan
996500,9,open_reference,2.2834,ThumbUp,IndexPoint,2922,3503,2996,2904,2910,3210,3030,8469.565217,20118.581081,9268.789809,8290.176322,8349.367089,12332.203390,9673.239437,nan,nan,nan,nan,nan,nan,nan
996550,9,open_reference,2.3253,ThumbUp,IndexPoint,2928,3414,3000,2912,2908,3204,3040,8530.591260,17044.933921,9315.068493,8369.230769,8329.570345,12226.262626,9797.156398,nan,nan,nan,nan,nan,nan,nan
996600,9,open_reference,2.3882,ThumbUp,IndexPoint,2939,3422,2988,2908,2893,3169,3031,8644.117647,17287.964339,9177.235772,8329.570345,8183.194676,11635.637149,9685.526316,nan,nan,nan,nan,nan,nan,nan
996650,9,open_reference,2.4309,ThumbUp,IndexPoint,2924,3423,2978,2894,2915,3186,3055,8489.837746,17318.750000,9064.637422,8192.839301,8399.152542,11916.831683,9987.500000,nan,nan,nan,nan,nan,nan,nan
996700,9,open_reference,2.4725,ThumbUp,IndexPoint,2927,3414,2985,2912,2910,3181,3033,8520.376712,17044.933921,9143.243243,8369.230769,8349.367089,11833.041575,9710.169492,nan,nan,nan,nan,nan,nan,nan
996750,9,open_reference,2.5365,ThumbUp,IndexPoint,2933,3424,2980,2908,2898,3156,3035,8581.927711,17349.627422,9086.995516,8329.570345,8231.578947,11427.476038,9734.905660,nan,nan,nan,nan,nan,nan,nan
996800,9,open_reference,2.5579,ThumbUp,IndexPoint,2917,3366,2977,2908,2913,3144,3041,8419.185059,15698.765432,9053.488372,8329.570345,8379.187817,11240.378549,9809.677419,nan,nan,nan,nan,nan,nan,nan
996850,9,open_reference,2.6210,ThumbUp,IndexPoint,2922,3388,2979,2904,2904,3144,3031,8469.565217,16293.069307,9075.806452,8290.176322,8290.176322,11240.378549,9685.526316,nan,nan,nan,nan,nan,nan,nan
996900,9,open_reference,2.6832,ThumbUp,IndexPoint,2918,3373,2995,2893,2900,3133,3030,8429.226848,15883.933518,9257.272727,8183.194676,8251.046025,11072.972973,9673.239437,nan,nan,nan,nan,nan,nan,nan
996950,9,open_reference,2.7255,ThumbUp,IndexPoint,2911,3407,2992,2904,2913,3152,3064,8359.290541,16836.918605,9222.846782,8290.176322,8379.187817,11364.581124,10104.364694,nan,nan,nan,nan,nan,nan,nan
997000,9,open_reference,2.7888,ThumbUp,IndexPoint,2915,3381,2998,2904,2913,3183,3060,8399.152542,16100.000000,9291.886964,8290.176322,8379.187817,11866.447368,10052.173913,nan,nan,nan,nan,nan,nan,nan
997050,9,open_reference,2.8518,ThumbUp,IndexPoint,2912,3416,3010,2898,2904,3174,3045,8369.230769,17105.154639,9432.258065,8231.578947,8290.176322,11717.263844,9860.000000,nan,nan,nan,nan,nan,nan,nan
997100,9,open_reference,2.8731,ThumbUp,IndexPoint,2908,3359,2998,2888,2918,3160,3052,8329.570345,15517.119565,9291.886964,8135.211268,8429.226848,11490.909091,9948.993289,nan,nan,nan,nan,nan,nan,nan
997150,9,open_reference,2.9354,ThumbUp,IndexPoint,2900,3347,2993,2903,2908,3154,3042,8251.046025,15213.636364,9234.301270,8280.369128,8329.570345,11395.961743,9822.222222,nan,nan,nan,nan,nan,nan,nan
997200,9,open_reference,2.9773,ThumbUp,IndexPoint,2896,3341,2996,2906,2894,3093,3036,8212.176814,15065.517241,9268.789809,8309.840202,8192.839301,10495.209581,9747.308782,nan,nan,nan,nan,nan,nan,nan
997250,9,open_reference,3.0186,ThumbUp,IndexPoint,2888,3353,2985,2910,2902,3119,3026,8135.211268,15364.150943,9143.243243,8349.367089,8270.578374,10865.368852,9624.321796,nan,nan,nan,nan,nan,nan,nan
997300,9,open_reference,3.0818,ThumbUp,IndexPoint,2899,3349,2993,2912,2902,3132,3042,8241.304348,15263.538874,9234.301270,8369.230769,8270.578374,11057.943925,9822.222222,nan,nan,nan,nan,nan,nan,nan
997350,9,open_reference,3.1234,ThumbUp,IndexPoint,2893,3339,2987,2910,2887,3103,3028,8183.194676,15016.666667,9165.884477,8349.367089,8125.662252,10635.282258,9648.734770,nan,nan,nan,nan,nan,nan,nan
997400,9,open_reference,3.1856,ThumbUp,IndexPoint,2886,3311,2963,2899,2899,3121,3029,8116.129032,14358.928571,8899.469965,8241.304348,8241.304348,10894.661191,9660.975610,nan,nan,nan,nan,nan,nan,nan
997450,9,open_reference,3.2278,ThumbUp,IndexPoint,2895,3314,2983,2893,2897,3120,3034,8202.500000,14427.144686,9120.683453,8183.194676,8221.869783,10880.000000,9722.525919,nan,nan,nan,nan,nan,nan,nan
997500,9,open_reference,3.2907,ThumbUp,IndexPoint,2892,3322,2991,2892,2886,3109,3035,8173.566085,14611.642950,9211.413043,8173.566085,8116.129032,10720.689655,9734.905660,nan,nan,nan,nan,nan,nan,nan
997550,9,open_reference,3.3335,ThumbUp,IndexPoint,2881,3363,2971,2883,2905,3119,3013,8068.698517,15620.491803,8987.010676,8087.623762,8300.000000,10865.368852,9467.837338,nan,nan,nan,nan,nan,nan,nan
997600,9,open_reference,3.3760,ThumbUp,IndexPoint,2882,3449,2983,2886,2906,3126,3004,8078.153339,18152.631579,9120.683453,8116.129032,8309.840202,10968.421053,9361.686526,nan,nan,nan,nan,nan,nan,nan
997650,9,open_reference,3.4393,ThumbUp,IndexPoint,2880,3455,2966,2896,2897,3135,3004,8059.259259,18354.687500,8932.152347,8212.176814,8221.869783,11103.125000,9361.686526,nan,nan,nan,nan,nan,nan,nan
997700,9,open_reference,3.4607,ThumbUp,IndexPoint,2877,3439,2952,2890,2902,3127,3019,8031.034483,17824.085366,8781.102362,8154.356846,8270.578374,10983.264463,9539.591078,nan,nan,nan,nan,nan,nan,nan
997750,9,open_reference,3.5459,ThumbUp,IndexPoint,2883,3466,2960,2895,2901,3142,3015,8087.623762,18735.135135,8866.960352,8202.500000,8260.804020,11209.653725,9491.666667,nan,nan,nan,nan,nan,nan,nan
997800,9,open_reference,3.5667,ThumbUp,IndexPoint,2880,3471,2961,2899,2888,3125,3013,8059.259259,18912.500000,8877.777778,8241.304348,8135.211268,10953.608247,9467.837338,nan,nan,nan,nan,nan,nan,nan
997850,9,open_reference,3.6303,ThumbUp,IndexPoint,2873,3464,2966,2898,2899,3132,3013,7993.617021,18664.976228,8932.152347,8231.578947,8241.304348,11057.943925,9467.837338,nan,nan,nan,nan,nan,nan,nan
997900,9,open_reference,3.6940,ThumbUp,IndexPoint,2882,3389,2968,2887,2898,3157,3009,8078.153339,16320.963173,8954.037267,8125.662252,8231.578947,11443.283582,9420.441989,nan,nan,nan,nan,nan,nan,nan
997950,9,open_reference,3.7360,ThumbUp,IndexPoint,2878,3378,2976,2896,2892,3128,2996,8040.427280,16018.410042,9042.359249,8212.176814,8173.566085,10998.138573,9268.789809,nan,nan,nan,nan,nan,nan,nan
998000,9,open_reference,3.7573,ThumbUp,IndexPoint,2870,3373,2963,2884,2901,3168,3009,7965.714286,15883.933518,8899.469965,8097.109827,8260.804020,11619.417476,9420.441989,nan,nan,nan,nan,nan,nan,nan
998050,9,open_reference,3.8414,ThumbUp,IndexPoint,2868,3393,2972,2893,2898,3142,3013,7947.188264,16433.333333,8998.040962,8183.194676,8231.578947,11209.653725,9467.837338,nan,nan,nan,nan,nan,nan,nan
998100,9,open_reference,3.8843,ThumbUp,IndexPoint,2867,3365,2974,2891,2900,3119,3006,7937.947883,15672.602740,9020.160571,8163.953488,8251.046025,10865.368852,9385.123967,nan,nan,nan,nan,nan,nan,nan
998150,9,open_reference,3.9265,ThumbUp,IndexPoint,2869,3374,2964,2902,2915,3152,3040,7956.443719,15910.679612,8910.344828,8270.578374,8399.152542,11364.581124,9797.156398,nan,nan,nan,nan,nan,nan,nan
998200,9,open_reference,3.9686,ThumbUp,IndexPoint,2872,3357,2980,2896,2943,3165,3033,7984.300899,15465.853659,9086.995516,8212.176814,8685.937500,11570.967742,9710.169492,nan,nan,nan,nan,nan,nan,nan
998300,9,posture_hold,0.0423,ThumbUp,IndexPoint,2877,3341,2965,2888,2925,3143,3042,8031.034483,15065.517241,8921.238938,8135.211268,8500.000000,11225.000000,9822.222222,-0.023789,-0.076133,-0.021867,-0.014623,0.027739,-0.006855,0.016046
998350,9,posture_hold,0.1052,ThumbUp,IndexPoint,2879,3381,2967,2886,2927,3135,3044,8049.835526,16100.000000,8943.085106,8116.129032,8520.376712,11103.125000,9847.383444,-0.021504,-0.012695,-0.019472,-0.016935,0.030203,-0.017638,0.018648
998400,9,posture_hold,0.1460,ThumbUp,IndexPoint,2876,3367,2959,2882,2905,3134,3022,8021.657096,15725.000000,8856.161972,8078.153339,8300.000000,11088.033299,9575.768872,-0.024929,-0.035691,-0.029002,-0.021535,0.003557,-0.018973,-0.009448
998450,9,posture_hold,0.1874,ThumbUp,IndexPoint,2872,3345,2944,2888,2916,3109,3023,7984.300899,15164.000000,8696.437880,8135.211268,8409.160305,10720.689655,9587.873134,-0.029470,-0.070094,-0.046515,-0.014623,0.016756,-0.051475,-0.008196
998500,9,posture_hold,0.2504,ThumbUp,IndexPoint,2878,3372,2945,2894,2907,3122,3011,8040.427280,15857.261411,8706.956522,8192.839301,8319.696970,10909.352518,9444.095941,-0.022647,-0.027580,-0.045361,-0.007643,0.005939,-0.034782,-0.023069
998550,9,posture_hold,0.2926,ThumbUp,IndexPoint,2880,3448,2941,2889,2897,3118,3003,8059.259259,18119.319938,8664.991334,8144.776119,8221.869783,10850.767656,9350.000000,-0.020358,0.111136,-0.049962,-0.013465,-0.005889,-0.039966,-0.032803
998600,9,posture_hold,0.3349,ThumbUp,IndexPoint,2872,3483,2931,2876,2904,3120,3014,7984.300899,19350.000000,8561.340206,8021.657096,8290.176322,10880.000000,9479.740981,-0.029470,0.186606,-0.061327,-0.028378,0.002370,-0.037379,-0.019382
998650,9,posture_hold,0.3981,ThumbUp,IndexPoint,2879,3459,2944,2882,2896,3106,3006,8049.835526,18491.509434,8696.437880,8078.153339,8212.176814,10677.856421,9385.123967,-0.021504,0.133960,-0.046515,-0.021535,-0.007061,-0.055264,-0.029169
998700,9,posture_hold,0.4609,ThumbUp,IndexPoint,2872,3399,2945,2872,2884,3103,2996,7984.300899,16604.310345,8706.956522,7984.300899,8097.109827,10635.282258,9268.789809,-0.029470,0.018231,-0.045361,-0.032902,-0.020974,-0.059031,-0.041203
998750,9,posture_hold,0.4820,ThumbUp,IndexPoint,2869,3357,2939,2865,2884,3119,2995,7956.443719,15465.853659,8644.117647,7919.512195,8097.109827,10865.368852,9257.272727,-0.032856,-0.051583,-0.052251,-0.040750,-0.020974,-0.038674,-0.042395
998800,9,posture_hold,0.5664,ThumbUp,IndexPoint,2871,3374,2949,2876,2880,3115,3004,7975.000000,15910.679612,8749.214660,8021.657096,8059.259259,10807.142857,9361.686526,-0.030600,-0.024305,-0.040728,-0.028378,-0.025551,-0.043826,-0.031594
998850,9,posture_hold,0.6078,ThumbUp,IndexPoint,2867,3474,2954,2893,2865,3108,3006,7937.947883,19020.289855,8802.453988,8183.194676,7919.512195,10706.382979,9385.123967,-0.035104,0.166387,-0.034891,-0.008811,-0.042448,-0.052740,-0.029169
998900,9,posture_hold,0.6498,ThumbUp,IndexPoint,2864,3437,2943,2882,2878,3093,2996,7910.316816,17759.574468,8685.937500,8078.153339,8040.427280,10495.209581,9268.789809,-0.038463,0.089076,-0.047666,-0.021535,-0.027828,-0.071424,-0.041203
998950,9,posture_hold,0.6915,ThumbUp,IndexPoint,2873,3465,2976,2888,2930,3167,3018,7993.617021,18700.000000,9042.359249,8135.211268,8551.072961,11603.232759,9527.576602,-0.028337,0.146746,-0.008588,-0.014623,0.033915,0.026609,-0.014434
999000,9,posture_hold,0.7965,ThumbUp,IndexPoint,2929,3523,3003,2901,2945,3239,3040,8540.823328,20940.909091,9350.000000,8260.804020,8706.956522,12865.186916,9797.156398,0.038178,0.284166,0.025142,0.000589,0.052763,0.138262,0.013453
999050,9,posture_hold,0.8376,ThumbUp,IndexPoint,2949,3337,3043,2956,2977,3269,3152,8749.214660,14968.073879,9834.790875,8823.880597,9053.488372,13455.932203,11364.581124,0.063509,-0.082108,0.078295,0.068792,0.094662,0.190529,0.175593
999100,9,posture_hold,0.8378,ThumbUp,IndexPoint,2970,3371,3092,3060,3048,3287,3101,8976.000000,15830.662983,10481.355932,10052.173913,9897.994269,13831.435644,10607.042254,0.091076,-0.029212,0.149185,0.217568,0.196772,0.223752,0.097230
999150,9,posture_hold,0.9217,ThumbUp,IndexPoint,3017,3556,3057,2946,3059,3337,3092,9515.584416,22431.168831,10013.294798,8717.493473,10039.189189,14968.073879,10481.355932,0.156665,0.375553,0.097867,0.055905,0.213844,0.324318,0.084229
999200,9,posture_hold,0.9428,ThumbUp,IndexPoint,3026,3512,3067,2943,3060,3356,3140,9624.321796,20481.646655,10143.774319,8685.937500,10052.173913,15440.324763,11179.057592,0.169883,0.256002,0.112173,0.052083,0.215414,0.366101,0.156401
999250,9,posture_hold,0.9846,ThumbUp,IndexPoint,3083,3553,3117,2939,3071,3271,3131,10357.905138,22288.191882,10836.196319,8644.117647,10196.679688,13496.844660,11042.946058,0.259053,0.366785,0.188090,0.047018,0.232886,0.194149,0.142322
999300,9,posture_hold,1.0478,ThumbUp,IndexPoint,3069,3439,3093,2933,3140,3331,3084,10170.175439,17824.085366,10495.209581,8581.927711,11179.057592,14823.821990,10371.513353,0.236234,0.093032,0.150704,0.039485,0.351666,0.311555,0.072866
999350,9,posture_hold,1.0895,ThumbUp,IndexPoint,3049,3496,3211,2954,3219,3312,3151,9910.707457,19843.739566,12350.000000,8802.453988,12493.835616,14381.609195,11348.940678,0.204694,0.216884,0.354065,0.066196,0.510636,0.272430,0.173975
999400,9,posture_hold,1.1524,ThumbUp,IndexPoint,3056,3672,3212,2984,3263,3234,3206,10000.384986,29514.893617,12367.836920,9131.953195,13334.375000,12770.731707,12261.417323,0.215595,0.809951,0.356021,0.106107,0.612266,0.129905,0.268365
999450,9,posture_hold,1.1943,ThumbUp,IndexPoint,3055,3549,3310,3012,3196,3294,3264,9987.500000,22100.000000,14336.305732,9455.955679,12087.208009,13982.022472,13354.512635,0.214029,0.355245,0.571846,0.145352,0.461471,0.237076,0.381438
999500,9,posture_hold,1.2576,ThumbUp,IndexPoint,3018,3416,3374,3020,3280,3303,3218,9527.576602,17105.154639,15910.679612,9551.627907,13683.435583,14179.545455,12475.712657,0.158123,0.048944,0.744461,0.156940,0.654471,0.254552,0.290532
999550,9,posture_hold,1.2996,ThumbUp,IndexPoint,3024,3570,3245,3026,3346,3285,3237,9600.000000,23120.000000,12980.000000,9624.321796,15188.785047,13788.888889,12827.272727,0.166926,0.417795,0.423139,0.165745,0.836484,0.219988,0.326899
999600,9,posture_hold,1.3422,ThumbUp,IndexPoint,3027,3526,3325,3032,3376,3461,3345,9636.516854,21069.244288,14681.818182,9697.836312,15964.394993,18560.567823,15164.000000,0.171365,0.292036,0.609728,0.174649,0.930263,0.642168,0.568618
999650,9,posture_hold,1.4052,ThumbUp,IndexPoint,3027,3528,3217,3019,3310,3424,3489,9636.516854,21155.555556,12457.630979,9539.591078,14336.305732,17349.627422,19575.247525,0.171365,0.297328,0.365866,0.155482,0.733410,0.535028,1.024933
999700,9,posture_hold,1.4469,ThumbUp,IndexPoint,3009,3703,3115,3052,3340,3476,3466,9420.441989,32117.857143,10807.142857,9948.993289,15041.059603,19092.730210,18735.135135,0.145100,0.969573,0.184905,0.205071,0.818622,0.689251,0.938029
999750,9,posture_hold,1.5102,ThumbUp,IndexPoint,3026,3724,3124,3007,3245,3451,3359,9624.321796,34128.301887,10938.825953,9396.875000,12980.000000,18219.565217,15517.119565,0.169883,1.092860,0.199343,0.138195,0.569419,0.611997,0.605146
999800,9,posture_hold,1.5518,ThumbUp,IndexPoint,2993,3762,3026,3117,3361,3454,3281,9234.301270,38410.810811,9624.321796,10836.196319,15568.664850,18320.748830,13704.422604,0.122474,1.355478,0.055219,0.312533,0.882415,0.620949,0.417634
999850,9,posture_hold,1.5943,ThumbUp,IndexPoint,2984,3778,3055,2996,3375,3338,3343,9131.953195,40521.135647,9987.500000,9268.789809,15937.500000,14992.338177,15114.627660,0.110033,1.484890,0.095039,0.122681,0.927012,0.326464,0.563511
999900,9,posture_hold,1.6579,ThumbUp,IndexPoint,2992,3755,3017,3009,3378,3305,3372,9222.846782,37550.000000,9515.584416,9420.441989,16018.410042,14224.050633,15857.261411,0.121082,1.302690,0.043297,0.141050,0.936794,0.258489,0.640332
999950,9,posture_hold,1.6995,ThumbUp,IndexPoint,2967,3744,3080,2996,3379,3339,3356,8943.085106,36266.666667,10317.241379,9268.789809,16045.530726,15016.666667,15440.324763,0.087075,1.223992,0.131192,0.122681,0.940074,0.328617,0.597202
1000000,9,posture_hold,1.7618,ThumbUp,IndexPoint,2968,3806,3036,3013,3316,3314,3305,8954.037267,44776.470588,9747.308782,9467.837338,14472.913992,14427.144686,14224.050633,0.088406,1.745841,0.068704,0.146791,0.749928,0.276458,0.471386
1000050,9,posture_hold,1.8242,ThumbUp,IndexPoint,2959,3799,3006,3010,3306,3287,3287,8856.161972,43637.162162,9385.123967,9432.258065,14246.387833,13831.435644,13831.435644,0.076509,1.675975,0.028993,0.142481,0.722538,0.223752,0.430773
1000100,9,posture_hold,1.8658,ThumbUp,IndexPoint,2952,3787,3025,3010,3353,3254,3261,8781.102362,41804.545455,9612.149533,9432.258065,15364.150943,13155.291320,13294.244604,0.067385,1.563593,0.053885,0.142481,0.857688,0.163930,0.375204
1000150,9,posture_hold,1.9075,ThumbUp,IndexPoint,2955,3762,3072,3016,3326,3277,3218,8813.157895,38410.810811,10209.970674,9503.614458,14705.331599,13620.782396,12475.712657,0.071282,1.355478,0.119430,0.151124,0.778029,0.205115,0.290532
1000200,9,posture_hold,1.9490,ThumbUp,IndexPoint,2971,3831,3044,3009,3294,3245,3291,8987.010676,49338.636364,9847.383444,9420.441989,13982.022472,12980.000000,13917.164179,0.092414,2.025608,0.079676,0.141050,0.690574,0.148421,0.439641
1000250,9,posture_hold,1.9907,ThumbUp,IndexPoint,2952,3754,3001,3027,3341,3220,3278,8781.102362,37429.912023,9326.691042,9636.516854,15065.517241,12512.000000,13641.615667,0.067385,1.295326,0.022587,0.167222,0.821580,0.107014,0.411137
1000300,9,posture_hold,2.0530,ThumbUp,IndexPoint,2963,3821,3017,2997,3316,3155,3253,8899.469965,47413.868613,9515.584416,9280.327869,14472.913992,11411.702128,13135.629454,0.081774,1.907575,0.043297,0.124079,0.749928,0.009664,0.358796
1000350,9,posture_hold,2.0948,ThumbUp,IndexPoint,2956,3795,2995,2988,3270,3139,3236,8823.880597,43010.000000,9257.272727,9177.235772,13476.363636,11163.807531,12808.381839,0.072585,1.637515,0.014976,0.111592,0.629434,-0.012269,0.324945
1000400,9,posture_hold,2.1374,ThumbUp,IndexPoint,2950,3763,2989,2965,3283,3152,3218,8759.825328,38536.746988,9188.607595,8921.238938,13746.551724,11364.581124,12475.712657,0.064799,1.363200,0.007447,0.080584,0.662103,0.005494,0.290532
1000450,9,posture_hold,2.2043,ThumbUp,IndexPoint,2969,3839,3005,2964,3309,3162,3246,8965.008881,50986.718750,9373.394495,8910.344828,14313.740458,11522.829582,12999.293286,0.089740,2.126674,0.027707,0.079265,0.730682,0.019496,0.344693
1000500,9,posture_hold,2.2671,ThumbUp,IndexPoint,2958,3848,2975,2959,3224,3125,3193,8845.382586,52968.421053,9031.250000,8856.161972,12585.074627,10953.608247,12035.698448,0.075199,2.248198,-0.009806,0.072702,0.521668,-0.030867,0.245015
1000550,9,posture_hold,2.2876,ThumbUp,IndexPoint,2947,3814,2971,2953,3228,3146,3245,8728.048780,46148.042705,8987.010676,8791.768827,12658.823529,11271.232877,12980.000000,0.060936,1.829950,-0.014656,0.064902,0.530585,-0.002765,0.342697
1000600,9,posture_hold,2.3504,ThumbUp,IndexPoint,2962,3850,2963,2963,3249,3117,3251,8888.614298,53428.571429,8899.469965,8899.469965,13057.446809,10836.196319,13096.445498,0.080454,2.276416,-0.024254,0.077947,0.578783,-0.041255,0.354743
1000650,9,posture_hold,2.3920,ThumbUp,IndexPoint,2959,3800,2960,2955,3231,3138,3251,8856.161972,43796.610169,8866.960352,8813.157895,12714.583333,11148.589342,13096.445498,0.076509,1.685753,-0.027818,0.067493,0.537327,-0.013616,0.354743
1000700,9,posture_hold,2.4335,ThumbUp,IndexPoint,2956,3847,2968,2937,3204,3137,3262,8823.880597,52741.129032,8954.037267,8623.316062,12226.262626,11133.402923,13314.285714,0.072585,2.234260,-0.018271,0.044498,0.478284,-0.014959,0.377277
1000750,9,posture_hold,2.4972,ThumbUp,IndexPoint,2960,3810,2970,2946,3231,3081,3252,8866.960352,45452.631579,8976.000000,8717.493473,12714.583333,10330.769231,13116.014235,0.077822,1.787305,-0.015863,0.055905,0.537327,-0.085973,0.356767
1000800,9,posture_hold,2.5595,ThumbUp,IndexPoint,2950,3739,2952,2954,3233,3071,3262,8759.825328,35709.550562,8781.102362,8802.453988,12751.972158,10196.679688,13314.285714,0.064799,1.189827,-0.037232,0.066196,0.541848,-0.097837,0.377277
1000850,9,posture_hold,2.6012,ThumbUp,IndexPoint,2942,3801,2946,2942,3233,3090,3256,8675.455334,43957.142857,8717.493473,8675.455334,12751.972158,10453.731343,13194.755662,0.054543,1.695597,-0.044206,0.050814,0.541848,-0.075094,0.364912
1000900,9,posture_hold,2.6641,ThumbUp,IndexPoint,2956,3742,2975,2940,3194,3121,3264,8823.880597,36041.926346,9031.250000,8654.545455,12052.830189,10894.661191,13354.512635,0.072585,1.210210,-0.009806,0.048281,0.457314,-0.036082,0.381438
1000950,9,posture_hold,2.7066,ThumbUp,IndexPoint,2951,3742,2971,2934,3202,3129,3202,8770.454545,36041.926346,8987.010676,8592.248062,12191.265398,11013.043478,12191.265398,0.066091,1.210210,-0.014656,0.040735,0.474052,-0.025608,0.261108
1001000,9,posture_hold,2.7689,ThumbUp,IndexPoint,2937,3762,2957,2934,3233,3129,3187,8623.316062,38410.810811,8834.622144,8592.248062,12751.972158,11013.043478,11933.700441,0.048206,1.355478,-0.031364,0.040735,0.541848,-0.025608,0.234464
1001050,9,posture_hold,2.8113,ThumbUp,IndexPoint,2939,3731,2957,2936,3234,3105,3217,8644.117647,34850.000000,8834.622144,8612.942192,12770.731707,10663.636364,12457.630979,0.050734,1.137117,-0.031364,0.043242,0.544116,-0.056522,0.288662
1001100,9,posture_hold,2.8321,ThumbUp,IndexPoint,2942,3677,2953,2939,3237,3070,3219,8675.455334,29908.612440,8791.768827,8644.117647,12827.272727,10183.414634,12493.835616,0.054543,0.834095,-0.036062,0.047018,0.550952,-0.099011,0.292407
1001150,9,posture_hold,2.8740,ThumbUp,IndexPoint,2937,3694,2956,2934,3221,3088,3232,8623.316062,31320.698254,8823.880597,8592.248062,12530.205950,10426.216485,12733.256083,0.048206,0.920688,-0.032542,0.040735,0.515034,-0.077528,0.317173
1001200,9,posture_hold,2.9575,ThumbUp,IndexPoint,2943,3650,2967,2936,3260,3056,3233,8685.937500,27887.640449,8943.085106,8612.942192,13274.251497,10000.384986,12751.972158,0.055818,0.710162,-0.019472,0.043242,0.604997,-0.115204,0.319109
1001250,9,posture_hold,2.9778,ThumbUp,IndexPoint,2945,3747,2963,2928,3225,3051,3269,8706.956522,36608.620690,8899.469965,8530.591260,12603.448276,9936.206897,13455.932203,0.058373,1.244961,-0.024254,0.033267,0.523890,-0.120883,0.391930
1001300,9,posture_hold,3.0409,ThumbUp,IndexPoint,2941,3754,2955,2924,3252,3090,3208,8664.991334,37429.912023,8813.157895,8489.837746,13116.014235,10453.731343,12296.730552,0.053271,1.295326,-0.033717,0.028331,0.585864,-0.075094,0.272018
1001350,9,posture_hold,3.1031,ThumbUp,IndexPoint,2971,3688,2967,2932,3237,3060,3230,8987.010676,30808.845209,8943.085106,8571.625107,12827.272727,10052.173913,12695.953757,0.092414,0.889300,-0.019472,0.038237,0.550952,-0.110622,0.313315
1001400,9,posture_hold,3.1447,ThumbUp,IndexPoint,2966,3633,2954,2925,3202,3062,3226,8932.152347,26736.363636,8802.453988,8500.000000,12191.265398,10078.218780,12621.864212,0.085746,0.639562,-0.034891,0.029562,0.474052,-0.108318,0.305651
1001450,9,posture_hold,3.2065,ThumbUp,IndexPoint,2956,3679,2928,2912,3214,3066,3248,8823.880597,30068.750000,8530.591260,8369.230769,12403.632236,10130.612245,13038.016529,0.072585,0.843915,-0.064698,0.013722,0.499730,-0.103682,0.348699
1001500,9,posture_hold,3.2481,ThumbUp,IndexPoint,2976,3702,2919,2915,3246,3041,3276,9042.359249,32027.480916,8439.285714,8399.152542,12999.293286,9809.677419,13600.000000,0.099142,0.964031,-0.074709,0.017346,0.571751,-0.132077,0.406832
1001550,9,posture_hold,3.3109,ThumbUp,IndexPoint,2958,3691,2926,2913,3171,3043,3297,8845.382586,31062.871287,8510.179641,8379.187817,11668.181818,9834.790875,14047.368421,0.075199,0.904878,-0.066936,0.014928,0.410806,-0.129855,0.453110
1001600,9,posture_hold,3.3525,ThumbUp,IndexPoint,2981,3625,2906,2914,3260,3141,3287,9098.204668,26223.404255,8309.840202,8389.161727,13274.251497,11194.339623,13831.435644,0.105931,0.608106,-0.088902,0.016136,0.604997,-0.009568,0.430773
1001650,9,posture_hold,3.3943,ThumbUp,IndexPoint,2993,3627,2924,2920,3235,3140,3263,9234.301270,26350.000000,8489.837746,8449.361702,12789.534884,11179.057592,13334.375000,0.122474,0.615869,-0.069166,0.023428,0.546389,-0.010920,0.379355
1001700,9,posture_hold,3.4368,ThumbUp,IndexPoint,3003,3545,2927,2919,3213,3106,3313,9350.000000,21914.545455,8520.376712,8439.285714,12385.714286,10677.856421,14404.347826,0.136538,0.343872,-0.065818,0.022208,0.497563,-0.055264,0.490037
1001750,9,posture_hold,3.5210,ThumbUp,IndexPoint,2997,3588,2895,2918,3236,3129,3317,9280.327869,24061.538462,8202.500000,8429.226848,12808.381839,11013.043478,14495.886889,0.128069,0.475533,-0.100670,0.020989,0.548668,-0.025608,0.499506
1001800,9,posture_hold,3.5630,ThumbUp,IndexPoint,3004,3553,2928,2911,3233,3085,3316,9361.686526,22288.191882,8530.591260,8359.290541,12751.972158,10385.148515,14472.913992,0.137958,0.366785,-0.064698,0.012518,0.541848,-0.081162,0.497130
1001850,9,posture_hold,3.6248,ThumbUp,IndexPoint,3008,3587,2908,2915,3211,3086,3261,9408.647654,24007.480315,8329.570345,8399.152542,12350.000000,10398.810704,13294.244604,0.143667,0.472218,-0.086738,0.017346,0.493245,-0.079953,0.375204
1001900,9,posture_hold,3.6250,ThumbUp,IndexPoint,2987,3582,2903,2909,3203,3096,3234,9165.884477,23740.350877,8280.369128,8339.460371,12208.744395,10536.936937,12770.731707,0.114157,0.455837,-0.092133,0.010116,0.476166,-0.067732,0.321050
1001950,9,posture_hold,3.7083,ThumbUp,IndexPoint,2992,3530,2911,2910,3215,3089,3224,9222.846782,21242.477876,8359.290541,8349.367089,12421.590909,10439.960239,12585.074627,0.121082,0.302659,-0.083480,0.011316,0.501901,-0.076312,0.301845
1002000,9,posture_hold,3.7712,ThumbUp,IndexPoint,2992,3515,2906,2905,3196,3074,3255,9222.846782,20605.172414,8309.840202,8300.000000,12087.208009,10236.630754,13175.000000,0.121082,0.263577,-0.088902,0.005337,0.461471,-0.094302,0.362869
1002050,9,posture_hold,3.8124,ThumbUp,IndexPoint,2980,3499,2905,2913,3203,3113,3229,9086.995516,19960.738255,8300.000000,8379.187817,12208.744395,10778.207739,12677.367206,0.104568,0.224058,-0.089980,0.014928,0.476166,-0.046386,0.311392
1002100,9,posture_hold,3.8532,ThumbUp,IndexPoint,2986,3547,2913,2920,3211,3146,3253,9154.553652,22006.934307,8379.187817,8449.361702,12350.000000,11271.232877,13135.629454,0.112780,0.349538,-0.081298,0.023428,0.493245,-0.002765,0.358796
1002150,9,posture_hold,3.8950,ThumbUp,IndexPoint,2988,3496,2915,2907,3215,3146,3201,9177.235772,19843.739566,8399.152542,8319.696970,12421.590909,11271.232877,12173.825503,0.115537,0.216884,-0.079109,0.007722,0.501901,-0.002765,0.259304
1002200,9,posture_hold,3.9380,ThumbUp,IndexPoint,2970,3530,2903,2901,3179,3099,3255,8976.000000,21242.477876,8280.369128,8260.804020,11799.781659,10578.915663,13175.000000,0.091076,0.302659,-0.092133,0.000589,0.426718,-0.064018,0.362869
1002250,9,posture_hold,4.0012,ThumbUp,IndexPoint,2974,3535,2920,2910,3219,3101,3193,9020.160571,21462.500000,8449.361702,8349.367089,12493.835616,10607.042254,12035.698448,0.096444,0.316151,-0.073604,0.011316,0.510636,-0.061530,0.245015
1002300,9,posture_hold,4.0430,ThumbUp,IndexPoint,2983,3540,2923,2908,3205,3061,3217,9120.683453,21686.486486,8479.692833,8329.570345,12243.820225,10065.183752,12457.630979,0.108663,0.329887,-0.070279,0.008918,0.480407,-0.109471,0.288662
1002350,9,posture_hold,4.1068,ThumbUp,IndexPoint,2958,3651,2916,2904,3212,3137,3248,8845.382586,27958.108108,8409.160305,8290.176322,12367.836920,11133.402923,13038.016529,0.075199,0.714483,-0.078012,0.004147,0.495402,-0.014959,0.348699
1002400,9,posture_hold,4.1495,ThumbUp,IndexPoint,2979,3569,2930,2902,3218,3118,3232,9075.806452,23069.581749,8551.072961,8270.578374,12475.712657,10850.767656,12733.256083,0.103208,0.414703,-0.062453,0.001773,0.508445,-0.039966,0.317173
1002450,9,posture_hold,4.1919,ThumbUp,IndexPoint,2967,3592,2942,2905,3189,3132,3278,8943.085106,24279.920477,8675.455334,8300.000000,11967.549669,11057.943925,13641.615667,0.087075,0.488925,-0.048815,0.005337,0.447003,-0.021636,0.411137
1002500,9,posture_hold,4.2551,ThumbUp,IndexPoint,2969,3643,2916,2913,3157,3188,3224,8965.008881,27403.097345,8409.160305,8379.187817,11443.283582,11950.606395,12585.074627,0.089740,0.680448,-0.078012,0.014928,0.383613,0.057344,0.301845
1002550,9,posture_hold,4.2969,ThumbUp,IndexPoint,2980,3516,2946,2930,3190,3189,3259,9086.995516,20646.632124,8717.493473,8551.072961,11984.530387,11967.549669,13254.306220,0.104568,0.266120,-0.044206,0.035748,0.449056,0.058843,0.371073
1002600,9,posture_hold,4.3601,ThumbUp,IndexPoint,2986,3472,2946,2938,3164,3169,3267,9154.553652,18948.314607,8717.493473,8633.707865,11554.887218,11635.637149,13415.217391,0.112780,0.161973,-0.044206,0.045757,0.397108,0.029476,0.387718
1002650,9,posture_hold,4.3812,ThumbUp,IndexPoint,2989,3512,2987,2921,3178,3205,3253,9188.607595,20481.646655,9165.884477,8459.454855,11783.206107,12243.820225,13135.629454,0.116920,0.256002,0.004956,0.024651,0.424714,0.083286,0.358796
1002700,9,posture_hold,4.4661,ThumbUp,IndexPoint,2990,3453,2960,2927,3170,3156,3229,9200.000000,18286.915888,8866.960352,8520.376712,11651.891892,11427.476038,12677.367206,0.118304,0.121414,-0.027818,0.032030,0.408836,0.011059,0.311392
1002750,9,posture_hold,4.5086,ThumbUp,IndexPoint,2998,3438,2962,2923,3148,3181,3203,9291.886964,17791.780822,8888.614298,8479.692833,11302.217529,11833.041575,12208.744395,0.129474,0.091051,-0.025444,0.027102,0.366557,0.046942,0.262916
1002800,9,posture_hold,4.5512,ThumbUp,IndexPoint,2980,3446,2942,2913,3185,3185,3227,9086.995516,18053.004622,8675.455334,8379.187817,11900.000000,11900.000000,12640.322581,0.104568,0.107070,-0.048815,0.014928,0.438835,0.052866,0.307560
1002850,9,posture_hold,4.6361,ThumbUp,IndexPoint,2980,3574,2964,2911,3185,3156,3210,9086.995516,23323.608445,8910.344828,8359.290541,11900.000000,11427.476038,12332.203390,0.104568,0.430281,-0.023062,0.012518,0.438835,0.011059,0.275687
1002900,9,posture_hold,4.6577,ThumbUp,IndexPoint,2982,3584,2957,2910,3180,3118,3210,9109.433962,23846.575342,8834.622144,8349.367089,11816.393443,10850.767656,12332.203390,0.107296,0.462351,-0.031364,0.011316,0.428726,-0.039966,0.275687
1002950,9,posture_hold,4.7209,ThumbUp,IndexPoint,2974,3597,2942,2899,3203,3132,3196,9020.160571,24557.831325,8675.455334,8241.304348,12208.744395,11057.943925,12087.208009,0.096444,0.505967,-0.048815,-0.001773,0.476166,-0.021636,0.250344
1003000,9,posture_hold,4.7629,ThumbUp,IndexPoint,2973,3560,2954,2899,3177,3116,3226,9009.090909,22624.299065,8802.453988,8241.304348,11766.666667,10821.654750,12621.864212,0.095098,0.387397,-0.034891,-0.001773,0.422714,-0.042542,0.305651
1003050,9,posture_hold,4.8253,ThumbUp,IndexPoint,2979,3545,2946,2898,3168,3119,3210,9075.806452,21914.545455,8717.493473,8231.578947,11619.417476,10865.368852,12332.203390,0.103208,0.343872,-0.044206,-0.002951,0.404910,-0.038674,0.275687
1003100,9,posture_hold,4.8674,ThumbUp,IndexPoint,2979,3603,2941,2902,3195,3102,3231,9075.806452,24898.780488,8664.991334,8270.578374,12070.000000,10621.148036,12714.583333,0.103208,0.526875,-0.049962,0.001773,0.459390,-0.060282,0.315242
1003150,9,posture_hold,4.9095,ThumbUp,IndexPoint,2952,3558,2944,2902,3173,3105,3199,8781.102362,22527.374302,8696.437880,8270.578374,11700.867679,10663.636364,12139.062500,0.067385,0.381453,-0.046515,0.001773,0.414758,-0.056522,0.255708
1003200,9,posture_hold,4.9721,ThumbUp,IndexPoint,2958,3624,2947,2895,3182,3095,3224,8845.382586,26160.509554,8728.048780,8202.500000,11849.726177,10523.000000,12585.074627,0.075199,0.604249,-0.043049,-0.006473,0.432757,-0.068965,0.301845
1019850,10,open_reference,0.0416,Pinch,Pinch,2854,3191,3035,2876,2921,3004,2907,7819.178082,12001.548673,9734.905660,8021.657096,8459.454855,9361.686526,8319.696970,nan,nan,nan,nan,nan,nan,nan
1019900,10,open_reference,0.0629,Pinch,Pinch,2845,3188,3007,2871,2926,3016,2915,7738.400000,11950.606395,9396.875000,7975.000000,8510.179641,9503.614458,8399.152542,nan,nan,nan,nan,nan,nan,nan
1019950,10,open_reference,0.1257,Pinch,Pinch,2844,3199,3024,2880,2921,3024,2911,7729.496403,12139.062500,9600.000000,8059.259259,8459.454855,9600.000000,8359.290541,nan,nan,nan,nan,nan,nan,nan
1020000,10,open_reference,0.1669,Pinch,Pinch,2847,3197,3019,2879,2907,3021,2898,7756.250000,12104.454343,9539.591078,8049.835526,8319.696970,9563.687151,8231.578947,nan,nan,nan,nan,nan,nan,nan
1020050,10,open_reference,0.2295,Pinch,Pinch,2842,3179,3015,2867,2914,3023,2908,7711.731844,11799.781659,9491.666667,7937.947883,8389.161727,9587.873134,8329.570345,nan,nan,nan,nan,nan,nan,nan
1020100,10,open_reference,0.2717,Pinch,Pinch,2846,3193,3030,2877,2920,3017,2903,7747.317854,12035.698448,9673.239437,8031.034483,8449.361702,9515.584416,8280.369128,nan,nan,nan,nan,nan,nan,nan
1020150,10,open_reference,0.3345,Pinch,Pinch,2843,3164,3029,2872,2908,3017,2895,7720.607029,11554.887218,9660.975610,7984.300899,8329.570345,9515.584416,8202.500000,nan,nan,nan,nan,nan,nan,nan
1020200,10,open_reference,0.3766,Pinch,Pinch,2838,3152,3030,2867,2910,3024,2899,7676.372315,11364.581124,9673.239437,7937.947883,8349.367089,9600.000000,8241.304348,nan,nan,nan,nan,nan,nan,nan
1020250,10,open_reference,0.4397,Pinch,Pinch,2837,3195,3020,2881,2905,3026,2901,7667.567568,12070.000000,9551.627907,8068.698517,8300.000000,9624.321796,8260.804020,nan,nan,nan,nan,nan,nan,nan
1020300,10,open_reference,0.4818,Pinch,Pinch,2841,3214,3003,2880,2894,3026,2975,7702.870813,12403.632236,9350.000000,8059.259259,8192.839301,9624.321796,9031.250000,nan,nan,nan,nan,nan,nan,nan
1020350,10,open_reference,0.5441,Pinch,Pinch,2837,3221,3005,2877,2904,3018,3003,7667.567568,12530.205950,9373.394495,8031.034483,8290.176322,9527.576602,9350.000000,nan,nan,nan,nan,nan,nan,nan
1020400,10,open_reference,0.5652,Pinch,Pinch,2844,3246,3010,2881,2897,3012,2949,7729.496403,12999.293286,9432.258065,8068.698517,8221.869783,9455.955679,8749.214660,nan,nan,nan,nan,nan,nan,nan
1020450,10,open_reference,0.6071,Pinch,Pinch,2853,3231,3010,2873,2888,3007,2900,7810.144928,12714.583333,9432.258065,7993.617021,8135.211268,9396.875000,8251.046025,nan,nan,nan,nan,nan,nan,nan
1020500,10,open_reference,0.6908,Pinch,Pinch,2847,3211,3028,2871,2902,2989,2922,7756.250000,12350.000000,9648.734770,7975.000000,8270.578374,9188.607595,8469.565217,nan,nan,nan,nan,nan,nan,nan
1020550,10,open_reference,0.7325,Pinch,Pinch,2848,3263,3023,2873,2899,2997,2922,7765.196472,13334.375000,9587.873134,7993.617021,8241.304348,9280.327869,8469.565217,nan,nan,nan,nan,nan,nan,nan
1020600,10,open_reference,0.7736,Pinch,Pinch,2857,3232,3024,2868,2895,2983,2903,7846.365105,12733.256083,9600.000000,7947.188264,8202.500000,9120.683453,8280.369128,nan,nan,nan,nan,nan,nan,nan
1020650,10,open_reference,0.8154,Pinch,Pinch,2849,3254,3026,2864,2907,2992,2909,7774.157303,13155.291320,9624.321796,7910.316816,8319.696970,9222.846782,8339.460371,nan,nan,nan,nan,nan,nan,nan
1020700,10,open_reference,0.8789,Pinch,Pinch,2846,3235,3055,2865,2912,2994,2918,7747.317854,12789.534884,9987.500000,7919.512195,8369.230769,9245.776567,8429.226848,nan,nan,nan,nan,nan,nan,nan
1020750,10,open_reference,0.9207,Pinch,Pinch,2860,3265,3050,2868,2920,2986,2912,7873.684211,13374.698795,9923.444976,7947.188264,8449.361702,9154.553652,8369.230769,nan,nan,nan,nan,nan,nan,nan
1020800,10,open_reference,1.0056,Pinch,Pinch,2853,3243,3080,2875,2939,2997,2921,7810.144928,12941.549296,10317.241379,8012.295082,8644.117647,9280.327869,8459.454855,nan,nan,nan,nan,nan,nan,nan
1020850,10,open_reference,1.0477,Pinch,Pinch,2851,3241,3068,2879,2928,2975,2926,7792.122186,12903.278689,10156.962025,8049.835526,8530.591260,9031.250000,8510.179641,nan,nan,nan,nan,nan,nan,nan
1020900,10,open_reference,1.0691,Pinch,Pinch,2865,3236,3086,2879,2938,2961,2925,7919.512195,12808.381839,10398.810704,8049.835526,8633.707865,8877.777778,8500.000000,nan,nan,nan,nan,nan,nan,nan
1020950,10,open_reference,1.1119,Pinch,Pinch,2862,3317,3101,2874,2948,2984,2930,7891.970803,14495.886889,10607.042254,8002.948403,8738.622493,9131.953195,8551.072961,nan,nan,nan,nan,nan,nan,nan
1021000,10,open_reference,1.1751,Pinch,Pinch,2871,3286,3116,2870,2964,2970,2921,7975.000000,13810.135970,10821.654750,7965.714286,8910.344828,8976.000000,8459.454855,nan,nan,nan,nan,nan,nan,nan
1021050,10,open_reference,1.2170,Pinch,Pinch,2889,3222,3123,2870,2958,2978,2907,8144.776119,12548.453608,10924.074074,7965.714286,8845.382586,9064.637422,8319.696970,nan,nan,nan,nan,nan,nan,nan
1021100,10,open_reference,1.2589,Pinch,Pinch,2919,3264,3077,2860,2961,2973,2913,8439.285714,13354.512635,10276.817289,7873.684211,8877.777778,9009.090909,8379.187817,nan,nan,nan,nan,nan,nan,nan
1021150,10,open_reference,1.3219,Pinch,Pinch,2901,3245,3097,2878,2948,2983,2927,8260.804020,12980.000000,10550.901804,8040.427280,8738.622493,9120.683453,8520.376712,nan,nan,nan,nan,nan,nan,nan
1021200,10,open_reference,1.3852,Pinch,Pinch,2905,3223,3097,2875,2943,2967,2915,8300.000000,12566.743119,10550.901804,8012.295082,8685.937500,8943.085106,8399.152542,nan,nan,nan,nan,nan,nan,nan
1021250,10,open_reference,1.4268,Pinch,Pinch,2906,3249,3044,2879,2943,3003,2930,8309.840202,13057.446809,9847.383444,8049.835526,8685.937500,9350.000000,8551.072961,nan,nan,nan,nan,nan,nan,nan
1021300,10,open_reference,1.4901,Pinch,Pinch,2897,3275,3042,2887,2950,3001,2943,8221.869783,13579.268293,9822.222222,8125.662252,8759.825328,9326.691042,8685.937500,nan,nan,nan,nan,nan,nan,nan
1021350,10,open_reference,1.5315,Pinch,Pinch,2903,3199,3043,2895,2951,2996,2928,8280.369128,12139.062500,9834.790875,8202.500000,8770.454545,9268.789809,8530.591260,nan,nan,nan,nan,nan,nan,nan
1021400,10,open_reference,1.5938,Pinch,Pinch,2898,3219,3027,2882,2944,2981,2933,8231.578947,12493.835616,9636.516854,8078.153339,8696.437880,9098.204668,8581.927711,nan,nan,nan,nan,nan,nan,nan
1021450,10,open_reference,1.6360,Pinch,Pinch,2908,3264,3051,2889,2943,2994,2926,8329.570345,13354.512635,9936.206897,8144.776119,8685.937500,9245.776567,8510.179641,nan,nan,nan,nan,nan,nan,nan
1021500,10,open_reference,1.6781,Pinch,Pinch,2916,3263,3028,2883,2928,2975,2913,8409.160305,13334.375000,9648.734770,8087.623762,8530.591260,9031.250000,8379.187817,nan,nan,nan,nan,nan,nan,nan
1021550,10,open_reference,1.7195,Pinch,Pinch,2915,3276,3049,2885,2928,2986,2905,8399.152542,13600.000000,9910.707457,8106.611570,8530.591260,9154.553652,8300.000000,nan,nan,nan,nan,nan,nan,nan
1021600,10,open_reference,1.7813,Pinch,Pinch,2910,3284,3054,2884,2945,2981,2923,8349.367089,13767.694205,9974.639769,8097.109827,8706.956522,9098.204668,8479.692833,nan,nan,nan,nan,nan,nan,nan
1021650,10,open_reference,1.8229,Pinch,Pinch,2910,3265,3045,2892,2939,2981,2923,8349.367089,13374.698795,9860.000000,8173.566085,8644.117647,9098.204668,8479.692833,nan,nan,nan,nan,nan,nan,nan
1021700,10,open_reference,1.8646,Pinch,Pinch,2905,3252,3033,2876,2946,2989,2941,8300.000000,13116.014235,9710.169492,8021.657096,8717.493473,9188.607595,8664.991334,nan,nan,nan,nan,nan,nan,nan
1021750,10,open_reference,1.9280,Pinch,Pinch,2889,3243,3037,2891,2943,2985,2934,8144.776119,12941.549296,9759.735350,8163.953488,8685.937500,9143.243243,8592.248062,nan,nan,nan,nan,nan,nan,nan
1021800,10,open_reference,1.9903,Pinch,Pinch,2895,3241,3027,2887,2927,2973,2926,8202.500000,12903.278689,9636.516854,8125.662252,8520.376712,9009.090909,8510.179641,nan,nan,nan,nan,nan,nan,nan
1021850,10,open_reference,2.0322,Pinch,Pinch,2891,3225,2992,2883,2931,2978,2930,8163.953488,12603.448276,9222.846782,8087.623762,8561.340206,9064.637422,8551.072961,nan,nan,nan,nan,nan,nan,nan
1021900,10,open_reference,2.0738,Pinch,Pinch,2879,3209,2987,2891,2930,2968,2930,8049.835526,12314.446953,9165.884477,8163.953488,8551.072961,8954.037267,8551.072961,nan,nan,nan,nan,nan,nan,nan
1021950,10,open_reference,2.1377,Pinch,Pinch,2882,3218,3002,2883,2921,2964,2922,8078.153339,12475.712657,9338.334858,8087.623762,8459.454855,8910.344828,8469.565217,nan,nan,nan,nan,nan,nan,nan
1022000,10,open_reference,2.1804,Pinch,Pinch,2877,3194,3000,2873,2939,2960,2957,8031.034483,12052.830189,9315.068493,7993.617021,8644.117647,8866.960352,8834.622144,nan,nan,nan,nan,nan,nan,nan
1022050,10,open_reference,2.2221,Pinch,Pinch,2880,3258,3014,2882,2934,2960,2960,8059.259259,13234.408602,9479.740981,8078.153339,8592.248062,8866.960352,8866.960352,nan,nan,nan,nan,nan,nan,nan
1022100,10,open_reference,2.2647,Pinch,Pinch,2875,3241,3010,2890,2931,2961,2943,8012.295082,12903.278689,9432.258065,8154.356846,8561.340206,8877.777778,8685.937500,nan,nan,nan,nan,nan,nan,nan
1022150,10,open_reference,2.3286,Pinch,Pinch,2864,3215,2991,2869,2934,2964,2950,7910.316816,12421.590909,9211.413043,7956.443719,8592.248062,8910.344828,8759.825328,nan,nan,nan,nan,nan,nan,nan
1022200,10,open_reference,2.3709,Pinch,Pinch,2864,3232,3000,2880,2930,2970,2934,7910.316816,12733.256083,9315.068493,8059.259259,8551.072961,8976.000000,8592.248062,nan,nan,nan,nan,nan,nan,nan
1022250,10,open_reference,2.4330,Pinch,Pinch,2865,3235,2992,2876,2914,2949,2933,7919.512195,12789.534884,9222.846782,8021.657096,8389.161727,8749.214660,8581.927711,nan,nan,nan,nan,nan,nan,nan
1022300,10,open_reference,2.4754,Pinch,Pinch,2860,3218,2985,2864,2921,2955,2940,7873.684211,12475.712657,9143.243243,7910.316816,8459.454855,8813.157895,8654.545455,nan,nan,nan,nan,nan,nan,nan
1022350,10,open_reference,2.5174,Pinch,Pinch,2863,3223,2989,2874,2927,2951,2935,7901.136364,12566.743119,9188.607595,8002.948403,8520.376712,8770.454545,8602.586207,nan,nan,nan,nan,nan,nan,nan
1022400,10,open_reference,2.5813,Pinch,Pinch,2863,3242,2983,2866,2928,2947,2928,7901.136364,12922.391559,9120.683453,7928.722539,8530.591260,8728.048780,8530.591260,nan,nan,nan,nan,nan,nan,nan
1022450,10,open_reference,2.6023,Pinch,Pinch,2865,3225,2970,2849,2930,2956,2927,7919.512195,12603.448276,8976.000000,7774.157303,8551.072961,8823.880597,8520.376712,nan,nan,nan,nan,nan,nan,nan
1022500,10,open_reference,2.6860,Pinch,Pinch,2863,3230,2993,2863,2927,2954,2927,7901.136364,12695.953757,9234.301270,7901.136364,8520.376712,8802.453988,8520.376712,nan,nan,nan,nan,nan,nan,nan
1022550,10,open_reference,2.7277,Pinch,Pinch,2867,3244,2993,2858,2915,2939,2913,7937.947883,12960.752056,9234.301270,7855.456750,8399.152542,8644.117647,8379.187817,nan,nan,nan,nan,nan,nan,nan
1022600,10,open_reference,2.7695,Pinch,Pinch,2863,3231,2986,2847,2923,2950,2927,7901.136364,12714.583333,9154.553652,7756.250000,8479.692833,8759.825328,8520.376712,nan,nan,nan,nan,nan,nan,nan
1022650,10,open_reference,2.8328,Pinch,Pinch,2863,3233,2991,2856,2921,2949,2930,7901.136364,12751.972158,9211.413043,7837.288136,8459.454855,8749.214660,8551.072961,nan,nan,nan,nan,nan,nan,nan
1022700,10,open_reference,2.8957,Pinch,Pinch,2862,3229,2992,2857,2907,2940,2927,7891.970803,12677.367206,9222.846782,7846.365105,8319.696970,8654.545455,8520.376712,nan,nan,nan,nan,nan,nan,nan
1022750,10,open_reference,2.9164,Pinch,Pinch,2866,3217,2986,2844,2926,2946,2925,7928.722539,12457.630979,9154.553652,7729.496403,8510.179641,8717.493473,8500.000000,nan,nan,nan,nan,nan,nan,nan
1022800,10,open_reference,2.9799,Pinch,Pinch,2861,3235,3006,2843,2916,2947,2925,7882.820097,12789.534884,9385.123967,7720.607029,8409.160305,8728.048780,8500.000000,nan,nan,nan,nan,nan,nan,nan
1022850,10,open_reference,3.0213,Pinch,Pinch,2865,3207,3013,2844,2905,2934,2917,7919.512195,12279.054054,9467.837338,7729.496403,8300.000000,8592.248062,8419.185059,nan,nan,nan,nan,nan,nan,nan
1022900,10,open_reference,3.0638,Pinch,Pinch,2860,3184,3003,2835,2922,2941,2922,7873.684211,11883.205269,9350.000000,7650.000000,8469.565217,8664.991334,8469.565217,nan,nan,nan,nan,nan,nan,nan
1022950,10,open_reference,3.1275,Pinch,Pinch,2862,3196,3008,2859,2927,2933,2927,7891.970803,12087.208009,9408.647654,7864.563107,8520.376712,8581.927711,8520.376712,nan,nan,nan,nan,nan,nan,nan
1023000,10,open_reference,3.1906,Pinch,Pinch,2863,3187,2998,2854,2918,2923,2897,7901.136364,11933.700441,9291.886964,7819.178082,8429.226848,8479.692833,8221.869783,nan,nan,nan,nan,nan,nan,nan
1023050,10,open_reference,3.2125,Pinch,Pinch,2860,3186,2994,2843,2924,2927,2925,7873.684211,11916.831683,9245.776567,7720.607029,8489.837746,8520.376712,8500.000000,nan,nan,nan,nan,nan,nan,nan
1023100,10,open_reference,3.2738,Pinch,Pinch,2855,3200,2997,2852,2923,2927,2929,7828.225806,12156.424581,9280.327869,7801.126307,8479.692833,8520.376712,8540.823328,nan,nan,nan,nan,nan,nan,nan
1023150,10,open_reference,3.3378,Pinch,Pinch,2859,3197,2989,2853,2916,2909,2920,7864.563107,12104.454343,9188.607595,7810.144928,8409.160305,8339.460371,8449.361702,nan,nan,nan,nan,nan,nan,nan
1023200,10,open_reference,3.3797,Pinch,Pinch,2858,3184,2992,2850,2927,2915,2924,7855.456750,11883.205269,9222.846782,7783.132530,8520.376712,8399.152542,8489.837746,nan,nan,nan,nan,nan,nan,nan
1023250,10,open_reference,3.4213,Pinch,Pinch,2853,3216,2991,2858,2917,2915,2920,7810.144928,12439.590444,9211.413043,7855.456750,8419.185059,8399.152542,8449.361702,nan,nan,nan,nan,nan,nan,nan
1023300,10,open_reference,3.4853,Pinch,Pinch,2861,3228,3004,2855,2907,2909,2912,7882.820097,12658.823529,9361.686526,7828.225806,8319.696970,8339.460371,8369.230769,nan,nan,nan,nan,nan,nan,nan
1023350,10,open_reference,3.5067,Pinch,Pinch,2859,3231,2988,2853,2917,2911,2916,7864.563107,12714.583333,9177.235772,7810.144928,8419.185059,8359.290541,8409.160305,nan,nan,nan,nan,nan,nan,nan
1023400,10,open_reference,3.5913,Pinch,Pinch,2855,3246,2999,2863,2915,2909,2912,7828.225806,12999.293286,9303.467153,7901.136364,8399.152542,8339.460371,8369.230769,nan,nan,nan,nan,nan,nan,nan
1023450,10,open_reference,3.6330,Pinch,Pinch,2862,3233,3002,2863,2898,2897,2891,7891.970803,12751.972158,9338.334858,7901.136364,8231.578947,8221.869783,8163.953488,nan,nan,nan,nan,nan,nan,nan
1023500,10,open_reference,3.6956,Pinch,Pinch,2857,3222,2999,2861,2914,2908,2905,7846.365105,12548.453608,9303.467153,7882.820097,8389.161727,8329.570345,8300.000000,nan,nan,nan,nan,nan,nan,nan
1023550,10,open_reference,3.7170,Pinch,Pinch,2858,3237,3007,2872,2909,2911,2912,7855.456750,12827.272727,9396.875000,7984.300899,8339.460371,8359.290541,8369.230769,nan,nan,nan,nan,nan,nan,nan
1023600,10,open_reference,3.7807,Pinch,Pinch,2862,3225,3005,2869,2897,2905,2907,7891.970803,12603.448276,9373.394495,7956.443719,8221.869783,8300.000000,8319.696970,nan,nan,nan,nan,nan,nan,nan
1023650,10,open_reference,3.8434,Pinch,Pinch,2861,3173,2992,2865,2903,2919,2910,7882.820097,11700.867679,9222.846782,7919.512195,8280.369128,8439.285714,8349.367089,nan,nan,nan,nan,nan,nan,nan
1023700,10,open_reference,3.9056,Pinch,Pinch,2861,3185,3000,2867,2898,2918,2915,7882.820097,11900.000000,9315.068493,7937.947883,8231.578947,8429.226848,8399.152542,nan,nan,nan,nan,nan,nan,nan
1023750,10,open_reference,3.9473,Pinch,Pinch,2863,3172,2995,2869,2886,2913,2905,7901.136364,11684.507042,9257.272727,7956.443719,8116.129032,8379.187817,8300.000000,nan,nan,nan,nan,nan,nan,nan
1023800,10,open_reference,3.9687,Pinch,Pinch,2860,3159,2994,2867,2899,2922,2906,7873.684211,11475.000000,9245.776567,7937.947883,8241.304348,8469.565217,8309.840202,nan,nan,nan,nan,nan,nan,nan
1023900,10,posture_hold,0.0418,Pinch,Pinch,2860,3161,3009,2866,2891,2905,2896,7873.684211,11506.852248,9420.441989,7928.722539,8163.953488,8300.000000,8212.176814,-0.002896,-0.083674,0.018891,0.003491,-0.034931,-0.040388,-0.033862
1023950,10,posture_hold,0.1045,Pinch,Pinch,2860,3139,3012,2862,2900,2915,2903,7873.684211,11163.807531,9455.955679,7891.970803,8251.046025,8399.152542,8280.369128,-0.002896,-0.110992,0.022732,-0.001160,-0.024636,-0.028925,-0.025839
1024000,10,posture_hold,0.1468,Pinch,Pinch,2853,3151,2993,2878,2899,2909,2896,7810.144928,11348.940678,9234.301270,8040.427280,8241.304348,8339.460371,8212.176814,-0.010943,-0.096249,-0.001241,0.017629,-0.025788,-0.035826,-0.033862
1024050,10,posture_hold,0.2095,Pinch,Pinch,2866,3164,2996,2863,2897,2898,2894,7928.722539,11554.887218,9268.789809,7901.136364,8221.869783,8231.578947,8192.839301,0.004074,-0.079849,0.002489,0.000000,-0.028085,-0.048299,-0.036137
1024100,10,posture_hold,0.2517,Pinch,Pinch,2888,3191,2987,2858,2916,2927,2950,8135.211268,12001.548673,9165.884477,7855.456750,8409.160305,8520.376712,8759.825328,0.030223,-0.044280,-0.008641,-0.005781,-0.005945,-0.014909,0.030568
1024150,10,posture_hold,0.3147,Pinch,Pinch,2913,3274,3004,2878,2947,2963,2960,8379.187817,13558.587089,9361.686526,8040.427280,8728.048780,8899.469965,8866.960352,0.061120,0.079712,0.012537,0.017629,0.031751,0.028920,0.043172
1024200,10,posture_hold,0.3357,Pinch,Pinch,2946,3290,3030,2882,2937,2985,2945,8717.493473,13895.652174,9673.239437,8078.153339,8623.316062,9143.243243,8706.956522,0.103962,0.106553,0.046233,0.022404,0.019370,0.057104,0.024348
1024250,10,posture_hold,0.4190,Pinch,Pinch,2951,3281,3005,2873,2988,3018,2962,8770.454545,13704.422604,9373.394495,7993.617021,9177.235772,9527.576602,8888.614298,0.110669,0.091325,0.013803,0.011705,0.084850,0.101539,0.045719
1024300,10,posture_hold,0.4610,Pinch,Pinch,2990,3299,3038,2878,2962,2991,2990,9200.000000,14091.206030,9772.185430,8040.427280,8888.614298,9211.413043,9200.000000,0.165065,0.122126,0.056935,0.017629,0.050731,0.064986,0.082353
1024350,10,posture_hold,0.5026,Pinch,Pinch,3029,3339,3044,2877,2972,3001,3039,9660.975610,15016.666667,9847.383444,8031.034483,8998.040962,9326.691042,9784.659091,0.223442,0.195823,0.065068,0.016440,0.063667,0.078314,0.151136
1024400,10,posture_hold,0.5646,Pinch,Pinch,3026,3398,3044,2892,3002,3026,3082,9624.321796,16575.609756,9847.383444,8173.566085,9338.334858,9624.321796,10344.323791,0.218800,0.319967,0.065068,0.034480,0.103893,0.112724,0.216979
1024450,10,posture_hold,0.5850,Pinch,Pinch,3096,3444,3043,2906,3055,3085,3144,10536.936937,17987.096774,9834.790875,8309.840202,9987.500000,10385.148515,11240.378549,0.334372,0.432368,0.063706,0.051727,0.180632,0.200688,0.322397
1024500,10,posture_hold,0.6678,Pinch,Pinch,3056,3457,3068,2897,3047,3186,3221,10000.384986,18422.884013,10156.962025,8221.869783,9885.305344,11916.831683,12530.205950,0.266424,0.467071,0.098552,0.040593,0.168551,0.377775,0.474142
1024550,10,posture_hold,0.6889,Pinch,Pinch,3121,3460,3110,2926,3057,3165,3183,10894.661191,18525.984252,10735.025381,8510.179641,10013.294798,11570.967742,11866.447368,0.379673,0.475281,0.161073,0.077083,0.183681,0.337788,0.396053
1024600,10,posture_hold,0.7719,Pinch,Pinch,3091,3519,3177,2913,3074,3209,3121,10467.529880,20771.875000,11766.666667,8379.187817,10236.630754,12314.446953,10894.661191,0.325582,0.654128,0.272653,0.060504,0.210082,0.423746,0.281725
1024650,10,posture_hold,0.8132,Pinch,Pinch,3142,3562,3153,2881,3024,3221,3042,11209.653725,22721.951220,11380.254777,8068.698517,9600.000000,12530.205950,9822.222222,0.419563,0.809419,0.230860,0.021207,0.134825,0.448691,0.155556
1024700,10,posture_hold,0.8550,Pinch,Pinch,3138,3562,3154,2892,3056,3259,3036,11148.589342,22721.951220,11395.961743,8173.566085,10000.384986,13254.306220,9747.308782,0.411830,0.809419,0.232559,0.034480,0.182155,0.532408,0.146742
1024750,10,posture_hold,0.9189,Pinch,Pinch,3100,3540,3176,2892,3086,3209,3014,10592.964824,21686.486486,11750.163221,8173.566085,10398.810704,12314.446953,9479.740981,0.341467,0.726961,0.270868,0.034480,0.229253,0.423746,0.115264
1024800,10,posture_hold,0.9606,Pinch,Pinch,3113,3298,3170,2910,3028,3266,3236,10778.207739,14069.259724,11651.891892,8349.367089,9648.734770,13394.933655,12808.381839,0.364926,0.120378,0.260239,0.056730,0.140586,0.548667,0.506868
1024850,10,posture_hold,1.0023,Pinch,Pinch,3134,3431,3172,2871,3050,3249,3133,11088.033299,17568.373494,11684.507042,7975.000000,9923.444976,13057.446809,11072.972973,0.404161,0.399023,0.263767,0.009348,0.173060,0.509648,0.302703
1024900,10,posture_hold,1.0656,Pinch,Pinch,3131,3403,3195,2907,3088,3305,3022,11042.946058,16719.942197,12070.000000,8319.696970,10426.216485,14224.050633,9575.768872,0.398451,0.331460,0.305461,0.052975,0.232493,0.644526,0.126561
1024950,10,posture_hold,1.1083,Pinch,Pinch,3163,3336,3212,2916,3049,3185,2961,11538.841202,14943.873518,12367.836920,8409.160305,9910.707457,11900.000000,8877.777778,0.461250,0.190026,0.337674,0.064298,0.171554,0.375829,0.044444
1025000,10,posture_hold,1.1504,Pinch,Pinch,3150,3350,3177,2889,3066,3174,3017,11333.333333,15288.590604,11766.666667,8144.776119,10130.612245,11717.263844,9515.584416,0.435225,0.217477,0.272653,0.030836,0.197549,0.354702,0.119481
1025050,10,posture_hold,1.1918,Pinch,Pinch,3240,3345,3163,2916,3061,3162,3074,12884.210526,15164.000000,11538.841202,8409.160305,10065.183752,11522.829582,10236.630754,0.631625,0.207556,0.248012,0.064298,0.189815,0.332222,0.204310
1025100,10,posture_hold,1.2755,Pinch,Pinch,3212,3379,3157,2893,3052,3167,3107,12367.836920,16045.530726,11443.283582,8183.194676,9948.993289,11603.232759,10692.105263,0.566232,0.277755,0.237677,0.035698,0.176080,0.341518,0.257895
1025150,10,posture_hold,1.3178,Pinch,Pinch,3223,3331,3130,2888,3061,3187,3096,12566.743119,14823.821990,11027.979275,8135.211268,10065.183752,11933.700441,10536.936937,0.591421,0.180466,0.192759,0.029625,0.189815,0.379725,0.239640
1025200,10,posture_hold,1.3596,Pinch,Pinch,3192,3354,3142,2888,3043,3180,3083,12018.604651,15389.473684,11209.653725,8135.211268,9834.790875,11816.393443,10357.905138,0.522006,0.225511,0.212408,0.029625,0.162580,0.366163,0.218577
1025250,10,posture_hold,1.4012,Pinch,Pinch,3235,3308,3124,2891,3040,3140,3065,12789.534884,14291.232529,10938.825953,8163.953488,9797.156398,11179.057592,10117.475728,0.619635,0.138055,0.183116,0.033263,0.158131,0.292476,0.190291
1025300,10,posture_hold,1.4434,Pinch,Pinch,3238,3385,3106,2896,3061,3153,3026,12846.207701,16209.859155,10677.856421,8212.176814,10065.183752,11380.254777,9624.321796,0.626812,0.290841,0.154890,0.039367,0.189815,0.315738,0.132273
1025350,10,posture_hold,1.5054,Pinch,Pinch,3198,3282,3135,2901,3031,3151,3014,12121.739130,13725.461255,11103.125000,8260.804020,9685.526316,11348.940678,9479.740981,0.535067,0.093000,0.200886,0.045521,0.144935,0.312118,0.115264
1025400,10,posture_hold,1.5682,Pinch,Pinch,3208,3372,3199,2945,3071,3152,3012,12296.730552,15857.261411,12139.062500,8706.956522,10196.679688,11364.581124,9455.955679,0.557228,0.262762,0.312931,0.101988,0.205359,0.313926,0.112465
1025450,10,posture_hold,1.5887,Pinch,Pinch,3214,3336,3152,2951,3098,3170,3005,12403.632236,14943.873518,11364.581124,8770.454545,10564.894684,11651.891892,9373.394495,0.570765,0.190026,0.229165,0.110024,0.248886,0.347144,0.102752
1025500,10,posture_hold,1.6520,Pinch,Pinch,3156,3313,3175,2960,3085,3182,3009,11427.476038,14404.347826,11733.695652,8866.960352,10385.148515,11849.726177,9420.441989,0.447147,0.147062,0.269087,0.122239,0.227638,0.370016,0.108287
1025550,10,posture_hold,1.6939,Pinch,Pinch,3161,3299,3126,2950,3086,3185,2996,11506.852248,14091.206030,10968.421053,8759.825328,10398.810704,11900.000000,9268.789809,0.457199,0.122126,0.186317,0.108679,0.229253,0.375829,0.090446
1025600,10,posture_hold,1.7578,Pinch,Pinch,3148,3338,3121,2944,3073,3144,2975,11302.217529,14992.338177,10894.661191,8696.437880,10223.287671,11240.378549,9031.250000,0.431285,0.193886,0.178339,0.100657,0.208504,0.299566,0.062500
1025650,10,posture_hold,1.7998,Pinch,Pinch,3126,3383,3147,2948,3052,3145,2987,10968.421053,16154.775281,11286.708861,8738.622493,9948.993289,11255.789474,9165.884477,0.389014,0.286454,0.220742,0.105996,0.176080,0.301348,0.078339
1025700,10,posture_hold,1.8633,Pinch,Pinch,3138,3308,3168,2936,3045,3149,2970,11148.589342,14291.232529,11619.417476,8612.942192,9860.000000,11317.758985,8976.000000,0.411830,0.138055,0.256727,0.090089,0.165560,0.308513,0.056000
1025750,10,posture_hold,1.9057,Pinch,Pinch,3126,3325,3138,2937,3051,3131,2941,10968.421053,14681.818182,11148.589342,8623.316062,9936.206897,11042.946058,8664.991334,0.389014,0.169158,0.205803,0.091402,0.174568,0.276740,0.019411
1025800,10,posture_hold,1.9477,Pinch,Pinch,3141,3360,3140,2951,3026,3105,2960,11194.339623,15542.857143,11179.057592,8770.454545,9624.321796,10663.636364,8866.960352,0.417623,0.237725,0.209099,0.110024,0.137700,0.232886,0.043172
1025850,10,posture_hold,2.0110,Pinch,Pinch,3152,3357,3132,2953,3047,3091,2954,11364.581124,15465.853659,11057.943925,8791.768827,9885.305344,10467.529880,8802.453988,0.439182,0.231593,0.195999,0.112722,0.168551,0.210213,0.035583
1025900,10,posture_hold,2.0957,Pinch,Pinch,3110,3312,3121,2939,3034,3104,2950,10735.025381,14381.609195,10894.661191,8644.117647,9722.525919,10649.445005,8759.825328,0.359457,0.145252,0.178339,0.094035,0.149309,0.231245,0.030568
1025950,10,posture_hold,2.1371,Pinch,Pinch,3139,3295,3115,2942,3021,3115,2939,11163.807531,14003.750000,10807.142857,8675.455334,9563.687151,10807.142857,8644.117647,0.413757,0.115161,0.168873,0.098001,0.130532,0.249477,0.016955
1026000,10,posture_hold,2.1373,Pinch,Pinch,3130,3305,3075,2951,3010,3086,2930,11027.979275,14224.050633,10250.000000,8770.454545,9432.258065,10398.810704,8551.072961,0.396556,0.132705,0.108614,0.110024,0.114996,0.202268,0.006009
1026050,10,posture_hold,2.2203,Pinch,Pinch,3142,3286,3094,2937,3015,3089,2928,11209.653725,13810.135970,10509.090909,8623.316062,9491.666667,10439.960239,8530.591260,0.419563,0.099743,0.136637,0.091402,0.122019,0.207025,0.003599
1026100,10,posture_hold,2.2414,Pinch,Pinch,3138,3316,3093,2937,3033,3084,2934,11148.589342,14472.913992,10495.209581,8623.316062,9710.169492,10371.513353,8592.248062,0.411830,0.152522,0.135136,0.091402,0.147848,0.199112,0.010853
1026150,10,posture_hold,2.3048,Pinch,Pinch,3119,3355,3086,2950,3028,3061,2926,10865.368852,15414.864865,10398.810704,8759.825328,9648.734770,10065.183752,8510.179641,0.375963,0.227533,0.124709,0.108679,0.140586,0.163695,0.001198
1026200,10,posture_hold,2.3467,Pinch,Pinch,3128,3327,3079,2932,3024,3064,2950,10998.138573,14728.906250,10303.740157,8571.625107,9600.000000,10104.364694,8759.825328,0.392777,0.172908,0.114427,0.084860,0.134825,0.168225,0.030568
1026250,10,posture_hold,2.4309,Pinch,Pinch,3140,3299,3100,2949,3023,3048,2943,11179.057592,14091.206030,10592.964824,8749.214660,9587.873134,9897.994269,8685.937500,0.415688,0.122126,0.145709,0.107336,0.133391,0.144365,0.021875
1026300,10,posture_hold,2.4732,Pinch,Pinch,3139,3328,3071,2937,3004,3035,2949,11163.807531,14752.542373,10196.679688,8623.316062,9361.686526,9734.905660,8749.214660,0.413757,0.174790,0.102847,0.091402,0.106654,0.125510,0.029319
1026350,10,posture_hold,2.4940,Pinch,Pinch,3145,3231,3086,2942,3023,3045,2960,11255.789474,12714.583333,10398.810704,8675.455334,9587.873134,9860.000000,8866.960352,0.425405,0.012501,0.124709,0.098001,0.133391,0.139972,0.043172
1026400,10,posture_hold,2.5564,Pinch,Pinch,3094,3252,3092,2942,3022,3068,2954,10509.090909,13116.014235,10481.355932,8675.455334,9575.768872,10156.962025,8802.453988,0.330845,0.044468,0.133637,0.098001,0.131961,0.174306,0.035583
1026450,10,posture_hold,2.5980,Pinch,Pinch,3126,3300,3075,2933,3013,3057,2955,10968.421053,14113.207547,10250.000000,8581.927711,9467.837338,10013.294798,8813.157895,0.389014,0.123878,0.108614,0.086164,0.119202,0.157696,0.036842
1026500,10,posture_hold,2.6395,Pinch,Pinch,3151,3281,3082,2927,3020,3041,2946,11348.940678,13704.422604,10344.323791,8520.376712,9551.627907,9809.677419,8717.493473,0.437202,0.091325,0.118816,0.078374,0.129107,0.134154,0.025587
1026550,10,posture_hold,2.7031,Pinch,Pinch,3113,3236,3089,2934,3022,3050,2943,10778.207739,12808.381839,10439.960239,8592.248062,9575.768872,9923.444976,8685.937500,0.364926,0.019971,0.129160,0.087470,0.131961,0.147308,0.021875
1026600,10,posture_hold,2.7660,Pinch,Pinch,3104,3264,3068,2928,3004,3035,2944,10649.445005,13354.512635,10156.962025,8530.591260,9361.686526,9734.905660,8696.437880,0.348619,0.063461,0.098552,0.079666,0.106654,0.125510,0.023110
1026650,10,posture_hold,2.8086,Pinch,Pinch,3109,3288,3051,2909,3009,3023,2943,10720.689655,13852.788104,9936.206897,8339.460371,9420.441989,9587.873134,8685.937500,0.357642,0.103140,0.074675,0.055476,0.113599,0.108510,0.021875
1026700,10,posture_hold,2.8504,Pinch,Pinch,3085,3258,3072,2923,3008,3043,2952,10385.148515,13234.408602,10209.970674,8479.692833,9408.647654,9834.790875,8781.102362,0.315150,0.053896,0.104285,0.073224,0.112205,0.137058,0.033071
1026750,10,posture_hold,2.8935,Pinch,Pinch,3089,3264,3041,2900,2979,3034,2945,10439.960239,13354.512635,9809.677419,8251.046025,9075.806452,9722.525919,8706.956522,0.322091,0.063461,0.060990,0.044286,0.072859,0.124078,0.024348
1026800,10,posture_hold,2.9558,Pinch,Pinch,3090,3307,3024,2908,3014,3032,2946,10453.731343,14268.781726,9600.000000,8329.570345,9479.740981,9697.836312,8717.493473,0.323835,0.136267,0.038312,0.054224,0.120609,0.121224,0.025587
1026850,10,posture_hold,2.9975,Pinch,Pinch,3087,3328,3049,2914,3024,3009,2948,10412.500000,14752.542373,9910.707457,8389.161727,9600.000000,9420.441989,8738.622493,0.318613,0.174790,0.071917,0.061766,0.134825,0.089153,0.028073
1026900,10,posture_hold,3.0404,Pinch,Pinch,3103,3313,3083,2930,2978,2995,2958,10635.282258,14404.347826,10357.905138,8551.072961,9064.637422,9257.272727,8845.382586,0.346826,0.147062,0.120285,0.082259,0.071539,0.070288,0.040633
1026950,10,posture_hold,3.0835,Pinch,Pinch,3092,3261,3079,2921,2998,3008,2954,10481.355932,13294.244604,10303.740157,8459.454855,9291.886964,9408.647654,8802.453988,0.327333,0.058661,0.114427,0.070663,0.098403,0.087789,0.035583
1027000,10,posture_hold,3.1475,Pinch,Pinch,3087,3280,3094,2921,3004,3013,2954,10412.500000,13683.435583,10509.090909,8459.454855,9361.686526,9467.837338,8802.453988,0.318613,0.089654,0.136637,0.070663,0.106654,0.094632,0.035583
1027050,10,posture_hold,3.2112,Pinch,Pinch,3093,3282,3101,2926,2988,2989,2939,10495.209581,13725.461255,10607.042254,8510.179641,9177.235772,9188.607595,8644.117647,0.329087,0.093000,0.147231,0.077083,0.084850,0.062349,0.016955
1027100,10,posture_hold,3.2528,Pinch,Pinch,3118,3283,3077,2920,2991,2997,2950,10850.767656,13746.551724,10276.817289,8449.361702,9211.413043,9280.327869,8759.825328,0.374114,0.094680,0.111515,0.069386,0.088890,0.072953,0.030568
1027150,10,posture_hold,3.3155,Pinch,Pinch,3070,3267,3101,2946,3003,2980,2959,10183.414634,13415.217391,10607.042254,8717.493473,9350.000000,9086.995516,8856.161972,0.289602,0.068295,0.147231,0.103321,0.105272,0.050601,0.041901
1027200,10,posture_hold,3.3583,Pinch,Pinch,3085,3283,3063,2925,2995,2963,2949,10385.148515,13746.551724,10091.279070,8500.000000,9257.272727,8899.469965,8749.214660,0.315150,0.094680,0.091447,0.075795,0.094311,0.028920,0.029319
1027250,10,posture_hold,3.4207,Pinch,Pinch,3056,3282,3068,2918,2999,2962,2955,10000.384986,13725.461255,10156.962025,8429.226848,9303.467153,8888.614298,8813.157895,0.266424,0.093000,0.098552,0.066837,0.099771,0.027665,0.036842
1027300,10,posture_hold,3.4412,Pinch,Pinch,3040,3241,3105,2927,2994,2952,2941,9797.156398,12903.278689,10663.636364,8520.376712,9245.776567,8781.102362,8664.991334,0.240688,0.027528,0.153352,0.078374,0.092952,0.015235,0.019411
1027350,10,posture_hold,3.5252,Pinch,Pinch,3045,3262,3089,2917,3006,2942,2927,9860.000000,13314.285714,10439.960239,8419.185059,9385.123967,8675.455334,8520.376712,0.248646,0.060257,0.129160,0.065566,0.109424,0.003020,0.002397
1027400,10,posture_hold,3.5668,Pinch,Pinch,3056,3268,3069,2902,2992,2951,2944,10000.384986,13435.550181,10170.175439,8270.578374,9222.846782,8770.454545,8696.437880,0.266424,0.069914,0.099981,0.046758,0.090241,0.014004,0.023110
1027450,10,posture_hold,3.6090,Pinch,Pinch,3055,3244,3068,2912,3008,2955,2938,9987.500000,12960.752056,10156.962025,8369.230769,9408.647654,8813.157895,8633.707865,0.264792,0.032104,0.098552,0.059244,0.112205,0.018941,0.015730
1027500,10,posture_hold,3.6719,Pinch,Pinch,3057,3233,3055,2906,2985,2952,2933,10013.294798,12751.972158,9987.500000,8309.840202,9143.243243,8781.102362,8581.927711,0.268059,0.015479,0.080223,0.051727,0.080831,0.015235,0.009639
1027550,10,posture_hold,3.6929,Pinch,Pinch,3068,3211,3052,2897,2998,2973,2960,10156.962025,12350.000000,9948.993289,8221.869783,9291.886964,9009.090909,8866.960352,0.286253,-0.016532,0.076058,0.040593,0.098403,0.041594,0.043172
1027600,10,posture_hold,3.7346,Pinch,Pinch,3029,3186,3088,2903,2993,2989,2961,9660.975610,11916.831683,10426.216485,8280.369128,9234.301270,9188.607595,8877.777778,0.223442,-0.051026,0.127673,0.047997,0.091595,0.062349,0.044444
1027650,10,posture_hold,3.7976,Pinch,Pinch,3009,3219,3065,2914,2966,2973,2952,9420.441989,12493.835616,10117.475728,8389.161727,8932.152347,9009.090909,8781.102362,0.192981,-0.005078,0.094281,0.061766,0.055878,0.041594,0.033071
1027700,10,posture_hold,3.8601,Pinch,Pinch,3033,3253,3055,2902,2974,2975,2944,9710.169492,13135.629454,9987.500000,8270.578374,9020.160571,9031.250000,8696.437880,0.229672,0.046030,0.080223,0.046758,0.066282,0.044156,0.023110
1027750,10,posture_hold,3.9028,Pinch,Pinch,3010,3225,3058,2896,2975,2952,2955,9432.258065,12603.448276,10026.229508,8212.176814,9031.250000,8781.102362,8813.157895,0.194478,0.003651,0.084412,0.039367,0.067592,0.015235,0.036842
1027800,10,posture_hold,3.9653,Pinch,Pinch,3031,3233,3067,2915,2969,2938,2945,9685.526316,12751.972158,10143.774319,8399.152542,8965.008881,8633.707865,8706.956522,0.226551,0.015479,0.097125,0.063031,0.059762,-0.001806,0.024348
1027850,10,posture_hold,4.0075,Pinch,Pinch,3025,3222,3088,2906,2976,2945,2942,9612.149533,12548.453608,10426.216485,8309.840202,9042.359249,8706.956522,8675.455334,0.217259,-0.000728,0.127673,0.051727,0.068906,0.006662,0.020642
1027900,10,posture_hold,4.0493,Pinch,Pinch,3023,3231,3083,2927,2991,2943,2953,9587.873134,12714.583333,10357.905138,8520.376712,9211.413043,8685.937500,8791.768827,0.214185,0.012501,0.120285,0.078374,0.088890,0.004232,0.034326
1027950,10,posture_hold,4.1132,Pinch,Pinch,3025,3213,3075,2908,2970,2935,2941,9612.149533,12385.714286,10250.000000,8329.570345,8976.000000,8602.586207,8664.991334,0.217259,-0.013688,0.108614,0.054224,0.061061,-0.005405,0.019411
1028000,10,posture_hold,4.1545,Pinch,Pinch,3042,3222,3055,2893,2981,2959,2951,9822.222222,12548.453608,9987.500000,8183.194676,9098.204668,8856.161972,8770.454545,0.243862,-0.000728,0.080223,0.035698,0.075507,0.023913,0.031818
1028050,10,posture_hold,4.2179,Pinch,Pinch,3041,3280,3055,2899,2972,2928,2949,9809.677419,13683.435583,9987.500000,8241.304348,8998.040962,8530.591260,8749.214660,0.242273,0.089654,0.080223,0.043053,0.063667,-0.013728,0.029319
1028100,10,posture_hold,4.2599,Pinch,Pinch,3069,3297,3040,2904,2969,2911,2927,10170.175439,14047.368421,9797.156398,8290.176322,8965.008881,8359.290541,8520.376712,0.287926,0.118635,0.059636,0.049238,0.059762,-0.033533,0.002397
1028150,10,posture_hold,4.3020,Pinch,Pinch,3078,3297,3023,2898,2970,2927,2937,10290.265487,14047.368421,9587.873134,8231.578947,8976.000000,8520.376712,8623.316062,0.303134,0.118635,0.037000,0.041822,0.061061,-0.014909,0.014508
1028200,10,posture_hold,4.3652,Pinch,Pinch,3070,3301,3039,2903,2970,2923,2943,10183.414634,14135.264484,9784.659091,8280.369128,8976.000000,8479.692833,8685.937500,0.289602,0.125634,0.058284,0.047997,0.061061,-0.019613,0.021875
1028250,10,posture_hold,4.4070,Pinch,Pinch,3068,3255,3021,2896,2979,2908,2925,10156.962025,13175.000000,9563.687151,8212.176814,9075.806452,8329.570345,8500.000000,0.286253,0.049166,0.034384,0.039367,0.072859,-0.036969,0.000000
1028300,10,posture_hold,4.4691,Pinch,Pinch,3046,3277,3022,2903,3004,2913,2928,9872.640610,13620.782396,9575.768872,8280.369128,9361.686526,8379.187817,8530.591260,0.250247,0.084665,0.035691,0.047997,0.106654,-0.031233,0.003599
1028350,10,posture_hold,4.5108,Pinch,Pinch,3042,3246,3024,2904,3000,2914,2931,9822.222222,12999.293286,9600.000000,8290.176322,9315.068493,8389.161727,8561.340206,0.243862,0.035174,0.038312,0.049238,0.101143,-0.030080,0.007216
1028400,10,posture_hold,4.5740,Pinch,Pinch,3041,3261,3015,2913,2993,2906,2924,9809.677419,13294.244604,9491.666667,8379.187817,9234.301270,8309.840202,8489.837746,0.242273,0.058661,0.026595,0.060504,0.091595,-0.039251,-0.001196
1028450,10,posture_hold,4.6158,Pinch,Pinch,3038,3250,3014,2904,2998,2910,2930,9772.185430,13076.923077,9479.740981,8290.176322,9291.886964,8349.367089,8551.072961,0.237525,0.041355,0.025305,0.049238,0.098403,-0.034681,0.006009
1028500,10,posture_hold,4.6572,Pinch,Pinch,3019,3243,3025,2913,3002,2914,2931,9539.591078,12941.549296,9612.149533,8379.187817,9338.334858,8389.161727,8561.340206,0.208070,0.030575,0.039626,0.060504,0.103893,-0.030080,0.007216
1028550,10,posture_hold,4.6775,Pinch,Pinch,3043,3213,3022,2907,2991,2894,2916,9834.790875,12385.714286,9575.768872,8319.696970,9211.413043,8192.839301,8409.160305,0.245454,-0.013688,0.035691,0.052975,0.088890,-0.052778,-0.010687
1028600,10,posture_hold,4.7617,Pinch,Pinch,3045,3223,3023,2896,2979,2908,2923,9860.000000,12566.743119,9587.873134,8212.176814,9075.806452,8329.570345,8479.692833,0.248646,0.000728,0.037000,0.039367,0.072859,-0.036969,-0.002389
1028650,10,posture_hold,4.8042,Pinch,Pinch,3036,3195,3040,2917,2983,2913,2926,9747.308782,12070.000000,9797.156398,8419.185059,9120.683453,8379.187817,8510.179641,0.234375,-0.038829,0.059636,0.065566,0.078164,-0.031233,0.001198
1028700,10,posture_hold,4.8675,Pinch,Pinch,3041,3203,3062,2911,2976,2913,2920,9809.677419,12208.744395,10078.218780,8359.290541,9042.359249,8379.187817,8449.361702,0.242273,-0.027780,0.090035,0.057986,0.068906,-0.031233,-0.005957
1028750,10,posture_hold,4.8894,Pinch,Pinch,3041,3261,3049,2902,2982,2948,2920,9809.677419,13294.244604,9910.707457,8270.578374,9109.433962,8738.622493,8449.361702,0.242273,0.058661,0.071917,0.046758,0.076835,0.010323,-0.005957
1028800,10,posture_hold,4.9517,Pinch,Pinch,3030,3190,3065,2917,2979,2942,2927,9673.239437,11984.530387,10117.475728,8419.185059,9075.806452,8675.455334,8520.376712,0.224995,-0.045635,0.094281,0.065566,0.072859,0.003020,0.002397
1028850,10,posture_hold,4.9931,Pinch,Pinch,3055,3212,3087,2918,2966,2913,2914,9987.500000,12367.836920,10412.500000,8429.226848,8932.152347,8379.187817,8389.161727,0.264792,-0.015111,0.126190,0.066837,0.055878,-0.031233,-0.013040
